0 1 3702999.6470791576
0 6 4177256.2996133887
0 7 1257978.8530813023
0 8 80095.62545014378
0 10 3042881.925039023
0 11 10796606.573204039
0 14 6884897.097495534
0 18 4015434.2291619405
0 21 161324.49212074408
0 24 10822398.276635276
0 26 2376065.4086919785
0 31 3345727.7242710264
0 32 6061108.60005003
0 35 7280480.4674008945
0 37 961565.2185077285
0 38 2914507.4334234754
0 40 15832807.680481898
0 42 287505.66118083266
0 46 7102461.226013969
0 49 2792642.089761216
0 51 266314.6289369
0 54 6803792.453472631
0 56 757134.9933185604
0 58 824684.4187740107
0 64 439858.7257623196
0 65 3607686.901523117
0 66 12874009.961731799
0 67 9596541.627070727
0 69 3178186.8985428084
0 70 10358019.350939702
0 72 6641715.853845943
0 73 112073.03829339023
0 74 2446270.9804217163
0 75 1683033.3286817656
0 76 2816422.275416523
0 77 4090221.2314019655
0 79 12356603.78105654
0 80 5500603.716981354
0 84 6699699.84984995
0 87 167779.51231241695
0 90 594663.6148150115
0 91 36852.16392795115
0 94 599887.2754086795
0 95 3338048.7862789975
0 97 2216124.7279693144
0 100 5647980.334577218
0 101 5004827.516728541
0 102 7076433.870586931
0 105 2500756.1479109675
0 106 4223490.745870344
0 109 1815835.2474181608
0 110 5412179.7686004015
0 112 13639168.907040076
0 114 5130317.528215705
0 115 7785118.364082286
0 116 99185.8427683503
0 117 2080934.26618703
0 118 4169915.711724621
0 122 1488461.1958577293
0 125 3502644.7218901454
0 126 2902389.5905505056
0 129 2549713.480368573
0 130 2458065.956612171
0 131 4897977.816653792
0 133 18995198.42058036
0 135 1907448.359547892
0 137 1836406.5615861255
0 138 961122.3274387557
0 141 10856249.522700666
0 142 1149253.92464483
0 143 745168.1670688473
0 145 1888039.396570724
0 149 2513771.995419551
0 152 770052.8010385665
0 153 8110987.81241114
0 154 1329392.7059448159
0 157 2564973.471353045
0 160 315820.45186007686
1 0 18601555.913053434
1 6 235836855.0242099
1 7 876559859.6113975
1 11 106469536.22403085
1 12 3461004.369107124
1 14 556788306.3020625
1 18 4679550.599857651
1 19 124993284.47157998
1 21 280453326.56483316
1 22 3046982.926484469
1 23 1346927.523178918
1 24 11950570.086404895
1 26 67434580.64287564
1 30 311510814.4001337
1 32 163267043.93042856
1 37 112677142.4224318
1 38 57165918.471548356
1 40 333444709.6485061
1 44 16622462.036139434
1 49 126819515.60632776
1 50 20418399.304162573
1 51 147392149.41270137
1 54 416670934.36857384
1 55 2832985.7505633347
1 56 441035223.2894769
1 59 5496998.986953229
1 64 117546281.58411695
1 65 838430596.905883
1 67 291732980.75699246
1 68 460039097.9621987
1 69 232999316.29615405
1 70 171867551.92561913
1 72 104437369.36293726
1 73 91501.55350540778
1 74 40169107.644449726
1 75 6523232.202851564
1 79 72115113.22494787
1 80 278293366.343532
1 84 13018097.694784395
1 87 22965078.62594682
1 89 389774286.6258417
1 98 2103184.0632503787
1 100 5257537.340384447
1 101 22658453.27500248
1 102 68164327.80078368
1 105 8856505.01471539
1 106 310600550.60539526
1 107 146671150.31121325
1 109 49084181.17119951
1 112 3637933.3431654093
1 113 331798061.68791175
1 114 625031891.070524
1 115 176108384.33893403
1 116 132743387.1536474
1 117 1389792972.8537114
1 118 40243015.93035246
1 121 1859516.971728464
1 125 289115007.34893346
1 126 11768019.53132524
1 129 572769645.4560622
1 130 40095050.511404954
1 131 55375082.44638992
1 133 177732228.0901294
1 135 22445695.856056426
1 137 38516772.04615563
1 138 470146055.0516403
1 141 15850279.423320029
1 142 108645995.1083634
1 143 5673593.409659826
1 146 47696089.710110724
1 147 341814515.0341337
1 149 3860535.2728378843
1 152 851095124.2833536
1 153 153430954.12625104
1 154 555969869.3037298
1 157 1164723.6308072219
1 160 7577210.273080031
2 1 150140282.17424756
2 6 126449365.00665466
2 7 87257042.79540335
2 8 14567015.148143042
2 11 6222698.073636067
2 14 113827204.75825956
2 19 91630381.86569385
2 26 469291709.9915127
2 30 31841606.034570877
2 31 593366465.4261209
2 32 35798335.62121374
2 38 90006539.05858986
2 40 167105662.77872598
2 49 103022843.11111438
2 51 103314217.90263508
2 54 192086435.44375792
2 55 27712848.617930386
2 56 399773668.93670434
2 65 417680374.0718124
2 67 1082677087.5814252
2 68 299301691.0912782
2 69 101221438.32574421
2 70 295517588.673994
2 72 74736039.27775148
2 74 110250482.56759034
2 76 62240439.021471575
2 79 249456302.9794026
2 83 18978879.193255167
2 84 22487994.117442425
2 89 59559014.75334538
2 98 1762546.5798589096
2 101 238055409.31892893
2 105 3596961.971969561
2 106 81922409.34885947
2 113 166450056.09351215
2 115 217314662.9680187
2 116 48166050.17639156
2 117 159041613.1225503
2 121 3971254.7765998337
2 126 7347061.201342005
2 130 29140240.683708325
2 131 62310873.67433811
2 133 157035461.84534785
2 135 19520426.298858993
2 137 144550878.3813018
2 138 300240151.1588576
2 141 5166928.686530706
2 142 91669794.99824297
2 147 305308219.66873425
2 150 79941681.94893853
2 152 243695121.16082203
2 154 167411505.16264385
2 157 108385900.90292545
3 1 329710.6638263948
3 6 800157.4134686438
3 7 5012327.550985322
3 11 1568419.044150706
3 14 411225.88644741866
3 15 3605086.701304222
3 16 1334579.227193967
3 26 5628068.999958431
3 32 4892946.474306426
3 40 1801829.737417427
3 44 1337428.371644949
3 49 1133401.5155464823
3 51 1359955.8998382904
3 52 3435902.6229304126
3 54 1042496.054894244
3 55 685712.2509736313
3 56 1052224.5439839554
3 57 2793206.211399088
3 61 1085368.2334916524
3 64 13039374.775921475
3 65 9235759.274002634
3 67 794506.8760730822
3 68 66485.40046322867
3 70 5758166.68537314
3 72 7966120.462229765
3 74 1668380.4542792186
3 76 4260129.930909717
3 77 3179757.0585838445
3 79 555981.0427499533
3 84 494543.25553049386
3 87 465205.0060387892
3 89 976140.6618433644
3 93 546974.9566438462
3 100 1223721.0203760394
3 101 3272107.648084168
3 103 1250982.9715305457
3 105 3462321.7048638533
3 106 971530.0686541069
3 112 3223127.200522299
3 113 1960176.6165807773
3 114 53258.300010424355
3 115 3471944.1997892
3 117 2862908.347685118
3 122 100288.6823328696
3 129 1380036.5252716271
3 130 947844.5687770783
3 131 287101.2679392228
3 133 901974.9492387463
3 136 1362156.858525969
3 138 2282053.866400795
3 142 5544248.002907921
3 147 468385.49530443526
3 152 2695220.5601872117
3 154 1997689.7637341896
3 160 597825.3747180554
4 0 5939125.753868433
4 1 6346101.754338448
4 3 503485.6577779636
4 5 17035246.89658788
4 6 1557316199.7025683
4 7 2030553579.1407576
4 8 596878.8278861998
4 9 88301453.51484595
4 10 45899280.88347405
4 11 65572042.695146695
4 12 12621213.520118441
4 13 276302486.76958364
4 14 128465675.88170347
4 16 4523668.288545857
4 18 16660258.350630566
4 19 1105699768.7873943
4 21 89755328.51069927
4 22 21311855.638521533
4 23 917159.8723236691
4 26 124513437.2783134
4 27 2080121.6607738507
4 28 749894.8033635631
4 30 129371529.86277586
4 31 1377870040.6570127
4 32 59914252.51003481
4 33 1741088.373138919
4 35 21538506.078801773
4 36 88047131.52662708
4 37 47806208.33495313
4 38 26820642.533525143
4 40 669939720.5798544
4 42 569167.6169725384
4 44 70595488.88310347
4 46 43919102.119805366
4 49 254805655.60072932
4 50 1017822.9705712217
4 51 1076187287.5942254
4 52 37524423.706650965
4 53 1208250.0819471485
4 54 333120791.1769332
4 55 26829478.84570522
4 56 289447049.32540184
4 57 4494417.570820748
4 58 16477304.673182182
4 59 11711012.684993532
4 61 4696082.518876318
4 63 5358510.146152596
4 64 98117217.05597556
4 65 35492545.5255237
4 66 15290836.324772948
4 67 392306324.1316113
4 68 54231601.40526693
4 69 149817610.5432544
4 70 1796738439.8676853
4 71 188991789.47977912
4 72 2031161256.3461223
4 73 27576482.74476713
4 74 306222036.2826457
4 75 5541453.446328826
4 76 7362523.861141338
4 77 17755011.312089074
4 79 110679362.87843972
4 80 637885247.7018589
4 83 16357957.885595644
4 84 28327043.79858437
4 86 234460234.91526917
4 87 3388233.253357689
4 89 346264572.92371565
4 90 8575466.208487159
4 91 13843994.0085512
4 93 52218113.20312713
4 94 243409526.0642335
4 95 17418137.61961833
4 96 4488862.361410858
4 97 34020271.569658354
4 98 1405609.9218609256
4 100 3203812.1251813727
4 101 14531630.728835454
4 102 111288395.84316187
4 103 15486194.9120068
4 104 2542149.114310607
4 105 135368868.65876663
4 106 43481779.35294518
4 107 518296.7350478028
4 110 11283825.814793356
4 111 14714502.359750828
4 112 19019375.764064264
4 113 49041456.03994003
4 114 1420934551.3992705
4 115 508861299.0685246
4 116 23873867.08622017
4 117 276259723.03789806
4 118 558524402.048142
4 120 12089433.366790297
4 121 643757.0460925252
4 122 420066.72725040006
4 125 251343404.23622724
4 126 7313635.144275055
4 129 1333282141.8331351
4 130 247752913.00605798
4 131 97297821.45357054
4 133 3377025871.729161
4 135 70533084.4872008
4 136 4140796.4983748165
4 137 681485067.2454796
4 138 30814290.415980067
4 141 6532414.550024035
4 142 1223099585.1777644
4 143 542225.9726758418
4 145 2751107.191316736
4 146 131446406.34103078
4 147 179226746.2296581
4 149 7720164.558717704
4 152 2771044603.100308
4 153 35653271.68178491
4 154 124485720.80788931
4 156 814459.1587602628
4 157 364603716.8559107
4 160 5680863.935475414
5 4 6807778.676367512
5 6 2007789.302288078
5 7 2262855.332788926
5 9 5377436.049386163
5 10 262334.72245001624
5 13 7574848.275264982
5 14 8936050.293418441
5 16 2513572.695565691
5 18 16254218.7566122
5 19 1407052.2225102186
5 21 16043573.266442759
5 26 1374228.3554591
5 32 2031349.7700694252
5 38 13724620.604522305
5 40 17690345.441474836
5 42 1020280.4313724109
5 44 1206383.6979077326
5 51 3639189.9503395585
5 54 80370.08457138509
5 56 2326147.216759781
5 61 291856.8481225846
5 65 5152182.531200377
5 67 7137898.361086859
5 68 2993935.5064283744
5 70 1893824.7467439095
5 72 5529277.234446223
5 73 3100537.1552721323
5 74 13044626.613844564
5 76 1488914.5313873247
5 77 1589164.6353751388
5 79 2789851.6393533708
5 80 2291299.260086593
5 83 4636731.2609109115
5 89 2086632.926485519
5 93 12350938.175354123
5 94 3766235.270269133
5 95 39981.3266732147
5 97 3490325.8401018265
5 101 1768573.760729654
5 113 2677110.612168226
5 115 10471239.434014473
5 117 4654923.454123557
5 118 2141513.190987135
5 120 1459990.5247227636
5 125 14051481.29485518
5 129 5033041.426386832
5 130 3387457.2914896687
5 131 5334816.731676624
5 133 9925925.177674867
5 136 4418992.546122902
5 137 3127854.6115704007
5 138 2977792.9775542463
5 142 5359279.487251046
5 145 1969164.9219312065
5 146 3086356.254485058
5 147 5262570.576733223
5 150 12560946.217003506
5 152 1533176.3824348284
5 154 94392.89871577575
6 0 24433674.94472516
6 1 630376633.980583
6 3 3396710.005788852
6 4 138455020.51735306
6 5 5204304.793692248
6 7 91531150.71920927
6 8 1706567.0234520922
6 9 52729759.854653746
6 10 100221716.1122725
6 11 230543221.79613703
6 12 7423420.3372097
6 13 21820731.53251374
6 14 151745923.1269179
6 15 9656914.332319824
6 16 10036295.582015298
6 18 2840755.590766183
6 19 36296479.96667222
6 21 120597001.77579534
6 22 1536197.6950765867
6 23 100184.47262252461
6 24 3009395.491935613
6 26 1808070838.735681
6 27 6414.10020477499
6 28 209192.449752822
6 30 301252049.7740834
6 31 302953289.33328205
6 32 22348797.583290506
6 33 1451292.9056002903
6 35 227872687.98989838
6 36 17257213.08962263
6 37 47819351.906848304
6 38 61058165.20226344
6 40 402849685.8393418
6 42 1055675.9084700656
6 44 21377975.211740993
6 46 9834167.32586208
6 49 428456801.3642408
6 50 4132025.745637376
6 51 523015915.5286788
6 52 3486381.9314849544
6 53 3432625.989092121
6 54 126635856.39525895
6 55 37989257.34513801
6 56 68304230.43285407
6 57 1148755.4835778275
6 58 37145329.97507312
6 59 1260869.292271309
6 61 20349795.243292205
6 63 37634637.322272494
6 64 4570513372.745866
6 65 515106113.5536855
6 66 170343.36354001184
6 67 491503399.8098931
6 68 492822676.4483153
6 69 73775574.6635697
6 70 1442688053.4750628
6 71 273189042.19614106
6 72 8586658942.043688
6 73 132626380.1928625
6 74 126550639.43349773
6 75 60077133.94043916
6 76 14626805.39566739
6 77 18511670.803322483
6 79 386429677.798764
6 80 136420331.86301616
6 83 27935574.573558707
6 84 31330816.458035458
6 86 139896721.12625057
6 89 309554493.3685028
6 91 707626.9522308772
6 93 26315326.274427086
6 94 1889724337.8875055
6 95 15477924.100331996
6 97 216459448.7268827
6 98 4150918.33174429
6 100 6877431.124772502
6 101 1960036803.1903508
6 102 287623170.75279766
6 103 69052016.17404534
6 104 3439218.758849025
6 105 19767383.188756082
6 106 703843190.6270303
6 107 137572181.88609645
6 109 12352150.94908816
6 110 5343945.519138397
6 111 27011342.884763367
6 112 16573326.010120181
6 113 433679310.1022211
6 114 591922114.4081506
6 115 768791807.9594845
6 116 65933948.310202084
6 117 14847764.210908292
6 118 1512928962.5622394
6 120 4306615.165638921
6 121 12961711.840677885
6 122 2970715.6913220226
6 125 1160127959.8953202
6 126 8056318.378337555
6 129 7961626737.749025
6 130 32889017.59320203
6 131 7751328.59417322
6 133 106441423.85437588
6 135 11578417.84826649
6 136 1141770.2931344586
6 137 1309958254.6247735
6 138 46835536.35827839
6 141 1904567.3781452149
6 142 137847621.53410658
6 143 222659.17669936895
6 145 33385069.531388626
6 146 44423813.98300253
6 147 2876881511.2813687
6 148 17652029.770591315
6 149 30176050.576759104
6 150 274586983.39191294
6 152 676116600.323028
6 153 3133800.1733313436
6 154 6126995514.333602
6 157 499483243.52410555
6 160 3376160.3432234526
7 0 90507365.56426984
7 1 35195677.29537104
7 3 12976353.725962922
7 4 145925797.1481799
7 5 4892632.015818078
7 6 1506075736.600927
7 8 14230182.6908457
7 9 158420962.2733445
7 10 247780202.06199208
7 11 123130033.4774286
7 12 35242479.6949641
7 13 307818882.84861034
7 14 649171684.6604755
7 15 32405744.137879934
7 16 21793556.974213157
7 18 13623453.836392537
7 19 690365045.0860201
7 21 78416503.73465183
7 22 30401077.136787888
7 23 525478.7521120193
7 24 46520010.77085722
7 26 489783837.1056984
7 27 3344883.038533574
7 28 797540.2512838643
7 30 60092902.557729974
7 31 686781231.6639273
7 32 180964801.80023715
7 35 92085943.8860833
7 36 5231367.195197382
7 37 51310752.4821717
7 38 89869838.54365985
7 40 738054748.7966115
7 42 2555405.7923474987
7 44 57764594.56697296
7 46 23229880.041910958
7 49 320849749.6582965
7 50 12909395.218718598
7 51 802107121.696251
7 52 2776652.6787670422
7 53 3684443.632232457
7 54 9238331666.79402
7 55 7430398.183579342
7 56 334732564.2512516
7 57 1651322.8337979992
7 58 129882272.77212265
7 59 829460.5595491839
7 61 14750879.537108025
7 63 17743574.004383847
7 64 51120073.34657689
7 65 24752340.10243364
7 66 28834046.390136328
7 67 804450276.875417
7 68 529113988.9885235
7 69 143263800.0252049
7 70 692375525.041962
7 71 164858708.84738794
7 72 1110538403.6466825
7 73 25259630.357154306
7 74 1830987027.8980281
7 75 63536996.035207845
7 76 79363543.00003667
7 77 46827251.35390727
7 79 1654152467.5412536
7 80 124034763.01646776
7 83 120532474.09871523
7 84 160800086.34032518
7 86 55001318.97213937
7 87 27492098.461193696
7 89 1999567510.140071
7 90 6486475.740501122
7 91 32096443.331385694
7 93 19490724.37536377
7 94 2071220728.7805364
7 95 13541213.874194425
7 96 23093877.179769658
7 97 658624589.3412193
7 98 5848919.761554013
7 100 33425346.368838295
7 101 1167976330.097641
7 102 988464790.3800505
7 103 9548170.543480942
7 104 6239226.479981991
7 105 30218681.37172411
7 106 872082820.8611209
7 107 24129238.971573837
7 109 54470003.32772233
7 110 24133734.466723204
7 112 230401966.14309436
7 113 480168361.61429805
7 114 1780069754.2541752
7 115 85252819.09177943
7 116 43637493.337190256
7 117 76694873.6320589
7 118 544568711.8246323
7 120 553096.8855729799
7 121 5583296.29445682
7 122 4376823.487092036
7 125 1685719994.805568
7 126 33636118.13281145
7 129 356795992.51785445
7 130 260813477.46889815
7 131 147334886.63271442
7 133 1009910434.8893441
7 135 9965036.11441994
7 136 4262881.558266776
7 137 461123675.05073076
7 138 3552306271.4332614
7 141 7516307.657381418
7 142 2382191882.4661965
7 143 373606.3115377093
7 145 68116811.94026798
7 146 140973614.05595052
7 147 2645051450.232931
7 148 11817405.05615446
7 149 19108605.00099631
7 150 212185635.3481043
7 152 31101000.27565125
7 153 19976774.805729654
7 154 2496135732.713848
7 156 727211.8182988549
7 157 406863482.458512
7 160 4376743.788001565
8 1 43615353.87688501
8 3 5246273.678920774
8 4 31983004.607169703
8 6 19739881.802558698
8 7 136146665.676041
8 14 35737499.25881692
8 19 14810815.660479438
8 21 895248.5441582333
8 26 19625632.80119857
8 27 6482903.600651911
8 31 19508957.141122714
8 35 2596506.684595098
8 36 14611611.197719526
8 40 12790232.510337215
8 44 32426144.290656213
8 49 369672.2733620412
8 50 10265554.756359365
8 51 4545103.062255733
8 54 16142302.266756823
8 56 87682917.34852287
8 64 30342013.56218571
8 65 44291.64520842088
8 66 2573351.987141233
8 67 16662756.078133944
8 68 3762834.3074929994
8 70 49297249.98647609
8 72 10469155.375914883
8 74 29370102.41040678
8 79 25664526.753355157
8 87 1579837.990597036
8 89 43769987.031129226
8 93 1196533.1861109892
8 94 6073908.148517383
8 97 2118975.0645560934
8 101 4290805.483787566
8 102 45185100.47601398
8 106 2225521.21496947
8 107 39121214.50078258
8 109 12611926.729636587
8 112 17407715.059843626
8 113 2433579.9946427383
8 114 17525164.28515445
8 115 10494110.776685873
8 117 5624373.500311767
8 118 24865627.524089925
8 120 311232.9262919534
8 125 116498910.18040201
8 129 14594137.729532756
8 131 42110313.304300144
8 133 14158231.589664083
8 135 11033480.47811888
8 137 8646428.89871495
8 138 22912628.674670003
8 142 18384187.835313663
8 145 2764470.6016951622
8 146 2057546.4463746278
8 147 40239921.88288378
8 148 448794.9667134031
8 149 24758714.652746726
8 150 26612751.986443713
8 152 36667619.6661748
8 153 61888373.08607466
8 154 55301352.18938363
9 0 5407378.193111457
9 1 15881797.940746246
9 3 2125959.7976228837
9 4 15722761.070052607
9 5 7867325.669835573
9 6 11337971.66937356
9 7 12737451.992303537
9 8 9365.690331343867
9 10 4351032.318386535
9 11 6800854.368334684
9 13 5076307.603725324
9 14 7036171.276859466
9 15 1706710.644749072
9 16 4647665.016135795
9 18 22892534.77908683
9 19 3494688.8315378916
9 21 1012215.7723265908
9 22 2066446.2597464577
9 23 763736.8438864382
9 24 7548105.224374788
9 26 4934948.368289103
9 30 1846394.7726736963
9 31 2198873.193914497
9 32 21669384.70073014
9 35 8858001.574083848
9 36 19903412.70511986
9 37 2740753.701944497
9 38 2759853.9267292623
9 40 894613.6572331009
9 44 5433680.991774244
9 46 2451779.1416881345
9 49 13825194.050175773
9 50 2374983.405826674
9 51 32490163.73026254
9 52 1486324.2008312147
9 53 4205746.808158578
9 54 12212032.176675983
9 55 2518302.2337552756
9 56 2128751.8552974504
9 57 350292.5149026487
9 58 6316109.855254906
9 59 604099.8296133629
9 61 3754956.254388869
9 63 2701919.202158483
9 64 16219320.794323584
9 65 67546.2703809301
9 66 3798373.305486573
9 68 2185787.5924006533
9 70 21027222.110066254
9 71 2270969.7001316324
9 72 11112976.36967148
9 73 13185392.922368301
9 74 10283839.104386216
9 75 10283880.547420172
9 76 3967182.590000859
9 77 2461857.3570753825
9 79 26494993.745812465
9 80 19105717.317555837
9 84 3025012.3405148597
9 86 5088898.33923372
9 87 2076201.0226717202
9 89 15721216.524645135
9 91 6799065.873211317
9 93 5493603.324354169
9 94 25303816.18244012
9 95 860531.7373875357
9 97 1076947.8312693653
9 98 2797893.9885374154
9 101 22039822.31459046
9 102 1684154.512994915
9 103 343916.50556793355
9 105 19252197.524947356
9 106 26756625.836821385
9 107 20888525.378034405
9 110 14205810.923814595
9 111 17591866.651783716
9 112 1969300.8121657555
9 113 656584.2721728564
9 114 18562499.858721018
9 115 14215481.46526097
9 116 7551668.284596796
9 117 5660953.266055809
9 118 3879861.473120692
9 120 1893825.4961637573
9 122 2941995.0124076046
9 125 8333894.174782792
9 126 10599143.970387299
9 129 13429717.842947947
9 130 11022367.646868931
9 131 10156134.278095873
9 133 15713090.23565635
9 135 18764961.159752816
9 137 8117417.182365699
9 138 1601460.6698600538
9 141 7951834.56114674
9 142 9611886.47627908
9 143 826087.8018744915
9 145 1941107.8694449053
9 146 17167875.805812202
9 149 562282.3640956036
9 150 31128470.00281311
9 152 47549997.64657986
9 153 6969733.422982509
9 154 11378897.996389488
9 157 23150451.98387777
9 160 2235119.592360235
10 0 707194.5796364635
10 1 31351147.244900916
10 3 14623893.007351592
10 4 10109418.147792622
10 6 13378786.975687826
10 7 12662934.613322577
10 8 1669941.322368849
10 11 24903243.957546894
10 12 7929177.015620611
10 13 50065046.97085895
10 14 57222517.04857402
10 19 26574676.92576174
10 21 23150077.723985095
10 24 40054656.21849665
10 26 9963242.909581676
10 27 3049550.5250850394
10 30 36014834.51394622
10 31 227431409.1790706
10 32 205332628.5840778
10 35 32879849.96241901
10 36 1722215.1686409537
10 37 8793089.156991245
10 40 148441808.38976687
10 44 64847839.835987754
10 46 32027271.70634023
10 49 25667353.292463794
10 51 58828097.87698517
10 52 5630357.296351823
10 54 13326865.499858517
10 55 2992820.6769880145
10 56 1878890.4212094608
10 57 664441.8842768732
10 59 5437455.4698171215
10 61 426317.2899705348
10 64 39585425.21791828
10 65 52663061.34511184
10 67 16672293.586059146
10 68 52545471.78561685
10 70 40907008.87486031
10 72 26500025.41240092
10 74 96963873.93416278
10 79 97209114.02349652
10 80 12078834.060080215
10 83 37800354.75135204
10 84 75110157.43255033
10 86 44919072.212529525
10 87 7598748.532441081
10 89 32713473.406373512
10 91 8007740.305861482
10 93 84364235.4640244
10 94 55723860.111712426
10 95 267497.1142707107
10 97 67394671.3793692
10 101 16239960.362017298
10 102 21668716.629402738
10 105 55066716.578846134
10 106 7490031.583545444
10 107 32241040.697900012
10 110 13505368.051539142
10 111 5424693.89779489
10 113 4605602.63554058
10 114 51376345.87460495
10 115 18825999.95908211
10 116 39424071.51422781
10 117 4960348.567697354
10 118 54090150.20266287
10 125 83923592.43612248
10 129 45697809.66718187
10 131 69017127.68826613
10 133 19663025.647086617
10 135 34139050.81467383
10 137 104743570.11806542
10 138 22657801.19518165
10 142 82453136.10487238
10 145 22806907.17478297
10 146 10067555.964556672
10 147 63933428.274135694
10 149 6028168.97799676
10 152 4527868.087718185
10 153 44120247.723742716
10 154 22485151.680186294
10 160 5165350.011049095
11 0 6280810.447634122
11 1 30249784.85790418
11 3 583154.5793936813
11 4 35115482.91406191
11 6 201809179.81459567
11 7 80609623.66400385
11 8 48720322.097682066
11 10 20875030.348113213
11 12 7326546.550489268
11 13 13558214.575966666
11 14 44456442.07249965
11 16 2788177.378136087
11 18 52360346.41962485
11 19 36169401.51831155
11 21 183041877.87582877
11 22 6832372.886546896
11 24 19997018.311817143
11 26 73741480.52505234
11 27 2001633.2043923673
11 30 7951147.04769749
11 31 34624353.51614444
11 32 3607468.376477637
11 33 401526.93782743224
11 35 57054591.96107868
11 36 35058146.8686225
11 37 58847617.03155576
11 38 37997922.040238895
11 40 116265658.98428507
11 44 11964466.643487256
11 46 21282045.812436417
11 49 457749601.98425025
11 50 716956.461034654
11 51 40079792.52029731
11 52 12108453.050669758
11 53 2524147.0140958237
11 54 1584487.8775737989
11 55 114521448.94870646
11 56 143114204.7465139
11 58 18321084.837629423
11 59 3005541.0542899193
11 61 2790757.8278091475
11 63 42299424.190028064
11 64 383829500.5431778
11 65 17857078.947434086
11 66 3990779.0915066404
11 70 310708518.88475794
11 71 89370212.41902103
11 72 103429235.30684611
11 74 125553223.8291079
11 75 71918540.23978636
11 76 19020729.91604243
11 77 42425747.02755157
11 79 127055822.42424087
11 80 111170226.0913342
11 83 86886621.18101989
11 86 51044479.43425334
11 87 4351048.007839257
11 89 202560908.39369646
11 90 28769307.218438223
11 91 4205458.68068486
11 93 14361452.483863203
11 94 54528986.82502635
11 95 93612.10672092748
11 96 3812025.089715948
11 97 21889329.53468447
11 98 3612103.254150902
11 100 14063973.688395493
11 101 81798504.41944146
11 102 64742373.67766482
11 103 6372542.929686723
11 104 9369710.050585166
11 105 514634.7749165346
11 106 195753169.5489001
11 107 25659696.537020434
11 109 18941925.706219666
11 110 33227514.521283086
11 111 18404951.99255858
11 112 19962982.882867597
11 114 38920682.634688966
11 115 102767593.24553388
11 116 121778991.72450757
11 117 27244480.24296308
11 118 187555618.93643218
11 120 3034728.2781150136
11 121 1893093.6652885906
11 122 753907.5648158778
11 125 71905915.19590098
11 126 539236.6278881584
11 129 183761535.1355682
11 130 62305407.97126169
11 131 60345964.22192872
11 133 268851968.6108714
11 135 22355889.71235368
11 136 19145693.172224816
11 137 24205498.615045656
11 138 484764435.6341982
11 141 24274619.374849062
11 142 66149542.91825809
11 145 2113887.1552581894
11 146 137689397.39923158
11 147 166215953.0294369
11 149 1589363.2644731067
11 150 112382762.69325295
11 152 158049387.85231817
11 153 26900605.6021831
11 154 74540773.85121316
11 157 15517355.236374727
11 160 15542820.54241673
12 4 2090659.5455128015
12 6 2488566.781721168
12 7 1415204.3645944805
12 10 1678972.607126749
12 14 421403.6628854281
12 15 3402275.4012110615
12 16 521686.3093013007
12 18 648986.8421162611
12 22 230537.75987897426
12 24 5771884.12940089
12 26 2952804.966156967
12 30 780641.0325261537
12 31 340281.8611036852
12 32 182147.71482675188
12 35 1455425.6018844126
12 37 1225106.4841551865
12 38 13591310.081007997
12 40 563637.8138078706
12 44 248089.31467564788
12 46 132007.3165372526
12 49 15781401.539143609
12 51 7185842.981538154
12 52 1942633.167976662
12 54 3409023.0525071896
12 56 2051967.090684643
12 61 5202410.629934858
12 64 458221.5519337128
12 65 2371720.2474035057
12 67 6431086.777790627
12 70 2310948.485123308
12 71 2248071.7510321215
12 74 1109798.3154366352
12 75 3595339.313300404
12 76 5910888.344533092
12 79 2568072.1056566495
12 80 5590259.503218478
12 84 5894918.581859646
12 87 4397845.370572284
12 89 371694.17796537944
12 91 412397.17886528315
12 94 1139923.54149254
12 95 140244.33751734355
12 101 613367.0364370102
12 102 1413230.4668438726
12 103 1531737.644098753
12 105 3472655.714182247
12 106 12065634.905389704
12 107 2106294.145025768
12 110 1583475.1073430625
12 112 96881.03340646182
12 113 4555521.388793271
12 114 2904090.635214237
12 115 1773198.6041872525
12 116 1032100.5911864277
12 118 11132863.868054373
12 122 866303.1788904646
12 125 4489489.228631473
12 129 136797.6021618258
12 130 235982.60830812147
12 131 1640926.0647332524
12 133 4426428.051715647
12 137 381981.557953225
12 138 1414047.663043852
12 142 2345284.6752941622
12 145 6074716.921677572
12 146 455119.969972317
12 147 425123.0021694748
12 149 1255211.035577524
12 150 3924933.3471270376
12 152 8730145.362961303
12 154 1802067.9106008008
12 160 7434427.291817623
13 0 1193379.9199008422
13 1 39676243.03183726
13 4 130626489.10989265
13 6 342149487.9100993
13 7 406194700.77974653
13 10 144764826.52007964
13 11 84645365.76284115
13 12 26490205.240472224
13 14 167687147.83450782
13 15 14757370.133414732
13 16 3806158.969970826
13 19 300963390.8116767
13 21 10155766.381891564
13 22 4512737.271669409
13 26 213148250.40010583
13 30 161989040.17788014
13 31 567995620.5076962
13 32 76324722.61960141
13 36 52784762.750959545
13 40 17081418.458825186
13 44 61976498.86575508
13 49 44733439.58407241
13 50 5021799.228375585
13 51 82308172.43316147
13 54 137217908.7202248
13 55 6259273.351299326
13 56 53492522.849089116
13 58 112536146.24844785
13 59 9534879.997675382
13 61 19538600.55154391
13 64 107776222.92024122
13 65 286972582.71997553
13 67 134162922.17230211
13 70 55127508.341945335
13 72 183711070.769095
13 74 144488169.70786723
13 77 46953477.06498888
13 79 42525811.63165272
13 80 100731212.78058565
13 84 13375092.07752083
13 87 1389740.377871
13 89 754775478.7169584
13 94 12118329.785924098
13 97 48210605.178123586
13 98 5571071.157001235
13 100 27207614.23024764
13 101 162463353.97151312
13 103 14376631.400457367
13 104 772665.242880806
13 105 15708256.783395136
13 106 96242464.50563395
13 109 79317692.87807876
13 110 3283860.422138249
13 111 12155547.751633575
13 112 28564310.109923337
13 113 125941618.97430761
13 114 149361515.91222912
13 115 158711881.80780843
13 117 7908808.149396641
13 118 132400734.16101119
13 125 50578894.110252775
13 126 1771861.4621488075
13 129 143683331.98850945
13 130 2150391.5093401475
13 131 2176446.4519093363
13 133 182161968.9872478
13 135 29164772.602590825
13 136 13278654.656821972
13 137 35457225.8441073
13 138 65969160.23666299
13 141 11187255.609535372
13 142 151101916.16096622
13 145 35509978.2326416
13 146 22693526.938734762
13 147 125582995.05023612
13 149 3170041.589535942
13 152 29184752.757917758
13 153 37476962.993733235
13 154 84757412.59577963
13 157 6058247.774212382
13 160 7933887.604781101
14 0 47866035.239478156
14 1 69320529.99823451
14 3 5702933.537659057
14 5 10953470.231333515
14 6 1030880882.3367987
14 7 388560932.45355326
14 8 1355398.741352108
14 9 44902862.398589976
14 10 9888003.255331304
14 11 72213327.06670174
14 12 51872906.06748545
14 13 117705574.89645505
14 15 358866.254676175
14 16 12111946.166947106
14 18 12032321.020689836
14 19 22297512.889825195
14 21 6534605.153967105
14 22 12637688.254749624
14 23 5651755.708925979
14 24 2649097.685802722
14 26 35120437.047060475
14 27 1915127.3379273687
14 28 294203.8579247314
14 30 244179882.42806748
14 31 2489492679.558004
14 32 179989674.91091156
14 33 757569.5939852048
14 35 7941771.008624157
14 36 92911844.47220217
14 37 309337750.3370329
14 38 1544394.2773325136
14 40 27522951.07597344
14 42 448560.127782345
14 44 92164797.90488136
14 46 20149877.44138016
14 49 55540871.867843255
14 50 3159892.7184213176
14 51 190691590.15349457
14 52 17080560.970755707
14 53 657461.9357362174
14 54 106802888.2581117
14 55 66878245.217549436
14 56 114509325.39754465
14 57 1798168.1091792262
14 58 10284704.514660526
14 59 10954638.271685658
14 61 4749380.608651955
14 63 17409136.473232973
14 64 656145064.497596
14 65 700338678.4986213
14 66 17081821.44653393
14 67 564461717.8055657
14 68 374798192.19014716
14 69 214011561.74399924
14 70 308819594.2316673
14 71 348166.85521796835
14 72 939929873.991751
14 73 5770155.268394848
14 74 694417868.5601829
14 75 11365436.010179143
14 76 91788641.70413361
14 77 43487396.609855525
14 79 363447182.5475807
14 80 34699320.80679607
14 83 63672397.13254497
14 84 45475213.81448964
14 87 20536282.39069154
14 89 925872279.8847636
14 90 2712782.022922704
14 91 1591813.5082432232
14 93 9929666.254622314
14 94 4276996941.129711
14 95 4698624.511175219
14 96 6296107.025442277
14 97 33319191.642538786
14 98 6427523.95538933
14 100 79699997.74150127
14 101 579502669.5863849
14 102 71459953.05679283
14 103 805739.3132785055
14 104 6150112.5115241455
14 105 57757865.320293866
14 106 19952807.505218923
14 107 58106486.56952433
14 109 18143728.7952294
14 110 15927696.708485408
14 111 99570281.2422262
14 112 397354043.27347445
14 113 233395030.47036895
14 114 261661007.69657525
14 115 314615469.9421128
14 116 16962112.34676493
14 117 63571832.34482477
14 118 278603872.58375376
14 120 3828652.1205719537
14 121 1542333.5120382058
14 122 1560642.161818408
14 124 632392.8551808279
14 125 30363066.167257637
14 126 3767168.7303390387
14 129 234928228.33610138
14 130 54684323.32814633
14 131 293622020.6905543
14 133 831657824.1767932
14 135 1460139.799065465
14 136 18642716.237959124
14 137 77463800.50081912
14 138 509438525.35822654
14 141 180430.93343715888
14 142 202105965.10672262
14 143 2784388.629527142
14 145 16196362.84968796
14 146 213963660.1953505
14 147 101620220.92830862
14 148 60539577.093155086
14 149 6280817.966287868
14 150 31595240.648289394
14 152 1768652181.7236183
14 153 44702871.26424532
14 154 117024806.9572451
14 156 2700076.2251236737
14 157 53475304.56967126
14 160 18772960.723338697
15 1 1468561.5211467685
15 4 12601355.267422654
15 6 13201040.267239133
15 7 10267804.337680252
15 11 15256995.632860491
15 14 5530522.642447661
15 16 3286371.129494704
15 19 1639483.5963105925
15 21 12538491.872506766
15 26 3586074.36602109
15 30 179369.241270791
15 31 9263329.703030014
15 32 981479.7789151471
15 35 3656847.7691332633
15 38 10132665.7437661
15 40 17158847.1484922
15 44 411115.2237607231
15 49 7652809.2750267945
15 51 918111.1215490098
15 53 730409.9450263567
15 54 3650462.1547494056
15 55 1201090.1356958393
15 56 3560154.8068870693
15 57 1652471.7799714361
15 59 3353947.3261121605
15 64 224935.74282741876
15 65 6695754.4586167475
15 66 987850.9572491504
15 68 7602874.151948729
15 70 13232039.618963333
15 71 44110.861450337405
15 72 436300.90532143746
15 73 1624968.861617905
15 74 3075512.7911665877
15 79 10160753.764710397
15 80 6410189.331358168
15 83 19756395.519743368
15 84 2543575.15573615
15 87 116377.13649353034
15 93 2084780.737968605
15 94 1719014.0627269472
15 97 3744275.558398284
15 98 495955.73262255616
15 101 6148411.987373829
15 102 376208.05784765264
15 105 1850190.9428116942
15 106 2973179.659385535
15 107 493938.56533329084
15 109 9977580.042997826
15 112 363415.2659623669
15 113 2081969.1777532506
15 115 1696176.4334001106
15 117 1725525.2170422226
15 118 997614.7631924262
15 121 156785.59342167218
15 125 3568549.8510216237
15 126 59590.40706730813
15 129 6993350.294714962
15 130 1310860.673041092
15 131 8831236.214548215
15 133 636273.0540479143
15 137 807520.9931839459
15 138 1842738.724104433
15 141 439525.4032488333
15 142 174388.7113146212
15 143 2851620.9365606443
15 145 932711.9543616591
15 147 2094812.1407464938
15 149 272887.955810991
15 150 5466719.41953261
15 152 225550.54458622992
15 153 78639.00443492053
15 154 5521352.414733647
15 160 1657722.7947210823
16 0 3520883.787679517
16 4 19267391.380435884
16 6 30118897.35810057
16 7 5836794.511514282
16 10 14373490.570283368
16 11 5156836.892289747
16 13 3086082.3194757616
16 14 9330031.557819592
16 19 4438214.033228271
16 26 4187671.8822590476
16 31 18772368.632756017
16 32 4350417.644755605
16 35 10883254.484163199
16 36 10694545.497707948
16 37 7755248.231494304
16 38 35649923.36173202
16 49 2301971.33430885
16 51 10954408.135217553
16 54 559562.3433805011
16 56 3302496.4480897076
16 64 12017079.30332796
16 65 2463656.8258664343
16 67 17105.09034030013
16 70 1428960.162442455
16 72 29538905.583016213
16 74 162875.47678947067
16 76 10803165.019001449
16 79 1006037.0591174122
16 89 18734384.652107593
16 94 6938898.923882329
16 97 321446.63227262784
16 101 8941856.964942103
16 104 6117436.048563819
16 106 343947.9722105621
16 107 1203678.6561564992
16 112 1849248.983150629
16 113 10862316.904031763
16 114 6104089.779425642
16 115 6668381.13183682
16 117 3411951.1064652395
16 118 887327.1783014358
16 125 4656872.687191869
16 129 3000207.630814239
16 131 7136037.992625983
16 133 15147439.383504504
16 135 1916034.356966905
16 138 4561026.444954605
16 141 2440295.8114962466
16 142 20514877.85239701
16 146 3472584.926350717
16 147 4491445.150017818
16 152 11330333.412694842
16 154 10358581.657004423
16 160 1464244.7025904397
17 6 379160.0908651031
17 7 1524500.7759394646
17 11 1615442.0684226374
17 14 2373610.5306303184
17 26 57354.61971765033
17 31 743157.6187305327
17 44 132363.48122927413
17 49 1674753.878789191
17 51 23248.444293519387
17 54 646385.8432112375
17 70 174953.19893255702
17 72 383979.18159391376
17 74 240172.08761574188
17 79 1235776.5992056218
17 94 621668.3541229015
17 97 390833.27769358107
17 106 2669749.6338542425
17 117 483202.0823124499
17 129 1181783.1149510017
17 130 717105.8498955629
17 131 882069.7276500687
17 133 461665.7576053242
17 138 252538.26159674893
17 142 32178.177600026196
17 152 1431792.551783766
17 154 185669.95201472798
18 1 7631295.188976187
18 4 96760402.04171453
18 5 28113662.2310674
18 6 3030064.28297068
18 7 20719475.723480444
18 10 5130598.891408792
18 11 11841489.030335102
18 12 3041682.8123270036
18 14 535936.6978870718
18 16 1330576.2696923541
18 19 43993260.62768192
18 21 8146510.243958155
18 22 7689730.650225045
18 26 21367271.070558604
18 30 27774663.736223172
18 31 6963720.905930601
18 32 9619755.592295332
18 35 21831267.93420551
18 36 1440371.1144494817
18 37 50093381.31454723
18 38 15935719.846997604
18 40 36673061.336269975
18 49 5819482.349070701
18 51 7044665.406378016
18 54 19379742.414000273
18 55 3476054.027174041
18 56 20278204.2850892
18 61 6093684.1276964145
18 63 12464000.767259829
18 64 7383905.22859792
18 65 19697952.746983282
18 67 1731823.6475458513
18 71 1573739.8821667654
18 72 3052088.321266937
18 74 24268522.42880724
18 75 4592622.776446923
18 76 18926981.88052911
18 79 22214579.075252697
18 80 4133597.949917003
18 83 10247198.930262817
18 86 30799430.14953298
18 89 9191438.037154209
18 94 32034040.510971054
18 97 3734750.136933112
18 100 13717968.08224098
18 101 12370704.526889373
18 102 17912436.81394724
18 105 2254844.9672080865
18 106 1390291.728986445
18 110 220543.01486153938
18 111 23309117.1647016
18 115 9783410.707500197
18 116 11273986.665403113
18 117 12066472.708212191
18 118 1059059.7700693
18 120 374061.31887004804
18 121 1105824.6451166312
18 125 653198.9344983844
18 126 4594320.440325226
18 129 10225503.473539328
18 130 1582284.2981491482
18 131 17169720.021378446
18 133 10348501.620370906
18 135 3240413.603706696
18 137 6743720.108390099
18 138 28054340.428260546
18 142 11488639.96946796
18 143 71103.49384220272
18 146 9368375.45236774
18 147 9277356.07517486
18 152 34246907.968643695
18 153 11913416.684108851
18 154 16248755.290755296
19 0 3125902.769959837
19 1 228224141.89517537
19 4 1962614275.469586
19 5 37896344.15085038
19 6 733951341.2784206
19 7 618045977.0689604
19 8 6930556.586139169
19 9 20947295.77171026
19 10 23751819.804006096
19 12 13858408.213008467
19 13 7974807.016170669
19 14 1348183327.705246
19 15 38801.12115755093
19 16 7768648.353936626
19 18 13322771.839912627
19 21 63522573.48601398
19 22 6279029.200305936
19 24 16501306.577149557
19 26 1431538966.504305
19 27 7259968.417888895
19 30 128703091.47955689
19 31 4528707562.74943
19 32 88395879.08997284
19 35 48445779.13094614
19 36 36126224.74164051
19 37 46933959.53788338
19 38 123410066.0385792
19 40 1395061033.788651
19 42 1112928.9739621906
19 46 79159762.26608056
19 49 497314915.44311225
19 50 5913008.778210734
19 51 136239439.92647737
19 52 22004071.207308
19 53 21135.3632143131
19 54 3253639771.371938
19 55 54560861.7503928
19 56 997166733.6971167
19 57 1410414.9114017906
19 58 101335310.60440803
19 59 735791.3024192548
19 61 6784174.7314137155
19 63 16435199.618321506
19 64 1917583382.9823883
19 65 1304807015.224315
19 66 4266802.096868746
19 67 1785805618.7969282
19 68 492357393.5869983
19 69 240235338.40696943
19 70 3538724930.366396
19 71 1035781761.983886
19 72 1250694188.1569223
19 73 6828659.396986992
19 74 40998360.81092289
19 75 104210838.52429007
19 76 138371784.03928834
19 77 23818606.290296387
19 79 8639532659.613068
19 80 216611532.6545047
19 83 93155904.47892727
19 84 18153149.961034145
19 86 83179964.42211549
19 87 19254441.083142016
19 89 339465079.12447405
19 90 3027345.117799828
19 91 946988.8274319777
19 93 11845830.541334057
19 94 1057156787.0514115
19 95 16055065.068974901
19 96 6994166.4726328505
19 97 336351104.04383135
19 98 9703011.909739684
19 100 21994836.660190213
19 101 748343245.2689537
19 102 355110421.934479
19 103 29080058.452544004
19 104 2829533.8701079576
19 105 84945692.89280814
19 106 1177970668.5102274
19 107 25832126.093711488
19 109 58174630.687260345
19 110 6583508.092489322
19 112 18854916.55049164
19 113 91670774.46449018
19 114 2518190.2596586673
19 115 3222148263.7990775
19 116 54408570.255992435
19 117 1843944.6570660558
19 118 604915608.6026185
19 120 2078585.8977187255
19 121 1389839.3809879494
19 122 5560885.637633018
19 125 2023489587.9261932
19 126 9101186.328496337
19 129 44637317.42539435
19 130 205217685.90940943
19 131 403955316.9551103
19 133 201771082.97642365
19 135 30678390.678096384
19 136 596663.2123447475
19 137 231557776.62279505
19 138 96341684.27401356
19 141 15345241.993999895
19 142 799584458.7816123
19 143 2644601.791768351
19 145 4988468.400166169
19 146 147438892.18995833
19 147 2007209464.4902072
19 148 40791064.46703775
19 149 2890613.3831174094
19 150 254351759.7970006
19 152 5402521521.099793
19 153 21501581.6492972
19 154 1927709458.9061077
19 156 3235512.7500333395
19 157 97450001.38609298
19 160 873313.1795119168
20 3 5502446.31244549
20 4 20426180.10874415
20 6 74240369.2901258
20 7 13134388.39970449
20 10 13752332.983026989
20 13 16247469.13827655
20 26 264371946.21684545
20 31 29053350.230358023
20 32 65818216.94978972
20 37 5089449.73520372
20 40 111021324.6065675
20 49 31053572.31820772
20 50 1901793.2826287737
20 51 85854489.88452932
20 54 101202593.5518897
20 64 57045932.29534393
20 65 76888617.00249618
20 67 21878581.833380982
20 68 16275633.534328086
20 70 323631239.06930697
20 71 108962249.49996687
20 72 242056863.9548543
20 74 218237218.88096225
20 75 182137.4288266662
20 77 2649590.763691935
20 79 41313920.92591418
20 84 42294584.198705405
20 87 1974881.4075026722
20 89 76306935.62062508
20 93 42027235.09814638
20 94 17802981.47420218
20 101 204498461.33117837
20 112 30408918.72361191
20 113 4180483.0007532686
20 114 33685837.88389497
20 115 36736351.00123684
20 125 13679735.29386457
20 126 1450950.7142266547
20 129 3129230.3372843885
20 130 69143954.4891079
20 131 15781638.4244928
20 133 18154231.736823153
20 138 16391664.396009564
20 142 410236919.9425893
20 147 4835572.624262749
20 152 18613001.74566671
20 154 11728490.940416839
21 0 1050168.5511298112
21 1 6562576.911926195
21 3 4144704.1700134403
21 4 13171218.715255355
21 5 14803918.845601955
21 6 173867151.51871115
21 7 47446948.152798854
21 8 6707078.893060256
21 10 12732000.928864041
21 11 6877490.173510558
21 12 2290868.2549996655
21 13 44129765.435586266
21 14 50154028.76584111
21 16 3605586.0888224407
21 18 18418518.286782857
21 19 76628930.79488902
21 22 12742073.041075528
21 23 1020816.3588116267
21 24 24454185.26711497
21 26 9505677.318368934
21 27 1997958.393536406
21 30 16191406.016871024
21 31 8821823.552575076
21 32 26615122.19492458
21 35 12533593.398361478
21 36 8554185.574995717
21 37 62255863.47469842
21 38 31198318.902841277
21 40 18405980.299489416
21 42 2238109.897419557
21 44 30355710.736525428
21 46 31861390.287843224
21 49 21835299.22903956
21 50 6965913.579251562
21 51 2052729.208304063
21 52 3765518.7850221787
21 53 1650690.0150942295
21 54 10523380.331388017
21 55 47422160.06281753
21 56 1469342.1361547275
21 57 3052064.7457800666
21 58 164454886.60968438
21 59 3865108.3212715206
21 61 7476796.241523402
21 63 2140427.3083491465
21 64 6920054.780137296
21 65 169126013.41581511
21 66 8256058.857789441
21 67 314794246.3858887
21 68 24165890.575861063
21 69 30726678.553978
21 70 7084183.77553081
21 71 236568925.20240632
21 72 61947282.07795082
21 73 12291867.71655215
21 74 70132069.4618022
21 75 64785193.90264916
21 76 866492.5694124185
21 77 18938879.851976115
21 79 58901627.40428555
21 80 39795856.398639776
21 83 10614417.471921016
21 84 2077873.1012251454
21 86 35735436.39278404
21 87 5361484.669541261
21 89 38371596.780455895
21 90 5079097.388115247
21 91 1533562.3440270447
21 93 3594857.0512457374
21 94 20902240.22670581
21 95 18918460.3787851
21 97 49583025.78665611
21 98 7695278.316407133
21 100 10165189.79663995
21 101 61850905.62086151
21 103 9646114.072734136
21 104 498409.1944786779
21 105 96383963.82346767
21 106 3261104.925301437
21 107 42697625.604330495
21 109 12157687.364470383
21 110 22310211.77888327
21 111 125445844.01964486
21 112 28295427.77062295
21 113 39653034.93443314
21 114 52620606.581808604
21 115 52880373.344765455
21 116 11501588.69626056
21 117 27575791.84288303
21 118 91005692.2018502
21 120 2491776.6731344187
21 121 17794579.97572273
21 122 4433568.905802754
21 125 93492979.15904635
21 126 13787266.449736347
21 129 33148159.490557004
21 130 27826234.37037463
21 131 52723873.79981037
21 133 66761414.202614054
21 135 22589311.353366908
21 136 4488099.674420587
21 137 61271658.70529572
21 138 120232315.27310343
21 141 5615010.006563903
21 142 67971668.55026336
21 143 4785313.859806591
21 145 2381853.4355642516
21 146 87338043.62068632
21 147 15381221.272455586
21 148 1886406.2590556482
21 149 3990928.1196594075
21 150 168218285.5360544
21 152 56136545.18012869
21 153 46321625.84950621
21 154 66709590.4770708
21 156 868583.2569061505
21 157 42960812.24874286
21 160 6459676.130250048
22 0 318454.6558038681
22 1 7288402.074529741
22 6 3446164.0533579183
22 7 12891769.236220261
22 8 1666932.8728132597
22 10 30259119.98389106
22 11 2573754.885907702
22 12 8773702.813443888
22 13 1114549.034186727
22 14 11400915.06499424
22 19 5012207.316213128
22 21 9257450.725338325
22 24 1565292.4497037462
22 26 2166666.477675352
22 31 7743949.078705637
22 36 807600.8868565884
22 37 27901132.83752294
22 38 3013471.422608462
22 40 10906067.799186025
22 44 2963555.175477465
22 51 4590167.627332957
22 54 2989307.323610916
22 56 13275604.551714754
22 64 230774.42844007953
22 65 7992975.706896247
22 68 13691469.19909539
22 70 3485780.7833311977
22 72 3236.400661127987
22 74 1307365.3322232596
22 77 241092.687950615
22 79 3960029.823862248
22 80 9197276.213389408
22 83 9104238.26592726
22 84 1343531.9070917738
22 87 980231.6879498445
22 89 16656436.618741995
22 93 12999164.361482097
22 94 13021520.384145876
22 97 8024425.959127252
22 101 10175.129206037116
22 104 1843708.6725824722
22 105 11111876.049584731
22 106 1563153.6038594265
22 107 5441479.088513599
22 110 17639161.578704197
22 112 499653.99668282876
22 113 8330885.261357076
22 114 275683.0464339696
22 115 5777987.479048874
22 118 196728.44410508158
22 125 3473021.4033240485
22 129 146805.34933027564
22 131 6759856.554909788
22 133 13491684.13647922
22 137 3776577.078399674
22 138 2000580.3057371248
22 142 6853991.1630831035
22 145 156312.60001804805
22 147 1041814.5542685131
22 150 49623.42043397867
22 152 2322011.3222540733
22 154 4379292.258151357
22 160 2238819.1698382027
23 6 2069867.9882789277
23 7 986687.502646831
23 8 342640.2799178228
23 18 552633.6722246024
23 19 633207.8854924253
23 26 351978.6780542666
23 36 1276149.9944518765
23 37 3331872.3770258026
23 44 273994.1807334294
23 49 194240.5778539362
23 50 495460.9312344243
23 51 3893042.2860426265
23 54 254568.55275879914
23 56 1185912.9598184382
23 59 458527.9784443181
23 64 1384143.430771267
23 65 2609482.543245052
23 70 32922.51771847761
23 72 108288.75272304856
23 74 2395811.900959414
23 76 145646.42846659073
23 79 716402.4221718202
23 80 784485.1378997235
23 84 988616.7475533166
23 89 1977262.428062401
23 97 868624.5803215322
23 101 1073257.0046002776
23 102 91322.83749396433
23 105 511442.75546926825
23 106 4447602.960937117
23 115 153080.16331339313
23 117 235473.38521804064
23 118 1802905.6498925397
23 129 289543.5304396075
23 130 110560.61755690347
23 131 620780.2789071216
23 133 326216.8403163408
23 138 104238.81405163126
23 142 210074.3485587813
23 146 57922.990728856974
23 152 512775.35398641316
23 153 485126.28389059874
23 154 892804.9946375131
23 157 88718.99508265879
23 160 1669974.7031896396
24 4 99635055.57343985
24 6 9830249.280091587
24 7 2603883.4219121346
24 8 10132900.353960693
24 11 9074233.942005027
24 12 5586345.858963338
24 14 2066494.9095939985
24 19 10204113.518516796
24 21 156302.63762039714
24 26 4849769.90280442
24 30 15394381.139500795
24 31 10941759.183282949
24 32 27575152.566064052
24 35 28197856.004895613
24 36 5052572.105825619
24 37 3513158.89456777
24 38 21180024.60165698
24 40 1030927.4560154236
24 49 93033278.72405079
24 51 12393283.107926019
24 52 3981540.289265379
24 53 129164.7123104932
24 54 46791738.66602046
24 55 7574012.877398417
24 56 13121691.209337255
24 61 450083.9101994122
24 64 17678782.374718986
24 65 2005759.186157522
24 66 4607178.033849428
24 67 30761756.361303024
24 68 28738579.722729307
24 70 2929166.1911961003
24 71 50866732.78465628
24 72 12682647.504281731
24 74 31330896.219219107
24 76 12769905.355109395
24 79 1638560.0379859519
24 80 22268664.05471216
24 84 6076754.820575192
24 86 38027734.26997672
24 89 3413267.06768648
24 91 270487.4107029912
24 93 1090528.4987050872
24 95 23351934.545144852
24 98 5022512.1049598735
24 100 69112344.55527553
24 101 18992095.539233766
24 102 1519792.1643717636
24 104 1501976.845839403
24 105 17484271.153713662
24 106 100986647.61172591
24 113 12767050.460242841
24 114 5249554.2440882465
24 115 4085544.120996874
24 116 44252715.25324008
24 117 23255217.259713493
24 118 16702250.033115022
24 120 4182517.952352807
24 121 1186476.9554282068
24 122 929915.0477074826
24 125 5251369.288143273
24 129 5798430.884918178
24 130 6410419.806501636
24 131 57458095.04856966
24 133 60370965.22583687
24 135 6186540.377564372
24 136 380681.6965588852
24 137 24983091.825885955
24 138 19526913.63731773
24 142 40681480.548391394
24 146 13269156.94154501
24 147 1218549.4760976222
24 148 28697905.941439573
24 149 3179983.5838486427
24 150 14808640.989240373
24 152 14990147.061050862
24 154 33576264.90386926
24 157 12242093.668831643
24 160 14007423.578957988
25 4 41746728.39492988
25 6 24187283.787286494
25 7 31343605.715403486
25 10 67800498.66775203
25 11 26458935.018845357
25 13 9477430.2929026
25 14 29704555.274563674
25 15 11975358.27061139
25 16 1678387.3529956935
25 19 37430652.17348865
25 21 36619058.71400384
25 26 23035362.09440132
25 27 2036938.7108394965
25 31 3126608.3043755414
25 32 39099455.25786235
25 35 11327082.015991835
25 36 9584151.181239164
25 37 11494511.24351983
25 38 44059405.600422375
25 40 9925518.596823584
25 44 30438187.162672672
25 46 20170144.703601897
25 49 38012966.45025769
25 50 7387493.671814068
25 51 41931787.81056744
25 52 12289295.412266182
25 54 33554796.66752422
25 55 2494164.637174467
25 56 82959981.88387413
25 57 4988203.865018298
25 59 955232.3961019939
25 61 4695782.4906794345
25 63 23427371.832350057
25 64 38652516.48273413
25 65 11937900.476526543
25 67 3802043.9134562765
25 68 1045863.0514778974
25 70 12464757.343623325
25 72 47241530.01964831
25 73 3841082.3854881683
25 74 5277570.607563667
25 75 21277457.701367255
25 76 7550634.521666015
25 77 7171798.27716819
25 79 78554172.16104905
25 80 7843940.353452263
25 83 23256714.023446035
25 84 18127385.911750507
25 86 25879895.52270003
25 87 2764521.4296709206
25 89 91867835.33297732
25 93 5880152.885659598
25 94 13135370.759492457
25 95 9397289.773364427
25 96 1943391.8482674225
25 97 10357343.590993375
25 98 2922830.0341019193
25 101 21144150.364902712
25 102 451845.7376585964
25 103 4260814.7014034465
25 104 759065.2617346521
25 106 46832791.24421022
25 107 5314993.284439695
25 110 455970.6405000895
25 112 13281513.270196635
25 113 9341525.828865366
25 114 50398285.10146374
25 115 1518684.855193498
25 116 13231718.558041925
25 117 27407302.48376814
25 120 987945.3849439921
25 125 23833311.07701385
25 129 6750444.780561475
25 130 11641225.834424715
25 131 42136898.05763326
25 133 7691448.406953188
25 135 2727703.5571828648
25 136 8596242.418256015
25 137 2789602.5757297343
25 138 55242252.51598779
25 141 33942.783557591116
25 142 67803355.36363852
25 145 18154502.78615744
25 146 6469185.124346997
25 147 35192279.04033096
25 149 8575722.530402422
25 150 35114516.68919564
25 152 120875418.27424741
25 154 40433363.64198099
25 157 46223782.19811216
25 160 14390256.841057437
26 0 30392545.7410158
26 1 58144513.67077593
26 3 7939586.989262815
26 4 703162064.1228393
26 5 15889104.04717118
26 6 2149870488.9608746
26 7 2304110169.4146776
26 8 12168913.446715176
26 9 2738822.491764876
26 10 37695007.79419272
26 11 83286363.6907186
26 12 5902290.385407534
26 13 406780951.6697712
26 14 448795532.06036466
26 15 4488085.84880843
26 16 1616189.7504140537
26 18 20587007.786338728
26 19 236583141.13247675
26 21 38410724.529917374
26 22 8697217.461023415
26 23 881206.2416497575
26 27 14397495.966170605
26 28 120823.41531469862
26 30 8632573.007120172
26 31 32465036815.76702
26 32 16891923.402422223
26 33 1310370.7733973311
26 35 119294374.84310403
26 36 19369481.244250186
26 37 160952529.00982505
26 38 91048696.48819435
26 40 240274366.85554403
26 42 389628.481244521
26 44 11625295.54707186
26 46 121068836.8906595
26 49 2438322510.9938793
26 50 2966727.3233827753
26 51 5141635923.037229
26 52 14924975.56892594
26 53 646816.38513241
26 54 2421263252.7781696
26 55 36390049.24311838
26 56 1633324217.583145
26 57 636469.1682686167
26 58 415210495.6157147
26 59 20611902.991252728
26 61 1690506.3076871943
26 63 62683780.42220506
26 64 1325449507.7287571
26 65 255755727.83007693
26 66 47785817.62566201
26 67 1534044390.108997
26 68 1074082670.6620915
26 69 143627486.23192534
26 70 1735003778.2829838
26 71 662774740.8100916
26 72 11437922728.970041
26 73 4545162.622278741
26 74 1435209109.9764326
26 75 14826657.570027357
26 76 118569931.56405762
26 77 66089249.09081377
26 79 2059757647.0241027
26 80 20357059.204085164
26 83 79079670.13913597
26 84 80279362.57706149
26 86 321033296.9764388
26 87 9847459.14424719
26 89 1925074641.597219
26 90 5275874.327728687
26 91 4383811.8561109975
26 93 20323146.026377667
26 94 15955585125.433344
26 95 18404609.560075194
26 96 2123770.6116340887
26 97 10705580.104234336
26 98 10996395.752222264
26 100 4748938.674205659
26 101 5447283387.673021
26 102 123989549.12297286
26 103 4583937.23997488
26 104 1100609.1927727717
26 105 8334865.097619975
26 106 8484569.068471452
26 107 63345714.296151906
26 109 51604111.41569061
26 110 30262889.24370339
26 111 9902255.170653583
26 112 32732883.20585124
26 113 1374523277.2069597
26 114 1409767572.3418458
26 115 1046201496.3064256
26 116 3409136.3073578198
26 117 7670816.240682034
26 118 453226257.35886204
26 120 3679794.609137722
26 121 4227706.256170562
26 122 25071.48106222402
26 124 419311.67043098237
26 125 2758287617.040564
26 126 263685.2462350101
26 129 9633215087.200033
26 130 247895542.5469528
26 131 237279958.4924852
26 133 6234564144.707424
26 135 4574896.782199797
26 136 4335431.718084248
26 137 1318452276.6302073
26 138 4154089165.9114327
26 141 18960915.852423865
26 142 3134713738.5982385
26 143 2023238.2578403922
26 145 33831018.44567256
26 146 223135099.73823112
26 147 501217281.9420601
26 148 5669678.815341968
26 149 5560571.5588051425
26 150 708448097.4247627
26 152 2014581616.5130742
26 153 138299793.77248225
26 154 10969543916.477612
26 157 386657409.31935894
26 160 17635327.879411295
27 1 317386.10448224563
27 6 116536.3319550867
27 7 112680.15990190182
27 11 33261.983591419696
27 14 756175.2216265972
27 40 610692.6556364277
27 49 296905.9859014511
27 51 268420.39485446824
27 54 1379157.1539248351
27 64 14887.902612133532
27 65 829282.4183236015
27 67 208917.96082291752
27 70 87049.17678340593
27 72 400114.330906324
27 74 518120.4457976435
27 75 306027.90643993404
27 79 130551.26122440968
27 94 449679.9179935625
27 101 123632.84946173002
27 105 1581205.2758621767
27 106 279694.08362630586
27 112 30447.588298373135
27 117 58982.04720500505
27 121 377319.1436820728
27 125 296615.5896832551
27 129 15846.487905078673
27 130 1674976.0050877864
27 131 131785.0323652734
27 133 507303.1386547754
27 137 296429.3834586939
27 138 48853.265787786826
27 142 1602919.0683681704
27 145 318012.4857088134
27 147 13374.604526141551
27 152 574388.0756367058
27 157 573239.353931288
28 4 1671020.9203220769
28 6 314287.91898097727
28 7 73197.94151597835
28 11 18483319.628955837
28 12 2565256.9487241106
28 14 3128651.9334451393
28 15 4538017.932200181
28 19 1878987.264967267
28 21 556293.7343067615
28 24 2603941.706846091
28 26 1368207.2058033634
28 27 4102481.9424535832
28 30 444097.8595206564
28 31 1953296.5114407146
28 32 6053833.06737122
28 36 145327.10837583928
28 37 1172195.5963310061
28 38 12045554.737562742
28 40 6953638.535182662
28 44 999718.2531118694
28 49 2270899.852953336
28 50 2202324.5853134342
28 51 3941474.1888687112
28 54 1752539.894356217
28 56 3008275.155069275
28 64 2466948.15305792
28 65 390701.36508013646
28 66 6341230.8522239
28 67 699368.9989095593
28 68 15428737.194843087
28 70 11328069.534067584
28 72 19749710.715129707
28 73 7244971.036857483
28 74 2165618.600747724
28 76 8476638.208058778
28 79 4263430.842883389
28 80 1899509.14661663
28 87 1292609.3805625106
28 89 3734503.6391790574
28 94 19040219.991887562
28 97 10041950.083744284
28 101 2565448.1687991503
28 102 1610463.1599038667
28 103 3493941.0270460835
28 105 4464277.599185524
28 106 3678089.261451193
28 109 1799844.4975144062
28 110 5547918.488406988
28 112 2359084.553775841
28 113 278842.4014224989
28 114 7028116.44468273
28 115 2913931.2665211107
28 117 7950896.511598454
28 118 1402429.4478807326
28 125 9283425.538529411
28 129 8099014.024944029
28 130 3636449.7468779352
28 131 449624.82228468865
28 133 3664685.611096628
28 135 999701.3815402124
28 136 328494.75706183695
28 137 8319100.110739801
28 138 5082829.618345875
28 142 1872866.278824778
28 145 5384043.663613957
28 146 8161788.327011217
28 149 2022423.5054614148
28 152 2369899.78427549
28 154 2568521.8348860336
28 160 1193623.3023391701
29 1 1677084.182280435
29 6 1174847.9933996834
29 7 48248.84642755421
29 8 2112531.8201827994
29 11 4609681.068185411
29 12 6792220.66859538
29 14 44548.13760157919
29 19 170639.06116349617
29 21 4535865.418732439
29 26 4410245.342396032
29 27 53062.15546145625
29 30 3071604.9225401175
29 31 1156719.325635147
29 32 6394641.5123628015
29 35 3878315.865599717
29 36 805676.8381984505
29 37 3469603.705049541
29 40 1511963.6604009038
29 46 3203966.7001081514
29 49 2533522.8755370136
29 50 89087.72130527187
29 51 2837728.982284944
29 52 419332.99955006794
29 54 1311740.4927014506
29 55 4975854.780754194
29 56 7726433.776371104
29 58 1751027.0277856325
29 64 1648418.8514373002
29 67 1264722.5288575466
29 69 727914.3897453853
29 72 16667158.127674516
29 74 4076526.649757891
29 75 1961611.457331757
29 77 1081819.3497144622
29 79 1992352.0623638004
29 84 8417694.732037207
29 87 2428777.412689505
29 94 4657355.555373838
29 97 1442879.1299616946
29 98 1588240.6905864228
29 101 574742.1015148978
29 103 10371144.869045913
29 105 1083506.8318314964
29 107 1115853.3198333206
29 113 388429.9828356637
29 115 2376067.7576357475
29 116 9212.771082042736
29 118 58392.745540583506
29 125 4487679.796112211
29 126 5993681.686018893
29 129 941317.6057930214
29 130 12998074.00669408
29 131 870482.1574158072
29 133 4000999.6067735422
29 137 3779436.8738419903
29 138 3179616.938455497
29 141 1319977.1241762755
29 142 3812158.7630673447
29 145 8301604.982524924
29 146 3699456.3530284665
29 147 3826272.8293386097
29 152 958579.783429052
29 153 455447.51423007477
29 154 1972636.5636894275
29 160 6174918.487876075
30 1 200624925.15371308
30 4 666022795.1359522
30 5 1200445.5648559027
30 6 612098120.6577826
30 7 624602130.5313631
30 8 3075375.1421500808
30 10 75153075.61513577
30 11 6836194.815102975
30 12 728316.7054964445
30 14 60385611.80586992
30 15 3635424.2316706446
30 16 13201638.206039852
30 18 40020797.81736738
30 19 210499128.39144227
30 21 118196848.10141625
30 22 19758985.29234162
30 24 11475303.649170984
30 26 712643298.683771
30 27 2231445.5582457213
30 31 1563944852.880794
30 32 35773464.45199042
30 36 23081464.002673782
30 37 63385835.803280324
30 38 10396431.31244441
30 40 590728879.5291545
30 42 290235.4721410017
30 46 5214085.4904349875
30 49 32988983.8362132
30 50 7410040.26463705
30 51 523108884.44312894
30 52 7399461.956809138
30 53 891447.1417167124
30 54 78636706.91659105
30 55 17256475.817296125
30 56 171371477.30111986
30 59 11176410.979031118
30 61 14245706.272713803
30 63 113863964.05547516
30 64 1240957362.0907066
30 65 398239663.5642028
30 66 10566791.958004037
30 67 200406848.98531148
30 68 6637807.781385699
30 69 36600837.54919171
30 70 751977156.9168218
30 71 120698866.9160616
30 72 256463714.84351367
30 73 69167671.30932204
30 74 67016861.59597115
30 75 74730617.48624943
30 76 63116035.34875949
30 80 21452381.454365883
30 83 508345.2875728104
30 84 129924682.98350222
30 87 38454032.44054158
30 89 814816595.2108616
30 90 7784282.410128831
30 91 1691718.1575380196
30 93 2650816.95292998
30 94 194987222.6380624
30 95 7585217.134563057
30 96 24350815.397439506
30 97 301223158.6065114
30 98 2784067.1606168654
30 100 21206096.910527237
30 101 20028267.7845535
30 102 266016256.70499605
30 104 9539678.008439576
30 105 9323476.668772824
30 106 366750797.5696607
30 107 16289123.305007089
30 110 5744666.951292191
30 111 14767147.500147305
30 112 64541632.63797994
30 113 13726388.06885247
30 114 397366063.01581365
30 115 148067591.53595912
30 116 103801889.70663781
30 117 385113866.2298582
30 118 243318382.22980097
30 121 7562851.449743545
30 122 223027.4163185699
30 125 282919860.2989719
30 126 2911444.493426112
30 129 617812978.7341156
30 130 331174371.93093294
30 131 89949218.16549955
30 133 91742465.83539979
30 135 3865422.6701563904
30 137 118601395.26465271
30 138 503397988.5563896
30 141 12142504.064743709
30 142 98819688.62188257
30 143 189990.28345207238
30 145 31301238.94703599
30 146 44256014.99371251
30 147 58763725.71738523
30 149 1244151.501951592
30 150 255313369.9044973
30 152 740258740.0540099
30 153 209886480.13114685
30 154 118319995.77207546
30 156 4798909.058452273
30 157 32102776.738431524
30 160 1002486.9216058229
31 0 34038469.96737509
31 1 27707499.407380234
31 3 12645118.272415288
31 4 523285240.3709259
31 5 315814.7215286924
31 6 2421454185.43304
31 7 1977815686.5141735
31 8 48434072.91909445
31 9 17566609.923394974
31 10 23153206.348153852
31 11 59858704.56709749
31 12 17401241.64497309
31 13 176998302.09961215
31 14 70509142.34061843
31 15 9912496.840265902
31 16 2971545.345445796
31 18 59158672.24768736
31 19 2465638410.1261964
31 21 71095714.84507596
31 22 3953431.4631129685
31 23 52167.121474503256
31 24 1389748.331024467
31 26 14924994335.332064
31 27 2285716.981728571
31 28 845150.8227235938
31 30 411864005.29915595
31 32 153258835.80734652
31 33 1555664.3454982056
31 35 169291573.28994015
31 36 88671311.50671653
31 37 140063341.45629093
31 38 17772977.177441515
31 40 1281512512.560672
31 42 881875.5330876042
31 44 2461472.8450366715
31 46 36849913.33924203
31 49 1049343372.6015779
31 50 2510769.468658212
31 51 3232766686.876167
31 52 6703890.948788995
31 53 3549034.0894025015
31 54 3407626323.323796
31 55 2220073.4843997066
31 56 95759875.19383898
31 57 1051864.0485759755
31 58 10334344.688108798
31 59 3176127.138166293
31 61 18360515.31176239
31 63 42740587.513199516
31 64 15600679306.94106
31 65 243946649.46534938
31 66 12582852.916184042
31 67 701845039.5530621
31 68 2600659687.6248565
31 69 10482243.23676333
31 70 1333958904.5367308
31 71 58046377.7978284
31 72 58314877459.775085
31 73 752692.3500712755
31 74 8210117788.206293
31 75 2729179.8400067156
31 76 30046429.1552039
31 77 19437570.580504064
31 79 1116248898.4237032
31 80 202418257.08198762
31 83 2591714.22540745
31 84 127740859.12479503
31 86 84244936.0912448
31 87 10281645.925780037
31 89 3039058129.5875897
31 90 2629383.6713139224
31 91 8703675.202680884
31 93 38220343.05216
31 94 24398846225.77558
31 95 3986374.221764583
31 96 528249.6303583262
31 97 303531866.4364275
31 98 15931529.864583198
31 100 25174684.195732597
31 101 5009738469.692294
31 102 289060208.86901754
31 103 7022043.080193313
31 104 9662515.454053909
31 105 35645163.9935607
31 106 1900022712.0553071
31 107 13178286.616093816
31 109 165291355.96692535
31 110 6712918.248716346
31 111 305783562.5365671
31 112 82327005.44608113
31 113 345816119.07537544
31 114 2228737132.4341006
31 115 787850720.1793957
31 116 106165978.36276148
31 117 292405371.2975557
31 118 1505331477.0595036
31 120 643403.7147651494
31 121 7298554.237067694
31 122 6390701.1648979625
31 124 292298.4049969316
31 125 3669836132.406696
31 126 14884772.977631256
31 129 233427695.21396825
31 130 8022610.528932861
31 131 371128574.5738049
31 133 3417184015.647936
31 135 5551177.547219254
31 136 96734.82651589434
31 137 110069642.45671587
31 138 11257624630.644463
31 141 3637655.3296105866
31 142 898014084.4379009
31 143 302070.92063702596
31 145 17396031.27461491
31 146 78028942.27143636
31 147 450285722.4264741
31 148 3743818.197982931
31 149 29335032.674270973
31 150 96278811.55991575
31 152 36677116885.79511
31 153 94270748.19106795
31 154 234945672784.03085
31 156 1099963.376834474
31 157 1566471059.3621154
31 160 5967779.913166459
32 0 17251338.870268278
32 1 24254491.94228774
32 3 2049599.7210724808
32 4 33150956.259228043
32 5 2900520.3869031887
32 6 57626718.62588686
32 7 205650582.79850236
32 8 12364083.653486319
32 10 101292668.10150042
32 11 69896589.34765898
32 12 64205068.28233233
32 13 32943837.32454493
32 14 609600629.2476487
32 18 4313001.925985048
32 19 69946999.12397917
32 21 55921688.83788957
32 22 2011025.7713810299
32 23 3055589.4442639737
32 26 186996834.09851184
32 27 1301666.9665848487
32 30 230603990.54139808
32 31 1533526878.2060795
32 35 92239406.91330598
32 36 7333531.900611627
32 37 50515634.68805291
32 38 113700069.39090712
32 40 420617122.97266775
32 42 1574381.4937194474
32 46 1096534.4710540813
32 49 57804620.29688213
32 50 4745580.473248553
32 51 532822083.9825463
32 52 39806942.15232814
32 54 58019641.118354134
32 55 20874679.90011979
32 56 280920497.8278255
32 58 109774814.24384244
32 59 1592291.5052631353
32 63 4530812.104909142
32 64 103114646.73716135
32 65 269397326.6206215
32 66 15819516.28729798
32 67 32738950.03616554
32 68 538931061.3840318
32 70 81302940.88598524
32 72 1058462168.857443
32 73 146729845.22930837
32 74 140281323.6032006
32 75 53855613.004487
32 76 260274595.92603463
32 77 20269795.38819017
32 79 25158672.458755802
32 80 227985951.2796205
32 83 30350619.58584746
32 84 191665979.85064363
32 86 1015179.3621247343
32 87 22151742.56380808
32 89 534633588.33830744
32 91 2372131.066121285
32 93 69672004.57478411
32 94 58221933.2295028
32 95 12665262.416338151
32 96 14738959.130204892
32 97 60168452.02142583
32 98 938542.8978749817
32 101 677727504.2832899
32 103 8857080.967174567
32 104 4760377.85887783
32 105 62333811.48989102
32 106 212292930.12204644
32 107 32774719.41631058
32 110 9050767.396141835
32 111 11986570.374423314
32 112 139252850.137773
32 114 465860122.8349976
32 115 79410616.5278085
32 116 11070947.989538938
32 117 5736564.261351601
32 118 185231932.84289092
32 120 429691.6571795713
32 121 2945140.275266807
32 122 673403.8244427108
32 125 155940340.1272806
32 126 44685900.77492194
32 129 53605928.67773818
32 130 52775114.290105335
32 131 3249001.045673124
32 133 389915342.25832504
32 135 13985399.172890855
32 136 3743320.351577518
32 137 35662566.15616797
32 138 29331076.51980515
32 141 38928784.01916571
32 142 161325648.18290594
32 143 7444162.587345165
32 145 26617360.764628917
32 146 10331136.770444421
32 147 338671572.5459697
32 149 496632.08395131084
32 150 95881644.36265793
32 152 455972056.0181507
32 154 256275843.06999713
32 157 51922278.86890199
32 160 251647.2305797622
33 1 189350.60627156662
33 6 744522.533338355
33 7 532695.9225199972
33 8 92722.78505187362
33 14 168141.25401989985
33 21 136903.77443626834
33 26 74268.2729274139
33 31 2090020.2788564335
33 32 158839.12553614727
33 35 671121.2071833076
33 36 205634.88657786083
33 37 62933.70748248351
33 49 25849.05833492532
33 51 96729.04977280884
33 54 86947.37532055195
33 56 646428.434978224
33 57 785819.7831411788
33 64 705412.5004492329
33 65 1712159.8063650967
33 68 79270.37584996014
33 70 667324.5283362865
33 72 180029.85470924017
33 73 31506.59871325454
33 74 386036.3533033596
33 77 23518.45339816527
33 79 204310.13617097418
33 89 650089.9202859689
33 94 20928.39511749239
33 101 259139.1304039389
33 102 5473.686425902504
33 106 625601.9209453982
33 107 374689.63706495473
33 112 463273.69410171633
33 115 1515189.481585394
33 118 151636.60657159513
33 129 7340.479134534877
33 131 1468967.65957907
33 133 8281.893248258819
33 137 353458.53776283975
33 138 328982.27374066185
33 142 212877.37617892877
33 146 545766.585048263
33 147 1415165.6495597677
33 152 469091.37691933714
33 154 92050.68458572186
34 1 81237263.87927507
34 4 28188570.72232456
34 6 21664164.81183596
34 7 52968557.59532755
34 10 8212095.536835481
34 11 4293986.252258664
34 14 20956698.44207755
34 19 92448413.34051943
34 21 19566870.410759546
34 26 27831851.316742662
34 30 30505542.238353148
34 31 10888838.875297356
34 32 31910.020613695888
34 35 9954519.007846363
34 36 6696037.673089513
34 37 13450671.703756474
34 38 10153591.946640883
34 40 55315165.88912248
34 44 2100234.2144583184
34 46 5898692.222077148
34 49 1195162.501490837
34 51 2921933.3132415866
34 54 10732175.699202487
34 55 4964653.450746564
34 56 134724044.13127854
34 61 369076.68067108886
34 64 17436480.832726635
34 65 550369.2261421782
34 67 28850947.374107167
34 68 70396465.05620895
34 70 67745935.6616841
34 71 21213621.99180942
34 72 4994446.18687298
34 74 23978882.788793836
34 75 1654823.130222736
34 76 1920922.6711582863
34 79 44217423.08255876
34 80 17643886.74508899
34 84 906496.5363735633
34 87 11564419.08110122
34 91 8148565.295447086
34 93 2481723.6330773924
34 94 83119859.03055105
34 97 59550214.577759616
34 98 2833778.8252107655
34 101 1485153.6754362716
34 102 20847734.562838428
34 103 45205711.59564848
34 105 20561514.352589294
34 111 17188455.34765322
34 112 3454520.224978932
34 113 2892480.974271489
34 114 22259057.26468549
34 115 29034830.803725027
34 117 105020934.64331451
34 118 77090860.26656105
34 126 84100.24099372292
34 129 138540921.39990833
34 130 17827201.983244024
34 131 26027362.12653952
34 133 17122578.122519005
34 135 14136587.772547673
34 137 2350376.659801656
34 138 65707471.68913957
34 141 4200481.908594555
34 142 39078097.2137416
34 145 12075775.80905694
34 147 108609.9000435455
34 152 48736739.198720984
34 154 5147102.088258561
34 160 6629521.94914233
35 1 13275410.582397597
35 3 12607584.142630395
35 4 19931050.273225456
35 5 6988830.76907342
35 6 141750958.98273098
35 7 14108208.330599526
35 8 23283495.01772699
35 9 31480680.44198792
35 10 107602398.72871397
35 11 34985304.42643324
35 12 9785651.716202846
35 13 121295999.07356778
35 14 178347674.74934906
35 16 1431553.8195678664
35 18 19676863.977791794
35 19 61931910.378394134
35 21 55957472.03710135
35 22 1821704.717383135
35 23 107794.4303340558
35 24 79138259.76199967
35 26 77562102.33086318
35 31 66571768.87221493
35 32 125934978.59307554
35 36 65223976.600228354
35 37 77181881.07829832
35 38 47346267.478012815
35 40 72680070.82678396
35 42 115691.1823855918
35 44 56370319.769783184
35 46 1879460.411441431
35 49 33736622.69725904
35 50 17980718.37878512
35 51 155388443.36716148
35 52 30952730.13364893
35 53 1679601.285733637
35 54 16829336.507600404
35 55 11592614.690392466
35 56 42371669.57511125
35 57 13105823.373731282
35 58 115278408.1778285
35 59 27640240.346090388
35 61 960037.4059238221
35 63 37459065.81273634
35 64 135324004.57917592
35 65 135183431.02219543
35 66 20597097.541704267
35 67 14428215.432018114
35 68 29454436.717797257
35 69 90685600.79323849
35 70 285488155.9365821
35 72 13595722.424735771
35 74 403877935.31408817
35 75 15258861.264128065
35 76 63640401.0190645
35 77 26509292.758014552
35 79 116107131.70552792
35 80 47484453.32026222
35 83 46503242.90694697
35 84 10706659.40131582
35 86 26005997.519200962
35 87 1709946.618479841
35 89 102278853.33252615
35 91 5210816.237527309
35 93 46144374.39793962
35 94 40887602.2382041
35 95 11934961.4306601
35 97 2790025.4620580366
35 98 3261762.2787067415
35 101 244373111.7101684
35 102 51606465.909386836
35 103 18161716.296702716
35 105 143786659.1632723
35 106 10787078.104061812
35 107 16249455.241209168
35 110 11753429.195265643
35 111 18900379.404723085
35 112 93011490.33505659
35 113 12637363.955047542
35 114 314217703.3976171
35 115 186948664.1259866
35 117 101794220.59901808
35 118 55624400.54768978
35 120 2517960.0935630826
35 125 39949008.27374651
35 129 73463116.0159897
35 130 160412492.89141315
35 131 127284591.17277443
35 133 11942582.000794612
35 136 4395674.396943573
35 137 59884636.5967539
35 138 5382066.253771088
35 141 282270.1118240791
35 142 57484159.57467395
35 143 3430558.641872171
35 145 14462152.838023324
35 146 276912006.36408734
35 147 16504457.249875335
35 150 7884625.62296213
35 152 43127684.612427264
35 153 8789277.452855932
35 154 560624717.4341124
35 157 12320180.109820236
35 160 3919724.523317553
36 1 6369812.620123809
36 4 77757527.23700003
36 6 23715316.512262892
36 7 65650298.59831209
36 8 22679229.39699603
36 9 20152010.27913396
36 10 107649470.23039198
36 11 80886824.67477703
36 13 2809983.1890515275
36 14 7248901.982309965
36 16 644999.0020636094
36 18 51824985.99362791
36 19 103463735.60932219
36 21 43211772.17739299
36 23 8139065.724418937
36 24 1957941.5918000424
36 26 25622399.21013143
36 30 169953150.85470906
36 31 2314549.0120022297
36 32 31559915.123751402
36 37 47363233.14497534
36 38 24382235.712009676
36 40 12802790.617772883
36 42 5661090.841707272
36 46 11291265.837946508
36 49 75064278.08187895
36 50 27696102.755332436
36 51 71802729.49067391
36 52 18312821.975781053
36 54 30648970.526703905
36 55 40943538.52545168
36 56 81442846.46695101
36 57 3011329.7020999524
36 59 8676854.737793665
36 61 9301744.472576097
36 63 50036836.64898552
36 64 6552989.556004051
36 65 88208507.11047383
36 66 41883071.85853445
36 67 49688100.349415876
36 68 8337538.73281683
36 70 74045938.02844934
36 71 2397419.020628711
36 72 59843563.155847445
36 73 157959424.3184019
36 74 6499990.913135528
36 75 16927850.955249082
36 77 29613450.807957523
36 79 92965745.5056838
36 80 47435213.53413761
36 84 22188785.373935122
36 86 73934700.25900376
36 87 5016811.995062941
36 89 62675084.78559271
36 94 21690325.113850262
36 97 11424877.236058926
36 98 7344152.423642612
36 101 122699921.48700126
36 102 166972951.28491688
36 104 2573912.0662533
36 105 35717559.571161866
36 106 101430382.46450464
36 107 30738417.36053112
36 109 27103352.73859265
36 112 26479126.71073545
36 113 25301624.306412198
36 114 96091603.80410807
36 115 435454948.07522786
36 116 65340732.20792791
36 117 9572465.120319901
36 118 11227511.622103505
36 120 1954040.2002902518
36 121 10672025.929256296
36 125 50847086.33725932
36 129 10765211.098017074
36 130 4168893.054231585
36 131 51990934.66709896
36 133 138194919.9046355
36 135 11142705.872082036
36 137 65640172.82757904
36 138 117444277.15460055
36 141 1153003.0318532258
36 142 13939494.750333225
36 143 4676561.018190309
36 145 25212750.52335987
36 146 24490012.840315323
36 147 29157859.07762835
36 149 11695395.130538447
36 150 66924383.69237415
36 152 18665539.9873465
36 153 30219637.60363
36 154 2161309.8743823213
36 160 9781106.238867605
37 0 13559486.532595724
37 1 19822748.20633464
37 4 28124748.363926664
37 5 3384794.485384815
37 6 9332165.730950234
37 7 14999133.05691983
37 11 63574393.39482109
37 12 8851574.973339004
37 13 11608273.69911853
37 14 34967556.9206827
37 15 7397698.131254453
37 16 16773706.315246753
37 18 28401363.155663196
37 19 97125522.17177963
37 21 8249856.648303356
37 22 6216000.960657404
37 26 24038916.90333105
37 27 2235049.636724283
37 28 1611648.873203944
37 30 59711246.58910678
37 31 2035349.1994437487
37 35 15135688.38184796
37 36 1468311.488504387
37 38 1710533.9498185911
37 40 33681842.93339664
37 46 98411538.09039395
37 49 46634414.91535711
37 50 11576623.22759291
37 51 12882254.409002705
37 52 10331639.468842417
37 54 8198530.987421384
37 55 2407917.282114381
37 56 275725398.47966313
37 64 35986330.4634271
37 65 64618065.50755131
37 67 11944754.702965323
37 68 58635084.8239064
37 69 6191541.819118864
37 70 128778145.73675485
37 71 36324135.51983342
37 72 19335140.274569336
37 73 8399152.282914395
37 74 44914010.10545089
37 75 6406938.7794407755
37 76 601139.5544290221
37 77 21554818.122708127
37 79 34547422.98673725
37 80 15833356.918264426
37 84 45283139.27891292
37 87 12026679.30467795
37 89 141597882.26469857
37 91 7989434.538273214
37 93 826961.0451057863
37 94 66446927.65520463
37 95 12961711.36121931
37 97 43441957.46065239
37 101 26938594.955474515
37 102 11025903.23603168
37 104 2375557.8750770283
37 105 40659042.05634219
37 106 13407173.292572264
37 107 21149661.266062863
37 113 24416945.218781803
37 114 24287144.652577166
37 115 9815773.40910626
37 116 107021494.56963953
37 117 92843706.7392591
37 118 5209195.468424947
37 122 2865972.1771743223
37 125 13194978.619110351
37 126 10869563.908887675
37 129 4405181.7568931
37 130 92744896.99882892
37 131 34792868.70677948
37 133 64414343.686320305
37 137 25330160.02881486
37 138 21311367.239024155
37 142 32632939.88756802
37 143 4448203.81672617
37 145 36664497.99102063
37 146 9298693.55810374
37 147 29568580.945273582
37 149 10502297.189481223
37 150 73656786.63708577
37 152 72518834.76656549
37 153 5498018.974457959
37 154 91580241.71993896
37 157 87735016.90043871
37 160 1930226.0442019224
38 0 5077904.579960777
38 1 2768423.0105212983
38 3 3673229.119101282
38 4 2169723.8917970397
38 5 3835967.432214274
38 6 8077322.346107016
38 7 1036268.4485416497
38 8 3481956.966311611
38 9 8004221.667776511
38 10 2477629.7852831366
38 11 1689071.1324883825
38 12 825841.9488616767
38 14 30172583.616668537
38 15 5008765.694355411
38 16 2337939.481095145
38 18 15064394.962786201
38 19 5447373.105687613
38 21 10265347.724441899
38 22 3378139.601763329
38 24 2501031.8581207213
38 26 17068131.245890573
38 27 10783587.482378853
38 30 11212709.879874071
38 31 19044479.783048723
38 32 3726372.936183169
38 35 3681668.1165823066
38 36 3101363.8252406903
38 37 1847031.7626031595
38 40 1048556.6139946423
38 42 2381742.827881208
38 44 2493494.9748726003
38 46 13653343.581327435
38 49 7488252.234556856
38 50 6767880.87289042
38 51 716179.7193381676
38 52 13111109.429463746
38 54 97877028.46450071
38 55 7294793.466167926
38 56 1363460.4508187408
38 57 1038507.2765814227
38 58 24082894.156290404
38 59 50266.602887728455
38 61 8542331.740645653
38 63 11765491.604058022
38 64 8318750.857848083
38 65 6054293.724104812
38 66 2273110.0862949667
38 67 19986209.07053589
38 68 4265943.138505423
38 69 8507277.702355873
38 70 2825095.663979938
38 71 17074140.175473828
38 72 40329562.27631598
38 73 3362925.2856192226
38 74 16349526.465302974
38 75 33755195.188366145
38 76 1816793.0594910826
38 77 10332326.846189776
38 79 11924364.696581798
38 80 1909097.912349261
38 83 8605542.053127266
38 84 393771.9231464242
38 86 5536697.411179894
38 87 3961845.4906649473
38 89 5961462.495614493
38 90 5432206.396639367
38 93 5925113.213386992
38 94 5405924.707117292
38 95 150373.88741801243
38 97 8434509.203929214
38 98 1788172.9496261375
38 100 6159192.367360334
38 101 8714862.49871506
38 102 24630908.955625717
38 103 1538222.7447806057
38 104 5348603.92903834
38 105 14589787.707140677
38 106 4625793.220393919
38 107 3343548.8153331135
38 109 211296.82159064678
38 110 8117773.831261126
38 111 15331222.711326292
38 112 4682208.707590125
38 113 101258.47007160913
38 114 7987107.64197786
38 115 616671.8088674223
38 117 18969619.2804495
38 118 3593497.686719223
38 120 1757157.484454844
38 121 3816004.441621506
38 122 1531278.8785589105
38 125 4113955.9500745134
38 126 8796183.617016401
38 129 12493317.00900259
38 130 10064940.547287589
38 131 4353899.6335954415
38 133 2643074.199832475
38 135 10302443.280620875
38 136 9375833.955996245
38 137 19125680.783754453
38 138 3963026.530562917
38 141 317729.7841957308
38 142 17135050.56604076
38 143 4300125.038851874
38 145 25724973.59240963
38 146 4362364.085474502
38 147 11118508.95449105
38 148 5648966.30255584
38 149 119502.66235340232
38 150 35115734.76950078
38 152 307124.2718119198
38 153 12907681.600729777
38 154 4760283.032270863
38 156 192332.74218889233
38 157 13486407.17908878
38 160 1835888.8442435146
39 1 20645921.39588419
39 4 1709553.0158133518
39 6 13650233.446810871
39 7 557071.8625641409
39 14 2195653.6905438425
39 15 16080489.07763145
39 19 70270120.12124696
39 21 38544221.29002028
39 26 28532671.31250279
39 31 12113315.692994136
39 32 14952424.966744535
39 35 3194191.289826977
39 37 33325742.27344871
39 38 3152144.7521685073
39 40 14837636.954248734
39 42 934886.5932721875
39 49 8909444.051176533
39 51 2419594.823441208
39 52 17905140.166792892
39 54 22020959.16592282
39 55 17355027.225614507
39 56 7487776.921915992
39 57 275250.09478118934
39 59 1286688.5966955402
39 61 1319966.800075475
39 64 7917078.722039764
39 65 25049442.437040962
39 67 20019622.0019258
39 68 7575903.789160605
39 69 30631626.06281233
39 70 44677537.39770121
39 72 11502465.555451546
39 73 19995771.394087393
39 74 24066207.159180712
39 75 5575626.227513547
39 76 12691548.2718027
39 79 15905463.365973486
39 80 385217.7775872525
39 84 65127525.11628727
39 86 30984278.080863204
39 89 11666241.409149695
39 94 2584587.748486309
39 97 2886758.459477168
39 100 1844443.8439902593
39 101 54082810.434756055
39 102 63920199.12029564
39 104 3422281.8134483173
39 105 12963462.856254766
39 106 9626960.222845756
39 107 10556293.321387812
39 112 20483944.66888875
39 113 70053451.87217775
39 114 37635352.38496587
39 115 5130776.257739903
39 117 4184631.734105897
39 118 11762491.101472171
39 125 2761715.715274488
39 129 4718138.021610171
39 130 980954.1577055597
39 131 34014239.7491573
39 133 23063671.21802272
39 137 3437945.253168717
39 138 50277171.986048914
39 142 34591278.915586196
39 143 474157.08043418743
39 146 3704970.960344623
39 147 27814604.507745612
39 150 2994468.1049470394
39 152 16167392.058104247
39 154 16879518.439959753
39 157 11690720.901319422
39 160 8240240.035172887
40 0 3965267.6341389827
40 1 17923527.31783628
40 3 4169660.756984954
40 4 177732679.05360347
40 5 2287713.625109098
40 6 1006651482.2931614
40 7 147306310.4589747
40 8 34257789.594704874
40 9 16244526.3159138
40 10 7991567.489307995
40 11 236751912.3630067
40 12 12937381.64685122
40 13 348767293.8054911
40 14 438796289.01788664
40 15 2956054.1221506107
40 16 5568570.374019711
40 18 19755262.56775778
40 19 1522418622.694778
40 21 35595999.38494982
40 22 8549353.845453512
40 23 4427417.362049552
40 24 6633926.626511948
40 26 183840323.2280234
40 27 3190235.2496748026
40 28 2234720.0237343037
40 30 265816187.2146765
40 31 3079475406.63943
40 32 361020726.81888795
40 33 214985.54143302538
40 35 51215344.23365781
40 36 54103896.43166737
40 37 312366168.46005756
40 38 47084907.84223288
40 42 1076601.7134457105
40 44 170701537.063829
40 46 114205467.98896708
40 49 239000580.1423677
40 50 900560.999282031
40 51 3302849076.8512864
40 52 7463091.471764378
40 53 1453133.787937545
40 54 133704868.66668856
40 55 61894946.02002912
40 56 472129362.24555564
40 57 9938075.74680879
40 58 111354953.24673936
40 59 2826850.404165672
40 61 385859.68178942637
40 63 11463456.703357087
40 64 631687742.6828765
40 65 446754236.48733276
40 66 12125993.243680065
40 67 153455608.42555898
40 68 171529388.46424127
40 69 351026554.6773913
40 70 270908886.4560995
40 71 1190681744.2573912
40 72 453018252.47904074
40 73 14790981.299381712
40 74 2304017938.9650383
40 75 120544382.92720976
40 76 37078875.72463309
40 77 336326.622575295
40 79 1718533651.265575
40 80 29964221.552449163
40 83 65124739.04331665
40 84 204191775.18738234
40 86 3526710.864406634
40 87 8886477.973354576
40 89 654463647.0134563
40 90 1294471.6877374824
40 91 2861438.7504857187
40 93 16467234.755747562
40 94 3138159870.1850257
40 95 2356382.917594805
40 96 16505501.583410997
40 97 1581930.1598970243
40 98 997255.5182183767
40 100 20067314.339995887
40 101 575341325.1130486
40 102 80368000.04407033
40 103 52738675.514728785
40 104 392740.8992741496
40 105 80974332.96191454
40 106 776444171.058185
40 107 137671948.64636722
40 109 19497128.579135254
40 110 525911.7053559825
40 111 10907915.803165833
40 112 267085074.62629876
40 113 3289032926.9019756
40 114 310853366.5801692
40 115 1052316985.1538416
40 116 103696669.22103034
40 117 175180888.67436168
40 118 149772513.49547467
40 120 995553.2565595512
40 121 177340.05464218184
40 122 108555.5414275806
40 124 315073.2776388054
40 125 304086539.1421321
40 126 1285794.875356358
40 129 1111283271.4539635
40 130 185528504.55034837
40 131 15723702.821205381
40 133 268545126.62903863
40 135 998301.6274282183
40 136 16866761.566230886
40 137 235984280.23917073
40 138 3149355.1600400573
40 141 4256871.991335716
40 142 2195012832.394912
40 143 10687580.373645492
40 145 80304860.41229299
40 146 63054889.71514106
40 147 570427749.0084282
40 148 15784244.874831263
40 149 17483783.09282889
40 150 183844445.69074187
40 152 675895690.3602842
40 153 64556127.33623984
40 154 2256302754.0531583
40 156 2298669.4961939664
40 157 35205485.33965537
40 160 5003267.865306975
41 6 285162.2539640378
41 7 473204.1813947963
41 10 139985.8067320053
41 11 410416.782127441
41 13 91375.26536933199
41 14 5953.059175534047
41 19 732930.3689546359
41 21 166719.41719451477
41 26 112216.78815374343
41 31 4541.055748325449
41 35 356595.8690144632
41 38 94641.41854107675
41 40 89163.20759548564
41 44 175924.17065503384
41 46 194566.09082352565
41 49 147112.5123150826
41 51 30454.594651692154
41 54 567148.2823352746
41 56 20723.593267140095
41 58 41274.648632224314
41 64 878877.9437833849
41 65 58088.7226514059
41 67 208928.7314198395
41 70 58296.14994556555
41 72 301665.33251888497
41 73 116254.97013424354
41 74 171632.61675418922
41 77 185113.23940002854
41 79 1073348.7581401272
41 83 280044.52372223104
41 84 91996.64459018572
41 87 351693.5608908853
41 94 155273.69536983955
41 97 601362.6187211487
41 101 307794.0928357323
41 102 199032.05155735588
41 112 81745.7452993231
41 113 128071.20441943548
41 114 221041.26563109757
41 115 113379.74050615067
41 116 292229.1958725365
41 121 273863.18836520705
41 125 738852.0562920227
41 126 282461.35515762126
41 129 80487.33865599567
41 130 128197.81374358208
41 131 60086.56745592146
41 137 319327.20339202316
41 138 310605.8122824231
41 142 49330.560872303024
41 145 31061.017483249823
41 147 930203.4120921511
41 150 537726.9178354585
41 152 53066.174473543186
41 153 254680.33496205765
41 154 155424.54562579194
41 157 285066.08469678194
42 1 621408.0866376882
42 4 491727.1812355909
42 6 1637055.6299682127
42 7 2204833.419572095
42 10 86389.20177118489
42 12 43820.114682349595
42 13 1530078.96777788
42 14 157258.5154448712
42 21 4228639.50961759
42 24 1019180.5418764706
42 26 202261.2864470338
42 31 722493.736351487
42 32 3882833.351604337
42 35 1393590.4814421094
42 37 2889431.6120232255
42 38 6528763.513362805
42 40 188794.65283166897
42 51 386489.34517558856
42 54 581111.6190063136
42 55 2948120.2770271744
42 56 904900.9242754454
42 58 127533.54557333876
42 63 189904.25024022645
42 64 576129.686611018
42 65 2064380.9458636376
42 66 642962.0045212514
42 67 522619.30092011794
42 68 967716.9044945572
42 70 683385.9090604186
42 72 1973243.9565848839
42 74 224925.9746074037
42 76 3933117.2337405137
42 77 330637.6216300775
42 79 924400.0925601574
42 80 319933.60388337757
42 84 20516.000333166732
42 89 1816557.7598868373
42 94 232307.3435004679
42 101 590788.5568378344
42 104 50368.61401289487
42 105 159256.3569228687
42 106 3273389.2399295173
42 109 2490216.310449971
42 110 577536.2495478847
42 112 1580494.220060391
42 113 1802016.5561668521
42 115 322209.9841225079
42 117 328671.0122315709
42 121 899383.1591380534
42 125 7097538.4421246555
42 129 759559.8338128149
42 130 2985428.5704725347
42 131 559841.8598474519
42 133 1257249.5765247368
42 136 596412.7110446648
42 138 462602.4583824728
42 141 107468.18864451752
42 142 472195.6702362715
42 146 2513904.619053163
42 147 4159360.606606198
42 149 1096365.044260853
42 152 644460.9727240601
42 154 119515.11123468651
42 157 415056.46828075266
43 1 49467197.492044166
43 6 34466641.62176077
43 7 220577674.01109067
43 9 65232455.94933263
43 10 10685108.88229336
43 11 64967457.963409506
43 14 69485151.1903758
43 16 1544804.9841069442
43 19 166056260.50025028
43 21 3126097.6909723436
43 22 3887168.5691334894
43 26 33501094.844129775
43 27 2101161.8516480876
43 31 42849469.60547207
43 32 10225780.277431844
43 37 3546235.6027720124
43 40 14966404.912131844
43 44 53823375.95713983
43 46 21996326.870531145
43 49 32784527.3833932
43 50 1116192.7457590331
43 51 46253624.862481
43 52 6797653.944190667
43 54 404840452.5619803
43 56 46343280.07052869
43 57 3232372.2048835712
43 59 8858207.112294184
43 61 9351448.95616604
43 64 21806420.30088188
43 67 48355817.84739787
43 68 5435689.571195906
43 69 16276122.293019406
43 70 51822571.48260803
43 72 36704549.36144283
43 74 66222307.30685109
43 75 24993589.05532789
43 76 7235205.13275189
43 77 48062562.21731383
43 79 112242828.36536501
43 80 42971135.45526178
43 83 1822470.4455579312
43 84 7236079.4264943255
43 86 17870054.807156205
43 87 1762540.087913679
43 89 175489177.2231618
43 91 1218547.1862721422
43 93 15891812.011086684
43 94 227690853.17058071
43 97 99778593.45781623
43 98 21331662.37186464
43 101 1686429.1906735704
43 102 30423201.920326043
43 103 4285296.985070576
43 104 1509117.853106861
43 105 5580391.590017624
43 106 33799925.097381964
43 110 1468414.3915106526
43 112 63236837.033614576
43 113 240461216.6673792
43 114 79803331.24910843
43 115 57015029.75915557
43 116 9560574.077312334
43 118 7170824.4658958595
43 122 1136927.8193820715
43 125 78480981.81550582
43 126 42402522.38860117
43 129 31916164.509987563
43 130 94605189.92918086
43 131 19277999.10183005
43 133 41381120.02069349
43 135 2304540.4979962865
43 137 68356520.06641753
43 138 3343571.639812319
43 141 10328750.010418676
43 142 40081596.78015683
43 145 2905374.590921241
43 147 180298498.6989709
43 150 88375525.25321047
43 152 34827880.00545517
43 154 13749434.231240561
43 157 6343202.856906824
44 0 30201184.97073784
44 1 25204646.053591415
44 3 1487929.2956998409
44 4 29992817.583451074
44 5 13744935.29307091
44 6 61629671.24496813
44 7 2173498.9316022377
44 8 318303.9190816942
44 9 26293993.005950123
44 10 44884774.22293693
44 11 33898814.30156714
44 12 7095281.95050099
44 13 28606792.03058483
44 14 4388884.013117862
44 15 4034596.108275651
44 16 48238.42374188579
44 18 21617883.538640518
44 19 8595071.512864094
44 21 90163210.36497012
44 22 12823246.848113922
44 24 8314366.921218965
44 26 58512610.13883197
44 30 179494217.47451752
44 31 154030317.08732647
44 32 56990934.369421996
44 35 15567473.908449069
44 36 13296613.110358022
44 37 28201978.30100047
44 38 4944608.993723403
44 40 1088411.8447876028
44 46 22544247.03888924
44 49 45181695.67260868
44 50 22096249.035623744
44 51 13462403.08741249
44 52 1120190.498883747
44 53 385910.430485385
44 54 169402717.89861095
44 55 28378155.99083443
44 56 122277589.82880226
44 58 9990482.239516743
44 59 5245048.967416558
44 61 31288828.714112278
44 63 28067930.00375824
44 64 87148205.36859134
44 65 104903197.02846931
44 66 6273927.171202883
44 67 216834641.15356386
44 68 105790238.19032785
44 69 32199247.631645475
44 70 59124499.990473114
44 71 333475334.0127697
44 72 40291740.91418639
44 73 33874797.31653045
44 74 132482922.78246076
44 75 17876336.31431942
44 76 241267.42561346723
44 77 10259880.98633908
44 79 223198671.1967666
44 80 34825995.00390883
44 84 23441961.181773987
44 86 24653599.751273572
44 87 18110884.769770406
44 89 8321791.225792416
44 90 7708049.752224577
44 91 4990337.184960945
44 93 1477657.405938969
44 94 84003234.47861604
44 95 4753634.098730905
44 97 88739975.0915364
44 98 4892199.2625782
44 101 35947871.75080269
44 102 25386269.906249788
44 103 19192681.727306347
44 104 77189.59996842803
44 105 17102722.659679107
44 106 31561718.70847827
44 107 52026014.94922691
44 109 65546207.11541874
44 112 36747127.36508193
44 113 104777375.49685067
44 114 64622946.42248363
44 115 24955929.53584724
44 116 106075696.54540406
44 117 103412447.05526067
44 118 27030071.273983322
44 120 1224986.1429607004
44 121 2416551.3588448907
44 122 74185.15650070626
44 125 31072801.53570608
44 126 11192420.416912518
44 129 75338114.35483827
44 130 125156963.17930163
44 131 45389611.6734963
44 133 95678961.81359406
44 135 7941426.969458091
44 137 179240999.6159031
44 138 101854541.5374916
44 141 6190221.818101746
44 142 6013066.925453252
44 143 5109023.92006739
44 145 5738231.503677319
44 146 48701817.479702905
44 147 127138372.36521693
44 148 27660377.613837317
44 149 3906080.2578618405
44 150 205114174.1193127
44 152 146398598.8919536
44 153 18293974.01558404
44 154 220762842.68331903
44 157 124383219.23522325
44 160 17165800.752056465
45 0 12786713.50850439
45 1 11389658.02500393
45 4 9838100.893239148
45 5 403578.40254335717
45 6 162294362.09572506
45 7 42994612.89516687
45 9 16254289.854844706
45 10 2366807.478065176
45 11 107221201.28451075
45 12 26404255.722271707
45 13 8884751.009001123
45 14 15252076.611064825
45 15 7979735.267919088
45 16 2909228.99665822
45 18 20728518.78569088
45 19 18195170.40879272
45 21 44011898.64801152
45 22 3537882.36241846
45 24 64409525.619443856
45 26 27454657.338840775
45 27 1893518.8532064382
45 28 1358797.6116251156
45 30 49312704.546943545
45 31 104085938.21584706
45 32 45258539.624234736
45 35 12300990.062354825
45 37 75218711.39896616
45 38 51514988.93435938
45 40 34051295.4604911
45 44 39955364.09174223
45 46 199033140.7365473
45 49 202991118.35376498
45 50 134669.33227222587
45 51 59602721.3893546
45 52 5691052.877828468
45 53 179920.39683234412
45 54 15808565.190886192
45 56 2866986.764601328
45 57 6110678.494905482
45 58 74897663.70535485
45 59 7202471.020763059
45 61 14494039.932126166
45 63 39364964.939375274
45 64 57801814.79647168
45 65 220243.44677959612
45 66 80847949.64448184
45 67 201722480.56037602
45 68 38588735.44798767
45 69 4152881.7488021683
45 70 138926843.43760845
45 71 6604080.763971899
45 72 82642229.59119606
45 73 940800.2191619633
45 74 43051927.10781469
45 75 7508021.981323767
45 76 124531922.91033547
45 77 27312994.391342144
45 79 31972876.66799633
45 80 74186587.17308073
45 83 13917091.981870918
45 84 33521801.842517
45 86 50764002.25647799
45 87 11910098.408889217
45 89 162741658.19470108
45 90 14961628.164136844
45 91 1814436.7953251288
45 94 255853428.85750303
45 95 29505310.679138105
45 96 28554106.33531992
45 97 255442595.6575568
45 98 2815740.2598278862
45 101 31281189.59023984
45 102 334953632.32402015
45 103 13601178.832364887
45 104 4562536.569272618
45 105 107046.03772117657
45 106 58100144.6867891
45 107 2760072.835202211
45 109 5363165.664137335
45 110 5536181.378534461
45 111 15337928.492178943
45 112 49351070.90599923
45 113 186510260.7282405
45 114 85312755.503168
45 115 124779404.1464885
45 117 73341195.02168149
45 118 8094152.8612147635
45 120 3734804.9693320417
45 121 3613466.2145752623
45 122 905233.4767828152
45 125 16090988.681447394
45 126 51675540.84068233
45 129 78422648.16388205
45 130 48346608.42752559
45 131 109971900.76016116
45 133 85493647.17026539
45 135 21057928.303050704
45 137 16086158.82910678
45 138 91040496.75170848
45 141 19826996.350461185
45 142 38515766.850514695
45 143 4791798.313451962
45 146 16583343.403431438
45 147 124336042.43820512
45 148 81483676.70478141
45 149 4845661.245284316
45 150 7761854.638160927
45 152 118195258.19612445
45 153 12217881.069617597
45 154 80043091.80095968
45 156 7351864.063983756
45 157 121743203.59158477
45 160 1793976.855168442
46 0 40578829.528396815
46 1 87325499.59987819
46 4 54190298.39874523
46 6 23512685.20549042
46 7 20965402.879404888
46 11 2627333.353419246
46 12 8651599.482020823
46 13 85724336.3832177
46 14 4904054.691163039
46 18 9888592.974995242
46 19 10790076.55110998
46 21 105483567.41479307
46 22 1408969.2723276594
46 26 9647143.486350562
46 27 1620083.959991752
46 30 61851943.702829786
46 31 63295561.45849998
46 32 49818924.69495666
46 35 9612122.48276682
46 36 2754442.4357795133
46 37 1080187.2305566575
46 40 98606411.06427622
46 42 1409201.112280591
46 44 46673016.95541059
46 49 56088293.05895809
46 50 30919812.352904886
46 51 28343471.56555011
46 52 1230032.8822623102
46 53 2137655.4136698735
46 54 154435243.4082944
46 55 57821530.028106175
46 56 50850259.67827059
46 64 7419841.3839809075
46 65 191466262.81932482
46 68 104992502.06498694
46 70 80448970.76717272
46 72 15037052.207734212
46 74 8274633.526849157
46 75 90354194.41162406
46 79 191380030.27318776
46 80 21882513.418837033
46 83 34076362.850052424
46 84 38934988.339824155
46 87 9894596.812937403
46 89 6429109.106053365
46 91 9291863.125388112
46 94 117574857.86279431
46 97 28619657.311620653
46 98 3363978.4122030083
46 101 5940127.164041412
46 102 27455563.113611355
46 104 2415195.651404255
46 105 34504142.04532898
46 106 123233414.20837046
46 107 678527.2059655916
46 110 806749.351374936
46 112 6826738.437404369
46 113 44185516.26517718
46 114 158321517.85316482
46 115 57841946.58037723
46 117 3904355.328395751
46 118 42746323.66383594
46 120 1603959.1809264903
46 126 22453893.221235596
46 129 16763091.966462588
46 130 14002779.868851477
46 131 112949333.16040795
46 133 80210665.08967079
46 137 205339189.29983097
46 138 91236514.7057138
46 141 20731031.268590067
46 142 21991513.52555635
46 145 32585933.366686855
46 146 160738619.38373002
46 147 469552.81217158114
46 149 3371301.761610063
46 152 1450534.5650531612
46 153 1669020.3584372716
46 154 238506138.13999483
46 160 16073477.729203492
47 4 6488510.345650433
47 6 14670924.467332533
47 7 35756041.767461546
47 11 12685607.404187145
47 13 115693128.58113363
47 14 9532434.330754558
47 26 25326745.808472782
47 31 11345640.595328344
47 37 19550090.66198256
47 38 21782596.55706289
47 40 49659355.92991948
47 51 13918686.68037864
47 52 11066336.372033618
47 54 24872728.935764745
47 56 20473167.709585745
47 64 46841141.3441844
47 70 68438417.73718214
47 72 7467426.528101355
47 74 35640078.49558388
47 79 22933408.68297823
47 84 37875532.87130231
47 89 14761000.327985886
47 101 17930047.022694148
47 105 11718827.435082978
47 112 3066360.570737019
47 113 107966882.1875961
47 115 18440998.953625668
47 117 41785796.81370844
47 129 55028694.15479761
47 130 24091896.09607467
47 131 6699824.347624517
47 133 9657801.194506112
47 137 77386865.57835336
47 138 2657211.3465272263
47 142 33493388.82160755
47 152 29106995.099922724
47 154 3601631.400560677
48 1 3677037.2759331698
48 4 35769790.39751283
48 6 12926232.121033788
48 7 14719469.768827502
48 13 47860974.58428844
48 14 5495166.45199602
48 26 15910768.02572027
48 31 9798494.443555422
48 37 1435051.6850129843
48 44 22307523.84255024
48 46 493391.3426421257
48 49 18962271.046880856
48 51 26448465.022595085
48 54 18585333.881785657
48 56 10531400.756304044
48 64 42057843.685806185
48 65 30676421.326071516
48 70 3495966.1915742983
48 71 523907.15785502264
48 72 62311116.559491955
48 73 22166024.37269047
48 74 19501321.791225754
48 75 958240.6465542851
48 76 9849628.952605834
48 79 2913794.2825094652
48 84 5800265.354784702
48 89 14773233.572761407
48 94 6643560.947045121
48 97 159397.1833571577
48 101 11254640.90899023
48 105 8719039.190408004
48 106 23265546.421057392
48 107 18650596.930759843
48 112 19461516.32802457
48 115 15338486.471231263
48 117 4354064.105733894
48 118 7130442.760351647
48 125 7196515.5709965145
48 126 5888180.201368869
48 129 2993087.1192666832
48 130 10372318.456073817
48 131 6943092.993866497
48 133 3029065.516922282
48 135 12338232.911096957
48 137 19815945.568542868
48 138 7545057.079751686
48 142 747960.1153086288
48 147 16123308.340751054
48 152 557880.3042324595
48 153 31379908.739643868
48 154 23569474.617852293
48 157 35789424.84770169
48 160 7567430.216004743
49 0 6675048.268919011
49 1 102478287.46487473
49 3 3526478.765447923
49 4 357615427.1419985
49 5 6042459.378566786
49 6 891122270.1199434
49 7 87505939.40884423
49 8 28471532.95862583
49 9 988441.6494355738
49 10 199233019.56484923
49 11 22753153.393673953
49 12 629894.265532062
49 13 58292813.89672696
49 14 102167279.17861257
49 15 8572271.850311887
49 16 5485570.515919911
49 18 304108.39117323374
49 19 6245028.698564006
49 21 44605314.37920673
49 22 34124010.4973711
49 23 1426533.2470197347
49 24 1475343.5303510756
49 26 925369275.4578235
49 27 465713.7529677787
49 28 577239.8144927194
49 30 273293866.0226679
49 31 1398369342.431565
49 32 100185292.90898393
49 33 194030.66016427652
49 35 178983766.81011248
49 36 82962706.23279908
49 37 134109543.57821853
49 38 205519384.34573385
49 40 320763144.6436584
49 42 684550.8093635415
49 44 21965984.48476968
49 46 251223278.60794508
49 50 12730485.004149793
49 51 460163397.6519588
49 52 7327436.127689396
49 54 1793037511.5136993
49 55 1639565.558580239
49 56 420654325.96652454
49 57 27374.012145198132
49 58 94468197.8333974
49 59 2268412.635197891
49 61 8933766.46551126
49 63 37826596.405072935
49 64 882574119.6097077
49 65 572924881.9761664
49 66 59442489.253283285
49 67 27260697.197407413
49 68 148399934.48730063
49 69 40943162.02299946
49 70 1595205399.8106015
49 71 1504119555.318201
49 72 963699588.1886684
49 73 21968419.330227923
49 74 4243920525.4648247
49 75 14670929.464974564
49 76 34171556.04925936
49 77 12407935.904325778
49 79 728094220.3450677
49 80 164114285.61296603
49 83 44264747.08213159
49 84 794611.09164314
49 86 106174668.04899636
49 87 2172472.4657461904
49 89 745990259.3645415
49 90 13224111.165031524
49 91 962235.5713120007
49 94 36896021.981170595
49 95 19834082.91306111
49 96 216803.4232193748
49 97 84117502.98111065
49 98 12697359.874794552
49 100 2154484.608604837
49 101 781697850.2974342
49 102 1166263776.3211205
49 103 17926315.41783284
49 104 1796747.0109665392
49 105 18324461.095708176
49 106 198298862.23965186
49 107 18103703.133884773
49 109 7408617.097278104
49 110 22875588.98371949
49 111 229680036.97853824
49 112 19766977.85511232
49 113 356958586.79343885
49 114 2370576527.0696664
49 115 371876630.60832804
49 116 27290436.402830243
49 117 10141247.323086623
49 118 816222334.972091
49 120 4009919.0782613037
49 121 2740303.3161982056
49 122 1781257.3510332154
49 125 276363872.9827421
49 126 5256687.785592465
49 129 553602264.250429
49 130 236922929.43576965
49 131 123649658.04859757
49 133 424234024.23868376
49 135 4921498.787943533
49 136 3020920.060419212
49 137 659182621.4675059
49 138 212374227.18280193
49 141 5234888.32547924
49 142 197493852.30580306
49 143 4783319.888786573
49 146 133291542.99228011
49 147 518126937.40252846
49 148 42769454.35187084
49 149 5209305.274886785
49 150 329155407.02962565
49 152 128953015.84795786
49 153 18937841.899969775
49 154 1217746138.0246394
49 156 743530.5674803023
49 157 492470876.7231576
49 160 2038219.0011411046
50 0 827835.9580977833
50 1 976993.3486286143
50 4 11073867.929206097
50 6 352147.58145663067
50 7 4333196.074825961
50 11 2125031.3887784765
50 12 895516.8671268496
50 13 2108644.873866043
50 14 202755.03033218882
50 16 2900865.2961871657
50 19 1507052.3855363461
50 21 1155147.367641393
50 22 1176254.1574727602
50 26 4630886.920702402
50 31 1930448.3498007876
50 35 412618.2691733574
50 37 3212926.280872334
50 38 453456.85583615943
50 40 273999.31011855544
50 46 6330685.475670616
50 49 12046969.5254352
50 51 9152301.63462912
50 52 10236280.42471372
50 54 4093582.348350316
50 55 6848381.588516012
50 56 3264847.001539164
50 57 290634.3615422079
50 61 357208.68124041025
50 63 3083648.2903022766
50 65 11451356.20815176
50 67 3184683.0543697625
50 68 8207082.666028096
50 70 1399962.7177374482
50 71 1222371.4064537098
50 72 6815223.3029414285
50 73 3328304.623562093
50 74 1049751.9929118739
50 75 9050523.468594769
50 79 77276.1038707583
50 80 5391563.420352364
50 83 1239603.1710213476
50 84 884686.9131915536
50 87 3515259.2449963386
50 89 4464352.6182316365
50 91 227850.0621666338
50 93 6370226.60222709
50 94 1186766.5081089195
50 97 3410626.0336029157
50 98 2219962.7745770165
50 100 343633.86563172995
50 101 5176844.505280482
50 102 18451061.85016509
50 104 1697268.4749859695
50 105 597899.5064800781
50 106 13358591.5289258
50 107 4064429.060897226
50 109 3223102.5846966747
50 112 14993235.770457625
50 113 7571025.093889682
50 115 3761146.325423655
50 117 644635.509844469
50 118 129546.7891535097
50 120 1902608.3300777958
50 121 6681429.0105853025
50 122 846205.4350245439
50 125 3272013.6779070375
50 126 3714803.947108791
50 129 665625.6153966216
50 130 5645896.857446764
50 131 363735.34106664255
50 133 617063.508078967
50 135 3013889.834505461
50 137 2934989.8815681413
50 138 8912222.525122099
50 142 3365142.7498720596
50 146 7461838.121616726
50 147 8302180.669254784
50 150 653169.6258068801
50 152 1512903.5387923606
50 154 1287603.6416910856
50 160 3108424.091236739
51 0 12094762.421281053
51 1 109696393.75238477
51 3 5043076.449828063
51 4 461259785.41637576
51 5 17542053.04471512
51 6 971469334.4729807
51 7 1814774751.4040155
51 8 45448226.09112873
51 9 21134141.963785473
51 10 181556687.33063778
51 11 45411434.0854496
51 12 2913745.515709717
51 13 172358879.23023733
51 14 479419548.0685114
51 15 6432488.809375423
51 16 6399500.20859628
51 18 9019685.233855302
51 19 7101295104.398702
51 21 294115309.21665424
51 22 1159119.2403919485
51 23 4592061.641231904
51 24 15116687.72216515
51 26 12326428314.542261
51 27 4568173.770534484
51 28 1665339.5876273615
51 30 964458058.4953892
51 31 1008525251.1541975
51 32 37948514.44727368
51 33 2863217.9964543185
51 35 205143948.74597013
51 36 43971332.82709966
51 37 132767700.01918465
51 38 130269902.91212638
51 40 352834777.08755684
51 42 5369705.298204768
51 44 578616.0971662347
51 46 15272592.553931968
51 49 570286231.3003354
51 50 2177772.3009105204
51 52 3824274.3907349934
51 53 2072772.9062580059
51 54 16496637660.625309
51 55 24333935.924148683
51 56 7538100.29738654
51 57 1203531.0147729318
51 58 3411028.0991704026
51 59 9453493.384059457
51 61 3762155.3387429346
51 63 6938769.129723251
51 64 418290988.6601223
51 65 1125719015.886167
51 66 41872577.50284019
51 67 1396679131.501479
51 68 51922170.0813749
51 69 114023153.9867018
51 70 2133492983.5189755
51 71 601134898.9160256
51 72 15586630899.177029
51 73 15038808.824240446
51 74 10731258615.224482
51 75 14524437.780719604
51 76 115970650.66192926
51 77 10034883.912062654
51 79 2481038388.66742
51 80 233331896.44933003
51 83 47826636.64018846
51 84 10998728.036787791
51 86 21125715.51291728
51 87 8039737.0201304285
51 89 776977239.346212
51 90 6837628.2471757
51 91 6920312.766582517
51 93 39917363.88276186
51 94 3674137258.9188747
51 95 3790934.777214901
51 96 21184838.205535717
51 97 244307397.96941614
51 98 9244292.261425996
51 100 25984667.528279368
51 101 5226877869.291042
51 102 381919119.6180181
51 103 19795938.09038564
51 104 10964225.524411038
51 105 17599748.56827079
51 106 883024450.9358377
51 107 177853867.91623813
51 109 42261223.37439513
51 110 10010057.965104518
51 111 39362121.34372751
51 112 192740510.17385387
51 113 124617554.17894618
51 114 1512885604.3191295
51 115 60378694.47067212
51 116 41082114.02044023
51 117 194675191.69827184
51 118 346646856.0256487
51 120 355025.8797954029
51 121 10896123.26839632
51 122 1189937.013212577
51 124 1152301.2662682168
51 125 938165134.7157636
51 126 28731408.761344235
51 129 5189342499.762152
51 130 65611743.160135224
51 131 309576768.6767831
51 133 5293106102.34092
51 135 101837708.74771059
51 136 7066168.256582679
51 137 5687712610.678809
51 138 7240986311.991901
51 141 94271223.14083593
51 142 1758006271.8601449
51 143 535430.6452070434
51 145 17885703.26272453
51 146 301478807.5092722
51 147 4784289266.378845
51 148 71050544.56346844
51 149 6329227.302010685
51 150 80839818.02683158
51 152 16467633643.933735
51 153 2826450.2083758125
51 154 18116289261.068092
51 156 961272.4630017176
51 157 99931900.16381626
51 160 562517.7742305468
52 0 595292.6078056309
52 1 19869235.474723354
52 3 1324925.1320689258
52 4 168104379.48305094
52 6 37413519.46199584
52 7 174970864.81412783
52 10 58132539.54512657
52 11 5964921.621704843
52 12 2854340.4296157286
52 13 52897840.15299883
52 14 32629798.588468216
52 18 2658013.898478101
52 19 73865861.5538031
52 21 24692929.882634047
52 26 29283231.853953287
52 30 35227788.41897155
52 32 88214309.57797757
52 37 7799544.980220045
52 40 3510766.4373028623
52 42 4477341.545805187
52 46 7586659.649468182
52 49 76336037.90563935
52 50 38941045.71037345
52 51 7901218.07639658
52 54 68256461.56691541
52 55 139877474.06597883
52 56 80919105.52557689
52 58 68387989.6215974
52 59 5290236.600705053
52 64 81980722.50091608
52 65 76147166.83794798
52 67 316522641.88257015
52 68 13885881.818090694
52 69 13645483.74290194
52 70 4087073.577916855
52 71 44593182.62838991
52 74 5442751.526998881
52 75 5389334.1506757755
52 76 23282886.01717959
52 79 140371950.17657235
52 80 35592522.456920184
52 84 79393701.35772629
52 89 178155184.88565242
52 94 34732424.91032332
52 97 107441369.95792387
52 101 39349440.37496112
52 102 28551671.283547603
52 103 53452322.69150833
52 104 14940296.175702294
52 105 3516950.687052222
52 106 3551206.1475600996
52 107 3221507.9328531683
52 110 32850789.248356294
52 112 23626862.340352215
52 113 27178951.05935329
52 114 21702139.361573014
52 115 183384201.44536036
52 118 62285280.20540933
52 122 335920.70385243447
52 125 110802868.71867125
52 129 122530711.3471039
52 131 40995466.43768464
52 133 1779853.0860238078
52 135 1158647.417568014
52 137 12320487.559813756
52 138 131221096.79698914
52 141 24282815.940459147
52 142 126722159.26123291
52 145 30409128.347140666
52 146 40724333.9130355
52 147 47949240.3076029
52 149 10494228.731341455
52 150 77777261.26074527
52 152 78504098.98038858
52 154 227046351.36084163
52 157 12633605.56377233
52 160 10104295.120011536
53 4 6232.499308342116
53 6 67490.42216852515
53 7 498736.9138928027
53 11 1008483.3399357371
53 12 590894.1838780518
53 13 153223.38355111788
53 14 99134.54870157786
53 19 480496.81273660355
53 24 279503.3001882098
53 26 239958.61492637626
53 31 97455.04533336915
53 32 218064.16763215142
53 35 227695.06079511007
53 36 1277048.3257470585
53 37 1468362.6947036723
53 40 400237.60767771065
53 49 549439.2236245346
53 51 636740.3450655369
53 54 100603.73674648005
53 59 191457.06659858327
53 64 1048584.116778503
53 65 169958.09215688167
53 68 749596.4143267554
53 69 168258.24952161466
53 70 1708435.901928856
53 72 191206.46078159107
53 74 2093967.915088807
53 75 1189964.10152588
53 76 510760.2146788974
53 79 47978.32460160131
53 80 58085.156199193
53 87 84044.99029935116
53 89 547232.6465283593
53 94 160744.99787805747
53 97 120456.79567896141
53 98 201149.60088799303
53 101 2268571.0350658065
53 102 280888.549649953
53 106 1387904.4375648608
53 107 1791620.6913586638
53 112 18441.95497478694
53 113 1530426.4561424106
53 114 4346543.219799885
53 115 232462.03788091362
53 116 954671.2303126707
53 117 580671.772671081
53 118 1356542.1915046186
53 125 9406.28490675106
53 129 478387.17929674644
53 130 2014731.3502849708
53 131 980265.2698047708
53 133 1017228.5472611324
53 137 590585.3795350312
53 138 1444252.414504701
53 142 382172.65543707204
53 146 927908.1817649453
53 147 37612.161150522596
53 152 930659.1295519144
53 153 1466910.0587073269
53 154 206778.12024537465
53 157 33836.80586344028
53 160 304720.30460309214
54 0 46395123.07613584
54 1 168367033.4642369
54 3 9463092.280125543
54 4 326961859.2479944
54 5 1734384.1377488014
54 6 807458290.5398973
54 7 621840962.646627
54 8 5555877.585865911
54 9 35744390.079015255
54 10 8706925.98945552
54 11 22791477.959937014
54 12 62732727.6945179
54 13 8691704.034333708
54 14 1065252471.3290523
54 15 2786556.720045936
54 16 15407374.388408912
54 18 7590466.14594461
54 19 2759026663.972938
54 21 30041596.355729997
54 22 31211380.657682784
54 23 3888127.95937648
54 24 24548386.204801854
54 26 417139126.2149111
54 27 824399.6893149012
54 28 224915.37221635343
54 30 267274506.7038911
54 31 3473357156.9641066
54 32 303199950.6289153
54 33 722198.6412864958
54 35 82799926.43423465
54 36 17593417.561892655
54 37 340545574.63448316
54 38 128791585.3521548
54 40 1259682752.9046109
54 42 359379.9369946473
54 44 24990356.4384934
54 46 51635788.773168966
54 49 692644007.1169554
54 50 3633869.460818882
54 51 25373810936.700047
54 52 4367290.259505669
54 53 3546810.1720668217
54 55 13168377.740358453
54 56 230338936.4543355
54 57 4145466.5251529803
54 58 22462111.062287502
54 59 959881.1499418885
54 61 168893.2952344881
54 63 28189884.683302365
54 64 12945450179.40374
54 65 169791709.30966467
54 66 126699188.15210144
54 67 956821828.9710703
54 68 1369016591.865177
54 69 1041750208.5181794
54 70 2228431206.2034755
54 71 662365164.6874311
54 72 26127999084.459545
54 73 120776712.2440522
54 74 3635175716.149689
54 75 13354857.567210823
54 76 46206433.13079021
54 77 91650886.48418438
54 79 7823379864.91114
54 80 71141242.2809476
54 83 82291245.60947958
54 84 21354785.52955047
54 86 107148656.22072926
54 87 1500438.2031990767
54 89 3156248259.4571223
54 90 22605084.40989559
54 91 8443230.367798584
54 93 32156410.754549425
54 94 5465948368.13885
54 95 2167229.0775526036
54 96 16472533.529888477
54 97 587848048.1981747
54 98 1206422.4049285625
54 100 17984688.27456654
54 101 17427744911.95555
54 102 214930908.38720638
54 103 37925925.605133645
54 104 1728960.0167552924
54 105 38015941.23192009
54 106 1007865570.7228818
54 107 19999964.600527354
54 109 60380439.452202015
54 110 5640552.608046999
54 111 17552928.934831537
54 112 260026266.3334493
54 113 797361049.1757823
54 114 1483125363.9277828
54 115 380625126.0307343
54 116 54546473.60236215
54 117 45896817.0603478
54 118 2054795239.3620048
54 120 304809.38419636973
54 121 4407327.164552258
54 122 781832.2447571198
54 124 93070.59311460951
54 125 1016859773.592058
54 126 8329048.571570597
54 129 4744799147.951639
54 130 145588417.84920746
54 131 59162858.36000699
54 133 1313981832.7616794
54 135 167872.98347355437
54 136 3293421.7115654587
54 137 4904814429.681953
54 138 2649268358.195404
54 141 8404744.319132581
54 142 269062365.68895537
54 143 814885.349794832
54 145 46990299.13073569
54 146 149567821.63584137
54 147 222117926.9136681
54 148 28114816.143709723
54 149 2908902.418307984
54 150 134760140.95018804
54 152 2232844095.3021436
54 153 56266865.23569614
54 154 185690925751.73535
54 156 64069.04257352377
54 157 126489530.73083122
54 160 9022685.475106688
55 1 12953724.825431427
55 3 1337425.5252020173
55 4 6591706.91626167
55 6 3664460.741738886
55 7 4623025.737673773
55 8 9748967.217540989
55 9 201505.21266357388
55 10 177180.64528776944
55 11 3290943.378406578
55 13 8535914.868864264
55 14 62266708.37929892
55 16 4867006.250135547
55 18 3433069.5239819568
55 19 1908523.7932245764
55 21 4352709.341214089
55 22 7230901.705331251
55 26 4578293.3991261
55 30 2191744.079375275
55 32 9720324.368910836
55 35 30291440.05601201
55 36 50343285.32790251
55 37 9582760.543443035
55 38 36046900.586524785
55 42 3273604.9895786317
55 44 3021515.3918777048
55 49 28135372.252794497
55 50 9877648.557243254
55 51 2914866.6503247265
55 52 6195761.877073207
55 53 621928.575901181
55 54 11154047.635360189
55 56 10602220.083339408
55 57 520974.451628183
55 58 17096705.952437792
55 59 11667406.634547707
55 61 3297851.985811855
55 63 3344130.137260577
55 64 17829809.22668754
55 65 14549722.694756705
55 66 941537.9738653752
55 67 732231.6377889434
55 68 2633651.809739198
55 69 26266775.701111175
55 70 9355682.823749868
55 71 18374392.81220517
55 72 26562521.226128347
55 73 2206201.286278382
55 74 9119010.41456607
55 75 1293184.9564317772
55 76 5351768.693460287
55 79 5252705.344065347
55 83 3497530.2200306067
55 84 5966517.54385709
55 86 15057484.74327459
55 87 15405898.652579905
55 89 4118467.333247148
55 94 21456243.05094279
55 95 4824157.232384735
55 97 20567912.02987931
55 100 2234463.752104234
55 101 100141119.34977083
55 102 45490657.4061475
55 103 7914319.917783677
55 105 767588.3534559045
55 106 835042.8327554115
55 107 18301556.46619474
55 109 4219382.517595831
55 110 47892963.01144772
55 112 11297243.384667646
55 113 36256945.28449554
55 114 37822222.28641295
55 115 24565589.002138767
55 117 17025248.603408776
55 118 9139371.57755889
55 125 28085177.397482507
55 126 2768911.6276474902
55 129 2016908.2412984555
55 130 10342450.516149845
55 131 6370483.988597653
55 133 21979941.236977007
55 135 7611341.825104192
55 136 412661.7108705432
55 137 2652257.747888699
55 138 26175282.589289706
55 141 121443.54495449246
55 142 11741064.224216403
55 145 57606928.79198377
55 146 42922193.73738835
55 147 6810668.370099362
55 152 3894678.80301536
55 153 1258822.6936050446
55 154 13669199.10422417
55 157 19798200.128540706
56 0 5101320.974669739
56 1 14425698.67433327
56 3 2080415.030119948
56 4 42721824.49611405
56 5 4238111.662874313
56 6 120222080.03664698
56 7 178920284.31907278
56 8 12409949.862361157
56 9 15257163.688145265
56 10 5873213.81749509
56 11 25843537.43926181
56 12 9973354.900373211
56 13 48739726.83846068
56 14 18423984.552891564
56 15 2570270.2411751235
56 16 6000323.984665798
56 18 47868766.836414285
56 19 68023918.52896512
56 21 26885423.987126026
56 22 6019304.332386222
56 24 1245579.0736990022
56 26 316501290.2729873
56 27 2210309.2203026023
56 30 25858621.997644387
56 31 34071751.04139348
56 32 44206430.75158208
56 35 37391086.59671077
56 36 17157714.91932052
56 37 21725915.907720443
56 38 93932723.50742567
56 40 30047904.46060568
56 42 3659040.854064031
56 44 19182100.793832585
56 46 7138646.259179214
56 49 260277367.06132257
56 50 22317190.577375405
56 51 102932157.89578874
56 52 1427998.4173404654
56 54 173496198.7917966
56 55 27596137.794302545
56 57 2829329.2296232833
56 58 68770379.62659228
56 59 7284523.325331778
56 61 3981222.1845497084
56 63 22120889.178031556
56 64 65799117.15486517
56 65 17166690.06845075
56 66 134916410.76399913
56 67 32294820.92988149
56 68 2805915.5912275924
56 69 44615314.095014274
56 70 60824178.93838755
56 71 765599008.390295
56 72 340435925.57927716
56 73 29434110.499343365
56 74 86776685.55219015
56 75 24026932.724288303
56 76 170025187.10851392
56 77 18810459.669927597
56 79 275078990.5440211
56 80 83586947.00624573
56 83 41020432.03116557
56 84 292999438.86117727
56 86 8288964.211428901
56 87 22586371.0269844
56 89 350636496.4299981
56 90 19990187.828271892
56 91 751735.7147287834
56 93 475589.3350833904
56 94 177326684.72614256
56 95 3025813.0638929773
56 96 10976498.750353862
56 97 30125967.744143814
56 98 1817506.495338907
56 100 36414484.72444399
56 101 107736386.1320268
56 102 165661736.6305096
56 103 1829748.235333624
56 104 2415.625665381599
56 105 20953836.499320544
56 106 56656071.049301215
56 107 41893639.63814954
56 109 93245654.01676017
56 110 7996129.708082548
56 111 22856804.742481567
56 112 263960138.75765154
56 113 372209699.7025558
56 114 661283467.6596323
56 115 578156385.1054848
56 116 10948568.116168521
56 117 36720740.792462476
56 118 87934641.59876505
56 120 1481057.41983035
56 122 3311249.508476401
56 125 142935470.17254323
56 126 7755261.186790039
56 129 23451377.072609868
56 130 33227595.180964325
56 131 103723253.1905007
56 133 368683046.5776708
56 135 607849.7168746722
56 136 12667939.094048044
56 137 67070284.47063009
56 138 57194352.83693536
56 141 31234742.544127133
56 142 151276004.76576066
56 143 2178126.2937295134
56 145 33587216.55760721
56 146 58267342.10594487
56 147 483906297.326589
56 150 26637513.888819493
56 152 290886026.9694406
56 153 19742111.82435945
56 154 203923570.59553593
56 156 1285724.8551387142
56 157 75376586.81616703
56 160 630971.0129676567
57 1 3594439.6108544236
57 7 138484.9112028997
57 10 828545.0668615437
57 14 208108.2618701236
57 21 53367.757917157425
57 23 1188683.250255388
57 26 1299653.3829241183
57 31 28934.529529648516
57 32 1018824.1043051664
57 36 1740750.6086785272
57 37 566624.5085619477
57 38 42307.0102069005
57 40 607744.5355627204
57 49 2934613.500807443
57 51 1189098.7032296997
57 54 175563.01656945652
57 56 373694.11081187753
57 64 1799991.0070459745
57 65 395985.87948062696
57 66 877848.7469970749
57 67 148112.2305012908
57 68 1947684.4939731287
57 70 881167.0363133702
57 71 1239964.0364573642
57 72 402175.3155019942
57 73 1803292.696410673
57 74 526255.9088876301
57 83 95691.69982358524
57 84 262914.9730470154
57 89 2308368.7428198173
57 94 835303.4365720999
57 97 956580.7597102207
57 98 359676.2560191509
57 101 1351091.2368229872
57 102 2031570.2879428356
57 105 93525.72303662254
57 106 2298580.7915171036
57 117 180914.7288689181
57 118 2057236.4662539216
57 120 474055.06136491377
57 121 234845.11014002416
57 122 1031347.1267236817
57 129 4040344.2851027166
57 130 1611016.1312762224
57 131 754882.7663872787
57 133 87651.47784003458
57 137 91496.15175234085
57 138 1403035.9820116756
57 142 423641.64287540026
57 146 612970.4287398085
57 150 33816.20214186492
57 152 1442856.1420277937
57 154 982124.4098945077
58 0 6168806.601625083
58 1 27228448.645931978
58 3 1646879.25861544
58 4 42045605.10982568
58 7 919519.6577567668
58 9 390952.46991576074
58 10 79497874.66750866
58 11 8932720.836726835
58 12 5537548.347989187
58 13 11369058.792828025
58 14 149447738.25908917
58 16 2019735.5263004878
58 19 8504074.614847152
58 21 1450512.119021219
58 26 116867638.1858088
58 31 122085434.84048048
58 32 42171587.33762583
58 33 1016027.6629170062
58 36 25385013.803705256
58 37 11321463.756833853
58 38 8289371.946216414
58 40 22753581.102242004
58 42 73560.05872642498
58 44 90692907.54983598
58 46 30102367.06920505
58 49 22635585.622175023
58 51 114079275.0753774
58 52 15589783.577142298
58 54 295102245.5692437
58 55 75935747.53706788
58 56 278004384.87894076
58 57 4110858.932139956
58 59 1278192.867312704
58 64 131135296.72601184
58 65 111305719.68169586
58 66 5402381.796203543
58 67 48148460.61367737
58 68 5944551.015229451
58 69 221479529.3265465
58 70 25691747.281722613
58 71 134948735.05019483
58 72 81294052.93578756
58 74 7784087.045004261
58 75 7246818.106971879
58 76 62469308.62945178
58 77 2835131.2735823723
58 79 69564860.40705094
58 80 36160088.503687814
58 84 41814835.80281707
58 89 114024826.65463974
58 93 46202045.79735852
58 94 106713017.53092633
58 97 231588615.89183706
58 98 6717341.562854603
58 100 21927706.689135868
58 101 81373774.42863753
58 102 17134830.034776215
58 103 16789512.232995432
58 105 50884680.942632794
58 106 113644722.75745492
58 107 34775566.41076513
58 109 1606073.0481204393
58 111 2577717.3140308973
58 113 53461147.51101271
58 114 38897010.52997767
58 115 37574515.74980008
58 116 27862808.870876193
58 117 47087131.42013188
58 118 93707399.59400566
58 120 1674049.4355515284
58 121 19017024.278155237
58 125 91391635.73079054
58 126 19863701.538359426
58 129 76880146.22521213
58 130 40986693.839802414
58 131 9493369.51861394
58 133 53298262.40403687
58 136 15027486.906654522
58 137 174802003.95177868
58 138 58765292.54171217
58 142 2324219.719476943
58 143 4715484.098110202
58 145 12015835.795889772
58 146 16614927.558021283
58 147 119765398.77147277
58 149 8826028.54777836
58 150 12093775.328327797
58 152 115072609.01481971
58 153 79515463.62208396
58 154 5999808.574268397
58 156 841768.161081833
58 157 8876622.235243324
58 160 4173248.7001421945
59 0 1060866.363636333
59 1 3079601.897219354
59 4 4248725.336502739
59 5 5734491.840583927
59 6 5216538.195675321
59 7 10192798.328725915
59 8 5565887.578129725
59 11 1066504.2104430895
59 12 80066.04938110213
59 14 7641836.004668472
59 15 1513338.7453775946
59 19 3244885.63842028
59 21 2699971.260481249
59 22 5021039.182718337
59 24 4176345.822168767
59 26 2621828.171630493
59 27 1347169.5546279645
59 30 30936945.06652314
59 31 2821305.3009810946
59 32 10612425.933018308
59 35 6271302.54069185
59 37 8134262.176218085
59 38 31627510.191860445
59 40 6730083.722360175
59 44 11016384.908735737
59 46 44926109.462795794
59 49 1804917.704033358
59 51 5198706.569208342
59 52 6173357.0467306115
59 54 14420672.292992543
59 55 14370221.197503833
59 56 6768118.768040638
59 64 5474124.11863856
59 65 1183488.391870583
59 66 2043479.0663898257
59 67 10189913.147628326
59 68 29319241.009897515
59 70 9365767.59846786
59 71 25940976.331888765
59 72 4614400.219787393
59 73 1732593.4841548277
59 74 20926332.59857798
59 75 21578267.548156403
59 77 1035933.8221479595
59 79 6229856.1573536405
59 80 1629240.1583776511
59 84 3467962.203066733
59 89 3873126.509756989
59 91 31770915.448101755
59 94 28756682.30767309
59 95 9480166.88480793
59 97 2410965.7857894623
59 98 2808258.2507448522
59 101 28133501.256888032
59 102 69929602.18538752
59 105 2968462.3716991534
59 106 24268589.950158264
59 112 1214020.3970816524
59 113 37278714.581426196
59 114 1699243.3718563733
59 115 9710281.013955448
59 116 10961982.907608274
59 117 5284779.476185929
59 125 16728135.48757926
59 129 3510078.1022107997
59 131 20420947.21641022
59 133 3266340.6904321797
59 137 30092267.871703867
59 138 13603205.42873203
59 141 12746914.855812658
59 142 8640181.32957518
59 145 16898645.967359036
59 147 50039699.39527412
59 149 3667133.547172742
59 152 11525343.513675548
59 153 13281207.426863462
59 154 235772.8636484625
59 157 17970939.688626513
60 4 2074108.362491913
60 6 1485752.2914848167
60 7 3506105.00112318
60 14 5075818.747129443
60 21 9009998.584314799
60 26 3854909.7726341053
60 32 7706370.836623439
60 37 2561827.6201275922
60 49 883244.9166692559
60 50 1154787.4635448542
60 51 1864854.2338055905
60 54 3349851.1672562407
60 56 3004288.1349761994
60 64 2686999.7726955414
60 68 4431637.698483403
60 70 12899540.256685432
60 72 256241.2508210846
60 74 2547142.9528153585
60 79 9286601.497011062
60 80 3040381.4294549
60 84 5061469.540249513
60 89 1954536.9266683373
60 94 758127.1743646049
60 101 661214.7964020297
60 105 831505.3117554488
60 118 3252959.3053137898
60 129 3235700.8512850613
60 130 459012.15494919854
60 131 16057792.589285012
60 133 1186299.8372509973
60 137 13423418.063614476
60 138 13163143.22629973
60 142 5234022.457507381
60 149 1160766.9540378975
60 152 2484197.2027188907
60 154 2180186.77039785
61 4 3323593.8655544096
61 6 31550425.267436545
61 7 8904027.133312486
61 10 1192023.4103776417
61 11 6602391.058236486
61 12 2282099.1521888706
61 13 30043563.960741375
61 14 28447388.901566923
61 16 678606.9248076562
61 21 2205692.2780157398
61 22 6535214.701758557
61 23 1237731.402249551
61 26 21875767.210344583
61 28 801813.7889305949
61 30 24502717.837979436
61 31 32067918.767982263
61 32 2715708.344114948
61 35 9593640.542364705
61 36 7106834.633460102
61 40 424925.26253620134
61 44 253830.44492884417
61 46 27708342.108820625
61 49 5883949.43551733
61 51 17500566.13005721
61 54 18756375.145182617
61 56 9887756.78479486
61 64 19013571.61859009
61 65 21726717.558291312
61 67 13647066.603763279
61 68 1533126.990946829
61 70 2977398.3485196847
61 72 3112129.51290387
61 74 1283351.301266543
61 76 7343504.494977534
61 79 8760957.25716331
61 83 725860.3522868328
61 84 5304915.003126095
61 86 7171126.029719562
61 87 4945166.88182329
61 89 5126665.926692945
61 91 586797.8529575958
61 93 2308963.439918526
61 94 1227630.6820688965
61 97 9896254.789426655
61 98 4010448.0553457364
61 101 2008775.8633059151
61 102 7072583.432485409
61 105 12936919.737336436
61 106 3408504.048753631
61 107 561379.0158656447
61 112 9031487.490553604
61 113 10813793.306957534
61 117 7878494.692737124
61 118 6440883.937050312
61 125 6814133.970859523
61 129 24980199.749867693
61 130 16002942.99012124
61 131 15962321.007597784
61 133 7487226.685856213
61 135 40936596.74266169
61 137 11054628.813801091
61 138 2102091.8624521224
61 142 7166110.576407209
61 143 2691215.185302344
61 145 18429372.311536346
61 147 14711323.076364638
61 149 7747809.657117071
61 150 6997290.303241514
61 152 5523477.898885262
61 154 1261286.5212872683
61 157 13420376.506010564
62 1 1975284.5475132829
62 4 2926645.599065117
62 6 3270061.2573706238
62 7 1137671.4034897387
62 12 1191005.4281915387
62 14 382693.19095340365
62 16 4471150.432109216
62 19 9897366.679692166
62 21 5565224.817704502
62 23 1750811.7735763146
62 26 1148810.6723556467
62 27 5457945.798915862
62 30 3252805.613238996
62 31 4530803.992289733
62 32 5296860.896385867
62 35 3766249.199103648
62 36 2119162.56030625
62 40 5163311.33305211
62 44 7131909.23162497
62 49 2353366.1263621887
62 50 2221579.6707110135
62 51 2162589.706098716
62 52 1503079.2307389686
62 54 4101549.627729773
62 55 2403818.6823877557
62 56 4376160.180511561
62 57 2590762.6041240087
62 64 917077.384089029
62 65 1981407.1589840348
62 66 1230885.5866535397
62 67 5766435.5097862035
62 70 1803890.2266385765
62 71 828335.5761759516
62 72 2027343.0097689223
62 74 17492247.039531022
62 75 1744550.115553757
62 79 7069329.337868079
62 80 1415342.6247657717
62 84 235894.32073729526
62 86 2642739.5677829194
62 87 1107208.7352969942
62 89 2362117.2914829324
62 90 1025241.7362443279
62 93 6663262.771263964
62 94 17212390.537040193
62 97 3135658.5593733457
62 101 5116706.555069992
62 105 16680822.327010397
62 106 5698736.469067414
62 107 10229359.882141469
62 110 20285865.948080797
62 111 1167477.0627495532
62 113 3324159.1193636423
62 115 4253086.558807642
62 116 17248357.9911073
62 118 1982001.6629434759
62 122 229541.36589036803
62 125 4528875.534353783
62 126 3712331.2246778957
62 129 5413954.989576074
62 130 10823161.493837258
62 133 14302512.431598483
62 135 2110844.2142535667
62 137 12453413.088511735
62 138 369769.470246768
62 141 1460682.6753060303
62 142 7381631.458017316
62 145 5735444.294839717
62 147 3182517.8691086248
62 150 2414317.5316934474
62 152 12107492.243047616
62 153 305063.23001887684
62 154 5989346.105529417
62 157 1293685.7561109206
63 1 125181835.93499713
63 3 14520767.825420273
63 4 19813411.773893673
63 6 59668744.3449531
63 7 79295893.90609583
63 8 49903553.8501196
63 11 37996093.31335562
63 12 3584672.9089247542
63 13 30371910.48247192
63 14 76280863.14677727
63 15 7911297.545708749
63 16 2296916.568449843
63 19 16535717.002473766
63 21 22971408.445506953
63 22 1267060.3107335868
63 24 7974686.879541013
63 26 5333327.835035208
63 27 7381480.938798244
63 28 216949.01606573543
63 30 358478906.8814567
63 31 4032834.0803852836
63 32 42262298.9206278
63 35 33135714.077371333
63 36 1128201.6581074868
63 37 81559772.1473216
63 38 13869649.510578198
63 40 213894936.82769218
63 44 30145026.03780724
63 46 4709085.025845077
63 49 3912053.888340399
63 50 46830754.47872306
63 51 44149284.18598549
63 54 78856793.8795599
63 55 58256747.95179041
63 56 20105212.8792533
63 57 2686713.1670604683
63 58 17917829.42559662
63 59 1085909.6504929774
63 61 8676878.919022486
63 64 67800629.55798596
63 65 4282035.4871907635
63 66 59470136.141895816
63 67 23389992.08927482
63 68 31492693.943124637
63 70 51011748.816269115
63 71 56402295.51380332
63 72 28367089.342616368
63 73 6391017.799118815
63 74 121264953.46656513
63 75 125563090.3257276
63 76 6108837.990614856
63 77 36022117.24857973
63 79 133920894.06958382
63 80 36281489.06271402
63 83 74725680.7895672
63 84 2374417.1527198143
63 87 34752204.404320955
63 89 13224294.516965387
63 90 3935323.139456372
63 91 16292319.989163943
63 93 3093285.184786525
63 94 18954200.50840661
63 96 19547526.366914995
63 97 32200739.032744285
63 100 13663990.439614369
63 101 66530611.14774903
63 102 39841129.89255956
63 105 20773611.13348746
63 106 71163345.50025159
63 107 166385843.1353243
63 110 2837485.23115062
63 112 51687282.00847567
63 113 26531717.052182537
63 115 185287013.43511033
63 116 13261191.405476296
63 117 108050708.59638914
63 118 6859847.229319157
63 121 10453870.19157245
63 122 378381.3626139128
63 125 17940078.43763814
63 126 1437809.9863581273
63 129 275574873.2677267
63 130 12983453.779734308
63 131 35832734.79106351
63 133 15595194.80249036
63 137 5073506.014828474
63 138 63463314.28445507
63 141 9005686.458235573
63 142 19090146.865095783
63 143 1494854.929548441
63 145 746695.6398378784
63 146 41141467.579150915
63 147 329092893.34615505
63 148 9900571.765695993
63 149 4723330.598520884
63 150 120050891.21311396
63 152 7060660.524865371
63 153 47863434.85540244
63 154 19004481.44176442
63 157 2901145.781443222
64 0 19175450.72413195
64 1 36722938.269494735
64 3 4883896.971737939
64 4 174909196.17456633
64 5 9126836.813244402
64 6 1097392952.1910903
64 7 708268383.8785896
64 8 11950756.898664614
64 9 19487219.693804562
64 10 19081243.700938694
64 11 5832859.529677933
64 12 1845067.495906393
64 13 914642389.5730512
64 14 328783643.9482264
64 15 80045.0423800059
64 16 9531040.178765316
64 18 3226986.9010751196
64 19 582150534.5866625
64 21 49323361.86284074
64 22 6817868.637807533
64 23 401467.50351593504
64 24 8704765.279791133
64 26 224703767.61378974
64 27 4543154.020793991
64 28 4781572.2629691195
64 30 390016883.17286456
64 31 889787455.5086715
64 32 64926896.934352815
64 33 1829561.08366587
64 35 59828702.58458164
64 36 48692839.30392731
64 37 16602487.527516061
64 38 20890599.118657224
64 40 1484108310.3992162
64 42 5636703.18577387
64 44 1041497.4016429029
64 46 91284495.56713913
64 49 720493413.2626427
64 50 9987773.513054464
64 51 5806640351.288274
64 52 5084686.617028029
64 53 932508.6574270846
64 54 2393079823.3200927
64 55 35892114.09415615
64 56 133994548.24880703
64 57 3744970.344635068
64 58 741726.2752937726
64 59 21449297.08881951
64 61 1477313.9370054195
64 63 90058861.68284957
64 65 416593802.82992023
64 66 10861643.715254795
64 67 873470320.3957244
64 68 990555798.0901641
64 69 364782484.47074276
64 70 438627516.7593032
64 71 306186402.29902864
64 72 262664459.8235841
64 73 86468854.76748618
64 74 8543559129.286413
64 75 7941329.282570171
64 76 37225407.18636469
64 77 37869690.96502389
64 79 4037749908.1711516
64 80 559087677.0222093
64 83 107252773.83611421
64 84 18087391.383433226
64 86 210246754.5883609
64 87 4563884.219743644
64 89 317646503.1507759
64 90 23509262.595916666
64 91 6360376.569331907
64 93 25364802.973384794
64 94 3933342331.866777
64 95 7190811.052788786
64 96 1692323.0535659427
64 97 67946611.82096305
64 98 19528773.126314055
64 100 55441297.41027984
64 101 79817281.03252895
64 102 73255260.98986866
64 103 87114406.3020702
64 104 1114658.7192517342
64 105 40841742.8627501
64 106 1286812064.1038582
64 107 8037799.817397107
64 109 46156956.29594334
64 110 2370990.9058927195
64 111 2724007.710391822
64 112 721265.0800129729
64 113 161459720.60167336
64 114 1622444552.9980595
64 115 1042236937.3541243
64 116 9711212.61211877
64 117 67108530.35826625
64 118 1036859286.4469488
64 120 912966.8464184368
64 121 3124581.998167989
64 122 2654148.9712418355
64 124 256037.27725788736
64 125 509097643.1237006
64 126 10963720.66631286
64 129 2494326623.800165
64 130 95665863.31999625
64 131 1257447882.6217692
64 133 1996431169.5327375
64 135 42951791.033406824
64 136 16403010.251214175
64 137 604569508.2840184
64 138 2282949805.5669518
64 141 8584642.318088304
64 142 48328415.3486265
64 143 7722343.006347449
64 145 174617316.1451653
64 146 25195628.658737157
64 147 1093798712.414464
64 148 32616376.558095768
64 149 5355622.2404173575
64 150 157075285.94568828
64 152 2838797579.571153
64 153 39383767.81745506
64 154 7427949610.6092615
64 156 803916.1904602987
64 157 200204652.18745017
64 160 3500384.208848134
65 0 9121327.67132831
65 1 157226933.5060255
65 3 1337946.286133683
65 4 97491674.99697067
65 6 160485494.5249246
65 7 341222366.04848826
65 8 983080.3905082599
65 9 8257867.629363711
65 10 4034296.2460072306
65 11 95646489.93704458
65 12 7068649.360337732
65 13 122920591.5645391
65 14 991540173.7440062
65 15 857316.318134321
65 16 714117.819572881
65 18 55262225.693486996
65 19 504736019.9174203
65 21 204140813.82653493
65 22 11648288.017885868
65 24 23066327.198571164
65 26 1754217435.4065511
65 27 1613249.88208284
65 28 65071.71182460919
65 30 130467568.9021083
65 31 505282223.45073086
65 32 37769198.63617783
65 35 24690894.35249663
65 36 84512389.7152843
65 37 84017843.08583058
65 38 77325645.12144774
65 40 1808825112.0091605
65 44 4316453.833782426
65 46 18980277.464989282
65 49 232933820.52456483
65 50 16824618.360993277
65 51 715715079.1557246
65 52 8033676.749551447
65 53 2584454.634921777
65 54 161671787.7981133
65 55 56861336.078783296
65 56 473075666.91972435
65 57 762877.0377393404
65 58 13455470.243399873
65 59 17770080.46175992
65 61 13355926.251028804
65 63 22724149.593252167
65 64 324099284.4745206
65 66 1595512.1688422705
65 67 671409010.1498156
65 68 75700659.79845455
65 69 494098655.6269446
65 70 134430074.6957435
65 71 1626577601.1102102
65 72 1213450668.4330444
65 73 16850121.140726075
65 74 1555555216.6325772
65 75 22609702.059723232
65 76 17183584.97265446
65 77 18887026.799449783
65 79 855434016.386528
65 80 352001095.7521031
65 84 90401616.35735568
65 86 23618163.956909847
65 87 6177458.993669441
65 89 2119163370.932205
65 90 3837041.9604472765
65 91 7726808.055477262
65 93 39678412.06658397
65 94 163196894.00761744
65 95 12651318.533858016
65 96 27288655.661310248
65 97 458049153.127792
65 98 229126.73547631543
65 101 410084003.8691771
65 102 229348296.30561948
65 103 19968959.136886764
65 104 8860558.048197713
65 105 10758153.094829151
65 106 225042856.78791034
65 107 37873036.884062365
65 109 40785808.75948875
65 110 7217006.025651272
65 112 167069178.84367847
65 113 185506212.1956771
65 114 396027285.53269565
65 115 48682158.46435111
65 116 106132944.53811869
65 117 53966991.81260057
65 118 133374476.6470596
65 120 2873288.3838527193
65 121 6111401.358574145
65 122 2808322.24561558
65 125 1131647066.6816413
65 126 70452560.52160494
65 129 653191731.7838737
65 130 372011286.961894
65 131 144943.09806435005
65 133 1406136679.3774312
65 135 27088362.844558947
65 136 866433.4216453721
65 137 423293276.9664813
65 138 538012063.6944598
65 141 23785574.533706576
65 142 1552182852.8215246
65 143 14674783.9889671
65 145 38404378.46536925
65 146 21791420.56867514
65 147 17070882.463699035
65 148 21606923.898826946
65 149 2600357.6059890785
65 150 358999297.7816653
65 152 191136274.87023437
65 153 41577493.399751
65 154 1019266742.4395413
65 157 176971653.60066563
65 160 8020430.114224329
66 5 16625369.649741122
66 7 69951197.68634485
66 8 27359132.68505249
66 10 14157104.673256
66 11 28832700.22975859
66 14 21867682.497868244
66 16 1338141.5329172832
66 18 12789215.972973073
66 19 79321214.59431715
66 21 23945655.270576134
66 22 598453.0016208328
66 26 116176.26985792253
66 30 3824492.110020822
66 31 13058535.303262189
66 32 29458752.39131251
66 35 11695309.396178864
66 36 6986810.39866875
66 38 6477179.84676083
66 40 43024188.275502145
66 44 18742105.555012465
66 49 99584110.62023312
66 50 1008912.1879596817
66 51 15119833.32632589
66 52 771387.3002329856
66 54 3269698.6745649353
66 55 10040290.32920528
66 56 28785447.24026638
66 57 2295559.609738243
66 59 3852064.0817835554
66 64 45104310.35580894
66 65 9061704.269612655
66 68 29244247.747752443
66 69 13894184.09279557
66 70 5091713.406352817
66 71 18425594.92901586
66 72 7448351.5927535435
66 74 3984432.1165733077
66 75 21293199.393248353
66 76 50422842.306042
66 77 45603030.36528398
66 79 16222499.407665491
66 84 72204213.28477459
66 87 20354767.22593388
66 89 34033869.649731174
66 91 587286.2070550492
66 93 4194639.393346764
66 94 26016298.24852415
66 96 7331617.728388168
66 97 32320008.280980296
66 98 1410618.487185869
66 100 1682568.5281245436
66 101 56660924.76064416
66 102 27731411.755888756
66 104 3700967.0198645703
66 106 7912999.928801667
66 107 44048504.84015518
66 110 1884275.3189696763
66 112 34922009.127538174
66 113 89491872.6717204
66 114 35183320.176159024
66 117 20067554.950392317
66 118 53129900.03108753
66 122 1333986.285427432
66 125 3310125.6389714777
66 126 18494505.599992298
66 129 6934419.388151733
66 130 615761.4917668167
66 131 6430863.452024728
66 133 23094968.458157744
66 135 18230723.18232319
66 137 2408235.2732747053
66 138 42145767.28464334
66 141 11810581.309410267
66 142 22573769.602704488
66 143 521140.8656845346
66 145 8074510.391342408
66 146 33807365.58520349
66 147 3731329.843811426
66 149 4122371.489910026
66 150 23552558.923859615
66 152 8170560.004138558
66 154 35110058.38832574
66 157 6753546.670960775
66 160 2361275.9246935826
67 0 23977079.75145542
67 1 639911659.1641848
67 3 1221715.69279455
67 4 194625566.24619088
67 5 3924300.0339743886
67 6 1850036601.9551616
67 7 118175861.84551285
67 8 11667208.67462875
67 9 26704824.551536288
67 10 248247119.4973554
67 11 112272344.5389531
67 12 18043767.516669262
67 13 493382320.6682249
67 14 48805059.13221497
67 15 6853102.143328271
67 16 3701551.115834594
67 18 25147281.347946793
67 19 2359670997.223154
67 21 133732995.90815137
67 22 1159874.157713312
67 23 1169815.727861903
67 24 4621821.970747691
67 26 4469376034.706333
67 27 802651.4793374323
67 28 185709.78425387162
67 30 156375276.27952537
67 31 1325722835.980131
67 32 197587559.96288806
67 35 24744949.602998972
67 36 6707062.974999352
67 37 106432075.59888314
67 38 3346251.706186532
67 40 2868701809.198546
67 42 2811681.714972516
67 44 51107937.02590263
67 46 146754685.9067405
67 49 546835841.1987789
67 50 2068534.7548846258
67 51 204528595.1282529
67 52 3916629.2159638735
67 53 5457329.985881915
67 54 1786113906.125368
67 55 67820447.98997264
67 56 249700491.38546577
67 57 70514.3661695467
67 58 42945629.741722554
67 59 2188621.0195643413
67 61 14894631.619165808
67 63 5033607.953215005
67 64 251901011.72426695
67 65 965233707.9491078
67 66 5659134.005691511
67 68 1162338950.9616406
67 69 218920067.85767657
67 70 1500794875.7168517
67 71 1389767590.8665614
67 72 173312344.15134856
67 73 25210458.76766727
67 74 290914573.5724051
67 75 30124687.5376207
67 76 11572294.51092385
67 77 12986126.87982253
67 79 2603633889.6966825
67 80 1721274.0510858903
67 83 98596337.09743738
67 84 26825251.98171259
67 86 35529631.06683806
67 87 3678978.6845286842
67 89 1680345894.324364
67 90 18121013.82390993
67 91 4738039.798400769
67 93 87672611.71924838
67 94 299341279.6764762
67 95 294371.75592989253
67 96 4229825.180501094
67 98 3345393.8636781047
67 100 4757428.695035328
67 101 1029189233.7589655
67 102 327508369.92112994
67 103 103479099.23972203
67 104 4257045.378973189
67 105 10284487.707501907
67 106 87250470.6450539
67 107 248076566.78934878
67 109 143031108.18025044
67 110 2380756.1450101286
67 111 1424153.0285362932
67 112 47211989.76895032
67 113 1062888845.0361508
67 114 227509960.282252
67 115 173678277.9515141
67 116 96085050.18935095
67 117 214288418.04949918
67 118 1852768207.159898
67 121 3957691.1908423714
67 122 1362022.2236683692
67 124 1120171.9033919245
67 125 933542623.8992648
67 126 16728152.805196753
67 129 140652910.81340668
67 130 114897071.01363635
67 131 37277935.91343006
67 133 179255802.80154574
67 135 7538870.636063422
67 136 1680369.3939779561
67 137 1701897460.4902396
67 138 1536903275.1247356
67 141 34915613.02561256
67 142 1068243662.1131427
67 143 2693082.8081259467
67 145 24744613.376186293
67 146 76985954.49306247
67 147 65597619.38254482
67 148 126124140.29969808
67 150 141673054.72846445
67 152 1417721699.8589168
67 153 73960148.47111279
67 154 654030084.221485
67 156 3922426.9901809343
67 157 510169387.32363963
67 160 3183339.907583574
68 0 4953938.130839977
68 1 86799210.32680546
68 3 1256820.641303656
68 4 478767144.65852493
68 5 12188177.776251167
68 6 1437236022.8020952
68 7 2945183069.2380476
68 8 6686475.835829837
68 9 3048341.964550847
68 10 147463891.22951216
68 11 17205161.288422413
68 12 1135397.8598128748
68 13 31563324.21256802
68 14 590560634.7021376
68 15 7001929.080076056
68 16 6729802.985442298
68 18 8612421.620618762
68 19 5277541958.027158
68 21 17636203.086471833
68 22 1022522.5512066822
68 23 44936.73760514862
68 24 17521622.40228658
68 26 6029113771.461641
68 27 2920188.4426361737
68 28 5314306.493971084
68 30 910934282.2226896
68 31 2255797675.2867627
68 32 92794654.40411267
68 33 35548.02279277257
68 35 82996634.81226458
68 36 66391846.61087315
68 37 56687738.441258885
68 38 12044467.950496703
68 40 1767294077.289669
68 42 2806399.6165026496
68 44 8508469.740948679
68 46 215945938.8377196
68 49 1624894999.3879375
68 50 3552170.5602279454
68 51 357539674.7988796
68 52 26568355.028557025
68 53 409897.5916900503
68 54 6406893618.844038
68 55 93451568.49700738
68 56 476516566.9842024
68 57 437592.51266283647
68 58 52921998.55137144
68 59 499392.7283400253
68 61 2782629.8818692286
68 63 3439788.647584301
68 64 1099105630.4252908
68 65 93409402.0160577
68 66 3729878.461317386
68 67 793562976.8126107
68 69 17411019.494463187
68 70 1488794488.6931152
68 71 42898061.79954671
68 72 708762876.0796745
68 73 37043893.48553201
68 74 4293399725.7254033
68 75 13779978.243176864
68 76 10318680.641933784
68 77 67012896.14855013
68 79 11899231021.38353
68 80 256978012.73394406
68 83 31311259.089325573
68 84 31510494.102023274
68 86 15208716.434685316
68 87 6837345.622936773
68 89 940458475.984503
68 90 22398367.05605025
68 91 10621999.661901662
68 93 4020769.686749193
68 94 782550951.6886069
68 95 39027084.7495879
68 96 1974252.843861851
68 97 36564730.33408281
68 98 15784430.205690553
68 100 1556071.51000093
68 101 4817491260.640932
68 102 545485648.9408904
68 103 13684029.465927426
68 104 2368047.5279331286
68 105 4002662.6728999475
68 106 23622831.4886534
68 107 61391514.33981235
68 109 28318029.344316468
68 110 25622370.84898308
68 111 10820273.322679585
68 112 5780285.050234968
68 113 607536700.9760222
68 114 47805386.06180157
68 115 979576692.0304666
68 116 14687931.305999147
68 117 180351002.68890455
68 118 575560298.0867462
68 120 3460535.450210462
68 121 568984.0205255303
68 122 5098057.567034521
68 124 1952022.7022053928
68 125 28108557.33990395
68 126 960893.9710350015
68 129 1469031750.1273015
68 130 178585273.71317735
68 131 99047083.10626239
68 133 959062971.8603073
68 135 757266.7218796394
68 136 7648722.6960251285
68 137 462396150.3212133
68 138 2945700364.7830267
68 141 8196601.739476293
68 142 1442579786.3505735
68 143 2859348.9379763408
68 145 40831927.79485849
68 146 13252054.887951773
68 147 1487445028.9676936
68 148 56265498.93752172
68 149 29579885.932621818
68 150 44062350.06446612
68 152 3442539023.5163913
68 153 11195848.330930453
68 154 2337529448.407289
68 156 789164.362053022
68 157 151684889.96637064
68 160 8604686.006172612
69 1 19188174.19913415
69 3 649267.5876632035
69 4 281706308.3574411
69 5 25672534.817820586
69 6 350161376.2909569
69 7 920030127.5260714
69 8 20017432.425737865
69 9 20423990.299985416
69 10 11766335.269491233
69 11 61123859.73491112
69 12 11028618.915532287
69 13 137409864.4053183
69 14 151128013.22761118
69 16 14368753.617434409
69 18 55792575.77938589
69 19 307381507.64348185
69 21 28741465.53812245
69 22 22834703.143973686
69 24 356530.71502624045
69 26 482136386.8146432
69 27 6788325.800186869
69 30 637475264.2104529
69 31 1981490.054806446
69 32 31548424.06245259
69 35 194190606.10802636
69 36 13127381.701889511
69 37 4402136.582727366
69 38 79481172.72177018
69 40 160766439.2400687
69 42 575028.1562012761
69 44 53395187.728770435
69 46 46942919.73131306
69 49 509993608.21005064
69 50 29943642.614388824
69 51 467349696.75432473
69 53 1374028.9735180577
69 54 954781533.215768
69 55 87171154.88573454
69 56 426137226.9944241
69 57 5662343.130167312
69 58 92503866.13711599
69 59 6810427.4215903785
69 61 8437503.027546441
69 63 21214602.383689035
69 64 338913977.693099
69 65 116173998.1412356
69 66 71479743.29142615
69 67 745485567.5900587
69 68 1323224336.1293647
69 70 507481156.96398526
69 71 760935515.4036736
69 72 598012154.2438443
69 73 6071067.419546412
69 74 109674087.52420789
69 75 318128.3575115636
69 76 27137280.664772917
69 77 76873942.38945797
69 79 503953234.2108202
69 80 229562489.41116175
69 83 28734422.248605248
69 84 64507721.86914787
69 86 4412553.507278134
69 87 42877104.807908475
69 89 148591434.68926698
69 91 164736.43320916482
69 93 15691447.800521355
69 94 388309819.5149079
69 95 5222720.872510105
69 97 15222350.026242182
69 98 15468639.668362457
69 101 276489434.4172472
69 103 15413922.071838569
69 104 2307434.241911411
69 105 44900855.32213656
69 106 1421494960.9291298
69 107 11028710.407184185
69 109 125679937.82374161
69 110 11692058.207308661
69 111 30840907.968235202
69 112 192580001.30083194
69 113 213387803.67737195
69 114 514515240.89432687
69 115 39220215.7224507
69 116 10987883.539620724
69 117 68408431.9957759
69 118 801863865.3573549
69 120 540669.2208348893
69 121 11198138.481425108
69 122 1774044.802976938
69 125 1271942655.1919637
69 126 17904164.91110809
69 129 523943927.4429515
69 130 34354133.13674761
69 131 75319724.65212047
69 133 1868329080.868501
69 135 20034791.498040654
69 136 8767765.339963121
69 137 681356509.6562529
69 138 1361696304.7069063
69 141 6919362.450275619
69 142 109894065.58826959
69 143 17677604.02629314
69 146 32406046.046277933
69 147 68329613.95325513
69 149 1629367.3972751368
69 150 745171401.935723
69 152 78259306.89588365
69 153 13581838.219000371
69 154 149873448.53793386
69 157 115046015.94534019
69 160 17392406.35261978
70 0 11116775.018537842
70 1 112677107.0238414
70 3 202079.91721534554
70 4 322012552.0619241
70 5 2442659.931945339
70 6 2012746975.0286245
70 7 649812831.9123212
70 8 15570390.089583559
70 9 29554046.126324113
70 10 94546029.80577274
70 12 2127546.8928845464
70 13 281753390.49581987
70 14 257645495.75375476
70 15 5089962.902979967
70 16 9642602.866074713
70 19 1165501513.8303354
70 21 114369179.47035454
70 22 6299114.718060629
70 23 4401501.755759133
70 24 26153786.09699418
70 26 518344952.0999318
70 27 4400305.41169908
70 28 6547444.102395117
70 30 29399218.123735197
70 31 3292789406.9389524
70 32 391856788.96932054
70 33 356083.83719688316
70 35 35824923.49694263
70 36 17291095.327435378
70 37 173297735.1152259
70 38 12110569.790005578
70 40 1025051045.9125025
70 42 5994502.166612907
70 44 310206576.0546555
70 46 96346685.83396916
70 49 355329464.82215506
70 50 16128908.709564127
70 51 1008111422.2879103
70 52 20768870.73479756
70 53 2205474.5587936095
70 54 2490203585.6840434
70 55 20116060.835597903
70 56 1850721983.6577394
70 57 1978823.8309984768
70 58 77515013.0039854
70 59 6984269.811423126
70 61 5640860.697085248
70 63 110897357.16190624
70 64 6647766893.272641
70 65 1076600035.9385955
70 66 99170249.23779623
70 67 874669591.1484292
70 68 1025843087.3908277
70 69 133605630.13423598
70 71 107349959.843447
70 72 1233984320.546612
70 73 95014249.44989508
70 74 3998118879.569237
70 75 68019409.24293764
70 76 324571724.9436613
70 77 21313142.91859449
70 79 3651982147.4164333
70 80 97496932.54116324
70 84 6981998.848463576
70 86 55281495.92574095
70 87 7274356.304525719
70 89 362485518.29890096
70 90 1827544.6977323825
70 91 3779542.58089085
70 93 15049223.038467716
70 94 248293183.18358985
70 95 10714351.993712962
70 96 14936006.283877386
70 97 61371100.8530729
70 98 6276697.214236781
70 100 26629748.71105267
70 101 903846690.4336934
70 102 65690232.00671758
70 103 120247814.11848494
70 104 15268490.59189864
70 105 78714964.77109268
70 106 1059261602.1488066
70 107 93932871.2099352
70 109 37139694.79794602
70 110 8135303.209200843
70 111 7603404.569211261
70 112 229546790.58873042
70 113 575839034.735091
70 114 2221292947.818078
70 115 437997417.7350808
70 116 137441123.19514132
70 117 655271256.0777966
70 118 1468203247.488693
70 120 5326569.035706852
70 121 602260.9989202078
70 122 1238594.5710057076
70 125 299273562.5619398
70 126 30485662.950565945
70 129 4663449849.062821
70 130 301768486.46299404
70 131 293205934.62744516
70 133 674359649.3198348
70 136 11978447.592414161
70 137 583529727.7921634
70 138 416358126.64970934
70 141 8892662.062031059
70 142 839828456.3167293
70 143 828262.1558844302
70 145 38250.309904402544
70 146 99899345.15674224
70 147 752875987.1204473
70 148 9816389.842695462
70 149 4397545.135415893
70 150 106459324.75325449
70 152 2661157060.904743
70 153 18114236.806054167
70 154 666558597.0088199
70 156 481311.3046544566
70 157 280722626.6007501
70 160 11711235.701417152
71 0 8500251.53760427
71 1 31350917.78010661
71 3 4113707.3224945907
71 4 137499262.647317
71 6 449908926.2074004
71 7 71724984.58365741
71 9 55777872.68273945
71 10 8197748.493927483
71 11 77681962.09232491
71 12 24370424.94385413
71 13 376333943.47911507
71 14 217512668.57258904
71 18 39615910.525156304
71 19 516110358.06036574
71 21 119239225.5392701
71 22 16240565.33302904
71 23 55776.97715632253
71 24 4955831.835398064
71 26 1758169422.825204
71 30 349255134.5259343
71 31 543396895.1107031
71 32 616502551.7339088
71 35 10732636.787287813
71 37 65094780.75390038
71 38 46125122.95074396
71 40 162724383.3080534
71 42 402714.6743380252
71 44 43212650.93372172
71 46 77513985.86270232
71 49 576482321.8424399
71 50 8653890.456161946
71 51 564163160.4122386
71 52 3757627.174980599
71 54 1115085944.6094618
71 55 38564708.618556224
71 56 18461418.590777073
71 57 1261344.3353698337
71 58 30771902.724098448
71 61 3454092.7266269103
71 63 39259352.038208656
71 64 662116603.956709
71 65 987535575.3784918
71 66 46149488.7314118
71 67 65068033.91557719
71 68 1189688676.242966
71 69 122170527.85579158
71 70 412148432.13835573
71 72 1837254367.6869652
71 73 35561762.68522968
71 74 796402032.148031
71 75 11210292.020085504
71 76 101179732.4898644
71 77 61247269.30329682
71 79 336178895.1337408
71 80 54672202.08964113
71 83 121982849.807864
71 84 44431661.19115954
71 86 212273151.13156876
71 87 3838386.765139755
71 89 163425550.11472303
71 93 52593675.756572045
71 94 276477818.8997921
71 95 48786278.714299835
71 96 19109361.14989292
71 97 31079189.88280211
71 98 1548406.5645780994
71 100 6256313.852359187
71 101 328163358.9403972
71 102 5091413.138071745
71 103 3309954.5569430967
71 104 1758915.830924442
71 105 169920244.02879104
71 106 49883548.605628975
71 107 187695849.4330783
71 109 45842060.83871756
71 110 811675.3928828775
71 111 84175049.70154501
71 112 16419246.367809085
71 114 155635775.12803787
71 115 211555330.8966017
71 116 64513158.012381695
71 117 32677896.925847705
71 118 4401347.372374391
71 121 8430710.696959378
71 122 7935863.034155027
71 125 60587948.80179366
71 126 6729327.237730197
71 129 1360626794.23847
71 130 41400930.956007525
71 131 502836877.88302153
71 133 468855591.7959467
71 135 17119131.14081271
71 136 9876880.211828884
71 137 31951715.676754206
71 138 1663711298.8193154
71 141 31484534.198274624
71 142 453087121.13158166
71 143 1075254.5091073608
71 145 1754726.521884675
71 146 459671413.22396463
71 147 3761450.727307771
71 149 8073212.35071652
71 150 196788713.4677671
71 152 658873745.9573884
71 154 77796767.5653464
71 157 86690387.74365123
71 160 37223831.876902975
72 0 7958504.9180767555
72 1 279235877.2383885
72 3 1735740.11366847
72 4 259443069.56146157
72 5 876599.8452562486
72 6 2027613257.387154
72 7 4453184054.463329
72 8 10877666.451239236
72 9 20246114.09056487
72 10 7463710.658509661
72 11 192956428.53398377
72 12 17426968.48703739
72 13 44344201.32279266
72 14 398952305.8146028
72 15 531767.2445583998
72 16 15866410.53006116
72 18 24313020.536569055
72 19 3052394603.7345166
72 21 119085105.51492283
72 22 5188771.6878203
72 23 699389.6058686507
72 24 26839107.558356352
72 26 2563348387.561111
72 27 4562316.43986719
72 28 2828946.332888333
72 30 74600042.18204746
72 31 2503000409.6587954
72 32 159290635.74990284
72 33 1349749.2669243596
72 35 35518229.18012087
72 36 22722759.54292527
72 37 39918239.34070054
72 38 23818956.429884966
72 40 356876048.44719005
72 42 397412.4316517492
72 44 65876342.13882938
72 46 1868980.6333852203
72 49 2955860795.8014007
72 50 6412923.401193194
72 51 28047071755.652565
72 52 6507628.564190639
72 53 4629947.775500977
72 54 16966461248.7039
72 55 61688128.47181012
72 56 74207601.70842232
72 57 564750.801872055
72 58 439116143.13781434
72 59 9575729.387303984
72 61 1869504.4023169628
72 63 27883248.233999223
72 64 19165829103.15356
72 65 1822053750.3007965
72 66 7018194.4156893175
72 67 184991074.17529696
72 68 260590844.62433937
72 69 42751325.07136375
72 70 1990308716.819296
72 71 60227603.78400478
72 73 11185465.422174893
72 74 15240004827.978016
72 75 1907822.3332670347
72 76 28658697.576489
72 77 35544993.06622214
72 79 895592515.2445793
72 80 130402653.23312283
72 83 16814419.45799804
72 84 55572290.89751577
72 86 90352132.50995025
72 87 1968528.8487352598
72 89 10115467607.141117
72 90 22337840.34612217
72 91 10307823.267648596
72 93 138457168.9587599
72 94 5028113393.910969
72 95 2723337.4787915996
72 96 1373302.6836725064
72 97 30910088.34084887
72 98 15804450.164713249
72 100 25321906.683382817
72 101 3406492435.8595595
72 102 1139011442.8667657
72 103 395689.9913724425
72 104 8499049.082232878
72 105 27446006.102017775
72 106 838852747.0092378
72 107 37863895.15651019
72 109 39501968.431661576
72 110 11701480.754345935
72 111 64098388.094069935
72 112 56298129.17205966
72 113 27259695.575280976
72 114 134051218.94362365
72 115 3671516627.8487873
72 116 61174699.607116766
72 117 92925661.7974632
72 118 1234728505.9028711
72 120 511852.99906587676
72 121 6890273.84797551
72 122 9309363.722615002
72 124 3294626.8010575194
72 125 1937932171.7791991
72 126 37882208.08177795
72 129 4699563834.876977
72 130 128185755.13354577
72 131 736896115.7212168
72 133 10646957608.996801
72 135 5383780.009879017
72 136 1640914.4129266029
72 137 4031473713.8274307
72 138 481717676.27239805
72 141 30580560.559541877
72 142 1386500365.5259373
72 143 5178809.7788503375
72 145 37716177.82447348
72 146 60671908.99662173
72 147 1783765182.669715
72 148 56418700.43847105
72 149 7417033.411332613
72 150 973790563.571943
72 152 7849846649.240081
72 153 3975888.10135974
72 154 12314359997.096249
72 156 1036119.6571669268
72 157 14230604.036656585
72 160 3716495.668628453
73 1 39231870.55736967
73 3 4357338.237986759
73 4 16756712.19983777
73 6 42888005.26910298
73 7 73525400.78881295
73 9 2743428.6173281223
73 10 15785985.305172151
73 11 1384388.8308358132
73 12 8153676.823388953
73 13 92506.77853604328
73 14 37998398.90497596
73 15 158425.3443848286
73 16 546546.5476072625
73 19 3629858.6973978155
73 21 33750383.19566635
73 22 3059415.8547745966
73 26 4337964.128490113
73 27 1130493.8564770597
73 31 35851512.09816214
73 32 40826927.416416265
73 35 11760487.979154669
73 36 33440921.12246765
73 37 18769285.041925825
73 38 13399490.68020903
73 40 6782704.195090774
73 44 47139047.92543288
73 46 2693580.1894024266
73 49 12276025.251469865
73 50 11697746.182353863
73 51 943001.6209539409
73 53 595911.1362516581
73 54 2474551.815772263
73 55 37198670.121064976
73 56 28415096.366189566
73 57 5841587.508037047
73 58 2722423.961931726
73 59 12207788.097180748
73 63 7241445.14317796
73 64 2031903.287407425
73 65 18729693.79462616
73 66 15563692.191515788
73 67 34891677.06127366
73 68 79359.24265277346
73 69 1757849.0695087633
73 70 12814340.523475679
73 71 1202011.7778274121
73 72 27180754.967202555
73 74 12989099.910625005
73 75 4277691.322720985
73 76 942895.1492566675
73 77 2851293.7999816244
73 79 20657065.51876349
73 80 12049732.376026114
73 83 7225264.805466959
73 84 4494292.804251496
73 86 1720272.8305842485
73 87 4206531.645205713
73 89 62322711.510890104
73 91 18338612.5163975
73 93 38152234.75674657
73 94 43796706.88584623
73 95 18295585.30953388
73 97 27346391.795095675
73 98 15261205.702513983
73 101 46423096.73530132
73 103 8327571.435781752
73 105 14275774.9390151
73 106 1608694.6132201708
73 107 5047060.870600472
73 109 4486824.285319106
73 110 23211343.70023392
73 112 6611853.7694977345
73 113 58252455.08683243
73 114 27425871.614916902
73 115 907209.2926467768
73 116 22522097.140190404
73 117 6501377.305384899
73 118 12342143.375852419
73 121 1845051.510489225
73 122 326897.6173261338
73 125 116731.98709020388
73 126 4958562.040897843
73 129 25268659.332758695
73 130 11540831.460907934
73 131 72682484.29260011
73 133 24883075.428316306
73 135 7226844.138325157
73 136 5431457.506901012
73 137 21296709.046753623
73 138 49358287.52990325
73 141 12870334.023954837
73 142 9504099.03918404
73 143 4275457.995219751
73 145 7747808.9270699285
73 147 2360009.195966831
73 149 19389740.228268392
73 152 38440458.02114268
73 154 25710557.39271281
73 157 13292557.846878788
73 160 2069441.1149984756
74 0 16052929.518215587
74 1 299930779.3049564
74 3 11494994.005679749
74 4 387028077.03726393
74 5 3741653.730019751
74 6 844956918.4660113
74 7 1276146403.523003
74 8 55685581.74248094
74 9 11958222.401395755
74 10 125342787.16876209
74 11 15122604.364657259
74 12 18522350.480300732
74 13 131574412.74111345
74 14 245707759.96279526
74 15 1339760.1548222986
74 16 24286584.121126458
74 18 46194462.98185505
74 19 1149320665.639651
74 21 68518500.99117732
74 22 12575363.524735931
74 23 882888.2914561888
74 24 11224574.63726757
74 26 18048310193.341095
74 27 5123138.551953243
74 28 370018.0267426932
74 30 2342326215.476713
74 31 1374629048.296062
74 32 190369570.86598155
74 33 450795.9848750108
74 35 92491971.19683026
74 36 18750326.788423337
74 37 91820778.04578373
74 38 89062218.87034057
74 40 176177431.77507183
74 42 1573807.0444607157
74 44 98961417.33107576
74 46 35685620.237902336
74 49 577204795.2363648
74 50 11516695.893383643
74 51 13481401528.4439
74 52 377463.3683928726
74 53 1149131.220164445
74 54 12982543556.835987
74 55 5320986.459749005
74 56 418022581.3983891
74 57 3643574.325568095
74 58 61633124.16048179
74 59 3170150.867670271
74 61 24014333.797920413
74 63 13217932.889391698
74 64 28513498403.64947
74 65 693706796.7266728
74 66 21241746.5320609
74 67 1238817909.2515442
74 68 762233986.820931
74 69 231465392.34329027
74 70 965568883.6004946
74 71 569621236.1083694
74 72 7789024310.40631
74 73 2084163.2569763106
74 75 49431345.64504579
74 76 31836903.677306045
74 77 69502690.0749408
74 79 9374692979.321394
74 80 70835705.55668648
74 83 14386639.626723912
74 84 32523688.01423482
74 86 5043669.680292231
74 87 4984740.358132034
74 89 5628835071.474367
74 90 1276047.3965809213
74 91 1486653.9594865632
74 93 12207666.864177186
74 94 5258188030.382199
74 95 8917247.013764475
74 96 11118584.588496596
74 97 535787919.61608315
74 98 3008459.9274225887
74 100 28327800.379760962
74 101 31452574396.949482
74 102 235423014.49838418
74 103 14119897.786725145
74 104 3341028.8070743107
74 105 15343752.728638114
74 106 580776001.4714673
74 107 67304822.75525154
74 109 33665819.02320718
74 110 88968332.47703844
74 111 2288030.105806292
74 112 129117855.98129794
74 113 634053398.3297621
74 114 1125215437.9895768
74 115 523450608.081695
74 116 36965319.80406076
74 117 47602854.15930545
74 118 2383832463.0297775
74 120 1221513.6468578114
74 121 1407105.1012673052
74 122 640796.203173723
74 124 960.1734862838181
74 125 156155637.1718675
74 126 38109818.709463336
74 129 3371858993.3880734
74 130 48751795.472695686
74 131 58073946.45977054
74 133 24655586615.83356
74 135 24093151.31044979
74 136 3876389.0428498928
74 137 7458892423.179173
74 138 5552381880.846612
74 141 1766148.2584146305
74 142 919975755.6459955
74 143 9206109.889562301
74 145 11045195.077516794
74 146 44066699.821842216
74 147 4643266374.4948225
74 148 13674153.192128092
74 149 44194084.45972957
74 150 177853813.24966797
74 152 5073417004.58202
74 153 44296426.118156716
74 154 15567310548.481548
74 156 3701432.248359749
74 157 66250659.926523134
74 160 8123507.332180043
75 0 9081555.10954745
75 1 4289137.60504085
75 4 322933.54469058727
75 5 7722681.218644904
75 6 17008971.872490577
75 7 6164270.976773034
75 8 9306383.086799758
75 9 6514502.72009389
75 10 2050053.1847776114
75 11 1736286.6118639489
75 12 7767548.443553858
75 13 3762301.135151763
75 14 11830593.053361291
75 15 13314614.810203915
75 16 3215721.3633053536
75 18 2216671.2618621504
75 19 1409367.970890816
75 21 276154.1107541925
75 22 55857861.81169834
75 23 1976303.811051123
75 24 8246306.804050466
75 26 9579294.233006606
75 27 5778188.755625051
75 30 18868416.908458002
75 31 8190506.93460187
75 32 4041255.031900249
75 35 6407624.492300935
75 36 3829773.2832750343
75 37 4452705.750067746
75 40 584205.0371220228
75 44 9512218.822022343
75 46 5940481.328407648
75 49 12513596.374842925
75 50 4419647.275912991
75 51 7423214.670661203
75 52 14548333.986064922
75 53 2054232.804628281
75 54 3030177.039266185
75 55 315221.4224942064
75 56 12981474.458572488
75 57 3695507.261475068
75 58 9090951.139163958
75 61 7298644.357529293
75 64 19534093.873299584
75 65 7809794.687189894
75 66 27820623.79277624
75 67 10604218.93496868
75 68 25425985.551385947
75 70 7159333.335130973
75 71 5878932.514525121
75 72 21281410.77258829
75 73 418068.0977816246
75 74 46363446.70111201
75 77 27046636.15583256
75 79 20081175.941960353
75 80 13045768.236264791
75 83 10219844.204980284
75 84 3207321.246260518
75 86 55746704.83297979
75 87 10348249.957899172
75 89 22292060.251075353
75 91 3929101.8871980007
75 93 959965.2528657474
75 94 12588237.614330897
75 95 7729775.336939568
75 97 3351697.039480537
75 98 6211339.649903661
75 101 7991430.197131329
75 102 5964515.004317577
75 103 1241104.2862058051
75 105 1234297.3860607077
75 106 1078904.7239278762
75 107 2934085.4596998016
75 109 11302397.723804424
75 111 10908122.416228646
75 112 22095552.937607367
75 113 14628711.790354837
75 114 4990054.907479226
75 115 9370153.464728706
75 116 8866102.97279626
75 117 6033754.736143791
75 118 8430325.720212258
75 125 39549927.65660596
75 126 11608962.400836822
75 129 40772897.06737114
75 130 5565247.838225231
75 131 34830254.67434808
75 133 969729.9967898243
75 135 315655.24803158274
75 137 11133391.108000627
75 138 18370138.67084421
75 141 24670618.148241475
75 142 35210494.30665487
75 143 7802456.019730831
75 145 5559677.157777344
75 146 655006.4001605646
75 147 15236658.919540536
75 149 5180281.138373596
75 150 7210722.531212644
75 152 25186421.87100218
75 153 18291976.972721405
75 154 81673892.91494577
75 157 273175.82843936275
75 160 7244852.659983309
76 0 26189494.912734456
76 1 61112186.567595124
76 4 9017735.57763728
76 6 44794885.132822245
76 7 398596888.22878724
76 8 2467582.23266816
76 11 101229861.24869673
76 12 14529400.52860619
76 13 31053400.802025475
76 14 293121083.773079
76 15 493806.069303643
76 16 12505606.756585404
76 19 181573612.27137396
76 21 133330227.48233901
76 23 660974.5403918148
76 26 99073420.93652934
76 31 24159710.392177276
76 32 1926819.7077904239
76 37 248232367.2948022
76 40 252732982.79726708
76 44 81774569.23261526
76 46 15162621.950837426
76 49 177138272.17693147
76 50 6898275.296178348
76 51 619136854.2654421
76 54 35628818.542735375
76 55 26851981.691683147
76 56 193554692.21058443
76 64 173750904.826999
76 65 296392241.90601295
76 67 90321504.85903463
76 68 102598231.16151124
76 69 64827811.36057419
76 70 116643382.59032297
76 72 203135313.50742844
76 74 611030010.6542038
76 75 405402.09861833946
76 79 118953971.39299959
76 80 8130860.001193737
76 84 5220731.466513104
76 89 132140361.5575433
76 91 5228125.797993741
76 94 27016314.90037827
76 95 623559.7126033508
76 97 175359245.34168527
76 101 433229292.1463645
76 102 625960.1422475564
76 112 53740514.611482345
76 114 385435184.71474046
76 115 114915755.8694786
76 118 512016490.77444375
76 121 2148067.447749372
76 125 38942003.25504091
76 129 154615803.61546856
76 130 58378433.63253425
76 133 99523483.67118321
76 137 32703401.933059208
76 138 8842001.426877152
76 141 14035075.390849315
76 142 156597371.44078618
76 145 35162426.72876903
76 147 4579278.129723532
76 149 9502047.986488279
76 150 19921445.44276044
76 152 154935448.0752743
76 153 32598617.590140667
76 154 202427846.68106353
76 160 3167987.065556055
77 1 19684425.864109978
77 3 3366940.040894045
77 4 1174301.5234661228
77 6 1879289.7257942914
77 7 8037062.820405732
77 8 20422281.802453857
77 10 48429283.671979025
77 11 9057485.599172276
77 12 13569341.333085317
77 14 39074166.92538562
77 15 2041868.8238628858
77 19 2616229.888667127
77 21 13145384.979895549
77 22 8043579.053974284
77 26 21926741.59260156
77 27 496309.47177635296
77 30 18742574.906946596
77 31 56073414.077851504
77 32 68503155.71679959
77 35 16424240.10432153
77 36 1943267.73679664
77 37 16793243.8918426
77 38 11650653.270176422
77 40 16668745.398336515
77 42 219917.40438422066
77 44 5231931.913396795
77 46 34472030.79749982
77 49 3709575.880610122
77 50 6430267.541345423
77 51 6228587.964272615
77 52 9837552.999935979
77 54 30388070.07798681
77 56 12663221.891484063
77 57 796224.5470767537
77 58 3796271.0887406985
77 59 12641788.8235832
77 61 54317.44733636429
77 63 2322225.742035092
77 64 19354078.749966886
77 65 147357.60001665857
77 66 4289003.556894407
77 67 37052508.25556188
77 68 37904772.89520491
77 69 25498038.767996963
77 70 12704682.67803143
77 71 6557314.656401009
77 72 10214642.861042872
77 73 5902804.593030864
77 74 25150719.953121893
77 79 9540510.888760248
77 80 10742564.43505471
77 84 15386453.328038828
77 86 1912113.6668563136
77 87 1698405.797807712
77 89 57884155.06655619
77 90 2218027.465377222
77 91 13653479.335877687
77 93 2272564.581050481
77 94 18416339.262162097
77 95 13996532.06752141
77 96 6079796.064981082
77 97 11032342.303243317
77 98 1211805.288525319
77 101 16204449.469651373
77 102 61751223.57433257
77 105 12556016.984313378
77 106 50952561.71944605
77 107 31868363.2258007
77 109 20546451.287696715
77 110 12676324.983234808
77 112 18688596.080807712
77 113 14175704.940223346
77 114 19010782.01670986
77 115 4201113.462226057
77 116 4734.125016673482
77 117 6483028.756775332
77 118 6020426.671791454
77 120 1849400.7810120266
77 121 8646118.180519922
77 125 17223804.33089455
77 126 775971.1285615538
77 129 3118173.7231861684
77 130 20934734.276648093
77 131 23496321.326970253
77 133 1335394.8523881307
77 135 11469752.10564156
77 136 19430791.951388475
77 137 11826668.508588145
77 138 10147584.006541025
77 142 4525821.622182444
77 143 5700312.843956233
77 145 8372173.992191711
77 146 8489260.315673623
77 147 19975686.215089962
77 148 12068789.01116912
77 149 3186753.5390812457
77 150 21863288.105173394
77 152 3438426.852020926
77 153 9721529.450377563
77 154 13616279.827088188
77 157 46652847.16321592
78 6 535373.8442875833
78 7 618755.2241741501
78 26 640352.9140992421
78 31 1038514.6125768977
78 40 921758.7134902731
78 51 1412452.2859533797
78 54 1147912.8780068054
78 56 1290056.4001300249
78 59 138124.6844521891
78 64 1349329.6180327623
78 65 348206.0410338375
78 67 296045.79742139694
78 70 724642.0266519642
78 72 1162857.2252225426
78 73 254547.4666475147
78 74 2017753.642794544
78 79 465912.88828783354
78 87 993873.0609233262
78 89 647068.4168256684
78 94 124555.17030869002
78 98 202310.9689173147
78 101 113836.23776289014
78 106 370430.658994673
78 117 1419376.0572937625
78 131 2048199.0291895024
78 133 887343.868976674
78 137 278834.30294132384
78 143 154751.67180536466
78 147 83205.31327200633
78 152 126448.19552115728
78 154 1018414.905282324
78 157 3214738.082564968
79 0 42035310.8099159
79 1 272868878.902539
79 3 2137861.561125087
79 4 1218665521.676201
79 5 3686729.707833999
79 6 2797081862.949242
79 7 1853313594.6313229
79 9 10009133.823182015
79 10 18805769.47529624
79 11 79974406.26962757
79 12 8056762.334250213
79 13 84207440.4198433
79 14 1994769418.799821
79 15 21064580.05905116
79 16 19852109.63348177
79 18 2121762.733212929
79 19 3107100498.0343986
79 21 181908627.21593484
79 22 9292265.38387845
79 23 1177028.3570001235
79 24 6163831.82358896
79 26 12059368261.667414
79 27 985976.5166968451
79 30 427812927.9722016
79 31 2117191477.6047776
79 32 414565097.36154133
79 35 14664890.533012321
79 36 58720272.15875099
79 37 314822813.53420174
79 38 87565458.79737256
79 40 532658377.56864154
79 42 230388.61346075407
79 44 131660567.90750274
79 46 53582878.997845136
79 49 368020856.25538534
79 50 681.1560602142379
79 51 5317276530.476707
79 52 4408586.623071189
79 53 2594653.6098247105
79 54 8498713263.241216
79 55 7724254.311551384
79 56 349046296.1446069
79 57 713279.4399368716
79 58 213135.29773089354
79 59 15228133.745958276
79 61 1320801.241359237
79 64 14221403338.911224
79 65 1125342206.8102987
79 66 64005279.0668128
79 67 816399341.0321715
79 68 66025664.53644204
79 69 84601049.02665651
79 70 922740405.4991133
79 71 509837886.29586166
79 72 14319530588.99377
79 73 106777025.93796194
79 74 11589554975.824076
79 75 58640422.425459474
79 76 137481677.9055192
79 77 48526883.24838433
79 80 131587986.76062891
79 83 503855.1439768081
79 84 6619369.737073214
79 87 1599506.6764894696
79 89 286287369.54341835
79 90 3794117.3039110117
79 91 12302425.119092086
79 93 9264009.536209086
79 94 7926383.032894975
79 95 28675806.563104007
79 96 5149905.367856863
79 97 56146134.62672883
79 98 4088243.949567198
79 100 36416468.46012626
79 101 16631168633.373867
79 102 420041051.25038546
79 103 34487900.84171229
79 105 100365320.6692114
79 106 789155952.67778
79 107 29512642.742915202
79 109 27759307.26818376
79 110 7835276.879602395
79 111 98540669.15331359
79 112 283438201.11441505
79 113 2800169092.2176204
79 114 823756922.1677365
79 115 1450554943.1172671
79 116 45614766.85777193
79 117 164905420.6397382
79 118 238818774.14359874
79 120 8490895.291891458
79 121 1904268.5053021065
79 122 1944827.1075307457
79 125 489330829.14027303
79 126 15281020.844852224
79 129 3817206427.9646215
79 130 34303204.013597935
79 131 277118133.3723603
79 133 41001929.77314315
79 135 25770136.78619862
79 136 6521798.244443754
79 137 7567757583.997801
79 138 4014037681.6537867
79 141 6606903.428527534
79 142 309184612.78406614
79 143 1683869.966508319
79 145 35357176.388195455
79 146 231984945.06655017
79 147 3131635405.4170313
79 148 10648640.471078297
79 149 19484722.85766151
79 150 104739010.66501676
79 152 3537893670.248637
79 153 81151057.1377653
79 154 2084855985.9910858
79 156 4062373.023567225
79 157 28096457.22035392
79 160 9678144.143996507
80 3 3194120.8294029376
80 4 228328872.3700279
80 6 477925508.06454366
80 7 254374973.08971763
80 11 244156703.89392424
80 12 1694909.1632128793
80 14 57631659.23085339
80 15 4760538.818821504
80 16 1631270.0043070111
80 21 139492494.62265673
80 24 19955705.718680076
80 26 263706024.00620362
80 28 898244.53140944
80 31 310883753.1211485
80 32 4420519.185045771
80 35 707647.970709231
80 36 9391206.99566106
80 37 115205196.89829612
80 38 34293938.488582395
80 40 264619561.6104867
80 44 84468045.70231405
80 46 56921609.88383898
80 49 502181659.0984034
80 51 826654050.0319138
80 52 5665126.475009882
80 54 87372301.07081118
80 55 20503260.262841355
80 56 210302720.48132858
80 61 6191903.480731789
80 64 409631426.09676385
80 65 46913043.73348591
80 66 55186367.03654529
80 67 54138402.662700154
80 68 47512515.304799736
80 69 231026922.7838908
80 70 199837558.26821318
80 71 358044867.7646099
80 72 115817803.80790667
80 74 206967505.24785286
80 75 72735753.36141303
80 76 466522.1204197196
80 77 118125388.75531292
80 79 280170247.6141425
80 83 8475584.091812177
80 84 85982503.69385083
80 87 13736256.40779735
80 89 3309427.919949803
80 93 18820001.167383537
80 94 57407009.69412951
80 101 435040033.1658988
80 102 30531981.57943198
80 104 1142172.4611337772
80 105 82567648.18641157
80 106 986705943.1362119
80 107 45216024.07464538
80 110 19930101.24975609
80 111 38122712.52793386
80 112 132055657.78354515
80 113 279094158.21173894
80 114 220154311.07233572
80 115 32916302.035343308
80 116 43472288.340211175
80 117 43538548.93997934
80 118 180714914.3582216
80 125 530717236.7029947
80 126 36128351.035295516
80 129 342353487.91641027
80 131 108916545.67482871
80 133 40450079.467871256
80 135 6380181.092918921
80 136 12180729.475361437
80 137 261000414.81306306
80 138 512599614.04662204
80 141 5856166.968848127
80 142 109450944.09058918
80 143 2323196.41776765
80 145 25873208.422129385
80 146 33228272.28483721
80 150 51075629.73687852
80 152 514197335.46827406
80 153 7217108.230898167
80 154 142683225.25573906
81 6 2460017.5336014596
81 7 1945687.3243783345
81 12 1793739.0870695892
81 14 8997456.802303994
81 21 14153033.421586279
81 22 2898092.8366169096
81 26 5056118.423501998
81 31 5324945.627117931
81 32 668736.0019923947
81 35 3824483.823359572
81 38 6194351.55640248
81 40 837197.2376953246
81 49 60302.60903067686
81 51 17587650.793711033
81 52 6534907.7030886505
81 54 1706657.1199558454
81 56 6829120.020135877
81 59 924124.2799572374
81 65 2941793.8659735024
81 68 2026446.6271746
81 70 12853809.09023439
81 72 9404147.673821572
81 74 1528169.6819601785
81 79 4611316.950135642
81 84 2836565.179035995
81 94 466232.6503494353
81 95 1475344.242397691
81 101 10233904.710912898
81 102 14234044.90124752
81 103 13031347.816341158
81 105 4388998.210948213
81 106 9023332.793000063
81 112 3992451.5401094873
81 113 5957564.263967512
81 115 2203108.5126618333
81 116 5489745.076961772
81 117 892213.784684549
81 118 17447359.09920742
81 126 1162169.1038985208
81 130 8092208.373394535
81 133 5074724.380301518
81 138 1435901.3660601717
81 142 9724199.155936895
81 145 4021254.530863943
81 152 17165479.020477224
81 153 1330689.9763875245
81 154 15727036.078981515
81 160 1324212.8449120815
82 4 1947811.6462566096
82 6 7334255.9456241885
82 7 6000733.228878855
82 8 8598309.862422008
82 11 2910712.539221543
82 13 2342464.3015827592
82 14 1428971.9198152567
82 19 6080525.775691789
82 21 2955190.2712026434
82 26 3922951.652147941
82 31 2104131.7152711134
82 37 459406.7331554295
82 38 928387.4482125016
82 40 877180.4472894275
82 44 1474264.4565582846
82 49 135399.10700645013
82 50 2436644.526914828
82 51 152845.56845710095
82 52 1824469.798015713
82 54 7375106.732961341
82 56 3438116.453379656
82 61 3113607.9235291057
82 64 7714959.050635345
82 65 320462.6954056066
82 67 1658599.4104287825
82 68 4204472.702680587
82 69 9884807.306083051
82 70 2877575.6140530533
82 72 1305786.127197215
82 73 10289578.81563399
82 74 9334198.63434636
82 76 2733833.2065765234
82 79 185560.6204473115
82 80 1827030.63905496
82 84 9666885.674215224
82 89 2859029.6368851257
82 94 389932.2135387596
82 97 3118804.0273102736
82 101 904710.86112452
82 104 1255774.396135034
82 105 6886361.033575083
82 106 6251086.826173065
82 113 2123983.7777874013
82 114 621792.4760575057
82 115 4679140.436499218
82 117 5436292.877500644
82 118 1636756.8225830402
82 120 504310.3849505118
82 126 842388.5672686984
82 129 579970.2424294665
82 130 3425.0953253640655
82 131 1078007.5280070957
82 133 5892746.487525353
82 137 7759777.099425906
82 138 1698583.5449057
82 141 3999083.0243412135
82 142 3079909.6304295245
82 145 1388120.5878951987
82 147 3987855.9055851223
82 150 4928.854444124408
82 152 1704038.6470995385
82 154 6360253.470525057
82 157 4065996.890834562
82 160 2776216.6332902964
83 3 2919481.4589292714
83 4 21378126.184065104
83 6 85587231.14010002
83 7 2454611.0476070303
83 8 3717246.6978478613
83 10 18093369.59113861
83 12 12891382.646308884
83 13 18096411.266662057
83 14 886877.5981812574
83 16 15179895.642570991
83 18 2572879.5768247233
83 19 7479559.934828483
83 21 12403825.034876917
83 26 15570721.392593326
83 30 192031212.02153322
83 31 24853701.793059636
83 32 1291425.381649535
83 35 25198956.966723688
83 36 7663639.703694225
83 37 10753934.557373326
83 38 19275979.359507907
83 40 14018713.572184153
83 46 580061.5512118671
83 49 64240641.848907955
83 50 3354098.676630067
83 51 56928771.76868212
83 54 916333.920526624
83 56 88450818.31471194
83 57 4268001.305082603
83 59 19460782.670286056
83 61 8575570.576835219
83 63 11219553.98857392
83 64 18442652.54025337
83 65 10748385.111343846
83 66 2486371.303347635
83 67 61527420.68712392
83 68 112650689.9228812
83 69 19291833.297063123
83 70 71467929.44375099
83 71 67558500.27216081
83 72 186601915.49712795
83 74 32498711.701875538
83 76 82238621.4386106
83 77 13329159.71554235
83 79 39722643.65190605
83 80 3615679.8803155
83 84 5567970.987728641
83 86 36784722.62764655
83 89 95325860.0259098
83 93 39447410.83198789
83 94 9998141.369041553
83 96 8060211.827066962
83 97 24062568.493624166
83 101 16968047.028285265
83 102 2012489.2181882025
83 105 65612788.889455624
83 110 367052.410447702
83 112 40914647.89649716
83 113 66261611.462239794
83 114 41936430.52158963
83 115 41929977.57057112
83 117 26704077.04840307
83 129 61046490.36913841
83 130 124912997.81793492
83 131 45207119.762459524
83 133 178034802.47037098
83 135 13524699.239893137
83 137 20267478.846724562
83 138 35062514.75766719
83 141 26555549.772626482
83 142 261563313.34474283
83 143 277670.89702002046
83 145 4238436.374518865
83 146 1684093.0577104292
83 147 26547482.652100623
83 148 50519671.23396223
83 149 6402682.621429443
83 150 23168120.33592635
83 152 74055905.18657985
83 154 111116353.64813057
83 157 166939835.6647495
83 160 253974.62210584004
84 0 3514228.32073765
84 1 3615277.478010936
84 4 4640253.04788966
84 5 315608.57020099263
84 6 5288466.428892538
84 7 11054080.690982679
84 8 1422448.8880567676
84 10 10766076.14633019
84 11 130211.34935291957
84 12 3836062.2748966194
84 13 5169157.4247470265
84 14 5361467.304324207
84 15 656763.8506321838
84 16 1282159.7211971588
84 18 5412418.791927458
84 19 7992448.021300412
84 21 870896.0556656199
84 22 6609675.680923971
84 24 3647930.9295437187
84 26 11926576.602670934
84 27 41350.49484842184
84 31 8739015.32798105
84 32 3685584.545784537
84 35 5666033.064723814
84 36 14624151.212864226
84 37 2212802.7081046575
84 38 4095686.176927495
84 40 7037445.64533728
84 44 2220069.809991707
84 49 2333731.441348484
84 50 6405004.115579766
84 51 6101036.858644399
84 52 5773623.572772636
84 53 4491379.218450904
84 54 3463728.6261576223
84 55 5608100.885537249
84 56 2091608.9561819083
84 57 919351.4510705823
84 59 2060578.3674342937
84 61 2895669.2804777934
84 63 19175968.09984013
84 64 11596765.268734617
84 65 105125.14563363363
84 66 10422811.817805085
84 67 3826087.246303093
84 68 4345776.370831392
84 69 17661570.67701567
84 70 13994711.161056332
84 71 7012875.064514101
84 72 4969161.62440315
84 73 3488183.145429978
84 74 8608166.874152066
84 75 8930881.621040802
84 76 29553576.510047846
84 77 11998915.168050123
84 79 5936761.7545444835
84 80 1863251.5823371985
84 83 6037435.05722945
84 87 184438.35304528612
84 89 8284219.465217082
84 90 1818961.9673825381
84 91 821022.5384791059
84 93 9065609.147580206
84 94 249235.0435976563
84 97 1656718.8897314158
84 98 431222.7543622273
84 101 12359332.01419878
84 102 2417728.251148019
84 104 49925.2973078353
84 105 1999095.752104807
84 106 3179221.8170293462
84 107 4079977.877009321
84 109 5905008.335430475
84 112 4072510.848634855
84 113 12728427.188079596
84 114 905697.1930000992
84 115 11948815.171274558
84 116 8000913.5170012275
84 117 4870451.910709018
84 118 7184759.186467446
84 120 759492.4800162067
84 121 698810.9631435064
84 125 1204867.3227853132
84 126 5124746.577711373
84 130 9504946.750049613
84 131 5190332.257678865
84 133 2660605.7046432877
84 135 10136881.402124211
84 136 5887253.95577872
84 137 8481658.461105695
84 138 837848.210836111
84 141 6265921.475810324
84 142 19052224.374374595
84 143 1795962.7047975028
84 145 17227765.278431788
84 146 7469593.232116796
84 147 14262984.588268414
84 148 24351522.887508187
84 149 1832553.1558381917
84 150 1057976.8693023308
84 152 3206702.123417256
84 154 9188861.456211202
84 157 18139572.900719028
84 160 2596435.867315371
85 0 26108546.242660295
85 6 32855464.205493405
85 7 95819017.19471599
85 11 34268275.96396876
85 14 110023756.368175
85 19 99791926.62847143
85 21 9595911.836222934
85 26 327051125.10729325
85 28 591683.0255141414
85 31 180694127.42336258
85 32 38821809.115122005
85 35 89641131.20781113
85 37 144796203.009856
85 38 61315184.10346315
85 40 98373566.3220166
85 44 101582439.92118037
85 49 381056791.3108674
85 51 19532775.76819916
85 52 8720244.835130187
85 54 253494180.41100273
85 56 44281704.63213077
85 57 297491.4794122995
85 64 180500882.7550021
85 65 239921163.69355917
85 67 1000870276.4383411
85 68 22294734.67325209
85 70 718765433.295936
85 72 63826701.71496624
85 74 13819156.904405363
85 79 61072115.597416975
85 86 43300670.7889062
85 87 1744262.609303177
85 89 391968100.4995347
85 94 37049248.72407984
85 101 182909407.99749872
85 102 49563042.10121781
85 105 37864677.121032864
85 106 229147121.4847016
85 110 1912384.566644609
85 113 50145641.600751586
85 114 102625589.33777376
85 115 248254032.53055027
85 117 88544285.96731988
85 118 184851812.98194835
85 129 136455555.76294094
85 130 129099830.17651367
85 131 16508230.020025928
85 133 177548371.0204319
85 138 163820320.84089038
85 142 569477093.929382
85 145 14983805.886010217
85 146 185603755.3605541
85 147 50527413.98685516
85 149 805181.4668336038
85 152 935187129.1098382
85 154 569759486.0680553
86 1 45585547.53995741
86 4 135721907.08229765
86 6 7805809.920479179
86 7 17450377.448041674
86 8 45666291.74463084
86 10 80327819.61508237
86 11 20359620.89695579
86 13 167303716.9631363
86 14 31912749.413722478
86 15 7458399.587723928
86 16 8483515.211103013
86 18 47052688.201321326
86 19 27417484.85795597
86 21 53857552.72393053
86 23 568118.9044402024
86 26 209153273.74486974
86 31 353715.3545546644
86 32 48182620.69969489
86 35 10293647.165022843
86 36 33395957.646499325
86 37 39402108.93482333
86 38 64150307.516994506
86 40 39022407.11973429
86 42 2398521.4203812233
86 49 19380101.88908672
86 51 20967112.669576015
86 52 31118853.488169927
86 53 6035930.943126812
86 54 40956358.56142193
86 55 28870569.176508397
86 56 121796844.438426
86 57 3580620.8010749947
86 58 8509580.431221368
86 59 2384652.398568976
86 64 78675493.28214127
86 65 57196615.04003938
86 66 1492394.0979275818
86 67 40433304.85671302
86 68 74863988.87861064
86 70 4990924.2085462
86 72 26661780.85845523
86 74 73222882.87596531
86 76 38296973.36578975
86 77 31254481.675146587
86 79 72677214.69422005
86 84 30554341.767845407
86 87 8651838.728580771
86 89 35730108.785157986
86 90 13385429.324358515
86 91 22877186.284796186
86 94 51060344.1701862
86 101 112154659.30741723
86 104 8527076.075992243
86 105 49187433.21489859
86 106 18864126.553326927
86 107 21329234.41879813
86 113 152801871.6426669
86 114 3662336.851300024
86 115 15388981.48302618
86 116 4388289.7391758505
86 117 86251119.74737571
86 118 35172079.68948277
86 125 58232381.62224859
86 129 19732326.58041348
86 130 20865396.089187097
86 131 5591325.484284681
86 133 136780016.10283792
86 135 754338.6864279518
86 137 2320474.5352596045
86 138 176034143.95700887
86 141 2758414.2733267127
86 142 9692866.272676747
86 143 5055661.557621469
86 145 32325609.08798564
86 146 4471393.305053185
86 147 6755164.845154406
86 149 10009489.835030712
86 150 505734.0189178787
86 152 95934035.31181347
86 153 12596031.700994695
86 154 5858458.7202636115
86 157 234503720.1715116
86 160 3489043.7130356776
87 1 7141326.492697994
87 3 8752494.177665887
87 4 8456364.10022938
87 6 9060871.447006783
87 7 11931478.247921806
87 8 18029063.295246843
87 11 2657480.4847309804
87 13 26987980.870367214
87 14 14774821.903213868
87 15 5428374.852328706
87 19 10334003.022252323
87 21 4121542.8272330817
87 22 101613.86148431856
87 26 495872.91081481415
87 31 68791825.09611933
87 32 16781551.85218845
87 35 3491212.7021773127
87 38 15955928.100787165
87 40 16838191.095491644
87 42 766566.1959334383
87 44 19575351.342405554
87 46 10010527.984773584
87 49 46644360.63883353
87 50 11465644.886748187
87 51 13669521.656276727
87 54 2786898.52923987
87 55 28979168.26024599
87 56 12403505.9070323
87 58 14163262.02481768
87 59 6164992.301448547
87 63 1187944.9438259245
87 64 11801077.868426276
87 65 22605323.487086955
87 67 4657096.464703568
87 68 1903986.8789959957
87 69 8571369.522287065
87 70 930762.4609887727
87 71 902090.5802857744
87 72 48338478.651844695
87 73 14570904.528192619
87 74 9812674.659932941
87 75 14195693.095133148
87 76 25253411.754886594
87 79 2112345.815136104
87 80 586381.2600212162
87 84 19845334.911733445
87 89 66981466.86189025
87 90 24518786.120844495
87 91 513123.0742535532
87 93 20763111.759948038
87 94 7744679.793557484
87 95 7518696.847680458
87 97 33513446.72280923
87 98 2195510.3868329525
87 101 4138403.8400283614
87 103 27356134.04942843
87 104 13976859.071924964
87 105 27234149.523558583
87 106 3204620.2876143465
87 107 10392116.517346287
87 111 2400170.732028362
87 113 4415949.3521904815
87 114 4821002.6223982405
87 115 29839098.24480914
87 117 10919706.746821549
87 118 8203283.717947659
87 120 5850662.237260187
87 125 990754.6879295164
87 126 20591905.762220576
87 129 3702854.0292389775
87 130 3198452.954383085
87 131 1400213.9054313137
87 133 20843960.431495737
87 135 17048269.599260442
87 137 7115968.711334316
87 141 13749993.79490583
87 142 509773.8783527734
87 143 1296790.3302258498
87 145 6123838.522022263
87 146 3887951.92403713
87 147 19425486.99354502
87 148 12673064.252482709
87 150 9140318.42548594
87 152 475649.68991880736
87 153 11737690.591912849
87 154 7561346.514974601
87 157 3207713.861478604
87 160 7814788.051823456
88 1 483714.6204018908
88 3 456270.4030916738
88 4 2662313.901289055
88 6 4079055.8477398604
88 7 28273884.06241636
88 11 7856851.768334447
88 14 1467285.464754744
88 16 2000248.6328308529
88 18 7330331.727410447
88 19 22640814.869526193
88 21 6120338.389761625
88 24 1232430.8987398704
88 26 182716.41723466964
88 31 7973690.9111484885
88 32 7815337.883564084
88 35 846366.727627997
88 36 1391769.5869400022
88 37 971759.8275842504
88 38 9748908.408007108
88 42 819225.7577876545
88 46 141334.17528632906
88 49 7843750.398206788
88 50 2361865.58779663
88 51 8792364.584303103
88 52 5328188.871585299
88 54 1572281.993124275
88 55 1389246.4081640553
88 56 1915709.3186531207
88 57 2074388.6013740043
88 59 6404120.113236606
88 61 4493952.463638081
88 64 12939301.08316245
88 65 586042.4031450704
88 66 8931993.655667482
88 67 14099188.891905626
88 68 3810319.445763893
88 69 1100442.730722598
88 70 753534.7727624133
88 71 3243576.8731365534
88 72 10549152.545573369
88 73 6939393.500393319
88 74 4025384.157304758
88 79 4281789.604752288
88 80 297195.0800250285
88 86 5614330.6923968885
88 87 1139831.5728180194
88 89 4172666.4810383413
88 91 1462723.7340742007
88 93 4521644.065910983
88 94 8512222.943154432
88 97 1035483.1090191818
88 98 318018.8307789952
88 101 10701986.790352639
88 102 957926.7735929529
88 106 4458223.689150536
88 107 2933748.4930116646
88 110 1409445.270759505
88 111 3143433.2498272588
88 112 3800489.3203241746
88 113 5507885.112626147
88 114 10976347.466609618
88 118 15225347.11090123
88 125 3742.5024956912
88 126 1401251.6791412754
88 129 6561257.907190132
88 130 41317105.22346178
88 131 1191821.5043319466
88 133 11639061.913696475
88 137 2856677.037653155
88 138 9424294.750777595
88 142 4829570.780290433
88 145 992372.1960473758
88 149 1855867.3224564416
88 150 8101176.270547184
88 152 16270077.53119816
88 154 951245.9749140994
88 157 1640492.6244543132
89 0 7964278.603497724
89 1 125086248.05006911
89 3 2704179.4155711224
89 4 298147145.08023024
89 5 443925.2790822443
89 6 493584156.54573363
89 7 704966097.1330884
89 8 6624127.123340463
89 9 5046743.8735739
89 10 7824384.730448433
89 11 4945610.252661791
89 12 16741368.036727613
89 13 28773789.860354327
89 14 1038358307.6482586
89 15 38195.44795166895
89 16 1550390.735914285
89 18 1660446.1161712767
89 19 3716868849.5832114
89 21 30937016.90442485
89 22 202025.8997277197
89 23 358505.93526834814
89 24 27163728.634974394
89 26 6566563064.31552
89 27 9343839.54240728
89 30 73300864.34372307
89 31 5732727356.149886
89 32 40318493.88242876
89 33 980364.3442776001
89 35 54452900.90558653
89 36 695695.6744643054
89 37 5162518.8777243
89 38 29086416.507534124
89 40 66351117.99419012
89 42 240084.35700306162
89 44 119544722.49489944
89 46 27319890.855160374
89 49 1787548231.120813
89 50 49146606.512932025
89 51 3279713386.5092583
89 52 6654777.624642051
89 53 5350846.246836092
89 54 6070667161.981953
89 55 175198803.03639707
89 56 994611855.358232
89 57 311521.7260023921
89 58 12921637.886187883
89 59 450419.0951468612
89 61 4459091.596866827
89 63 78528469.0606753
89 64 1741709855.2496154
89 65 2223476630.705434
89 66 17867666.648551416
89 67 968564660.8948816
89 68 1355724038.7603655
89 69 313809197.1594321
89 70 773246986.9540246
89 71 1714972051.804707
89 72 3051821742.277117
89 73 79998990.47624719
89 74 2003043083.288514
89 75 8478349.727871906
89 76 83892598.78265132
89 77 29731721.5326292
89 79 687434372.6686116
89 80 101857785.4673512
89 83 112192388.70972455
89 84 246961120.62964243
89 86 97235037.95051877
89 87 50556773.55748244
89 90 1294416.3087944542
89 91 11856310.775678322
89 93 1462457.3836990893
89 94 4573539884.522414
89 95 784027.7917184276
89 96 34571201.91837717
89 97 289752862.7121615
89 98 1277155.1385473823
89 100 9123942.797483064
89 101 1093565485.2072113
89 102 18972080.70516272
89 103 22242655.95173551
89 104 3521560.215137443
89 105 124057125.53923711
89 106 1008466954.2564155
89 107 196015496.92031366
89 109 24195536.722632732
89 110 28367776.98848165
89 111 54470045.72372189
89 112 78016731.99336137
89 113 2407372358.7863383
89 114 2862331749.6115527
89 115 835082376.1600734
89 116 90008534.81440085
89 117 293681096.6450481
89 118 1385833229.3398335
89 120 4062445.812622383
89 121 4140991.6749450075
89 122 1236254.6364814288
89 125 564618557.6958487
89 126 12152953.188869372
89 129 2745016907.9253364
89 130 327792074.59113246
89 131 498837757.4920225
89 133 110033377.24938942
89 135 13260913.648452383
89 137 2035846470.2993925
89 138 1769062279.5656996
89 141 577973.851267882
89 142 2415950291.8991838
89 143 195027.60851129395
89 145 2814978.289908039
89 146 4232999.691420036
89 147 496804740.77576023
89 148 25217113.82335862
89 149 3933876.6846471378
89 150 812067870.3171426
89 152 82751549.60103706
89 153 23448186.21217372
89 154 958838936.0722272
89 156 3786320.454675125
89 157 399064671.7250501
89 160 30460252.352601532
90 1 1640451.9271965607
90 4 638364.6714829014
90 6 9516481.122801252
90 7 2850986.686188545
90 11 2594217.697990489
90 14 1682234.5267279255
90 19 5813522.849193365
90 26 5212435.723813337
90 31 2157929.170487352
90 40 803625.8280125437
90 46 1059201.9175684128
90 51 5314389.038465197
90 52 5386428.935083047
90 54 3970947.980711376
90 56 26846.098083883222
90 65 832383.275015019
90 67 1472527.0871824578
90 68 3942730.149978464
90 70 1324296.0864981923
90 72 950790.676780578
90 74 20009687.034397777
90 75 3816327.284778555
90 76 3824955.457192928
90 79 273504.7092898727
90 80 4801775.251993134
90 84 3330548.3168786643
90 89 8134327.2524801465
90 94 3187903.3100564443
90 101 1446634.9309034904
90 102 13039548.40403176
90 104 1287013.104851022
90 105 813175.7559040679
90 106 5385464.619056878
90 113 10339150.676290644
90 115 3256244.4088124526
90 117 134258.96751144543
90 118 4868694.449379952
90 120 145444.8510881412
90 126 4627720.811510222
90 129 2654902.8201484857
90 130 4295824.666324316
90 131 1965313.5437970555
90 133 6370087.043655012
90 137 436243.54751921585
90 138 270931.68319326336
90 142 6008947.092669817
90 146 179410.97994131662
90 147 4297060.775233081
90 152 9534830.161839122
90 154 622638.200425284
91 1 1824562.980494562
91 3 2574602.518859548
91 4 25785120.60501618
91 6 1873602.6228909018
91 7 2905201.6001939606
91 8 858774.7875555182
91 10 548303.8383546723
91 12 44319.147499768784
91 13 6980603.721881111
91 14 2405432.698941926
91 18 5037580.266474412
91 19 8618481.519162681
91 21 6818057.477016084
91 26 333969.54821745586
91 31 1915093.551569355
91 32 5500359.53944557
91 35 11128074.970411133
91 36 7934603.728699679
91 37 1096664.0137246111
91 40 2926644.4243617775
91 46 9446976.842264608
91 49 13398933.189353518
91 50 2786996.3521798016
91 51 9629558.704854863
91 52 159601.5892792264
91 53 981704.1494990402
91 54 3404053.627803885
91 55 17442976.68050818
91 56 318522.584040372
91 57 1884614.427393188
91 59 7254391.494272752
91 66 3532142.7658580914
91 67 3436655.0404104367
91 68 6234255.435300734
91 70 9157305.516583577
91 72 972440.277684951
91 74 15258462.978286985
91 76 2678059.411047962
91 79 12787646.244978108
91 80 8044866.23668747
91 86 7877372.599585984
91 89 4562225.347385673
91 94 832984.4206027833
91 97 3718097.0493462714
91 100 15364002.853442311
91 101 8315078.732388671
91 102 9897227.82321689
91 105 2716081.4220684636
91 106 5651951.7211152855
91 109 641798.5122470838
91 112 12336070.77008624
91 113 460398.8998348365
91 115 9764695.4701421
91 117 852063.7070285215
91 122 472206.13308813504
91 125 3755306.8623299943
91 129 419773.7607864162
91 130 6427495.321713276
91 131 2626876.1594329653
91 133 4009421.231180374
91 137 612668.9371297978
91 138 8330685.093686717
91 142 1484009.9948393186
91 145 1659195.0387233538
91 146 2893161.0858590044
91 147 1035817.3457829952
91 150 22819927.951094173
91 152 2615581.424217492
91 154 4285170.11263261
91 160 2022660.2679797336
92 0 776986.9132470103
92 1 5188961.825186259
92 6 1213848.0079590767
92 7 7543957.147148676
92 9 5301240.169585643
92 10 31699672.790346865
92 11 13896347.98881253
92 12 3369632.439824208
92 13 16690773.924668154
92 14 1142131.6338640382
92 15 3250993.952112839
92 16 2167715.589383604
92 21 647537.225593241
92 26 5262595.12777201
92 30 13744723.562104018
92 31 5936054.335330359
92 32 7889025.491889439
92 36 21655902.608923167
92 37 10708190.823762624
92 40 2567728.906237094
92 44 8349340.224718602
92 49 15098558.707421402
92 51 29555984.96087251
92 52 7912954.846580311
92 54 1804575.4668041894
92 56 6773657.077772346
92 57 2163755.5659329663
92 58 8395791.868325917
92 61 7324275.15073329
92 64 1138682.3168213165
92 65 1858962.1249477467
92 66 11335286.532585783
92 68 2889.2506941422275
92 69 1831049.9783409147
92 70 5712423.066228563
92 71 18976341.42680439
92 72 12133765.136164691
92 73 830134.2279888871
92 74 9053410.20276408
92 75 4764619.375791048
92 76 3470964.111594844
92 79 8145920.427263812
92 84 18478558.668750938
92 86 9516422.093504628
92 87 17852449.57377367
92 91 5785110.800587885
92 94 7650965.494726752
92 97 2942538.095775846
92 98 4679378.963130869
92 101 3611017.243187449
92 102 1993189.3013075958
92 103 11481691.219337057
92 105 4146256.815287024
92 106 2946914.4912492926
92 107 11234760.36760042
92 109 15848026.176349485
92 110 5236567.416294296
92 112 18277132.631574802
92 115 1127344.0776650107
92 117 14428104.82055122
92 118 203485.04900014872
92 120 2983287.0106837517
92 129 1667648.7665622036
92 130 3318591.125081775
92 131 7164564.80447722
92 133 13394064.310722042
92 137 3309545.2515690112
92 138 597961.2674194669
92 141 17223970.756630987
92 142 13268226.5766163
92 143 1373995.8987348794
92 145 1081215.3703454959
92 147 1794037.3781076602
92 150 18053495.274801224
92 152 5869550.611966767
92 153 2854442.0894986684
92 154 9691190.834726518
92 160 280923.34664619
93 0 3662871.1383130746
93 1 15263615.27129331
93 4 8852082.936881248
93 6 6633395.732578876
93 7 33711997.51690521
93 8 8341388.852951313
93 11 36915354.90788028
93 12 30388353.00046396
93 13 6225915.824044135
93 14 14659842.163730143
93 19 3215076.155777136
93 21 691856.3513920357
93 22 6080328.936804574
93 24 5915953.091645873
93 26 12936085.016298061
93 27 2236303.800212137
93 30 17514652.842390846
93 31 41522832.90318939
93 32 24204951.513114244
93 35 9745932.49654921
93 36 22599888.76451181
93 37 1846460.4417119604
93 38 18786789.705663856
93 40 10585926.995673615
93 46 5472849.916622311
93 49 13333927.600721953
93 50 1071416.4416892175
93 51 71547605.90708925
93 54 19572755.08797612
93 55 21912171.301878113
93 56 26636284.62440628
93 57 1999451.9612962974
93 59 2991849.5671707103
93 61 13133169.643409248
93 63 2960583.24841393
93 64 21572324.650288917
93 65 49731724.87576648
93 66 11230673.713665694
93 67 7575459.351557896
93 69 32349623.325054534
93 70 16368050.001133094
93 71 29510206.166126348
93 72 15878229.699102262
93 74 3225398.8427959965
93 75 2882460.3677551285
93 76 9747592.655801648
93 79 52811368.49405563
93 80 1045401.6478260761
93 84 9354298.429313181
93 86 39907796.97723344
93 89 13795133.850281939
93 94 101414065.49116834
93 97 11055445.48271625
93 101 16005872.351056246
93 104 921363.3656730222
93 105 24038449.780941185
93 106 41592282.19045072
93 107 7594662.98430581
93 111 24833928.16725299
93 113 2973914.29089878
93 114 473340.45516069717
93 115 45801977.25831439
93 117 18831651.054156005
93 121 3714114.5609113467
93 122 4221571.201703085
93 126 18752753.90417289
93 129 20265691.73648948
93 130 5605747.951526201
93 131 18233730.82078578
93 133 45695458.178013794
93 135 3612145.1785942605
93 137 11928185.593836723
93 138 4104155.3489131946
93 141 3291244.5150155746
93 142 27867311.37048241
93 143 3755904.979056326
93 146 29995235.014138773
93 147 127919386.88243793
93 149 3271340.475965437
93 150 60445092.11959243
93 152 53921240.09110173
93 153 8114288.490661385
93 154 61941498.433433965
93 156 700686.2877883795
93 157 11693623.874883577
93 160 5448204.458631405
94 0 962901.6699056106
94 1 48635458.095681764
94 3 2041165.0536025888
94 4 13419054.355492892
94 5 6780634.395657546
94 6 721178602.2688576
94 7 2434635353.030121
94 8 23657974.677160826
94 9 64677113.7652682
94 10 155197699.54635128
94 12 158578.03816612938
94 13 237143390.544048
94 14 1066166486.7160469
94 16 33797876.592336304
94 18 949393.0227342204
94 19 384088387.1129298
94 21 2846190.394927701
94 22 8974759.972644692
94 23 2186216.8299301537
94 24 11611271.992066333
94 26 4176383231.623269
94 27 2116224.4386001653
94 28 157484.66929078533
94 30 783949358.7764385
94 31 937265180.3980746
94 32 23003530.62895419
94 35 119065253.03423977
94 36 39875060.06972146
94 37 66022818.52013134
94 38 73908316.319234
94 40 3967855694.8036437
94 42 720120.7156427806
94 44 32587652.702869307
94 49 2227215215.007277
94 50 34439172.5040303
94 51 3884390790.613321
94 52 2275478.3627250385
94 53 1624603.3756254038
94 54 466686396.19124866
94 55 30871508.4874011
94 56 355505402.3172113
94 57 13035.114680500285
94 58 77443054.10996802
94 59 330954.66941357654
94 61 678053.1787833247
94 64 634348326.9219266
94 65 911819715.8675768
94 66 2695831.563614332
94 67 543388299.2732435
94 68 207062163.4344124
94 69 244916673.22608313
94 70 333503328.11041945
94 71 3341596473.942741
94 72 6842395473.92028
94 73 6400852.109104647
94 74 4809844242.778201
94 75 43551303.10419857
94 76 50108003.594492115
94 77 1371177.3893383122
94 79 1432853687.1999974
94 80 404151168.33235425
94 83 66101163.92858878
94 84 58381065.03792394
94 86 5500791.332689343
94 87 13890465.055223156
94 89 868230963.2442822
94 91 7703880.7726433445
94 93 47786202.21741165
94 95 6620034.136927713
94 96 40465051.362444036
94 97 149554086.75774077
94 98 2556174.5007647877
94 101 238684395.87068594
94 102 731894110.4942187
94 103 84440199.68005198
94 105 24218514.57714963
94 106 192634265.52603793
94 107 76901176.93913658
94 109 107419454.50021893
94 110 3069335.997308375
94 111 9091639.763489123
94 112 84480805.5494424
94 113 2233183428.3319845
94 114 84501841.7144847
94 115 1279427899.6617599
94 116 13624729.798033882
94 117 429911442.75449157
94 118 779678452.0679791
94 120 191977.1306555312
94 122 4150421.5905480674
94 125 933272299.0917481
94 126 18985087.67528973
94 129 970140112.1778342
94 130 58311150.19665331
94 131 373277368.5379289
94 133 301526242.0584413
94 135 30709470.351610184
94 136 3870454.2706610947
94 137 136249018.6735926
94 138 690821793.1133533
94 141 14901848.286608288
94 142 486575126.79667753
94 143 8373691.261025905
94 145 99914668.24526158
94 146 25251558.033311516
94 147 920859702.3882906
94 149 4002468.8431736673
94 150 307015200.9615384
94 152 347274812.09309554
94 153 98372062.86337677
94 154 2118270326.046874
94 157 206141709.34965345
94 160 884517.3324247107
95 1 22901314.360723004
95 3 2646668.746577516
95 4 12034952.902594967
95 6 16531293.416072147
95 7 30885674.60597264
95 8 21112725.428709287
95 11 41491289.887643985
95 12 3581324.9816487506
95 14 20494651.509867296
95 16 8552222.948942456
95 19 21591164.037863318
95 21 11640289.256891165
95 26 7687581.18524389
95 30 3351124.5531667443
95 31 3844801.61308012
95 32 3843378.2976645096
95 35 32421868.713898294
95 36 7402520.944645814
95 38 12015204.862537844
95 40 24008594.914103698
95 46 41141428.90163554
95 49 31108490.495766494
95 51 6861896.120257986
95 54 8587902.008901803
95 56 19511332.563613404
95 59 3455255.3229473354
95 66 1875428.8777233227
95 68 40735302.70382145
95 70 5791928.686690044
95 72 7310036.533383421
95 74 1823613.6305676044
95 79 33079644.08233596
95 80 5186517.03598437
95 83 7748219.743312853
95 84 10602371.692445224
95 87 5994552.789129277
95 89 3237639.411167378
95 91 9791652.345383763
95 93 6842308.718349508
95 101 29960539.512273554
95 102 43822695.23469814
95 112 23564945.064095452
95 113 55283359.78058088
95 114 6130468.2101220945
95 115 5147679.1375387665
95 116 27863216.212702405
95 117 9433248.219114387
95 118 13980432.01556079
95 125 3618052.7383802263
95 126 8948235.746340808
95 129 1119800.173534364
95 130 7136658.318672942
95 131 3934001.084843664
95 133 7544858.699979961
95 135 7848877.265994088
95 137 3088716.99040848
95 138 10196135.232147504
95 142 16249611.267721351
95 143 1252158.157512389
95 146 15772040.997647269
95 147 50071551.145507224
95 152 13049097.60993912
95 153 7002852.04607652
95 154 18270806.17936885
96 1 688786.8244244109
96 3 4422702.050875955
96 6 29971394.85419762
96 7 35634902.16680923
96 14 83034.29231938306
96 21 19790466.71231213
96 22 2023015.8602388408
96 26 1325018.2421757681
96 30 2989389.444310794
96 31 2585163.6315931836
96 38 7923736.513969288
96 40 1624428.611034843
96 46 6982989.397852414
96 49 35248.69469197828
96 51 1566956.2109957756
96 54 20950093.037674084
96 55 7580061.059440421
96 56 16220319.050604133
96 61 2956863.679799725
96 64 2627625.2947066925
96 65 1343882.192707866
96 66 173054.2893738536
96 67 20889274.479494557
96 68 288590.0889810313
96 70 4883026.806945325
96 72 874207.4620926968
96 74 8493711.660476543
96 76 6979296.83347353
96 77 8963721.641159564
96 79 12449158.06153695
96 86 41526599.089952186
96 87 4366158.585148478
96 89 6928882.139148385
96 93 4668468.794152269
96 97 1858826.5124703022
96 105 7060782.309703818
96 106 6154857.031482828
96 110 12518113.478175422
96 112 3526213.333496547
96 113 650631.3362508683
96 115 7090389.009205841
96 117 4950260.5046694465
96 129 8277019.985275308
96 130 1669889.1203381887
96 131 7456060.660973979
96 133 30623561.463233866
96 135 2128938.674729346
96 137 4619610.091635099
96 138 2613873.3187297485
96 142 6918620.129601437
96 147 8653943.606818682
96 150 933509.84929083
96 152 16808670.549089685
96 153 26030759.847619794
96 154 17374240.816574603
96 160 13458472.752093952
97 0 9550206.052080255
97 1 4706202.469610151
97 4 142015759.11566213
97 5 15798122.577378955
97 6 110663575.03817442
97 7 33824591.47871503
97 9 898278.7096333689
97 10 17949104.24016087
97 11 21551525.791002057
97 12 24161599.359616734
97 13 50742199.45406561
97 14 16088106.342126368
97 19 100157993.09399113
97 21 34397759.1896506
97 22 12967753.607094385
97 26 43143859.463685215
97 27 1795419.0146192869
97 28 26574.902438786685
97 30 281887207.58779997
97 31 168509404.82109818
97 32 4108575.145416096
97 35 42278810.0268567
97 36 18665431.10512144
97 37 27023585.959159132
97 38 10938900.730583489
97 40 3310134.468193554
97 42 5026778.052464997
97 44 13001803.639283327
97 49 762156458.1838713
97 50 11613094.519281114
97 51 6908501.879424991
97 54 44087139.970545985
97 55 59706541.95144133
97 56 110098314.02757376
97 57 5178410.826563404
97 61 17751594.48095938
97 63 3644034.8170729037
97 64 13078627.378198035
97 65 8408656.329724597
97 66 24003594.16353281
97 67 236603504.4686875
97 68 58816798.361622766
97 70 73528346.40421894
97 71 39678609.18662408
97 72 207877342.44131202
97 73 149759771.05926496
97 74 133068880.64817406
97 75 18938881.398077723
97 77 10006585.86354579
97 79 69633895.02482906
97 80 171273815.4013741
97 84 139255.03266231148
97 87 7621686.662884161
97 89 15202502.349094685
97 90 1173674.8367728158
97 91 10761339.76225745
97 93 31489812.72727094
97 94 218502356.22933853
97 98 6378695.387883395
97 101 142331106.36166686
97 102 59347451.74013111
97 104 8678039.80566155
97 105 31101346.32046826
97 106 85261214.86294942
97 107 48601217.56263176
97 109 157784400.50724298
97 110 8569081.320394754
97 111 98891446.17238651
97 112 20726798.464281775
97 113 90140011.38248849
97 114 2006149.3734522401
97 115 261549966.32357803
97 116 12062370.04046858
97 117 170984187.88305748
97 118 10626183.165377429
97 120 3670232.8809436634
97 121 3511252.755326015
97 122 3188952.559088325
97 125 224247592.63523656
97 129 401129173.26430917
97 130 101596028.77891323
97 131 76628623.77775972
97 133 150340474.5822314
97 135 2540372.0381317665
97 136 16424401.772215672
97 137 20280247.34797746
97 138 11123649.399002282
97 141 15759188.045804948
97 142 129578448.95170356
97 143 491681.11905794166
97 145 4451464.182296659
97 147 235078894.36743173
97 148 109002711.52777529
97 149 8770102.202663662
97 150 29432208.389061883
97 152 125726037.86995019
97 153 15169378.387751421
97 154 305693556.3381956
97 157 649091.2979727859
98 1 2015672.7305221723
98 4 3202706.156991108
98 6 21564455.41315252
98 7 5065069.991526422
98 11 2436903.7678963966
98 12 2893151.314021311
98 14 5316755.183550659
98 16 5170751.741023445
98 18 4146744.735740089
98 19 6663540.949326997
98 21 1533187.4376458211
98 22 409046.5178626597
98 26 8387342.944285374
98 30 20586042.619812924
98 31 346782.912249646
98 32 2513178.576280113
98 35 10058883.966586709
98 36 2276768.8388705635
98 37 3279028.284630567
98 38 15417937.558950577
98 40 25041507.232624087
98 46 4254490.2366312565
98 49 12647212.226041574
98 50 3150552.120974362
98 51 9050488.542281164
98 52 1755699.6164301317
98 54 3066419.5654022354
98 56 2261002.346136032
98 64 1555488.408769166
98 65 8599790.923655469
98 68 6131870.355633633
98 69 425190.0643866087
98 70 1827411.7288181416
98 71 681294.6748583878
98 72 733115.5730335832
98 74 5053367.617121808
98 75 1417409.6135943646
98 76 14915307.453377191
98 77 15945415.29250465
98 80 1745333.806618203
98 84 3615979.9633198986
98 89 10266013.735935079
98 91 564372.7020866659
98 93 8336180.068182495
98 94 2108569.402536615
98 97 1986730.7666586342
98 101 5447980.4354607435
98 104 7354713.441087403
98 105 508078.6704464411
98 110 5463339.82805268
98 113 714788.2854653663
98 115 2830664.6043848293
98 117 1129542.925048976
98 118 6113595.200509972
98 125 179230.2978474859
98 129 13872514.082548255
98 133 777280.6745315845
98 137 9921955.723839851
98 138 3229694.587221752
98 142 10525258.526341232
98 145 1172258.0617210984
98 147 6304246.092903486
98 148 3080240.627247432
98 152 13141090.00523377
98 154 9726484.014348892
98 157 974810.3051742188
98 160 4379507.0646957625
99 4 28289687.42759057
99 6 4747235.927368339
99 7 36595227.91833431
99 11 10083266.054927045
99 13 6406804.203288149
99 14 15216160.98768812
99 19 25624155.698452808
99 24 41942164.647285044
99 26 10952227.508672707
99 31 16652652.80022785
99 32 28942238.56872362
99 35 32816967.25976929
99 37 37314942.61855867
99 38 22780186.413005013
99 40 15942874.654359985
99 44 25963696.400868192
99 49 34289608.5921479
99 51 67847180.22479774
99 53 1007356.7146612522
99 54 38932847.887291014
99 56 29447564.99273607
99 57 209259.57656962716
99 58 13523311.008302843
99 61 13604158.329495985
99 63 8197228.0118424045
99 64 8093907.0514991805
99 66 34853056.47391298
99 67 88733365.44782813
99 68 36475194.38494841
99 69 86216056.07608448
99 70 3439435.7888602614
99 71 50827632.69199743
99 72 6843541.209610888
99 73 6840567.417801641
99 74 29910705.25323564
99 75 17607688.253892194
99 76 13248977.787741013
99 77 11896250.95198719
99 79 51066391.48203441
99 80 7163703.980300184
99 84 20316880.80056994
99 87 25653506.531778898
99 89 8866626.116371516
99 93 3938728.0980886896
99 94 22775480.778238866
99 95 2429033.2236102466
99 96 2351569.91230878
99 97 4284882.150660096
99 101 20995891.36836457
99 102 6907997.452163212
99 106 15005179.996872183
99 107 76856.18728462099
99 110 18497973.545473542
99 113 39572411.055664875
99 114 41478724.887806416
99 116 8545335.906007072
99 117 51146880.66240031
99 118 98705151.94726253
99 125 9101558.005731527
99 129 15126354.291844405
99 130 15783780.225315433
99 131 1557520.0183585437
99 133 36436461.09156435
99 135 5380253.436942974
99 137 131480084.46868357
99 138 30808325.55066444
99 141 6980188.691410288
99 142 26349766.42529339
99 145 98656022.9789797
99 146 29172258.139158193
99 147 2982486.359343313
99 149 7121878.686120882
99 150 34409149.45029786
99 152 19455756.76187228
99 153 11808999.834491665
99 154 63074777.57262864
99 157 34262288.91773038
100 1 4147387.200714859
100 4 1663509.9293111765
100 6 6812612.5481148865
100 7 1979165.9948179128
100 8 12905392.786267865
100 10 8169862.771043999
100 11 149189.06174590872
100 14 7984706.848038853
100 16 1887456.9358811264
100 19 8289558.973120961
100 21 26250516.24483432
100 22 1946065.0023086765
100 26 7451754.557577925
100 32 4330400.462689346
100 35 6658287.475472745
100 36 14734089.710756132
100 40 3881829.7487983857
100 44 318293.7313013636
100 46 107316.76832443723
100 49 7348031.315971617
100 51 6145811.823747918
100 52 4235921.7306404235
100 54 5451078.861446883
100 56 556541.7060329585
100 61 484849.07574450603
100 64 6959254.213696074
100 65 7149903.972422991
100 66 2522705.77749395
100 67 4280540.612992647
100 68 5767425.13384185
100 70 4505551.676898803
100 71 3172247.6414006227
100 72 25648657.11523115
100 73 2732708.033544265
100 74 8080020.43834006
100 75 5950514.515741224
100 76 247004.7411036066
100 79 16552501.829720339
100 80 45102649.43472631
100 83 7619527.397768141
100 84 10553336.488438345
100 89 1313615.5133839438
100 91 4499098.820029031
100 93 3591092.070924482
100 97 4915479.666800275
100 101 90830327.19609559
100 102 2287835.267207299
100 103 1965104.3297821982
100 104 5032877.469303591
100 106 3226057.2834842335
100 107 16866063.08729021
100 112 20316130.347649407
100 114 48695211.80026176
100 115 3696600.723824017
100 117 13695063.945935298
100 118 4902845.509401973
100 125 8597288.562410198
100 126 7083920.008977904
100 129 26301306.610404298
100 130 35377577.52264451
100 131 14239541.672580035
100 133 5560472.996178738
100 135 7886015.419954745
100 137 3088243.5262180855
100 138 2563502.9753131852
100 142 5043474.743062839
100 146 6689296.773007423
100 147 15254880.060610514
100 149 4288130.815209264
100 150 41941445.596783884
100 152 9759610.040119855
100 153 3849936.5579855107
100 154 2928153.0414080573
100 157 3189539.5473129624
100 160 1769861.7038716495
101 0 5206126.628736811
101 1 104371766.52113064
101 3 5071193.864201527
101 4 837325399.094795
101 5 10336102.770591162
101 6 1410933026.5723886
101 7 7876151404.669113
101 8 3443374.940462719
101 9 75858875.81512007
101 10 114508826.41173562
101 11 77720624.93013076
101 12 20794292.48489661
101 13 139556340.70787895
101 14 3672471.2431198442
101 15 2845673.431957241
101 16 8685857.268940935
101 18 8356292.139824441
101 19 4122526851.47795
101 21 1532320.0058362589
101 22 1229166.5010773707
101 23 643170.571030914
101 24 3687599.377424631
101 26 15893234.958739344
101 27 2815705.6322254217
101 28 1191774.2478565166
101 30 423565219.19160104
101 31 1449472222.209468
101 32 644826110.7836456
101 33 4665569.121386394
101 35 3027977.2265771576
101 36 31812809.63193257
101 37 7084375.338107504
101 38 79358378.56091537
101 40 790516347.6040314
101 42 5193097.799300651
101 44 55503253.75091986
101 46 76597096.84071793
101 49 744319162.2879524
101 50 23333540.94534149
101 51 4021126032.2642994
101 52 5974736.614203943
101 53 1912892.1462495811
101 54 3967722052.421742
101 55 4399001.968328453
101 56 522469913.66474426
101 57 3243544.3072211035
101 58 59432371.066162385
101 59 2241781.828394313
101 61 9435556.451789642
101 63 23562718.469114907
101 64 563031876.8041947
101 65 5225130.231682432
101 66 6919170.411048938
101 67 974657284.8387364
101 68 19501202.741631243
101 69 54275007.38680143
101 70 1704139611.1307168
101 71 133130788.97025353
101 72 766043767.3744069
101 73 3287849.071455269
101 74 1829267172.6192334
101 75 13487460.921601607
101 76 66879814.685713105
101 77 1457588.4696462315
101 79 747448362.8063707
101 80 45142424.00697295
101 83 45804349.131863795
101 84 37645199.76381153
101 86 174318642.58774358
101 87 714440.5474416398
101 89 1726392148.6371524
101 90 15216655.265941536
101 91 9407719.494873168
101 93 6238314.714373179
101 94 1205543090.71231
101 95 126892.65632584956
101 96 6164137.314767238
101 97 417045282.61419564
101 98 3650203.702234215
101 100 426260.4341400434
101 102 202853811.14765713
101 103 16224023.28646292
101 104 1793884.1969599864
101 105 73653384.10501407
101 106 274866629.5495004
101 107 135952990.10447207
101 109 1338424.5517236183
101 110 19998781.343827303
101 111 24252827.96322804
101 112 16322823.865695573
101 113 109971826.11051166
101 114 1487714105.471291
101 115 444348720.1013369
101 116 26244566.691045005
101 117 29852516.43750046
101 118 1779008510.5300095
101 120 747394.4458035618
101 121 308739.33944770467
101 122 35543.299283631895
101 124 622282.4624324463
101 125 1235954554.394325
101 126 9576716.185791552
101 129 1243152840.4315147
101 130 392178300.9893457
101 131 35278406.81095106
101 133 1679876984.5199168
101 135 32992831.284698755
101 136 6044009.011612392
101 137 4789803852.8252125
101 138 1342981748.4300659
101 141 9747405.87730554
101 142 732922678.1959491
101 143 829521.3413501423
101 145 53800135.452643394
101 146 51004529.51990255
101 147 263665915.3883662
101 148 18465042.630614035
101 149 5432106.446337415
101 150 424987123.1140689
101 152 7399074571.007445
101 153 203519346.1886827
101 154 31326392991.585316
101 156 931447.7697332917
101 157 273952016.6096033
101 160 711859.8079012125
102 0 2489809.0747500253
102 1 136923755.00313547
102 3 1523905.3490175828
102 4 192009294.34892672
102 5 11364349.415992796
102 6 671471865.5074811
102 7 54049849.461884044
102 8 14621209.47883049
102 10 338824074.4989669
102 11 84352525.20940462
102 12 8058869.196600764
102 13 36412101.09343772
102 14 268440781.17526406
102 15 5286004.609054822
102 16 9780890.528536739
102 18 1554941.2622466204
102 19 499304725.65922016
102 21 81953309.96875787
102 22 2711586.219398587
102 24 11680223.391847314
102 26 162843065.77819216
102 27 911660.777872593
102 30 174290461.56245568
102 31 56018991.43633591
102 32 184483400.8964544
102 33 4706104.463433606
102 35 79356462.77054343
102 37 107896933.3560495
102 38 2372144.464655726
102 40 295148446.31901675
102 42 3486466.894859244
102 44 29093787.036581725
102 46 59469927.07544815
102 49 171280057.68641895
102 50 29629822.340071104
102 51 40581355.86660783
102 52 11117412.26178136
102 53 2484170.243285844
102 54 179782768.90553984
102 55 10807515.139230609
102 57 613206.9840807918
102 59 4259756.499802934
102 61 20107952.38131589
102 63 9557093.170692902
102 64 503620063.83536917
102 65 868716940.9504924
102 66 19801421.73493449
102 67 5063397.573615098
102 68 119564904.86360341
102 69 201005555.23378202
102 70 81324786.40270203
102 71 108851521.6725289
102 72 116519608.55566406
102 73 24422927.940909788
102 74 385483958.9188026
102 75 4649760.2815332385
102 76 24546885.013851177
102 77 17495786.964253437
102 79 114784777.24528512
102 80 176337661.29077202
102 83 13731577.10622352
102 84 93976205.46786295
102 86 40658231.40733864
102 87 3937041.8887718036
102 89 401667721.30745465
102 90 4033501.5218403656
102 91 6728544.6642583255
102 93 4426239.840182001
102 94 225338532.09757426
102 95 1057052.7762757314
102 96 5610505.202446748
102 97 97311455.5151109
102 98 6794146.233524867
102 100 15666232.732595129
102 101 226159391.2100442
102 103 19334871.100596383
102 104 11759292.552986156
102 105 370006734.40894145
102 106 39618238.41604774
102 107 104133394.59913716
102 109 16376660.760544924
102 110 249897.98400725235
102 111 23750417.451972336
102 112 81698414.97132862
102 113 88799984.0720047
102 114 226377087.5849257
102 115 23800207.752695687
102 116 38662772.34341705
102 117 241742507.33781645
102 118 68740374.9809214
102 120 863037.6814493589
102 121 4129725.195300373
102 122 4710983.43930524
102 126 1720190.8202160145
102 129 58048440.50977848
102 130 100750305.32665224
102 131 3279958.6198034976
102 133 307915337.91068447
102 135 53694175.791306734
102 136 3693165.4107093173
102 137 281198971.25061035
102 138 314795990.5834218
102 141 792813.6829518839
102 142 313281154.0554495
102 143 2032990.2390745475
102 145 54635572.36746623
102 146 53950947.886218175
102 147 49652890.95637114
102 148 19222882.49874897
102 149 3135058.608339757
102 150 172820540.57619184
102 152 380820923.1737191
102 153 16027069.356833884
102 154 124661616.31813134
102 157 209352734.8508982
102 160 12773232.108447641
103 1 34875544.7370084
103 3 4425188.33833516
103 4 14794386.84668903
103 5 84567.69926591156
103 6 12649088.596048258
103 7 2507436.5851470055
103 8 6889664.2657238785
103 11 2842657.6484076986
103 14 21960120.337150294
103 18 6071190.84620631
103 19 1132880.3163518258
103 21 20290677.484140545
103 24 25514622.950059902
103 26 6781958.359884977
103 31 1225706.346603483
103 32 12146224.108513517
103 36 1939807.648024764
103 37 4224699.883258707
103 38 479905.95171807444
103 40 29281394.172832314
103 42 1119846.0357024276
103 44 8232777.201082111
103 49 12491690.00951551
103 50 6727937.635110589
103 51 9837283.284008835
103 54 33974829.27938027
103 55 8367485.919680867
103 56 16805396.64378287
103 64 108388.42245644201
103 65 16509955.880621055
103 67 8445183.190642266
103 68 10744188.619097209
103 70 2559555.654606593
103 71 6411356.786482093
103 72 11925277.113313766
103 74 9352823.76102517
103 76 16697521.946769694
103 77 2915542.551074167
103 79 2197467.114206167
103 80 6761692.138752871
103 83 956856.6498915277
103 87 1517792.0069081162
103 89 5060776.02441788
103 94 15550966.20593753
103 97 1372051.7518537466
103 100 44013.59219180484
103 101 21210341.069223043
103 102 4667892.294157475
103 105 2506376.391985918
103 106 28491898.87391752
103 107 34024242.41450183
103 110 5235987.135457461
103 112 3708568.96629275
103 114 26361272.59977921
103 115 31212712.58585976
103 116 3991805.757774001
103 117 3249339.1448768545
103 118 1559485.4046112383
103 125 4842045.667007746
103 129 7081566.119286218
103 130 12932187.177766273
103 131 2152847.8689011163
103 133 3791193.619829072
103 136 6689446.313345441
103 137 4525590.636181221
103 138 19598745.626412924
103 142 32380126.925324645
103 146 1345580.7092175928
103 147 1955825.700161772
103 149 406223.2251708541
103 152 1335837.6690046822
103 154 4294035.375674312
104 1 5116709.057422788
104 6 332364.24069471157
104 7 3143183.711361214
104 12 1148844.5985133643
104 14 1546353.6891038825
104 18 62857.21063541314
104 19 26214071.08226022
104 22 7450257.284625134
104 26 1386261.5653027503
104 31 4447218.772251165
104 32 5464719.419028585
104 35 421288.0493894725
104 37 15734822.566585116
104 38 5017932.281673328
104 40 5671109.857922078
104 49 10701477.075986871
104 51 2342451.951811611
104 54 2984971.8720790707
104 58 12245247.909350416
104 64 852906.4037288589
104 65 9533313.478790676
104 66 7638912.932291183
104 67 6951854.773978877
104 68 2666382.015738865
104 69 2470841.477626878
104 70 722243.3162445558
104 72 12162280.115967073
104 74 1393444.5388538046
104 77 609666.8867255446
104 79 8191047.081103228
104 80 173324.49012937356
104 83 881742.178909601
104 86 6595716.71881586
104 94 36937084.26431989
104 97 18989875.56417099
104 98 3886168.448254659
104 100 358201.42951307684
104 101 7995378.892078461
104 102 10342361.296676988
104 106 21376189.157843605
104 113 4718134.820622308
104 114 13063974.424609698
104 115 4275651.859774194
104 116 2090198.1588955412
104 118 21233301.57243276
104 125 4851008.418155754
104 126 2519085.885443955
104 129 14302920.960364321
104 130 25565809.75549321
104 131 1559430.4092405618
104 133 4252128.484901422
104 138 14114606.663570179
104 141 5516811.73250043
104 142 1222518.3301385858
104 147 3068365.8586979667
104 150 6547539.616399655
104 152 7117883.236972896
104 154 3318018.9203353464
104 160 5730248.430949443
105 0 18344133.106095202
105 1 20043565.510167003
105 4 97470341.65679036
105 5 11510447.829767706
105 6 132538520.1641611
105 7 353912698.25049657
105 10 7935145.186288535
105 11 125057610.43004054
105 12 159727.72494896976
105 13 45251895.001331225
105 14 32502522.46497376
105 16 1953011.146770323
105 18 274223.54907724855
105 19 53153782.98226377
105 21 67633262.98118877
105 22 8229168.91719914
105 23 3291890.913926792
105 26 133627252.05118352
105 27 1254845.7288647278
105 30 36623928.80242506
105 31 70159234.32659453
105 32 21442554.223087016
105 35 4812060.638931154
105 37 74218306.10585336
105 38 55791060.16811908
105 40 453116454.39508647
105 42 4195834.002994416
105 44 91646191.2838935
105 49 47636804.37413384
105 51 7872860.379919369
105 52 36408740.139750116
105 54 15940868.382901488
105 55 213227212.69039455
105 56 428059851.33111143
105 59 5009192.968735876
105 61 5434929.1753353095
105 64 22233928.004317388
105 65 103378116.98717612
105 67 31687081.826415855
105 68 102975589.34345278
105 70 159327125.8013763
105 72 3360127.2208624897
105 73 126020213.45036773
105 74 194348508.55069205
105 75 54563209.57165799
105 76 3612332.6683969484
105 77 1834282.4174229538
105 79 482414806.3479405
105 80 179939327.01938766
105 83 11565876.240105862
105 84 17437634.864002354
105 87 1436316.6702752379
105 89 348087089.55424404
105 91 24305828.552164245
105 93 58577761.24144913
105 94 467054046.2012023
105 95 1535097.4954422358
105 97 233151659.11521828
105 101 145640775.67485982
105 104 7810491.054320188
105 106 584549261.9113531
105 109 38683209.85351639
105 110 295018.4611798095
105 112 70221795.38745198
105 113 213791975.76560578
105 114 351826334.1292077
105 115 56649230.818177424
105 116 107016374.20287937
105 117 381418510.50842506
105 118 22923273.341149315
105 120 6415228.567385308
105 121 4085367.0022773445
105 125 215519364.33745664
105 126 29055855.34527808
105 129 660810814.5516268
105 130 182717769.49742496
105 131 18058613.122875962
105 133 102325437.79244515
105 135 25763888.266060006
105 136 2561451.539558986
105 137 443529849.530436
105 138 131268162.84258117
105 141 2459133.8073973516
105 142 86306759.6647979
105 145 29488520.87348931
105 146 456668757.6025112
105 147 164574195.32522765
105 150 309601869.3908494
105 152 434099521.673263
105 153 77267234.77846059
105 154 923338762.3239573
105 156 2108220.0977449804
105 160 1585750.3370570738
106 0 68455132.75074373
106 1 5127936.01344107
106 3 4206081.549995642
106 4 211084918.55575424
106 5 21017774.322383523
106 6 1035552309.6786226
106 7 1634386214.9078724
106 8 31802309.189269856
106 9 16223620.505277835
106 10 20113488.723928977
106 11 98983517.84798121
106 12 17021117.46424286
106 13 60941552.58897403
106 14 149767693.12407026
106 15 35476.855285073456
106 16 9224530.601625705
106 18 39310510.26844142
106 19 485359997.2439283
106 21 49171368.782040775
106 22 8921129.322280409
106 23 2418730.358217423
106 24 10503939.652184132
106 26 221546569.86498505
106 27 1416333.9453076858
106 28 251428.9638376888
106 30 280845299.4559234
106 31 2284608112.874842
106 32 4108981.608578594
106 33 981005.8042415192
106 35 232068756.0471368
106 36 1461409.1072351795
106 37 57822926.032887496
106 38 37228956.015990146
106 40 164752506.94558606
106 42 3558795.1667479738
106 44 16436910.001214484
106 46 48190442.24229873
106 49 802438091.4664954
106 50 8035987.709054336
106 51 4104515222.4501896
106 52 1189375.3245491355
106 53 458010.0090150168
106 54 3347444210.0218835
106 55 42817135.07978463
106 56 710449686.0469297
106 57 2033061.2904118039
106 58 40653479.25478859
106 59 204612.09676790316
106 61 7228047.078016945
106 63 28823403.255543277
106 64 7547191.2945509
106 65 6809811.882489561
106 66 505669.19684972306
106 67 189766854.88517553
106 68 688771387.903851
106 69 237865900.3285376
106 70 495225809.5436809
106 71 104126946.98136263
106 72 600979448.0434763
106 73 17151571.544408448
106 74 106455056.7454634
106 75 24321631.978500642
106 76 260921562.28926724
106 77 3197550.3041638806
106 79 3469375486.9919124
106 80 136973808.69137704
106 83 506764.50486594136
106 84 73867697.10317457
106 86 6263439.877120385
106 87 6208096.607390789
106 89 574297035.2669532
106 90 7781519.455969365
106 91 6500797.205446606
106 93 19318356.99073804
106 94 2049664489.8897278
106 95 7262459.331665244
106 96 12810642.721390482
106 97 126855418.27604058
106 98 7072839.721334166
106 100 13874929.898404269
106 101 368583708.9125783
106 102 128344801.17165385
106 103 1172153.440574235
106 104 16014001.04084836
106 105 6799957.652902715
106 107 29325222.444900185
106 109 44889169.72189011
106 110 5642293.826403379
106 111 35363243.22795424
106 112 210976174.972475
106 113 1002102770.1749287
106 114 3525274619.24925
106 115 180249570.90441814
106 116 59041673.43097427
106 117 11820960.590648903
106 118 161760666.9568433
106 120 30149.459437222
106 121 1206011.1639829273
106 122 3828841.772758216
106 125 61854341.67304916
106 126 3641332.867779345
106 129 230649251.166304
106 130 107916097.62790634
106 131 85888884.95792839
106 133 1233301878.9298432
106 135 20975915.28824205
106 136 1144843.7056596468
106 137 464249399.2335271
106 138 256069933.92295295
106 141 5497879.4586098185
106 142 167523023.77931648
106 143 10869516.359826384
106 145 27661074.310083672
106 146 12426067.385455541
106 147 47666812.314026825
106 149 9759074.714051992
106 150 286268517.4740544
106 152 285302213.73521686
106 153 35710831.69586283
106 154 2426417404.298116
106 156 1145113.2309540052
106 157 526353210.34099627
106 160 17736079.06608675
107 1 14977849.625160297
107 4 78312776.98003168
107 6 130624595.09620975
107 7 32406587.34773072
107 10 24721349.37407594
107 11 18182534.761763133
107 13 169731250.46245506
107 14 209037839.6613589
107 21 166622845.20331296
107 26 703304.5907893855
107 27 1340083.4469549109
107 30 10014352.373396216
107 31 307332599.73803276
107 32 40106807.85698327
107 35 112874626.85674088
107 36 385955.88147225045
107 38 44811808.88557644
107 40 28243157.110108722
107 42 96066.39013898806
107 44 126843241.30742328
107 49 231438359.91733673
107 51 897322763.6468577
107 52 3394410.020765882
107 54 11684381.039826348
107 56 22557841.318153605
107 58 30645305.585709885
107 61 642497.4220801378
107 63 94061882.14119148
107 64 111921269.1215409
107 65 391011483.63507646
107 66 25259752.70452237
107 67 250263960.57763505
107 68 125878584.219462
107 70 125269682.76825303
107 71 321889584.1917569
107 72 113598916.84335749
107 73 8073592.10632403
107 74 184308145.52488488
107 75 34926934.56237541
107 76 57255634.18106094
107 77 10273694.332291927
107 79 70868295.65951216
107 80 101550217.91198301
107 84 62126759.6951817
107 87 22744958.955137204
107 89 31696204.83487749
107 91 1430859.0894545852
107 94 137928052.2221748
107 97 212989761.40392727
107 98 8772636.340609454
107 100 11761713.243821936
107 101 412167940.53541964
107 102 6158384.510731424
107 105 56215337.90182275
107 106 92642803.28205173
107 110 6217620.967157674
107 113 381297307.0354836
107 114 331984588.3365026
107 115 71704766.18915032
107 116 32007559.825710762
107 117 316571904.16877544
107 118 367658684.6566857
107 120 543849.71307662
107 121 1821471.072921594
107 122 3711661.4934369395
107 125 90632480.32096732
107 129 33716991.8724133
107 130 15068836.535759632
107 131 231791273.30685037
107 133 188356328.6626298
107 135 2852735.697694358
107 137 268481038.1414449
107 138 669931477.5548946
107 141 660217.1640865657
107 142 245431855.71163246
107 145 19709927.204469103
107 146 42974286.8102664
107 147 23981168.068897497
107 149 2411068.61138887
107 150 243199870.94335046
107 152 504301666.27889174
107 153 28768592.396917857
107 154 205186738.09280977
107 157 136554648.87845242
107 160 8082148.451620341
108 0 19311098.39059571
108 1 140757696.76261875
108 3 4522763.417827219
108 4 5354550.415399785
108 5 717965.6520137537
108 6 43652012.41764859
108 7 106427777.40138596
108 9 56448442.981963366
108 10 79794020.62374753
108 11 47527662.73695044
108 12 6254443.561433913
108 13 25914377.27931223
108 14 149681211.50237712
108 15 423768.6708790309
108 16 12551027.44530237
108 18 13883869.153319344
108 19 418647640.5089517
108 21 85126020.1213466
108 22 496728.2889206328
108 23 15541.261260741301
108 24 21629932.124206714
108 26 179618431.86533192
108 27 437440.8996539418
108 28 99891.71119808397
108 30 261372439.5246771
108 31 65548935.35429477
108 32 87679843.9860849
108 35 11128930.34536895
108 36 23224517.43866754
108 37 18575975.912953313
108 38 69845054.20962453
108 40 12660019.812983826
108 42 5772315.344134876
108 44 21014787.906378075
108 46 20356971.840141688
108 49 78963113.87947516
108 50 18795563.122998677
108 51 187005400.53152794
108 52 4070088.8717380357
108 53 1113801.3879520337
108 54 71458938.78903928
108 55 53036561.54593727
108 56 234288272.80232236
108 57 5735561.859474662
108 58 6974966.324998248
108 61 7103807.242412404
108 63 7899628.088662943
108 64 5763313.351022138
108 65 120648219.79574034
108 66 68391828.15336347
108 67 109632710.57145844
108 68 13703619.16298492
108 69 131381778.32203704
108 70 137587272.9058151
108 71 91597577.32691585
108 72 73618195.77364704
108 73 24447222.832422007
108 74 101011296.08999272
108 75 5947150.61266503
108 76 27438012.689254854
108 77 9449261.322051417
108 79 314475549.7045938
108 80 31215711.157144
108 83 23921705.498944927
108 84 84106927.65239823
108 86 14270023.216576768
108 87 48176667.68765721
108 89 19098121.00060026
108 90 30103179.006455187
108 91 6843102.211315585
108 93 9288299.532200688
108 94 152314531.5898903
108 95 1808651.2325227812
108 96 15488505.250570828
108 97 152064543.14743635
108 98 385075.2573089543
108 100 30091752.792558406
108 101 842405369.1403701
108 102 174574660.55455098
108 103 4613228.631881265
108 104 4924263.711660153
108 105 39990973.26539082
108 106 148985901.88320017
108 107 61637146.375486754
108 109 19234007.98891472
108 111 65670570.04400625
108 112 91736144.44436368
108 113 508391534.2449988
108 114 60349383.06426196
108 115 93970293.17921923
108 116 26197193.630757406
108 117 86663098.66729248
108 118 206312789.4440208
108 120 3359068.2243471323
108 121 3999354.8615116747
108 122 1368208.1069096366
108 125 29058066.08832963
108 126 38075950.42126733
108 129 38245103.26836752
108 130 62894883.19761563
108 131 294206341.43175083
108 133 310621480.23648536
108 135 84501838.15624104
108 136 5593826.945891235
108 137 169741616.43789208
108 138 443819153.7640385
108 141 12938368.965385376
108 142 159993435.47367516
108 143 1714964.8454251846
108 145 22167328.92774734
108 146 124647892.92638303
108 147 266937273.56059167
108 148 13428082.619769258
108 149 7896381.793322841
108 150 5594719.4252362745
108 152 79522106.38722686
108 153 2786977.840207883
108 154 593472680.8106763
108 157 51415409.72227588
109 0 3838017.8304818003
109 1 20059450.483051028
109 3 1515896.468541733
109 4 37992670.03302797
109 5 1459807.8377950746
109 6 54533693.154499516
109 7 37537309.719190836
109 9 121221833.25817011
109 10 20187224.83809641
109 11 30841454.966273457
109 12 7223253.855784149
109 14 17578939.99427869
109 15 11101842.11854961
109 16 2595401.8622216596
109 18 4039853.2507092496
109 19 9982257.124425685
109 21 934935.084859729
109 22 7360533.788496865
109 23 3184565.542295635
109 26 9152046.37597733
109 30 1450168.5436126525
109 31 70234614.24758497
109 32 16620751.356130362
109 35 3142434.4298702083
109 36 16996424.616606325
109 37 11857364.590141414
109 38 1645701.4160794336
109 40 16727970.77772917
109 42 325152.86968992633
109 44 58616954.04294076
109 46 722253.7185867744
109 49 290.7452210437531
109 51 12075014.955739234
109 53 376494.20988672925
109 54 1497555.621593098
109 55 1724761.0360011654
109 56 46396105.91643081
109 57 2382982.6892171805
109 58 540660.7778719797
109 59 6030617.7903640615
109 61 7335647.662982437
109 63 22985133.321852047
109 64 7772474.4893121915
109 65 120268578.45380458
109 67 39070491.91553598
109 68 98566567.48462805
109 69 82621294.6955375
109 70 25164073.157881618
109 71 27738831.5281717
109 72 65313739.868683174
109 73 56384376.82754845
109 74 49315037.54818706
109 75 36272768.61400233
109 76 476276.5321989311
109 77 66568329.72458926
109 79 45548079.30212823
109 80 11380636.989791298
109 83 8255523.371816061
109 84 18808310.44860711
109 86 15618835.896747967
109 87 18658729.012533166
109 89 99145571.14377427
109 90 9218984.654951567
109 91 580104.17606522
109 93 16487204.16792041
109 94 46970873.76670671
109 95 3008386.1536550242
109 97 8828715.356117446
109 98 3994412.7987616067
109 101 24375069.87212825
109 102 38550892.385060556
109 103 6849802.643275726
109 105 4707170.1526366295
109 106 16198721.719085388
109 107 22902750.586481165
109 110 6815149.082192476
109 111 4145087.1966062207
109 112 8893503.678704321
109 113 111665292.8593982
109 114 7346974.94217624
109 115 29434409.198986847
109 116 60320910.97222852
109 117 34840303.22124294
109 118 37000817.81154908
109 120 1788864.8318794135
109 121 3498876.329379344
109 122 2937696.0844852314
109 125 12015691.406944381
109 126 30231551.072126284
109 129 52551917.69846669
109 130 10096703.512704317
109 131 11733236.737358136
109 133 5639045.472063416
109 135 28798683.372068726
109 136 1404331.6512487724
109 137 33363988.90099076
109 138 55031928.33449844
109 141 17986703.35754105
109 142 69560973.49171716
109 145 32137021.476223044
109 146 330231.1938337709
109 147 39694284.09521806
109 148 12433761.239672044
109 150 33018813.4171753
109 152 18861231.759386234
109 153 2265293.681117933
109 154 22556158.64138392
109 157 2874635.2977106413
109 160 1609775.056681495
110 0 12632067.249516722
110 1 791466.9144260715
110 3 2480976.1537091956
110 6 27292309.176649593
110 7 20392354.91328377
110 11 2326408.7079130653
110 13 5241850.796778177
110 14 6498377.230124697
110 16 7728208.378294838
110 19 35044079.22960508
110 24 24241795.96986
110 26 11174969.777393373
110 31 50772649.52697524
110 32 741706.459146738
110 36 8440413.083229043
110 40 30267061.970761918
110 44 297492.8311025541
110 49 31848534.749255825
110 50 32598046.029392228
110 51 70531237.46647485
110 52 3883812.958904816
110 54 10329281.723889805
110 56 107337631.32914363
110 64 54353485.72654534
110 67 4811426.607557634
110 68 29290783.955695346
110 69 65997687.23865544
110 70 58663758.203611284
110 73 30978484.106428936
110 74 19454337.205976054
110 79 8710985.540896062
110 84 39204962.087699294
110 89 34080955.09955221
110 94 3940456.211051833
110 101 43547244.99523839
110 102 50937997.3023614
110 104 9559792.71133729
110 105 12405527.710928
110 114 21952895.27586112
110 115 24567816.709337167
110 116 107772152.84299062
110 117 11809788.545846386
110 118 3609175.77482555
110 126 21793884.093422774
110 129 15142938.085900502
110 131 42303973.43933213
110 133 33721872.88995356
110 137 91835727.80336499
110 138 125164375.98358916
110 142 91347896.21418175
110 143 646103.3073950639
110 147 10655817.0644008
110 152 20651467.14464958
110 154 30105848.146995664
111 1 29284964.323591724
111 4 520180.9131543805
111 6 3605128.445878812
111 7 37123987.22398737
111 11 6828484.996481679
111 12 735286.849090544
111 13 5199230.246889655
111 14 66061630.811166935
111 16 8786298.652479658
111 18 20770155.89948797
111 24 1299352.6752625958
111 26 35031935.23001793
111 30 51113285.11601822
111 31 18403711.27155332
111 32 933528.5449644191
111 35 93992602.39932044
111 37 29102211.507473014
111 38 10088360.881197045
111 40 5458042.537178599
111 42 1045501.5016490411
111 44 25162811.311497986
111 46 14183740.893100213
111 49 20101699.12223492
111 51 43721343.75894415
111 52 7663066.856799012
111 54 3641127.097255888
111 55 29027573.053637613
111 56 24853330.743037775
111 59 10022313.589037593
111 64 4561474.6438883245
111 65 15006312.107340144
111 66 27958249.351046246
111 67 1074963.8507189928
111 68 11780665.094302446
111 69 2101784.7996111196
111 70 58645014.20688935
111 71 9153048.862574587
111 72 67564753.41066886
111 73 9295935.018435134
111 74 22880847.468775596
111 75 13466937.377728283
111 76 399088.6684347306
111 79 10011884.762066951
111 80 59405227.823813684
111 84 4821443.875449556
111 86 7652701.521903906
111 89 4329566.566967545
111 94 32157170.65506443
111 97 19979091.212271795
111 98 45459.71992263211
111 101 1938330.1217399812
111 104 707199.9191534189
111 105 18328739.66681069
111 106 44147960.20063569
111 107 31692728.44611247
111 113 5982904.442933545
111 115 23772044.631882634
111 117 74613694.33003965
111 118 8543200.977162959
111 120 7549262.2548825545
111 121 10347535.431804204
111 125 8708070.033174705
111 129 6872012.011418387
111 130 11089608.03423793
111 131 24973236.242997788
111 133 18464084.138020284
111 135 9322616.285508549
111 137 57631483.39640656
111 138 3695602.710865794
111 141 1169808.446879726
111 142 16451557.273023749
111 143 110908.70522556464
111 145 4283886.840146606
111 146 17619569.66242668
111 147 12046829.879735071
111 148 12666461.126456352
111 150 19105693.51229581
111 152 688941.9748158227
111 154 1854057.656785579
111 160 559127.280857094
112 1 23536543.034094106
112 4 160141938.45899636
112 5 12311778.37458013
112 6 88539707.98271978
112 7 274142693.6896355
112 8 2029611.1649885017
112 9 8418737.9327416
112 10 26855091.00983285
112 11 44710596.64805164
112 12 2769361.419545733
112 13 15047574.629349476
112 14 73528114.56572634
112 15 21463865.659353774
112 16 10450146.968780503
112 18 2917353.7615110534
112 19 122644802.59288202
112 21 72576376.48278476
112 22 13299379.28426786
112 24 43206927.65843146
112 26 144436720.00058332
112 27 2389418.56042921
112 30 21516658.199777525
112 31 182627415.23808712
112 32 12891110.712268928
112 35 33409065.719970793
112 36 2236554.881825954
112 37 214775488.96514845
112 38 39328918.307449505
112 40 75636026.23823883
112 42 628517.9929870445
112 44 62855117.338486776
112 46 69850426.70234309
112 49 68437046.5705199
112 50 241167.26078375403
112 51 1404548.7771395838
112 52 2830888.7875407264
112 53 3858845.065864002
112 54 149690305.69727096
112 55 141095016.13663933
112 56 56138086.4906026
112 57 382297.42593648715
112 58 48702733.04773995
112 59 140772.94534855202
112 61 16079457.4513961
112 63 78900835.85800861
112 64 49953153.58682787
112 65 64404773.170303985
112 66 9779858.458496237
112 67 54201414.34096928
112 68 115506229.14439149
112 69 137396745.5228919
112 70 5284136.219018319
112 71 163575213.3024592
112 72 30569087.710670006
112 73 28750214.484437767
112 74 3754824.341733678
112 75 4379960.655692301
112 76 32343510.121579073
112 77 32459008.30163382
112 79 104631549.10632561
112 80 12942110.043775372
112 83 17982522.285480846
112 84 112134114.98265631
112 86 5788027.883091609
112 89 13003429.613226721
112 91 8380199.762737769
112 93 27359769.03893481
112 94 276268720.426725
112 95 13748452.565150402
112 96 12828321.959683133
112 97 155797873.47859094
112 98 23813761.897704206
112 101 12348081.10189888
112 102 29122146.160324182
112 103 13710728.320709586
112 105 16349765.365205098
112 106 54770436.28449595
112 107 46320110.612035364
112 109 66983365.92706776
112 110 12029427.805068133
112 111 60420563.70297088
112 113 36857158.620257184
112 114 66268705.670588486
112 115 59089344.30985211
112 116 54192938.752147354
112 117 59953844.505505666
112 118 58830105.93586307
112 120 1019094.8673933479
112 121 7155025.905657041
112 122 3605407.676143702
112 125 61257394.25130465
112 126 1736608.9569938744
112 129 94514022.64599068
112 130 12465685.249619937
112 131 39276486.587653
112 133 105352220.24609663
112 135 21189655.778564263
112 136 6407293.1940534385
112 137 169033051.25192302
112 138 14728230.095413318
112 141 3851770.388212212
112 142 38047959.35841304
112 143 6262823.6331659
112 145 11401385.661737077
112 146 76148267.20669097
112 147 139360194.5618184
112 149 3996388.7422799547
112 150 26135419.064090297
112 152 175965592.2775925
112 154 14415916.322998676
112 156 138728.19126857174
112 157 57374755.48364968
112 160 36557667.81384465
113 0 6686506.688391452
113 1 37106168.556294665
113 3 6643375.0639753295
113 4 30377696.05101604
113 6 486588039.1110357
113 7 1438945769.9598677
113 8 15777415.931661747
113 9 101123770.13386719
113 11 71786181.00116709
113 12 8913676.233850634
113 13 323437289.59834653
113 14 47018261.81005745
113 15 3701667.2817098848
113 16 6635938.655785858
113 18 14279292.586927392
113 19 1644780041.9428408
113 21 77635628.47233208
113 22 795826.4554113093
113 23 4641547.160922133
113 24 3259810.7695438806
113 26 334721982.12627596
113 27 2703964.3107676934
113 28 983275.1355885545
113 30 366134309.83839726
113 31 1749254905.526117
113 32 92408748.06270652
113 35 106790919.82237443
113 36 13630292.02093639
113 37 141310392.1262612
113 38 15012678.561919255
113 40 9507709.086901868
113 42 4840789.918224284
113 49 128970657.2489843
113 50 14369285.815933513
113 51 342156884.0945916
113 53 3827981.471512176
113 54 896797987.6246188
113 55 15757452.684193
113 56 243058772.54136744
113 57 3619777.5068481746
113 58 247532541.21183136
113 59 36665534.146206416
113 63 6045285.259733227
113 64 545386045.6632595
113 65 590207635.4361074
113 67 333289309.77084076
113 68 391871403.088829
113 69 145589818.84446773
113 70 1347037423.00677
113 71 132921654.47745577
113 72 2072714.7152059032
113 73 37162767.52194965
113 74 120288253.65327016
113 75 34495415.66096063
113 76 42773517.480513655
113 77 16384848.075255621
113 79 1711630732.478153
113 80 279944202.466639
113 83 17650512.24426317
113 84 47010055.86677405
113 86 244015912.49051923
113 87 47668947.05574265
113 89 1206060944.9708595
113 90 16862232.91960689
113 91 14750731.199893441
113 93 6722626.361327164
113 94 267900146.26858065
113 95 12646619.619759398
113 97 166805569.61212605
113 98 1182344.6071856536
113 101 1509033933.939057
113 102 53155817.2123623
113 103 11175177.47964363
113 104 4758316.589721245
113 105 42737407.72194983
113 107 24738281.750851505
113 109 9273752.73546214
113 110 45282257.87855195
113 111 16788638.92480973
113 112 161337860.0473834
113 114 124536031.084666
113 115 68687270.93725294
113 116 51640342.66426296
113 117 121948508.46347542
113 118 163141862.1602536
113 120 6512098.914362656
113 121 3478084.4450160763
113 122 2805368.7256267564
113 125 1056569556.1038697
113 126 17900181.420765802
113 129 90703809.20733333
113 130 165495207.82680416
113 131 510052712.36468047
113 133 1087245846.2280312
113 135 14785443.15451836
113 137 2526815671.7346067
113 138 1221810424.012422
113 141 81226.44720993344
113 142 1073432947.9917312
113 143 3104913.973071159
113 145 71206277.53730084
113 146 25656174.789429996
113 147 503313670.78112334
113 148 1780271.47113777
113 149 19740030.20481545
113 150 334225033.56159365
113 152 1901212561.8114312
113 153 8172951.772778806
113 154 10248439813.775818
113 157 307821197.14376324
113 160 98120.38604745056
114 0 20800843.4645617
114 1 47404389.626804195
114 3 1764990.7178450131
114 4 75340966.14399321
114 5 3220390.571742719
114 6 286184383.26063955
114 7 1062603423.6731135
114 8 18449039.32476798
114 9 46424751.92244267
114 10 10685215.791725753
114 11 71248429.74946529
114 12 6611004.116661547
114 13 244735859.95317703
114 14 52719630.557046376
114 15 9460541.921378333
114 16 8029362.340696029
114 18 2058302.4596459907
114 19 52536731.41441625
114 21 548756.483894705
114 22 3411226.101908625
114 23 1317075.044600796
114 24 15389542.885962913
114 26 114853372.10448751
114 27 7523317.545194178
114 30 253981654.47979373
114 31 658777697.8753238
114 32 120460072.65432303
114 33 273404.48598939343
114 35 13305676.572830474
114 36 24894322.656420242
114 37 329920836.0942034
114 38 96784382.79392953
114 40 81138177.23648268
114 42 222991.62737902897
114 44 14940218.343183989
114 46 30137273.803866077
114 49 189021644.44180673
114 51 665442468.7059411
114 52 19858529.459983926
114 53 3572175.9782083887
114 54 403944655.85131466
114 55 19692008.39223808
114 56 61015445.56601856
114 57 1952919.4572654827
114 58 14906824.307550134
114 59 11226222.112908304
114 61 18825607.351560492
114 63 15865317.348047882
114 64 812853853.7555107
114 65 978048610.930939
114 66 14204415.779849652
114 67 789317688.8455825
114 68 11936892.351623647
114 70 492477598.8560421
114 71 286251016.67293763
114 72 796595675.6529655
114 73 113028190.62812264
114 74 724911431.7057419
114 75 93220513.86278088
114 76 44879105.81375827
114 77 8707567.743789975
114 79 477358312.60736704
114 80 32699194.518389434
114 83 53055718.520522825
114 84 98247780.91728386
114 86 50085060.98975427
114 87 38273776.204856366
114 89 273510482.37802106
114 90 15178737.10302622
114 91 9370592.842713935
114 93 58763008.87317314
114 94 1654299966.0322032
114 95 6466755.576092223
114 96 16017890.455249421
114 97 240056844.428135
114 98 11490357.12627488
114 100 19141581.20828333
114 101 837692670.732858
114 102 153687872.10686493
114 103 41223276.13773989
114 104 2458253.006801809
114 105 3579120.8036220176
114 106 128489481.70367989
114 107 15374160.024338687
114 109 12576907.411692273
114 110 1320416.6525180445
114 111 14799992.234266693
114 112 50231023.41827142
114 113 239601182.50717843
114 115 1193457988.8923678
114 116 83037780.45046186
114 117 172230415.95753586
114 118 139331580.697281
114 120 690138.9796323044
114 121 3652278.771996262
114 122 2822300.087166531
114 125 26847119.025674984
114 126 33157468.548937995
114 129 236537227.32007474
114 130 258974027.96223754
114 131 540424915.8607231
114 133 455145046.724617
114 136 1337683.8141684304
114 137 387571882.2528098
114 138 624929447.5955492
114 141 13176986.715223381
114 142 223473179.69899407
114 143 2644925.6767276013
114 145 48610263.77697738
114 146 23485564.2569497
114 147 1314521164.3601067
114 148 15770993.956370573
114 149 15994076.071237288
114 150 36546122.53242306
114 152 180495196.2278856
114 153 24143514.21917067
114 154 1953567129.2752907
114 156 3849701.1757625034
114 157 106558800.51409642
114 160 27942391.479458887
115 0 48295404.008575656
115 1 113979399.4443048
115 3 4031970.1063246764
115 4 547235107.0992156
115 5 28404038.622879073
115 6 1999818744.0101004
115 7 1203025858.7296603
115 8 2665617.0640937528
115 9 23023841.921413533
115 10 737630.9935296177
115 11 30142906.542180672
115 12 3831318.1415899587
115 13 148417026.64296904
115 14 396234170.7257057
115 15 2798377.202659342
115 16 12126340.690309877
115 18 44479215.93848337
115 19 9031402.588518037
115 21 48832623.43312852
115 22 2258429.728192115
115 23 509928.13264123874
115 26 397111337.0101114
115 27 3215312.9978121943
115 28 724744.5469790822
115 30 112865713.54251677
115 31 480849872.8969121
115 32 1893237.9509955978
115 33 387775.68204784265
115 35 70219858.99026787
115 36 244498874.94066152
115 37 216260326.5793039
115 38 32106393.862080976
115 40 125543058.22367567
115 42 909843.9102109233
115 44 26090050.42142629
115 46 58681621.358855814
115 49 496997532.55927885
115 50 32583947.9883883
115 51 162404650.8090651
115 52 18198529.550607648
115 54 3399847035.598873
115 55 25705667.071031656
115 56 207319955.50515068
115 57 2790535.1290966757
115 58 71179362.26761667
115 59 4020459.5947969025
115 61 6132005.859617922
115 63 3992523.544010752
115 64 1450387085.5851443
115 65 684637651.6844729
115 66 38079346.83269574
115 67 441680466.8435419
115 68 464867432.4481282
115 69 35952986.930093154
115 70 1507933041.8912048
115 71 876299074.4513465
115 72 68350126.4734246
115 74 614229238.6610157
115 75 1653915.4062767148
115 76 127803172.67389666
115 77 4616736.800713442
115 79 313039073.6701545
115 80 77194110.35614997
115 83 70980346.12581404
115 84 133522055.82351318
115 86 6207864.324535479
115 89 138202574.78977597
115 90 4882583.534628747
115 91 376611.867480245
115 93 1432815.3766423077
115 94 413526972.98377544
115 95 478555.0194714342
115 96 1796590.3563265824
115 97 19214164.388739165
115 98 1599379.166172082
115 100 21588242.6497781
115 101 858154316.9014269
115 102 130163212.72176401
115 103 28667619.411113016
115 104 1406200.6048783555
115 105 28756238.813427713
115 106 280128356.83919555
115 107 51915861.35286075
115 109 7041806.809633543
115 110 36770.70019629475
115 112 12451194.362039369
115 113 747100523.3577247
115 114 850884121.4482297
115 116 21197346.207036078
115 117 396136759.2705719
115 118 588675116.5746616
115 120 3809321.9252157537
115 121 7401233.4359268425
115 122 2657268.018275209
115 125 125933488.39854275
115 126 2957897.484657882
115 129 1107334434.2801204
115 130 28177962.678340927
115 131 63053473.565621205
115 133 111176501.19603458
115 135 26835765.80189627
115 136 3596832.1936339187
115 137 464019686.425878
115 138 997046150.0548029
115 141 10587279.452164756
115 142 564551890.8783802
115 143 8379354.451534714
115 145 92349619.74931319
115 146 128743.34901563422
115 147 59600819.423126236
115 149 671550.692555162
115 150 69907479.37478793
115 152 435317949.83344644
115 153 23982121.635295454
115 154 28678633.523652334
115 157 117044106.89840908
115 160 8240016.915162537
116 0 27363345.7554062
116 1 83134204.41346306
116 4 221568415.32548365
116 6 91529155.14571752
116 7 277871551.4532682
116 12 21389893.561897274
116 13 29755704.205683835
116 14 315281386.5407026
116 16 1852664.8769932236
116 19 51908400.510378376
116 21 28914626.749476142
116 26 379668796.3812978
116 27 903460.0722494286
116 30 25870548.864511993
116 31 171683771.058549
116 36 18528254.833338838
116 37 12375178.830299817
116 40 279186430.8850139
116 46 9887126.072179316
116 49 342480.5474834748
116 51 303723011.71016467
116 52 33012808.651534133
116 54 6842194.657947063
116 55 13470912.484449886
116 56 13511437.293351041
116 63 11293761.845546413
116 65 176577964.62801555
116 66 11113288.164626012
116 67 95782273.20808811
116 68 3590610.601098043
116 69 45839922.75366867
116 70 12644645.48222522
116 71 49967352.172564864
116 72 47432891.98305572
116 74 103882581.57925451
116 75 40972078.04343759
116 76 7780089.334869791
116 79 208431164.57028663
116 80 2823288.9325700733
116 84 151983841.48667753
116 89 141111011.47740477
116 94 34817185.23807902
116 97 93311285.06489246
116 100 44929696.027247384
116 101 57501916.98738935
116 102 197683726.46292335
116 104 942101.1986388763
116 105 21122645.11762167
116 106 130715438.62146132
116 107 46219188.07924748
116 109 34782101.09893916
116 112 31385681.761530306
116 113 288481375.64372635
116 114 139486596.1911899
116 115 72313932.88341752
116 117 109449207.2762364
116 118 85722301.92279528
116 121 974754.1275727671
116 125 228181870.44270456
116 129 337147414.76129276
116 130 119142600.23563497
116 131 110740372.85522775
116 133 31521489.921099607
116 135 14333464.210171552
116 137 310522553.57869136
116 138 114437626.48504141
116 141 11081428.958500057
116 142 159057157.5339962
116 146 93241717.19887917
116 147 257001616.82125342
116 149 4506742.0251951255
116 150 14820279.493656917
116 152 244569802.15241674
116 154 57837785.38133048
116 160 4876548.684616511
117 0 1671776.2149381754
117 1 62408389.41865526
117 3 8374234.148970635
117 4 47817133.85377061
117 6 42581078.863883175
117 7 48296307.06788043
117 8 20443241.036095455
117 9 40187200.75665798
117 10 306374840.5329106
117 11 121671764.93121484
117 12 5522871.803584335
117 13 211951780.1271704
117 14 14337215.278996589
117 15 4758703.518021901
117 16 4196608.552387729
117 18 3294034.617114866
117 19 161332001.33918655
117 21 83305470.6586055
117 22 7433567.351307689
117 23 2110004.0274501713
117 24 24306141.15090114
117 26 152956586.64874035
117 27 222712.1722833782
117 28 132194.5055981479
117 30 73637517.4935121
117 31 270591277.8060195
117 32 163793590.35922942
117 35 202895845.68154603
117 36 39084698.8164944
117 37 111370888.91404419
117 38 10004176.899860272
117 40 1039453046.6891923
117 42 450438.619467239
117 44 68991993.70547128
117 46 43645137.54976565
117 49 123535281.82843183
117 50 5999379.725965567
117 51 51390573.143138304
117 52 1235943.3373161184
117 53 389914.0168668448
117 54 77372449.23457976
117 55 62301071.139046445
117 56 72613221.32290338
117 57 521732.4742768947
117 58 20029316.667996705
117 59 754493.8517092286
117 61 382387.09029857937
117 63 34204531.05442227
117 64 214284781.71692967
117 65 138475057.79807198
117 66 92298937.89072627
117 67 95012822.97991404
117 68 4647180.660269333
117 69 550972429.8898251
117 70 479315422.5185225
117 71 178783471.9725332
117 72 33673144.66120847
117 73 15926183.88356235
117 74 834748857.9734427
117 75 15674405.851135584
117 76 73881597.57449466
117 77 58095329.85127523
117 79 104368190.40585539
117 80 194318288.3032638
117 83 18577848.0082526
117 84 41080856.010775685
117 89 16892386.49530986
117 90 29807610.801983267
117 91 17350402.87578923
117 93 16288153.472871631
117 94 156373581.52120644
117 95 9349779.67984596
117 97 85114278.26045747
117 98 3419038.963693187
117 100 5349670.94893908
117 101 131901018.61166084
117 102 132812743.82007723
117 103 55529409.62401307
117 104 6044976.546887746
117 105 664259.8633294288
117 106 562679671.49358
117 107 113669916.83340293
117 109 29726688.482775677
117 110 32373947.157750923
117 111 352188.43549123534
117 112 94796546.656847
117 113 3765338.5594067285
117 114 54869660.24320615
117 115 374538911.26663506
117 116 11444775.991874464
117 118 90215826.90032183
117 120 3740843.45803439
117 121 5328906.647316354
117 122 736788.5582482939
117 125 172097589.72345793
117 126 20096068.103629194
117 129 118428372.47233883
117 130 316945777.03955877
117 131 42789203.08227049
117 133 216529178.94429767
117 135 18616969.2483232
117 136 4710778.675416663
117 137 18822027.892016962
117 138 243766803.30179498
117 141 9708400.278526166
117 142 24971548.34623794
117 143 2475909.3319481197
117 145 35462947.54994744
117 146 168825178.64340827
117 147 20281848.154862385
117 149 3712125.685991137
117 150 44386300.62620531
117 152 137438845.32146224
117 153 23038310.413053397
117 154 191973211.5172087
117 156 3399106.612765319
117 157 54705155.60888316
117 160 620336.037946501
118 0 26265266.94914523
118 1 96166281.60558528
118 3 316378.4526328176
118 4 491673867.2167657
118 5 8004426.272812301
118 6 4299407734.848816
118 7 1830014347.072408
118 8 7753171.06611108
118 9 35903516.651320554
118 10 60446438.17654555
118 11 97061705.88320531
118 12 20162464.960295323
118 13 278770873.04740715
118 14 260111136.9787126
118 15 1029203.6533576981
118 16 4068982.635952762
118 18 25199617.276077963
118 19 1983021675.7724411
118 21 30702939.501806345
118 22 1866118.9825673602
118 23 243585.27929054457
118 24 9569592.281159492
118 26 1419782089.3637288
118 27 142867.69352100164
118 28 1503240.185997539
118 30 1290608146.8366396
118 31 9867212658.122517
118 32 102683756.14096616
118 35 235200075.04449964
118 36 10379216.39162298
118 37 14571350.276786098
118 38 17368750.8162107
118 40 388907409.9037227
118 42 1616122.96774706
118 44 4319771.17108739
118 46 69137280.26761694
118 49 1127227244.2737837
118 50 6828314.552269005
118 51 8137173915.705279
118 52 103001.20619792228
118 53 10955774.107196093
118 54 1489104486.9715664
118 55 63469738.76233724
118 56 235393884.0487326
118 57 2275447.44349522
118 58 50015910.97333077
118 59 11327027.254354201
118 61 7170590.370048106
118 63 53444296.45392879
118 64 10448842026.05042
118 65 669844382.9340748
118 66 19032065.35644065
118 67 1249477825.2766392
118 68 1428395755.4094844
118 70 1054998323.8959794
118 71 242524835.9465448
118 72 4371070754.035976
118 73 21864612.400731977
118 74 2045651588.9612176
118 75 181104574.70171052
118 76 142012398.57779163
118 77 52156755.35633039
118 79 976863344.904495
118 80 17095370.874227855
118 83 57465274.58404169
118 84 54184229.41788533
118 86 13901001.8724616
118 87 17277780.48451585
118 89 1026175584.5259645
118 90 5961918.45241799
118 91 5996646.896061814
118 93 273926.7020196294
118 94 1598142156.6880302
118 95 1092981.121378418
118 96 946655.329375914
118 97 116924241.95292987
118 100 38623456.84220033
118 101 3515474264.1060476
118 102 234167912.65116954
118 103 23095734.024999905
118 104 868465.2223520188
118 105 117622756.84828682
118 106 401081932.8822559
118 107 45164144.99380962
118 109 99886763.55884026
118 110 8184305.720389464
118 111 425552.4912482803
118 112 190160451.20206553
118 113 2721859456.822299
118 114 1379378509.2280235
118 115 153734394.42770293
118 116 22938805.133099865
118 117 211900471.03512347
118 120 3712911.7779151555
118 121 11525112.06689761
118 122 1165347.0538870757
118 125 1099174835.5456553
118 126 22202224.702991184
118 129 2873041662.063576
118 130 55464.43364471039
118 131 291378831.2733255
118 133 10695921916.695425
118 135 31233850.294914354
118 136 2146717.365850358
118 137 2582457432.549687
118 138 4165560372.5951643
118 141 34961399.707978256
118 142 1527884887.5786784
118 143 11129970.966216749
118 145 42282955.8701576
118 146 126028207.30599667
118 147 1538567008.2780728
118 148 43650140.34684632
118 149 7389200.340719363
118 150 65334817.195132025
118 152 2372856761.9154806
118 153 158071863.1025246
118 154 2108286380.8478165
118 157 166952374.19560504
118 160 2686983.223221806
119 6 210519.6948928676
119 7 2124498.377501031
119 10 618194.9401210708
119 12 1404780.0433772714
119 14 1190730.217822613
119 19 455020.4733120256
119 26 4221390.682235685
119 31 3244133.6847727434
119 37 672024.4114057097
119 38 958322.451608897
119 40 532109.0532844842
119 44 1286510.9648593322
119 49 751410.3576350744
119 51 2057616.608885471
119 54 47056.417312949976
119 56 1292011.3635417302
119 59 1239460.3039867587
119 68 912051.6866875278
119 69 3393227.274526077
119 71 3379012.9971870426
119 72 917192.3635942881
119 74 829809.9885923121
119 75 170850.4190080171
119 76 1358816.4032239711
119 79 296346.9372605191
119 89 930147.9942953931
119 91 112461.08749047488
119 94 2553247.032525073
119 101 1010746.8080491729
119 102 1353407.9977066515
119 105 612868.9422641204
119 107 753037.1224552902
119 110 290327.3513624431
119 114 314288.949687554
119 115 508367.13476675004
119 117 182618.025193313
119 125 1475199.4647429807
119 129 225140.24875200572
119 131 1934923.7963565444
119 133 1605083.4812366418
119 138 1367858.9118496985
119 142 831589.1234136154
119 145 4664944.370479434
119 147 13206.705725907012
119 152 475853.44718024135
119 154 877521.9692658675
120 1 4891693.49707427
120 6 309294.79897185974
120 7 709947.3081205643
120 14 868542.1693184038
120 26 237651.0895765709
120 30 827335.1463344248
120 31 447274.66272879264
120 32 185277.4459322333
120 44 1908601.9442624173
120 49 2645053.1256016125
120 50 70033.72334216896
120 51 1046679.6817183661
120 54 289214.36091331363
120 56 48120.2925599066
120 63 2708786.6345718005
120 65 1465243.0497838268
120 67 1346736.880971115
120 68 2048679.255356035
120 70 270735.8581341304
120 74 1246490.8848565274
120 79 333044.31552059297
120 98 776476.4606928193
120 101 813112.6692978593
120 106 2248713.8250066894
120 112 2135367.341060686
120 114 1590114.9065734756
120 115 690558.0911785947
120 118 1706935.5828784073
120 130 437318.81111437734
120 131 1473020.032460129
120 133 1247405.4873306067
120 137 629519.8717359129
120 138 2489909.5788101396
120 141 120180.25330124263
120 142 3861371.3592444966
120 145 4553714.341929828
120 146 13607840.358389849
120 150 602357.210926554
120 152 2067042.2411050906
120 154 67693.07405076377
121 6 681463.4169746583
121 7 169972.25105353742
121 14 2268649.5275780703
121 18 3984209.224425595
121 26 2462167.5810879567
121 31 1518714.6970658533
121 38 5018340.399420872
121 51 544770.974100401
121 54 1853199.4829076342
121 64 938242.6090946787
121 65 3187034.624750868
121 68 428022.0593987837
121 70 701870.6238656049
121 74 2102127.5315352194
121 79 1712711.9615667127
121 86 6561879.436470356
121 87 3155358.4392755595
121 89 5605630.079913998
121 93 385871.7680331921
121 94 2633784.4822795102
121 97 490692.53033285023
121 101 6702539.456343969
121 106 482264.2280738329
121 112 3614271.4342660494
121 113 6145374.905364412
121 115 2858925.9100682754
121 116 2769189.121839699
121 118 5878499.914013876
121 131 1198024.9084882548
121 133 3216525.2619282766
121 142 2791169.661024883
121 146 1939973.9028432756
121 147 683779.531923273
121 150 974686.4069914884
121 152 81486.45064155411
121 154 77248.39652353917
121 160 2274264.325645376
122 1 3323545.315677708
122 4 5782812.568358823
122 6 243425.9070799669
122 7 1078313.4950675634
122 11 206664.5177406697
122 14 3347504.5647756555
122 26 765842.1813029248
122 31 137117.95111548447
122 35 11892510.838376693
122 37 3057338.1098901886
122 40 5032723.893177448
122 49 4621180.305123122
122 51 2635501.193878522
122 54 2300088.4782955977
122 56 1153274.3078760982
122 64 3394548.8007831112
122 65 345184.4853020683
122 67 687386.7848416188
122 68 45947.41295562662
122 70 3462769.8434179286
122 71 259899.66680328263
122 72 4029350.5764092975
122 74 1069055.3361517652
122 79 1869534.0095095057
122 84 1089256.7565835835
122 94 1983630.8097315605
122 97 7433105.288192528
122 101 518656.260350699
122 113 3132471.153509306
122 114 661143.9809798653
122 115 3744494.846698482
122 125 3758161.007347569
122 131 2086718.0452116043
122 133 3575094.673494222
122 137 9179253.324854473
122 138 3493070.241956813
122 146 1130687.4070935554
122 150 5203386.942757614
122 152 10019719.016402233
122 154 3551713.4491009875
122 157 9493866.26904953
122 160 2576608.803318982
123 6 220751.97966753307
123 7 905059.3223160029
123 14 948283.6736521542
123 30 36636.04596272261
123 44 2205272.3593434347
123 49 490481.609258711
123 51 2839356.863073862
123 54 1379798.9404698722
123 56 1306736.125941595
123 64 231550.45152486005
123 72 1305456.4265969172
123 74 5421131.67977753
123 79 2488019.057854203
123 80 1316199.5087543116
123 89 269632.0125756502
123 115 165734.1116091358
123 118 3041636.9632087993
123 125 3055181.2240507146
123 129 302240.25580186234
123 130 2992695.992758817
123 131 1433259.7192789696
123 133 620320.1501215886
123 137 1210174.92627619
123 138 2218523.340011277
123 142 1135332.0114137388
123 152 692130.2031916843
123 154 1215582.526670734
124 1 2793652.255478686
124 7 300156.008801785
124 11 331844.7192295607
124 14 135809.29619629224
124 19 392627.4067960159
124 26 759327.103174
124 31 340518.2809086657
124 40 1184358.6781849123
124 42 917471.5556131946
124 51 1102374.8629625123
124 54 1074060.8139875662
124 56 204348.47885103058
124 64 168996.69230386443
124 67 76553.71326748194
124 68 82845.02835629116
124 72 624078.0796290615
124 74 105719.74026957394
124 79 249108.00851712178
124 84 513432.92165610386
124 89 467371.28599040536
124 94 327645.30176287895
124 97 821160.9155669297
124 101 711606.4107611125
124 102 435999.0661782036
124 105 380234.9332726947
124 106 360193.8639926225
124 113 430764.9983495286
124 115 339716.63274299126
124 129 1151548.8885213037
124 131 158538.3466158587
124 133 173501.574370945
124 137 19460.23934176013
124 138 77961.254314144
124 141 17567.537969662142
124 142 54499.23657310072
124 147 253513.32909675624
124 152 1702488.2378436662
124 154 19759.253070132345
125 0 18499718.15415939
125 1 180456696.91557643
125 3 10603317.346213102
125 4 438702931.08807564
125 6 1045596653.993601
125 7 1019240935.515991
125 10 87697950.08475797
125 11 199309942.15172365
125 13 53353087.16210278
125 14 1375005731.0543263
125 15 3135423.997463521
125 16 102767.96588732561
125 18 5988482.406392401
125 19 309504654.92431563
125 21 95541587.73326237
125 22 7364346.664618366
125 23 1813929.2066229964
125 24 8038505.281645699
125 26 771501400.0827898
125 27 2413788.3262034715
125 31 196258451.59925216
125 32 158788574.76565105
125 33 128726.4497384799
125 35 16150857.935048757
125 36 10338278.424643507
125 37 422290360.31879467
125 38 86261069.21769731
125 40 785849468.1454295
125 44 11521714.479518725
125 46 18002969.640258927
125 49 20591970.06182917
125 50 23494226.739025116
125 51 20199334.978963718
125 53 5694664.923518642
125 54 1314214823.7591298
125 55 25223330.326436795
125 56 965052844.629974
125 57 2397762.861252347
125 58 47029141.74084092
125 59 1134704.6022419943
125 61 13600473.578727754
125 63 31483581.5319181
125 64 1474617494.6539056
125 65 15591710.148974633
125 66 111305747.55344237
125 67 932624185.5743185
125 68 291679338.9793301
125 69 221845107.56870428
125 70 84188229.11441717
125 72 525174000.69372493
125 73 67820532.90718098
125 74 662544712.6197044
125 75 9295753.78336476
125 76 70042787.83893573
125 77 7946628.019118439
125 79 46694119.3623824
125 80 130680138.05283312
125 83 66158314.55860794
125 84 2795881.9968005335
125 86 51349283.37219825
125 87 13544644.465741666
125 89 1117755781.738913
125 91 2087237.9990359843
125 93 21927312.07836692
125 94 2573018209.264898
125 95 6363551.771764449
125 97 398156978.8700361
125 100 35117281.65267794
125 101 1188572189.92052
125 102 90030305.15662074
125 103 4664176.681810957
125 104 4908990.307460764
125 105 274761841.885222
125 106 454118222.03659964
125 107 10284424.219622388
125 109 132598545.66610715
125 110 36204472.85711245
125 112 15410601.643251467
125 113 323279662.701305
125 114 360934870.68408316
125 115 75632719.99339165
125 116 31490640.773336306
125 117 263493438.5367985
125 118 410802664.5962389
125 121 14232141.202826371
125 122 3274766.1250365274
125 126 6403197.931046228
125 129 1280517328.071265
125 130 6794310.659916717
125 131 542332034.8708439
125 133 2176874993.5270357
125 135 24057391.766548578
125 136 12139306.150083698
125 137 388687158.5906579
125 138 1741385822.8167894
125 141 1279497.266394924
125 142 3501816732.5112414
125 143 1052446.177789861
125 145 81312514.05397823
125 146 159913670.71352208
125 147 186497367.05877185
125 148 32770224.805455975
125 150 93907734.02815023
125 152 164274999.31011915
125 153 16525931.76468678
125 154 756574166.322376
125 157 208071842.21926305
126 0 10206048.8823116
126 1 8026731.227715141
126 4 1227126.1692767388
126 6 1664101.7172365119
126 7 3990648.1508926186
126 8 732189.2169633438
126 10 2740587.1338165137
126 11 17274842.06230048
126 12 2984558.692389503
126 14 35160362.46381717
126 19 7626965.03042782
126 21 3490032.9186005145
126 22 8228010.748623945
126 24 3168965.8601855976
126 26 6136094.693038695
126 27 2545746.148115533
126 28 2081394.5272597196
126 30 13558588.998173462
126 31 5755380.477132779
126 32 651178.9277766612
126 37 9624302.715447169
126 38 18541788.064015284
126 40 3803460.0341823283
126 44 9943050.895280922
126 46 16889986.100663215
126 49 342784.45063026954
126 51 7666612.576585649
126 52 623342.3373555562
126 54 6594389.885783523
126 55 4347461.23177027
126 56 1483194.1784666723
126 57 233339.6717467392
126 58 9532717.496615615
126 59 7924914.659965745
126 63 5273649.125184536
126 64 8291671.952452708
126 65 4367124.399544082
126 67 6497588.161228677
126 68 14668218.112813296
126 69 6497843.079412038
126 70 1840919.7015140508
126 71 2669235.4141467665
126 72 58064.9006531934
126 73 7436194.388083895
126 74 3639981.4897533683
126 75 4550097.678663469
126 76 4947267.770862826
126 79 1826419.69665492
126 80 856636.1686449168
126 84 656566.6958385301
126 89 22570959.055087134
126 93 15953173.538963186
126 94 2323145.27232781
126 96 5634468.83361793
126 97 10628974.7227257
126 101 5130558.483956272
126 102 2684336.0170747605
126 103 15609280.641068127
126 104 4071490.1834541187
126 105 3844423.987694424
126 106 6001106.084750085
126 112 8868569.560203172
126 113 2116147.842806441
126 114 10342472.099103805
126 115 1546746.592878635
126 116 4880956.366358591
126 117 9748648.46418937
126 118 1757796.986412005
126 121 4641060.947363192
126 125 6030505.696025203
126 129 2863537.4761005584
126 130 8166327.773708119
126 131 12554121.27240663
126 133 4240351.100054872
126 135 14891313.507010102
126 137 281177.4670615465
126 138 11045943.03786044
126 141 3790637.4195099934
126 142 9265682.101410624
126 143 258115.7316012881
126 146 13455867.713668518
126 147 1472006.8597470713
126 149 4505943.035978401
126 150 702632.9529946934
126 152 2584732.627085617
126 154 10485830.727353645
126 157 11153411.967712691
126 160 2437407.3158028903
127 1 1683752.2616519355
127 5 1476607.4940822634
127 6 1153047.9632972183
127 7 4094130.5147808096
127 11 893231.6255294766
127 13 2070384.3250716708
127 14 4374171.98058691
127 16 4884348.20122117
127 21 659218.3521299249
127 26 3887280.8034484936
127 31 764396.390406189
127 32 2615411.0673350617
127 37 1393544.8286543225
127 38 1382020.182604355
127 40 4900937.697996647
127 44 926969.3416451424
127 49 4519446.307037028
127 50 886336.7252457154
127 51 1580872.104366802
127 54 988513.1059826785
127 55 4630031.391971438
127 56 650769.124614894
127 64 2240011.663404161
127 65 1922456.169122623
127 67 9470206.667711599
127 69 2500060.4325605785
127 70 6705806.657343736
127 72 977514.1809041768
127 74 542539.2917143037
127 79 11855496.611836972
127 84 90231.43568538461
127 87 3434686.0398041313
127 90 412196.01786950795
127 94 5943661.44091714
127 97 2054633.810346731
127 101 453032.6382949634
127 104 1451444.5830397021
127 105 555174.8243490054
127 106 1312685.0679803786
127 107 780643.4039543346
127 113 415292.94703521
127 115 2186503.9224214796
127 117 3647169.387672314
127 118 675818.3584768724
127 126 1342179.9607058843
127 129 4081148.8221380403
127 130 6519203.948709901
127 131 4580920.038489022
127 133 626515.4427680613
127 137 3517198.757379768
127 138 1653190.070988929
127 142 2368973.839501912
127 145 12176290.201267194
127 147 2372367.2766216695
127 152 764349.367691665
127 154 1674715.231851983
127 160 123243.90882973753
128 1 6123620.228277589
128 6 6695802.934386373
128 7 117410.91891550738
128 8 4384635.846991411
128 14 49414.03631612798
128 15 437084.3977891332
128 19 3793603.4030366982
128 21 1522843.9416172905
128 22 2775338.437502524
128 23 865941.2927978038
128 24 272022.5518857447
128 26 2712092.9377606926
128 32 6822029.349898696
128 36 174722.12275609776
128 37 5545209.70053006
128 38 4286255.705590471
128 40 971625.5533801669
128 44 580477.4844570629
128 46 5839163.299231307
128 49 3384059.7925125626
128 51 3513074.79215431
128 54 557765.951488221
128 55 2249764.4456313006
128 56 802288.181895161
128 57 2455453.844083225
128 58 2397700.9393335795
128 64 6705130.246336505
128 65 5363212.458495435
128 68 491251.4504205202
128 70 4453937.208742433
128 71 777951.4406457734
128 72 133589.79677764003
128 73 3304390.877723686
128 74 70370.0576845266
128 79 1999819.7771166246
128 84 472033.5283191492
128 87 1112816.5300746039
128 89 1893613.5206236043
128 93 2579244.8358635833
128 94 1258402.1861479424
128 95 3631311.992428952
128 97 1906936.598991258
128 101 1473179.1084413766
128 102 2254110.8893309855
128 106 756295.1727079214
128 107 3683889.409406186
128 114 1469922.9589258425
128 115 6158069.0549359
128 117 142221.4291034224
128 125 15759405.763262426
128 126 781908.3940277039
128 129 2703244.122099862
128 131 3431174.6702160537
128 133 4483484.289357762
128 135 7047061.613121519
128 137 6153708.4542738665
128 138 5606404.248706939
128 142 95253.4461583849
128 143 2852121.908377608
128 145 1561619.541119552
128 147 4164170.690419587
128 150 3228444.7342750067
128 152 3108749.153183931
128 154 2438329.7902286933
128 157 1879928.549944452
128 160 84329.6063593917
129 1 190012755.89147714
129 3 1137687.3106281753
129 4 250183816.2933642
129 5 7140408.923495161
129 6 237966381.74564162
129 7 2366034996.2826676
129 8 9850541.847205844
129 9 65783529.253905505
129 10 54517519.65114639
129 11 173163134.41780403
129 12 14417344.166693259
129 13 326799023.45119286
129 14 1691862319.6239352
129 15 3208016.9317663256
129 16 24739949.38255342
129 18 4776807.498750843
129 19 920530090.5040962
129 21 47340516.155108124
129 22 812452.0926792442
129 23 1865868.1109569287
129 24 10205496.443788834
129 26 401961291.0505591
129 27 169442.65764219133
129 28 561423.8676579844
129 30 156460970.03373227
129 31 5112201295.67235
129 32 211653752.46743596
129 33 720144.3971453859
129 35 170869225.01298633
129 36 2316562.0546763204
129 37 594164.7654277772
129 38 18392562.261104245
129 40 387262887.59071225
129 42 2965.487085127372
129 44 4588669.128431385
129 46 109288194.75061184
129 49 1005033863.5275959
129 50 12325001.63021891
129 51 7976412943.582581
129 52 15032686.815425027
129 53 2004406.2329960677
129 54 184798162.73792008
129 55 82065500.93480362
129 56 619315515.6540805
129 57 447813.63306508394
129 58 50359504.583536156
129 59 22747824.789458137
129 61 1836397.8188322175
129 63 44887146.69075138
129 64 158049724.4749938
129 65 513039292.06259525
129 66 28472379.254561055
129 67 842642256.5720032
129 68 902335410.8567133
129 69 160200365.56209597
129 70 2520003321.8888025
129 71 1062131424.6016914
129 72 5670724321.591485
129 73 57000670.17670641
129 74 596388903.6443526
129 75 114843477.49147655
129 76 109952625.56355461
129 77 4866883.521242762
129 79 5000549098.96852
129 80 32934732.690914985
129 83 17890397.78811109
129 84 66172580.46468329
129 86 1958004.9037236588
129 87 18770811.441898726
129 89 3256519590.536854
129 90 6081281.471659451
129 93 101528544.24153665
129 94 994555838.2549517
129 95 33387061.293542612
129 97 196614156.8943563
129 98 12377789.497629086
129 100 37844292.97583118
129 101 905379772.2285554
129 102 188517057.59466755
129 103 46231408.65176148
129 104 1631319.8824073111
129 105 87692368.06722467
129 106 749332864.0087608
129 107 50701139.228630096
129 109 81393178.30492519
129 110 394206.42039951193
129 111 57209687.64405496
129 112 12041903.203573612
129 113 3142979903.4424663
129 114 2348410821.686484
129 115 522150529.39153117
129 116 55997861.746838875
129 117 158015122.93533307
129 118 3029844840.4863505
129 120 2880048.357559558
129 121 1804619.0790929557
129 122 1991635.3121881618
129 125 1407174269.0665388
129 126 4797406.665620353
129 130 24739011.788195662
129 131 64736141.75634083
129 133 3868881921.244809
129 135 36827945.53380108
129 136 10007848.30311175
129 137 3661717990.02274
129 138 321943480.891266
129 141 8914204.969429793
129 142 496863356.83828133
129 143 4098901.34364837
129 145 55083381.530913986
129 146 94798520.74339947
129 147 774549104.9067152
129 148 662712.5953793272
129 149 5131726.042707504
129 150 342983890.67217404
129 152 6386875068.803587
129 154 7614842487.825319
129 156 431481.8057091784
129 157 82914324.2712276
129 160 13369752.37752726
130 1 78820727.24819098
130 4 27037750.151254218
130 6 25995690.691656653
130 7 44209259.677957386
130 8 26817973.3819495
130 10 188006159.59565148
130 13 18168986.68083397
130 14 126094265.79693149
130 19 27177955.240892336
130 21 36803488.397095226
130 22 27462615.515033286
130 26 6274886.024115664
130 27 11554.48023285747
130 30 188853304.6608522
130 31 29056040.04114685
130 32 343885968.5169393
130 35 1668988.9646683093
130 36 20147080.44345323
130 38 40737812.985785805
130 40 248746079.08150876
130 44 32788355.234084737
130 46 89406333.20689021
130 49 378511170.9686754
130 51 63485782.315311365
130 53 515942.5811582765
130 54 8313361.366383964
130 55 37147169.368838444
130 56 81186953.07073087
130 57 655687.4618985701
130 59 1447410.5964560662
130 61 2912364.874752997
130 64 378646952.6987966
130 65 35830477.088479154
130 67 212147409.02359986
130 68 96164279.71641317
130 69 17489949.815758962
130 70 8088425.356395288
130 71 845419394.0098605
130 72 304550621.59098744
130 73 4647083.882788996
130 74 48866804.80289049
130 75 90808402.92728063
130 76 8090237.023609225
130 77 24386279.543546498
130 79 101209124.26406002
130 80 35047999.779562786
130 83 25205184.03769066
130 84 19596346.36956924
130 87 4027121.053798201
130 89 161691272.52196175
130 91 1303040.0902071854
130 93 5282016.1126172785
130 94 90006539.3659652
130 95 19013495.278917164
130 97 17435853.509759076
130 101 59646481.056504555
130 102 148901560.23030263
130 103 5518172.485590275
130 104 4033886.0988273197
130 105 2307706.4406904187
130 106 8464304.932455286
130 107 26152021.405647136
130 110 3239152.8021564046
130 111 48537752.65106405
130 112 69666896.99805492
130 113 101614596.7369504
130 114 25724601.253157746
130 115 108622432.35076585
130 118 67401227.73495533
130 121 6312347.213546353
130 125 58873766.45181125
130 126 243427.67803116256
130 129 45582117.94310928
130 131 121158418.36837365
130 133 135838697.57537985
130 135 3487543.5602942808
130 137 114813211.93328111
130 138 83920389.24017455
130 142 59331778.54908545
130 143 2032967.0463278908
130 145 36234422.47251369
130 147 69627960.60356444
130 150 65570522.16327015
130 152 276262966.3077687
130 153 82615322.19139436
130 154 94850107.8221614
130 157 695630848.0802059
130 160 4446718.34890265
131 0 23953054.436922256
131 1 21549331.327832982
131 3 85918.55472391601
131 4 655965286.1447892
131 5 25075821.719519027
131 6 874296687.1683447
131 7 111091557.640093
131 8 981140.9555337807
131 9 8005217.480337198
131 10 42744303.58019395
131 11 155821038.02231488
131 12 13337815.204712179
131 13 94955767.44212012
131 14 21488340.256546892
131 15 3071313.209252252
131 16 293880.48094361
131 18 9928750.860388227
131 19 690368268.0505366
131 21 14510240.471309423
131 22 1231047.6623556563
131 23 2183349.701941118
131 24 19816428.51161839
131 26 464260750.31034386
131 27 587597.1591271837
131 28 2733454.310644934
131 30 387227961.64322436
131 31 49108937.72330784
131 32 87178620.93063596
131 33 104341.0724464925
131 35 83290089.22376566
131 36 26710263.256441265
131 37 39912807.81410892
131 38 79852014.69077696
131 40 696226024.6789801
131 42 1104359.8784630485
131 44 834608.736162956
131 46 48618126.328784935
131 49 123931658.07437783
131 50 5668516.956328612
131 51 338007180.2473417
131 52 3525282.387042321
131 53 99229.94066663066
131 54 982287457.0636412
131 55 35015316.09944394
131 56 41186486.63750194
131 57 1610172.6180738716
131 58 57854461.27301412
131 59 3241065.5233674957
131 61 12623659.139003245
131 63 44835195.939745024
131 64 813085270.6206607
131 65 898205158.5834719
131 66 20224535.721677806
131 67 119199515.03479429
131 68 81858171.65209569
131 69 201989092.44559398
131 70 639155597.651534
131 71 146336030.85682765
131 72 126496282.76424856
131 73 19841167.26884399
131 74 90436722.60184847
131 75 12738788.275560731
131 76 80188033.45639788
131 77 10414936.32687114
131 79 1488321991.2185612
131 80 41645441.173315756
131 83 75691627.64201163
131 84 79806915.15911575
131 86 74901672.37374318
131 87 8435038.408336133
131 89 636952873.9537326
131 90 453977.81274482375
131 91 4508284.452599727
131 93 74536579.63402562
131 94 377092396.1076195
131 95 10026307.030081505
131 96 6275743.379294331
131 97 225112360.85211584
131 98 3677551.9694021274
131 100 6182859.760001962
131 101 161149957.92653525
131 102 7237156.167370618
131 103 27121124.66859976
131 104 1171372.7248627406
131 105 63097708.225786045
131 106 199266938.34415302
131 107 42650414.858401924
131 109 31344417.81533268
131 110 6658989.957486424
131 111 33548804.75183044
131 112 37571509.121677816
131 113 204258770.91122654
131 114 320662512.35106057
131 115 122399938.92811346
131 116 6957379.578439004
131 117 5704811.798558555
131 118 207621070.22088686
131 120 3234828.031073035
131 121 11595225.13093908
131 122 1531950.7959197839
131 124 398151.1767465942
131 125 1002840554.5147808
131 126 788780.5868936519
131 129 223463163.9676552
131 130 1259599.1684668155
131 133 462987707.5462324
131 135 5711648.90226022
131 136 1609835.920957895
131 137 339048763.6897629
131 138 488565612.7789441
131 141 44049538.09107913
131 142 491398272.3072008
131 143 278524.9961665134
131 145 40379951.047174744
131 146 271917405.1705386
131 147 39411823.58822157
131 148 10656338.68825112
131 149 997869.8669798718
131 150 198735792.28754216
131 152 640069306.6935457
131 153 20920340.848855373
131 154 371728426.8427585
131 156 3872837.0576495742
131 157 355143162.02113557
131 160 13655257.086014418
132 6 3519413.9978165897
132 7 1776226.262204885
132 13 1032891.6789735664
132 19 4861682.934470124
132 26 4401525.242588909
132 31 3506053.1748231757
132 32 2727236.201084706
132 35 5349844.882187214
132 40 1900229.38868255
132 49 5553027.952383344
132 51 3564853.367780676
132 54 3920283.2280916325
132 64 1515613.0206911417
132 65 517861.0013731333
132 70 9224196.427958852
132 74 1555670.9319479174
132 79 14152256.952998029
132 84 527357.6968817576
132 89 3024297.5122609376
132 94 12167583.479826022
132 101 1827522.9566738256
132 105 1829057.6803572383
132 106 11833649.085025229
132 112 8572224.826516725
132 118 18993337.263433773
132 125 284621.08922563144
132 130 2391905.0477584647
132 131 429754.05701592576
132 133 221930.12370009083
132 142 971628.0977423002
132 145 2923596.117792054
132 147 587676.5438995227
132 150 929172.8338322099
132 152 925281.9490918582
132 153 7632777.454875678
132 154 7793851.933025871
132 157 2899957.6207571984
133 0 16438713.961018762
133 1 56387819.258131646
133 3 3708673.5120222936
133 4 575851806.0466183
133 5 19246622.098128658
133 6 190707967.50148693
133 7 766145578.7528001
133 8 7143673.415520432
133 9 86523976.42644285
133 10 138330971.3140575
133 11 29354460.019958854
133 12 26794447.894264985
133 13 21557956.722765967
133 14 1053378012.0047057
133 15 18228881.39261702
133 16 17994925.974647623
133 18 6847003.360889149
133 19 6475015397.778047
133 21 14788729.74626224
133 22 11004591.43288362
133 23 295876.84484671074
133 24 20746279.814977568
133 26 2593096380.542727
133 27 2912000.970802723
133 28 63852.116318545726
133 30 192023872.38466135
133 31 3409529265.6372614
133 32 106567896.58096263
133 33 485808.82406504906
133 35 124430668.61395633
133 36 11286773.408357795
133 37 40776591.327864595
133 38 74229707.63406919
133 40 531165895.5783827
133 42 3038484.1662212336
133 44 1250635.6672942813
133 46 16316108.771589544
133 49 417567380.5458273
133 50 12530554.85393059
133 51 6372451382.928815
133 52 12203287.25067777
133 53 4009538.6644805935
133 54 13372727159.65973
133 55 45084784.56327856
133 56 525051118.02838147
133 57 1636186.8165232379
133 58 54951345.31300811
133 59 11847300.64601732
133 61 1547237.8611531658
133 63 25493876.05503774
133 64 807844973.7692988
133 65 100196926.29449718
133 66 42395663.891958795
133 67 1615666382.3258572
133 68 182948561.65320686
133 69 20372812.527681313
133 70 793098466.4227996
133 71 1733403088.072452
133 72 2140560765.1154344
133 73 56530028.21959004
133 74 7195992502.206249
133 75 16640553.89704076
133 76 233616499.19552276
133 77 18046880.91931551
133 79 1994488935.582939
133 80 150000025.1609981
133 83 8976739.65843597
133 84 102893424.93265878
133 86 40238494.86537202
133 87 2608001.545172323
133 89 326301192.591057
133 90 5534543.553543478
133 91 6241629.015664856
133 93 24505417.12610452
133 94 651810281.7035916
133 95 2275155.575143672
133 96 17232436.531994734
133 97 56978135.14026361
133 98 6933886.634360683
133 100 2047189.4669543535
133 101 4750466266.187315
133 102 431722276.62821734
133 103 7065013.548953799
133 104 15662774.804073071
133 105 26644904.877969522
133 106 2269598403.4905663
133 107 25754679.781420503
133 109 63031427.71794614
133 110 3401138.728628014
133 111 11825257.423239894
133 112 36773387.39871085
133 113 472521531.10115856
133 114 4995339168.121623
133 115 494887132.829372
133 116 33355022.88108868
133 117 77227992.8108626
133 118 1378342699.2517006
133 120 2620469.7820129506
133 121 3464416.755506195
133 122 2655893.482389243
133 124 701031.7615646204
133 125 71726562.95805888
133 126 6925969.031645064
133 129 1730792457.6549613
133 130 90817040.57686803
133 131 1045060504.7805607
133 135 9574110.053089855
133 136 9603390.50751412
133 137 1380466822.4004087
133 138 34376375.23568105
133 141 26701297.02337102
133 142 396265701.16886073
133 143 3863657.513574235
133 145 3612963.479054065
133 146 30366280.132771563
133 147 2334787762.19169
133 148 118575348.7189586
133 149 12298718.864942325
133 150 287833238.9457997
133 152 525437904.3039161
133 153 24600599.88580303
133 154 5098073240.476941
133 156 1628501.923313017
133 157 58146107.04997941
133 160 2635790.7644787943
134 1 58536365.58343636
134 3 7899117.840834943
134 4 67248754.33131284
134 5 12754893.887824297
134 6 109507247.79091053
134 7 25926719.042866383
134 8 24416641.028585237
134 9 25726731.555819277
134 10 46613048.944297545
134 11 9389421.017672066
134 13 75308426.20914032
134 14 20353006.384074643
134 15 4365162.01159766
134 16 11097981.061781637
134 18 9490630.926681481
134 19 266790324.82794163
134 21 4142494.168541943
134 22 13266237.410691723
134 23 415737.75689352985
134 26 64338802.439242825
134 27 4063940.1453558016
134 28 196539.77906738967
134 30 127447265.07063152
134 31 18875013.10268013
134 32 43035913.39478037
134 33 798092.7104867967
134 35 29379779.907571804
134 36 7686316.22209256
134 37 112130958.96522179
134 38 52042363.1418682
134 40 37523536.91726132
134 42 216529.22203210235
134 44 57543005.80629483
134 49 59417371.73608737
134 50 686913.2242953294
134 51 66178654.305626206
134 52 6987427.147297089
134 53 9705701.569736438
134 54 6118631.151168675
134 55 4355694.608221997
134 56 8045556.292812292
134 59 4566993.7501974115
134 61 4668815.58496631
134 63 5296664.753564419
134 64 175311286.94310644
134 65 275838760.8662956
134 66 32602102.36807587
134 67 36534017.76339936
134 68 8825742.973261422
134 69 21443571.018404424
134 70 48705173.708097115
134 71 64403916.36307404
134 72 36328302.53514016
134 73 20844390.794346485
134 74 156575598.9344864
134 75 40855985.35068196
134 76 115263840.45837133
134 77 80974629.54012045
134 79 95218771.70102383
134 80 57121729.032877676
134 84 23435239.79794804
134 86 66246362.62284263
134 87 2160475.050423608
134 89 63895960.52626474
134 90 462607.473333111
134 91 5356354.056070087
134 93 16608180.463108497
134 94 14350740.87499675
134 95 29374544.385237157
134 96 3559557.2431694237
134 97 135863309.35414046
134 98 185026.54535822594
134 100 16371327.7857086
134 101 104436047.91053699
134 102 25333881.48196057
134 103 19023164.46338929
134 104 2254696.570459954
134 105 20300335.31318096
134 106 70851252.12130277
134 107 22737576.22800788
134 109 46065304.756961696
134 110 18294952.015499566
134 112 19845175.359074343
134 113 10175807.208539495
134 114 69809541.97487164
134 115 143147558.25002503
134 116 9873850.869565763
134 117 11921426.744750323
134 118 22850931.46552653
134 120 770540.5339342508
134 121 2741.6948327212313
134 125 72892036.25029248
134 126 406929.13267367723
134 129 208076689.70641404
134 130 105414113.39333405
134 131 92645479.94482945
134 133 18805206.043736793
134 135 20040493.789592244
134 136 4289873.145852479
134 137 65680799.67957573
134 138 14108847.289973408
134 141 6746255.026812319
134 142 13146176.122024218
134 143 2268854.5293018655
134 145 17383622.432805177
134 146 87423816.6247573
134 147 1205269.9885155782
134 149 31009521.36302058
134 150 9683675.132570028
134 152 16579383.493949903
134 153 98613824.82310541
134 154 42954573.947822444
134 157 80030973.77396043
134 160 4590142.650169292
135 3 4405634.809382716
135 4 39539867.86663536
135 5 14975026.314428596
135 6 33839942.24294388
135 7 2580665.1919736336
135 11 1067159.595363974
135 12 6526083.280017182
135 13 12526661.48980764
135 14 6411977.491491951
135 16 6117252.023128404
135 18 25043039.530179013
135 19 8525124.19988027
135 21 21889090.23965199
135 22 1413660.1213133289
135 26 24406476.55254151
135 30 30399340.747511394
135 31 10584119.833919242
135 32 17325972.3364246
135 35 12047686.0935047
135 36 12280993.719713029
135 37 428594.9182256516
135 38 14626110.081921931
135 40 5169546.793239251
135 44 284991.7979516991
135 46 5795476.520194153
135 49 31382078.949044432
135 50 8182414.911559268
135 51 3898684.0929598124
135 52 3502271.718736325
135 54 9378616.377372755
135 55 31322447.252311815
135 56 8638732.644689146
135 59 8200875.632867141
135 61 1232327.0194905421
135 63 5553292.020249895
135 64 15520393.82433254
135 65 48015704.02046275
135 67 2185537.73615405
135 68 5547819.308972917
135 69 17991654.04998637
135 70 20070699.573190276
135 71 31409763.961321797
135 72 34751868.96469142
135 73 6381928.655286731
135 74 98129.7368414778
135 76 6429405.048565592
135 77 1577616.6165738248
135 79 5563294.353376223
135 80 14741342.531849757
135 83 3720842.998224398
135 84 20311302.184774697
135 87 1091588.050638355
135 89 4391165.1334179845
135 93 8954623.852245154
135 94 12252894.61243267
135 97 18586879.68342376
135 98 2816513.315493097
135 100 372730.49428301904
135 101 59797049.22357514
135 102 16665871.062145311
135 103 750578.5003565592
135 105 8747227.575133888
135 106 6879118.124997277
135 107 39189610.83193413
135 112 4051602.2887460575
135 113 43479979.81391011
135 115 66297.5956226754
135 116 13298013.149794403
135 117 18019569.659967836
135 118 15918938.152364602
135 121 5113693.135553479
135 125 12507314.458747193
135 126 20559885.07358477
135 130 231673.2677285525
135 131 5992465.265763047
135 133 15411918.233952647
135 137 7616334.435763428
135 138 3528437.834934015
135 141 3191226.872859175
135 142 92634380.00025508
135 145 14697373.572693251
135 146 1762051.8615462282
135 147 28981951.70729219
135 149 3581805.6199843795
135 152 20664283.72182409
135 153 24303240.787105914
135 154 62870958.29060953
135 156 599109.0801294366
135 160 4751593.487343173
136 0 9620281.10870952
136 1 4051951.0630640932
136 4 2269630.907679707
136 6 5036471.721795797
136 7 28116179.96538266
136 10 10543870.265903952
136 11 10883367.125182454
136 13 12431051.29389236
136 19 7265584.779519344
136 23 375541.65652698965
136 26 1216.9754409916334
136 35 952673.5810856866
136 36 6929893.754289577
136 37 11894079.557050554
136 38 8818299.635309163
136 40 528627.2090473373
136 50 10259977.34190572
136 51 12831561.162039774
136 52 3336234.201793457
136 54 1900321.7229822688
136 56 97923.29748514878
136 64 8756692.341143806
136 65 47179415.18020535
136 66 11193106.11201202
136 67 947628.5255982009
136 68 6111932.607390708
136 70 7275107.206211096
136 71 378483.9501939457
136 72 2197568.3788353284
136 74 15860970.541528136
136 79 1772588.1131881264
136 80 17276758.54750618
136 83 6633465.182919665
136 84 3155238.4874413474
136 89 25068038.07391327
136 91 7785552.193318122
136 93 4965790.7258299375
136 97 6070948.779271983
136 98 3259100.4166547973
136 101 15747329.312185723
136 103 5676256.674577054
136 104 2179529.1941989814
136 105 640199.4277617896
136 106 5835884.596184291
136 110 5536292.776227475
136 112 8847372.395098405
136 113 5477871.33091382
136 115 4553303.60086242
136 118 20933820.02031329
136 125 23572884.26980595
136 129 5028058.2538760565
136 131 1969843.9971777373
136 133 5613017.416313572
136 135 11054648.65279622
136 137 3408738.6866348637
136 138 10320882.198217401
136 142 10243589.402064947
136 145 4901304.96672214
136 146 8633953.820505472
136 147 3185602.7274167137
136 152 6648938.759583999
136 154 15292453.9297585
136 157 3804550.599812236
136 160 6013834.263790733
137 0 10498551.608994707
137 1 46865985.931835875
137 3 2311916.215378845
137 4 686054008.983865
137 5 25281782.42183138
137 6 1958577026.200928
137 7 1243703008.0230083
137 8 11772743.326441912
137 9 15602373.557211762
137 10 18351256.464589886
137 11 728599786.6572692
137 12 4109722.807970096
137 13 157793760.26160967
137 14 874887851.3685637
137 15 213866.35391824532
137 16 2375228.6400673664
137 18 97325222.52431382
137 19 1615574802.8974376
137 21 58096114.19489702
137 22 2039338.9323470688
137 23 239066.405689107
137 24 20318290.34426731
137 26 6068319478.702238
137 27 4376115.802933765
137 28 1610972.7638222792
137 30 168450634.30057582
137 31 2318805699.1377063
137 32 769600743.2191064
137 35 17415774.499880586
137 36 60121245.68109579
137 37 84265814.6789938
137 38 80499597.30919433
137 40 217769591.48418754
137 42 81536.26089353481
137 44 25273047.539126247
137 46 69679700.55106251
137 49 1295578011.5697966
137 50 25747.905347649503
137 51 3827711801.763804
137 52 40866952.676659554
137 53 4533020.723919178
137 54 2322824778.420024
137 55 174734713.22627744
137 56 29225802.040904023
137 57 2699519.455070246
137 58 49638244.533200145
137 59 14864193.85286961
137 61 1873192.3453414598
137 63 35554551.43614278
137 64 248728692.9805772
137 65 435991593.61739194
137 66 17519826.52836617
137 67 353164853.456486
137 68 1406251573.7688391
137 69 346000468.198649
137 70 1750796103.8298619
137 71 216084728.18390328
137 72 945263826.7794671
137 73 893656.5923124097
137 74 2097220221.4805765
137 75 72028191.99532412
137 76 35802810.545482256
137 77 2120254.958578347
137 79 1555521509.2365003
137 80 278643340.9488037
137 83 16575597.599493206
137 84 1947738.5143255538
137 86 25407915.69994538
137 87 571010.8409266539
137 89 3398301692.074904
137 90 11276672.748044243
137 91 208051.7769194874
137 93 43740170.32025667
137 94 6123225748.664579
137 95 3758145.934037162
137 96 9073058.242273245
137 97 234296126.1912356
137 98 2405375.511978428
137 100 101673593.03750329
137 101 457115826.02235335
137 102 221577170.82076418
137 103 18021927.991665855
137 104 1548625.6074816487
137 105 117716903.98405427
137 106 83846976.06090021
137 107 65154833.47592408
137 109 47592580.47389257
137 110 7195512.29362114
137 112 118008713.2821219
137 113 597711410.1042856
137 114 436203500.4510311
137 115 161978875.65411985
137 116 72727102.07271887
137 117 199785679.9758333
137 118 557917495.3839792
137 120 2249902.23396076
137 121 11935466.893732052
137 122 878827.7936045257
137 124 4212220.768782931
137 125 1080476676.159628
137 126 12813023.112217586
137 129 2695224067.896292
137 130 2177208.5907748863
137 131 584340605.2764224
137 133 2299029237.7592545
137 135 15731003.213037938
137 136 22496916.818991404
137 138 352206037.71594375
137 141 2152540.7331244918
137 142 3529231332.4403815
137 143 2343724.778753744
137 145 26678400.73603334
137 146 21231911.44492887
137 147 2721740984.9234014
137 148 61887119.69099175
137 149 4776360.390440604
137 150 72560072.08210112
137 152 14924862711.446802
137 153 14356867.84477171
137 154 7536146152.607237
137 156 1300168.884631332
137 157 90075559.19604596
137 160 9978443.488827556
138 0 16744606.325390141
138 1 161317960.15203863
138 3 552954.1400429219
138 4 216045095.15118453
138 5 21133927.31630269
138 6 1064106611.9285945
138 7 677653672.9283131
138 8 1129807.8453790203
138 9 9051510.028632116
138 10 68740043.25677146
138 11 45113259.26946891
138 12 31649550.78748245
138 13 318624140.2605311
138 14 2165075891.806529
138 15 9342915.482248561
138 16 6404521.76943552
138 18 1005740.2802055228
138 19 1779257731.2223063
138 21 51591710.89794501
138 22 1282258.212042935
138 23 1177172.652926701
138 24 42775252.69678369
138 26 4143943216.523486
138 27 5237639.031517136
138 28 1761130.95562583
138 30 15562629.495188423
138 31 1001917603.6442807
138 32 270804369.3437999
138 35 108505042.43375163
138 36 58214848.648486644
138 37 62230396.03031988
138 38 20695664.53428257
138 40 477226993.7830168
138 42 342767.48092787893
138 44 62785877.554088235
138 46 11692605.414593663
138 49 1584800323.9316745
138 50 1277585.0384638638
138 51 12001167532.665934
138 52 2341613.967519291
138 53 2040488.537803127
138 54 5737587996.792251
138 55 77657222.95838735
138 56 1037042712.3012162
138 57 12910928.376348875
138 58 4806018.336524447
138 59 7241308.63069653
138 61 15188146.837225964
138 63 52086939.82643496
138 64 2887784725.351034
138 65 1000967300.923495
138 66 9551694.74132914
138 67 17022564.848450214
138 68 4603497497.393356
138 69 296083100.4602415
138 70 663308142.8075346
138 71 1676036489.6690447
138 72 3126282245.040223
138 73 2053853.5442442687
138 74 4324923374.036904
138 75 45710506.38415471
138 76 42186356.22427492
138 77 45707735.533631325
138 79 4450626165.268088
138 80 13897046.321981017
138 83 252653382.41433465
138 84 115404962.39012718
138 86 45620761.94315238
138 87 931450.9246950477
138 89 1398727718.6507215
138 90 16320906.424390279
138 91 8120170.887142184
138 93 37790723.95893832
138 94 428274121.77392113
138 95 36935540.53034796
138 96 12464640.092223264
138 97 46847433.9516228
138 98 305055.4948917494
138 100 17019193.592582557
138 101 521198547.47843146
138 102 172972734.19888052
138 103 30610920.307970107
138 104 6282884.048030282
138 105 57712418.465494305
138 106 445746605.57524925
138 107 22981801.201620627
138 109 71846978.98714824
138 110 27922900.989102766
138 111 64457493.56445563
138 112 124473639.01878907
138 113 3311126981.0459476
138 114 419214264.1012606
138 115 238215452.50478825
138 116 34402399.43615597
138 117 129331336.44973697
138 118 29912731.742738303
138 120 9136232.18415997
138 121 312158.2506973371
138 122 312007.49588152056
138 124 275600.5756080106
138 125 961836206.9575763
138 126 1739041.1685370153
138 129 2029832823.9922683
138 130 160409125.44233266
138 131 58433326.91837866
138 133 3699917732.532059
138 135 31456.574187467642
138 136 11533950.660061894
138 137 2273505297.7462363
138 141 2633028.859034495
138 142 130903131.93782327
138 143 1497860.8005957198
138 145 84177695.9521283
138 146 40807096.39755431
138 147 813016234.759975
138 148 14347038.016619429
138 149 2613795.618562799
138 150 320470139.7280587
138 152 16748999657.931967
138 153 106690464.67738359
138 154 426138841.8917431
138 157 1081190897.1981342
138 160 9238385.959980592
139 1 2872218.738625172
139 3 31221.780894140255
139 4 98784713.72077793
139 5 4239185.039135374
139 6 18203575.11480283
139 7 36386774.4035614
139 8 4725714.726550223
139 11 31784927.691158947
139 12 2523805.779557281
139 14 4964246.726714445
139 15 2805993.480169485
139 18 18872247.23744927
139 19 56123613.019118875
139 21 12913838.302792571
139 26 350810492.32716197
139 30 16333775.160227377
139 31 87225579.58183369
139 32 229219493.14078444
139 35 26994565.185652766
139 37 85777698.78095803
139 38 14558004.517559731
139 40 28175068.63585951
139 42 1306791.2243912704
139 44 53792760.052171856
139 46 61106192.11809647
139 49 115155836.21581326
139 50 36261266.67886084
139 51 38684879.95523592
139 54 26104293.143087197
139 55 22062968.48982058
139 56 52262856.23641841
139 57 2015534.6478654456
139 59 362736.2767336522
139 61 3843196.5933394716
139 64 20147357.396019023
139 65 107348050.21940613
139 66 60232328.808331564
139 67 240241907.7130318
139 68 36315352.3660437
139 69 15050657.731408874
139 70 109850577.91337846
139 71 18268684.000880193
139 72 39723486.228538096
139 73 10618809.473540181
139 74 40235018.55234911
139 76 91164523.08063191
139 79 50014380.803892724
139 80 57955044.865627475
139 84 43534032.91923209
139 87 5053333.066371467
139 89 292020420.2448716
139 91 1961917.7179428926
139 93 9332330.947155895
139 94 125473439.53741498
139 96 3144719.063496084
139 97 81658658.3090014
139 98 2664236.709363405
139 101 84302573.73013328
139 102 103471703.42295006
139 105 18070358.563686278
139 106 29454351.56185008
139 107 23971232.63186188
139 109 42979468.422790065
139 110 33488771.225429915
139 113 48703165.241792955
139 114 23468964.36343723
139 115 332390929.98528564
139 116 12963546.42781741
139 117 52952488.32504641
139 118 60880458.865847036
139 120 242719.5972709436
139 122 2739942.9026621
139 125 28277144.888528436
139 126 818600.9541020049
139 129 122384900.84563039
139 130 59039174.8870589
139 131 67506742.80672692
139 133 160256982.30972114
139 135 2897825.8680023947
139 137 30324068.924801998
139 138 484443924.68917704
139 141 497795.25459001167
139 142 73681091.1513818
139 143 950952.8098457343
139 145 33621769.3316022
139 147 268349562.51663855
139 149 9933710.458103962
139 150 39564091.24070705
139 152 23015122.951128833
139 153 17400153.918154202
139 154 92577767.20098579
139 157 225723751.0125505
139 160 4611270.654647963
140 1 18137399.593438398
140 7 16402795.22822625
140 9 8784928.119541243
140 12 7856885.012746882
140 14 339312.8283300707
140 19 6112448.678132076
140 24 2858937.832232629
140 26 48756440.22446771
140 30 13274152.680044338
140 31 9972292.886717565
140 32 20190884.48545766
140 35 6013127.7144733565
140 37 21874793.370696124
140 38 53466872.685398445
140 40 3420366.484767189
140 46 10810731.49772747
140 49 3194586.00173427
140 50 3458260.2124985973
140 51 4110503.87288682
140 54 22629389.056733318
140 56 7603773.166345905
140 64 9932020.140493587
140 65 1194112.973163754
140 67 9461528.376145607
140 68 1303000.9980005536
140 69 5839156.970000304
140 70 4461079.9627384255
140 72 746643.2450539593
140 73 7384647.455189462
140 74 2550191.6673956234
140 76 7406301.723634454
140 79 31302844.699208822
140 84 8126377.996098091
140 86 1533609.873942659
140 89 1680400.598094974
140 94 23475878.206861272
140 97 13294112.660373723
140 98 3600475.0480951937
140 101 10118657.840042295
140 106 29626906.010778226
140 112 25148583.57874141
140 114 1792886.6414652737
140 115 7047687.108156112
140 117 1281156.554416476
140 118 7592182.649731572
140 121 791746.0517440767
140 125 19235376.68423164
140 129 13416341.328207176
140 131 1041588.9019877999
140 133 3830464.890324924
140 135 3564927.394978391
140 137 200974.21259626726
140 138 4944715.270630143
140 141 1493480.3262412911
140 142 7917113.433235061
140 146 7605375.281562255
140 147 10956656.688294694
140 150 2221839.3767027343
140 152 1649420.7383734847
140 154 867229.0269467351
140 157 11379165.350795051
140 160 8506858.441938186
141 1 995270.5151114039
141 4 7017906.583867431
141 6 2845990.490259354
141 7 7081953.570624884
141 11 144763.61196296333
141 12 1310779.8652326758
141 13 1502451.767703534
141 14 7641279.026195709
141 15 2848546.605436919
141 16 9491895.51465489
141 19 6567404.236423949
141 21 944387.3360753601
141 22 10839121.80036451
141 23 2393121.476882433
141 26 2981523.610391279
141 30 3337492.48552694
141 31 6563809.107461409
141 32 6335589.30454262
141 35 3683975.642409044
141 37 1976453.026748909
141 38 5025574.510577644
141 40 24752799.012975793
141 42 129918.87599361638
141 44 1045036.1443133856
141 49 1083332.964774861
141 51 15291218.993144717
141 52 2207461.177254794
141 54 1034317.4321059359
141 56 9892429.651739258
141 58 6639882.158240962
141 63 4094702.315119584
141 64 19045979.829603106
141 65 13372428.876322841
141 66 3761853.189130182
141 67 154184.84241412493
141 68 6300087.595498562
141 69 6249669.499285881
141 70 14721679.925015049
141 71 22791028.816764265
141 72 271249.1651400108
141 73 611971.5565184742
141 74 8786630.131034445
141 75 14042293.943144288
141 76 8287633.802123159
141 79 8848509.616272388
141 83 3989617.357659463
141 84 17917591.029167235
141 86 11253211.434802724
141 87 2831707.7239214233
141 89 52399520.962403394
141 94 5739914.441022928
141 97 2127936.8064853456
141 98 6137275.673977076
141 101 6079039.659492823
141 104 5115801.825878587
141 105 836876.2787025985
141 106 7168266.718181996
141 111 6191218.714301239
141 112 4624432.776412001
141 113 1214429.2604538563
141 114 4340445.368272773
141 115 4116064.2536285874
141 117 6705911.19438894
141 118 5924497.369070516
141 125 1386387.942495611
141 126 14694429.984178027
141 129 27618070.135603573
141 130 12627421.70646281
141 131 23830767.898963902
141 133 13390060.70544694
141 135 8691128.508985382
141 137 8330785.693302563
141 138 5777621.487114986
141 142 1578474.5131680854
141 146 5727730.770434123
141 147 3589236.790568129
141 149 5703562.511945211
141 150 4482282.948035267
141 152 6514582.457538991
141 154 14335288.074610025
141 157 6064868.185787036
141 160 11340009.307933645
142 0 7625749.146728011
142 1 92130147.8818026
142 3 9172752.399576917
142 4 181997238.3486998
142 5 7534670.33041595
142 6 1629746823.8803318
142 7 377173511.7080138
142 8 28062209.78547107
142 9 52194595.28785224
142 10 5415400.545575655
142 11 15933654.875010693
142 12 3929335.22064134
142 13 40050025.99163095
142 14 183037421.92080274
142 15 14412405.80935487
142 16 471078.35976639914
142 18 15588221.842342148
142 19 3698094773.8268766
142 21 51241348.28140091
142 22 1371550.8330840815
142 23 4479689.964310578
142 24 29349690.424458478
142 26 163290314.72839832
142 27 812729.2923227084
142 28 128269.14980962752
142 30 338267422.529699
142 31 2619390273.3485465
142 32 292049062.04622257
142 33 1444275.8483033206
142 35 108506861.16536438
142 36 742530.9726955867
142 37 1902609.2255629334
142 38 7662883.934815227
142 40 255475397.26478243
142 42 2652837.674067194
142 44 224993693.4494194
142 46 50669734.172185086
142 49 117913535.74593621
142 50 19324675.598280214
142 51 102934670.60657802
142 52 13909047.280809034
142 53 8423951.337679373
142 54 1791921533.6277137
142 55 11167352.97439913
142 56 239307055.00037763
142 57 332192.18698753073
142 58 377132078.39748776
142 59 18477502.694740333
142 61 8740357.41106005
142 63 1080271.392140949
142 64 5262046636.612234
142 65 283497967.2139712
142 66 5073054.7578603225
142 67 55834131.96994852
142 68 1232257169.7225933
142 69 332695633.54165083
142 70 1111539276.0909095
142 71 127447438.79105943
142 72 1509217506.8349614
142 73 16962813.245988786
142 74 243201148.10193482
142 75 23335742.23702087
142 76 57978553.44087155
142 77 4765450.997273121
142 79 4310214618.797419
142 80 71229250.56889805
142 83 18582325.443039827
142 84 63770752.74592465
142 86 22314982.515933264
142 87 11005885.521672118
142 89 25978502.580276705
142 90 6600179.343742928
142 91 40157597.96585951
142 93 25267459.34815864
142 94 557817888.3854333
142 95 30292756.370052036
142 96 20526738.37770007
142 97 68426426.62149137
142 98 3296724.6907772576
142 100 31847940.340254214
142 101 2255284886.322839
142 102 186230360.14755204
142 103 24362609.35277848
142 104 4014702.8984340522
142 105 115082880.6525404
142 106 390373048.86483556
142 107 271780595.5162016
142 109 66963739.04743972
142 110 6529790.368166473
142 111 15992386.729355099
142 112 34883346.621966
142 113 1339090644.8120897
142 114 204368964.88851553
142 115 823452823.2395862
142 116 39061968.964775845
142 117 106132776.03866605
142 118 90866841.05323507
142 120 4102106.869416499
142 121 6058580.386838937
142 122 5932849.599986858
142 124 2610608.731132942
142 125 206322918.87614524
142 126 13442450.545415632
142 129 3073699319.3443584
142 130 27796159.985272516
142 131 171491994.32706863
142 133 3427038551.6978917
142 135 6577595.748917865
142 136 3861381.676238308
142 137 1878966227.5590398
142 138 59037412.09881387
142 141 7490160.360862718
142 143 1992491.7209825015
142 145 201339968.86130193
142 146 81477567.66405074
142 147 1944888972.5904613
142 148 41254891.14227955
142 149 14573063.457856297
142 150 592340731.35402
142 152 270788832.75080776
142 153 31267885.848421857
142 154 13630601469.482136
142 156 3212050.203139486
142 157 181435020.15009168
142 160 13068251.316457016
143 0 4269092.672792526
143 1 91095.39393124107
143 3 3204822.6492962795
143 5 2297317.7230257094
143 6 1956635.4447557805
143 7 916780.3014644148
143 8 3337208.206765366
143 10 976926.1382260586
143 11 10791180.437392132
143 12 323016.26451584825
143 13 17827482.83414666
143 14 4897484.622831453
143 19 3511161.8112574597
143 26 4589074.082736924
143 30 1110298.5829990462
143 31 1665892.6732833278
143 32 1407688.59676981
143 38 2968487.040184743
143 40 13686618.846598778
143 44 412402.9539676423
143 46 10349122.602902805
143 49 14582000.836726176
143 50 527309.4685432648
143 51 2393670.760024459
143 52 4101700.53663608
143 53 1709126.0543000824
143 54 3700883.096559836
143 58 2979860.4261965826
143 59 495873.5743257775
143 64 3633079.718139563
143 65 3922813.3732043947
143 67 14812826.074975934
143 68 2949100.834734869
143 70 220361.5102517223
143 71 27290948.15031013
143 72 6953491.127591671
143 74 586972.8348518548
143 77 1262139.5011146157
143 79 4128620.9257626613
143 83 2200526.8098544953
143 84 480818.0236103344
143 89 20404061.84123356
143 93 6081505.299684979
143 94 7483574.93395548
143 95 805554.3081843125
143 97 9610730.727225624
143 101 1979032.7062070137
143 102 14952581.038847204
143 105 6928273.270015967
143 106 3378854.9463848504
143 107 5634594.517872504
143 110 3291278.118029506
143 111 1936319.2557117364
143 112 459583.54363407235
143 114 6402800.960081061
143 115 4928601.075816139
143 116 12626422.146157702
143 117 7840005.507090598
143 118 7500458.278655349
143 125 749015.1308269817
143 129 1095556.5703787992
143 130 7632175.400952345
143 131 12718310.8506495
143 133 393578.3454376622
143 135 8453773.257201724
143 137 4498992.179962223
143 138 1974895.4621270918
143 142 1792810.1052096025
143 146 726360.4730718671
143 147 8491384.165147716
143 149 336045.6408862421
143 150 13884850.20771723
143 152 2187618.7818830865
143 154 2592056.4341429006
144 6 370878.04132223653
144 7 321281.5863598739
144 14 1664843.8116812601
144 19 3273736.4600634063
144 26 921907.559262651
144 51 299264.6853702592
144 54 575613.4854894344
144 56 315645.45841293683
144 64 102293.10259497633
144 67 1406202.8568980321
144 70 1934503.3717264398
144 72 243781.27427138158
144 74 245125.87662062267
144 79 352521.1170543708
144 91 452056.86552097875
144 93 1527334.2844813142
144 101 1967504.5919235277
144 115 1884636.0474980085
144 118 963221.4543801573
144 125 502190.6035198311
144 131 601724.4930540824
144 133 1370253.5318978995
144 137 604742.8210865874
144 142 332480.9322097642
144 146 499799.9234305918
144 152 1414706.894638589
144 154 452545.5153107251
145 1 74944567.79101823
145 4 66289114.37648774
145 6 31549923.074575853
145 7 66774560.41800456
145 10 5811795.775171511
145 11 27925621.353102688
145 13 31236994.361080874
145 14 117104810.09818295
145 16 14347161.03152018
145 18 49378034.478218995
145 21 40177478.689755194
145 22 2560346.984457421
145 24 87106194.85465571
145 26 37153713.78124414
145 30 37973520.73355304
145 31 183525830.47717944
145 32 2510729.6131204106
145 35 55580520.77342547
145 37 140206394.00981274
145 38 31703027.45505117
145 40 7015298.40810143
145 44 16710835.196307717
145 46 7512140.047436516
145 49 122430668.84984568
145 51 106203043.7612088
145 54 37856047.60545184
145 55 20004321.2432499
145 56 17471540.121600892
145 58 19490619.9139171
145 59 17287279.39286725
145 64 2203144.900950248
145 65 2270995.1842142837
145 67 76393464.77157141
145 68 152482127.2509516
145 70 102082681.0963776
145 72 39091217.788574666
145 74 82363126.63141845
145 75 81468832.21605593
145 77 57063087.35656496
145 79 44614677.35678282
145 84 1167180.1935194016
145 89 48190229.96021741
145 93 20795063.98504258
145 94 26122937.361073058
145 95 4169214.7949123
145 97 17969841.113691214
145 101 17628192.737113994
145 102 16245890.43723278
145 105 10817936.688289536
145 106 70624575.53096528
145 107 21700017.481406167
145 110 4956629.024611635
145 112 67395022.25100005
145 113 35596071.87179299
145 115 40155590.481125794
145 117 6566202.568874378
145 125 24903036.935302716
145 126 3137411.5430608215
145 129 44782450.4372645
145 131 91847730.27596074
145 133 63230076.52552164
145 135 273241.69371630147
145 137 87034819.99455497
145 138 136420059.08030453
145 142 15687329.749753026
145 146 67340106.35272059
145 147 52382477.042938285
145 150 5427087.860216609
145 152 173972804.04130712
145 154 78769409.33870214
145 157 53157433.869439594
145 160 4283380.812306726
146 0 60317174.2096882
146 1 24708727.937602043
146 4 111676894.7986531
146 5 4177353.2311358424
146 6 71267323.00102594
146 7 28422277.51789797
146 8 23675252.573445365
146 10 46325360.126522556
146 11 4203863.828760372
146 12 2505468.146960495
146 13 9630352.6739007
146 14 52712156.12580397
146 16 2000642.6374561458
146 19 131575132.76208104
146 21 31075232.445705142
146 22 4922437.663233264
146 24 28835719.363392383
146 26 2213891.5914078294
146 31 123905150.12746334
146 32 33474470.692910794
146 35 77493889.06665973
146 36 8273687.453633634
146 37 22593175.634390227
146 38 128014607.29998423
146 40 22592292.067243684
146 42 149733.5891067443
146 44 98951488.83063318
146 46 30036202.10600566
146 49 195393915.8173012
146 51 219475866.63700753
146 52 12423248.402378194
146 53 4121246.0208086027
146 54 50012279.23349482
146 55 68905546.50898454
146 56 44139530.10039575
146 57 3647757.9965534657
146 59 4255587.38992189
146 64 32259275.97036019
146 65 444879683.4404993
146 66 12255595.057478586
146 67 20123916.42531943
146 68 149769187.5942719
146 69 4616604.183685223
146 70 79987972.78123267
146 71 1440026.4438531424
146 72 38466556.717576206
146 74 61787227.679819465
146 76 84954768.77726248
146 77 9066221.19959359
146 79 198044434.85054246
146 80 18235802.39750442
146 83 7912258.823421922
146 84 59735875.15149447
146 86 61566941.315224946
146 87 9947068.7907245
146 89 132739641.1726033
146 90 8856602.617099289
146 91 16998757.319258917
146 93 32036723.956750263
146 94 35558024.16903071
146 95 34663955.23434032
146 97 27710973.74441277
146 98 17754471.682853073
146 101 136107601.36434326
146 102 254150170.49608392
146 103 21250864.777034737
146 105 35931152.39759466
146 106 394154831.1394118
146 109 31168437.607290804
146 110 6376627.40464625
146 111 67913.22498902922
146 112 14481694.202762838
146 113 202929014.8211901
146 114 85139756.48218563
146 115 8919781.454858562
146 116 3392508.0568188173
146 117 44553846.035501644
146 118 27212315.846833088
146 121 1862030.572675962
146 125 12859538.998171031
146 126 37097023.13574259
146 129 58535658.27609437
146 130 69188548.01161253
146 131 126474557.63225943
146 133 19574954.234522298
146 135 6370970.194815593
146 137 295961835.29882133
146 138 147884378.1228391
146 141 10006642.647906853
146 142 30687884.711621046
146 143 44299.290443107544
146 145 14938610.173565326
146 147 117597393.64590375
146 149 2205368.28030322
146 150 58630124.46147338
146 152 85570231.31999455
146 153 9823117.221835958
146 154 47904936.86821532
146 157 121479490.92754513
146 160 11447239.695272708
147 0 4806233.769799986
147 1 61322826.42151579
147 3 1443238.3127025196
147 4 443922990.71920866
147 5 11632327.730558777
147 6 217235702.56049067
147 7 493065684.0632407
147 8 9673463.25950359
147 9 12504357.34903893
147 11 54228351.665431015
147 12 989609.2653573987
147 13 19912414.15404483
147 14 1529122864.8062437
147 15 23892477.624713637
147 16 5702255.95746369
147 18 64733467.44746147
147 19 245744291.62041876
147 21 2123695.8653366733
147 22 4101307.0752127944
147 23 1431231.2126643918
147 24 839192.0198023821
147 26 1897600142.7605338
147 27 2278981.58144187
147 31 7666944.458717796
147 32 96842302.24437161
147 33 1946114.100637729
147 35 105637379.55074039
147 36 2574547.9783365964
147 37 204689589.38628536
147 38 177079665.99423537
147 40 1323506308.4525626
147 42 1792153.4457351533
147 44 989190.0266279811
147 46 20712493.85822218
147 49 11555224.432087947
147 50 16866581.67180401
147 51 395580116.9989752
147 53 7243297.002058542
147 54 88719046.11837949
147 55 26352222.498520948
147 56 69688038.81939174
147 57 2024757.9854540287
147 58 141703944.19461423
147 59 5334656.005571139
147 61 3628396.147922597
147 63 42763543.129838325
147 64 477530873.10519254
147 65 845848615.0258812
147 66 63013841.74436145
147 67 44887403.69125974
147 68 619403645.9539516
147 69 92113471.98299877
147 70 452024740.0088567
147 71 205266183.27636594
147 72 1368979863.791863
147 73 17688125.168104894
147 74 1256059814.402736
147 75 15238250.538659481
147 76 35363353.070096485
147 77 18941591.335215986
147 79 141529487.2970398
147 80 29940422.631033074
147 83 73461430.46341102
147 84 39847223.275124244
147 86 66470152.177037634
147 87 15104384.912978917
147 89 84660403.3101982
147 90 1742364.3408410414
147 91 16245299.75331995
147 93 42303561.58260128
147 94 939210490.738018
147 95 11870654.17132195
147 96 2034840.1386756112
147 97 211582525.23130116
147 98 12975887.288232818
147 100 5523294.278737689
147 101 233765858.66352955
147 102 1408290.6160259198
147 103 88999196.72689861
147 104 3048283.905258431
147 105 147203311.91188684
147 106 576680771.8415629
147 107 32556068.253369533
147 110 571050.6355401122
147 111 119058234.36731112
147 112 80185633.96811157
147 113 177806651.7789208
147 114 113237722.5867191
147 115 49208093.81799048
147 116 30555840.903869934
147 117 97972338.86583923
147 118 609119081.7663257
147 120 1911411.8089010972
147 121 4889818.883008275
147 122 351156.0183884955
147 124 317841.69390251534
147 125 529703812.62465376
147 126 14936481.965582473
147 129 1410672522.9416184
147 130 202532990.96492597
147 131 231156159.83947474
147 133 1329953826.6376643
147 135 36433205.80190018
147 136 10346221.19882099
147 137 4129810721.2669296
147 138 218495474.64837158
147 141 10292266.11911203
147 142 103877498.84775674
147 143 982575.3054172664
147 145 24481061.36992322
147 146 200512822.02356172
147 149 5922191.673890018
147 150 177694774.4221054
147 152 69603056.58400416
147 153 4597072.029058683
147 154 10067689.11072208
147 157 180217726.42977822
147 160 5788702.345183326
148 0 18572849.274065427
148 4 50663856.86429859
148 6 215147706.77627465
148 7 74627661.31381036
148 9 50127558.69295175
148 14 121397801.19321847
148 19 50665896.967879124
148 21 27438328.515486185
148 26 43143790.1445605
148 27 5135483.149861957
148 31 25360084.476690404
148 32 28291152.034848653
148 35 2916440.025610238
148 36 11913034.191353543
148 37 21133210.092392795
148 38 96874003.44188184
148 40 23972246.74230323
148 42 1768142.48666298
148 49 34615580.74958835
148 50 45658458.5733734
148 51 83223839.94419216
148 54 71542129.82059756
148 55 3599647.735744421
148 56 25357262.0948513
148 64 2521772.042252484
148 65 10377348.235594312
148 67 2459079.089028257
148 68 47441781.60168968
148 70 201926413.27127004
148 72 21437968.73160897
148 74 139990803.90878853
148 75 3977288.703077745
148 79 27691075.517401677
148 80 38816580.79271334
148 83 19886950.35694116
148 84 5531730.404313964
148 87 7730177.346578384
148 93 20423316.830637436
148 94 146302840.4192797
148 101 61615189.925467685
148 102 91105995.60957737
148 106 43251803.317281015
148 114 87350173.46754059
148 115 46399628.156359546
148 116 18584853.822869364
148 118 20072736.805360403
148 125 30656826.633609425
148 129 13128560.852468695
148 130 9684691.039966617
148 131 13065107.892651688
148 133 31747288.44847064
148 135 10257903.426066304
148 138 19798028.41403269
148 141 2626101.8921934455
148 150 11952357.823961744
148 152 25376730.15195329
148 154 65595793.376666434
148 157 18891354.23334715
148 160 5709836.9506028015
149 1 4138182.7714050733
149 6 9409190.2219712
149 7 139928.2696128628
149 10 2026900.7473369706
149 11 1976696.873379053
149 16 408992.4996636538
149 19 4591806.630362334
149 21 550397.1553599805
149 24 117313.6157714539
149 26 1292325.813620811
149 27 642405.2769236078
149 30 1958980.0613745467
149 31 1004779.7541805531
149 32 2420126.9083799245
149 35 835291.6582529321
149 37 8098947.627331104
149 38 285188.6334571731
149 40 9750939.42394221
149 49 3343430.368432884
149 50 60284.96119779437
149 51 196000.13992696535
149 52 1631310.1418990197
149 54 5991502.00589381
149 55 10445738.49414894
149 56 911538.6375388384
149 61 1427542.3364077255
149 64 11915248.455013558
149 65 3324503.9478001366
149 67 1708516.5514649015
149 68 1824976.2937162274
149 70 8966253.005265761
149 72 5596623.468881168
149 73 1789348.1248652756
149 74 535426.6164106418
149 76 7900862.250330553
149 77 6517533.4326964775
149 79 3787243.513201961
149 80 7549135.10847407
149 84 7023813.033763156
149 86 4929920.234364569
149 87 4037447.2521467814
149 89 750052.7577835682
149 91 818530.7700539401
149 94 15603179.51798785
149 95 5604002.350464856
149 97 89556.516957401
149 100 7198870.047895509
149 101 3446568.302653231
149 102 343370.73946832254
149 105 34331.8098922454
149 106 2191581.01291274
149 110 1474255.1626291715
149 115 1853238.023096474
149 117 2137395.3617090713
149 118 13401670.938613964
149 121 1441600.9752390487
149 122 1880797.563735894
149 125 704761.1071668696
149 129 2300513.325254791
149 130 14126765.025586428
149 131 5903723.050680446
149 133 4399547.756699294
149 137 7668393.702697489
149 138 4757964.736216041
149 141 3786109.7219769233
149 142 3284970.491909514
149 143 542689.0601953155
149 145 8240763.021181828
149 146 5140825.519939493
149 147 4595118.156073996
149 150 8687839.750138475
149 152 19138220.783164773
149 153 1022337.8551568553
149 154 2623386.983702694
149 157 6179455.418479683
149 160 5177956.87455843
150 0 17423658.27460155
150 1 44228931.03621469
150 4 64872972.601128474
150 5 14839791.196229205
150 6 570339590.596051
150 7 243447122.73434922
150 10 54632184.848357
150 11 24416925.464279808
150 12 9321273.192086002
150 13 6185703.587879553
150 14 375282512.9428912
150 15 44367.101657279956
150 18 80761101.45836063
150 19 388582936.7488442
150 21 27374665.037095223
150 23 2596649.406406764
150 24 23083413.104096442
150 26 397157153.6510328
150 31 88707212.59254807
150 32 88794900.70755099
150 35 175520089.51941425
150 36 19802857.153561354
150 37 401731208.53685504
150 38 14565795.978719143
150 40 76508461.38272439
150 42 2787592.036716384
150 44 24734605.632881258
150 49 22995945.227572367
150 50 14703314.492665999
150 51 1260725407.4423609
150 52 12438116.905501593
150 53 234837.1687261295
150 54 342446150.19576836
150 55 10783706.604197383
150 56 131706033.15436979
150 57 3333237.2455378724
150 58 36045502.10994572
150 59 7254480.656027633
150 61 8564178.781981017
150 64 269499880.4061334
150 65 6926705.44710182
150 66 24422510.533550903
150 67 40998623.58961266
150 68 207366480.68486023
150 69 399499880.80429614
150 70 304975572.4921375
150 71 577837141.3354442
150 72 490243544.75374955
150 73 69831293.6703078
150 74 23024693.61655434
150 76 39131348.00076695
150 77 29636702.856654525
150 79 141982781.10130128
150 80 349822867.15828043
150 83 17113672.53113173
150 84 41807529.90201871
150 89 309666695.6100079
150 91 607432.724318275
150 93 102516622.07523882
150 94 19411894.268129885
150 95 367870.54714961664
150 96 9471049.239674589
150 97 22015931.637574125
150 101 400466494.8525327
150 102 16492573.679777311
150 103 2561615.4533001417
150 104 20354890.199245177
150 105 120710375.14690655
150 106 228259786.01745418
150 107 2825731.0368291233
150 112 11421264.207185777
150 113 549942413.8558236
150 114 493324152.59018904
150 115 52718754.490838975
150 116 3180246.651352948
150 117 75688853.80668421
150 118 292193941.7462674
150 120 1222227.045288819
150 121 1231551.4682258978
150 122 120550.96277492376
150 125 152850997.4659163
150 126 14623747.715050125
150 129 786444409.1594492
150 130 32510783.72878772
150 131 182325080.46032226
150 133 17192590.11900176
150 135 19174448.17639419
150 136 326757.3644976165
150 137 101644184.47641487
150 138 296627955.0932162
150 141 85255239.79803611
150 142 38700578.34061888
150 143 5431693.771068457
150 145 174464527.05936882
150 146 147719116.17433918
150 147 115198818.77889588
150 148 63987765.72384484
150 149 410608.15705594356
150 152 806770240.8350564
150 153 25507163.540927432
150 154 208787233.68938845
150 157 69422821.50898175
150 160 12448703.174960395
151 0 310993.79398764507
151 1 9624098.603235116
151 3 4796318.254541972
151 4 105544115.1658365
151 5 6064075.513651435
151 6 62780823.87444123
151 7 164578318.72918543
151 8 633913.1283524454
151 9 10662041.07895729
151 11 124852533.21436703
151 12 41991677.19946542
151 13 120804755.77042314
151 14 59221932.1594693
151 16 1766853.321608358
151 18 10505582.76022416
151 19 766569924.5862437
151 21 79914033.73328407
151 22 11383554.512646765
151 24 41517496.15555283
151 26 669947813.1690742
151 27 4354857.405364466
151 28 4462175.714115451
151 30 75200912.99628714
151 31 88111580.13949348
151 32 23072816.686693273
151 33 139279.49633710625
151 35 37153672.0723925
151 36 923925.5626734452
151 37 85494140.04610734
151 38 17674109.67300427
151 40 239193598.72561672
151 44 34975355.965088725
151 50 10317565.372604135
151 51 791550545.9864882
151 52 7328130.233236622
151 53 745834.48326127
151 54 153475538.63427934
151 55 70874219.7828897
151 56 152576354.57443836
151 57 2637616.9384247987
151 58 35419465.1158008
151 59 3271535.7032091464
151 61 4541591.845482217
151 63 78459349.14249657
151 64 57192036.39211168
151 65 28625695.906635795
151 67 377894267.66502917
151 68 227318391.21484658
151 69 60698047.513539754
151 70 689329371.3601507
151 71 164645011.27159658
151 72 700914023.7863102
151 73 55406362.60435422
151 74 18352645.453230646
151 75 16446017.560320256
151 76 285641125.04280365
151 77 30744852.332161132
151 79 879683860.6440778
151 80 240123633.8344455
151 84 15512357.2725617
151 86 31481797.031956937
151 89 1092268386.0819826
151 90 5245056.76860536
151 91 1813354.5956783758
151 93 4436120.857632661
151 94 95012278.37269707
151 97 97102449.52409393
151 98 66619.21486469846
151 100 63797481.1205059
151 101 1379497343.6766741
151 102 207916286.68163818
151 103 7287581.200852315
151 104 455955.0291228909
151 105 102024763.35587853
151 106 184481342.9413767
151 107 20558455.50040393
151 109 13597113.097198041
151 110 18634973.93819209
151 112 12567968.154118055
151 113 246987885.67689008
151 114 228545845.86496022
151 115 718851218.5644826
151 116 32337681.005371857
151 117 13314270.751580099
151 118 238353380.711652
151 121 5841297.348242979
151 125 183854005.0786386
151 126 93065290.7702817
151 129 201665550.81523567
151 130 143184751.01385516
151 131 634009973.8863813
151 133 372718003.37081385
151 135 1674981.7088280811
151 136 3374733.152526647
151 137 803159782.497958
151 138 1551816223.0050278
151 141 3952259.30610741
151 142 381539312.82978934
151 143 3389686.0718692965
151 145 189096930.34990168
151 146 20109289.5796686
151 147 765221959.0701143
151 149 3444758.0609725863
151 150 503110212.72671896
151 152 928203324.7334561
151 153 9819659.302286478
151 154 217381220.51652953
151 157 20211020.977393918
152 0 5723715.442088477
152 1 3003786.923956795
152 3 403952.7647264111
152 4 98393330.8087567
152 5 1204528.3103059935
152 6 1576670900.1897995
152 7 3862221241.861895
152 8 760252.341686894
152 9 81677642.81309383
152 10 67663899.64695494
152 11 182368034.215011
152 12 2949258.1476127575
152 13 28906585.22334164
152 14 173497766.39994696
152 15 2750131.837618702
152 16 4420568.899650235
152 18 7702606.362204703
152 19 4774324093.19178
152 21 45391413.57292569
152 22 5166671.649305285
152 23 126786.88778667033
152 24 5605221.262871662
152 26 205032876.34654254
152 27 504618.16085495066
152 28 602412.7892636528
152 30 13394362.447397986
152 31 3932517630.4899855
152 32 83245185.11106722
152 33 4762817.900991701
152 35 70194892.09967788
152 36 87716104.05625139
152 37 27162749.17429568
152 38 12103172.19503913
152 40 165126413.4603599
152 42 835746.2173939138
152 44 3064339.150393761
152 46 75137302.47964427
152 49 129133340.7187745
152 50 2781220.1325955326
152 51 25881907674.560535
152 52 5531935.760457104
152 53 1615999.2015405144
152 54 7151934884.984914
152 55 51806133.635248825
152 56 436560540.1497872
152 57 528261.5635905997
152 58 12926615.590429587
152 59 3475342.418962078
152 61 2537888.543318866
152 63 131304013.93753144
152 64 31976022289.20917
152 65 1547083921.8163445
152 66 84300055.27120095
152 67 219558686.1775455
152 68 115009883.70202906
152 69 421834027.4565625
152 70 309472292.2912626
152 71 812184157.8383487
152 72 1312397088.54108
152 73 22049549.360923987
152 74 48024760879.43608
152 75 15862158.934461793
152 76 144122233.50310886
152 77 15953483.446934536
152 79 6027405770.445869
152 80 29871740.626724485
152 83 5198987.471913216
152 84 286492327.3225388
152 86 54407512.9798128
152 87 22405766.37865419
152 89 11295954107.065853
152 90 9197345.027329631
152 91 15725448.086585263
152 93 7542329.7071848735
152 94 5141756202.043979
152 95 24099.285395662766
152 96 29146416.391939607
152 97 229149462.30905592
152 98 571230.9507684124
152 100 34956312.393424824
152 101 22474256625.05752
152 102 200785061.91893694
152 103 139881447.39675918
152 104 6260182.405834055
152 105 214772967.06286296
152 106 4709332514.557573
152 107 53487082.96386505
152 109 15468056.920298666
152 110 7028832.235778599
152 111 174396.30870893472
152 112 315303072.0555708
152 113 1330469768.333427
152 114 2329605060.6402693
152 115 3123241875.875007
152 116 35589476.360552266
152 117 108568441.07629135
152 118 1202494464.5710597
152 120 2040740.3092783107
152 121 759914.1175574835
152 122 2556098.2828785246
152 124 476792.26528771553
152 125 1454956267.8667748
152 126 30357963.715787698
152 129 64302651.557966806
152 130 179478854.76587528
152 131 106717145.88320874
152 133 1985648244.266718
152 135 12185385.46567118
152 136 3946683.823478339
152 137 5183543053.837023
152 138 341302722.09890664
152 141 32107532.117933568
152 142 1272376598.690874
152 143 779322.6355023596
152 145 204393388.0573946
152 146 57283155.270358056
152 147 1181988843.4866505
152 148 6968987.95727925
152 149 8285631.0206589075
152 150 600249201.6772703
152 153 28199083.319514807
152 154 40184511431.16381
152 157 74402392.23752709
152 160 6077270.443002583
153 0 3017645.8252948336
153 1 13110398.125904696
153 3 496233.44990855566
153 4 82060902.63177654
153 6 123663090.6422605
153 7 2934778.2641533166
153 8 5921027.618363868
153 9 3091659.878540209
153 10 50251922.55730771
153 11 45041200.81687867
153 12 28369016.00291877
153 13 72507919.76517859
153 14 18496340.497803576
153 15 1459296.668726943
153 18 14665994.778764317
153 19 14390494.827158635
153 21 39534605.82775749
153 22 4878764.652140771
153 24 1325435.3058294188
153 26 25101243.89949038
153 27 3219731.417439125
153 30 3577985.5259758625
153 31 3670498.384613183
153 32 46112464.96563324
153 35 2189363.665641158
153 36 17777548.192818496
153 37 755869.3907028609
153 38 3308566.354277496
153 40 6874594.160240295
153 42 3450971.047959269
153 44 20256238.471573364
153 49 41399156.75054392
153 50 1081441.7375002534
153 51 2263736.230093025
153 52 39930263.572182804
153 53 5013594.42044333
153 54 9610494.438664269
153 56 5951966.339436517
153 57 152517.07476028873
153 59 11496890.34292764
153 61 1355409.7235978246
153 63 26995909.038077913
153 64 16907272.02917241
153 65 24610611.61493611
153 66 29355622.725529067
153 67 6325660.826397961
153 68 57194868.60724024
153 70 48836989.4881223
153 71 16543407.112838052
153 72 93053876.65753444
153 73 8011575.793470942
153 74 9796337.900894737
153 75 45174103.7562462
153 76 8348390.352631836
153 79 107290463.01558352
153 80 8653248.521008048
153 83 11452682.049564255
153 84 42711665.18183706
153 87 838652.2745472342
153 89 7699629.629768801
153 93 666973.8961159181
153 94 48496930.544898495
153 95 1087297.4841939413
153 96 12718697.693934442
153 97 112551411.62257643
153 101 8452674.220156087
153 102 23659117.172457512
153 103 3704306.243969293
153 105 19684289.205068313
153 106 67096585.11777349
153 107 5956002.851467973
153 109 16535184.052909022
153 110 4551119.104793703
153 111 23012206.41713244
153 112 14543984.779927894
153 113 28006212.47661178
153 114 36299382.76460819
153 115 24874618.992444348
153 116 14751.69731696543
153 117 67548880.42575832
153 118 7750693.292343428
153 121 1519314.1594497056
153 122 2551571.6671160846
153 125 2033708.9104760862
153 129 12847693.442020876
153 130 32417749.772574127
153 131 56652404.021929696
153 133 38212771.616130784
153 135 9447073.04154904
153 136 1742113.7023410655
153 137 6494175.623664993
153 138 11337872.098732106
153 141 501831.51249206404
153 142 22399379.63595346
153 143 13255424.12393869
153 145 21233074.7538204
153 146 7238658.308226657
153 147 16559121.820777616
153 149 1364180.7089991781
153 150 28120634.05560654
153 152 6613052.012712663
153 154 16658395.206352275
153 157 40631284.01559028
154 0 4098709.084498214
154 1 250201769.0285762
154 3 973378.3562626701
154 4 817033423.2184101
154 5 2346361.7512114025
154 6 2085566373.5180814
154 7 1309198998.958281
154 8 4549559.123464433
154 9 63754466.01520875
154 10 70317957.50474553
154 11 76688130.01892506
154 12 5385619.432212363
154 13 327043233.62552863
154 14 327259388.78550637
154 15 111654.30763657586
154 16 2357269.1899050837
154 18 748678.3405643543
154 19 2262214333.065929
154 21 101322609.61233997
154 22 9765813.25404512
154 23 568547.2133232836
154 24 11412308.24142984
154 26 40404190709.925606
154 27 1637926.4629168059
154 28 2114866.5626452565
154 30 494665708.85776275
154 31 1845500660.757093
154 32 11136390.707566805
154 33 7544.652834255673
154 35 34310816.10848597
154 36 5806837.22010053
154 37 62803146.30249692
154 38 79697431.66159077
154 40 298738069.73385507
154 42 495623.5668630932
154 44 10775554.535884842
154 46 34908267.89736581
154 49 190322961.528632
154 50 5489346.062061231
154 51 106390353018.20078
154 52 378296.56989269244
154 53 2550538.3424267964
154 54 220325800661.38516
154 55 9415952.526139034
154 56 1779574780.2431483
154 57 1561141.3382338805
154 58 167592126.72699368
154 59 2712097.255653568
154 61 6435400.635380013
154 63 32036656.53042043
154 64 16319125.759619324
154 65 110494604.10740513
154 66 56323784.41477655
154 67 537740858.5237979
154 68 1262712753.7427795
154 69 550680895.6721393
154 70 1021919558.4083438
154 71 427278609.6303066
154 72 9514956811.305998
154 73 22863151.702784505
154 74 247213661365.204
154 75 17847870.0870623
154 76 46815634.22153658
154 77 20315608.898820166
154 79 2552307777.6537514
154 80 306115522.15585613
154 83 75899993.88301215
154 84 6908642.782674522
154 86 40740158.44213867
154 87 26299154.916740943
154 89 1661559675.598584
154 90 6596225.1095102215
154 91 17966197.6571786
154 93 21707040.114694662
154 94 6903658632.248002
154 95 4859430.176108673
154 96 8665658.527462551
154 97 317999316.87066126
154 98 74227.83062099626
154 100 16375219.582580157
154 101 9864504973.079233
154 102 140238584.70337865
154 103 49617350.55960402
154 104 4557123.777468166
154 105 88072008.14137433
154 106 105745350.76615323
154 107 40563119.82510075
154 109 116341718.86838143
154 110 41702264.48249301
154 111 17085328.053637065
154 112 320762151.88280344
154 113 224935646.1722757
154 114 1790688108.4111872
154 115 1855367380.3247652
154 116 49204434.85806585
154 117 216042309.91928056
154 118 3108280506.653117
154 120 5988861.506888935
154 121 7754103.139271327
154 122 548654.4476172864
154 124 4012649.14521474
154 125 31624207.01086614
154 126 11185931.198877852
154 129 3081530726.423596
154 130 89585576.6523681
154 131 197950718.30296636
154 133 2577904839.588325
154 135 5003245.593522948
154 136 4904569.899575791
154 137 3500135664.25549
154 138 1533997706.3683054
154 141 14287634.038245045
154 142 240381466.15043646
154 143 223371.6981764995
154 145 22728574.561840646
154 146 452243641.83147067
154 147 630400052.445386
154 148 25737344.392178588
154 149 3984583.23619373
154 150 860375247.7019334
154 152 2918660044.5527687
154 153 10941163.566068243
154 156 2177173.4243259537
154 157 292068700.4266507
154 160 6199600.377103652
155 1 5284913.924316637
155 4 332431157.0122935
155 6 8856931.61923924
155 7 31587382.618804794
155 10 73105.67453832082
155 11 38123376.82017469
155 13 12528408.212216333
155 14 91457120.79179315
155 16 12159402.581141518
155 19 34684702.46156495
155 26 16993696.388283614
155 31 58843016.327695064
155 32 24495533.3438077
155 37 3156901.169724553
155 38 54576249.24106941
155 40 13019341.906773856
155 49 9447582.083386347
155 51 100803129.68736778
155 54 25484558.841146313
155 56 46714945.328775644
155 65 78254240.08357316
155 67 63462284.88954277
155 68 107131129.47960943
155 72 51163514.77015698
155 74 65402318.181956254
155 75 102399215.8138563
155 76 19523527.141629692
155 79 61118746.94420491
155 80 26348701.75490704
155 84 125787477.51943035
155 87 3833378.0927648526
155 89 9941522.966675188
155 93 913977.1118352622
155 97 42840521.704842836
155 98 14025.902843522434
155 101 46807094.84702293
155 102 6155839.600755807
155 105 12229868.40891533
155 109 15776743.149137907
155 113 8416823.420517689
155 114 52238220.61193674
155 117 13920681.521451443
155 118 42322110.58518521
155 129 33489911.985980038
155 130 10522473.405320978
155 131 18565585.43137659
155 133 220453791.95990303
155 137 2678105.449353916
155 138 20631729.773337822
155 142 76119592.80586863
155 147 52586234.22214731
155 152 62475208.50957216
155 154 22943365.434478212
155 157 103526108.20541681
156 6 1095652.6810266648
156 7 585831.9915547956
156 14 1931364.3918156223
156 19 1299930.3369644522
156 21 5242204.569810281
156 26 5035570.886081903
156 31 2562754.9547936455
156 40 4892182.373437307
156 49 939657.3005184744
156 51 3623652.8627305552
156 54 4961890.546511335
156 56 2508575.110642273
156 64 13514725.952168623
156 70 354901.07943308546
156 72 1944597.239530709
156 74 528969.0033798066
156 91 1350.4379034341127
156 94 1146535.9637307636
156 101 952525.5326620517
156 105 624651.4507182951
156 106 5137238.305200758
156 113 778963.3531296235
156 114 631119.9117515358
156 117 5874243.392381914
156 125 6136683.935412559
156 129 6748050.068445883
156 131 1150922.0675612865
156 133 2088906.4514289056
156 137 886442.7248974866
156 138 6001856.4568014415
156 141 1618442.9362131592
156 142 788233.0283342657
156 152 9931.424892264873
156 154 78084.9604834629
156 157 7658591.235144867
157 1 44608125.297002055
157 5 7115359.276017182
157 6 251789923.82538185
157 7 177501479.04351458
157 8 4919984.748053725
157 9 18598951.616014987
157 10 36582406.38171182
157 11 207307537.35501382
157 12 15087886.8801955
157 13 4795267.5167208435
157 14 99222350.33392547
157 16 561336.5036754253
157 18 18072388.810762852
157 19 222915583.43693414
157 21 86118476.06472215
157 22 23057341.99947433
157 23 2858442.5866925754
157 24 3588029.1122077894
157 26 121735479.55936599
157 31 49424323.96513568
157 32 4528724.2567068525
157 35 149443149.94621268
157 36 40300298.48775652
157 37 18813386.473685615
157 38 61836306.526276104
157 40 158347305.36611867
157 42 474327.87124514196
157 44 145712257.85066602
157 46 41035268.37015912
157 49 299411021.5750793
157 51 146342255.0854723
157 52 569346.1694597271
157 54 48576534.057538524
157 55 777973.8529293356
157 56 185077545.62266472
157 57 122293.17102321707
157 58 30748743.97153475
157 59 30568076.522636328
157 63 41677795.00402324
157 64 157878238.24063024
157 65 139420421.05291453
157 66 15642843.87018244
157 67 30812174.930362906
157 68 59657616.58542198
157 69 398784021.6465554
157 71 73325092.81239857
157 72 145933984.72412825
157 74 97658583.94560528
157 75 24201061.888218302
157 76 12215263.582869776
157 79 71795487.76517718
157 80 73158595.12495823
157 83 34470185.899884
157 84 65778854.2456505
157 86 181086948.57087278
157 87 1637719.8090051515
157 89 186416667.85770336
157 91 1132522.0199408412
157 93 10202396.165470904
157 94 838294607.8093942
157 95 8426131.203485567
157 101 367152288.5184403
157 102 217008516.54021925
157 105 100349133.96678801
157 106 191568995.04620785
157 107 4213243.198908006
157 111 37568044.51241294
157 112 68161321.56812179
157 113 97984785.57680568
157 114 331209150.711281
157 115 1591630323.0454502
157 117 105767747.97311127
157 118 116493139.13091989
157 121 7203084.86892077
157 122 1336512.1880844284
157 125 81169158.6816432
157 126 832646.2129148516
157 129 439689747.7678869
157 130 173716311.98104343
157 131 219629962.07019046
157 133 687115876.6992277
157 135 3221503.0181129593
157 137 504817570.7990736
157 138 318076863.34230703
157 141 1589281.8655773948
157 142 371058292.36274886
157 143 6308678.501194056
157 145 101095.0812624411
157 146 134920398.9370438
157 147 4617427.516136871
157 149 5690886.949629041
157 150 223948842.63483834
157 152 114047412.12897931
157 153 16037098.31053519
157 154 23658394.075294927
157 160 16771966.064919326
158 0 5241507.0604540855
158 1 5477063.375884902
158 3 5345769.413387697
158 4 329095287.7810455
158 5 2091486.6466598965
158 6 40189754.76051661
158 7 11599454.364729267
158 8 4777671.979982987
158 9 156292526.46397412
158 10 65700656.25084641
158 11 2388040.0061295335
158 12 9019644.820026863
158 13 277729359.50159585
158 14 210744025.10396564
158 15 6068783.438273339
158 16 11550.827682073783
158 18 4635443.971904274
158 19 91127343.32346888
158 21 31860307.129819293
158 22 3235889.4526501307
158 23 4128342.143280047
158 24 25311842.658400666
158 26 734113032.9485277
158 27 677876.8257229353
158 28 2991018.3540895036
158 30 233101389.37205383
158 31 567868039.7650651
158 32 184174984.35335025
158 33 274979.55054997315
158 35 11638612.520625584
158 36 16573571.293298973
158 37 4690453.124465132
158 38 20304409.95813972
158 40 199361620.9666061
158 44 154057506.5350015
158 46 27829499.78915265
158 49 55285169.35398985
158 50 10428842.890982429
158 51 324700065.75623
158 52 38829352.384431385
158 53 530373.4812626875
158 54 580104093.7427174
158 55 3857058.242223976
158 56 660343759.4116637
158 57 3619630.9120143247
158 58 58303852.17396143
158 59 1608405.4804637295
158 61 5277508.533356624
158 63 8497685.834119102
158 64 39417756.99986347
158 65 215195765.76516616
158 66 3745776.2673161244
158 67 302706377.7733599
158 68 91671767.15765546
158 69 138125203.916763
158 70 32358475.13128432
158 71 178937473.10821095
158 72 242812115.29957578
158 73 39903990.34344659
158 74 614483526.8528626
158 75 287424881.68558043
158 76 59774277.042140275
158 77 64233341.769366466
158 79 282330896.70926684
158 80 183405192.56551415
158 83 8545559.841729742
158 84 124949107.59431693
158 86 3189023.899471494
158 87 6889563.455974645
158 89 327610338.43816346
158 91 1853844.0022054655
158 93 50230330.39846382
158 94 535565729.97244716
158 95 2417246.510711249
158 96 5795974.236117132
158 97 255580496.7727171
158 98 230341.17618285902
158 100 436151.1482428188
158 101 504107532.54205745
158 102 320480376.5446194
158 103 34051251.9256668
158 104 1519396.6074758763
158 105 98628656.12834363
158 106 3316813.6636449806
158 107 173775179.58883423
158 110 15997223.308210796
158 111 15433861.869201861
158 112 54005539.120597035
158 113 475194734.8337715
158 114 182569830.8881654
158 115 238254465.07503307
158 116 31761311.46618932
158 117 139620654.20534682
158 118 53095568.380511165
158 120 2071260.4937273767
158 121 5236464.749118237
158 122 1088248.0784052594
158 125 28127672.429702327
158 126 18169439.327948198
158 129 3900763.5392899737
158 130 33943688.26547044
158 131 228766899.8618372
158 133 542652417.6120961
158 135 123577622.90871169
158 136 3114063.0510265585
158 137 784058057.6907285
158 138 9738247.934739377
158 141 215267.56545535335
158 142 1062599281.977558
158 143 5879830.2021421585
158 145 50974478.70909444
158 146 138384700.5337178
158 147 314813189.1467198
158 148 33818928.60677502
158 149 21252957.64227982
158 150 19696586.80694244
158 152 149030050.38550982
158 153 21871633.096968032
158 154 84100929.95393914
158 156 3591900.1479578973
158 157 166442602.4758412
158 160 5558430.49167511
159 6 47420717.33407548
159 7 10892821.070313318
159 8 11098346.33299693
159 9 96616141.61238375
159 10 12596925.45794612
159 14 67276516.49259885
159 19 43728171.737182304
159 21 5967250.275333179
159 23 1917943.8491355148
159 24 2092287.3216699236
159 26 57319730.57601178
159 31 22410616.06167895
159 32 21239998.37043523
159 36 102730179.32231298
159 37 47790200.35448636
159 38 12911329.300927492
159 40 16144110.389978055
159 42 3690563.5617351783
159 49 46293301.77869521
159 51 260540870.03194726
159 54 162966882.62553683
159 56 231693934.7874136
159 58 1562866.964219601
159 64 167449031.07437474
159 65 1990369.4446059703
159 67 103351136.1843218
159 68 4305297.180789775
159 70 171897799.8043501
159 72 125501195.87100638
159 73 44501987.53732733
159 74 111594017.61015356
159 76 32543896.915803656
159 77 24418165.402968068
159 79 443921593.95924246
159 84 3304881.8867862504
159 87 2430345.89646507
159 89 66506133.75383816
159 90 2832370.8609858733
159 94 102284378.12257695
159 101 67332779.64779146
159 102 62429511.11054277
159 103 7418382.987839127
159 105 151486668.69611955
159 106 109817076.5407913
159 107 28178066.818676773
159 112 60356251.73801911
159 113 95559678.69007201
159 115 16266276.796927242
159 116 52152970.59513333
159 118 27443065.24926192
159 125 112065767.99565858
159 129 2520900.1147845075
159 130 40811938.637967914
159 131 42865638.27034005
159 133 67576819.50726102
159 137 28013369.26815298
159 138 47172840.535824925
159 141 9039438.70765258
159 142 55133655.094167575
159 146 2876406.9373117527
159 147 306634702.9588997
159 149 12613965.706428107
159 150 50749057.31496608
159 152 34257768.94912752
159 153 13495897.618337331
159 154 4062438.194746261
159 157 44450103.73545184
160 1 2793503.3121794746
160 3 3784378.2401044047
160 6 5768788.57628422
160 7 17917211.526648235
160 10 5777097.622501476
160 11 1428821.445635626
160 13 28218068.1590845
160 14 25482949.298956018
160 15 5847385.794443476
160 16 4198458.145397192
160 19 8692299.186545786
160 21 2209390.594004026
160 22 6241010.189240846
160 26 15411687.243025085
160 27 4192959.607809203
160 31 34862265.79774405
160 32 12680725.314268779
160 36 6546478.801257569
160 37 19908494.198594
160 38 6973968.254003332
160 40 11499465.771038119
160 46 86623.74053473957
160 49 655292.3925515756
160 50 21579647.839297786
160 51 17637714.997849092
160 54 22120762.101563558
160 56 7234545.763793362
160 63 19549963.609867427
160 64 2869747.3470190214
160 65 26620124.734763157
160 66 9416983.181658104
160 67 32792073.242112216
160 68 12277497.988215113
160 69 24385547.58973009
160 70 4962067.864095839
160 71 4150021.5472917347
160 72 1977043.495194012
160 74 7907567.2606472345
160 79 6259399.196485157
160 80 31813583.297840443
160 84 13357606.32634505
160 89 16425717.729170177
160 91 3870788.3642514762
160 97 28637134.770460956
160 101 14089541.715067806
160 103 1273888.2424163332
160 105 41380293.27850271
160 106 15794425.670415808
160 107 1611969.676144773
160 112 12147168.316876728
160 113 7029738.812927382
160 114 20155335.78431477
160 115 5282306.77454439
160 117 5317855.0852267295
160 126 611972.0467475087
160 129 11681321.736576287
160 130 4535374.129606225
160 131 11152709.845923318
160 133 1856994.1582982228
160 137 28059033.626666453
160 138 12960123.110258805
160 141 4115333.797917335
160 142 15242879.184817364
160 147 18609507.25098261
160 149 1719.6543801029754
160 150 5313886.982419688
160 152 14116299.736073708
160 153 1213653.3179471353
160 154 2468616.6591186123
160 157 52505664.70612779
161 1 6896167.283184864
161 3 371240.20408421475
161 4 18156201.355311833
161 7 94506805.11694469
161 10 23673761.884836715
161 11 22442001.0468942
161 12 16669321.01397843
161 13 15392115.581649013
161 14 13737140.824646108
161 15 10745498.566420428
161 19 42900025.936855346
161 21 29756359.236537892
161 23 739364.5058353856
161 24 420125.66686337045
161 26 13444878.848648408
161 27 10905149.815335298
161 31 21630724.493724972
161 32 5670174.426720143
161 35 69573788.24920845
161 36 12862244.779813118
161 37 23624736.111359354
161 38 936218.5944293346
161 40 45326866.39746423
161 42 73162.04353504164
161 44 6337263.102247477
161 49 3334837.2326613697
161 50 52446647.66042451
161 51 26097643.82522035
161 54 3959825.189230398
161 56 50555960.93226166
161 57 1970921.9734898305
161 58 14034607.281557737
161 59 4349480.848112762
161 61 8297756.341511742
161 63 36510980.76540968
161 64 10763022.49560931
161 65 3114978.5757659986
161 66 18836900.930860627
161 67 17057579.732891783
161 68 24496408.801208373
161 70 68951594.7174375
161 71 31019748.8524141
161 72 18660517.560472276
161 73 8491227.969668899
161 74 11070980.188188117
161 76 3350055.7214181568
161 79 31779355.63847442
161 80 24089817.963135373
161 84 17029258.357902024
161 89 45861662.17377541
161 91 6733797.372623089
161 94 69675823.16683158
161 95 8746642.529340584
161 98 6121464.288958967
161 101 11841714.260872088
161 102 44615179.75900768
161 104 3186705.61920031
161 106 2615932.638770048
161 110 19298765.104827248
161 112 32399337.338271614
161 113 3460032.526370487
161 114 22767065.049119566
161 115 9917762.740966292
161 117 75451276.15796505
161 118 56712479.42456681
161 125 18105828.006946776
161 129 2334365.174456376
161 130 30901184.90863201
161 131 78251083.13555725
161 133 4045909.923408644
161 135 16911917.593381412
161 138 75555065.79047951
161 141 18557120.75269399
161 142 33786063.53325703
161 143 501055.88199155044
161 145 736642.4487611053
161 146 31550396.854451157
161 149 2916893.4284676923
161 150 28901589.26789008
161 152 53600591.98649619
161 154 30928978.997312475
161 157 1846711.1561339682
