0 1 1662545.2535403983
0 4 582798.0898294917
0 5 198844.9162935537
0 6 697347.6224557933
0 7 314215.0019017956
0 14 129421.58972937558
0 16 671977.3564047294
0 18 1077590.5442728316
0 19 1753596.87064595
0 21 4078268.7433450297
0 22 4855274.855314789
0 26 2287289.6152484575
0 31 2961109.2800070983
0 32 9750059.253580129
0 35 5440569.889503761
0 36 1683851.7230556705
0 37 403036.08122936904
0 38 3463787.5182538126
0 40 367476.23244226904
0 42 1180200.2510902577
0 44 702689.2032473551
0 49 865590.1264136131
0 51 18409608.464707278
0 53 1749220.9403331787
0 54 1317899.1048620755
0 55 4378931.049985958
0 56 3940613.0595635734
0 58 2779648.932841804
0 59 628402.0749728731
0 64 986556.7168486231
0 65 7445444.254155013
0 68 11384420.16174933
0 69 3699642.257199474
0 70 2627292.2594766063
0 71 532757.5274391585
0 72 3475180.211311792
0 74 1851077.5397049848
0 76 7946115.753583263
0 79 241191.00404235735
0 83 3350757.7061141557
0 84 4186046.0580294537
0 87 350103.10005950934
0 89 310880.00611395563
0 91 4429950.444337203
0 93 5472762.6790622575
0 94 3588164.847867515
0 97 1508966.6251528608
0 101 55402.0876031212
0 102 2509691.867757533
0 103 1593710.2690731096
0 105 780898.8377430077
0 106 586033.5956315647
0 107 1543053.0426558792
0 112 3883984.6245457986
0 113 2568499.4935446735
0 115 6320928.184998741
0 117 1648254.4248645874
0 118 10737078.731831541
0 119 4623386.666469584
0 125 126922.74398571285
0 129 3305625.8977120426
0 130 3638441.1696263063
0 131 6972932.81679138
0 133 954327.2500972146
0 134 4734239.183011578
0 135 14375279.600539738
0 137 4352246.344132236
0 138 2036786.9226654894
0 142 6413943.139494281
0 147 1990211.9234427887
0 149 4481185.03699337
0 150 11989890.951827297
0 152 5846589.127066067
0 154 8152657.305326223
0 157 10124788.252926853
0 160 873226.7895861135
1 0 6908562.5230309535
1 6 167637138.0974877
1 7 184519882.72164413
1 14 49985527.80666301
1 16 9494069.1949912
1 18 27155793.478800315
1 21 146218378.3196397
1 22 3081446.7213355037
1 23 1200297.1215759807
1 26 60755509.88319051
1 27 2556041.4349822705
1 30 102806833.35023834
1 31 66488075.71288091
1 32 328423317.20239854
1 35 173687334.07688174
1 36 32310220.364793703
1 37 179223593.38641524
1 38 13553970.144199893
1 40 602522085.1303908
1 45 527007646.8785023
1 46 138840270.8888608
1 49 46223804.41799948
1 50 21833824.86959385
1 51 65408601.34169834
1 53 2213667.956232223
1 54 97283131.98260021
1 55 723153.4897906489
1 56 93884762.84846434
1 58 77939620.75973316
1 59 4866199.124139783
1 65 201967782.964147
1 66 11294409.161415357
1 67 68424279.02332966
1 68 405970645.63530654
1 70 27433895.491335247
1 71 60337776.566080876
1 72 154130017.31005874
1 74 503980054.4004804
1 75 8931125.240772128
1 76 726099.7829435162
1 77 10787440.747773906
1 79 95318049.74315728
1 83 26492813.802034765
1 87 779806.5777590522
1 89 385334763.2066129
1 93 111066.46404015228
1 94 112286747.27106231
1 97 74393883.2327528
1 101 297302168.73678344
1 102 95051237.75672403
1 103 16872129.948128577
1 104 8800786.222606879
1 105 87924588.82774268
1 107 91597668.7398257
1 109 60464927.31646398
1 112 80942619.92577137
1 113 135708646.09226987
1 114 338717955.2806099
1 115 79227768.36971827
1 117 14171864.370226478
1 118 186854778.7349384
1 119 56880.46541203869
1 121 1830391.6011888327
1 125 631863.5832265097
1 129 233223333.9159878
1 130 12504022.85862393
1 131 40407407.22572404
1 133 502114601.175477
1 134 38621750.01785706
1 136 168427.2071556354
1 137 43981762.5198194
1 138 42813894.91982538
1 142 566517688.6884102
1 145 46568637.736231945
1 147 29422140.452609286
1 152 13848216.20195403
1 153 22730185.56161
1 154 88229711.8760625
1 157 10594160.257953746
1 160 2463858.6107765827
2 7 73164852.1329777
2 8 15993735.251330966
2 9 15347451.872662308
2 13 96697821.69312744
2 14 2586504.5386759033
2 18 13634745.873721514
2 22 6201305.894282482
2 26 94102984.77592778
2 40 36997610.26030396
2 44 19224801.325285602
2 45 54553313.07162207
2 49 212425660.68718743
2 51 45342453.05101483
2 52 1277831.5105441262
2 54 306213633.8223541
2 55 8493963.615413126
2 56 425209847.66151446
2 57 4369463.913009167
2 65 250679193.49633226
2 67 24272912.921006303
2 68 134911139.1254389
2 70 21678559.866465237
2 71 196618.38989677173
2 72 17932061.96737397
2 73 17130508.534597762
2 74 102445915.07338679
2 79 36061558.99625805
2 84 27174602.510767628
2 89 17049126.981205825
2 93 13132292.16008068
2 94 20260607.96624014
2 95 15017641.942402791
2 97 3478044.0074556977
2 101 66564434.56370825
2 103 7510446.015710098
2 105 6909202.385721725
2 106 70560055.60777372
2 109 15866319.748319754
2 112 33281080.092238232
2 114 114059504.3620524
2 115 134321320.30821848
2 118 17905520.187730424
2 121 5930618.325045791
2 125 30595650.764984887
2 129 84154588.01409636
2 131 32018335.065273415
2 133 225951397.8745468
2 138 106131498.7585819
2 141 1966704.8716094706
2 142 34078140.38802457
2 143 5103690.654238364
2 147 45396433.368976094
2 150 25657815.747753404
2 152 77176704.86826351
2 154 154631643.29988274
2 160 30898360.01040304
3 6 1119260.1778449449
3 7 612966.2893560427
3 9 1265942.349827577
3 12 22119.19428154587
3 13 739532.0657699011
3 14 307932.04092326766
3 19 985053.7018943288
3 21 268362.6810776169
3 26 184254.00584282147
3 31 769183.6339107569
3 32 186448.1145780672
3 35 367362.75207084196
3 36 874062.3211005747
3 40 748400.8438642105
3 45 228302.43859700518
3 49 836443.3570173508
3 51 260636.2389534914
3 54 766774.0350687754
3 56 442906.37558273604
3 64 102880.15949010187
3 65 219545.88891806826
3 66 541150.9039947437
3 67 692346.6769578954
3 68 423639.25888840726
3 70 166882.35951371232
3 71 367959.8315210271
3 72 179237.96961723204
3 74 601836.7190633655
3 76 1322384.9899344216
3 79 2008190.5133530388
3 84 2315636.7302237344
3 86 507054.5557131298
3 97 43458.11797986621
3 101 322846.2526764179
3 102 236309.6925158765
3 107 1421044.3788182975
3 112 311186.03724228044
3 113 1221566.2832058603
3 115 235559.3834842466
3 117 1018746.2622628651
3 118 40545.51768984895
3 121 391265.0963538342
3 125 670615.1786308589
3 126 186194.83021061207
3 129 142883.27278210758
3 131 138008.911833652
3 133 432596.65198315564
3 138 1026356.5515941925
3 142 221524.30883975327
3 143 1185305.8932459836
3 146 7254.496372320747
3 147 850294.9483038943
3 150 1018277.4093397338
3 152 198827.6230275933
3 154 835606.553567194
4 0 3633408.4975036117
4 1 21200266.8802739
4 3 2843175.367364037
4 5 21279028.81123033
4 6 301135134.5514215
4 7 1347939597.2993026
4 8 14172700.690710364
4 9 39967217.017935865
4 12 25127549.308392297
4 13 21749712.125402726
4 14 990917683.6012619
4 15 3686488.564700698
4 16 2822620.89027838
4 18 20952732.227392513
4 19 1301866075.1576803
4 21 85077531.1314155
4 22 4178839.234117118
4 23 2472969.8259350774
4 25 5069652.668074048
4 26 243449848.82678005
4 27 792682.1407278359
4 30 31925353.662762236
4 31 699562410.9850055
4 32 48443840.87796469
4 33 55863.609921906995
4 35 721912.0239379839
4 36 14956403.125984754
4 37 49290324.76444072
4 38 136603254.782666
4 40 390736536.0061415
4 42 941113.9067016928
4 44 55197070.914807566
4 45 122113901.38681829
4 46 21362064.37382893
4 49 474118144.67280906
4 50 3473584.036801482
4 51 205638035.44076273
4 52 24504368.577629883
4 53 85351.4771022886
4 54 1207827022.7386944
4 55 4783818.941474995
4 56 160288879.51288363
4 57 1645168.707771739
4 58 29085787.63653963
4 59 5394057.240369843
4 63 15560906.613849372
4 64 639170616.3227519
4 65 1061889839.1311195
4 66 17425705.841995124
4 67 532023792.76783615
4 68 517839088.2411223
4 69 211397376.36186868
4 70 263532674.33897114
4 71 408017602.06480986
4 72 1085783722.4123557
4 73 43241570.31452223
4 74 1178385954.5500484
4 75 77018655.98325747
4 76 19289004.61551216
4 77 61314419.61748847
4 79 81775769.97474721
4 83 50101452.83319025
4 84 8473454.592928613
4 86 15225644.920815714
4 88 4015574.127059216
4 89 163562196.4902653
4 91 7810820.485019051
4 93 68884059.42985858
4 94 158480555.0600604
4 95 2884713.1384396194
4 96 10638930.887698743
4 97 15433665.635356765
4 100 11603714.44556361
4 101 1038822595.8385125
4 102 456983605.46700865
4 103 7032067.900327568
4 104 9220255.356718235
4 105 186580543.00085005
4 106 50179537.18465464
4 107 122626606.52285014
4 109 21339337.575887233
4 112 163677629.12168404
4 113 169902251.42942965
4 114 128395276.17401986
4 115 898805843.2239006
4 117 132141100.17485054
4 118 20218354.590575457
4 119 540726.6142995384
4 121 266012.1799035544
4 122 5873053.666945825
4 125 337817922.557819
4 126 1106180.7457357005
4 129 92644166.49652135
4 130 785529691.5409536
4 131 613846023.9638399
4 133 845251577.0764517
4 134 34209958.12707461
4 135 10295108.659947213
4 136 6582663.192620648
4 137 398181221.84631264
4 138 217697388.9053556
4 141 31352657.04308008
4 142 425767929.1330702
4 143 105600.73788773245
4 145 18572366.011939503
4 146 106405178.19387479
4 147 471859.0589747169
4 148 1815601.336652096
4 149 49799080.58095231
4 150 325598614.67247474
4 152 170591943.80516422
4 153 13745009.254110096
4 154 142905676.41901705
4 157 138881477.2632341
4 160 20018936.97488543
5 1 4200354.20298691
5 6 116673.11328970279
5 7 1843692.4049253447
5 12 4189753.180614286
5 14 8584872.528013542
5 18 1438872.4621862208
5 25 2914103.526694929
5 26 8714878.374245444
5 27 2743623.4176738816
5 31 1168908.144881247
5 35 1352400.244925318
5 38 12412571.703650283
5 40 7207093.739686099
5 44 4268850.498476894
5 46 6729986.9393577585
5 49 972806.018875901
5 51 1368532.1650721028
5 54 3221079.2018078924
5 56 1421633.1412486827
5 64 4589261.998665593
5 65 1000630.1173515499
5 67 2126757.611464875
5 68 5165256.06598169
5 70 8988622.171409454
5 72 3264616.8330077543
5 74 510010.28945894365
5 75 4167574.702178074
5 76 4576357.261325365
5 79 3887895.961345858
5 87 987543.5433420258
5 89 2247098.1713425824
5 94 1784901.0101506426
5 101 3601769.758240954
5 102 2204497.5848681196
5 104 1255097.1832938222
5 105 4804115.919967072
5 106 2813620.288211404
5 107 4699000.187782178
5 115 7016707.221494399
5 117 205694.62884976782
5 118 2406107.8242817833
5 119 19516.586281190346
5 125 1377460.2729117973
5 129 2031220.2565545056
5 130 1167047.1201018647
5 131 374204.36983183795
5 133 9035443.72878522
5 135 8054232.158997218
5 137 6818743.347366605
5 138 5464916.558806916
5 141 1213250.6216924945
5 142 1028559.1176137317
5 145 1042108.9530671631
5 152 2314443.633404334
5 154 8211402.68615752
6 0 20169169.05193187
6 1 200390877.3809846
6 3 219012.31342325947
6 4 12973687.505882276
6 5 29297075.378175113
6 7 826213638.3885107
6 8 165618.27784314167
6 9 24060069.601140488
6 12 14008648.144657757
6 13 188690342.08189997
6 14 191896580.07205194
6 15 1224170.4158948918
6 16 18038925.423373416
6 17 3808890.394572386
6 18 9896010.213987447
6 19 137627958.99576896
6 21 52423543.35673735
6 22 4244522.32201489
6 23 2797853.160748095
6 25 4123078.379016589
6 26 617565114.5815934
6 27 4604583.274473298
6 28 5029634.821728937
6 30 10980770.480572373
6 31 455480428.0558146
6 32 752394080.6169405
6 33 3569264.107416304
6 35 35472030.418988116
6 36 12481487.40813164
6 37 83571398.82682264
6 38 58289721.21585119
6 40 72636767.9879769
6 42 5453354.016660335
6 44 9698604.171370804
6 45 147954758.3946683
6 46 91989135.29238436
6 49 821452369.2561449
6 50 9672697.307011263
6 51 1069473520.5436113
6 52 27844263.843732342
6 53 278595.1938240039
6 54 594303555.0670109
6 55 24842502.01664311
6 56 193576516.69273728
6 57 2863481.1743932893
6 58 20802706.43962819
6 59 6170986.164668902
6 61 1805382.8386372232
6 63 62090121.07798554
6 64 1959668656.533864
6 65 118340369.29672031
6 66 7409901.340147726
6 67 1645346478.9965901
6 68 260161152.58333084
6 69 71739500.78184846
6 70 640912928.7570281
6 71 311551656.64118475
6 72 5049095413.736638
6 73 130244332.19694193
6 74 550953901.2500052
6 75 28810867.713074524
6 76 1899671.3885937855
6 77 32420768.218756225
6 78 703348.504161924
6 79 575583764.6304277
6 83 2932936.8962344127
6 84 209073030.58767763
6 86 127949677.41125749
6 87 15669106.93866971
6 88 13446819.044921093
6 89 770560747.1378152
6 90 90888.02925766789
6 91 25116622.341621246
6 93 42651651.17645406
6 94 1294658315.5580895
6 95 15122318.845191509
6 96 18015136.023165364
6 97 54736972.42160823
6 101 285481218.378736
6 102 1612352.4864348625
6 103 60883272.60541521
6 104 4391515.813802191
6 105 38575430.63787864
6 106 927601273.9551246
6 107 91136064.40075943
6 109 19658566.94617029
6 111 28113369.733242176
6 112 141793457.39341947
6 113 126851310.17430796
6 114 1467966086.3679488
6 115 622540577.7868662
6 117 218672709.84191576
6 118 995871326.5091838
6 119 1493582.8739485391
6 120 6789756.179627575
6 121 2273995.6220569513
6 122 14591850.339706259
6 124 771329.1881126326
6 125 382656994.5376369
6 126 4179279.708708224
6 129 403825208.48075044
6 130 17947394.657852564
6 131 1494180429.6717768
6 133 5377702302.893527
6 134 88874296.54094364
6 135 5909145.322400395
6 136 6465783.173067208
6 137 1329165029.122634
6 138 362525428.9700153
6 141 42583147.74228615
6 142 32430827.702658057
6 143 2406742.309821201
6 145 14950101.899925174
6 146 100475461.68279783
6 147 218682268.35660702
6 148 40358877.40786534
6 149 3053972.0273576444
6 150 567764401.5223064
6 152 136169766.0470418
6 153 87747876.61268656
6 154 898624993.1069865
6 157 517318535.88708943
6 160 5203606.76144006
7 0 4802.370088517798
7 1 247649303.3318
7 3 1831302.5139349373
7 4 185908886.57339206
7 5 19917818.50602725
7 6 1287548682.2590306
7 8 14169527.852589125
7 9 24293610.426425662
7 12 23341401.044538494
7 13 270954817.7015678
7 14 1539649659.8576772
7 15 214451.97878381464
7 16 8158736.543270713
7 18 22673216.37206114
7 19 2649628785.7339396
7 21 262127760.72045588
7 22 4398781.681617624
7 23 2883544.24731281
7 25 45147131.16482748
7 26 4146638946.7829046
7 27 2323879.3445926127
7 28 7055868.9655088745
7 30 819904690.2418596
7 31 756125597.0288438
7 32 66729059.04741641
7 33 1735388.9745119752
7 35 38182609.87820823
7 36 31931742.76901245
7 37 8779950.641963547
7 38 73396427.2527766
7 40 82304769.84663272
7 42 262661.5602605426
7 44 3625622.275556026
7 45 45881068.94927478
7 46 9078946.299562212
7 49 24643735.837768458
7 50 15830670.284691086
7 51 3049670221.1988153
7 52 9615390.390491052
7 53 7366476.333554359
7 54 842322216.9837447
7 55 28167152.0730873
7 56 1428452840.4867175
7 57 4937147.337450791
7 58 17337588.736914176
7 59 15141930.57273367
7 61 13888883.604577309
7 63 17497833.63606467
7 64 233715121.06042728
7 65 256364651.78210106
7 66 31588628.7698945
7 67 910330041.8090205
7 68 295645077.0508626
7 69 481457910.4458363
7 70 290823937.277152
7 71 2804854622.7120013
7 72 2839523816.472178
7 73 8862123.270741355
7 74 1110923553.7155907
7 75 5214901.151769214
7 76 12625108.80302807
7 77 2190981.7546235677
7 78 515889.67617079185
7 79 2242162488.4034696
7 83 4921991.961953212
7 84 201318041.01269042
7 86 84816388.73534368
7 87 16055718.218735097
7 88 90680.4548542396
7 89 183847206.38607788
7 90 2933147.25218678
7 91 21894602.17159832
7 93 13259381.337273745
7 94 2210707005.299664
7 95 1387872.0858740655
7 96 118358.36377480504
7 97 279747049.5888115
7 100 52566677.546597585
7 101 1422396119.8404531
7 102 22356843.889570635
7 103 11772803.45536937
7 104 7758428.345812649
7 105 93588883.94111167
7 106 1038852156.056342
7 107 334232372.92343074
7 109 110015692.1152873
7 111 10898786.894404842
7 112 13234233.267498795
7 113 324667631.980142
7 114 1417618159.8942618
7 115 463696030.6857826
7 117 282200132.01275295
7 118 1435012224.1373932
7 119 6617667.829235066
7 120 127854.38919506448
7 121 7503967.542650156
7 122 163963.05268638555
7 124 559606.873452086
7 125 177410233.20528543
7 126 4821303.541460596
7 129 4891530454.853933
7 130 229305274.29219756
7 131 39238619.72127373
7 133 2216904573.1164145
7 134 28080360.39193982
7 135 12040733.64660418
7 136 7142086.9827967705
7 137 1423954972.7838585
7 138 559725316.3767668
7 141 3119611.6267896374
7 142 1501956675.5261338
7 143 1097835.759292054
7 145 17314148.502473626
7 146 11285814.346539324
7 147 1135740340.2899933
7 148 96522924.72431579
7 149 10512500.702058328
7 150 335833846.223317
7 152 25504996.544313032
7 153 121252812.26999167
7 154 2300876578.6495147
7 157 2549358.1645435756
7 160 3470774.8529088004
8 1 5077059.744863562
8 5 44092.497174986376
8 6 13877428.67919239
8 7 12488692.82011265
8 14 16345823.939095104
8 19 15126254.590070134
8 25 926169.9797026942
8 26 5946728.521237368
8 31 14107101.19480374
8 37 32247362.70446224
8 40 7616156.295566279
8 45 4872316.931647271
8 49 36144471.586821355
8 50 6639411.117126671
8 51 8422498.955647621
8 54 986606.7770629679
8 56 2295608.5408988926
8 58 4355924.936198264
8 65 12046571.921124175
8 66 4121356.9782345537
8 67 24842859.57869324
8 68 33682027.91219545
8 70 28118131.130335532
8 71 1028213.8094095906
8 72 13068497.800866557
8 74 4060002.8747871816
8 77 8998434.567632
8 84 23098824.927055854
8 87 3802867.259038723
8 88 275952.7864510257
8 89 27930669.445404258
8 94 24898315.234991692
8 97 6252540.487022033
8 101 16582875.701961493
8 102 32654483.303687654
8 105 13035614.378923187
8 106 2264397.3193794317
8 114 19110181.922142606
8 117 15258180.59600532
8 118 11819216.990422415
8 119 1139059.017067975
8 121 1040599.5083664241
8 125 11777472.169528011
8 126 2318730.9448159784
8 130 2228461.1493846774
8 131 2418335.402544672
8 133 22016547.572235066
8 135 1629011.8912146965
8 137 5376714.36133024
8 138 19698251.182272814
8 142 11418749.049058892
8 143 9777611.453677608
8 146 41385593.14094467
8 147 2852528.814829219
8 149 4058337.0324414913
8 152 3398898.9910133667
8 154 12693367.85790494
9 0 13707801.617015224
9 1 15424304.012150746
9 3 1500672.9904215704
9 5 10033479.746336402
9 6 35306846.756848425
9 7 12377592.51103394
9 12 10166231.090671286
9 14 18135039.90052349
9 15 2922689.4575717994
9 16 3124971.554123138
9 18 12111053.57541515
9 19 10442143.639607864
9 21 15301590.865693636
9 22 1224996.1307849747
9 25 3658983.923242531
9 26 3169037.533042782
9 27 2499572.932260054
9 28 3813173.6316428497
9 30 853968.6644316561
9 31 711501.3409929797
9 32 4139227.933412626
9 33 9238.116102736118
9 35 2777903.575471873
9 37 10803949.543108609
9 38 8235574.707074966
9 40 29568314.336780716
9 42 264931.16196298104
9 44 1638283.8994346326
9 45 133855.4418386617
9 46 5444923.910609798
9 49 16973679.752147283
9 51 2395650.152542031
9 52 1513742.2519964823
9 54 13716667.72468844
9 55 438626.299119695
9 56 39126.56223885252
9 59 1182813.378731703
9 61 6561194.724090505
9 64 11891616.046325516
9 65 1978423.9689525212
9 66 6195502.15501936
9 67 15201949.659084244
9 68 7019050.291327979
9 69 5253191.441762605
9 70 18031065.068194475
9 71 7209093.077751283
9 72 17854005.597753838
9 73 21488946.10964969
9 74 7645087.359003827
9 75 8215777.432963462
9 76 35065.64386394691
9 79 753222.3470627372
9 83 499242.45131384576
9 84 1424143.7266329252
9 87 7440853.872821831
9 88 996296.7996969407
9 89 5771529.646769173
9 94 4618765.927237005
9 95 1248828.3090539405
9 97 3617182.1719337204
9 100 4214659.627667513
9 101 28485703.19042715
9 102 16983376.837966233
9 104 55920.99353442406
9 105 11223239.18544793
9 106 28522886.63220178
9 107 281801.25109391124
9 112 12500222.06006256
9 113 55177.68642206024
9 114 12041713.336339496
9 115 342500.45638243086
9 117 1929536.949792933
9 118 15764773.980908098
9 122 1351032.411265727
9 125 6729880.421133101
9 126 6161558.756685938
9 129 2928751.8001605817
9 130 8560882.861798154
9 131 6614208.032964567
9 133 758786.1960042601
9 135 13328038.172894856
9 137 941717.5764216887
9 138 2901687.411247155
9 142 5181140.122097848
9 143 2640109.636008394
9 145 15358853.193942182
9 146 1442351.5965612791
9 147 1391212.3132022663
9 150 8180604.34382568
9 152 9241510.096194217
9 153 3251398.4101295182
9 154 5028544.761909717
10 1 5150090.226167165
10 4 28601889.015381005
10 6 53547465.48548841
10 7 64829109.20645886
10 8 9910841.70694072
10 12 6083648.745764108
10 13 36940033.434231214
10 14 59115550.07749171
10 15 12674753.266659914
10 16 3223675.068560124
10 18 14196052.78101338
10 19 10075067.287698792
10 21 9344245.019508345
10 22 9618577.849491563
10 25 2023964.1411236555
10 26 11940104.919688364
10 27 1221489.2431485138
10 31 92003882.13786156
10 32 11213650.724402022
10 35 64148365.92416523
10 36 5004029.22923166
10 37 19093716.27053893
10 38 6899732.985097712
10 40 15567846.452297486
10 44 15313324.111345656
10 45 17209768.350504804
10 46 4868235.144581625
10 49 65473632.831621334
10 50 1924755.7668861593
10 51 128226978.7024106
10 54 58183971.651726216
10 55 21095620.486034174
10 56 78881286.62902349
10 58 10762491.26821578
10 59 3670971.4995285394
10 64 2581269.4608470867
10 65 177136072.48189268
10 66 20766963.63324441
10 67 21316860.53613288
10 68 7657268.919591693
10 70 23242882.821294945
10 71 32923849.97877797
10 72 41896250.76861903
10 73 3843673.5492555816
10 74 1324983.8952621506
10 75 5420578.477268155
10 76 36416128.65399352
10 77 24248535.425814833
10 79 131825960.91575561
10 83 10131412.404636798
10 84 25401086.181250483
10 86 20806288.232522227
10 88 1495954.1343257206
10 89 47187435.44443576
10 90 7127407.57447804
10 91 1917561.4324999244
10 93 12615040.736514939
10 94 2573561.598890816
10 95 12808998.667557528
10 97 111402120.89938466
10 100 370315.46821050375
10 101 4155505.981156151
10 102 44521634.24259479
10 104 17179693.65631005
10 105 867586.0406388454
10 106 25082708.05776627
10 112 24546139.408094447
10 113 12976231.2127952
10 114 16958313.64860892
10 115 68100892.53612745
10 117 49142650.40209519
10 118 26739248.497409817
10 119 5312436.516554781
10 120 963963.5948520766
10 125 16011221.02975464
10 126 41224842.53184193
10 129 59332314.78754713
10 130 2613182.018924151
10 131 9604877.58385588
10 133 34860497.22957044
10 134 15571729.457672033
10 135 929920.4221092877
10 137 8103328.720559191
10 138 69765732.91517535
10 141 7987709.580622074
10 142 30832738.89726283
10 143 6112809.987511603
10 145 47237326.23286128
10 146 42641966.060119174
10 147 7443851.311552572
10 149 14750860.372854825
10 150 15244262.408661867
10 152 62882311.097679175
10 154 109501665.75165668
10 157 28188104.844741024
10 160 1935695.0386985268
11 0 4659640.029027179
11 1 43959036.297875464
11 3 2712569.3378230645
11 4 15833884.281638661
11 5 2480350.45273054
11 6 3084283.454905629
11 7 111638897.09121263
11 8 3851224.8135190043
11 12 20197714.432670772
11 13 6845630.539809391
11 14 82193337.50190185
11 15 308642.59158930636
11 16 3831151.13856012
11 18 18551668.42896358
11 19 17180949.583224036
11 21 3510991.9427273045
11 22 3482205.67494358
11 25 9837363.193765951
11 26 34915733.746298596
11 27 1161745.4336950358
11 28 1494585.4650573072
11 30 129331267.38073602
11 31 513887984.95753723
11 32 67641800.17710957
11 33 343534.0230129691
11 35 32472823.52005551
11 36 100391476.29724114
11 37 69612562.01507166
11 38 13088992.173597487
11 40 40105894.52865258
11 42 772117.3354833892
11 44 86751196.26265265
11 45 30610171.42362785
11 46 16864833.433019623
11 49 48043285.46715646
11 50 998591.967487859
11 51 6694223.24620508
11 52 10980312.846013961
11 53 1062577.3476249722
11 54 79229015.04644826
11 55 4461993.522073017
11 56 176791094.04247054
11 58 16242454.55418674
11 59 1163266.6119390312
11 61 276346.8634341358
11 63 13578808.811361372
11 64 171731221.75719288
11 65 30187053.894389972
11 66 19421359.706579585
11 67 333050937.2513555
11 68 268713405.12704253
11 69 89918989.25152288
11 70 2670562.766098029
11 71 16272024.065177707
11 72 87257899.82455844
11 73 36691374.102407746
11 74 17571336.181395903
11 75 21173969.457076337
11 76 12868580.395117573
11 77 14241405.51327678
11 78 472746.5643848475
11 79 18229145.881728124
11 83 13651524.975995852
11 84 76020849.39865679
11 87 5859074.777326239
11 89 12210363.284613786
11 90 6180024.448278119
11 91 22118224.544826493
11 93 49146398.41177001
11 94 76758608.79464976
11 95 5810882.286219109
11 96 10825119.962596053
11 97 129710289.32824184
11 100 7177430.467773985
11 101 118842508.02953942
11 102 22998099.011546593
11 105 52293036.16867506
11 106 26957773.47455982
11 107 7737686.059219815
11 109 6041490.319030275
11 111 23077629.51038196
11 112 58934740.36289117
11 113 116908776.19786018
11 114 121030789.1220046
11 115 51972689.4545948
11 117 44712968.624064334
11 118 1214191.3065111246
11 119 712527.3236712923
11 120 1697403.6869225032
11 125 42580568.391091764
11 126 1997893.766238468
11 129 23127126.48207095
11 130 10107238.89578926
11 131 18303492.06127415
11 133 194226608.7441374
11 134 364142.51367830706
11 135 1560092.0952273482
11 137 81796503.14176923
11 138 190677142.93126804
11 141 13647504.293774245
11 142 64428002.72289165
11 143 13416724.710508753
11 145 6540410.934689623
11 146 45768751.09234739
11 147 43647048.57042106
11 148 23455498.031929366
11 149 4592184.56978009
11 150 60411656.811015695
11 152 10628613.56742887
11 153 3533634.4598166603
11 154 8188492.768085841
11 157 48893442.498210706
11 160 12879682.871140337
12 1 3947772.9995571673
12 4 1611389.9231697237
12 6 7615765.968470195
12 7 357099.8874810238
12 13 778398.2679561502
12 14 2772320.64439953
12 18 1462176.5757104096
12 19 1075937.0425518723
12 22 1907720.7413813693
12 26 3113473.4863395495
12 30 402867.9508070851
12 31 1560517.0593839076
12 32 517833.2469967016
12 37 739968.620429473
12 38 1902408.4645969227
12 40 11568724.173060453
12 44 1567809.9728210475
12 45 2298363.827074405
12 49 2512913.8283898807
12 51 1414138.5248348846
12 54 1230557.6772701798
12 55 5621375.354231682
12 56 2286497.1396670714
12 63 1350078.585869494
12 64 4284819.932322785
12 66 763917.44736778
12 67 2835149.1564307734
12 68 1067000.6587786626
12 70 8590393.116733754
12 71 8247220.26104049
12 72 3286584.432300432
12 74 9016650.347756868
12 76 943364.1286786544
12 79 14092221.506710546
12 84 932303.6574932737
12 89 9326418.911406837
12 93 2884207.8702416182
12 94 6187388.803227888
12 101 1699658.7412362178
12 102 1262796.0168299675
12 104 2578021.7704391624
12 105 4210801.306081495
12 106 1578517.4409275223
12 113 1408941.5882398137
12 114 2546008.282329694
12 115 10567805.365740657
12 119 798219.3299864924
12 125 5469345.478194082
12 126 2156885.2700348287
12 129 3865715.846925375
12 131 932673.4724409156
12 133 10450908.28780747
12 134 5447173.586871334
12 135 3206456.5916585894
12 137 2566939.91825764
12 138 563204.6231285116
12 141 2936965.6825069487
12 142 10979486.290166484
12 143 3632689.646984228
12 146 1373215.7252588894
12 147 3367370.2394319917
12 149 860477.54358202
12 150 152721.7057142681
12 152 991894.0770689953
12 153 53847.624877782684
12 154 5915123.646564803
12 160 2826271.065793808
13 0 6632042.118498038
13 1 1314414.601875461
13 3 436980.8576624644
13 6 74278727.79430719
13 7 33470523.373212148
13 12 492097.41747918614
13 14 183336453.23703954
13 15 3368841.6371201696
13 18 3458966.3712218287
13 19 149001764.75143752
13 21 23173499.984760292
13 26 347652000.4356157
13 31 13808984.137359727
13 32 225452865.94574046
13 33 2424428.0645281975
13 35 137106294.35298204
13 36 38887685.243411526
13 37 27222795.58576204
13 38 66647902.20588522
13 40 100783819.2627061
13 46 52829563.60457537
13 49 145692541.68963426
13 50 69041657.30898604
13 51 35191830.02628782
13 53 3293888.721554759
13 54 83565764.49994805
13 55 27785337.097103283
13 56 52897429.73400382
13 57 7694859.027369526
13 58 14717133.457746929
13 59 1839699.2087679878
13 64 59470958.98808458
13 65 26195114.614731085
13 67 213696075.40600327
13 68 97421201.76923598
13 69 50542946.65675458
13 70 48435647.287807256
13 71 42730300.21623782
13 72 103189905.1755269
13 73 42338192.40965203
13 74 53578107.56948274
13 76 9818730.65852033
13 77 36087256.69658626
13 79 28417244.522392835
13 84 55675185.82042618
13 86 12656708.388420995
13 89 371690489.885354
13 91 2572364.2181733544
13 93 242022.23353501587
13 94 159772334.7383855
13 96 9442429.93568709
13 101 158939322.50393134
13 102 69792037.12835893
13 105 82663623.34872699
13 106 12251597.013132108
13 109 76717726.82543954
13 114 66483477.087241486
13 115 83589068.20607957
13 117 1162234.9143063435
13 118 4341064.04103296
13 125 14646893.048680373
13 129 58275276.4156569
13 130 25480048.041999213
13 131 50026746.25978715
13 133 292120731.60948306
13 135 2427362.951701757
13 137 156638646.99305427
13 138 28477035.225755423
13 141 8955499.07905435
13 142 27767166.66711682
13 145 87720142.85951997
13 146 24119033.6183384
13 147 11714147.505560985
13 149 2575064.690489884
13 150 24039994.39546647
13 152 65318189.65170715
13 154 15591375.907162867
13 160 11885645.497021824
14 0 24190238.770517807
14 1 44999100.01278281
14 3 7369390.432945142
14 4 111933798.10891522
14 5 6674953.930668859
14 6 185374962.88160628
14 7 1164524093.3789513
14 8 8987174.974993387
14 9 25388237.920660246
14 12 3798371.247003839
14 13 53933202.81827946
14 15 3543947.2149132737
14 16 1357974.0916077255
14 17 731576.687309452
14 18 30044589.342615042
14 19 1305918976.606091
14 21 120369562.86651428
14 22 13605172.569241839
14 23 991063.024979156
14 25 9839938.224899862
14 26 4106564341.4045424
14 27 827713.300836705
14 28 1472368.235664467
14 30 295262852.8970631
14 31 2096518126.3876576
14 32 13158860.991090955
14 33 659840.041288677
14 35 129811625.24003237
14 36 30957393.558514662
14 37 72909568.48137666
14 38 48825997.57892136
14 40 187322771.42453867
14 42 475431.84292855137
14 44 275477352.47554964
14 45 685729333.9587069
14 46 23592509.932527877
14 49 590351944.1729319
14 50 30062179.982516628
14 51 1274062515.09876
14 52 17216531.694542732
14 53 1894131.828501491
14 54 1491405312.0509892
14 55 14487442.787660642
14 56 341434542.8188807
14 57 1268044.107985542
14 58 43090581.0876265
14 59 3363593.3781913794
14 61 2842456.5639557918
14 63 71769127.5580094
14 64 2681178731.3369055
14 65 418075572.6820167
14 66 30241794.07952543
14 67 1335099048.7595162
14 68 129470239.97793832
14 69 130163907.62397242
14 70 6006717.279347868
14 71 562695685.4868944
14 72 2173113135.020616
14 73 52108590.70246136
14 74 2019298299.5755444
14 75 55302576.63033201
14 76 9439318.092289302
14 77 4092459.4880917757
14 78 3981512.0734262588
14 79 286383510.2312315
14 83 15745401.086068569
14 84 42630121.02616391
14 86 176302763.6148572
14 87 820138.046536224
14 88 4048314.0144319357
14 89 638096520.4275331
14 90 10946749.879676092
14 91 5558757.760878527
14 93 27530286.023483537
14 94 1791348816.7364955
14 95 7440405.319215951
14 96 26106159.886587434
14 97 201171148.71104872
14 100 10835894.62287379
14 101 82635923.13711752
14 102 365718803.10859424
14 103 18900761.92589345
14 104 16571933.727580855
14 105 41550806.63476725
14 106 155643108.92677766
14 107 41533333.92856202
14 109 44039555.377875514
14 111 33436913.08052851
14 112 72258160.54244624
14 113 1344689003.358734
14 114 1674562155.8786721
14 115 303999293.57727766
14 117 53727674.74130445
14 118 914317638.426027
14 119 3977063.730229673
14 120 1628817.2843004041
14 121 2072446.621447266
14 122 13483132.788992302
14 124 561476.9048131033
14 125 903545868.2464929
14 126 25945377.103970528
14 129 11180589.719345609
14 130 146336842.9600941
14 131 170683274.18514162
14 133 999721785.4850683
14 134 46507299.53945586
14 135 1537735.283089349
14 136 1199999.7138179417
14 137 489565574.1423983
14 138 906852899.4856163
14 141 7506414.6254187
14 142 426300739.18879265
14 143 4125973.932784449
14 145 78390573.49847564
14 146 103581417.89735316
14 147 355325516.4799001
14 148 5375356.039355767
14 149 6258108.100828411
14 150 33403672.518427126
14 152 37596439.53251462
14 153 5264502.622781394
14 154 539782859.2989742
14 157 146107964.6248439
14 160 15640068.575395383
15 1 3731648.361508139
15 3 1097373.79442181
15 6 1138023.8684116562
15 12 3925282.180828956
15 13 4232353.699652375
15 14 952478.4193464858
15 18 2652498.050106858
15 19 3955662.737169978
15 23 2466038.20479776
15 25 3467634.2159270667
15 26 1409983.4106995414
15 30 2245557.319412939
15 31 2611888.551468257
15 32 1661212.7691644924
15 35 4999264.300146177
15 37 9628693.922378557
15 38 9827863.210374607
15 40 631770.9609812158
15 44 2531167.2153824824
15 46 38251325.4200423
15 49 3732343.9038103106
15 51 1397674.239008079
15 54 1175580.4636226862
15 55 4813065.031750906
15 56 440461.34892874706
15 57 1284667.8960401798
15 58 1454926.2565277372
15 59 618572.2756836977
15 64 1901098.732384067
15 65 4905238.417924002
15 67 8294822.4925925825
15 70 29410665.477419164
15 71 4996691.473416466
15 72 3788680.258612197
15 74 20625311.952855807
15 79 784597.6967973531
15 83 2720309.0026703803
15 84 4414007.306333457
15 89 156829.0410315909
15 94 264047.76751615026
15 95 808328.0121427227
15 97 9180205.783823766
15 101 1479945.289044577
15 104 3821201.114582397
15 105 291637.40687915235
15 106 628247.9984839654
15 115 16023536.233139243
15 117 3639248.4946610667
15 118 2253030.8260186496
15 119 560567.1279206958
15 122 3862098.756035481
15 125 9350121.687033132
15 126 303374.0657896498
15 129 1854232.9032984376
15 130 24507039.72777809
15 131 3538469.8748153266
15 133 4293668.327046839
15 134 1334094.6112411728
15 135 119810.21227119301
15 136 880697.4238460661
15 137 961052.3610730221
15 138 1530861.3147900854
15 141 1175006.025452846
15 142 8757159.676326836
15 145 769349.7707282832
15 146 4057008.4912751815
15 147 1054858.0776464858
15 149 7620043.760394606
15 152 6209141.264329795
15 153 9208625.962713476
15 154 22961661.62670604
15 157 1417159.6228503718
16 4 18126445.224713266
16 7 5626302.247329358
16 14 682685.1147491706
16 19 3928567.7712673736
16 21 356565.1360136398
16 23 1363204.6084331346
16 25 6176514.00350217
16 26 2208510.2634929065
16 30 12607878.044357471
16 31 13466787.155784797
16 36 12990468.043096332
16 40 15205811.94506734
16 49 3144528.508367228
16 51 474547.1715104742
16 54 1094730.842068478
16 56 24310163.099286087
16 57 170414.28549916224
16 61 403505.4458543203
16 65 19895752.804312184
16 67 2375973.633021806
16 68 10064872.478841482
16 70 28254575.475275837
16 72 20728178.843339097
16 74 5984434.765374394
16 76 2843394.9344468894
16 77 5977391.813995503
16 79 8612878.725638604
16 84 9196960.533069717
16 87 1111935.274842592
16 89 24538950.286048602
16 91 1911805.2756453585
16 93 867186.1454097896
16 101 4356905.037954156
16 102 2361239.9453196116
16 106 28832110.95007928
16 109 60311.852558033694
16 112 16026632.937955013
16 113 18646759.00706881
16 114 19223942.321417674
16 115 17761146.453768935
16 117 7331159.619708752
16 118 10363063.840550236
16 125 5434622.193681317
16 129 15331200.706996504
16 130 8828655.094760705
16 131 14530360.525076795
16 133 4578142.030403099
16 135 790536.8055744695
16 137 12500594.603428584
16 138 5537200.990615091
16 141 332094.1426165663
16 142 3033913.660901602
16 143 140629.6643455309
16 146 13992309.68303599
16 147 6773596.964882855
16 150 14117236.330133665
16 152 2926100.1839223523
16 154 8345978.830181487
17 7 3477.1530355604536
17 31 1482603.085469552
17 40 519327.89633183886
17 51 2786628.8628686974
17 54 48984.98407467917
17 57 101059.2227701199
17 68 4965650.917574703
17 72 368696.3253124978
17 74 816528.132870033
17 79 986467.930490615
17 91 64358.53734762557
17 94 1927343.0293675885
17 101 44786.31658843247
17 105 821382.4622908533
17 113 493706.753548484
17 115 46403.49077652206
17 118 130217.96667438383
17 129 725764.6518819296
17 133 185296.57421582055
17 137 1253649.259051467
17 142 297305.1077047026
17 150 213766.53690350405
17 152 176288.91462936712
17 154 317737.9946202009
18 3 2062499.7628807577
18 5 1867904.7006498845
18 6 6002475.555377998
18 7 756720.9537619846
18 8 14218783.936447203
18 9 5976840.526072809
18 12 2304175.859937357
18 13 18352971.754341867
18 14 3081045.323110557
18 16 2310061.763230175
18 19 10842385.870415114
18 21 9660792.355315154
18 22 414358.4422539318
18 25 21982380.88226203
18 26 382070.48067313834
18 30 15435739.723501502
18 32 11216130.831837203
18 35 2911285.062370036
18 36 6020854.7646865845
18 38 42926972.05546229
18 40 3693992.050799421
18 45 30380193.667151317
18 46 10022891.253013749
18 49 2873802.858188674
18 51 2536471.7532013613
18 54 4298813.651695055
18 55 1283816.9199153201
18 56 2147387.5360482223
18 64 4812098.2032031035
18 65 3327779.677001559
18 66 9535873.191236835
18 67 73320530.65006727
18 68 5417513.489307599
18 70 7058818.452767203
18 72 11226770.224477401
18 74 6520092.082833891
18 76 28959234.888237663
18 79 22330010.677862756
18 84 11311515.28096139
18 89 49172950.97317326
18 93 9831577.128014306
18 94 26486386.32547351
18 97 1193614.9998592976
18 101 33413306.268574618
18 104 2834420.2146126996
18 106 943751.8797822002
18 113 18553873.65375897
18 115 37131191.359249845
18 117 12391793.624167752
18 118 24485442.408989795
18 125 8285634.647200391
18 129 8918305.444151158
18 130 5108387.509343695
18 133 7749010.083392479
18 134 4724596.3784467075
18 135 768441.586838901
18 136 3228759.594711957
18 137 2957623.143912941
18 138 8935383.37375146
18 142 6392302.327095655
18 150 5970422.060273342
18 152 10276083.663612358
18 154 5423580.576468701
18 157 3583880.146667026
18 160 3137069.5670563797
19 0 16143278.76876076
19 1 47135356.54328075
19 3 1736316.3756350526
19 4 917342791.4416827
19 5 10344976.479394937
19 6 981807223.7897116
19 7 670627610.5423867
19 8 22943391.916245617
19 9 52056465.944215074
19 12 3035780.3381889197
19 13 36465282.02235638
19 14 346558450.34276134
19 15 3669941.754862514
19 16 17449777.68982219
19 17 4967441.649754888
19 18 20373896.117453992
19 21 52054763.3715912
19 22 6614106.133852566
19 23 3646370.4273160268
19 25 977548.4369160621
19 26 6411314120.21792
19 27 23318.6838994878
19 28 6545.90436687557
19 30 73152929.56319927
19 31 5776127826.459339
19 32 48211164.97997148
19 33 3283557.94883598
19 35 120068631.0551497
19 36 24659028.09743908
19 37 32218870.725090943
19 38 161454329.58546174
19 40 2966646264.8504105
19 42 1111394.8490483891
19 44 18539349.51203391
19 45 316699459.276156
19 46 5628634.0693503395
19 49 839814187.2464472
19 50 25835296.683091633
19 51 794628336.908851
19 52 35017275.974739745
19 53 7907215.392671991
19 54 434311850.98604447
19 55 27599215.167030003
19 56 1446767409.37014
19 57 6224214.871351153
19 58 61830768.20771219
19 59 7331763.893017446
19 61 3148880.004138721
19 63 13351118.68178905
19 64 4094898463.0283833
19 65 212823286.51795104
19 66 10728985.141941188
19 67 2473684343.661269
19 68 614630175.7155395
19 69 60678405.199318
19 70 335561042.1738506
19 71 1930951455.8765805
19 72 38930261.861737
19 73 39899445.923347175
19 74 787803977.8877372
19 75 28407712.38949034
19 76 9044877.009373173
19 77 40952157.70053793
19 78 19259.222839151047
19 79 545679164.2700344
19 83 33099088.683490343
19 84 28690423.32383295
19 86 169028440.4938243
19 87 885109.052429471
19 88 6850948.842237056
19 89 632331738.979296
19 90 14430268.34278958
19 91 34356294.388319656
19 93 36640680.35705442
19 94 638669921.2799981
19 95 12704986.942754272
19 96 483959.0952189588
19 97 219529494.80535555
19 100 7335401.098136572
19 101 738010006.6508888
19 102 238225823.11149386
19 103 21912246.391847555
19 104 2209315.931612123
19 105 29484129.79486544
19 106 1416794041.7478433
19 107 183832975.48475835
19 109 38096640.71366903
19 111 30965620.37977186
19 112 16314845.004913958
19 113 1540604255.2985947
19 114 1731750456.5411773
19 115 213438874.0173066
19 117 88169210.595751
19 118 584804483.1762232
19 119 1790931.0270498935
19 121 4892669.391291228
19 122 3083335.318220803
19 124 557247.6919536071
19 125 145947221.27059317
19 126 317160.21582150745
19 129 141254115.29424345
19 130 210898653.44735146
19 131 113658187.35224159
19 133 1422124513.403512
19 134 159772873.93617752
19 135 8433568.848589806
19 136 1602646.2770766183
19 137 543662658.3806899
19 138 350033189.3944605
19 141 5547464.6205294905
19 142 493671147.9653389
19 143 15226240.360356791
19 145 10524641.741439125
19 146 122367644.63469249
19 147 2097277452.2481186
19 148 24692120.933844525
19 149 8668263.017212607
19 150 683022954.8906462
19 152 1406252269.7594779
19 153 42431487.08059936
19 154 5360782803.003886
19 157 97494468.79081601
19 160 49744613.15862725
20 6 48330183.97005804
20 7 13730686.649632152
20 14 46135800.20627219
20 18 6510408.299272336
20 26 47171937.01631471
20 32 8096967.46022962
20 35 121890056.22434917
20 40 48721079.13014634
20 51 103436371.24284945
20 54 11086429.861844694
20 55 40646701.87860513
20 56 37558608.33795855
20 61 8026782.428073899
20 64 66387317.6671038
20 65 11322395.231158907
20 68 76705312.01885854
20 72 28495106.92616189
20 74 12762610.608592838
20 75 3772834.5852052076
20 79 7342730.688702809
20 89 18100969.42828205
20 91 1310496.2575099738
20 97 25346664.86571032
20 101 50064122.13909669
20 105 36414915.73598354
20 106 11384947.457046011
20 113 186218493.50342146
20 117 50273282.55222953
20 125 1263919.6558447112
20 129 41303206.67158483
20 130 5138512.224026299
20 131 37472298.227647945
20 133 39620872.34185483
20 138 4420477.7390742
20 141 10455872.83275879
20 142 140565073.6426888
20 143 12150021.933000727
20 146 44044451.479352534
20 150 74576501.48867819
20 152 65274527.10884373
20 154 2065812.6058974203
21 1 113379.93126680887
21 4 12721580.24859581
21 5 10210873.96232594
21 6 12323931.420009848
21 7 30823953.404790323
21 8 454131.2035319534
21 12 16937328.547345277
21 13 70676092.36450595
21 14 104048094.84610696
21 15 2253995.842566655
21 16 4144118.7355560204
21 18 9641098.644783163
21 19 67253844.40601152
21 22 1249208.2542248
21 23 1738018.433137823
21 25 10368096.312624205
21 26 252730960.49347085
21 27 1722581.428524979
21 30 115767520.31536683
21 31 44794131.04028378
21 32 59243386.95947838
21 35 21304336.786810517
21 36 279211.51880046056
21 37 17586117.41256337
21 38 40691746.794516474
21 40 68286129.40785459
21 42 647942.172061708
21 44 22346859.209472336
21 45 30912399.09856565
21 46 19945032.04364971
21 49 131777831.78861149
21 50 1353816.4364690166
21 51 77121097.69338183
21 52 1143110.416685314
21 53 6481696.314162833
21 54 26151476.50609156
21 55 4391903.322588046
21 56 86338363.27676706
21 57 2189928.4877515836
21 58 17959119.326346256
21 59 2443856.5841899877
21 61 8488554.86414954
21 63 81419087.40809304
21 64 65065133.63592559
21 65 13162089.109069172
21 66 75903783.14537795
21 67 28095525.98849921
21 68 17266270.10667833
21 69 27395477.261124164
21 70 71624362.31476127
21 71 82712297.60674363
21 72 11999074.759339856
21 73 34019257.585007995
21 74 1403938.1190061944
21 76 22808469.71247443
21 77 70831188.59502494
21 79 94660003.04993202
21 83 23121957.30257425
21 84 34912297.78652721
21 86 1270963.6361806092
21 87 12279954.50615573
21 88 14307216.340591338
21 89 69979448.94748181
21 90 27946297.9651149
21 91 8348512.58853137
21 93 6725539.270615801
21 94 10275303.506793633
21 96 11488308.13656745
21 97 29015268.84195692
21 100 22158425.390898827
21 101 10369123.850321636
21 102 1028209.5688831683
21 103 31953669.293989655
21 104 4975342.127256069
21 105 10794952.665473526
21 106 52366561.01193972
21 107 5204909.72825153
21 109 5873679.429906594
21 111 25019083.553831544
21 112 57856652.213732354
21 113 19655995.3455004
21 114 224410.4340732053
21 115 7724925.067122795
21 117 98842172.99570812
21 118 9723493.39460314
21 119 1741564.392897074
21 120 1040586.5077654789
21 121 7526786.120850187
21 122 108972.37818607253
21 125 91492524.35490379
21 126 11278974.727115989
21 129 4007987.7519595926
21 130 45671453.54983152
21 131 84593708.38780947
21 133 19660871.202502422
21 134 11667523.947049655
21 135 139061.2736347715
21 137 144990019.1864163
21 138 128394321.60954893
21 141 11847234.65376769
21 142 182186282.15456557
21 143 16389528.02755412
21 146 3991000.955551512
21 147 118141947.84959543
21 148 1128909.4758898036
21 149 27978739.809981223
21 150 13060372.441464793
21 152 13113517.122284163
21 153 18756189.269111585
21 154 44132296.31661397
21 157 9172163.295057783
21 160 8756259.914425796
22 1 543893.2172072862
22 5 1844821.9367724191
22 7 18528699.46501817
22 14 670801.7679034739
22 16 1187301.5492126662
22 18 3672622.602453207
22 26 3930954.4361165445
22 31 2550844.684499165
22 32 2159688.682524289
22 35 9799238.504212402
22 36 4706805.903989229
22 40 1324965.202104078
22 45 5593844.63097907
22 46 6796195.480083867
22 50 1754952.0428613555
22 51 527208.8735886642
22 54 399902.61392553215
22 55 3358873.421248548
22 56 16744953.88011375
22 63 8562704.730847547
22 64 1749125.3064144587
22 65 2920692.708625757
22 68 1719546.7776628197
22 72 4299881.4684254825
22 73 1242067.5258024074
22 74 9441853.776278025
22 75 3420210.543944327
22 76 8213863.634690713
22 77 2180642.757471341
22 79 6192373.642365922
22 83 9475881.2246579
22 84 2715191.490552846
22 88 1611780.3369832966
22 89 1844228.6229926168
22 93 4402725.087025404
22 94 7592460.816416575
22 101 2148840.5950293723
22 105 2465583.184592809
22 106 8823392.419504562
22 111 1394884.916091307
22 115 6540927.718678817
22 117 6915585.500461573
22 118 2452978.3744695936
22 121 6273996.1081111245
22 125 13486277.394461017
22 129 1029528.0548060527
22 131 625098.1488102514
22 133 14798498.316809962
22 136 125968.07826454175
22 137 7926593.34733884
22 138 4601525.365540416
22 142 14279681.50692259
22 146 18574414.634831026
22 147 647822.1207926348
22 150 17621869.234624222
22 152 14562161.805237882
22 154 733004.36714127
22 160 6256965.783963196
23 1 9691472.62191281
23 6 2370244.692817294
23 7 5803647.612364748
23 13 777698.3934908551
23 14 609299.0329369634
23 26 4404177.37134783
23 31 251161.87598264462
23 32 2599414.210721334
23 38 259545.98850806817
23 40 2397423.1331930268
23 44 556739.4352610719
23 49 955140.1365300944
23 51 2200824.393181546
23 54 519479.0608019649
23 55 4078722.769602829
23 56 591832.5949527845
23 63 2766023.8835318214
23 66 1391245.7706466403
23 68 3725076.3275342425
23 70 2720463.6967149945
23 72 2549580.843564276
23 74 536032.6477459052
23 79 897940.0286989283
23 89 1405792.062108554
23 94 4634708.203284992
23 101 2926324.5825029206
23 105 653981.3452029864
23 106 314128.830335456
23 112 2049405.3889320183
23 117 3309154.201940397
23 125 2062821.9671820302
23 129 3139978.0469165663
23 131 2912833.196472314
23 133 105824.22187556587
23 136 12449137.93350446
23 142 9726274.659883304
23 146 1332590.5179587652
23 147 329359.7217035069
23 149 1090991.5348233145
23 152 1906002.5905956049
23 160 363750.1674763647
24 1 443820.6552981236
24 4 4475058.599333605
24 6 107422799.07841796
24 7 25601021.379156865
24 13 10456169.461049475
24 14 3399776.181894991
24 19 2641412.0830609985
24 22 14330835.030320805
24 23 1436185.7478068948
24 26 6852307.678042793
24 31 13094310.58669031
24 35 85069837.77231434
24 38 13332561.964396566
24 40 20653931.08410186
24 49 9570996.203280715
24 51 42072988.70875463
24 54 31254889.621440917
24 55 9735093.881181043
24 56 11385144.338709451
24 59 289491.5999026515
24 64 6740200.348605898
24 65 95678942.77412945
24 67 20907353.082503825
24 68 1336107.178186441
24 70 6242276.295970028
24 72 60097696.262923
24 74 51556911.217421874
24 79 38096239.72950534
24 84 789001.7520445558
24 86 6484724.352983121
24 89 74300679.89048362
24 91 3383371.663254174
24 93 2813267.05525709
24 94 16930527.521407746
24 97 638757.6666641744
24 101 34459894.81277693
24 105 5354757.058952623
24 106 3722583.599724185
24 113 25339746.44232043
24 115 38945337.92887284
24 117 22306522.57749555
24 118 9819070.952200312
24 125 33850480.310202114
24 129 6288855.557977618
24 130 3134990.674029579
24 133 7803544.613609573
24 135 1484439.3268800424
24 137 11537739.662057642
24 138 27460847.02908119
24 142 28014915.46156586
24 143 2669114.513811338
24 146 13434733.973293887
24 147 3003550.898410003
24 150 11364099.072238406
24 152 28928556.116182264
24 154 10364744.439935327
24 157 18358612.582405146
25 0 9097901.168574467
25 1 38601633.872614905
25 3 417284.93107519345
25 4 27281309.40043957
25 5 5842150.228652609
25 6 25642415.463977564
25 7 33070367.70091365
25 8 29310078.392360143
25 12 9362198.353020934
25 13 26701568.293129887
25 14 25915547.856645294
25 16 12090069.987661663
25 18 12712203.189997017
25 19 11758637.804167433
25 22 2424600.1105245105
25 26 9273929.273589281
25 27 3809195.6842799843
25 28 60889.31943283844
25 31 4082553.399644073
25 32 57195945.07097344
25 35 9123829.491176996
25 36 15925793.547250777
25 37 68556418.82084057
25 38 30090593.143631645
25 40 27012051.250865027
25 44 71039443.55094571
25 45 43965900.88640961
25 46 36065641.428668685
25 49 119049827.64360423
25 50 3264165.229484583
25 51 92523332.01080829
25 53 451729.8881127138
25 54 43829633.34750861
25 55 18120703.141831428
25 56 16216041.968262006
25 58 40786675.48334637
25 61 7409239.534337364
25 64 44050004.23921542
25 65 33299378.59951435
25 67 3592566.542621997
25 68 29054132.401858777
25 70 13793108.16568653
25 72 33617216.24107044
25 73 9902856.161026552
25 74 55380427.44101806
25 76 29944028.24819886
25 77 755911.8891200196
25 79 8123504.161557546
25 83 11609041.82799592
25 84 7208380.723653146
25 86 2398271.8538438575
25 87 1265084.8950916077
25 88 198700.59793465212
25 89 4569010.233967365
25 93 15990600.516821118
25 94 24251570.9698299
25 95 4734093.85023288
25 96 350103.26832069183
25 97 22056635.43368393
25 101 75538766.6548905
25 102 26515654.57599009
25 103 12683608.752053086
25 104 5123666.534920619
25 105 7283978.42212941
25 106 21298634.373464666
25 107 2500890.6902903123
25 109 13941225.82230726
25 112 22200774.564027213
25 113 2074349.1498209692
25 114 26719647.213452585
25 115 68066376.98122814
25 117 13318256.18399633
25 118 827825.2106030112
25 119 1389676.9368725233
25 121 11537297.411125783
25 122 972790.7244795252
25 125 22002602.59363825
25 126 15970388.499956349
25 129 14333897.375384187
25 130 8482393.946221922
25 131 40893517.426468305
25 133 2940725.9987653242
25 134 23718270.61846801
25 135 24000909.219798595
25 136 1534921.1869368225
25 137 15389736.56215888
25 138 14422026.843931459
25 141 25376391.07237158
25 142 49543653.57444518
25 143 1365123.2090405885
25 145 16664914.698388787
25 146 997890.144949084
25 147 18631152.65316446
25 149 15995895.198506033
25 150 40549050.896315895
25 152 12862580.138268614
25 154 8524001.78116398
25 157 16741284.925251577
25 160 14992129.257409042
26 0 1374094.1623997446
26 1 255311435.91820428
26 3 8619224.414528672
26 4 430129808.2564909
26 5 23271967.353432205
26 6 1491621024.5597982
26 7 4154304069.175254
26 8 9448303.581051625
26 9 41912190.89655201
26 12 3703607.263998158
26 13 9058958.29454551
26 14 9722079.966044258
26 15 6351874.156542755
26 16 26739900.595366467
26 18 2039686.0484876756
26 19 1376823266.6746767
26 21 72516020.99787357
26 22 3739811.932522847
26 23 1112953.0815478812
26 25 5796869.606317457
26 27 488547.94878491765
26 28 1965751.267939315
26 30 608446612.7470189
26 31 5463110865.767263
26 32 211910440.73419687
26 33 5809534.824372372
26 35 17263872.366007566
26 36 38510945.133623056
26 37 47256895.24285526
26 38 126147223.00812028
26 40 4424117.117446808
26 42 1882348.4670921245
26 44 14043624.397301363
26 45 247658461.6550214
26 46 176837520.1570994
26 49 218914191.27064288
26 50 12216795.334061708
26 51 629400536.5077564
26 52 43652776.495473556
26 53 614302.3641284353
26 54 12655280624.300205
26 55 42550238.402321786
26 56 421600355.6912211
26 57 375179.42813845444
26 58 20030981.13512756
26 59 772531.0033524598
26 61 3880771.073675324
26 63 137166573.46622032
26 64 1969493023.5256317
26 65 14675529.660160983
26 66 643038.6907799701
26 67 1400788130.1471763
26 68 33304108.608050548
26 69 40693938.059920385
26 70 186476447.4139347
26 71 707108668.2549871
26 72 6366200612.266079
26 73 33087183.219111096
26 74 1679434113.2731938
26 75 12670728.772019833
26 76 46337806.23815665
26 77 9232061.85086959
26 78 1101201.7282850947
26 79 1173513955.4670222
26 83 23347072.172236424
26 84 110556720.21192798
26 86 39116496.29354216
26 87 756490.6003094045
26 88 2970653.960475882
26 89 1055054695.4552189
26 90 4145087.2940610177
26 91 1718493.0718311837
26 93 19835159.018010892
26 94 4333630993.838787
26 95 1855003.1032421864
26 96 3866782.5904198573
26 97 384319758.76619077
26 100 48316657.16274095
26 101 1776945956.6942732
26 102 144302729.42657393
26 103 8984165.499114001
26 104 6056942.398002786
26 105 2951388.369910956
26 106 1027354383.4691364
26 107 207201412.36796704
26 109 102357185.53248258
26 113 368290361.1368184
26 114 688249927.5195024
26 115 909478322.3889312
26 117 340415323.1732211
26 118 535014158.90606695
26 119 8650576.40080137
26 120 3696159.0167645463
26 121 15307960.46398709
26 122 3084026.119457606
26 125 1390768105.629109
26 126 12578794.519749044
26 129 2303882775.183259
26 130 200249645.20631707
26 131 425173408.3937603
26 133 3711178348.6941247
26 134 101570069.34462245
26 135 6301211.5842033895
26 137 857708917.6159796
26 138 3453492963.578767
26 141 4553685.85599851
26 142 178219619.67136446
26 143 552079.5588117854
26 145 100062530.37066582
26 146 45203762.02108907
26 147 258875047.74593398
26 148 12612489.126958003
26 149 793485.1220525589
26 150 213792421.33200455
26 152 5330617418.383536
26 153 34548183.40285021
26 154 6897702784.57241
26 157 662003330.4571047
26 160 2398010.03635887
27 1 2375.5346948589568
27 6 713907.4594984987
27 7 877529.7182502198
27 8 1282308.1893808066
27 14 608887.2782907678
27 26 64281.40617855828
27 31 146750.6636152428
27 50 524144.98517799407
27 51 25656.95588997213
27 54 1195998.0548492149
27 64 777492.996288329
27 68 1641106.4988999052
27 70 2409047.521676043
27 72 143644.79859310482
27 74 795779.2152316143
27 79 88239.74071498754
27 84 1324778.0808803823
27 89 410865.9573934965
27 93 160773.9118021366
27 101 1346817.7834546347
27 125 202469.60266606402
27 129 26186.670413905642
27 130 473594.2917819111
27 131 39854.761229101874
27 133 156081.2747737235
27 137 129637.42978687429
27 138 1200673.322591032
27 142 1071224.6181466372
27 152 49585.3522804019
27 153 366767.06964929105
27 154 20147.84456138306
27 157 768053.4490479374
28 1 98236.47818467887
28 7 6333607.520527947
28 13 2727867.6139853997
28 14 392958.8081301559
28 19 361378.1319178586
28 22 4345206.5563317705
28 25 1489619.1885490268
28 26 2947485.7454580697
28 36 1740069.5034651794
28 38 6629627.814094609
28 45 4051821.578746469
28 50 7381498.7302280525
28 51 2595594.877601356
28 54 424274.86685557227
28 55 5466849.170196195
28 56 3195159.5567849595
28 58 529057.5443533256
28 59 2202618.075249844
28 64 6794594.0191209745
28 66 14618473.30777399
28 67 3373325.761681874
28 68 4943741.651645656
28 70 575430.3844513751
28 71 1014889.0771232494
28 72 2363277.1326529826
28 74 2456949.9448119444
28 77 3874353.2863621707
28 79 212103.72765675545
28 84 4187042.846806254
28 89 29419.60367441741
28 94 1903498.4964241441
28 101 327936.7392741211
28 102 1434055.0763198829
28 106 12071623.203478668
28 112 2782571.074809533
28 113 14161322.62187167
28 115 1185106.4563509715
28 119 258044.15431184001
28 120 71107.6408692371
28 125 14748830.276455121
28 130 14433555.659876237
28 131 1414343.4126443835
28 133 1904344.6252756931
28 137 3421954.1619492345
28 138 881100.7794733475
28 142 8481187.89675086
28 146 7937202.003115502
28 150 3659670.229969245
28 152 129346.13314595207
28 154 3488030.3830270017
28 157 129468.66717510733
29 4 445704.73715070204
29 5 5249996.629199562
29 7 9117020.29024347
29 12 60416.82165386237
29 13 2750947.317198726
29 14 2868293.05636209
29 19 7819065.174476608
29 21 1528676.3890471156
29 26 7109899.8943339065
29 27 4963987.522828928
29 30 8188025.281548954
29 31 1951430.4984919047
29 36 2354794.1497744014
29 38 7741947.754353452
29 49 3162208.196430152
29 51 6369037.821617846
29 54 2623956.5934833037
29 56 5252665.115056231
29 58 746837.759143745
29 65 8357476.362478446
29 67 6007411.05466116
29 68 6478452.83815111
29 70 3845831.6329589863
29 72 4088419.9691276248
29 74 2211463.782648513
29 75 12130312.367285958
29 79 1154161.4375557017
29 83 4522307.377193908
29 84 1623974.0682212948
29 89 89993.26215910936
29 97 1452107.0205396805
29 101 2349732.4370383043
29 105 626764.4754973212
29 107 3741987.536875394
29 112 1713465.972703587
29 114 6797060.22259334
29 115 3097240.662944736
29 117 15826899.176978974
29 118 707346.4673238144
29 125 5109290.16954442
29 129 2487330.547939005
29 131 5774609.425101666
29 137 4416957.457577632
29 138 906789.3483820403
29 142 849045.9312694336
29 145 997617.6174239877
29 146 549844.374284995
29 147 510504.54259105405
29 150 21557211.454483364
29 152 1030630.3208598265
29 154 17590818.860115815
29 157 1786045.8277973903
30 1 178827376.0754012
30 3 7549124.037503459
30 4 26967055.434395522
30 5 10641141.230864422
30 6 134761617.84389418
30 7 331636001.40274596
30 8 1648063.135804928
30 9 14421946.218412358
30 12 1861750.2701988162
30 13 29947254.687765125
30 14 7922964.298081253
30 18 32969204.02208785
30 19 17591293.496896613
30 21 25079646.87281631
30 22 38833329.96537328
30 23 2087618.3238667625
30 25 2281890.974861642
30 26 338658479.69125855
30 27 11335909.355149427
30 31 357199880.98646533
30 32 94598669.19574277
30 35 37251568.30439422
30 36 14633277.713022059
30 37 135165882.89596093
30 38 2494445.6723683313
30 40 77026127.2265754
30 44 145338183.7638254
30 45 111247068.57184905
30 46 4975218.777748969
30 49 123024771.44526628
30 50 8375511.618946669
30 51 376159208.2714323
30 53 3585931.4031069204
30 54 83437566.58680639
30 55 22284772.735000517
30 56 343673254.1424788
30 57 4464988.811821811
30 58 39163261.907323055
30 61 6212034.484298378
30 63 13618279.240267955
30 64 54441073.01119477
30 65 529355166.3769728
30 66 39860451.484040596
30 67 321929396.74457496
30 68 1122738473.2562106
30 69 57938795.83019813
30 70 30875596.441120993
30 72 167097129.75013074
30 73 8066164.182603321
30 74 932774150.2418628
30 75 17662836.2606049
30 76 59657226.53304772
30 77 23204081.8697861
30 79 658265435.8748527
30 83 36703389.95393204
30 84 12004241.30628227
30 86 63108192.513919525
30 87 137666.37901498756
30 89 16848545.926797856
30 93 5610675.780408403
30 94 343874802.9654126
30 97 242993125.65957618
30 100 68399040.85747693
30 101 1639435381.643213
30 102 182977134.7008453
30 103 43023886.70957403
30 104 20739482.996022113
30 105 77042101.67168717
30 106 108130803.23996176
30 107 49343320.13810058
30 109 723106.4600468798
30 113 355096424.00751156
30 114 323710764.13802844
30 115 336144538.14205635
30 117 80450781.6504852
30 118 112393349.92528675
30 119 918943.1988476734
30 120 2677719.057976919
30 121 4444258.661175313
30 122 3931863.369368604
30 125 78092790.7816683
30 126 45228503.949292466
30 129 162383302.34078285
30 130 54591449.78725195
30 131 130325034.38988897
30 133 4838478.261505248
30 135 992873.5043270024
30 137 313971945.5283046
30 138 382540213.4894539
30 141 21698880.624488555
30 142 728277247.9413337
30 143 1810872.9183272047
30 145 31665524.864374623
30 146 54125891.88795805
30 147 181810738.33128121
30 149 16164791.129406616
30 150 6536427.051119238
30 152 460222439.5863153
30 153 19360074.10352365
30 154 76256788.48471731
30 157 8928195.372604484
31 0 24611397.499403518
31 1 180372274.5796558
31 3 854922.4000325013
31 4 422741564.87743723
31 5 392648.7288056297
31 6 2512247860.534953
31 7 2799967976.7222056
31 8 24698623.561062995
31 9 1467721.925204172
31 12 7300925.399287261
31 13 69556932.38828492
31 14 1417606460.3916664
31 15 1044507.7655113948
31 16 26084125.51521151
31 17 6308930.864272184
31 18 3959144.31134676
31 19 1374274776.7927253
31 21 46798459.56481344
31 22 4265032.840718594
31 23 3423095.13921592
31 25 12070640.020878999
31 26 13035702704.755045
31 27 144046.6555272568
31 28 2257977.9839036632
31 30 75835446.16781747
31 32 1777959.213583958
31 33 572366.6118266224
31 35 81203503.45272969
31 36 60315949.141744025
31 37 370829969.90968364
31 38 74878698.43951803
31 40 504791918.7860097
31 42 1406032.1876319041
31 44 12003659.881211795
31 45 165038543.77880588
31 46 45420522.58948723
31 49 47184504.31026436
31 50 19941042.209985666
31 51 5177599875.403596
31 52 12444326.02923955
31 53 7801056.338540131
31 54 4268036736.3538723
31 55 868804.7318624028
31 56 202883377.09294134
31 57 2744960.0038704793
31 58 206718889.53999677
31 59 2668681.517935777
31 61 118737.15851572636
31 63 24781173.719676793
31 64 1242973053.248587
31 65 1900288790.7327445
31 66 37971472.42892154
31 67 947704479.5442351
31 68 1607974771.2185922
31 69 681295763.5500977
31 70 312654413.582801
31 71 1981899056.5980954
31 72 4787812018.127125
31 73 8081987.803630113
31 74 23377006148.038048
31 75 111077050.72566588
31 76 188999149.80723372
31 77 19384193.22433547
31 78 641852.9687954042
31 79 3126569196.3825073
31 83 22085393.61912217
31 84 110085677.36370629
31 86 221401227.97972247
31 87 23952047.41577898
31 88 7524285.097536625
31 89 336529378.72860104
31 90 8060573.309957098
31 91 9864029.737784784
31 93 9765327.986983186
31 94 3085849110.2089396
31 95 35354134.25879363
31 96 8825011.299884023
31 97 76170225.36099398
31 100 47736709.21691061
31 101 4351325333.777583
31 102 512664908.19455266
31 103 9618553.686420884
31 104 5648657.131485547
31 105 14942754.622238994
31 106 985701324.2135382
31 107 58520925.41423251
31 109 46460279.72568863
31 111 23595373.98349409
31 112 122131976.64570375
31 113 1237077101.997114
31 114 369291700.8146894
31 115 662960083.9769205
31 117 117763344.61578731
31 118 4952305.040716032
31 119 1205391.3122102092
31 120 2693579.129875655
31 121 344539.9816062262
31 122 9530504.257706875
31 125 1000184429.1352916
31 126 9184242.803248005
31 129 2198398990.7393646
31 130 157083351.98718655
31 131 294319441.3587677
31 133 15794127330.756296
31 134 45955934.95520117
31 135 578789.8524134159
31 136 6458990.214287969
31 137 2610697992.388954
31 138 12483036342.202555
31 141 15064796.219259135
31 142 1587071383.411582
31 143 2779501.66431005
31 145 3264847.70227102
31 146 70475876.09857798
31 147 596525692.4119768
31 148 3457573.4261717144
31 149 7285236.016508363
31 150 697944251.5726888
31 152 24662615636.3038
31 153 124459349.04024054
31 154 10480558854.792429
31 157 170136262.64564472
31 160 367630.51542703516
32 0 5282629.700569964
32 1 102853175.69886109
32 3 954224.7910382233
32 4 240527422.4198352
32 5 14951765.511996903
32 6 240651842.69119108
32 7 55040134.656790555
32 9 85089654.18654212
32 12 1804488.3779148522
32 13 206680979.05876642
32 14 240334566.92998406
32 15 4230611.978219121
32 16 5278312.9064679695
32 18 31317728.269704677
32 19 485722762.83649194
32 21 22340276.961501643
32 22 55199151.43820173
32 23 382652.34639467613
32 25 5980770.152903388
32 26 742319080.5038512
32 27 1260306.9883596618
32 30 107809096.54731555
32 31 41949160.53663136
32 36 7533071.118949707
32 37 35946102.63075949
32 38 41336795.941395625
32 40 258251713.750732
32 42 754678.8306477036
32 44 44817570.40260306
32 45 209916520.93430832
32 46 3314600.519218841
32 49 21946784.64016966
32 50 15613415.3321317
32 51 628453636.9086156
32 52 2567356.569220035
32 53 1616802.845311661
32 54 231317150.55849376
32 55 22813383.889576606
32 56 26660167.31692164
32 57 959301.2537929314
32 58 17248616.724595323
32 59 345190.94491197105
32 61 693073.5292380358
32 63 36629070.25456965
32 64 789109585.2010595
32 65 73469981.73191069
32 66 325449.36994679406
32 67 203821767.87960783
32 68 101100187.81642549
32 70 425993407.96926135
32 71 117269023.6526815
32 72 412038546.0976303
32 73 70368949.67378119
32 74 632560566.3090094
32 75 4103022.8223994644
32 76 528975.2467832154
32 77 2812355.6900122883
32 78 1542289.383072567
32 79 8943127.243595753
32 83 95593062.05185837
32 84 46294811.924580224
32 86 10947077.618890926
32 87 2204625.3038735203
32 88 2904719.0746968347
32 89 96508024.94395588
32 91 6127429.254839783
32 93 18524240.93295296
32 94 392770767.79094553
32 95 10138033.184506226
32 97 8028325.314297728
32 100 7902934.890548348
32 101 191162710.61114407
32 102 437643544.44767886
32 103 82283449.45497665
32 105 60588915.46856985
32 106 198808787.59993684
32 107 230311386.36294255
32 109 58029743.79209691
32 112 8807561.367682694
32 113 501808361.48965406
32 114 223801201.2974114
32 115 48221848.94929159
32 117 24092184.46955417
32 118 19117031.241668515
32 119 1924711.8291372424
32 120 111936.39592435629
32 121 1185433.582391924
32 122 3288005.29277143
32 125 169252860.87778464
32 126 10857838.31143863
32 129 12078039.11311207
32 130 274848673.4662242
32 131 12190803.918984508
32 133 26753109.92979527
32 134 94007236.88488151
32 135 4607243.583594038
32 137 751882530.6437646
32 138 546745545.324115
32 141 27715219.11518496
32 142 241155501.8001865
32 145 78020975.14514533
32 146 79170883.9457818
32 147 478141027.98251474
32 149 2302933.518454033
32 150 62016824.52630973
32 152 95238657.69173405
32 153 154799123.65049222
32 154 165092510.24976182
32 157 22400856.557840414
32 160 1918926.034853757
33 6 139691.24199151483
33 7 727811.5456268697
33 8 2045624.2269464596
33 14 617438.9947034076
33 21 1091569.9308133235
33 25 1909304.2968322919
33 26 1939214.3352628583
33 27 358120.8258776129
33 32 661482.4732579039
33 40 70636.8317819306
33 49 380970.4388486378
33 50 205170.6268854187
33 51 674130.6949334184
33 52 1642293.6221695794
33 54 1000271.6331099466
33 61 346035.89139828266
33 65 128798.81109671382
33 70 1175717.8575576465
33 72 297531.6201580373
33 74 435724.3690850645
33 75 2083920.5375620348
33 79 458945.43785636086
33 87 308543.01350937225
33 89 241583.9615297067
33 94 349720.4594150602
33 101 807244.2334237774
33 102 1339564.5998548695
33 106 410200.74560847034
33 114 1005007.9145704923
33 115 2025816.399684235
33 119 365407.4438045527
33 130 1370462.709032892
33 131 1178315.1932127434
33 133 217331.96350461282
33 138 370292.5871016797
33 152 990604.3215121604
33 153 87141.70206197434
33 154 290381.55449118325
34 4 43777803.0906889
34 6 5533207.25633748
34 7 28486717.679229334
34 13 732511.099340152
34 14 9017893.30960785
34 15 7195303.578462258
34 19 22382530.740723886
34 21 4192319.060123587
34 22 3319125.976760501
34 25 41093934.32646196
34 26 22780945.302355003
34 27 6246364.7114639105
34 30 45906322.01005282
34 31 22759425.415454138
34 37 9970185.11457844
34 38 5141506.451774517
34 40 15087880.49405816
34 44 23786947.919505883
34 45 6116135.256267109
34 49 61150.119817238265
34 50 4439823.099368319
34 51 22090559.80393162
34 54 31273393.68153643
34 55 776660.1157449331
34 56 2952715.45154802
34 57 398565.83763777756
34 58 42295618.37991159
34 61 338892.944312717
34 64 2139639.3973985887
34 65 44617182.45774638
34 67 26181179.12661393
34 68 805860.503101638
34 70 32622855.810753193
34 71 919952.0672632927
34 72 20794368.398592383
34 74 9016988.685318384
34 76 3813893.308424236
34 77 6136146.97399169
34 79 52966600.2717166
34 88 2089544.669306442
34 89 61770823.77025344
34 90 3575021.082838114
34 94 58430843.79111728
34 97 38366111.53512675
34 101 1054897.41250656
34 104 22622.138453707328
34 105 60765357.0917742
34 107 1885595.9318246904
34 111 8457521.094763113
34 112 8659910.624769129
34 114 107733423.1590597
34 115 8420745.696503237
34 117 520271.25588829606
34 119 2984044.249852226
34 120 871906.4131133987
34 121 905813.7848018927
34 125 50346614.211369514
34 129 25641051.29199365
34 130 17842454.73376061
34 131 16176439.955530068
34 133 13606479.114135291
34 134 8207512.001452602
34 135 5407166.812413323
34 137 37464161.675325215
34 138 2325009.841228765
34 141 37431004.099673435
34 142 552181.1192216704
34 143 2993868.912765298
34 145 23984226.245995276
34 147 7135795.548009953
34 150 24518741.00714938
34 152 18212947.42267236
34 154 3248881.625884295
34 157 17098697.512946837
34 160 7160835.047033202
35 0 39267458.40764614
35 1 217007793.1959535
35 3 3292557.5174626466
35 4 4551323.640908009
35 5 21699555.251339708
35 6 164609600.67143023
35 7 72775158.5829244
35 12 18909043.817211676
35 13 8395042.553678583
35 14 30415487.017336372
35 15 28670.99635793055
35 16 2985455.13140783
35 19 190135904.2608497
35 21 26978052.588674277
35 22 20654537.668267056
35 25 7472206.79770176
35 26 108859097.37113856
35 30 139891454.9464757
35 31 269611219.5897853
35 36 1561048.8612769619
35 37 142039668.20518175
35 38 38419023.58859842
35 40 126603495.77867666
35 42 1053309.3031357466
35 44 176784.84401780707
35 45 336679561.68089426
35 46 34277472.53148665
35 49 19289003.19428375
35 51 229749896.3546105
35 52 18342835.156797104
35 54 15209479.294372419
35 56 56689421.134809405
35 57 840134.2446373353
35 58 880569.3439088691
35 63 10265863.94523896
35 64 142296153.55625957
35 65 398067136.9150086
35 66 35452615.55515723
35 67 18801959.685774118
35 68 7415395.639016581
35 70 76445385.07693036
35 71 150356053.27668777
35 72 7804524.356995497
35 73 2036449.0221885233
35 74 181016088.64251912
35 76 24534893.988464773
35 77 2395147.6746396385
35 79 25399700.221915763
35 83 41939638.40736682
35 84 2343999.690421364
35 87 3601585.649468944
35 88 521390.957063425
35 89 174342818.32124072
35 93 34343025.30918631
35 94 60915880.26728465
35 101 330586855.7696705
35 102 147829142.25798714
35 103 22738003.99872252
35 104 4674187.851437906
35 105 1370349.8161004386
35 106 226063106.16638458
35 111 19992847.872887358
35 112 98304346.26987232
35 113 33424813.00306802
35 115 196132075.88155368
35 117 23559192.206883755
35 118 391239844.1240545
35 120 1475252.679815013
35 121 280424.1649620855
35 125 18991408.32705538
35 129 111220805.14711943
35 130 37519608.27894026
35 131 173954719.05817282
35 133 80995582.3246335
35 134 16796279.001038425
35 135 18934888.83500994
35 137 31706275.94358767
35 138 253532846.91113368
35 141 11339126.211181147
35 142 359333720.8108437
35 143 6322817.002111007
35 145 399798.9725041581
35 146 16073279.678011063
35 149 7150009.914500416
35 150 58778762.15693988
35 152 163467454.48390484
35 153 1477893.9239349992
35 154 211396967.5086817
35 157 19975761.210192535
35 160 6598390.7634901535
36 0 39861774.6173915
36 1 41265267.12364926
36 3 1682820.8073832123
36 4 49001695.38210752
36 6 144516454.73912433
36 7 13048691.580313263
36 8 22564925.2726206
36 12 596884.154580474
36 13 3614607.054763911
36 14 40193096.33384644
36 16 421486.98672668694
36 18 20466994.134313818
36 19 108165760.14983526
36 21 16255577.182459002
36 22 4048638.8705076617
36 25 29943820.882082336
36 26 19194017.869425077
36 30 2243853.6952046296
36 31 125915152.400808
36 32 26983113.93100304
36 35 117763.48858686176
36 38 32290507.306094833
36 40 21660644.265976146
36 42 115620.63046178233
36 44 12439266.563886642
36 45 75310345.81146264
36 46 63435673.659834646
36 49 7739758.88155392
36 50 38783950.226708636
36 51 246780448.75428554
36 52 16730989.206289029
36 53 850244.2542728353
36 54 646840.1636776177
36 55 91098083.246819
36 56 97714721.61535673
36 57 1451552.7398304422
36 61 19376683.323855996
36 63 8604642.760659594
36 64 277915905.23463076
36 65 89889720.49316797
36 67 163102716.98341015
36 68 28537121.00272055
36 70 71094349.95326121
36 71 268776506.54621255
36 72 125230075.4330409
36 74 402817164.1499479
36 75 94013165.0426857
36 76 43636212.73966673
36 77 50347828.734478556
36 79 54256285.822100595
36 83 74921947.98158403
36 84 164268763.81497976
36 87 808075.5240093403
36 88 5762844.483527977
36 89 8847605.331681862
36 91 616091.5398883546
36 93 14555326.50480375
36 94 21619443.77209276
36 95 12576294.214910088
36 97 71622100.3597313
36 101 44392487.172319695
36 102 62996771.35259848
36 103 20601879.701499846
36 105 74956270.43129584
36 106 43925550.34875673
36 107 52118167.09978582
36 109 16437670.141589027
36 112 73324251.58158751
36 113 33489819.055858716
36 114 154628415.20248333
36 115 80527414.7380088
36 117 3581449.296563562
36 121 643496.1660377785
36 125 9251095.438998858
36 126 7865173.529273816
36 129 26699838.221414693
36 130 86638488.19279987
36 131 70791234.4902886
36 133 82604805.95926198
36 134 26390280.133378033
36 135 6578002.4921441395
36 137 5537689.31999419
36 138 36506707.9990403
36 141 4260739.899190987
36 142 76043421.64121263
36 143 881203.966770002
36 145 18280761.68924091
36 146 36761064.880160086
36 147 94359422.55585156
36 149 3115911.949114102
36 150 6697772.936324613
36 152 84447821.95621322
36 153 19650980.14653944
36 154 92924399.1715943
36 157 238042734.36715478
36 160 3397620.073327649
37 4 14653311.011023471
37 6 176636127.17377982
37 7 27767142.42854517
37 8 17112233.444087382
37 14 5047486.390389897
37 16 20618208.83144757
37 18 9180617.389137978
37 19 32820725.51258892
37 21 58490365.91974135
37 22 6284919.807905073
37 26 110902385.14526935
37 27 1878040.7138980674
37 28 22242.48043616481
37 32 4053404.273704679
37 35 43480019.7812236
37 36 19101817.875834327
37 38 18761455.249988087
37 40 20532441.56054707
37 42 679696.161410538
37 45 10764530.847409884
37 46 63438865.38332102
37 49 177686631.80404124
37 50 20828906.74354816
37 51 14019073.963367341
37 52 7638048.280911445
37 53 62615.565680850246
37 54 55428935.87597671
37 55 3839008.1998664
37 56 6945143.714713059
37 57 1391442.1212040961
37 61 7539243.672656993
37 64 89121421.26128706
37 65 77326669.44689427
37 66 19972316.700202134
37 67 3815864.984045662
37 68 61129606.79484945
37 69 19347001.81798477
37 70 16696600.62101712
37 72 127652792.88658452
37 73 18520402.029011823
37 74 43131152.83795414
37 75 10749733.098462796
37 76 72299123.06449766
37 79 959774.7946647643
37 83 6944020.686495021
37 84 5370427.763899489
37 87 2299102.333065476
37 88 79838.1438655459
37 89 132338459.94377746
37 91 1141163.7088499346
37 94 101287611.2285244
37 95 4351150.120124962
37 97 104918424.091105
37 100 21821992.81669432
37 101 6520289.525919537
37 102 38864793.5600653
37 103 44795932.90588264
37 104 403857.2193743377
37 105 17479213.496859852
37 106 68089941.17885536
37 107 89660118.73881048
37 113 5385692.855366641
37 114 58777135.85393415
37 115 6737049.048414844
37 117 125262523.21364647
37 118 76573160.11863057
37 125 129305289.2892537
37 126 28052994.04160217
37 129 4759319.279644902
37 130 6403440.404604032
37 131 19780467.85931465
37 133 10120821.625241324
37 134 86049183.47055162
37 137 45419251.72864536
37 138 48303078.87519305
37 141 9781836.31912254
37 142 30234466.373079933
37 143 8837273.534393528
37 146 7803114.80564138
37 147 44616565.15751063
37 152 22840612.379785992
37 154 9226237.488454299
37 160 10676739.12439061
38 0 664589.538541444
38 1 577192.8833980354
38 3 10042576.264047239
38 4 11163465.010155581
38 5 3645393.5277022384
38 6 26558462.55912122
38 7 17975344.85640408
38 8 10154226.164494982
38 9 5096316.774641293
38 12 2300531.266491144
38 13 3222094.0338453245
38 14 12110642.410466569
38 15 2471291.751601463
38 16 4115628.443137095
38 18 1609692.755738728
38 19 2832884.089405484
38 21 3441251.5537896785
38 22 9913540.836740447
38 25 4681923.095855482
38 26 1521174.0713964265
38 27 1615847.5738609843
38 28 1234514.6337155553
38 30 4260017.093123665
38 31 134483.35085716867
38 32 5102803.851856931
38 35 11915677.898348091
38 36 2182710.6827648515
38 37 921038.584378178
38 40 1772451.617652045
38 42 292891.42760758445
38 44 3454146.6457495694
38 45 8919232.425068675
38 46 8396326.42435925
38 49 27560967.574661758
38 50 3855888.2786120973
38 51 3879458.4382645786
38 52 546764.84800681
38 54 5208726.761349254
38 55 3859455.5822278108
38 56 2487364.7089419584
38 57 1050740.6740010735
38 58 8147036.929642963
38 59 8093772.009070437
38 64 19583764.608886596
38 65 13088773.458258532
38 66 1176160.1217650694
38 67 23012127.616759095
38 68 42532736.70817686
38 69 17093580.218880814
38 70 2202942.8026074837
38 71 4941323.841990091
38 72 25991904.355318666
38 73 10547743.780819857
38 74 15665156.381723398
38 75 24484531.56597781
38 76 1546400.169343843
38 77 109392.25170596711
38 78 1981455.8131071255
38 79 25034133.740658194
38 83 613255.5657544298
38 84 19352027.487032354
38 86 12375928.196855484
38 87 10152308.47359375
38 88 4024430.916428076
38 89 19730644.94293162
38 90 7279673.227394352
38 91 845961.0024872683
38 94 17392346.85930471
38 95 1585995.1723774136
38 97 33468015.705080543
38 100 954376.6764650296
38 101 15110485.244882595
38 102 301744.28214676207
38 103 6078.387207245858
38 104 6349314.264458829
38 105 1104193.2924718321
38 106 20561033.51647151
38 107 39908451.14212343
38 109 1133952.0025783808
38 111 4144598.0827908935
38 112 32064046.099385608
38 113 6786228.018997426
38 114 406113.3235903883
38 115 2414085.444277753
38 117 4544158.103602058
38 118 3614785.7896033595
38 119 33385.46199619629
38 120 1921100.31160378
38 121 2876779.1483488744
38 122 125853.21757858172
38 124 1058923.911215107
38 125 13646524.540927581
38 126 12949620.069810102
38 129 737094.1422897459
38 130 1172078.9697730364
38 131 2416943.263628432
38 133 27291932.62789929
38 134 1747096.3186136347
38 135 4097581.8878521184
38 136 5098194.013518898
38 137 137037.56817421323
38 138 15848518.576040963
38 141 5960592.564692068
38 142 20766872.789811194
38 143 2070007.7144303243
38 145 968620.215266578
38 146 3667157.873442684
38 147 610402.3917246877
38 149 12021952.617896117
38 150 1655578.319278994
38 152 262353.2401315253
38 153 490608.0423945374
38 154 19758723.70078621
38 157 29042610.15019015
38 160 1429240.351336435
39 4 16883810.100503303
39 6 9902494.471428428
39 7 61588242.14645246
39 12 6452813.723951104
39 13 3208791.6575656007
39 14 17570470.186554458
39 18 673299.8884000808
39 19 4376025.371693555
39 21 6678380.9692712035
39 22 2767357.8368091322
39 26 33929381.726818636
39 27 1905935.5809509724
39 30 7713684.163148636
39 31 576934.7060872357
39 37 11919710.484873608
39 38 33394057.554078642
39 40 1584392.377436063
39 44 3993149.2332999613
39 45 8764357.514653234
39 50 1164853.0818733538
39 51 53186365.22802971
39 54 79084647.544575
39 55 12828332.99529961
39 56 4741198.866539561
39 57 1185176.534197529
39 58 4648579.268182325
39 64 6484778.258808432
39 65 1848122.0035504359
39 66 12621041.388590315
39 67 47106148.98480442
39 68 6123933.101783181
39 70 16971476.68272028
39 71 10913810.927806845
39 72 6842078.359665074
39 74 23374463.850097787
39 79 31155296.295088544
39 87 930733.8376077404
39 89 9718770.88604039
39 93 10287032.883609815
39 94 52223.01602350861
39 97 1089764.9352277976
39 100 9359518.657504965
39 101 31424219.97723682
39 102 13581348.346317727
39 104 2044552.5328642332
39 105 16655411.86715358
39 107 34111954.35368718
39 113 54938188.28504773
39 114 4221508.170103951
39 115 27659774.87274822
39 117 14174181.527476521
39 118 57723798.7815749
39 122 997470.7724815034
39 125 22583613.545652173
39 129 3993406.1711934935
39 130 2074253.845125691
39 131 5139730.213283298
39 133 16608972.314307876
39 137 19640422.208968017
39 141 15869307.036724925
39 142 4172177.746420277
39 143 337097.446660704
39 145 297910.6847701885
39 147 43647544.00631316
39 150 2263807.453736732
39 152 5428774.149133417
39 154 4063160.347918314
39 157 15302554.89101198
40 0 5796131.924490374
40 1 96703158.39173768
40 3 2830172.677828322
40 4 361605055.3858165
40 5 2724934.3404414244
40 6 305837557.8711943
40 7 676062363.9335952
40 8 13244976.755390488
40 9 28774173.297729004
40 12 49615176.78946529
40 13 315629741.2530259
40 14 181291090.03875205
40 15 248380.34941804898
40 16 2405517.250080616
40 17 376923.80700954306
40 18 27573778.884236112
40 19 117645654.11056018
40 21 141896070.00504518
40 22 13142078.246363677
40 23 1878228.3682479342
40 25 12559843.305430941
40 26 3891284512.2973695
40 27 1232373.820635498
40 28 2218211.660656528
40 30 699566120.1708779
40 31 556538219.3098278
40 32 348494980.9816964
40 33 80310.55919424898
40 35 379751378.8592034
40 36 49543003.46241867
40 37 30933534.55402166
40 38 9479133.248766772
40 42 1331064.2529664033
40 44 64798345.47738014
40 45 234893361.36931837
40 46 28846999.254040938
40 49 3224436090.186671
40 50 1046586.6301929402
40 51 2446502650.9030375
40 52 11885374.46755334
40 53 2033521.9066649438
40 54 2634064139.789547
40 55 129450744.99445257
40 56 622595758.0170931
40 57 1294375.2542696192
40 58 147665553.3648523
40 59 1842447.675519831
40 61 13727279.981895717
40 63 14738716.217385149
40 64 3843128845.419919
40 65 458478476.72389525
40 66 36060869.5802038
40 67 377936566.3368
40 68 755252800.5597777
40 69 104771659.76105541
40 70 986662535.0672469
40 71 1376603067.654154
40 72 799430581.639097
40 73 76889287.75341216
40 74 4708560553.310389
40 75 56491367.857533194
40 76 1883634.9695313142
40 77 91391468.64989641
40 78 341800.8884455239
40 79 334202996.3250498
40 83 75967565.94394831
40 84 108855107.82200016
40 86 54101918.51518724
40 87 22865526.118522916
40 88 6371457.358074929
40 89 356293113.09539425
40 90 3306225.526441554
40 91 12587385.538573131
40 93 9175836.522517655
40 94 777343373.2153176
40 95 19438570.972843137
40 96 14228831.220114052
40 97 238241791.22338668
40 100 27173550.25126962
40 101 8273180850.056186
40 102 412358719.91059
40 103 24802252.651817128
40 104 2437608.30378407
40 105 16473749.974110818
40 106 1024945843.0301632
40 107 57409013.303613365
40 109 48717575.423326164
40 111 86825665.78022736
40 112 47276652.8786025
40 113 318755040.9621638
40 114 1392217047.9151707
40 115 464206085.2426679
40 117 10790326.991891554
40 118 683062766.9342068
40 119 4140114.052040601
40 120 3685624.592911345
40 121 12274246.345830474
40 122 2771688.34503703
40 125 593545047.099845
40 126 30639005.09749048
40 129 883188767.451261
40 130 408806528.8260527
40 131 1098484093.0205598
40 133 21164681.489916824
40 134 21974075.89144607
40 135 14523860.56387041
40 136 302581.11275199294
40 137 19125578.13784597
40 138 2717750635.096986
40 141 4886165.109580042
40 142 707836311.5155902
40 143 4544672.4592215745
40 145 37480124.85972691
40 146 109495967.83886029
40 147 76717335.00825773
40 148 17667193.035445746
40 149 3017517.4931030325
40 150 334884387.53906554
40 152 2314296104.6297874
40 153 5638986.2991755605
40 154 428347645.3593019
40 157 300147333.519788
40 160 10439977.51041917
41 6 391848.40362072067
41 7 933550.785421401
41 14 10610.189823227713
41 18 199422.95582661204
41 21 489780.56702019466
41 26 128529.34862161338
41 31 605866.5190935928
41 38 699664.8838927568
41 40 1249315.5858429817
41 49 124038.92075783218
41 50 63946.15169801556
41 51 1023249.8789982913
41 54 46633.71884491029
41 56 502981.2680413146
41 65 459452.2293065578
41 68 1376015.4120026517
41 69 72065.91596245237
41 70 206655.82452768454
41 72 269846.13256293436
41 74 305403.8991948192
41 76 176514.35190484877
41 94 1026226.9120607512
41 101 357764.1506967554
41 107 1127241.7346280005
41 112 1003036.2186502105
41 115 1119967.7129032542
41 117 72612.32480703371
41 118 109485.8312757057
41 129 352365.0016753004
41 131 20282.797051885293
41 133 216730.62964237286
41 134 325802.48273703555
41 136 292395.840716818
41 138 169945.32722082225
41 142 185594.8164112783
41 152 4254.71890647231
41 154 124971.36764226992
42 4 475146.19615515193
42 6 3372878.7138712555
42 7 1382822.3007352513
42 12 69444.00446917267
42 13 1610043.022646749
42 14 2207820.230830293
42 18 329224.9759927396
42 19 672701.9894638929
42 21 794047.8857970592
42 26 4048097.4460514695
42 30 61417.04824941134
42 31 612250.8452584516
42 32 28629.154259987125
42 35 1396469.4025354509
42 36 794096.8256061005
42 38 2075801.0165733793
42 40 1580693.684985017
42 44 1265234.2874468982
42 45 916000.5843184374
42 49 5673412.053477031
42 50 2219521.976805712
42 51 919121.7979114185
42 52 1141536.0699221333
42 54 391.7630202269067
42 56 129134.74745344443
42 57 2598486.946432959
42 61 1523100.7964443548
42 65 227663.16200940145
42 67 3942149.6632359433
42 68 3984534.5015370348
42 70 768957.9735513263
42 71 560134.618215485
42 72 848599.6855470756
42 74 3958323.2039128733
42 79 3778553.8586679325
42 83 1493787.4424867867
42 84 5831208.765197596
42 89 2467671.939105257
42 94 4693723.992442145
42 101 3074206.1759191533
42 102 545726.590648675
42 105 1232165.0761646086
42 106 4550987.646158545
42 111 1291094.3354877906
42 112 108492.3296161111
42 113 794369.7340601608
42 115 640428.1348435177
42 117 2190969.616823643
42 118 73145.57775924852
42 119 1331549.2084322192
42 121 757224.4520499884
42 125 1370213.3260986463
42 129 2032026.0081173223
42 130 384070.0909648378
42 131 4857749.994939132
42 133 4698567.219167496
42 135 1465381.960534245
42 137 112810.91150523534
42 138 94070.84989866937
42 142 21750.547972365253
42 143 2695464.4210698735
42 145 345563.3062572438
42 147 248116.10505029582
42 150 1205937.0521484849
42 152 1508915.7625703504
42 154 589458.3830766632
42 157 1056368.808686872
42 160 905783.4274000039
43 1 29643784.645986557
43 3 8591325.287246406
43 4 11913786.268137125
43 7 23655922.90660281
43 12 5728309.5365546625
43 14 13933834.940258129
43 15 131531.017117961
43 16 11670098.97001491
43 18 88925787.30666865
43 19 27004137.624714196
43 21 21767392.121547963
43 22 4881975.915098223
43 23 295124.59291580785
43 26 72562121.81149879
43 28 2120015.4435702288
43 31 89864178.03079295
43 32 46277172.84041939
43 35 4094830.7165355003
43 37 39956495.70979805
43 38 4979614.982485582
43 40 80116770.9275525
43 42 275802.99658524053
43 45 49894873.80271853
43 49 1722315.801863299
43 50 4924381.778695387
43 51 157388389.26559377
43 52 5533434.249879211
43 54 34481260.49673519
43 55 16521970.966497583
43 56 27730021.252073932
43 59 4284835.825505542
43 64 159279160.19717613
43 65 11405955.222129786
43 66 8176408.973684811
43 67 190462205.12063238
43 68 7533184.308945785
43 69 27373152.753560867
43 70 25349772.90200195
43 71 210526902.7994799
43 72 81969493.62684235
43 74 8546696.173265295
43 76 43366975.15597336
43 77 279439.645508659
43 79 9962530.426467726
43 84 35817222.25255353
43 86 14136147.409581453
43 88 8908840.416394819
43 89 10442103.269448198
43 91 5047391.320308957
43 94 23256005.468450777
43 97 4321955.291139892
43 101 44798254.43249031
43 102 42868018.29884426
43 103 52255823.45848822
43 105 19770401.09147269
43 106 104673442.42582692
43 107 8419819.48299602
43 111 37673648.946522355
43 112 23480943.268429495
43 113 65242237.37457874
43 114 62358601.93585027
43 115 20459188.908382364
43 117 210941545.5226827
43 118 28881782.26262516
43 119 493990.7390225459
43 121 7485715.090027579
43 125 15424794.345479822
43 126 54484111.501845725
43 129 7275559.048544652
43 130 10731199.869872848
43 131 42767522.84930783
43 133 64100067.090078294
43 134 10671660.16268404
43 135 4138473.2661900837
43 137 88020348.64393374
43 138 52979872.165155545
43 141 2512402.276844028
43 142 115514881.76426841
43 143 951729.8694887176
43 146 2923885.762324143
43 147 128178552.46440706
43 148 5599839.123857442
43 149 939632.0284703884
43 150 44753651.116522335
43 152 49067424.656529106
43 153 66506446.10928903
43 154 149708215.99071592
43 157 225028546.2259413
44 0 3207888.432629134
44 1 176316024.21633348
44 3 8585691.331291188
44 4 23938454.104339853
44 6 37132170.843784235
44 7 114549402.88033399
44 8 19014090.893577226
44 12 38552279.57689492
44 13 95432199.02826536
44 14 93548581.6963557
44 16 803438.9518360988
44 18 10397195.8501957
44 19 181592335.7703284
44 21 77833455.82798515
44 22 35531.20125427668
44 23 1772031.8292907737
44 26 89507808.42964214
44 30 172625117.185219
44 31 289946744.01690334
44 32 143805880.29773566
44 35 75026822.51971234
44 36 36902764.548430346
44 37 113305898.29667939
44 38 45982257.0869472
44 40 119275885.81518714
44 45 18832852.747122593
44 49 37866536.163596205
44 50 5365658.11482342
44 51 491623251.7134646
44 52 1234831.9716213238
44 53 4335380.901910718
44 54 311686830.76692533
44 55 13465419.973656824
44 56 17596263.258063786
44 58 19507341.367523238
44 59 1962696.89492754
44 64 278769452.8304485
44 65 144971815.8558024
44 66 3141434.5347635527
44 67 228759323.5755685
44 68 107286168.78140369
44 69 100275459.3173535
44 70 45085191.35030784
44 71 34232724.779163584
44 72 40189853.893743195
44 73 56210232.47776476
44 74 27928136.787856076
44 75 22417761.57864872
44 76 45297788.04080817
44 77 12912613.46366585
44 79 4871438.929768477
44 84 61705953.6769559
44 86 63984027.2504942
44 87 231505.02750411426
44 88 2262476.4172265446
44 89 1826002.3194610951
44 91 7244654.309424446
44 94 248966908.5092533
44 95 13928845.888875954
44 97 80713620.90921184
44 100 7278205.46462051
44 101 73922922.24003404
44 102 23141124.636138655
44 103 79553199.82975523
44 104 9925875.949245347
44 105 13621188.284410534
44 106 5931499.72369644
44 107 3225648.466202483
44 109 37041622.070982285
44 111 36483872.67471293
44 112 626107.0068618833
44 113 25473229.357675508
44 114 144911139.23784697
44 115 50307828.60391562
44 117 77713124.56034096
44 118 86644600.73526892
44 119 6733817.819761575
44 121 2202676.5499627707
44 125 49478669.88492393
44 126 10008078.64587854
44 129 109227390.00954933
44 130 10979620.396375995
44 131 12299101.257973041
44 133 38049743.32308959
44 134 151841521.7546865
44 135 5805126.57843785
44 137 29172182.31082473
44 138 44086309.5135721
44 141 10994080.742832797
44 142 70006292.98927654
44 143 4001849.7110812943
44 145 26808946.672408108
44 146 38269134.61095508
44 147 2821913.2256897446
44 149 37448195.27634983
44 150 7239480.253660104
44 152 7738574.512744135
44 153 15768434.580247905
44 154 92505710.80596536
44 157 107964216.34319164
44 160 13602075.167373318
45 0 21525757.883709356
45 1 15221990.948228145
45 3 8804083.803046813
45 4 33311534.884000644
45 5 33600586.84616468
45 6 71383532.4840331
45 7 85203650.07649212
45 8 6041887.123205648
45 12 4600085.299564763
45 13 35189882.71187941
45 14 10269434.694485215
45 15 400940.72391650255
45 16 2557365.6545630204
45 17 1702135.3987089067
45 18 12505268.613206962
45 19 505897131.65692544
45 21 6442084.812509958
45 22 4410128.68144414
45 25 2311228.9613936017
45 26 42982693.00622116
45 27 5980387.625768737
45 28 673872.3532123487
45 30 69485163.25375538
45 31 139169529.00480282
45 32 137253788.3310449
45 35 30358224.831039995
45 36 7904984.04274713
45 37 8751950.180694245
45 38 70650650.4803808
45 40 41796371.552446194
45 42 3298718.8769802563
45 44 1365136.349735872
45 46 108174433.79407609
45 49 133368862.32499036
45 50 4811263.976762039
45 51 18357298.669697072
45 52 3087519.29436732
45 53 3562562.9693954373
45 54 76172618.57803082
45 55 14581319.823208505
45 56 55144658.292951986
45 57 4587238.401911581
45 58 76504103.69882646
45 59 8348542.426245317
45 61 14754469.488096846
45 63 24446147.587839656
45 64 119762075.1753369
45 65 30110975.966346685
45 66 67442041.43031216
45 67 32717008.13763566
45 68 158249710.34219036
45 69 32739728.56123776
45 70 156195031.1188211
45 71 6282484.507061973
45 72 39354592.40863316
45 73 2957017.9769195095
45 74 108101006.93030886
45 75 1468163.7305388395
45 76 9512983.948761271
45 77 15017630.299596176
45 78 840679.4672093627
45 79 1920433.237555164
45 83 35110314.30458464
45 84 62113479.174517274
45 86 3917006.766370446
45 87 3029569.7077068235
45 88 100580.34457843594
45 89 13276396.62460142
45 90 3792277.6096110856
45 91 4081475.824345188
45 93 2642143.7681034287
45 94 2900592.3685701275
45 95 998046.1187382822
45 96 12736340.029608825
45 97 16514549.314330997
45 100 6820116.598787234
45 101 96849057.270993
45 102 181886874.39605084
45 103 19623144.75723887
45 104 2345908.3424567664
45 105 55123822.79192281
45 106 28081203.22417295
45 107 1266189.7959412045
45 109 37933719.636274084
45 111 34028710.007412195
45 112 4993471.772806731
45 113 103244459.94722112
45 114 134457895.4473713
45 115 56982635.36058072
45 117 69893133.04441737
45 119 273397.4124118791
45 120 234569.72018478654
45 122 1953469.1463809127
45 125 55185161.796188034
45 126 20758823.531806488
45 129 7668121.629085883
45 130 48712150.82357541
45 131 40455269.8734904
45 133 37377637.507632576
45 134 13003250.397575025
45 135 874460.1660926355
45 137 143917209.0282
45 138 94835268.24859129
45 141 9109519.474006977
45 142 16395840.907796465
45 143 8420892.715684945
45 145 20510122.627355292
45 146 39629732.65389398
45 147 55087854.10516465
45 148 28332806.117532026
45 149 246751.00305801575
45 150 27481534.807051748
45 152 229541747.60769346
45 153 23836383.77761396
45 154 19565041.70891188
45 157 77799617.4302111
45 160 3362780.072247528
46 1 2110895.4259908632
46 4 29782278.58558133
46 5 21830902.03927741
46 6 12540493.922908915
46 7 10634468.032741604
46 8 2041203.0527449213
46 12 22222450.110056397
46 13 13570663.943700043
46 14 31773071.457159046
46 18 13117172.381198412
46 22 9058027.568122715
46 26 80842895.83250645
46 30 6541016.648322466
46 32 77161482.16429645
46 36 5751452.918468606
46 37 31222833.302188758
46 40 623062.5437188817
46 44 42402104.23213227
46 45 15619310.5535518
46 49 25057869.30978264
46 51 102716885.00152585
46 52 20787732.368969727
46 54 15905727.846501678
46 55 8088189.2272162195
46 58 116415444.68355796
46 63 21553654.97488201
46 64 44330235.48919962
46 65 55590134.06589195
46 66 8834992.76480456
46 67 45409569.95358246
46 68 2250992.609406883
46 69 4266324.294884216
46 70 14290703.779012509
46 71 91949851.76442157
46 72 45053021.82725603
46 73 8457513.884379996
46 74 41039131.18187001
46 75 11219190.50977774
46 76 80752291.41693994
46 77 16606394.778511748
46 79 11954414.155269498
46 84 75212583.89332667
46 88 11753909.127552137
46 89 13065381.15734442
46 91 1296063.0044672303
46 93 24633687.397574876
46 94 71141756.24456725
46 97 43035500.878961205
46 101 169837835.62254795
46 102 44114743.49722841
46 104 1603142.1192649787
46 105 63415262.47026561
46 106 2751471.1262342725
46 107 135591100.50185922
46 111 8585407.708622428
46 112 15623161.43477043
46 113 47046174.747504584
46 115 188394331.632658
46 117 18787877.08313636
46 118 8214771.55597615
46 119 15365.756835496479
46 120 2940388.891248561
46 121 11320844.380967608
46 122 1319883.9519826998
46 125 113317736.59891984
46 126 5636982.981403116
46 129 169935.49745026702
46 130 2222595.068734553
46 131 24970633.82651799
46 133 7555725.632137734
46 134 15125717.706266517
46 136 7497340.603468474
46 137 92484097.42132156
46 138 39785794.36079911
46 141 14691426.439428227
46 142 152299070.78174123
46 143 12282156.644506704
46 145 21285497.61231619
46 146 27264900.52704632
46 147 58304869.04835807
46 150 38116310.52450563
46 152 44314678.80884367
46 153 58498677.53491837
46 154 191221595.49039528
46 157 21363545.625802416
46 160 7886168.310133481
47 7 1992274.9739700241
47 14 915832.2472863024
47 21 20394982.952130754
47 26 20163716.34319377
47 37 11005435.862496713
47 51 15084376.358969556
47 54 14665058.772867803
47 56 43152018.38290468
47 72 7236927.945049755
47 74 10700258.321883297
47 89 9903511.076206177
47 93 47742596.01453526
47 97 56541310.62007102
47 101 32935237.86288908
47 102 4314863.126088943
47 111 1863574.781635253
47 114 6542510.861882632
47 125 16513705.847893061
47 129 25628866.479858816
47 131 3146906.7253238442
47 133 16561015.987481337
47 138 3035010.1881469823
47 146 40250854.03465442
47 152 378246.4766747751
47 154 4661465.009419204
47 157 107128596.39946885
48 4 10344202.865662144
48 6 2193000.71633645
48 7 7949150.176920078
48 9 4243428.071318826
48 14 1859650.6974452222
48 19 35503826.680232406
48 26 22228096.60735803
48 32 25052654.866366394
48 36 4883230.758565814
48 37 21661115.733623285
48 40 44216138.821928225
48 50 7128761.352560936
48 51 4679330.379211842
48 54 15293375.930359002
48 55 2809085.4879605686
48 56 12830902.45021398
48 64 33311511.598308124
48 65 1314229.059543623
48 67 9507655.983147811
48 68 46879034.22071217
48 70 16645977.403472746
48 71 10239144.130225375
48 72 20399781.741452325
48 74 8964810.49235882
48 79 30403168.43313792
48 83 3882049.6504524667
48 89 9360568.44761867
48 97 25635039.752488934
48 101 23848955.905375145
48 105 11987131.435520083
48 106 5400539.020113948
48 112 8039018.254678312
48 115 7343252.4837561315
48 126 270668.4805220418
48 129 24266594.44181561
48 131 23841059.792186886
48 133 1582015.8239747689
48 137 14371343.710727036
48 138 293480.2359999939
48 142 2006473.3245485323
48 145 30748485.590506595
48 149 4041213.849664209
48 152 1249967.0863645289
48 153 16662809.310626518
48 154 1622058.2858313615
49 0 10132767.7247243
49 1 15300555.971437277
49 3 1012197.231566577
49 4 316956758.95289284
49 5 16156682.078853557
49 6 2071149598.68398
49 7 143309486.56056777
49 8 28771077.699083727
49 9 44760823.87683818
49 12 4432380.486877724
49 13 30658570.45153284
49 14 539966748.7983083
49 15 10580002.33913011
49 16 22976640.64516841
49 18 49343663.98466417
49 19 623265504.6606461
49 21 12762939.599819878
49 22 1222800.4978429466
49 23 313223.5540060801
49 25 2199528.997408663
49 26 1477974419.1991258
49 27 2548703.2481589466
49 28 1052456.8900294828
49 30 331054123.337016
49 31 1102330760.6646218
49 32 553639278.8576845
49 33 692925.5766950323
49 35 68610155.80438475
49 36 18478945.480043836
49 37 16963667.233887553
49 38 91831980.59751837
49 40 370570726.9151715
49 42 2421659.838724687
49 44 15145363.115872439
49 45 227836930.3196409
49 46 13022169.32239813
49 50 7454216.181826434
49 51 673976522.2497674
49 52 260200.66801715113
49 53 4799158.369110243
49 54 394535878.8579597
49 55 28506373.281920984
49 56 468766378.91177285
49 57 2006586.425103519
49 58 12219447.044984495
49 59 2092296.6025749065
49 61 20595769.899293534
49 63 94661044.41798134
49 64 2069224420.866442
49 65 79408662.97170718
49 66 11170260.92329647
49 67 1327962586.0906148
49 68 425367156.4208693
49 69 95338275.34262526
49 70 773016040.1883678
49 71 1283188646.373534
49 72 3292177976.2444196
49 73 28023498.220071085
49 74 499038806.60606676
49 75 56487358.645685114
49 76 9497808.954725089
49 77 17877044.295979835
49 78 396549.03609951347
49 79 1328620248.9284134
49 83 55988004.03165542
49 84 67220251.97912633
49 86 16277950.06399122
49 87 4098807.767948899
49 88 3617728.0862779566
49 89 131682879.56889282
49 90 24242614.913276896
49 91 5549558.011617441
49 93 7225166.299244435
49 94 1921706551.4189537
49 95 12837880.54537546
49 96 11788427.996819424
49 97 363316646.36307204
49 100 50697973.56394214
49 101 696367839.2082324
49 102 192351974.77667397
49 103 1899537.5292883918
49 104 1928063.531665598
49 105 69114667.13301006
49 106 73894996.64598398
49 107 24470823.48433831
49 109 29296944.318578385
49 111 18778016.880635243
49 112 368292210.93186134
49 113 857083104.9098055
49 114 804687262.9060636
49 115 211085511.46618897
49 117 202184896.50028035
49 118 1562492391.81712
49 119 1341794.8901576668
49 121 7617776.091770808
49 125 704233991.4461256
49 126 1411920.0868282048
49 129 29962623.65677505
49 130 48408133.05690934
49 131 1000430986.9322683
49 133 42119576.613981366
49 134 378704128.12755716
49 135 3065766.3702263525
49 136 3506809.8970572464
49 137 214247936.61279923
49 138 1466352758.7002218
49 141 4381418.200309278
49 142 1527705724.2473333
49 143 30458300.018197585
49 145 40308697.734033614
49 146 12259854.090505095
49 147 45320366.638457485
49 148 22903270.888202924
49 149 2367967.7577499594
49 150 62870620.24648254
49 152 854294380.9174144
49 154 19112459.69761117
49 157 683437887.7183205
49 160 3343511.072204656
50 1 7952650.425362048
50 4 18705639.254968178
50 6 13806796.911878517
50 7 1852229.3288444742
50 9 421262.1926686962
50 12 1894675.23980718
50 13 10919565.805652795
50 14 958104.6129571334
50 15 1120897.931543483
50 16 4712469.658459766
50 19 3796937.2222751677
50 21 3254949.9028200163
50 22 3425798.875687128
50 23 215667.88127285635
50 25 1695396.771668829
50 26 3989142.515755074
50 28 1422709.3266632636
50 32 15392641.56279125
50 36 14024164.188525619
50 37 4358189.755527321
50 38 1468866.1858733518
50 40 4567257.235126564
50 45 16368894.33613981
50 46 1990061.5687345795
50 49 458698.1563075385
50 51 1557449.3804867386
50 52 322495.26233095763
50 53 231947.67741480228
50 54 717224.6136826738
50 55 1182598.1169018853
50 56 9355465.509851156
50 59 541261.4025731613
50 65 5973146.221657707
50 67 8422040.241142383
50 68 21376753.519055992
50 70 7607109.757746143
50 71 4056206.950766926
50 72 8236306.242539701
50 73 1049835.1994690765
50 74 640768.0295117596
50 75 4890155.548535102
50 77 2017426.2912891626
50 79 4176902.4276958024
50 84 4787803.841942685
50 88 5668969.027850535
50 89 1392891.0274834598
50 93 15088232.353131834
50 94 7279187.4487402765
50 101 4515518.214288905
50 102 14344839.54366629
50 103 525017.5497223744
50 106 12950314.696859004
50 107 1611243.4403130538
50 109 9214932.676759634
50 112 797169.5925052736
50 113 7321653.250523498
50 114 3945416.1736953733
50 115 5870668.285978065
50 117 2701258.9551290157
50 118 10843400.947030207
50 125 3969385.5739711863
50 126 1112719.386781602
50 129 11151283.984381152
50 130 1518.1943766523655
50 131 4726326.367129398
50 133 12717460.401004165
50 135 1498994.1697397262
50 137 3435015.9931857777
50 138 3500496.3501647823
50 141 3130999.5077007343
50 142 1348751.3522325768
50 143 2189684.7754790313
50 145 10580595.163000116
50 146 10569682.605212055
50 147 1110034.81997372
50 148 15468969.792733653
50 149 5847949.981010555
50 150 7164547.642824286
50 152 799186.4316938051
50 153 1702255.3917126805
50 154 6065440.294875086
51 0 14453811.364480015
51 1 390856738.98434156
51 3 4123478.459397526
51 4 53515534.35399335
51 5 32459818.091281135
51 6 1271083473.311766
51 7 1565184054.0400484
51 8 9400930.923107767
51 9 21897085.606800914
51 12 11766749.379368348
51 13 99032437.25573885
51 14 213658458.32250282
51 15 6249614.716679201
51 16 22232578.909476765
51 17 32927728.258502834
51 18 52968325.89126327
51 19 1070008893.7236835
51 21 199734103.77712047
51 22 7988792.058042725
51 23 1022741.800811027
51 25 10017681.594415244
51 26 4027667075.4753714
51 27 21506366.400129028
51 28 365612.76894390903
51 30 54935044.21375028
51 31 1628076451.2644272
51 32 124532607.30298615
51 33 618274.3809990239
51 35 18236656.560031917
51 36 75526603.18231349
51 37 10445945.000593277
51 38 113698308.97080334
51 40 1272513530.0384512
51 42 954989.0304381036
51 44 93124992.19329436
51 45 294499331.34135514
51 46 6031166.428747497
51 49 1089168959.4656346
51 50 25230810.885464925
51 52 17313280.034861315
51 53 1118510.3736138993
51 54 42834642288.487465
51 55 20783226.93810421
51 56 109880424.51553883
51 57 1566641.400122473
51 58 76103429.74264653
51 59 1269393.5263266684
51 61 2215256.939400321
51 63 63760142.1700813
51 64 3448339451.4847918
51 65 1352939877.4589696
51 66 3070078.162869435
51 67 857771342.36957
51 68 181220418.15101165
51 69 527876038.82912576
51 70 543333391.6132095
51 71 971033624.7423879
51 72 70440483776.40588
51 73 15758646.858965376
51 74 11289525300.163261
51 75 29201667.33638141
51 76 30525495.784505945
51 77 37009092.28738199
51 78 21039.604460741582
51 79 5018832844.015087
51 83 11511693.44098044
51 84 32142885.06933479
51 86 275690287.64542454
51 87 4793197.02884316
51 88 13233308.84183035
51 89 1311670513.8181753
51 90 2536962.0457866024
51 91 38569956.318169326
51 93 12417974.229258304
51 94 6136678858.9972
51 95 4488224.01556307
51 96 22615284.835073706
51 97 232508280.22154287
51 100 4480021.029637617
51 101 847901163.0744231
51 102 179063832.287241
51 103 2025862.497944543
51 104 21843533.47266831
51 105 11521928.979207644
51 106 4538553703.198552
51 107 175408062.84612647
51 109 145463461.2989782
51 111 251532.32199022538
51 112 43693960.581481405
51 113 441225308.30349445
51 114 623075300.158611
51 115 269288835.6645336
51 117 118915328.54980433
51 118 378738683.0872536
51 119 93800.73422121053
51 120 1513337.958999791
51 121 52659.269864200905
51 122 455969.19131730625
51 124 144319.48738250622
51 125 94436143.68648088
51 126 38626923.94998418
51 129 3619234506.3479276
51 130 62503340.51953776
51 131 842189545.272003
51 133 14471150499.568274
51 134 10170308.925750023
51 135 805899.3338978043
51 136 5818660.051414301
51 137 1787100215.5532358
51 138 1847856615.41647
51 141 30594636.080443796
51 142 383504639.4214785
51 143 13110790.738105904
51 145 8959474.969307061
51 146 37478145.0068372
51 147 2197630853.1639795
51 148 1277580.011408461
51 149 13345781.646361481
51 150 37040085.022321366
51 152 18147422755.183735
51 153 7299028.491325169
51 154 23319706483.328793
51 157 381923423.23433095
51 160 4610219.464529672
52 6 54980605.902251855
52 7 7123778.702710418
52 8 6181099.546212346
52 13 112763.18071665756
52 14 40527016.928460754
52 19 18548784.35766241
52 21 15465424.24836731
52 23 1264382.9013313204
52 26 43526692.36556834
52 27 2891415.5659456374
52 31 8524636.768080072
52 32 8650301.85405916
52 35 17626796.01536825
52 36 40429676.41821984
52 37 28720240.94414499
52 38 6477128.344967452
52 40 15092358.207390528
52 42 402347.84601137356
52 44 38361103.50027238
52 45 31077119.831750687
52 46 31395820.27914535
52 51 42474384.86640545
52 54 13622400.109446298
52 55 18776134.59130717
52 56 64152958.72985197
52 59 16589692.393818025
52 63 15718923.630590077
52 64 41801662.59659431
52 65 78604626.20910108
52 67 54176430.054627754
52 68 4675947.683270955
52 69 46871257.22172489
52 70 67414551.43351535
52 71 18018310.625304144
52 72 5416292.903544645
52 74 52577124.63464482
52 75 1801798.0192147752
52 79 4050095.6451453874
52 94 33231720.303134672
52 95 20952183.775332946
52 101 13767087.072909912
52 102 107247757.72385402
52 103 39962599.37412646
52 104 9178804.29554293
52 105 8853622.558941945
52 106 32631260.996130392
52 112 4193764.929460431
52 113 86706504.12827958
52 114 156054943.20737144
52 117 3770301.036026621
52 118 59194960.61377162
52 125 20593972.950529795
52 126 11175822.28078267
52 129 51703583.88099839
52 130 68264218.95113422
52 131 123520347.5498898
52 133 11336981.246345202
52 134 20807469.334077872
52 135 630072.6863375134
52 137 20346421.62056656
52 138 93187778.07928772
52 141 5206074.046287125
52 142 33122476.260286234
52 143 6547445.664044696
52 146 38015.46509547292
52 147 22717133.096470784
52 149 2773394.962182022
52 152 11982341.534529405
52 154 73595654.33205521
52 157 1578940.4218421686
53 1 2384188.9145358047
53 4 311714.49535872636
53 6 4862067.710287926
53 7 741927.1886995881
53 14 74824.68041913408
53 21 361550.03593222384
53 25 2849356.822887835
53 26 314200.0042342631
53 32 4109688.589580264
53 37 589438.3050941633
53 38 225454.3599615211
53 40 5089927.462199576
53 45 1776708.9646772102
53 46 2387650.2874866757
53 49 1149516.6725631554
53 50 304790.97697931714
53 51 115165.72959746646
53 52 515582.77950929175
53 54 1227498.3630465127
53 56 4795447.025611198
53 64 659121.2500463508
53 65 1601791.9232803362
53 66 1174285.587625672
53 67 161511.9750959851
53 68 213062.6467627375
53 70 1463652.9116193422
53 72 136454.54343879543
53 73 105417.83251245688
53 74 192226.0865471349
53 75 1180635.0940765464
53 79 179255.6418359357
53 83 561672.1472622437
53 84 2990123.783278514
53 89 2532276.8754601968
53 91 1864653.4647589002
53 93 119138.66148161794
53 94 1641244.4429460792
53 97 227085.8786629874
53 101 67712.09761092802
53 102 703197.8431504595
53 105 1921444.5601953338
53 112 1642732.1746142318
53 114 1253012.2136676218
53 115 41726.87288302474
53 117 3320295.7434298196
53 118 3498426.040188708
53 125 967862.5536952864
53 129 1051923.7806492175
53 130 709094.3664633015
53 131 439364.4381510877
53 133 1340789.819596772
53 136 1548451.4058035559
53 137 1842706.6085023405
53 138 1147342.23250417
53 141 1473923.4565349333
53 142 1719838.7825833499
53 145 2116364.5834940784
53 146 354229.7752448139
53 147 862093.7913438788
53 150 1242954.9351955894
53 152 31769.787891554537
53 154 649882.7215480233
53 157 468798.261113843
53 160 787050.1720954932
54 0 15539178.406548986
54 1 123401363.35472125
54 3 6165315.030649105
54 4 397940291.714428
54 5 19633148.891999193
54 6 571167288.2966896
54 7 2744307781.5532017
54 8 12696542.55929199
54 9 9588922.163692296
54 12 36102304.3572146
54 13 114178767.87627725
54 14 367193148.4739367
54 15 6200013.877457515
54 16 17202487.682115037
54 18 6913444.4713979075
54 19 265613276.13444367
54 21 24473880.180800926
54 22 16791783.59870864
54 23 362016.68374046223
54 25 70131821.57167716
54 26 9324786908.473652
54 27 20396421.442888305
54 28 1807304.4719359297
54 30 924182970.5236824
54 31 13941244935.78637
54 32 63023966.85300477
54 33 1377253.6588962441
54 35 255504272.28802544
54 36 21747650.263043694
54 37 38586231.84373934
54 38 20271262.965507153
54 40 1927911097.2284544
54 42 532452.6840598508
54 44 12785935.527736498
54 45 169096365.76260766
54 46 16167923.195064913
54 49 1199685.067373448
54 50 10424048.326476125
54 51 4202429560.2533264
54 52 13343452.11359918
54 53 2020874.8860949704
54 55 24465436.900363427
54 56 1184421716.5713758
54 57 2009341.277862882
54 58 126509506.6484031
54 59 8798255.082048746
54 61 136619.154636741
54 63 15596601.37622823
54 64 6989506875.506215
54 65 56751808.62509723
54 66 27874061.292404648
54 67 1637532504.176241
54 68 183009307.6791431
54 69 910663239.7609806
54 70 4713504909.663683
54 71 1440252608.600123
54 72 16167631939.469784
54 73 11200435.716676794
54 74 35046137426.37104
54 75 85255362.46121536
54 76 23832695.911536094
54 79 4662961557.346906
54 83 13251226.820762021
54 84 42434304.86204909
54 86 11888144.155867215
54 87 1235465.9627707442
54 88 31151644.012499847
54 89 3278025985.9078774
54 90 7199021.99984511
54 91 17883152.703282073
54 93 2963001.2225670656
54 94 3717501142.028387
54 95 621419.0643199227
54 96 1526032.3045687343
54 97 111918498.989171
54 100 16064645.648129161
54 101 5346840539.972778
54 102 1238522638.6646
54 103 7475287.492077967
54 104 5682584.087927435
54 105 46370004.46955368
54 106 1956610062.1747508
54 107 102646632.95848192
54 109 70828984.94654085
54 111 112386389.32778023
54 112 161466379.2762568
54 113 582356170.4367034
54 114 3436749761.113943
54 115 105190460.26295882
54 117 421838398.2749868
54 118 1695728280.5950062
54 119 3110490.39430397
54 120 2038723.7238320778
54 121 427793.13004861557
54 122 36589.50207423954
54 124 552295.3067004731
54 125 1220704604.3671439
54 126 10046171.04224972
54 129 11467521467.62512
54 130 252631360.26574695
54 131 90160751.68088731
54 133 14160771894.948547
54 134 291019669.0251381
54 135 3509604.586190647
54 136 7680164.414232885
54 137 10024119573.069834
54 138 2491562185.6097164
54 141 4265631.319915697
54 142 379307819.75462383
54 143 7566044.081804684
54 145 26648172.2026633
54 146 329647904.3606669
54 147 477446639.28264415
54 148 17441362.75956151
54 149 33222480.9906974
54 150 35116271.436104104
54 152 8547481516.095688
54 153 55516423.432265155
54 154 71780377644.381
54 157 223377813.14078584
54 160 2672851.336209483
55 1 16836331.991055507
55 3 1844368.2498270725
55 4 17821593.717287514
55 6 19550948.866584808
55 7 19756014.00159314
55 8 1333251.6640623978
55 12 9970883.58413894
55 14 1458914.9873568986
55 19 40701032.346036874
55 21 4806535.249030444
55 22 23112998.452650324
55 23 6676152.605915332
55 26 6928625.532900708
55 30 36942682.49175836
55 31 65955496.107140794
55 32 25244163.357076056
55 35 3640858.2300254754
55 36 1355154.2985917605
55 37 11324938.729006106
55 38 18106482.206567854
55 40 39828398.98309849
55 44 5590351.139666594
55 45 26161916.246580534
55 46 62346777.15949448
55 49 14609746.007036963
55 51 32602597.649119962
55 52 9587363.050109485
55 54 34311258.25293162
55 56 85563146.26569462
55 57 2661749.3739395193
55 58 34516043.49533744
55 59 890494.4855702899
55 64 45572759.707567714
55 65 32209829.94952804
55 66 26809284.58273009
55 67 2210997.7102763597
55 68 5441208.473998946
55 69 3633369.926948895
55 70 41014509.958572716
55 71 29028547.9418696
55 72 40397242.899181694
55 74 61889657.81648109
55 75 69167113.04286793
55 76 40717399.34548866
55 79 803359.597314731
55 83 46748443.24487563
55 84 14979667.744979648
55 86 32293142.641664837
55 87 14755199.754953546
55 88 21880067.32265111
55 89 14073209.465247286
55 93 4002716.6752881054
55 94 40538812.613732904
55 95 512189.86878359155
55 96 3853541.755211121
55 97 1377242.7812419448
55 101 19944929.05298247
55 102 14912804.403038885
55 105 7772166.493349353
55 106 31121110.710424364
55 109 4091307.805660492
55 112 20810851.13677049
55 113 8885271.621723909
55 114 3775553.154137846
55 115 53005694.69673906
55 117 25158250.82054297
55 118 17072750.82431031
55 119 792537.8043294451
55 120 1499932.7675670295
55 122 9953.003021569988
55 125 20647510.81836333
55 126 696157.9646906322
55 129 6212940.031063533
55 131 32661198.77585343
55 133 2814442.5894188057
55 134 12450254.714876162
55 135 32222239.633367114
55 137 1720017.288591714
55 138 1510947.4451735432
55 141 9361663.949013054
55 142 71653551.51625557
55 143 5440741.74634164
55 146 12746381.88120932
55 147 47810178.0321697
55 149 792134.4305600122
55 150 1683952.207338988
55 152 67418520.310749
55 154 47244750.371334806
55 157 835306.3714330294
55 160 1924342.6472790723
56 0 12691768.641203327
56 1 13028278.540837241
56 3 5613451.144144533
56 4 160825260.16438508
56 5 4961724.560589841
56 6 125982721.83419405
56 7 1426026.5880561522
56 8 36681781.82939075
56 9 21712774.734085683
56 12 15492979.040490491
56 14 402775081.2273962
56 15 3889125.508449505
56 16 466633.5067065104
56 21 66435275.600889705
56 22 14168910.296276316
56 23 299608.9715919148
56 25 20662750.16585619
56 26 294246231.72712815
56 28 1869248.9488298572
56 30 103065928.55280857
56 31 103523234.36640692
56 32 130084392.68706131
56 33 607113.1691050422
56 35 50280560.82094625
56 36 2200725.126082785
56 37 68506604.38784227
56 38 44144494.845825225
56 40 77119277.88707843
56 42 3091854.728286203
56 44 5489494.502219343
56 45 185513281.8554703
56 46 11455205.679960659
56 49 98601089.55737525
56 50 273106.06843325
56 51 69809545.23588191
56 52 1683871.1449512609
56 53 1854159.0856692467
56 54 538662844.3640674
56 55 27847487.967822876
56 57 1019221.735303182
56 58 214393201.93093935
56 59 3032757.4537232653
56 61 6150843.0042552855
56 63 10813602.70522019
56 64 146543032.32649082
56 65 385735461.7739599
56 66 14516929.081963874
56 67 91212185.63850857
56 68 413138097.0304051
56 69 74629353.44114295
56 70 375972851.33842546
56 71 338954557.59548604
56 72 349557016.87150395
56 73 18246485.51400519
56 74 295398186.89860564
56 75 46583649.822635
56 76 19045643.34694762
56 77 915246.0227915267
56 78 274783.0596788098
56 79 133698694.00901979
56 83 27379070.338102445
56 84 8964543.799441122
56 86 189729542.2981863
56 87 4234595.089919636
56 88 2810452.7232310427
56 89 149572564.9323372
56 91 324137.71257853153
56 93 4987381.650043958
56 94 121122291.7266257
56 95 18859253.757392514
56 96 9850347.719979418
56 97 27665764.41907316
56 100 39865125.37713387
56 101 1475030.0753148517
56 102 69467900.73783925
56 103 59169028.80791916
56 104 27721880.404032353
56 105 88334791.1740451
56 106 221701786.6695495
56 107 1025506.5139628821
56 109 145737651.95278788
56 111 23571774.895651393
56 112 23727429.407199778
56 113 562732349.4118854
56 114 10448260.119333997
56 115 311824841.05830455
56 117 119211944.19718575
56 118 211780199.40652
56 119 2081079.3888826915
56 120 273547.08579010575
56 121 5558903.034056784
56 122 770546.1597966201
56 125 42293528.37583586
56 126 12110842.735760208
56 129 121633395.03323491
56 130 90365020.5816902
56 131 514634998.23866624
56 133 23505364.301572636
56 134 61276275.37181341
56 135 8570063.843503218
56 136 1655878.193277135
56 137 316393541.5360532
56 138 27426943.528156195
56 141 26384181.570367113
56 142 5433976.275438528
56 143 3660468.0030895555
56 145 9627842.619681783
56 146 83525991.09455417
56 147 12594245.85752997
56 149 9263425.599474687
56 150 41307140.89519072
56 152 311981578.1249749
56 153 31297216.73827973
56 154 82607771.58799542
56 157 34337534.10805158
56 160 12306834.953358352
57 1 554484.8292571664
57 4 329164.49573443603
57 6 554003.9910902191
57 7 1344729.48058694
57 14 1489432.8429173825
57 16 88920.61792945115
57 19 115184.7896343466
57 22 1091935.4141570395
57 26 2143254.8213943406
57 31 404069.39937477437
57 32 638528.6419997549
57 35 1422804.7024740232
57 37 2320852.1562198405
57 40 532704.2271844825
57 45 257390.59731260673
57 49 338526.7979364901
57 51 1265069.7807262319
57 54 640790.9667776609
57 61 482069.5647020659
57 63 13243.548362448215
57 64 148515.5959488966
57 65 1381475.6792761178
57 66 452811.08834167465
57 68 454267.9384782342
57 70 140016.67435138472
57 72 101223.82106227483
57 74 273057.46740831644
57 76 481037.60074117867
57 79 93644.98406801975
57 83 554112.8509586501
57 84 791949.2326724024
57 89 2412605.896224727
57 93 78481.506658315
57 94 1676094.4952215427
57 97 80870.2761834996
57 101 747455.9588076298
57 103 369888.15309179673
57 107 1305076.2919383938
57 112 783185.3832448686
57 113 430933.3203776993
57 114 144805.13005761348
57 115 1237871.4608494365
57 117 113001.54305162205
57 125 674147.8350373232
57 129 372613.21843246574
57 130 1237050.8992665182
57 131 612421.2958540382
57 133 475982.6897469868
57 135 1519373.2935099183
57 137 202693.33734320264
57 138 1774159.168680936
57 142 152425.7615604657
57 145 989679.9731962926
57 146 1679700.8715451784
57 147 499336.6400096664
57 152 186337.2983280105
57 154 402013.8657292724
58 0 8223223.115828786
58 1 36406507.769840814
58 5 25944922.028991327
58 6 110851020.06769742
58 7 67028336.006029695
58 12 9531131.924324974
58 13 54336239.63999603
58 14 8066670.728962321
58 15 639593.749294263
58 16 10610777.000400795
58 18 23473729.265721723
58 19 39677045.99351111
58 21 36366732.17958811
58 22 3228436.8917416194
58 23 1689324.7401168323
58 25 3091709.0832248456
58 26 24251416.85206567
58 28 3139225.4330359697
58 30 101644276.24452862
58 32 86337194.9150012
58 35 35064482.21070473
58 36 7250362.471966296
58 37 8694527.4453259
58 38 105347754.70118108
58 40 54397172.76641079
58 42 532516.3105988441
58 44 9121907.86418857
58 45 21908584.783637054
58 46 75990934.95268834
58 49 81560865.25734854
58 50 17882819.283245154
58 51 126934354.56397206
58 52 11020375.763985727
58 54 35388534.31361099
58 55 43870719.28118657
58 56 83223929.51155885
58 57 818988.0020915635
58 63 985184.5866561698
58 64 126655264.63585871
58 65 5582549.723580357
58 66 54839007.02490573
58 67 58049332.1469307
58 68 5957611.358635634
58 70 23655906.160776913
58 71 52261733.6928575
58 72 51872552.358827196
58 73 72960259.03664216
58 74 285674851.12171525
58 75 56815394.441377915
58 79 28693234.51497302
58 83 19258976.36164676
58 84 9860764.560752911
58 87 12958125.353446184
58 89 105758255.06860578
58 91 18764579.6802894
58 94 83584337.86203355
58 95 14001890.983610073
58 96 4152023.939963509
58 97 156505136.6739324
58 101 7971413.58219554
58 102 53477307.479001604
58 104 3977126.4778136695
58 106 58525116.283355854
58 107 5006155.839949718
58 109 3354103.9399328083
58 112 76341957.6695804
58 113 18702870.326413374
58 114 22225135.2090804
58 115 52070343.337332316
58 117 206117644.918046
58 118 9411796.098583603
58 119 3956584.49591071
58 121 15209583.980778875
58 122 1725608.4548235766
58 125 70312502.63589904
58 129 180548172.88117328
58 130 25154216.331983794
58 131 11197900.703282543
58 133 8159500.534368449
58 134 125552872.0238401
58 135 478605.49366392056
58 137 14348553.089550663
58 138 49884493.78724982
58 142 38501558.05260683
58 143 6630895.949801576
58 145 68839176.83067402
58 146 57595349.04240097
58 147 16911577.402476918
58 149 5174735.430311139
58 150 165248011.61843783
58 152 59172934.454428025
58 153 39982494.0576064
58 154 62642217.58915025
58 157 7598474.035132361
58 160 10604633.319939071
59 1 34143480.77037447
59 6 6490116.703733284
59 7 15341743.18865202
59 12 7870873.059752029
59 13 475510.63087274256
59 14 3271925.011815788
59 18 230605.25715632507
59 19 1842550.1855402188
59 21 4570348.165312604
59 25 11637719.111002963
59 26 5545760.998065513
59 30 842641.3231557677
59 32 18161578.110634126
59 38 14957254.104429398
59 40 773350.5400682024
59 42 529348.3510506948
59 44 7164420.459957552
59 46 9662866.312754605
59 49 3530495.3263408225
59 50 3729609.3083659373
59 51 12461573.218143929
59 52 3302882.1315218513
59 53 1747526.6832190787
59 54 12900654.970627451
59 55 965938.0194991234
59 56 2225800.8540351065
59 57 4447325.5313655995
59 64 55442660.834709466
59 65 921165.0890908582
59 66 6495792.478710203
59 67 9235825.1915168
59 68 4951727.076131721
59 70 6701027.850974139
59 71 536089.4131909136
59 72 1822459.1594199722
59 74 3128631.252438596
59 75 1051815.5868413937
59 79 8585903.637060711
59 84 10993520.177632034
59 89 28713170.94369115
59 90 8637067.555414798
59 93 24495529.938185338
59 94 13406978.568537015
59 97 7526051.621424858
59 101 859504.2731350753
59 102 7656117.724817656
59 105 11192802.60473353
59 106 11218202.836613117
59 107 5199708.555264401
59 109 5193761.006967126
59 114 21048232.929048035
59 115 14847154.838094976
59 117 10248811.014810536
59 118 13488531.551779244
59 121 4131483.5871594837
59 122 2968303.3336768863
59 125 23169049.087466076
59 129 510037.693784195
59 130 1083505.5891459275
59 131 18339895.17148788
59 133 11684433.716569483
59 135 6594182.814668016
59 136 8490236.079317113
59 137 1922486.962696796
59 138 6085547.416749227
59 141 10622653.88219906
59 142 9827781.694231877
59 143 1952556.178969865
59 145 7204136.88849536
59 146 26947388.046786107
59 149 5999464.9527091095
59 150 10454272.956514992
59 152 979202.383441819
59 153 7686230.1325916685
59 154 8307575.258327455
59 157 40199645.94804943
60 1 146035.4769806186
60 7 9616485.419418635
60 14 105886.11295757843
60 16 2191209.951926872
60 26 2636697.710097821
60 31 174989.45960612706
60 32 131510.62405888463
60 37 88305.68832568328
60 40 595203.4482081181
60 51 414732.0863341621
60 52 74203.29673321403
60 54 4386886.617067764
60 56 2157906.429928018
60 64 725274.8903482277
60 65 810837.30561938
60 72 212704.80559208116
60 74 2106081.1674416224
60 79 4752752.94341425
60 84 2420275.8818266434
60 101 3958879.6123691844
60 104 619164.393097668
60 115 638594.841692509
60 125 6076586.508777228
60 126 2980456.713436011
60 129 1332828.843556852
60 133 2004426.4087712658
60 137 167505.68584643162
60 138 2019383.9118209619
60 141 2142686.7375226617
60 142 7033313.026633147
60 145 967880.5502394162
60 152 615873.2929725416
60 154 1677793.1805460958
60 160 2787263.614496027
61 1 1336212.930685998
61 4 6147147.723408431
61 6 4764075.130731562
61 7 24846670.674865615
61 8 16606122.877402334
61 13 13236525.797853088
61 14 5494662.029465522
61 16 4417760.441969236
61 18 23660711.581049815
61 19 4036468.851322705
61 21 17089373.406856745
61 26 4619765.571845937
61 30 7505118.592544387
61 31 11674308.772222253
61 32 7696385.266927692
61 35 13316078.796627738
61 36 594656.7989975009
61 37 9618483.494322881
61 38 503535.2595239447
61 40 6669169.939583526
61 44 20206859.769573417
61 45 34782469.161636256
61 49 7591690.909160566
61 51 3945659.179081117
61 52 2018706.1469433988
61 54 660744.0795375166
61 55 13654919.206251264
61 56 5402942.373123194
61 63 4674018.464012725
61 64 5302489.007069695
61 65 2590840.495999436
61 66 18553061.749027535
61 67 6613721.161206415
61 68 38907742.4135826
61 70 8103648.130704068
61 71 68615.33846514336
61 72 8450874.640520576
61 74 20870.15077010759
61 76 15724346.32728973
61 79 4334615.275942053
61 84 3853039.4183062264
61 89 11680100.25806354
61 94 3303096.489735848
61 101 5299948.082850521
61 102 734005.1680955053
61 105 6594491.069262118
61 106 6572396.4924998
61 107 4215094.047853853
61 114 8483948.007600006
61 115 2364232.5881995144
61 118 12373595.643585134
61 121 9306866.630831521
61 125 1151396.365730064
61 126 4408024.905097954
61 129 5159612.15196553
61 130 1374489.9097453244
61 131 356217.46408180875
61 133 19688588.682366457
61 135 9676747.475331144
61 137 5532666.139019677
61 138 16606565.9659768
61 141 976201.2242746121
61 142 9362803.550461652
61 145 12113655.003632532
61 146 418950.3201893765
61 147 1517049.4232448281
61 150 926916.930510034
61 152 333366.0448240103
61 154 14886370.84872814
61 160 6261985.6876681205
62 0 11219526.641703242
62 1 29244.27564880585
62 3 4503854.485832617
62 4 15126322.97786692
62 6 2404521.5274042794
62 7 2161733.5729376012
62 12 5015144.566662855
62 14 30427521.244436003
62 16 295925.8293783346
62 19 262001.86750871091
62 26 20253745.831592795
62 31 4841577.823242434
62 35 1807523.936941887
62 38 18137284.910763998
62 40 21105798.976606857
62 46 1165194.8128777982
62 49 64748.18749238356
62 51 1875617.750840633
62 54 9963803.556451092
62 55 9288040.719110673
62 56 9437781.697894745
62 59 1452787.0426744663
62 64 2676105.4978004103
62 65 17840.55786444007
62 66 257286.34966075185
62 67 3081317.0676692985
62 68 1321174.1070841658
62 70 5177183.856912466
62 72 4058895.917518959
62 73 580201.7380170474
62 74 7178304.64454739
62 76 3129715.5962391323
62 77 901477.0808059637
62 79 8294742.892282946
62 83 34293591.72241639
62 84 643044.7853799084
62 89 12224807.447897742
62 91 2317138.7731601372
62 94 2386113.3090359787
62 95 239225.0567271387
62 97 2556379.9609084805
62 101 4810465.949362495
62 102 1247262.6704815037
62 105 9029257.625849541
62 106 12201153.266737299
62 107 12233885.252250968
62 112 74130.850512096
62 113 2807388.12062274
62 114 10738133.889489798
62 115 3394330.660978162
62 117 1421842.8270504395
62 118 2415965.480324243
62 125 668847.3431383274
62 126 883887.0990431372
62 129 7334665.900078093
62 130 7418612.506156455
62 131 1960382.3295736043
62 133 6698670.014444051
62 137 4049204.1611141195
62 142 4809059.391166154
62 145 942132.0120728355
62 147 1380106.600835035
62 150 2822428.8274051896
62 154 12714395.118963683
63 0 22900809.92353295
63 1 13756711.060218781
63 4 63312857.14301118
63 6 864405.3967483649
63 7 9471730.422894137
63 12 5188413.400302743
63 13 1502597.9786835772
63 14 8291870.992410191
63 15 832635.4629238436
63 18 10828432.85979919
63 19 26238383.032770284
63 21 10023842.590829909
63 22 2653282.449283213
63 23 915980.6705774968
63 25 4247683.043811096
63 26 9542278.361613078
63 30 145641303.89437497
63 31 152420002.82902107
63 32 112946922.28857797
63 36 11047310.437574731
63 37 45638143.20879564
63 38 1726872.811261809
63 40 14103520.264331674
63 42 2647034.782827791
63 44 35601182.791959874
63 45 16430099.081082765
63 49 114191389.5979569
63 51 89028669.42572361
63 52 1409884.714345994
63 54 126456574.7962698
63 55 24229143.18350862
63 56 98897542.6158528
63 58 77786395.63401634
63 59 5650297.619085359
63 61 9439595.820488704
63 64 138690704.95279232
63 65 142347270.59577632
63 66 8500351.133996796
63 67 6307282.32965257
63 68 23870820.383239508
63 69 66330513.64629511
63 70 34435310.827262945
63 71 57797415.66938514
63 72 24417430.629011203
63 73 62116259.883373454
63 74 31763328.35458607
63 77 23689831.656648617
63 79 117964107.04118991
63 83 14627035.2285413
63 84 15414993.852611443
63 88 3320637.749369292
63 89 66991242.960238956
63 91 17403934.28731085
63 93 718068.5255703392
63 94 160724796.54672587
63 95 9561148.910114676
63 97 21810818.645596948
63 101 135139223.84564662
63 102 49901061.44531779
63 105 2910084.3977080095
63 106 40380112.95587449
63 107 46716818.248883
63 113 16049799.580148976
63 115 16121608.465198217
63 117 44670704.34671974
63 118 79718612.3681
63 119 2006059.250181044
63 125 43553988.277644716
63 126 11537151.812027104
63 129 99679875.55696987
63 130 6115255.859079315
63 131 57816440.19969463
63 133 8214770.65971777
63 134 51291554.26113246
63 135 12110882.733726507
63 136 3346198.0097890557
63 137 5883493.386811298
63 138 23866622.358229887
63 141 16430779.741690073
63 142 59828827.17207756
63 145 1383206.903639742
63 146 63826650.15617129
63 147 211784405.07028964
63 152 21666476.613312002
63 153 4591762.650728823
63 154 37794181.25456014
63 157 23315505.84160057
63 160 19301764.576146472
64 0 22949703.71403872
64 1 35471033.33165918
64 3 12880703.468717527
64 4 383826688.5604618
64 5 8484933.367830994
64 6 118885644.62168458
64 7 3866049540.861841
64 8 21986535.52456255
64 9 24101887.779676214
64 12 6069675.240092047
64 13 45158577.495173685
64 14 529653407.5233395
64 15 920326.9364756502
64 16 41831.224427191504
64 17 14836205.202239277
64 18 8816407.948246883
64 19 486992898.6680664
64 21 266844975.82201514
64 22 5455277.93272025
64 23 30372.031156658028
64 25 3697301.926625475
64 26 587849191.0043525
64 27 6677090.342948102
64 28 3115976.5147403805
64 30 892737223.8881032
64 31 7618230776.335201
64 32 80013996.50979589
64 33 4648995.681925379
64 35 162142304.8313107
64 36 42590362.90373537
64 37 283759245.85614103
64 38 35074277.320238076
64 40 632822540.313321
64 42 1564225.3710824142
64 44 34256661.17431285
64 45 182731016.45997494
64 46 3987638.128384637
64 49 58417667.65714644
64 50 2999118.707960893
64 51 207887727.28538385
64 52 31675672.550507836
64 53 2125294.306277234
64 54 778225242.9343312
64 55 42927033.08942534
64 56 626333035.6792259
64 57 5177997.260746671
64 58 30445091.219334103
64 59 4246462.186081427
64 61 7879131.246809063
64 63 31565397.380513474
64 65 149775547.44047415
64 66 29411341.440229073
64 67 728063158.4064866
64 68 1470827546.8898187
64 69 265735926.83804548
64 70 1074520716.9424868
64 71 701173711.6994303
64 72 2947962967.8154035
64 73 60357573.26329155
64 74 1561338550.0151155
64 75 187091173.0226791
64 76 12087225.803226877
64 77 43806919.468917996
64 78 4667050.304361168
64 79 1620900114.158352
64 83 13204678.981913742
64 84 291564820.2946993
64 86 52499854.29310009
64 87 1403894.2130377027
64 88 1345078.167254006
64 89 498991914.5160533
64 90 37597801.14951003
64 91 1404782.2111687833
64 93 26378277.21128663
64 94 3623503217.4147983
64 95 15995513.285628645
64 96 20699605.265829876
64 97 281209406.8016767
64 100 49911115.34956915
64 101 1187008205.5118089
64 102 230058323.54397196
64 103 25016289.790742557
64 104 4668849.258510303
64 105 247613661.8409922
64 106 335500167.07495487
64 107 86142151.92672084
64 109 3319686.250552658
64 111 11523414.347614262
64 112 59355096.69753258
64 113 352619252.44342417
64 114 1633146320.7261145
64 115 196911830.42679685
64 117 87531907.80428651
64 118 12640402.234809441
64 119 2513404.9167159204
64 120 2842309.7282317383
64 121 4750073.9235447645
64 122 4035.8531527940836
64 124 657094.4336191011
64 125 166531959.11590534
64 126 2930045.6149718147
64 129 946498123.0285869
64 130 382140330.90419936
64 131 553130752.1426915
64 133 635345855.561422
64 134 24483111.78400209
64 135 4915815.824283499
64 136 6822076.2015459575
64 137 752864727.4429859
64 138 12339685778.09684
64 141 12376347.470441736
64 142 555176555.6991184
64 143 3063096.261448926
64 145 3484156.0167563003
64 146 559359098.3927516
64 147 232162864.49618307
64 148 1630853.63750518
64 149 11463438.88763315
64 150 88955266.50736938
64 152 1807179931.0417485
64 153 20672229.93685844
64 154 1836266521.6562822
64 157 80337060.33398719
64 160 159855.40971222575
65 0 6613094.863793638
65 1 124658965.3338693
65 3 1892517.936190897
65 4 220014600.9947023
65 6 266595157.47488078
65 7 537617724.4190153
65 8 15966493.095830653
65 9 7450795.59481242
65 12 37106859.05782059
65 13 27069876.895657778
65 14 1032632058.0792801
65 15 5162634.861138747
65 16 7449567.301081286
65 18 8668211.23573836
65 19 557025001.9478617
65 21 2060634.9579880196
65 22 13107925.296403326
65 23 1224045.0957908959
65 25 6708302.19452705
65 26 236444299.38111025
65 27 402740.13978961547
65 30 45149131.47350927
65 31 706035339.2325466
65 32 2558298.561215785
65 33 768934.7940904098
65 35 230312003.46020022
65 36 123651506.55011325
65 37 200140364.59596395
65 38 73266195.9090154
65 40 1212315710.0765214
65 42 1448511.783329932
65 44 28559407.612065673
65 45 57702373.5928117
65 46 9662697.067964435
65 49 476714116.8880628
65 50 298143.4257945255
65 51 224498342.51863605
65 52 28768961.221121974
65 53 5914205.760601668
65 54 82688145.71958674
65 55 2772892.061224784
65 56 19811536.17013491
65 57 2778879.498081157
65 58 197534868.60539046
65 59 16192416.38078886
65 61 3547395.9791704076
65 63 22679178.178864453
65 64 302873992.7330719
65 66 74139717.78371078
65 67 313834281.87366515
65 68 132795543.64006439
65 69 85407484.61971813
65 70 21297349.042051874
65 71 435718221.2696845
65 72 494764352.4666143
65 73 5278602.782733849
65 74 3429108896.1622233
65 75 82007800.04889037
65 76 11214804.743991835
65 77 8253286.673476495
65 79 126614345.24274722
65 83 49725653.62344742
65 84 34038722.56394886
65 86 29827836.983702295
65 87 4345203.887895982
65 88 9407313.096431244
65 89 283823248.95061433
65 90 9194771.019808143
65 91 9087572.070971161
65 93 18862085.147300005
65 94 194136835.62978494
65 95 9039289.093382996
65 96 7104896.810130406
65 97 160654486.28362703
65 100 29855850.810190346
65 101 859256968.5821133
65 102 186593425.32002935
65 103 5910387.22331935
65 104 11446633.727556711
65 105 79587846.5007588
65 106 128013979.20100692
65 107 21064298.976486027
65 109 4813911.731302663
65 111 18311920.557560485
65 112 51763353.13572747
65 113 33876182.88621762
65 114 586928191.4073966
65 115 99989798.88971417
65 117 63155936.21112537
65 118 417163974.99020004
65 119 3840079.843587714
65 120 1178623.426933967
65 121 3319370.748341941
65 122 2683453.3360054977
65 125 500074581.65885425
65 126 14728192.173595792
65 129 284460592.7040931
65 130 159678640.48095408
65 131 17792831.98712289
65 133 108535521.52589208
65 134 56457316.477624215
65 135 20026055.706061374
65 136 5386878.48970114
65 137 1029936662.9061581
65 138 455034623.01312995
65 141 23766584.44290626
65 142 128416597.13390064
65 143 3057663.1971978717
65 145 13939557.912498381
65 146 274907209.6768726
65 147 287387184.42963046
65 149 11255720.6108333
65 150 23508445.37675266
65 152 233766831.88466975
65 153 216719293.6607365
65 154 980841553.2463679
65 157 98079482.04920226
65 160 3655267.4075326584
66 0 6530518.924854409
66 3 516592.2825655292
66 4 8245276.72424937
66 5 20292682.184565485
66 6 25529697.265248362
66 7 2588532.5374316676
66 8 6745244.95314517
66 9 2813074.262427715
66 12 7796164.931304654
66 14 35189700.94721642
66 15 1378899.629081135
66 16 21793352.48807056
66 18 8163384.436064661
66 19 11081750.709780224
66 21 34607571.64561641
66 22 20685258.37159639
66 23 1256582.3862333805
66 26 21431287.513510562
66 27 4163913.461949553
66 28 2618490.4484418333
66 31 17064962.495544463
66 32 9896545.519206284
66 35 10306529.420211257
66 36 19354290.45466542
66 37 1116724.6147015193
66 38 47934384.50947648
66 40 10218568.103230122
66 44 12683724.548389606
66 45 55504338.06805647
66 46 2691385.202429815
66 49 51513129.9387954
66 50 2251162.6389890905
66 51 27997716.671720788
66 52 928438.4908844898
66 53 5282208.478147383
66 54 6788908.256164739
66 56 115945118.38344301
66 57 5951994.487915715
66 59 3096825.404203675
66 61 14009662.878754055
66 63 35686297.31331685
66 64 407328.58511717356
66 65 8030899.499018557
66 67 35728088.49942246
66 68 75925283.07835253
66 69 148728660.65813506
66 70 24174296.873833947
66 71 35934897.98384588
66 72 91815692.56429417
66 73 3392163.6348439627
66 74 7692757.7980129095
66 75 12590927.598116672
66 76 312267.95458312856
66 77 39587943.08965495
66 79 48819571.931746446
66 83 8919188.195835955
66 84 18191404.238729425
66 86 19365020.179689765
66 88 1928933.5326088786
66 89 5250886.79748534
66 91 3182059.9903614647
66 93 34258124.3174172
66 94 94519092.02331582
66 95 1153676.7512587388
66 96 5741921.415178128
66 97 9465930.211697102
66 101 7452200.965607872
66 102 16999140.589962155
66 103 33166640.56772145
66 105 105175211.47029997
66 106 2240223.6470355135
66 107 30340920.96541741
66 111 21959393.790113326
66 112 24670718.780180067
66 113 81005993.7616594
66 114 2897124.542171161
66 115 35472003.251559
66 117 11056392.499906007
66 118 526985.3749254271
66 119 342547.81488276663
66 120 411591.1105260043
66 122 1892158.4233571417
66 125 3645835.066283138
66 126 9881236.653937073
66 129 32602832.523198336
66 130 54217034.08229818
66 131 27972699.12227302
66 133 65327697.61372322
66 134 52988479.49598072
66 135 751173.4079822125
66 137 2149007.5561326374
66 138 61469195.513190605
66 141 13165095.437342029
66 142 63309521.13911898
66 143 2563179.263592822
66 145 19578669.78277717
66 146 6944836.326760825
66 147 28365501.95157543
66 149 2373915.7838674784
66 152 63886240.33791731
66 154 3460198.8424362284
66 157 28889160.81076142
67 0 22953241.680735607
67 1 36467853.32607058
67 3 29298219.63800974
67 4 72048202.6502908
67 5 11257020.505785028
67 6 242064140.63505107
67 7 175808791.2580734
67 8 22574636.27683472
67 9 22509734.954718366
67 12 995485.4345317585
67 13 23758817.48642693
67 14 823734137.5277412
67 15 3449842.9321818263
67 16 871995.8695806429
67 17 824230.0548836979
67 18 7816881.137725055
67 19 1043072456.2441165
67 21 6057483.873029589
67 22 3409348.3653169177
67 23 171183.12130642016
67 25 44844776.49148982
67 26 1627603136.4771683
67 27 3438901.1868687216
67 28 5143331.083684748
67 30 126624808.33894417
67 31 84838471.98260856
67 32 226889161.4909779
67 33 2307156.2986001004
67 35 83529239.97578728
67 36 13666425.00955529
67 37 33766973.93855966
67 38 569833.3483202219
67 40 304138062.0898311
67 42 108566.74452682414
67 44 61700445.78115339
67 45 4689506.801833448
67 46 61770885.010280564
67 49 62993699.99471791
67 50 349285.02389268443
67 51 1360324872.8251102
67 52 19102825.51866331
67 53 1567171.5358770164
67 54 1054993283.4822907
67 55 96114640.95781018
67 56 580776340.5451165
67 57 2903963.5466064923
67 58 82291489.49658827
67 59 3675685.59524674
67 61 18287991.620937612
67 63 67205767.8246061
67 64 550368036.7096589
67 65 594173832.6963452
67 66 30685507.76962698
67 68 263469540.64775735
67 69 203009269.72714868
67 70 411141116.3865963
67 71 105137139.6046047
67 72 656548181.8738647
67 73 39251219.666065745
67 74 166230625.35011676
67 75 83434664.6340193
67 76 44908932.26961136
67 77 83750157.23107669
67 78 266823.8443301737
67 79 916258496.6725732
67 83 16833252.971668474
67 84 31297655.59879335
67 86 60001478.5227689
67 87 3286626.297051721
67 88 9384491.90200389
67 89 2691653900.2282925
67 90 24390007.025645062
67 91 4677043.982627347
67 93 8557160.511294343
67 94 1021165043.8606526
67 95 11325264.753457231
67 96 17988056.921135634
67 97 348933944.23667574
67 100 7654809.959875735
67 101 1187543221.0212991
67 102 89425405.22607747
67 103 12730692.605611335
67 104 1486091.0980893588
67 105 42017412.02183848
67 106 1388789552.3734453
67 107 130916105.19119553
67 109 2390625.603845639
67 111 1973661.837489997
67 112 12566671.709119506
67 113 912959240.6842349
67 114 115929499.04149128
67 115 1157138028.509582
67 117 7443525.543014818
67 118 181638861.00042298
67 119 2554688.0744149266
67 120 192497.36449873762
67 121 7570194.096728701
67 122 266667.52204106544
67 125 550042269.0870696
67 126 15962925.437561043
67 129 204081177.79240817
67 130 311276996.844421
67 131 554435902.6164494
67 133 13716041.649870874
67 134 402578078.428746
67 135 1894475.0389325835
67 136 927461.7531859233
67 137 773629906.2605141
67 138 1063635057.7077286
67 141 5398735.750918168
67 142 112772529.65590726
67 143 22512917.769416846
67 145 5723678.702658666
67 146 88714682.32110697
67 147 630155642.7282536
67 148 66120191.335187614
67 149 9233411.751372105
67 150 94873242.0349174
67 152 1602866123.6933444
67 153 7175239.769349425
67 154 1425802361.999867
67 157 126303500.76305719
67 160 2629998.7994188154
68 0 26898396.51466584
68 1 71785947.42505042
68 3 1234999.6735900133
68 4 119749640.46585596
68 5 16588607.041456116
68 6 351145536.0037176
68 7 182547614.27399603
68 8 9634166.142657947
68 9 1352318.26931477
68 12 17178585.167648226
68 13 846024.4542062094
68 14 455878641.3676282
68 16 754106.4874863338
68 18 3780050.201819652
68 19 1645502142.490141
68 21 73503058.64370596
68 22 723712.4066619998
68 23 3407877.346872044
68 25 5296559.240766922
68 26 5395084727.573039
68 27 2717514.957515058
68 28 103554.61007722061
68 30 908119305.823946
68 31 2850392558.7405
68 32 224835326.0851785
68 33 776886.8843181037
68 35 83264.55785639894
68 37 111768095.23934278
68 38 101852496.76177266
68 40 479781079.52029943
68 42 1635314.908033582
68 44 69379357.7529428
68 45 682036428.7906137
68 46 2499881.0917400895
68 49 608999927.9328233
68 50 41360816.32404247
68 51 2095242785.366451
68 52 12226100.783819197
68 53 3947890.038699175
68 54 2210694154.5293603
68 55 84974549.92484616
68 56 166471054.85243025
68 57 7376318.625860767
68 58 288911050.948906
68 59 8951241.147438811
68 61 6697211.463187789
68 63 26181551.82863446
68 64 536884277.0823314
68 65 519716349.058862
68 66 33673625.93939348
68 67 362183041.94231194
68 69 466367332.8132488
68 70 752440409.1023235
68 71 387373868.231178
68 72 2641816650.1374035
68 73 113761357.61529063
68 74 133134959.71079345
68 75 46845234.91287761
68 76 142077840.04919952
68 77 31544439.35770184
68 78 2537017.180482228
68 79 1256919912.7760785
68 83 13677672.953052415
68 84 15586914.53718111
68 86 189008493.8776295
68 87 4727476.570299926
68 88 11844577.62583067
68 89 233758540.66038293
68 91 3662774.204991512
68 93 65713127.88825709
68 94 1181259970.6729882
68 95 1979406.8360699043
68 96 3693533.4031027853
68 97 235915857.81449604
68 100 38242718.92109307
68 101 819982889.7535865
68 102 259345425.2886333
68 103 22343729.866039574
68 104 4581587.613548936
68 105 66655975.82854467
68 106 241799099.48403567
68 107 56005893.26039476
68 109 78919574.56432171
68 111 29161438.3185903
68 112 8743868.353130672
68 113 260715466.05801687
68 114 1108500334.142614
68 115 563652072.3940338
68 117 43224607.96145686
68 118 1172730731.0900166
68 120 1644588.2067996257
68 121 6101423.446411558
68 122 3033281.9156110315
68 125 9503207.644575268
68 126 8796267.29636667
68 129 331209260.10209876
68 130 88907242.56390609
68 131 1478009460.2831306
68 133 3231747504.734054
68 134 170331436.01986668
68 135 916328.7283902935
68 136 2171018.060168843
68 137 566598921.5767516
68 138 4128519314.281755
68 141 5315834.702912807
68 142 817610078.636088
68 143 19215631.832277145
68 145 17011929.34317832
68 146 22769646.863621272
68 147 511031541.76761633
68 148 32643788.887822915
68 149 6289592.661467501
68 150 200414061.85255098
68 152 158308722.92616
68 153 61263815.3420305
68 154 255031390.40701944
68 157 569077655.6489236
68 160 51930.345121038874
69 0 45827713.847641505
69 1 905107428.9004954
69 4 152360565.76914567
69 6 256747569.67772493
69 7 9309461.518755019
69 9 5720462.936361961
69 12 6638927.380084492
69 13 400341.6445899823
69 14 153043536.0076844
69 15 2995481.0452850075
69 16 9468893.91798585
69 18 2052890.3660601482
69 19 80912351.47671312
69 21 5216836.136668856
69 22 267862.2543904907
69 25 5782423.421872532
69 26 756422937.7292206
69 27 757820.6716754738
69 28 454742.2981311222
69 30 818459894.2100956
69 32 31731953.663725752
69 35 44689740.047329396
69 36 30097460.240456853
69 37 72505114.95697024
69 38 54813415.66319128
69 40 416380927.5728324
69 42 345129.0917437358
69 45 248304736.76445007
69 49 34806092.64949873
69 51 155556476.77718097
69 52 19357244.87453741
69 54 19792201.21570087
69 55 73874241.51576394
69 56 176210046.54368272
69 57 4806591.66554318
69 58 301855899.35905343
69 59 4366078.699568797
69 61 5614790.86241069
69 63 27156015.192678336
69 64 586370095.2368337
69 65 96272642.40433003
69 66 1293378.2747650202
69 67 42237021.982711606
69 68 170785390.2901631
69 70 14500413.631675713
69 71 242016428.11325517
69 72 325830440.94689274
69 73 49660726.854361854
69 74 815248506.6315166
69 75 12296832.577835308
69 76 41066484.0524307
69 77 53117198.154123455
69 79 84215397.21765336
69 83 4247330.192209038
69 84 249964455.29602522
69 87 246173.66940194988
69 88 8553219.514636233
69 89 108171055.35171814
69 90 9631411.358597899
69 91 387902.3246262022
69 93 9578517.11356189
69 94 125659716.83442678
69 95 10730409.252728749
69 96 4686738.335342059
69 97 108298684.19556496
69 101 1280381386.7761543
69 102 107346124.0469678
69 105 26475034.17000441
69 106 198605882.64220542
69 107 1236697.3396914203
69 112 3228909.3436566815
69 113 50620288.49967974
69 114 49577980.95598363
69 115 497930534.5451625
69 117 228221602.08145162
69 118 76326758.33978073
69 119 1776920.5042732744
69 120 3984193.648708343
69 121 1246386.197277174
69 124 293123.0118021153
69 125 152129958.7562325
69 126 10475515.886186738
69 129 1191001458.72275
69 130 62776660.928924754
69 131 128716510.29531859
69 133 129244270.27903989
69 134 167196016.99570954
69 135 15874785.228213161
69 136 8116252.6076499885
69 137 217277234.17128924
69 138 578322922.8062296
69 141 7844278.154007058
69 142 73443303.61155978
69 143 744347.1774847716
69 145 9736241.293579254
69 146 380755314.9390046
69 147 194445275.0102041
69 149 426661.55847178854
69 150 394919699.5996807
69 152 374758041.91374
69 153 67518454.24537644
69 154 201017474.5982083
69 157 410181258.172174
69 160 13412260.923508463
70 0 11940087.294561988
70 1 58325858.78324698
70 3 813734.3971759492
70 4 16081453.872108951
70 5 10471931.342787229
70 6 1317223202.2586513
70 7 382896365.0576317
70 8 5863981.585528711
70 9 9468262.693432694
70 12 734476.8054219441
70 13 11699167.880556086
70 14 277205582.4917052
70 15 573722.5943430706
70 16 31994121.41220671
70 18 2317013.2949115615
70 19 5429975841.85514
70 21 59697290.10580043
70 22 3846684.8097826145
70 23 8135618.92905486
70 25 15400888.058217365
70 26 3179592268.222252
70 27 521513.41033130453
70 28 1322549.2342576957
70 30 152467389.74006906
70 31 1395056680.500719
70 32 31167712.465054717
70 33 216380.08135914776
70 35 151635238.31827804
70 36 12822416.418042136
70 37 10860486.743366063
70 38 121266974.67672427
70 40 1740453274.7424638
70 42 729847.1131605268
70 44 38218664.0744114
70 45 44356817.71631099
70 46 14160552.102031698
70 49 262718930.6662878
70 50 17888385.834836073
70 51 5660966088.638339
70 53 728511.3377356931
70 54 7993752643.250016
70 55 72952843.46112014
70 56 267940006.6490803
70 57 3206709.548974245
70 58 133654940.53357932
70 59 1348897.5506300842
70 61 13851293.319136137
70 63 76739280.525943
70 64 2790971781.3799076
70 65 779185131.7078375
70 66 10706616.45009604
70 67 1061026028.7633423
70 68 300305986.0396955
70 69 36869930.53908307
70 71 143174304.7593733
70 72 898944593.3642877
70 73 27062311.382801432
70 74 1841935683.7604442
70 75 31609228.358675893
70 76 94632897.4860164
70 77 46366102.98190912
70 78 1670265.3805113304
70 79 6173135034.611144
70 83 16368994.184178913
70 84 52382941.93744782
70 86 80179125.67099984
70 87 5589550.077745683
70 88 1768920.2560581076
70 89 336513204.13492817
70 91 5585312.01329929
70 93 25377458.80308119
70 94 616656133.5555701
70 95 4623487.032215198
70 97 99933572.33899698
70 100 9145754.563138973
70 101 5345071284.988262
70 102 537108237.9057745
70 103 62059693.58348977
70 104 7719521.087149911
70 105 66624223.32262893
70 106 286267421.04316324
70 107 38975013.09344236
70 109 51330686.18896232
70 111 6495484.263806513
70 112 71236411.69873212
70 113 682085872.6223166
70 114 149735256.50354463
70 115 139036951.88519752
70 117 92871732.28602533
70 118 926068681.5624337
70 119 381755.6385097101
70 120 4030625.3579024775
70 121 3751358.9949351056
70 122 6144506.546071243
70 124 171292.32958767735
70 125 968523398.6956029
70 126 27599318.99959976
70 129 1605111815.912882
70 130 106379820.41296922
70 131 504621691.3899669
70 133 1140486555.5413969
70 134 244496650.64570925
70 135 4165265.474399341
70 136 1398817.7651028007
70 137 1107375809.8210897
70 138 546709735.1057086
70 141 1544228.8678280683
70 142 654948281.8809576
70 143 10463769.35286878
70 145 16979413.52022489
70 146 36430475.720161505
70 147 1338484693.540054
70 148 4777765.367860497
70 149 8244452.11861771
70 150 187601750.27363318
70 152 1647015086.026632
70 153 20218860.733128138
70 154 1702078212.2967772
70 157 103728207.81893541
70 160 3184897.2604968897
71 3 41998022.14816852
71 4 323204135.3008931
71 5 5968210.137391037
71 6 281403223.9923879
71 7 92240509.58087105
71 8 59994920.83386897
71 12 1559848.121088507
71 13 271382.6747887291
71 14 75256778.8680364
71 15 629733.9584201549
71 16 9130004.4115349
71 18 68162848.36395536
71 19 842510000.8649049
71 21 35022850.71725702
71 22 18828548.32577055
71 25 19884211.32317004
71 26 61201362.77318054
71 30 35089742.04816566
71 31 1175462116.0477474
71 32 332890411.0517199
71 33 1209915.1554853653
71 35 26788569.666671
71 36 4456080.311965661
71 37 42993787.618229635
71 38 16218329.63979911
71 40 566525181.3207831
71 42 3242950.901893157
71 44 63491765.29043571
71 45 92527070.28433545
71 49 106140684.0729589
71 50 7490849.68370993
71 51 167943973.46959037
71 54 160341240.9430762
71 55 16451944.752391092
71 56 50651200.42673551
71 57 3931262.581949275
71 58 21399902.826781187
71 59 2335103.450406788
71 61 11447961.59546751
71 63 123584952.48568918
71 64 262990837.7069234
71 65 199489418.24181846
71 66 39711188.20479662
71 67 1280287022.8876712
71 68 189440485.99917164
71 69 91759431.43590495
71 70 625352110.4901528
71 72 36725732.51036187
71 73 1232274.9869487053
71 74 959735369.9978516
71 75 65613237.734915406
71 76 43761230.909291565
71 77 7294511.027079084
71 79 880011855.2838508
71 83 130820037.23385185
71 84 116689253.91426365
71 86 8102389.717187532
71 87 339465.0611761795
71 89 298695185.1173002
71 90 1849771.9413756612
71 93 29425738.176024947
71 94 197552694.93187264
71 95 1006218.9261417042
71 96 927289.0121168676
71 97 125621523.34824145
71 100 14334730.915520929
71 101 2003743494.574138
71 102 239591937.19209602
71 103 34399579.97744886
71 105 84306389.43778066
71 106 971616501.8086121
71 107 69099856.33985896
71 109 42089448.50140705
71 112 239030739.86627042
71 113 18321475.501710877
71 114 61154691.42005205
71 115 79005178.20840402
71 117 400952883.1927413
71 118 476092919.9050201
71 119 288208.1838498333
71 120 1318733.7347942968
71 121 9990470.41120432
71 122 486550.67905116285
71 125 177808803.12174785
71 126 44560971.64180576
71 129 22547461.445085283
71 130 4649882.1240479825
71 131 368445542.5680795
71 133 562799815.8282043
71 134 49283931.75541648
71 135 14829091.33041596
71 136 12839477.004944414
71 137 247638705.34632578
71 138 297146310.5033957
71 141 12808936.499872372
71 142 105390484.92094204
71 143 9315452.158763789
71 145 536817.9633540054
71 146 54834425.826809436
71 147 288349190.1534005
71 148 12272842.458956145
71 150 42164300.94346714
71 152 81579075.42520936
71 153 8534763.77588695
71 154 133537697.84358473
71 157 148968409.4766298
72 0 61516928.62435639
72 1 374040310.56725895
72 3 9903567.051874809
72 4 1611835076.1899679
72 6 3223356737.593294
72 7 588584331.7010658
72 8 7224503.351374848
72 9 36117548.5018595
72 12 4178858.5632484793
72 13 29126875.0872854
72 14 265014836.52149972
72 15 1181973.3202512665
72 16 8366780.507031966
72 17 5102947.655607332
72 19 220194889.20074433
72 21 17865387.81586495
72 22 561578.0618256152
72 23 322775.0841761774
72 25 6348627.595892131
72 26 10534077380.088163
72 27 2663901.247099382
72 28 789120.2269792396
72 30 1883905.6407352637
72 31 9950467068.89166
72 32 73004224.97665417
72 33 41864.75230395545
72 35 40919142.4403059
72 36 3733749.288547835
72 37 23837309.35183794
72 38 18515610.35287186
72 40 362998940.2983627
72 42 3177016.379045966
72 44 26790287.66413223
72 45 95476261.70121431
72 46 93290783.11570033
72 49 144816152.27564976
72 50 5214348.68693825
72 51 15362983852.14967
72 52 8211536.639569403
72 53 1310825.201571731
72 54 32542298039.253376
72 55 843314.218535664
72 56 987114778.9146801
72 57 1457362.6430688188
72 58 18637522.641909283
72 59 539776.2921894954
72 61 119949.32928896874
72 63 204156465.31402004
72 64 8226839075.6395445
72 65 580620696.7107387
72 66 41213283.41685149
72 67 2559462006.117559
72 68 566072638.1619124
72 69 539217095.7842532
72 70 2318677524.204351
72 71 442125360.0073758
72 73 123938025.49351731
72 74 10611459285.509369
72 75 61185939.99234266
72 76 166040872.57065636
72 77 41145646.8493023
72 78 870499.813796217
72 79 1824561687.2610257
72 83 25663401.962474935
72 84 82543175.33618434
72 86 30939001.32081656
72 87 2182286.9921490853
72 88 537307.1851960843
72 89 4086576154.1819053
72 90 11378252.920360865
72 91 3724732.393988768
72 93 27114069.728862338
72 94 381818486.2875901
72 95 11427678.745704927
72 96 17956341.871034898
72 97 62623938.10559808
72 100 69071261.03555791
72 101 15267421662.261694
72 102 59854428.42149
72 103 59623790.11072155
72 104 6030911.285173807
72 105 31079404.560957924
72 106 890071704.8167092
72 107 205456676.74095023
72 109 79899119.65929325
72 111 11917091.406904044
72 112 141132132.2298464
72 113 6121100122.115688
72 114 2424868333.0830727
72 115 2496484179.855186
72 117 41654819.68930453
72 118 672979137.0471087
72 119 1604668.803062691
72 120 1032669.9190816766
72 121 16184204.749162493
72 122 2450645.354545268
72 125 568148837.1242026
72 126 1945006.0647741028
72 129 1018790656.2543787
72 130 962567279.0067058
72 131 253981129.8529192
72 133 5080864559.993176
72 134 69717892.34815094
72 135 420900.5046745695
72 136 6680657.521273454
72 137 110278630.86856839
72 138 3184713164.2572403
72 141 15796546.837063398
72 142 1972181287.368097
72 143 1390938.584546389
72 145 25295189.79303725
72 146 57357667.142761186
72 147 366097615.1425013
72 148 1757746.1904126073
72 149 59477956.887510225
72 150 194958293.28646544
72 152 23574764953.55442
72 153 82630891.24790952
72 154 107193055851.63751
72 157 520103274.5440042
72 160 4568396.249754011
73 0 7226243.635585079
73 1 39563174.57126994
73 3 3419791.8559682793
73 4 7511511.122444685
73 6 22248060.192903455
73 7 1966768.3222138088
73 8 18291429.839266047
73 12 10933630.738977587
73 13 111249495.05582072
73 14 10440849.20313924
73 16 22814953.154328965
73 18 2217989.7042281744
73 19 83561437.88270181
73 21 16190346.036298813
73 26 48605434.2545152
73 30 98712867.9245657
73 31 2003575.181668014
73 32 7692008.98609543
73 35 1517158.3174800344
73 36 648497.714739841
73 37 24786342.063078392
73 38 4609783.2101513045
73 40 18595842.625846986
73 42 2889997.35287292
73 44 23618418.52794705
73 45 39022068.08673261
73 46 5385932.733508813
73 49 3463995.192991132
73 51 30308160.829323873
73 53 8687548.983723324
73 54 4732926.82223358
73 55 36336230.66986319
73 56 10998189.380919332
73 59 716543.09774025
73 61 12704890.51599855
73 64 960835.7805727418
73 65 7016490.26002755
73 66 12892240.39270169
73 67 13149783.364977313
73 68 14725253.717987483
73 69 25435774.02426766
73 70 71468095.64039232
73 71 1321531.8024495533
73 72 19958693.355968792
73 74 62193328.46668759
73 75 29029271.436441816
73 76 70470672.01811051
73 77 9133170.346833302
73 79 10771138.787851363
73 83 27047965.907553557
73 84 8022601.555067007
73 87 1750652.2577349958
73 88 8697438.636139886
73 89 8441729.902749779
73 91 13161682.173299156
73 93 7540391.670269246
73 94 15711234.956792273
73 95 6440466.7956901295
73 96 4116986.1796801346
73 97 25385942.13525914
73 100 4807366.155404067
73 101 659018.141868339
73 103 658519.7086640061
73 104 13330182.53491118
73 105 15174263.02504729
73 106 10473878.021133129
73 112 14841281.749169467
73 114 31997952.374850802
73 115 4927779.534488562
73 117 74687145.329384
73 118 4520415.809571993
73 119 4853473.316974316
73 120 1029796.347869553
73 121 3422190.5323887425
73 122 12906153.55578789
73 125 18954880.277475838
73 126 14867286.798723686
73 129 22177441.2031684
73 130 19389903.898216728
73 131 993261.1589480062
73 133 2757078.8473213883
73 134 2667051.7098154984
73 135 4887430.67669854
73 136 3954205.422979639
73 137 1117142.4951224574
73 138 54168452.535012946
73 141 31431898.975342743
73 142 17873564.427020434
73 143 680713.863374937
73 145 15919564.155030014
73 146 261285.2845031897
73 147 397937.7014647552
73 149 5106313.558980494
73 150 5879497.577172693
73 152 26940565.15299066
73 153 617255.6861579166
73 154 41125445.63201468
73 157 79687316.68431605
73 160 2674792.8169867364
74 0 898807.4808393632
74 1 4887711.130859729
74 3 1004810.9907343045
74 4 595468077.0931032
74 5 6184092.52299151
74 6 1452972229.2346358
74 7 1237229228.9267106
74 8 5837493.043799585
74 9 17407323.257919908
74 12 14414434.66869185
74 13 20951582.38494053
74 14 1329566331.5704741
74 15 3336960.8412283873
74 16 885075.2790066175
74 17 2478789.9259670414
74 18 22736038.95721801
74 19 704924750.0098686
74 21 35248653.39391
74 22 5320135.57780588
74 23 3554077.806904191
74 25 3414670.1343761026
74 26 405846708.41400886
74 27 2840277.7266385285
74 28 5824178.696317516
74 30 509185273.4103741
74 31 6435433453.567201
74 32 111921223.46364549
74 33 5217243.06241963
74 35 161035933.83610874
74 36 18709327.179627873
74 37 156732292.89708844
74 38 8277186.926055898
74 40 9916679933.870497
74 42 5727515.404500371
74 44 6325624.607946819
74 45 165849888.02730995
74 46 99209094.76491418
74 49 1044316166.4068239
74 50 12748083.896448458
74 51 8314076357.323123
74 52 3063059.1364690037
74 53 4457497.1263104025
74 54 392446504.50428545
74 55 6134010.843705885
74 56 110879892.83508193
74 57 1969673.4961851395
74 58 384674353.9169622
74 59 8213085.039180502
74 61 4505168.25404775
74 63 55943168.04079002
74 64 2991271523.788619
74 65 718300478.3019667
74 66 9604012.692071738
74 67 1481940226.602098
74 68 271236494.29034626
74 69 181584301.29651296
74 70 6084345101.989022
74 71 1302336785.5427673
74 72 12240917246.982088
74 73 29717068.701944407
74 75 10390089.267430224
74 76 2081271.817510596
74 77 94280732.94140875
74 78 34986.79203435195
74 79 7896524748.217186
74 83 32111984.17064777
74 84 53418509.87907714
74 86 12772545.994502805
74 87 2820549.078021482
74 88 8693716.845493097
74 89 515074464.034941
74 90 3133831.279312892
74 91 8227840.965388829
74 93 5007395.926240266
74 94 577129534.1526937
74 95 5875665.606281142
74 96 6537878.920871157
74 97 176326599.94763434
74 100 18841334.175643932
74 101 2315193232.0251837
74 102 54824138.58703603
74 103 4790969.1179714985
74 104 8954148.173409471
74 105 278685477.33074623
74 106 201919426.74404708
74 107 52124975.122379735
74 109 116466605.09402573
74 111 32942224.0741712
74 112 1722532.3447462332
74 113 2071980719.4716988
74 114 4429218828.079094
74 115 1156635190.5208035
74 117 78548600.37992916
74 118 518794878.62414587
74 119 6257659.111237965
74 120 3279808.433336515
74 121 121631.34872521153
74 122 5845941.544979935
74 124 764304.58694291
74 125 1196520451.4879048
74 126 20208841.887695614
74 129 8772691149.087122
74 130 19701828.710207
74 131 580936086.9910632
74 133 235502735.88781047
74 134 101649820.8413006
74 135 1563864.6473895248
74 136 1741690.6021584335
74 137 164836618.97859913
74 138 8964568886.224663
74 141 27755078.258584164
74 142 359344862.7107468
74 143 3550972.118732641
74 145 68373208.01193416
74 146 3785582.299097077
74 147 1723852343.382978
74 148 38398939.91244063
74 149 13575138.716219408
74 150 693886905.7902373
74 152 1050024979.8681464
74 153 20297341.69591273
74 154 1027880531.6989224
74 157 1075872772.7457867
74 160 11838199.403438795
75 0 2634096.992173058
75 1 1591201.623544958
75 3 412189.5861177716
75 4 18723785.43379966
75 5 9120729.166458549
75 6 37213347.89525302
75 7 5977978.477539194
75 8 14174011.646179713
75 12 7067110.817010802
75 14 29515742.25008056
75 15 1045647.24306593
75 16 2308844.642528626
75 18 17125669.61461853
75 19 6163086.533688023
75 21 8631047.284975419
75 22 797366.9928048083
75 23 101568.51017170906
75 25 1743948.3742987013
75 26 9373518.44010867
75 30 7014053.076157721
75 31 7325617.868495284
75 32 25084538.70265294
75 35 22159767.618403204
75 36 2109047.637329256
75 37 3860033.1070761485
75 38 9239674.911312401
75 40 47961367.90098383
75 44 2609004.2496015253
75 45 7702883.230316188
75 49 18360157.6144711
75 51 13464898.009854542
75 52 235797.45531460256
75 53 4729172.947518667
75 54 11882641.920795102
75 56 26310376.915530503
75 57 768976.6427746535
75 58 2417141.4671517387
75 61 162560.5934757116
75 64 20017617.06129615
75 65 14204762.5668987
75 66 240145.95282124192
75 67 3284988.5032438096
75 68 10153280.941851169
75 69 56271642.64058265
75 70 9328941.241046265
75 72 7692654.856859877
75 74 8011976.752222446
75 76 456113.9585769084
75 77 2906463.260141135
75 79 26080601.205681678
75 83 651176.5393734481
75 84 13242186.447182707
75 86 14933311.508925933
75 88 6129256.522208543
75 89 4466042.908721138
75 91 1488595.2795651022
75 94 17041055.937257484
75 96 8832464.142476572
75 97 5196502.236821776
75 100 3007851.367671531
75 101 9337050.390249716
75 102 13068038.915953426
75 103 14953324.109667588
75 105 8002572.217095944
75 106 10964288.810931157
75 107 2906128.2906420217
75 111 20395305.37438556
75 113 8189976.3502123775
75 114 22323753.684978746
75 117 4619252.964233709
75 118 18543233.035393536
75 119 3270892.0624473155
75 121 3711884.4952440565
75 125 8756948.4094039
75 126 4265478.571419662
75 129 1763979.1684738158
75 130 9657844.263149047
75 131 13855495.881399687
75 133 6276327.361114293
75 134 3072137.5348786623
75 135 5305725.042690647
75 137 21905827.040930312
75 138 6639782.313035081
75 141 9919387.606113981
75 142 2963934.309596619
75 143 4355831.257822798
75 146 3219610.6277769743
75 147 5821742.162561074
75 148 6883349.644745661
75 149 7878437.747769151
75 150 3134091.8531522066
75 152 52270495.185490794
75 154 29270628.95493587
75 157 20196074.830307975
75 160 1127763.7665822706
76 4 11107717.700287534
76 6 63696152.96045884
76 7 202995157.5927222
76 8 15878974.73514301
76 12 3179765.232774096
76 14 229570543.28210253
76 21 13212431.668841122
76 22 735566.339769453
76 26 9245723.165125722
76 27 4493517.853726456
76 31 40206704.11098176
76 32 8962486.238381326
76 37 2409205.891778346
76 40 1891316.1879072485
76 44 63612346.988144666
76 45 17170846.552064054
76 49 226377010.5803597
76 50 5846849.207718861
76 51 24054211.082761317
76 54 151353115.4668083
76 55 39178627.76726657
76 56 226626145.14509887
76 58 135694181.25571764
76 63 73395807.45739958
76 64 273317800.8752832
76 65 240178868.136379
76 67 20964439.19094183
76 71 88461267.40579501
76 72 64021274.97448828
76 73 46600768.84642686
76 74 148179774.26214212
76 79 73612409.07679059
76 83 35928038.654609665
76 84 39945377.523834065
76 86 40937173.40101785
76 89 41925409.75180853
76 93 8376256.033759391
76 94 206930815.08494577
76 101 17033569.256142605
76 102 13065213.25311391
76 105 119274412.28059715
76 106 125410284.03601858
76 107 38710058.46807393
76 112 10622545.396825457
76 113 98480411.46745335
76 114 28482900.659916576
76 115 4749852.143370017
76 117 6587808.89773706
76 118 170907692.70645133
76 120 1243715.8988240142
76 122 1364949.091907894
76 125 426695330.6853613
76 126 10801211.37654265
76 129 154827664.91259882
76 130 22487264.634583436
76 131 13454142.007866384
76 133 236178488.10077485
76 134 15372411.812717365
76 137 38240293.0387596
76 138 30654856.00132155
76 141 58881526.17029613
76 142 280642423.5143272
76 143 8302438.376322503
76 146 3444533.282880525
76 147 26112729.31799464
76 152 131082379.41311684
76 154 283847061.0251241
76 157 125166375.85129477
76 160 4365339.979880616
77 0 11500211.919595895
77 1 22981083.36190497
77 3 16515.160574378748
77 4 13850060.309340265
77 5 4416564.7018385865
77 6 38038334.23207394
77 7 20630296.80271479
77 8 7517229.1959902635
77 9 13024976.081133952
77 12 5227195.456135099
77 13 9052748.941299275
77 14 88635877.05684902
77 15 1918893.5748462747
77 16 3768130.7355112215
77 18 6331052.93035743
77 19 3514927.6284872787
77 21 48144206.27538775
77 22 2730514.6630403623
77 25 8421523.788864829
77 26 87504941.31374721
77 27 3135454.263229575
77 31 42489703.99309777
77 32 39847383.00739398
77 35 13709477.082283275
77 36 17613537.407123648
77 37 17571052.23533238
77 38 36492527.75692515
77 40 13638069.399795694
77 42 1764223.7625019231
77 44 308585.2758205411
77 45 26387658.222218312
77 46 11231417.163935117
77 49 779156.988978434
77 50 27879673.08210045
77 51 7700827.332369872
77 52 298940.623614834
77 54 14018734.230475679
77 55 3254348.6110339784
77 56 22543602.527737264
77 57 2575493.546193679
77 58 15507867.929074218
77 59 6698907.404564989
77 61 7379910.167963851
77 64 18376005.668837283
77 65 6581979.063994503
77 67 34527608.73023498
77 68 2719307.5496727396
77 70 10889855.326162567
77 72 31632209.183249883
77 73 5477642.888611884
77 74 33475167.17439732
77 75 29891775.708236966
77 76 20597111.76296081
77 79 75654908.42090493
77 84 1171328.9325428293
77 87 236073.20577769008
77 89 30655436.134309407
77 90 7598899.969613871
77 91 4184000.303125308
77 94 26868344.11168912
77 97 25351767.733669158
77 100 23388115.913141523
77 101 80577904.46586497
77 102 7616445.116927628
77 103 7895135.146275975
77 104 1158128.5807859083
77 105 4726114.96399891
77 106 50064389.53775833
77 107 14986954.450525707
77 109 25163128.4866305
77 111 3734171.190206281
77 112 18992191.608176537
77 113 30620466.94176522
77 114 61507835.215985775
77 115 7492750.5987356445
77 117 14413958.376651429
77 118 6288067.418060889
77 121 1414810.282298641
77 125 160578498.41285902
77 126 3997172.94111463
77 129 9395726.31239499
77 130 7863622.331230632
77 131 11005825.474572886
77 133 7879361.302487044
77 134 35671361.62498657
77 135 353910.27948628523
77 137 16037451.957599856
77 138 8370940.578625997
77 141 2049694.7483995557
77 142 257203.5875218285
77 145 5646789.33234585
77 147 80056705.65398024
77 149 10189385.647108495
77 150 47537972.08625678
77 152 5135409.55155798
77 153 15786157.154416716
77 154 63426006.64660153
77 160 1185880.9442764977
78 7 1122715.0756111967
78 14 328825.568366339
78 26 382364.7252849702
78 37 35466.64382166626
78 40 32744.11252542839
78 44 407393.26185322925
78 51 154841.30380048064
78 54 245421.2271259419
78 55 696249.7899425656
78 66 291541.0668539746
78 72 15746.286895130319
78 74 111098.9215191163
78 79 56617.78904154123
78 87 32909.83506245231
78 89 99788.87887028599
78 91 283912.5954161609
78 101 446472.47038082517
78 117 86272.46216693537
78 130 1119997.721268644
78 131 66937.44243148368
78 133 258062.93704024464
78 142 210566.0402079833
78 152 677310.5476510321
78 154 3801.5457961991065
79 0 2141020.9698146284
79 1 146993019.46785173
79 3 2654279.365521166
79 4 1883718926.2376294
79 5 5209373.425817387
79 6 310611080.8330777
79 7 1550233429.4344585
79 8 13732773.305415174
79 9 34726521.762066424
79 12 9810976.459927794
79 13 65194647.41313039
79 14 1005251526.8275244
79 15 1089785.4865609722
79 16 18223291.175800197
79 17 1045002.1857025744
79 18 6270779.12383276
79 19 224062788.2358997
79 21 21458191.629580352
79 22 5577615.0547453
79 23 1543556.254162544
79 25 11556960.976994708
79 26 10434863864.623045
79 27 7182956.038391374
79 28 2085066.1970213056
79 30 1000008076.1034241
79 31 6326948432.185172
79 32 10220470.13067333
79 35 225138636.75522006
79 36 67839727.01820292
79 37 99527551.0410587
79 38 8329318.30085213
79 40 323271080.96904993
79 42 3457894.48192017
79 44 72966941.78036387
79 45 1165338148.9139376
79 46 2533884.2723306166
79 49 578044057.1879367
79 50 7281618.431650745
79 51 12722799335.290186
79 52 3016143.274143898
79 53 639550.2930623059
79 54 7067965522.681082
79 55 12495704.993907008
79 56 417955942.5073432
79 57 1960907.2373978314
79 58 1124801.5854855988
79 59 9714081.17562147
79 61 22817129.13461464
79 63 28446748.738154914
79 65 186923358.4391232
79 66 3583099.2987960964
79 67 314649086.78691846
79 68 61356415.4184305
79 69 77812184.66340107
79 70 785735953.5371969
79 71 490830512.0182286
79 72 7490925980.148945
79 74 7860235716.768377
79 75 86350258.49341935
79 76 4677703.0995234065
79 77 54174274.73181947
79 83 10059072.516939634
79 84 79362768.39973941
79 86 148362703.76603281
79 87 3037677.673237995
79 88 14530812.150595658
79 89 1563099843.3753116
79 90 3134060.6920780316
79 91 8301707.90835182
79 93 9073961.718509119
79 94 10103588317.565376
79 95 10708876.90209185
79 96 18102681.577038072
79 97 7043989.575563126
79 100 38056912.818032324
79 101 8192433469.945684
79 102 145682433.17737713
79 103 31571916.92512126
79 104 3306759.2713662456
79 105 21612351.07287095
79 106 1259182785.1845717
79 107 13739498.263209429
79 109 36286959.95916726
79 111 68089837.56585312
79 112 101475747.05389081
79 113 1164644566.9559016
79 114 2550808325.7601233
79 115 53777912.76088127
79 117 216057653.06783506
79 118 1860307314.3301525
79 119 359193.03370302194
79 120 6078462.312751474
79 121 3390392.3150654915
79 122 19464696.01855583
79 125 115165809.47546594
79 126 9268474.734532341
79 129 1245226313.2122793
79 130 12342875.096997844
79 131 179717922.35375535
79 133 685075717.6979574
79 134 45790441.58868296
79 135 22025608.99273965
79 136 2269402.4838803452
79 137 3003093052.2254577
79 138 96241609.24658398
79 141 3524938.938989653
79 142 801070357.1054612
79 143 8507452.94471285
79 145 9743358.805145912
79 146 149533494.18142602
79 147 4388605571.342634
79 148 13362620.045420786
79 149 536302.030238897
79 150 101795896.28802681
79 152 2986942794.3489313
79 153 25322957.987216372
79 154 5654766712.329084
79 157 1430799349.5696576
79 160 495461.06066131924
80 1 115722002.25297192
80 3 5239299.368123041
80 5 4619981.399038541
80 6 35757953.52250551
80 7 166930321.82471052
80 9 12416.18828131641
80 12 22049108.86072866
80 14 163641701.96780193
80 15 1919624.9810949273
80 18 51042270.950825
80 19 197310732.7122191
80 21 15860134.238177825
80 26 10512382.815519303
80 31 506650077.98969644
80 32 533702597.39813095
80 36 30169392.475552924
80 37 11193882.68398707
80 40 101297770.37067544
80 45 4860501.765108096
80 49 10412802.55954123
80 50 11434601.780552546
80 51 807847464.9336033
80 52 16349572.896481952
80 54 75813924.22896159
80 55 49137345.75228876
80 56 606614521.2261808
80 58 59900410.6941002
80 59 10392175.343169639
80 61 3268897.8892903184
80 64 383507976.4720298
80 65 3446445.59538276
80 66 24351021.49102108
80 67 389979572.12592787
80 68 543601743.7372366
80 69 13862636.619711783
80 70 214745712.39060545
80 72 59500151.05098368
80 74 504989870.4372207
80 75 4901907.712681288
80 77 1492454.2879943154
80 79 148273421.48817852
80 84 200121855.5911646
80 88 474735.35831203463
80 89 474302236.561134
80 91 3865652.828046912
80 94 462956608.0500276
80 95 2208022.9132532715
80 97 94582495.26055321
80 101 231384728.01006368
80 102 295295573.1455714
80 104 1281959.0761967576
80 105 56310245.394575395
80 106 407390910.3538636
80 112 162656377.5592996
80 113 53071392.50253549
80 114 229012685.1310771
80 115 61849377.00130185
80 117 26335834.48835804
80 118 45839506.72903542
80 122 4488911.041495301
80 125 206714804.871784
80 126 15133879.446648195
80 129 179747049.3748925
80 130 1349420.8435258209
80 131 86546490.82465836
80 133 122490325.60389735
80 137 1042689261.9468088
80 138 70430652.30621378
80 141 19329077.75191568
80 142 183921071.32825583
80 143 19706075.778829798
80 145 22080587.731699526
80 147 366585359.1767644
80 150 21462015.19884049
80 152 199682758.3506981
80 154 206128800.62167332
80 160 17353490.86154755
81 1 9191592.481513917
81 4 23585633.870137125
81 5 497007.5355710409
81 6 20181022.1318155
81 7 404098.0637242381
81 14 6332196.071097295
81 15 445059.367563898
81 19 4663074.399258492
81 26 452518.9985284637
81 32 1828319.254265837
81 35 1659099.9191195962
81 37 8275635.313068936
81 38 2730225.250707699
81 40 21441742.735930316
81 44 2306392.923877843
81 45 10471895.575105827
81 49 4190925.7749869344
81 50 2983580.392922268
81 51 14783351.245027898
81 52 2016487.806439434
81 54 1415121.538879833
81 55 1720143.0787809552
81 56 87458.3026432484
81 64 2028934.7856021754
81 65 1877.32537636706
81 67 11398156.87931754
81 70 16884407.61934835
81 72 15952963.96066942
81 73 249174.89328071062
81 74 15880295.843859185
81 76 2943485.0463299556
81 77 12563836.659838859
81 79 1721337.0775303151
81 84 3255378.940149939
81 89 13608176.457839586
81 90 3929790.3265676056
81 93 7209105.854758892
81 94 1727416.5623964902
81 95 9521665.471229339
81 97 9466726.836732088
81 101 2330588.647851287
81 105 611531.5305232673
81 106 12754649.440159721
81 113 8057865.309590224
81 114 8860877.967008475
81 115 6334876.548533358
81 117 193840.03875177578
81 118 3988964.768480282
81 121 2505702.0270926543
81 125 29489941.994921178
81 129 39433861.078305535
81 130 1476585.2816119841
81 131 5330268.0615682425
81 133 4135004.19811859
81 137 27826634.513662674
81 138 1750181.2180459423
81 141 1433982.8295157338
81 147 1799645.785707937
81 150 716945.766505712
81 152 1632212.1140174733
81 154 20233522.63637598
81 160 3109082.648971075
82 6 5782171.925838925
82 7 673731.6675995741
82 8 4462900.038684347
82 13 2143847.3511928325
82 14 2503861.6633443213
82 16 716698.9227782876
82 21 7455836.6721705925
82 25 5783754.003022771
82 26 7051427.124619441
82 30 8870635.609839939
82 31 17922650.6429943
82 35 5623097.065367488
82 37 2649829.267580123
82 38 2829850.3665696196
82 40 6030617.770568427
82 44 1703365.7719841253
82 45 395031.585326217
82 46 9161920.431424605
82 49 940143.0088714093
82 50 4641500.637113566
82 51 4351634.968814382
82 54 1344943.5956117292
82 56 5485639.539093655
82 57 1595964.426604519
82 64 174439.20303550508
82 65 13615537.988848584
82 67 1191615.6518436288
82 70 212026.58889659776
82 71 4775475.715985304
82 72 3429621.934501511
82 74 1632451.9595609528
82 76 561945.2779779024
82 79 5654381.377233743
82 84 3345130.9908679756
82 89 10313818.607144006
82 91 3772865.2443892374
82 93 4867038.569602657
82 94 6044723.2670406345
82 101 1970712.3853491985
82 102 1321309.511133298
82 105 1674599.3941349539
82 106 4788679.619478433
82 107 176895.4809168085
82 113 1584747.99213511
82 114 3332140.9571148306
82 115 1514778.4122637582
82 117 4130236.0579764755
82 118 8572927.45186921
82 125 3211762.8479901133
82 129 375829.3502216716
82 130 5833552.925557051
82 131 1009758.068608875
82 133 1831940.1007693019
82 137 623853.2142206685
82 138 328475.3436114431
82 141 6272693.167623969
82 145 312916.527654414
82 146 5159403.437069976
82 147 9059001.993594289
82 152 59860.39150714741
82 153 12899351.559786757
82 154 4867562.4706515325
83 6 32326375.156168178
83 7 57783193.02946242
83 8 21848551.21346773
83 9 11533870.890202701
83 13 567870.4742218222
83 14 21268477.57113964
83 18 16820135.46057288
83 19 24706611.347625937
83 21 70692251.6510802
83 22 5604140.4132435
83 26 31815710.34577023
83 30 41623903.04933343
83 32 8275284.849812074
83 36 28685037.762306873
83 40 15636740.7919182
83 42 4958009.369729329
83 45 59604004.28966998
83 49 114083724.61896347
83 50 16361388.935941823
83 51 112021076.92534187
83 54 9131537.536030801
83 55 44712128.99578825
83 56 42331376.14163557
83 58 29987170.198862515
83 59 12921479.641173653
83 61 5837954.933115135
83 63 17006534.325380042
83 64 16276147.395958344
83 65 77354723.40684809
83 67 43943691.483867176
83 68 1597612.4637871438
83 69 23979500.05190516
83 70 51481196.72378654
83 71 91946860.8521495
83 72 4630147.384595437
83 73 105119035.25870204
83 74 22623393.380959168
83 79 42772519.86407223
83 84 25096802.85020508
83 87 5675173.758513793
83 88 23416023.613107786
83 89 35284842.22885802
83 93 12445779.256149942
83 94 79356452.19329807
83 97 32565175.259024665
83 101 67871839.9400137
83 102 6413605.424706334
83 104 270973.9300459653
83 105 43120805.690808766
83 106 14709087.834662665
83 107 143707.10497870282
83 112 87535581.7473349
83 114 15786233.31708564
83 115 95127754.1245532
83 117 18787131.29473108
83 118 51442215.7673468
83 119 258513.35330620388
83 122 3765770.561213028
83 125 6403407.729592653
83 126 19901681.420502473
83 129 36646707.543513305
83 130 64433443.693270415
83 131 43921090.19115032
83 133 65776414.30894264
83 134 50320939.79133398
83 136 2481434.758589661
83 137 15971055.811039334
83 138 5267048.546331822
83 141 7975672.673904916
83 142 86826427.88397796
83 143 7597909.552426997
83 145 13660320.32455981
83 146 33283713.25172561
83 147 141650666.29368007
83 152 125400835.51489468
83 153 67221675.5642263
83 154 55499251.837898485
84 1 8400553.24987889
84 4 10829434.029176364
84 6 6118585.637487479
84 7 8193305.164250736
84 8 7846029.68731031
84 9 10519887.790019745
84 12 9319695.102180263
84 13 206202.72453524682
84 14 11638502.076041995
84 15 3522611.8864535354
84 18 3301343.245364412
84 19 34521655.17275828
84 21 762553.6951369172
84 22 3671422.8536081268
84 25 12839213.578957459
84 30 16333753.819410894
84 31 2687759.5352239623
84 32 26963182.70274535
84 37 647042.2318505406
84 38 1539200.1736807313
84 40 12596125.338670162
84 42 3042475.050941681
84 44 197654.15751732158
84 45 930466.8404019988
84 46 1219583.4131028762
84 49 1066351.324223904
84 50 1451.6502089246014
84 51 4982205.2241623895
84 52 3233914.268881609
84 54 19545386.61473725
84 55 1621547.088427346
84 56 6243776.88608022
84 57 8453470.132915106
84 58 2999001.3065753086
84 61 987029.9224854418
84 64 54892.88781068764
84 65 10765286.75899391
84 67 5998605.580640295
84 68 11525723.139800845
84 70 777179.7080209838
84 71 505647.1402140257
84 72 1775647.3839066755
84 73 7422999.372506381
84 74 3637492.0278296554
84 75 6277926.838833741
84 76 12839360.53396302
84 79 3761379.1810261784
84 83 172556.53945368156
84 86 1590261.114672194
84 87 1185932.9424153874
84 89 7468675.941505967
84 91 610455.9081676678
84 93 3512984.9779055947
84 94 663320.1703208453
84 96 6065318.898531335
84 97 2701651.098390067
84 101 5957142.302847574
84 102 9379827.456087435
84 103 2886909.8199497084
84 104 1350395.5159291031
84 105 23037944.984198175
84 106 309682.8010182248
84 109 8557482.034806183
84 112 2571256.9995198874
84 113 11604671.395142447
84 114 548855.3941225909
84 115 10338706.960304022
84 117 180336.49875836237
84 118 26564417.515525997
84 119 169492.8695471357
84 121 4426849.494383142
84 122 133666.48501838194
84 125 17722343.5031977
84 129 10248269.903253658
84 130 1702209.4120352853
84 131 7380416.816245577
84 133 5189579.764750174
84 134 4240742.8662037635
84 135 1085902.519534722
84 136 3123141.225861958
84 137 11171911.618699986
84 138 3751352.4416293213
84 141 619243.4435269629
84 142 2608243.0152171426
84 143 1163282.5739140087
84 145 3063623.7985341246
84 146 2367587.1015070966
84 147 12611570.651751833
84 149 4715100.462491353
84 150 42293228.93119576
84 152 3275414.979435975
84 153 282288.4736414927
84 154 15073636.322164714
84 160 3164175.0954803093
85 6 44906735.00645835
85 7 1093430818.5844638
85 13 58102618.34438225
85 14 109059269.3482834
85 16 3233205.6253959686
85 18 550739.352832052
85 19 503143791.72710043
85 21 56755101.54663885
85 23 105300.63916652948
85 26 158907673.02490258
85 30 128652479.62217033
85 31 1173075721.3562028
85 32 39704755.271733426
85 35 90835479.70608866
85 38 34717885.258790344
85 40 275601594.6310111
85 44 56060964.3838136
85 51 635124594.5805289
85 52 20673008.90732141
85 54 463134518.59672475
85 56 74053119.01927526
85 57 1571212.8093822682
85 61 772073.5343469995
85 63 13226006.598484235
85 64 210965740.61284742
85 65 375937748.260258
85 67 19594949.87981773
85 68 250806700.22146603
85 69 59433748.3569363
85 70 71919069.06791092
85 72 166129487.54648238
85 74 370337439.04025286
85 75 15568173.5326074
85 84 11547726.366408315
85 89 273464128.94783866
85 91 873676.2612682297
85 93 11898324.416261869
85 94 4704660.823113835
85 97 24664025.863265403
85 101 62311186.56420073
85 102 40243339.113436125
85 105 104979258.39775838
85 106 36239544.47738586
85 113 87215142.16755189
85 114 70079366.65804109
85 117 86609912.96848951
85 118 726561720.0103335
85 120 290919.9840495542
85 121 824861.4489359255
85 125 209622764.50496542
85 129 253917691.8866929
85 131 101108990.76687294
85 133 89706204.67512906
85 134 129211048.65055755
85 135 5767108.684608679
85 137 248526397.0707426
85 138 249513836.4194083
85 142 359836828.39933795
85 143 4237689.603318241
85 145 33051321.389972866
85 147 93543288.37297781
85 148 70560716.65945242
85 149 54476.590447706076
85 150 199697392.5302886
85 152 123345966.96310799
85 153 33969048.19872632
85 154 241690271.24080446
86 0 5675664.104654386
86 1 12376893.198314091
86 4 13899259.19806085
86 5 4120959.152005809
86 6 51202923.12315087
86 7 12713667.338773606
86 8 784140.7482155262
86 14 5400338.5987865515
86 15 5805678.544054793
86 18 26508762.24240734
86 21 27166198.96959188
86 22 27572694.87664971
86 26 21766932.55499092
86 30 17513954.18885642
86 31 23253228.137620166
86 32 1511301.3778782983
86 35 21891490.342911664
86 36 29894081.7218049
86 38 13852064.887489654
86 40 35379323.079697095
86 49 67954740.23156221
86 50 12403387.769160219
86 51 1194505.4150352376
86 52 3620933.21175449
86 53 2295371.668926927
86 54 14847028.939593198
86 55 13028290.020241072
86 56 24944352.29195285
86 57 1731237.553024567
86 59 8488278.149758702
86 61 113306.51579404112
86 64 95172072.41111253
86 65 75096219.2974752
86 66 22385291.802261442
86 67 5413872.476006748
86 68 26753303.91089846
86 70 48245403.51537685
86 71 94395773.3731527
86 72 111454704.44739282
86 73 6300809.817983505
86 74 61854538.73522466
86 77 34576095.90997189
86 79 16797017.530642092
86 84 36981077.48588009
86 88 349621.8609466364
86 89 21202697.070013683
86 90 11109591.009110594
86 91 4624705.725519357
86 93 1072306.6112769607
86 94 11850951.59508753
86 97 8681086.869820472
86 101 3973224.754537951
86 105 2950585.0685138972
86 106 59236647.269943334
86 112 5256637.016272622
86 114 5737488.611402126
86 115 3203823.032762497
86 117 46839786.00952503
86 118 77246844.70908841
86 125 35281954.329940796
86 126 6797242.377473278
86 129 51562036.59254833
86 130 75253293.20749773
86 131 45791853.23701036
86 133 42954568.77947429
86 134 9851222.55420545
86 135 33635416.291218735
86 137 32491394.776903242
86 138 16388771.668334117
86 142 42746691.51398766
86 145 14463865.848308386
86 147 40196731.35378178
86 148 6065814.445690865
86 149 24297899.35441742
86 152 93751356.94650918
86 153 13396634.54666335
86 154 14835341.739160528
87 3 1376475.514760002
87 6 29333009.021194223
87 7 709243.8362561013
87 9 15075348.101956483
87 14 10119730.240011344
87 15 16711831.962461911
87 16 2608228.7611351907
87 19 39377807.58124104
87 21 19490249.102127273
87 23 3345230.6512685483
87 26 7203206.072258593
87 27 12170285.570687927
87 30 11974040.736438284
87 31 231387.8431259221
87 32 17369757.31910642
87 36 8473642.90031388
87 37 3841658.6032568794
87 38 658275.4134715889
87 40 14146612.39947997
87 46 14598745.6489309
87 49 30666452.410392366
87 50 3220655.611961954
87 51 1746670.6784333459
87 54 7879082.422924507
87 55 7695458.354037824
87 56 28919.785953265273
87 58 14920903.99855893
87 59 56137.18272671291
87 63 5537126.416161015
87 64 10727305.99220565
87 65 329881.76732539065
87 66 7347684.27450107
87 67 5441621.957574464
87 68 279137.52892380796
87 70 885316.0359110665
87 71 36306084.75579112
87 72 370124.86843482446
87 73 7933824.129626481
87 74 4880017.7131231865
87 75 327554.6248756401
87 76 6503135.6459058635
87 77 3974482.0425603352
87 79 1180114.267351284
87 83 3728716.5545985424
87 84 1445892.597890057
87 86 22370435.925827872
87 88 2031362.508972885
87 89 18786034.044582725
87 94 15482742.92832708
87 101 10568545.641052911
87 103 2070081.88317058
87 105 7542790.303521378
87 106 18217020.529540543
87 112 3095048.108139452
87 113 51851715.67290511
87 114 8733838.119889423
87 115 3086148.888218665
87 117 1748362.5302549314
87 125 47978444.45815944
87 129 14999842.909369124
87 130 24939246.89631861
87 131 8011794.961409806
87 133 17688521.448428456
87 135 967954.1441648629
87 137 15903054.981824616
87 138 24321184.802429464
87 141 2770586.47489427
87 142 7972066.1592139
87 143 1932062.9340990523
87 145 12656397.835143933
87 146 12195968.66572709
87 147 22721649.369170077
87 150 22308739.627056733
87 152 5901590.399495
87 153 18301356.90618669
87 154 1350229.0062018894
87 157 6679417.761531949
87 160 7071674.502850227
88 0 9763801.043787532
88 1 9927167.956393342
88 3 588458.7036553867
88 4 1258374.2429627501
88 6 28363337.61217222
88 7 1159301.9344562243
88 12 223219.64481607857
88 13 682247.1539417657
88 14 4608695.6662035985
88 16 1175554.4045353024
88 19 4462550.838101793
88 21 12181078.423602346
88 22 9242291.376090439
88 26 20509510.621243086
88 30 7157504.735380128
88 31 5114747.468632066
88 32 1452839.3402709898
88 36 4418199.979364281
88 37 6194960.495042132
88 38 7275578.217388258
88 40 1508805.6886832442
88 44 6082086.345212823
88 49 8754234.413913216
88 50 353324.4207909264
88 51 10825055.62321771
88 52 6224059.935572489
88 53 3471874.830530558
88 54 1792925.4118906541
88 56 9862697.258715605
88 61 1398534.8529408344
88 64 9049087.835420191
88 65 20494.052489363658
88 66 7769650.596969539
88 67 15364355.860349942
88 68 21549236.50976683
88 70 7320150.445516079
88 71 632715.0701116838
88 72 1538285.9174276695
88 74 11410911.1491617
88 76 8358008.721589927
88 77 1960044.9945390783
88 79 4618270.490209748
88 83 14678149.994417392
88 84 2566706.5449642497
88 87 212209.92332625494
88 89 10628034.035785586
88 93 237440.00370482556
88 94 4043260.0269364933
88 97 2225055.2704082034
88 101 6452495.965733048
88 102 1434464.814341071
88 104 2948840.381082616
88 105 2580136.4227571893
88 106 2701116.680832448
88 107 337969.88634384476
88 112 3018782.8290745597
88 114 12526760.841532586
88 115 3414012.75262735
88 117 1948985.7794095261
88 118 652523.1082153253
88 119 1085947.0927626293
88 121 2178042.6069693477
88 122 589565.2141303493
88 126 9284678.434691329
88 129 4199008.478984076
88 130 1306172.3800425525
88 131 4594899.667187448
88 133 71481.93603820115
88 135 1128833.366861591
88 137 4352056.244119761
88 138 1296850.7010681976
88 141 8625686.850217618
88 142 1822262.8333987761
88 143 511115.9405007289
88 145 1634621.922294786
88 146 5747596.749930425
88 147 11425898.992935667
88 148 1649757.4584855074
88 149 797251.2746479437
88 150 7228207.766401485
88 152 14562822.963705195
88 153 7053902.8109725285
88 154 19137552.97343981
88 157 829986.50373587
88 160 1174684.2528258562
89 0 4931034.355645385
89 1 5784857.617808717
89 3 23109797.604676723
89 4 88020242.07001203
89 5 3450316.759818972
89 6 664349157.3665802
89 7 1791657058.8489604
89 8 18971282.266961575
89 9 8754357.40478208
89 12 17540048.600439623
89 13 173826314.61040443
89 14 39351680.15254184
89 15 2278203.828462728
89 16 3410274.529427502
89 18 11189571.129859725
89 19 2642080352.247956
89 21 179463179.374635
89 22 5416143.591614284
89 23 3390775.4046835057
89 25 3683733.2521516355
89 26 1336982199.517918
89 27 8273395.8144666115
89 28 497041.39209804503
89 30 495773188.3093487
89 31 705366403.2174994
89 32 239446699.91632554
89 33 7088584.626030129
89 35 59893813.56832331
89 36 17411234.024182975
89 37 304741452.981257
89 38 9994173.08803257
89 40 1645340165.596372
89 42 896147.3677958256
89 44 47966595.43998907
89 45 10126314.522879014
89 46 28022872.443102166
89 49 204971230.09074646
89 50 4698615.773745321
89 51 3301236112.21692
89 52 3994190.7530974774
89 53 2128280.958107482
89 54 58619564.62998221
89 55 5029875.099307276
89 56 55906554.68821986
89 57 4015108.7277770042
89 58 124622100.43198189
89 59 7568733.559175398
89 61 24942659.365489658
89 63 7832094.675532807
89 64 3746915015.513388
89 65 907073766.5114413
89 66 16019857.486047637
89 67 525947847.9409872
89 68 48008184.95086134
89 69 174945181.0989028
89 70 6410056495.333564
89 71 1122419819.8230176
89 72 29949825.124951098
89 73 29187755.11851966
89 74 449015210.82354033
89 75 45592449.87971335
89 76 39358022.85507673
89 77 30620740.34996189
89 78 771912.774961939
89 79 2404013786.505053
89 83 55968839.682433955
89 84 72099727.14212392
89 86 48436833.96662944
89 87 2668758.69276971
89 88 6065606.984414371
89 90 3877960.8397780936
89 91 7427294.841529755
89 93 6856377.640259822
89 94 2163022398.992921
89 95 4709895.407040526
89 96 12570803.477594351
89 97 393478738.76745987
89 100 38107737.63421737
89 101 6838761263.798808
89 102 107411202.25117691
89 103 2513690.40415425
89 104 4094996.4753118036
89 105 38178381.44070652
89 106 93931619.50371203
89 107 43554745.05361372
89 109 42838441.8647855
89 111 6762629.603791592
89 112 126365574.06991935
89 113 443976070.06748015
89 114 49958977.389962256
89 115 3280071.3226291365
89 117 6335422.504344757
89 118 283973753.2858636
89 119 6650104.017657605
89 120 4055991.035674562
89 121 11995941.406883754
89 122 28464.72052763111
89 124 408365.6002895844
89 125 315909640.5343986
89 126 4046107.955225104
89 129 807114042.6456593
89 130 135605634.02301514
89 131 144792728.87073717
89 133 1414059839.001324
89 134 150576999.03367338
89 135 9774387.33330111
89 136 7911027.605958342
89 137 785889320.937394
89 138 1226834804.131421
89 141 7998369.10071117
89 142 182573716.1054786
89 143 5024725.534462127
89 145 4645243.374700051
89 146 106982280.696806
89 147 200481255.06188762
89 148 12216339.263429515
89 149 6035740.123253349
89 150 46729645.10707336
89 152 1975797920.8446229
89 153 83642887.43416739
89 154 3788809427.3444104
89 157 701957970.8917797
89 160 4347706.332832636
90 7 3129392.0948313493
90 14 10301392.84749958
90 16 2226330.330385475
90 18 8115143.237349455
90 19 1228145.845308071
90 21 1652377.8572848972
90 23 1913531.953515977
90 26 3156896.542810131
90 31 2898616.0513131535
90 36 3832957.447546758
90 40 2759192.2561484203
90 46 2261188.1442131856
90 51 4628652.662393535
90 54 1628021.545000109
90 56 2258536.990718818
90 64 1019747.8122763651
90 65 1963424.7905773679
90 66 579282.9896514547
90 67 7970772.670145672
90 68 35147.37421847976
90 70 979476.572589352
90 72 1177567.782416409
90 74 1635623.0787702876
90 76 5371996.502454998
90 79 6846781.815535295
90 84 477860.7081303781
90 93 4416746.968753848
90 101 570658.5621836955
90 117 924227.4804791226
90 118 1799075.6944921047
90 122 61176.50105857327
90 130 1765389.3590320398
90 131 5435958.36104239
90 133 382268.8797475178
90 135 3340.2632862155124
90 137 6386.575337746836
90 138 5346527.33601713
90 142 1449871.431479749
90 143 1194129.1562328553
90 152 1349140.6247269453
90 154 3941039.3790328205
91 4 3478572.440262314
91 6 5432986.183040399
91 7 19073957.710859522
91 13 25858814.050581373
91 14 834293.9088853482
91 16 579030.4807140221
91 18 12506021.817761673
91 19 1326183.6557266274
91 21 5517712.2095492855
91 25 4385676.232470258
91 26 6347760.623434879
91 31 1323095.6498932817
91 32 6056327.388409028
91 35 1415292.8657190627
91 37 4455575.340629847
91 40 3818442.8502157032
91 44 289369.27027100034
91 45 147947.79074535155
91 46 10440060.850200653
91 49 13808299.079350982
91 51 21684720.32141859
91 52 1214520.778572467
91 54 341253.69448301435
91 55 1785725.43465806
91 57 1590484.6495311304
91 59 882924.6925579257
91 64 3253622.2585864766
91 65 51924.472344310394
91 66 4128276.795250679
91 67 11118522.735794125
91 68 5739958.420886104
91 69 10561889.319301046
91 70 9828364.853353687
91 71 3470007.944933109
91 72 3630517.612023994
91 74 2249538.007625247
91 76 5113533.215341679
91 79 1310732.5677741375
91 83 412395.75706569146
91 87 1108739.82721655
91 88 3483030.4205048652
91 89 1722770.8308422233
91 94 1557429.2001316822
91 101 11359163.326596273
91 102 7039883.250319048
91 105 3909033.1830927236
91 106 2909595.848008633
91 112 2857823.006833427
91 113 6033167.570009709
91 114 10213937.334245767
91 115 19271083.77657937
91 117 6567133.599266642
91 120 143281.74101005078
91 122 2188181.0753825596
91 125 2446320.638608236
91 126 2638478.8393673333
91 129 7825458.4206107035
91 130 424996.22214684344
91 131 1805966.6271113968
91 133 6803608.861952988
91 134 1224764.3060237085
91 135 512629.90348143416
91 137 1937961.3247954356
91 138 336351.6174942546
91 141 13471736.320052028
91 142 7493514.4630304305
91 145 2233717.130382617
91 146 26525490.336711206
91 147 69448.83356831764
91 149 1659726.9071360205
91 150 1060138.7954027427
91 152 7529672.812060305
91 154 556322.8807961886
91 160 747666.0171631657
92 0 4577989.168393856
92 1 20237975.291241016
92 4 5462886.945018433
92 6 1282454.343080786
92 7 10429535.108196141
92 8 8388147.966199473
92 14 7194463.121432711
92 15 361435.06978239695
92 16 5188145.575185735
92 19 8421618.615425946
92 21 6388680.204662081
92 22 1437741.1000870012
92 23 651864.3508154461
92 26 9667538.318055224
92 27 672662.9523558265
92 28 1286143.217765035
92 31 964871.8285557715
92 32 17175010.569135852
92 35 4118542.8181518153
92 37 10984648.913992632
92 38 14737388.313704995
92 40 25246674.25865856
92 45 5014056.062239259
92 46 68772586.24288405
92 49 16283747.297764184
92 50 8058244.5310436385
92 51 15847626.760872416
92 52 2383764.598000348
92 54 7878597.063579343
92 56 5640011.735634861
92 57 124392.08189414487
92 58 12892347.934328062
92 61 5255965.083892591
92 63 3514283.950160242
92 64 9103291.553012202
92 65 4952851.046779052
92 67 2520434.507807596
92 68 14273202.400931168
92 70 24450474.488697734
92 71 13245136.524349084
92 72 10958780.043900512
92 74 10775558.81812525
92 75 17521490.57028771
92 76 1574602.816386682
92 79 3627977.461524503
92 83 335433.6084120593
92 88 659127.1921367011
92 89 22136537.93829231
92 91 287408.3856652329
92 94 25566309.92820274
92 95 4619538.75961498
92 97 14050964.308074519
92 101 15878951.733428003
92 102 8697999.346925985
92 103 4484013.841423047
92 104 168681.9065364301
92 105 9947563.290182654
92 106 15170573.099229451
92 107 6488871.001886831
92 109 5488937.383733963
92 113 131207.40701557187
92 114 1470687.9686230933
92 115 28184352.688366313
92 117 8331823.208112546
92 118 5671698.538502292
92 121 1927360.512073814
92 125 11290552.708234241
92 126 4478040.7747335695
92 129 22280100.484247923
92 131 4440612.736066489
92 133 8115888.601709508
92 135 8228514.370498599
92 136 6041200.978501152
92 137 7266016.586563592
92 138 1520967.775829377
92 141 265352.0444254879
92 142 16684049.855900614
92 143 1292677.9675982452
92 146 2094404.5898695712
92 147 3566899.735711885
92 150 18337769.045642097
92 152 335471.92442360887
92 154 1279806.6584433974
92 160 1508954.8258921884
93 0 974573.3178007564
93 1 6218250.960306566
93 3 9052490.145036157
93 6 70846388.83333178
93 7 16007301.510707965
93 8 14527907.908357762
93 12 6702649.893608418
93 13 19460270.597943064
93 14 2887597.6762389075
93 16 38154.92756748157
93 18 15957383.075434487
93 19 21986425.032995734
93 21 19825338.302385543
93 26 157235684.8015064
93 30 57229341.63995968
93 31 21697091.22699074
93 35 17695139.164159246
93 36 25613081.07289441
93 38 33064246.49343749
93 40 40806251.87414234
93 42 1014376.7414971411
93 44 26244920.950871915
93 45 29117754.433204606
93 46 6162169.369846164
93 49 10500349.710343497
93 51 4995628.78521496
93 52 9870802.729458097
93 54 17889121.65520507
93 55 12124522.057151962
93 56 14061319.000553267
93 57 3110198.2046596617
93 59 10355174.701825643
93 63 3070316.8867201107
93 64 859046.68014042
93 65 3886737.672685009
93 66 8347157.721802827
93 67 5660372.380213987
93 68 2952189.7570824437
93 69 4137887.9256900777
93 70 50136804.08950517
93 71 27155640.494227402
93 72 70903698.4112601
93 73 2616925.1650361526
93 74 29446198.427327424
93 75 6569933.116259632
93 76 59436460.75550098
93 77 97848.89152463073
93 79 48465104.264879785
93 83 5121196.457519703
93 84 8053917.375111929
93 86 238666.3436349855
93 89 40146001.037556365
93 91 58238.43308411459
93 97 13120542.216912987
93 101 18280612.813419536
93 102 15921900.638751516
93 104 881123.2154827394
93 105 12833453.641129388
93 106 62457790.70340673
93 112 3039308.9791333596
93 113 8768160.775779068
93 114 9248599.865567826
93 115 19743189.240025304
93 117 41175170.00201689
93 120 163340.66378283018
93 121 128807.7388025292
93 122 1548066.5140380755
93 125 6239970.6092566345
93 126 3052238.48666517
93 129 10125219.538546083
93 130 29433807.038255483
93 131 4497348.781424104
93 133 6194024.853493839
93 134 40801041.15209801
93 135 12304841.262098148
93 137 27638585.3101211
93 138 4284080.626832214
93 141 20501332.86339042
93 142 30221454.899702147
93 143 2869975.677601539
93 145 1340988.204295273
93 146 2700133.643576542
93 147 32341651.93857964
93 149 9486759.555127546
93 150 351456.63388253236
93 152 28525959.249285333
93 154 8659101.765727231
94 0 16207029.0476725
94 1 215564505.00270364
94 3 284174.13761511975
94 4 595190200.454145
94 5 13906868.093662886
94 6 194758748.93262926
94 7 42623254.184103906
94 8 9996987.299625196
94 9 40511981.470691666
94 13 178666807.05481243
94 14 408226277.32213414
94 15 3798368.603733246
94 16 21945028.986581538
94 18 28112324.251240917
94 19 649095302.152018
94 21 18976684.464702364
94 22 1066931.0322992904
94 23 1823886.7949261959
94 25 3819623.9344816105
94 26 223782836.40088454
94 27 900372.5055335365
94 28 1023786.1030365796
94 30 28878634.058836993
94 31 1069073262.4816803
94 32 54506006.90810307
94 33 4816363.341973762
94 35 10987947.975279544
94 36 2932251.5624495493
94 37 166419320.032752
94 38 33053190.62240602
94 40 588430281.7083526
94 42 1934593.4605371556
94 44 17391039.584283143
94 45 942460654.5765828
94 46 15995060.704117497
94 49 1557488590.7195106
94 50 8287522.8715600455
94 51 1523594003.2675312
94 53 938581.0216263627
94 54 4670147753.047305
94 55 12611707.64317754
94 56 220249126.0378426
94 57 983459.5592320333
94 58 85521271.93690892
94 59 7338263.154231463
94 63 4541374.2867377205
94 64 2848384735.460301
94 65 24246604.196914505
94 66 34325613.78688393
94 67 307161273.4115524
94 68 357710070.64526767
94 69 243312795.1911558
94 70 971171534.4164853
94 72 3643716318.515646
94 73 13115523.47284856
94 74 2460380818.8950863
94 75 27476027.29373681
94 76 18267053.71764028
94 77 3022569.3537185523
94 79 805070420.5235631
94 83 1604713.3443798479
94 84 71450076.69897182
94 86 95181086.76688969
94 87 2892171.935862436
94 88 8837663.02374336
94 89 1605882898.0993433
94 90 8135074.420483829
94 91 405795.06443297764
94 93 107089392.09474225
94 95 27702694.568779156
94 97 73442093.8843439
94 100 14043439.25441697
94 101 903658357.1598175
94 102 280874437.32607216
94 103 15131674.044640794
94 104 6091942.915563645
94 106 1391020635.8381054
94 107 37595187.23166038
94 111 33586199.03191957
94 112 168308574.55220833
94 113 213114871.13246685
94 114 1662670841.9124844
94 115 604465555.8871224
94 117 163751107.54632032
94 118 2060483340.193938
94 119 2090033.6282187628
94 120 4480524.148056413
94 121 4094557.2433191063
94 122 2009858.4449980163
94 125 206035273.33298528
94 126 19091166.68059182
94 129 26222803.046325233
94 130 215531199.91147366
94 131 158195516.5377684
94 133 1014740084.6232284
94 134 767596.4875929593
94 135 23926996.458269298
94 136 23106567.651008416
94 137 1089052766.4435868
94 138 973856639.1758858
94 141 37055654.1524919
94 142 229437459.89069372
94 143 1905563.2316601495
94 145 91277928.25641446
94 146 116154962.51499501
94 147 855597664.6905957
94 149 10946423.846577168
94 150 127739115.35034966
94 152 1894778522.3342156
94 153 57668770.76190354
94 154 2634315510.0919886
94 157 33441608.606640123
94 160 9707668.811684532
95 4 3700584.226101234
95 6 32109231.587112717
95 7 40114794.55216439
95 14 1819690.8374034509
95 19 358156.0450416128
95 21 29503348.126013476
95 26 34862171.50495444
95 27 546040.499846874
95 31 64038930.34405847
95 32 3636446.7080522054
95 37 20806526.05860944
95 40 6775923.838391007
95 45 1478588.9262530955
95 49 24234998.428784274
95 51 14320905.359786196
95 54 15502714.626249075
95 55 9024480.527375797
95 56 685203.5520021971
95 59 6943311.635208413
95 64 3008252.635234699
95 65 24007775.00924951
95 66 4147241.421215982
95 68 25623984.155027132
95 70 410054.84428256616
95 72 35182933.808845095
95 74 29550827.74995249
95 76 5620065.890560154
95 79 17440865.4067628
95 89 18708473.456099574
95 93 26151806.16273655
95 94 2107754.5990299103
95 97 14757450.455293998
95 101 2943210.776757445
95 105 4383745.4132402735
95 106 20090442.5278201
95 112 12336495.952654041
95 115 6157036.184960341
95 117 13752278.70564632
95 126 1389646.0140104503
95 129 778770.8969668411
95 130 2811984.057962754
95 131 5443205.17071028
95 133 105170.9792224064
95 135 330303.29685331817
95 136 1310040.6723238195
95 137 9209565.949360361
95 138 44962075.61034763
95 142 16330908.026640125
95 143 2946891.0123238727
95 145 2353223.809072834
95 147 1956939.0411872242
95 150 128770.85211624541
95 152 11735852.545320055
95 153 8142111.43235356
95 154 7423395.745615319
95 160 3815891.6605555187
96 1 9263514.133743528
96 6 5557869.522004227
96 7 18700359.92234941
96 14 1196853.6136848393
96 16 2144182.99803335
96 19 795550.7836092167
96 21 5489975.109333225
96 22 21253226.337874502
96 26 15378754.344746696
96 31 18255368.705931727
96 35 16311467.755649775
96 36 27311.329643810663
96 38 5592775.457088943
96 45 11540479.847463557
96 49 724698.5106474143
96 50 8551480.412432272
96 51 6545591.881675595
96 54 7442115.805241675
96 56 3565142.456334359
96 64 2794189.2168509834
96 67 8542518.910110122
96 68 10062638.34230118
96 72 5462509.317750529
96 73 18991041.45488256
96 74 1948425.1025976078
96 76 8293449.645076535
96 77 2243484.2202197514
96 79 4630623.8312377995
96 87 1738209.3609173656
96 89 2872695.791124695
96 93 14505487.340614738
96 101 3921261.4139340795
96 105 6592906.571954657
96 106 7839538.890927539
96 107 6312539.097845257
96 111 6461644.014250661
96 114 1293130.3526938865
96 125 6272913.512004479
96 129 3548470.54523454
96 130 3574477.866799822
96 131 12013659.234193036
96 133 11329770.66816719
96 137 3428367.7280347943
96 138 522406.18180657644
96 141 744594.3928342108
96 142 6934594.463889904
96 147 6295532.63965678
96 152 1174706.1469067389
96 154 28928243.14373554
97 1 27354881.044361513
97 5 5964285.119160533
97 6 53595691.99027577
97 7 9694680.990261227
97 8 26161170.525467027
97 9 26776329.586608782
97 12 46184546.763658084
97 13 67708791.19192131
97 14 4401657.349360626
97 15 2265368.8217415395
97 16 18337816.393306125
97 18 2941559.1374956835
97 19 375240422.9913101
97 21 28072359.770908736
97 22 4779534.73215233
97 25 5539741.146800603
97 26 50914828.52424903
97 30 24992893.340796515
97 31 42815094.89018343
97 35 29940951.31169406
97 36 61521578.383847244
97 37 77067828.12831795
97 38 10307645.094841417
97 40 101281099.95660701
97 42 1487219.0634477003
97 45 144986848.20693535
97 46 181140.83211105576
97 49 278114699.2835368
97 50 23980335.826369125
97 51 85905858.83094351
97 54 13464860.145059887
97 55 2265389.7914159535
97 56 199273158.7725313
97 57 2696923.185506495
97 58 18981428.38720679
97 59 8368745.337039402
97 61 1458959.482453915
97 63 19242381.154122915
97 64 161479427.47612247
97 65 62626612.88091815
97 66 3253223.430019588
97 67 208244525.39615843
97 68 60213150.38828179
97 70 439477847.42158395
97 71 14378912.453667011
97 72 82554987.26003343
97 73 13596607.055900753
97 74 55242301.33505227
97 76 11884350.179891653
97 77 10934082.138901213
97 79 194512091.65887102
97 83 100841713.709878
97 84 31509516.720679045
97 87 2735760.6142948335
97 88 11838111.845669985
97 89 167757361.9590296
97 90 6032995.074712533
97 91 19079349.964657135
97 93 9924238.537478948
97 94 143661066.68544272
97 100 23545831.99878104
97 101 143650667.31124336
97 102 114744368.40745384
97 103 43870338.76818496
97 105 5415105.9022501195
97 106 13525230.521491932
97 107 58889162.84128149
97 111 4972563.593614829
97 112 108913717.36262012
97 113 103427544.86443372
97 114 77221936.88468994
97 115 16637470.455115702
97 117 82287856.13759011
97 118 16158173.833629899
97 119 2204678.537716558
97 120 1985651.766291622
97 121 6076598.194400764
97 122 6309147.818852268
97 125 94218404.05021028
97 126 1507326.839539243
97 129 119401476.1216281
97 130 12864898.160167959
97 131 15214233.004433062
97 133 433320163.1981245
97 134 43968334.79718807
97 135 20783076.934537493
97 136 6269371.116676675
97 137 75165796.135841
97 138 56653878.01941202
97 141 13569834.374235723
97 142 19504149.30716947
97 143 7265367.214856718
97 145 11981304.483464569
97 146 44440587.16498629
97 147 226425141.38177332
97 148 43868241.17602104
97 149 1581407.8514155804
97 150 127679266.97675797
97 152 200820736.66368583
97 153 428847.63906198513
97 154 9191858.05761579
97 160 8494489.896733211
98 1 381689.42979284097
98 4 4976945.469095205
98 5 2109380.0154813617
98 6 10929150.298204945
98 7 480984.0154215659
98 8 8425549.602669762
98 9 2298803.1107540205
98 12 8155944.408796151
98 14 3508475.8662060197
98 15 1414775.2288491267
98 18 439471.7267374471
98 19 1356525.0201708905
98 21 1893136.5873685295
98 26 448132.25265825615
98 27 1505114.0991797913
98 31 3093285.930076002
98 35 506897.2342265986
98 36 5524429.272402814
98 37 3126369.1227190658
98 38 1069550.0622045079
98 40 12083260.320292337
98 51 6113909.836271989
98 52 1475553.0657669983
98 54 444168.2100044724
98 55 5976572.329380483
98 56 4777295.39912102
98 57 2671200.2499384903
98 58 76867.88450567248
98 64 527739.4558209849
98 65 226955.81635884044
98 68 305028.81523769477
98 70 534353.1901280251
98 72 3147345.473902339
98 73 3678669.2890873025
98 74 467320.52847785514
98 76 4198397.433146257
98 79 4144628.8660003548
98 84 1937550.550464603
98 89 1304707.9340523265
98 94 3660491.404944445
98 101 1761364.460381498
98 102 8068581.833892273
98 104 3516491.0994416284
98 105 8050722.879755685
98 106 226099.17233863362
98 107 3537800.731409277
98 109 887412.3754502459
98 112 4924809.667425807
98 114 518727.85480233765
98 115 7239849.138950278
98 119 659407.105323259
98 125 790726.0871466598
98 129 464087.86223700375
98 130 21296037.017412703
98 131 240294.0069832349
98 133 2752108.588971645
98 135 3518465.1108927852
98 137 134673.4238279909
98 138 1410712.2286955803
98 142 1436212.213560669
98 143 1279782.2843985884
98 147 8115949.884564676
98 150 13675652.662874972
98 152 13496245.943594864
98 153 15692490.235114563
98 154 8464873.509792538
99 1 15129013.29146333
99 4 10049749.645331856
99 5 8906258.11543044
99 6 12911409.195269143
99 7 4211590.248024069
99 9 7670645.493213945
99 14 2108823.479539287
99 15 2119128.4464650806
99 16 3227504.036102906
99 18 47826881.371588565
99 19 12694929.355461366
99 21 216262.3942332167
99 26 6864111.747848656
99 30 905339.2767564922
99 31 33676810.46167328
99 32 13608414.66748659
99 37 27327507.254351832
99 40 19947563.198084008
99 44 979692.6499923213
99 45 42660258.26660996
99 46 107874.33927723157
99 49 4184817.0793918525
99 51 5305938.888076426
99 54 37692179.1956397
99 55 3483567.152687604
99 56 38855902.523390025
99 59 4163413.5490819546
99 61 4657234.0170879355
99 63 9703063.331722824
99 64 22210489.353430353
99 65 44222041.54579115
99 67 7761284.393547515
99 68 1526943.586141977
99 69 609658.2262781552
99 70 4669192.686491332
99 71 18681494.430184916
99 72 13560508.392967975
99 74 10148887.001020003
99 77 30579295.334520333
99 79 22292127.070649665
99 84 33273728.724371668
99 89 11214940.20797606
99 91 2374119.9225350725
99 93 7629848.880797603
99 94 5695932.202119936
99 95 4088101.289854503
99 97 17677752.621552687
99 101 77840971.13609083
99 102 5981125.3412595885
99 104 2605578.0934263566
99 105 10116222.243986072
99 106 7394760.183130865
99 109 9598259.676675016
99 113 83431779.57508402
99 114 3461009.2526015895
99 115 6395912.87027864
99 117 30032048.01649807
99 118 8086064.157194397
99 121 2090916.9209697023
99 122 2959260.706484111
99 126 10676421.23280675
99 129 27546100.838103686
99 130 19230571.289619774
99 131 45148719.21432736
99 133 55382569.68960795
99 137 12388682.273755789
99 138 3440052.49030603
99 141 9215476.08502169
99 142 2878529.174190385
99 145 655559.3319316972
99 146 9895694.81463712
99 147 3514341.9516494824
99 148 2161930.5570634766
99 149 15757522.671945866
99 150 216721.95210014665
99 152 13027892.709104823
99 154 9933118.930310352
99 160 2596086.070374083
100 1 2684495.2341550253
100 7 497353.36524510663
100 14 13324081.68212069
100 16 6615427.966451699
100 18 3225168.3011762877
100 19 37816895.70417281
100 21 1606140.4188841402
100 22 55506.026285154694
100 25 156733.08026412263
100 26 10546281.19921535
100 30 15649486.874081345
100 31 1607219.5903526186
100 32 21849789.1718462
100 35 2979429.1286919178
100 36 5231846.547505693
100 37 1816117.4444189298
100 40 55115073.22352952
100 50 7362622.50698772
100 51 4037497.563393795
100 54 9984309.72219203
100 56 20595565.53842317
100 58 826789.649351504
100 61 3284741.52901191
100 64 22330836.959283493
100 65 1900655.6794526593
100 69 6891245.208821882
100 70 20091532.626046035
100 71 7469005.968444283
100 72 43349452.74605573
100 74 10154.015245055643
100 75 4657998.971927065
100 79 1272561.5443967618
100 83 2761547.162282084
100 88 9952304.816210812
100 89 6118868.662272653
100 94 8187236.392421745
100 95 156567.89036405497
100 97 11858141.661660196
100 101 11989680.720325144
100 103 4174579.7954430943
100 104 894904.6594408011
100 106 9632356.157147402
100 114 36814464.963068545
100 115 17853580.046673782
100 117 24812673.3963611
100 118 5463323.739348883
100 120 6655923.881779618
100 125 2777108.1935308436
100 129 10650886.217625538
100 130 13850856.337491019
100 131 2434406.674146445
100 133 2563406.2425703327
100 134 1526273.3307052949
100 137 557368.0568701727
100 138 16800323.38152259
100 142 7483944.749893895
100 143 1472313.7821043094
100 145 15500634.400908247
100 146 16733399.240120197
100 147 7103473.229489028
100 149 7040594.549623964
100 150 12447728.061765907
100 152 1262921.4246535671
100 154 11232552.61444503
100 157 11875533.82511639
101 0 8164402.224400975
101 1 411780484.1728553
101 3 7264182.409154963
101 4 112859773.26044478
101 5 9956550.665358216
101 6 543092398.9615872
101 7 2534337792.99108
101 8 5331596.295293181
101 9 10387856.80652778
101 12 28370690.9508057
101 13 187099022.1039144
101 14 150916240.88624012
101 15 9213719.584522514
101 16 9176955.917624043
101 18 47785626.54340385
101 19 2250300520.21971
101 21 74784455.81759518
101 22 4331516.437902539
101 23 1421184.195923191
101 25 23648282.380368814
101 26 7841247174.872934
101 27 623804.2227143021
101 28 2108552.467681322
101 30 239496097.84013247
101 31 9519939178.991833
101 32 73420446.66209264
101 33 600617.7027488945
101 35 194633579.6280521
101 36 73091555.02473955
101 37 63501009.36014631
101 38 4052064.122371543
101 40 37041529.56652396
101 42 108012.32433442799
101 44 41958023.63805442
101 45 303200104.4359834
101 46 4673718.173437532
101 49 2212706560.7031407
101 50 105390.42146481013
101 51 7339072917.942674
101 52 1597902.3276908663
101 53 3793493.8786576698
101 54 215119547.9277959
101 55 14231190.175558811
101 56 315011738.6094531
101 57 5902480.404362497
101 58 26609692.771857586
101 59 19009162.671818055
101 61 12892939.813439531
101 63 44240795.72363732
101 64 7183809009.454948
101 65 39817476.09610245
101 66 48243924.421786554
101 67 1564034332.8537889
101 68 96762436.14471476
101 69 58475454.60992538
101 70 1473349663.3019233
101 71 1826098458.9221978
101 72 8592664664.70535
101 73 71794814.8466286
101 74 17697190009.764153
101 75 194066592.1719405
101 76 55955949.08678779
101 77 21293606.657635517
101 78 3540288.7658798485
101 79 2871207903.2284317
101 83 15097930.055609994
101 84 56457889.40860872
101 86 293618674.4020734
101 87 3853353.7953645354
101 88 3523791.327017357
101 89 1244586827.3842578
101 90 4068243.6111225057
101 91 29888128.803337634
101 93 6389784.981414727
101 94 6421491785.43174
101 95 7506533.233242025
101 96 15613018.055727873
101 97 19193979.00552799
101 100 6316206.811698086
101 102 2825106.066736864
101 103 34246582.03449768
101 104 356619.4116932626
101 105 15299970.891548239
101 106 236946643.5905834
101 107 67475711.60685776
101 109 25743925.072268527
101 111 28321870.661539696
101 112 284049234.18084174
101 113 541246453.674299
101 114 181218521.40790084
101 115 156141070.22904128
101 117 105741304.13859604
101 118 1189527938.8017533
101 119 2869828.417117289
101 120 4579184.587742988
101 121 2923417.202078526
101 122 6571437.2525529545
101 124 2928514.9595526913
101 125 169445728.13926873
101 126 29923290.398858014
101 129 851269509.1240906
101 130 169133733.31895757
101 131 598694.3663334895
101 133 2169114283.525266
101 134 26841775.72268671
101 135 3248264.271527483
101 136 9188703.253646301
101 137 3527040429.4601846
101 138 3124716793.6294236
101 141 15360177.90930742
101 142 1104232486.5880969
101 143 8542551.85040744
101 145 6088387.982064192
101 146 195711328.10811913
101 147 572195029.1684451
101 148 121378712.35564962
101 149 4685030.9428042825
101 150 70707025.35145485
101 152 134398930.18475896
101 153 4573860.51687632
101 154 8855884049.697205
101 157 2642025.5046288525
101 160 12151659.0115118
102 1 82507950.84626488
102 3 4962884.514278523
102 4 79092805.77018413
102 5 46215232.030011475
102 6 626116272.9672629
102 7 243153707.80116788
102 8 1444853.1626831917
102 9 20430434.763746254
102 12 35371904.78631837
102 13 26087358.816725567
102 14 457412064.8917086
102 15 7638528.7501390185
102 16 2243922.4979069536
102 18 1311187.4077136624
102 19 11585594.813541716
102 21 262912276.5900222
102 22 560870.2493696908
102 23 2100216.2947569713
102 25 8359384.616853394
102 26 725100125.5943992
102 27 9344183.054599594
102 28 505838.6382033629
102 30 133974010.00414772
102 31 883988368.4853514
102 32 32062893.400625043
102 33 817656.0896981378
102 35 172585605.67697594
102 36 59391549.7853905
102 37 284494825.5013096
102 38 29543786.133531857
102 40 616110825.7118341
102 44 120548366.89065161
102 45 215590400.48542804
102 46 16005696.017218467
102 49 80598100.15777859
102 50 1952846.3271093692
102 51 33466465.80878964
102 52 48752167.07232477
102 54 111527370.50522229
102 55 24017646.196334254
102 56 68417169.4834462
102 57 2435212.196863491
102 58 74709842.1343285
102 59 5576540.584548688
102 61 675640.069680282
102 63 37714665.35181342
102 64 10751801.767364133
102 65 249191633.29601145
102 66 102670.82194488139
102 67 15481287.791114474
102 68 20257621.895504497
102 69 155135138.27651998
102 70 223098807.663335
102 71 80742640.46445318
102 72 188446547.5381815
102 73 26312591.04984926
102 74 215258194.38410902
102 75 9016491.478902213
102 76 20044027.592997458
102 77 6757427.343568028
102 79 152307719.4196566
102 84 14263541.267588312
102 87 514415.9536455525
102 88 446076.35167575907
102 89 20323668.8211481
102 90 22013740.900964413
102 91 26574994.139403343
102 93 18322779.24471234
102 94 629769911.5141375
102 95 14114938.88089087
102 96 7810569.889882483
102 97 35187561.28009388
102 100 14917518.956606058
102 101 257016602.03922522
102 104 984144.7205763787
102 105 32594741.040222965
102 106 138688334.51343173
102 107 33397711.59267032
102 109 30817684.241034653
102 111 11540264.4180066
102 112 3065025.229403885
102 113 24510818.2834728
102 114 392654726.524228
102 115 364713378.5253298
102 117 551068567.6766005
102 118 76423282.9983954
102 119 2212660.705644607
102 121 3003323.6604291596
102 122 3384948.4565537646
102 125 41951731.36776491
102 126 12860478.365075478
102 129 50256110.88648163
102 130 304432244.7401119
102 131 316867148.8964077
102 133 56606887.59046147
102 134 37589841.80088169
102 136 3198044.9427174744
102 137 283112719.0791151
102 138 315592759.8290506
102 141 26771383.82063981
102 142 1101164597.404682
102 143 609223.5283476566
102 145 38550204.18481821
102 146 274605593.53946763
102 147 25998224.461243644
102 148 44657716.265893586
102 149 3558879.6333149006
102 150 41586314.38383113
102 152 219026750.49719974
102 153 57166085.05600677
102 154 441156162.99161834
102 157 125841231.1217126
103 1 18812898.615553305
103 4 1608910.284508355
103 6 9057055.554235129
103 7 10721495.03202081
103 9 18445671.25276054
103 14 77808258.92934196
103 19 1346743.9301239315
103 26 1983783.301086492
103 28 163389.42995003698
103 30 14017461.633301767
103 32 11129548.819077749
103 35 10518966.702254696
103 36 6064417.664030923
103 37 4403357.83799068
103 38 3311356.8827105854
103 40 2900687.0911499835
103 45 4216733.705227956
103 49 14125920.694937851
103 50 9037157.830427622
103 51 45496826.53181961
103 52 13253726.572261853
103 54 14164168.04107911
103 56 2743292.136911025
103 57 253814.8021755547
103 58 13803432.906344553
103 59 5567221.649918105
103 64 7949242.24749602
103 65 30071986.152436092
103 67 25498386.21410041
103 68 20108927.170445375
103 69 29640302.828523807
103 70 4627444.254816396
103 71 21164926.797536504
103 72 3450845.4799900874
103 73 210552.05101209937
103 74 4458464.562084037
103 77 17188290.202499095
103 79 1914811.82596659
103 84 2086307.9435605127
103 89 43717484.2617447
103 90 1453277.7030162036
103 94 8364479.532628678
103 101 5922012.396854218
103 102 2086415.7150357636
103 104 569890.7196923661
103 105 25532861.251632445
103 106 5697352.896572314
103 109 4077413.1004821537
103 112 31644730.384935662
103 114 7433578.2941015195
103 115 597347.8581849259
103 117 3482938.720601211
103 118 8551983.507311262
103 125 12226510.44249869
103 126 6761751.749736055
103 129 9978887.33816466
103 130 9426835.511701869
103 131 4500212.0734288525
103 133 5142887.465223285
103 134 4040379.4213025146
103 137 15038208.477019504
103 138 11636226.389572175
103 141 1996399.0637057293
103 142 28934874.238340896
103 147 412886.2397286334
103 150 3244919.519732597
103 152 7821367.444829851
103 153 12249944.403283903
103 154 14219019.700632503
103 157 17657291.843730107
104 6 1415375.7939011026
104 7 1839046.2012203299
104 13 2552146.9916835274
104 14 533302.9461852087
104 18 3096619.5764367334
104 19 4519356.031141677
104 21 7853557.981126226
104 22 1379372.9744192525
104 23 2344556.791060303
104 25 57830.70258090198
104 26 482268.8317250908
104 32 9610949.923784638
104 35 7365352.324760769
104 38 5756462.916122283
104 45 35575771.46799338
104 49 2079515.6572688867
104 50 220457.4456873129
104 51 10285396.413964877
104 54 44420.013341928076
104 55 8606102.714387467
104 56 4190769.0785005474
104 61 3866405.415737324
104 64 5672755.15595276
104 65 3301671.0435942
104 66 213366.28044229787
104 68 7845841.496604911
104 72 1054031.1140297817
104 74 11845084.669557357
104 76 3568787.022555729
104 79 364597.213716788
104 83 9824302.635085141
104 84 1399048.9563053404
104 89 566918.4612757643
104 91 331646.7156935791
104 94 8688714.69395617
104 101 24486692.079536177
104 102 2158403.2152040577
104 105 29994335.771475304
104 106 4121318.6637159716
104 113 17687.770676893502
104 117 15423670.041052718
104 118 7062365.96826185
104 119 1047766.1141659225
104 129 3201735.139154516
104 130 1742798.1816909823
104 131 12993784.884676732
104 133 4296775.658583185
104 134 579982.4384869634
104 135 6666927.805875283
104 137 149061.63934772197
104 138 6529759.570854077
104 142 5187573.273848644
104 143 11352714.411864625
104 145 2961988.972083256
104 147 3431117.2963274443
104 150 10642981.12719765
104 152 7776124.631917569
104 154 1636835.9553103764
104 160 14645645.496838264
105 0 2536954.5595882954
105 4 173176817.0019983
105 6 35253412.511054136
105 7 483975481.6159385
105 8 1809453.133331301
105 12 37864950.059149645
105 13 5145828.495010272
105 14 114404793.16864349
105 18 26498428.00823803
105 19 110812499.30695577
105 21 73089560.3785387
105 25 3028034.7114539254
105 26 68601607.96557575
105 27 8277880.0940184975
105 30 171006856.17049995
105 31 282726211.05757546
105 32 125932773.89994416
105 36 25522008.27550893
105 38 75084280.81293705
105 40 276915168.45959675
105 42 986513.0396327737
105 45 20645214.17296757
105 49 159161444.24599835
105 50 4498289.863884943
105 51 28574377.45213191
105 54 94506574.44154182
105 55 112780994.77032557
105 56 602003322.900602
105 58 23486426.12373318
105 61 7685968.995180128
105 64 94073806.00202398
105 65 37678792.299928024
105 66 805324.5545225913
105 67 546999233.8234379
105 68 65274502.40869698
105 69 140815290.01956975
105 70 68696513.10961244
105 72 133247131.18145081
105 73 19570655.16332667
105 74 188240857.25795013
105 75 55669218.34030622
105 76 13843902.3828611
105 77 34362439.4879338
105 79 113800520.00319585
105 83 150580419.77550504
105 84 45937158.17427293
105 86 933578.0146225581
105 87 19273326.838031
105 88 3986251.8109843754
105 89 32491922.209418543
105 91 1368092.9973999772
105 93 8972741.972920068
105 94 596932306.9399961
105 95 5518728.714690021
105 97 134444370.81162637
105 101 475682503.5660115
105 102 18071071.382955853
105 103 10494515.79180459
105 106 289898356.305391
105 107 46325222.124207586
105 109 34627772.09160061
105 111 21723053.221794367
105 112 28962970.772495314
105 113 175302834.22868857
105 114 191349332.58955687
105 115 69208913.56910554
105 117 116016780.26736584
105 121 16194639.262635138
105 125 79503989.30122688
105 126 575604.415673616
105 129 30638456.096889086
105 130 8758951.581157522
105 131 245796121.9945583
105 133 146900002.69434166
105 135 21580344.06116398
105 137 10075296.448871633
105 138 165710356.5338953
105 141 8346239.029638976
105 142 129622389.54025932
105 143 9541044.957814248
105 145 24466706.862078056
105 147 92599601.3306959
105 149 7420219.268277983
105 150 390977228.99269366
105 152 28417987.13231976
105 153 44573055.12675207
105 154 114548925.98596495
105 157 147878555.42753515
105 160 2714731.5235404596
106 0 13862521.66051282
106 1 14563362.222473225
106 3 6316448.573199545
106 4 287226424.38286155
106 6 700087511.863138
106 7 781400189.8505012
106 8 3841446.5053389343
106 9 75736280.15053514
106 12 22768287.231792964
106 13 3352314.0745489295
106 14 150626915.18444034
106 15 589612.3172821889
106 16 2042123.184120609
106 18 30774353.35161213
106 19 3025106661.334883
106 21 162788995.39762565
106 22 3805394.6050591096
106 25 3795208.187114899
106 26 904880604.8038118
106 27 4742109.8367771935
106 28 206460.69558371985
106 30 87314791.84098238
106 31 708890559.7433717
106 32 305992215.4504604
106 33 744092.8186642911
106 35 45231395.91241839
106 36 124736117.55057521
106 37 41190618.90699879
106 38 39504163.66088811
106 40 31093471.37503576
106 42 1612021.2094025202
106 44 93465.91534604409
106 45 70797743.25701188
106 46 31944703.675788067
106 49 505690575.81793314
106 50 39123146.61444249
106 51 2200139329.372572
106 52 16158787.184736302
106 53 1531969.6504458482
106 54 787331883.5865853
106 55 32827118.814735312
106 56 490949423.97153074
106 57 22196.21583521516
106 58 14521430.037339084
106 59 2545984.6813647426
106 61 5815468.583705356
106 63 49199887.96201331
106 64 1472744250.7012513
106 65 95182920.10861346
106 66 39334798.08504303
106 67 49251922.314984016
106 68 874879735.5001204
106 69 11323058.272194741
106 70 1055007698.1671786
106 71 613685424.25978
106 72 5886404225.103006
106 73 11998837.862914665
106 74 542835676.9324809
106 75 59260016.26479251
106 76 38029916.96710575
106 77 38829499.434540674
106 79 1136803244.1780019
106 83 25620574.92476284
106 84 26487402.43266239
106 86 142849475.4636298
106 87 306307.8717639454
106 88 2489666.657521786
106 89 507901900.1617151
106 90 17623471.4728121
106 91 8281690.485087574
106 93 15974505.184143456
106 94 688697303.4309398
106 95 7704106.417211601
106 96 21065722.97965511
106 97 52139214.01448804
106 100 64557927.59916773
106 101 1591472898.330222
106 102 578257033.5641574
106 103 18304374.40247025
106 104 4287054.297060451
106 105 26258550.444330808
106 107 12390895.509759184
106 109 36831305.34529538
106 111 8712834.7836837
106 112 7611764.271591391
106 113 1432706082.3870997
106 114 2636331709.519109
106 115 13048710.943300607
106 117 7768032.2218269985
106 118 379194838.18105036
106 119 983187.9265603623
106 120 845084.4682705106
106 121 5676459.496778086
106 125 534613181.3887308
106 126 5232647.786280156
106 129 5086867316.423553
106 130 828016.268261928
106 131 242952052.65722713
106 133 729443633.307478
106 134 384652195.9554982
106 135 12637950.39575964
106 136 5423761.288577356
106 137 587307431.4962515
106 138 1741644725.2624483
106 141 15487266.780673282
106 142 713453656.2406454
106 143 6877999.272212228
106 145 5554718.298741416
106 146 119341885.15553014
106 147 1043942882.3486766
106 148 45342.852088983134
106 149 43394149.73315909
106 150 77002505.18722521
106 152 71911775.8073794
106 153 6823124.3061439395
106 154 412743843.62220174
106 157 71366106.02623318
106 160 4913256.449585739
107 1 4206319.271098721
107 4 371469939.18866134
107 6 10451910.36303126
107 7 10954542.811022138
107 9 15732432.596287847
107 12 28214346.4425719
107 14 105132897.87348238
107 15 6398286.417735204
107 19 974850.8079973288
107 21 84645481.10917601
107 25 23453584.566918094
107 26 25537352.540639028
107 27 7664931.214397396
107 28 2279597.665995577
107 30 89963394.37465897
107 31 34186045.81526952
107 32 18484515.586819876
107 37 75716330.30429597
107 38 30008833.436741747
107 40 267138330.05228254
107 45 164613344.6445462
107 46 77675312.92731613
107 49 31036994.31500019
107 50 19630876.30713561
107 51 56835739.46937717
107 53 1206831.029217357
107 54 6760403.01445713
107 55 40423359.21879303
107 56 327636853.5037291
107 59 984211.9150203915
107 61 15548751.446247231
107 63 32882305.84711554
107 64 160459946.19600135
107 65 93961820.53466994
107 66 41567556.7391064
107 67 44861727.19342885
107 68 9308858.05018915
107 69 76474492.47965941
107 70 183231098.46271205
107 71 24236141.715523127
107 72 212978198.29428232
107 74 6414074.553750106
107 75 363982.95397581795
107 76 64809216.946235195
107 79 43631781.05973331
107 83 1585818.1937515868
107 84 23653473.378708694
107 87 6503626.259810875
107 89 125668326.27344984
107 94 162002031.22283798
107 95 16061190.586825786
107 97 153783535.30120513
107 100 2225295.2516468684
107 101 106588960.15802054
107 102 16267831.74110315
107 105 28581284.452324364
107 106 82944831.5313953
107 109 85153658.1260254
107 112 88061380.22518173
107 113 284426874.0992826
107 114 13873496.470926216
107 115 43569594.42326309
107 117 40231507.16116572
107 118 665228.1309465825
107 125 26236838.863214035
107 126 49914133.97177587
107 129 222610992.56580505
107 130 78218656.78787462
107 133 117313443.82705787
107 135 2517355.744999222
107 137 11467985.743087348
107 138 98286048.00525798
107 141 4158462.9696280113
107 142 216079036.64284295
107 143 12551359.27906184
107 146 12272366.396976553
107 147 20616380.918757714
107 149 27468410.589672
107 150 15161574.800126141
107 152 182419470.5485427
107 154 154683207.2551325
107 157 77827678.07190438
108 0 26354802.680608243
108 1 186897221.23187977
108 3 5718777.758004018
108 4 17280084.450156104
108 5 28934394.16248045
108 6 68003818.19542105
108 7 48730720.582119055
108 8 5995519.743753383
108 12 11177320.434583018
108 13 207116807.94849682
108 14 3023932.891616042
108 15 2691028.956175622
108 16 6711453.453148658
108 18 15642379.071996918
108 19 225472249.97035673
108 21 60113903.03156414
108 22 11368685.980092011
108 23 2864804.5921689216
108 25 27836989.10277075
108 26 435118847.01282966
108 27 1024187.3946686796
108 30 4361717.335846132
108 31 1213721.2130984804
108 32 90223940.35994399
108 33 397361.28747191746
108 35 51429232.71498596
108 36 23199117.675199576
108 37 23306712.377957437
108 38 10712399.963510066
108 40 87827867.23691642
108 42 60965.049756713765
108 44 26883049.244734492
108 45 96655161.56793176
108 46 128527529.70807342
108 49 57217362.82380497
108 50 30285182.12485265
108 51 35026250.099268295
108 52 2245001.430168846
108 53 241380.20498620917
108 54 183957496.03656098
108 55 30217128.424811002
108 56 131618331.81084535
108 57 3548955.7746532997
108 58 14483519.191493634
108 59 2822155.4181512287
108 61 10517249.750145314
108 63 17635227.351997714
108 64 7843938.841833633
108 65 144888321.09044906
108 66 81811946.13195078
108 67 83672712.49981616
108 68 13149438.63142116
108 69 164449311.1800577
108 70 52084017.00838138
108 71 8377217.4122170145
108 72 150594599.36109436
108 73 28406855.354628082
108 74 251093145.51242858
108 75 66244715.11398909
108 77 16457098.273274304
108 79 77306514.45430686
108 83 19611330.178503815
108 84 47071700.285467274
108 86 77167171.75287202
108 87 1838501.7034610466
108 88 12001095.304544194
108 89 8490226.283289038
108 90 19529142.30798578
108 91 201166.97813469762
108 93 14970781.713899404
108 94 369863242.16838944
108 95 14636095.92156954
108 96 16116565.53473228
108 97 21201749.4715449
108 100 4034043.0522204246
108 101 165313449.5946095
108 102 211302668.6658739
108 103 71411040.6043101
108 104 12199871.104664518
108 105 52131093.164665446
108 106 337465749.91365916
108 107 99453897.17037183
108 109 33426945.066137694
108 111 38468015.01906257
108 112 47258816.98264935
108 113 112353389.54531093
108 114 246503970.28144017
108 115 35796930.79436082
108 117 62571438.73931091
108 118 43637856.98569014
108 119 912656.0779678958
108 120 1973317.9606416535
108 121 8404329.963877862
108 122 7677949.284250281
108 125 21446898.589620486
108 126 2012675.1925866886
108 129 162895967.28577223
108 130 272827993.44398326
108 131 255081931.67150956
108 133 118737628.02054566
108 134 39390992.3424589
108 135 57954.53725791126
108 137 28123402.15355234
108 138 57128580.16049375
108 141 3886792.20551288
108 142 136460980.93893975
108 143 1039676.83870444
108 145 660944.5603463135
108 146 29841752.118117772
108 147 20187300.236842647
108 148 26108417.704063535
108 149 3183831.4894117387
108 150 235717484.94710398
108 152 228211615.0760982
108 153 50382077.35492138
108 154 223181229.53517935
108 157 96081630.28885254
108 160 7186480.48401089
109 0 15670929.3072654
109 3 170111.2931618156
109 4 9332053.58753755
109 6 3235892.9576507933
109 7 57641452.581555866
109 9 38576549.14691773
109 12 19314350.575217366
109 14 48400680.80377363
109 15 769118.3965316063
109 16 2250580.99162695
109 18 36043608.16266615
109 19 11248405.290370284
109 21 27306423.568459503
109 22 3915583.7552131442
109 23 1966984.3952093292
109 25 34997991.19093599
109 26 21253623.092306837
109 27 626358.7241049657
109 30 42215712.47687514
109 31 677774.6463545928
109 35 4511897.716354611
109 36 58458161.3499774
109 37 40129023.412262075
109 38 3890809.402585777
109 40 14372635.999797216
109 42 568974.9333469796
109 44 55004285.88089266
109 45 6447553.119754384
109 46 22579098.652611975
109 49 3980446.859356357
109 51 16529997.432580534
109 52 4733093.759907114
109 54 41359548.83969079
109 55 17539533.718122847
109 56 13768044.013024256
109 57 1511075.3049256636
109 59 6078667.876250856
109 61 6972270.2152157705
109 63 28815139.85212344
109 64 16067172.380359475
109 65 10232565.337205946
109 66 13827138.522386985
109 67 4491441.60307453
109 68 23377014.631475516
109 69 15372611.795444211
109 70 14869621.471936721
109 71 13978504.996097613
109 72 77730811.90176626
109 73 2339589.053899423
109 74 36779985.138018996
109 75 11635362.521863235
109 76 50401837.416632175
109 77 4684603.535665507
109 79 13131804.851081045
109 83 1181158.0158674016
109 84 9386575.729982119
109 86 91958751.03024107
109 87 15355990.693996178
109 88 5889131.862424946
109 89 8895634.242201447
109 91 3172415.7221370135
109 93 35888819.6879582
109 94 42983279.76379464
109 95 575949.5367773116
109 97 13367068.601562414
109 100 1720487.5570736844
109 101 30287044.519743558
109 102 69267550.91771431
109 103 10824085.778412437
109 104 887932.1683731517
109 105 7379947.821460375
109 106 10396970.656345861
109 107 4002676.2673490457
109 112 60885652.58512477
109 113 4339930.824754934
109 114 24910106.608059227
109 115 19307613.298253264
109 117 25108239.633675598
109 118 21473881.866172187
109 119 122923.0154992851
109 120 2414894.5864304705
109 122 3508914.8814196615
109 125 10452852.841226198
109 126 14739696.8511608
109 129 28874468.78790978
109 130 34053349.40717389
109 131 45165365.78433674
109 133 24435258.910398815
109 134 29989273.749766126
109 135 7028721.994427693
109 137 53482705.5676658
109 138 16740071.467616176
109 141 6672153.954747122
109 142 127291514.1719535
109 143 2085595.280038966
109 145 2323410.7269834196
109 146 5311669.095967343
109 147 28327924.816714626
109 148 11232990.667385088
109 149 16049980.204692142
109 150 53649483.621609
109 152 8298384.1956048
109 153 8955144.629458433
109 154 704041.1673294846
109 157 4256897.407788361
109 160 164084.44016279254
110 6 97052142.7342445
110 7 24953146.505644735
110 13 4357845.3912413865
110 14 49357340.93943607
110 18 53778374.243306965
110 21 56020987.65005723
110 25 3372814.2962623904
110 26 38617150.740814075
110 31 33637846.00860413
110 35 7430741.5414724555
110 40 37998358.641913995
110 44 19076211.57484649
110 49 5508718.20166763
110 50 4640315.063847205
110 51 36292434.939810514
110 54 32471863.14581226
110 55 31691895.632292755
110 56 4471507.208566031
110 59 796718.8501621995
110 64 29267859.62593996
110 65 110943717.37774622
110 68 34957576.27561351
110 69 24425653.51454148
110 70 95673230.28948562
110 71 38263506.906704366
110 72 47151821.98567678
110 73 24591237.619685937
110 74 74763054.74853799
110 79 139676516.21573296
110 84 15517440.14562817
110 89 81332022.94826101
110 93 15712820.370281624
110 94 1009734.1789110482
110 95 3502587.8015213655
110 101 3568037.5683701313
110 105 13641416.01307429
110 107 53079551.37746954
110 113 21685002.211016428
110 114 44930823.66791645
110 115 32543606.9024896
110 117 4254630.488930651
110 118 133047540.90389581
110 125 25048396.759448145
110 126 8783238.634115167
110 129 78479957.65354441
110 130 127163181.72038142
110 131 36928963.52437116
110 133 31365859.211927548
110 135 11418906.889317911
110 137 17372939.74242196
110 138 20271654.81526277
110 142 21933338.150146037
110 152 1748701.4561042704
110 153 14874808.80999699
110 154 17176503.182157774
111 4 25275152.93334631
111 5 2927528.8355125505
111 6 12672134.25815774
111 7 1435106.4697972774
111 9 2067599.731449761
111 12 22590901.668382283
111 14 2926028.947781713
111 16 28541870.541532602
111 19 23271569.534840856
111 21 40811499.24716697
111 22 169606.60472156844
111 26 11016120.03006624
111 30 70078875.70242684
111 31 4912145.170673683
111 32 9307185.41181454
111 35 33151784.140830066
111 38 4389686.523525592
111 44 43783142.31403105
111 49 6301982.770141855
111 51 11314871.770135146
111 54 5664544.920085819
111 56 7382261.000203842
111 61 685419.0606668495
111 64 13862333.62505361
111 65 2532526.496374894
111 66 1901425.9760555574
111 67 9944267.85229391
111 68 15208046.217360789
111 70 536235.5313402143
111 71 7540349.350039268
111 72 4774991.039942958
111 74 96382552.98835796
111 76 54339325.604465134
111 79 4925262.231526555
111 83 549855.0286751365
111 84 35517236.76626447
111 86 7002186.384474327
111 87 2576762.5411766768
111 89 22635556.75746589
111 91 11735967.249083307
111 93 15533878.249847373
111 94 70138356.63560712
111 97 3351460.0078346645
111 101 3417618.581864599
111 104 13374572.131734796
111 105 22505429.275604885
111 106 28793308.82498043
111 107 1313072.727770498
111 109 12887434.667722736
111 113 17414826.737928152
111 114 116889.37473565532
111 115 16445387.674086558
111 117 702967.3147166439
111 119 1049643.9624026814
111 121 4206036.959684614
111 125 6427146.039062694
111 126 1652824.6767099276
111 129 15862834.293289512
111 130 1405309.8607815397
111 131 2302614.1992103034
111 133 11056521.200606983
111 135 1877575.093989422
111 137 21500356.718090292
111 138 25296855.3610316
111 142 40667302.547280766
111 147 44908463.77735485
111 149 739373.7461222245
111 150 10716253.703470754
111 152 5562740.116649271
111 154 2748351.435210781
112 0 2675317.6705486793
112 1 110495307.80528162
112 3 5656534.209179608
112 4 27166986.7832313
112 5 2648989.5665536476
112 6 87443627.5138733
112 7 60935117.37725366
112 8 28443322.156717524
112 13 39892.107976834945
112 14 189513149.73946804
112 15 3974898.482046685
112 16 8929866.178563386
112 18 24506624.235483155
112 19 53389531.30217228
112 21 94724596.90542297
112 22 9155615.3370367
112 25 9540313.63352208
112 26 5730109.887998051
112 27 1954479.3343302712
112 28 305332.448742615
112 30 249051562.17921728
112 31 23823091.380716536
112 32 375989616.7467762
112 35 33471337.293672316
112 36 95421827.6468962
112 37 7417714.5470816605
112 38 13923949.829203136
112 40 178233713.05562502
112 42 5573907.543033964
112 44 22123763.634914104
112 45 12498249.774980392
112 46 40938132.63266097
112 49 42019999.59070662
112 51 93735535.7094437
112 52 2332940.5796316625
112 54 57466276.46527701
112 55 6757309.706896761
112 56 3851113.8511090833
112 57 313927.86394620565
112 58 58919291.26363797
112 59 5170909.896434278
112 61 1131990.34016073
112 63 20740874.047999624
112 64 47136600.171438806
112 65 47266264.02682086
112 66 69070022.04553764
112 67 13213922.487493206
112 68 130997359.33400202
112 69 11793613.812608346
112 70 31527616.711044103
112 71 52429890.92383476
112 72 6550060.363772193
112 73 2407933.6331081763
112 74 49807688.7947873
112 75 4359196.463155608
112 76 12477303.113279812
112 77 16932141.9881399
112 79 7723804.39786108
112 83 86184603.30526173
112 84 24612365.569359317
112 86 15412511.608883746
112 87 969914.5089292665
112 89 50807016.2055357
112 91 399648.2815107946
112 93 19386066.189106714
112 94 31651201.137997832
112 97 16452320.655202117
112 101 74041714.4395025
112 102 194747222.94041967
112 103 4863385.572228711
112 104 7044764.543524434
112 105 34406545.78622496
112 106 99744254.18696274
112 109 23712777.20386692
112 111 1229790.904126584
112 113 21165439.844084192
112 114 16114963.492571997
112 115 23102399.02487125
112 117 17000600.42449249
112 118 146181328.70903194
112 119 1046083.9297856779
112 120 1562697.5211930168
112 121 3454349.5830329983
112 122 152205.61120312483
112 125 94589337.73688655
112 126 29839428.723372404
112 129 10294203.685954306
112 130 65933755.47756384
112 131 180437514.05121005
112 133 316047716.3827967
112 134 36493299.72891243
112 135 1013775.4386664623
112 137 93049072.363094
112 138 38755928.20258259
112 141 38812259.5267324
112 142 95513146.91318616
112 145 24842583.56362046
112 146 29579020.743821096
112 147 636076.883020396
112 148 2015683.7368461043
112 149 9133206.611228969
112 150 22087595.922828183
112 152 94199848.04513222
112 153 70413926.38776991
112 154 70273553.42123272
112 157 106424727.365265
112 160 9774571.678940747
113 1 190192732.0407887
113 3 17556598.776120942
113 4 585473295.4993429
113 6 664998008.3174325
113 7 1851111240.0798624
113 8 10828092.389062753
113 9 29622102.19641203
113 12 3865899.489635156
113 13 25424898.75791067
113 14 116979663.25112462
113 16 9712011.732943388
113 18 21574535.382003617
113 19 259171042.2841939
113 21 120533043.1483191
113 22 1925345.762157505
113 23 2170251.1922638365
113 25 63863932.56846507
113 26 538139085.0776427
113 27 6262315.812436206
113 28 2615163.4413235732
113 30 539121792.8532791
113 31 625701695.7787497
113 32 40251077.75389929
113 33 162720.88202180422
113 35 201463870.32450092
113 37 84604452.09653975
113 38 22677992.516199026
113 40 104119501.58504805
113 42 5644868.009446218
113 44 49610755.085920125
113 45 11112509.684998464
113 46 90865809.70569499
113 49 529071778.46673226
113 50 2613361.668469822
113 51 2057863132.8778615
113 52 6546352.506916134
113 54 5739168855.832644
113 55 38198135.59503795
113 56 100600024.9196317
113 57 5811.1077815281005
113 58 42237912.034768455
113 59 5519693.848512334
113 61 16847873.159108024
113 63 12588023.049770627
113 64 1475626780.5485475
113 65 219850661.7824366
113 66 4479520.321186009
113 67 667273235.1541256
113 68 256069338.9988032
113 69 324886202.8376903
113 70 536489271.22027034
113 71 1215867633.3331485
113 72 65644759.47929334
113 73 3227777.899146251
113 74 408472186.65135443
113 75 100782452.40105663
113 76 3491649.554877328
113 77 14207044.622635495
113 79 929850361.4833163
113 83 2784699.1238802886
113 84 21603503.67185725
113 86 61765306.22407153
113 87 391765.59507646225
113 88 16931546.555095572
113 89 216990303.93876624
113 90 5996673.082056209
113 91 930350.6908443413
113 93 5755247.812290151
113 94 438443086.7859482
113 95 1987575.8677317514
113 97 16789188.10569439
113 100 55409985.42870744
113 101 1223984212.090325
113 102 143759299.593613
113 103 20623746.684555013
113 104 1930399.146281875
113 105 117459155.84353171
113 106 224868108.026019
113 107 102427488.09974535
113 109 174258319.3353433
113 111 1404165.8013335802
113 112 23237858.03256362
113 114 405616753.7318341
113 115 232811287.13619903
113 117 280919044.5160323
113 118 73998059.10000244
113 119 2150807.3597480324
113 121 2371127.6130402745
113 125 498160687.2415408
113 126 1844326.0324020619
113 129 682443730.4762636
113 130 713310027.6923325
113 131 57803515.16845832
113 133 1088486397.5416446
113 135 8199368.009892916
113 137 249449733.7256498
113 138 759333251.4032993
113 141 2046288.2326300966
113 142 193044017.59997717
113 143 2228874.8818670698
113 146 12294353.492795354
113 147 145328345.94389266
113 149 13696221.30986615
113 150 39911630.58518467
113 152 527435209.4323133
113 153 40866830.49514018
113 154 882956287.530183
113 157 30167156.721135583
113 160 55035.548970308795
114 1 353284455.24012285
114 3 824904.4392057426
114 4 328649944.8397273
114 5 4158578.9948479603
114 6 436253719.62922823
114 7 244077462.2222029
114 9 140974.65604648
114 12 918486.9336627471
114 13 163485690.28047037
114 14 538360392.4851539
114 15 1859786.6068468548
114 16 7274268.750736332
114 17 1259233.1600818594
114 18 35086173.97939455
114 19 987347772.5509795
114 21 36977454.24400309
114 22 400295.4449544887
114 23 361078.229424996
114 26 1772681839.011903
114 27 1582808.60805047
114 28 1239711.6548613699
114 30 111571517.80850562
114 31 149837046.98667666
114 32 215885569.03940699
114 35 102835045.64938745
114 36 150252951.83374828
114 37 111849533.32314338
114 38 3874157.8560565053
114 40 292402630.76702
114 42 774466.6142520929
114 44 112477673.08096577
114 45 185866273.76626098
114 46 65161447.26406837
114 49 23015386.489824887
114 50 52214910.93354048
114 51 801647155.0422214
114 52 27332259.535277482
114 53 3491116.2960681575
114 54 927129234.1346788
114 55 14407742.672576688
114 56 434902765.48463845
114 57 1797878.63053139
114 58 8878311.92927802
114 59 523006.62175607245
114 61 803629.8188671243
114 63 95127282.61364354
114 64 640610694.3704361
114 65 23925394.22057883
114 66 91228654.25817023
114 67 124688872.26192416
114 68 438889965.1391948
114 69 100523154.79787007
114 70 177595467.90290737
114 71 337945936.8531488
114 72 634691609.5476508
114 73 1744603.1082672114
114 74 798863950.1575373
114 75 8153817.79346573
114 76 10982945.385731904
114 77 10915212.791242564
114 79 664821625.8126249
114 83 27145130.85448034
114 84 739844.7856613904
114 86 78858746.41521798
114 87 11683678.97145278
114 88 12869134.639918866
114 89 288830557.374811
114 90 16612008.185130207
114 91 44219046.49877963
114 93 28859544.52481974
114 94 942486746.2618082
114 95 13026170.845623454
114 96 1358224.7002648616
114 97 84904136.62194604
114 100 40389564.054907046
114 101 525692625.9872257
114 102 175184554.8126274
114 103 20356210.75145418
114 104 745919.8455346699
114 105 46697085.37259566
114 106 1581208755.8420563
114 107 734063.4069230143
114 109 18916686.12187851
114 111 14229780.290402705
114 112 62324100.68655348
114 113 56855169.86769258
114 115 259685046.3382401
114 117 36380512.75324785
114 118 465438023.15367895
114 119 7577707.118673713
114 121 6308895.40843301
114 122 184000.5844036181
114 125 307335303.8126413
114 126 10174660.508409096
114 129 270291687.53342354
114 130 56480579.98143547
114 131 356553586.63039255
114 133 701517939.7749231
114 135 214062.62998845565
114 136 4967578.047471301
114 137 111813205.59799396
114 138 509372289.435091
114 141 18040607.166020934
114 142 152015172.1285868
114 143 9646258.070617799
114 145 9803384.774206812
114 146 37273454.44565052
114 147 463896038.28793144
114 149 3167041.1895443825
114 150 15770915.527705278
114 152 151228273.06411806
114 153 8234791.687052416
114 154 1816416692.1199985
114 157 469477198.7408841
114 160 33571189.74004957
115 1 11889897.876490083
115 3 4836500.17510453
115 4 422149755.81743723
115 5 2924139.0785455327
115 6 266967257.40774876
115 7 1501867779.3431735
115 8 26156844.727817513
115 9 23430268.90910401
115 12 12690802.09790956
115 13 14382387.950216638
115 14 88686740.76796061
115 15 7024551.844871218
115 16 7296625.709801021
115 18 34226911.30268778
115 21 46473467.59443046
115 22 8965712.755101558
115 23 400265.2055734662
115 25 44798276.039923996
115 26 124103450.6056989
115 27 5993079.826199492
115 28 1721892.0611205641
115 30 129231971.18644167
115 31 174476011.69645315
115 32 204514153.87804466
115 35 33345001.658639286
115 37 156851050.62689042
115 38 84909849.75992204
115 40 193301205.80037788
115 42 1091613.2916921831
115 44 50091773.80151907
115 45 38793026.3796584
115 46 38332397.866032846
115 49 286399053.7380295
115 50 26180335.02957811
115 51 1777719577.5445888
115 52 5889156.137163509
115 53 727416.7255859715
115 54 8256430.992085282
115 55 76896867.09251526
115 56 553414514.7699624
115 57 2674484.1714505698
115 58 64783544.69627268
115 59 1041574.678007502
115 61 436016.1729367151
115 63 4071846.118580143
115 64 43962136.12892536
115 65 140958402.13069186
115 66 1018115.2318579494
115 67 669261833.1408916
115 68 539700755.1400952
115 69 100979502.26850292
115 70 287376689.4692628
115 71 780260778.174728
115 72 901274309.8773414
115 73 11456938.160159905
115 74 1104476197.9934704
115 75 32916344.034149818
115 76 66800110.11984101
115 77 4957943.573264618
115 78 1096408.743181722
115 79 125566986.97220992
115 83 6666176.050898968
115 84 22306806.208611112
115 86 34917185.40086596
115 87 4004407.300318213
115 88 627809.4391256095
115 89 10502683.125045627
115 90 14358716.469499735
115 91 10377944.358064912
115 93 22121643.24306408
115 94 6289296.534002648
115 97 12157242.978904743
115 100 49732417.65953325
115 101 1139141761.2378237
115 102 163894411.0814787
115 103 31009089.941335827
115 104 13399032.001540529
115 105 28773274.17501465
115 106 63970584.94060362
115 107 13829192.047185002
115 109 21105677.598971933
115 111 71030637.60065171
115 112 188710122.66203994
115 113 178224437.86345825
115 114 314458084.74570614
115 117 132012298.87084666
115 118 167460662.80420002
115 119 2505367.3820857173
115 121 168841.74401617105
115 122 714461.8395161268
115 125 795241426.2892659
115 126 41598765.58692173
115 129 10753014.683138572
115 130 13627775.340761993
115 131 130676369.65560758
115 133 277443732.9088183
115 134 78217043.7291321
115 135 14420181.103596356
115 136 2103272.152071474
115 137 375857203.0972944
115 138 67757410.99543041
115 141 12584324.515645454
115 142 494649169.4893444
115 143 4063585.9066689634
115 145 31367645.924736682
115 146 72075137.92296287
115 147 504489706.851846
115 148 12626899.004990045
115 149 20211051.220206656
115 150 47320792.6747016
115 152 79266176.06582165
115 153 25382839.273331665
115 154 1256910533.3911192
115 157 400833537.7405805
115 160 3259634.288850202
116 1 3458864.426373377
116 6 191621029.86523378
116 7 185873199.77961224
116 14 82716893.12157692
116 16 1014530.5909078531
116 18 29875322.216423433
116 21 46538502.294982046
116 22 8490278.160773585
116 26 94021450.2477787
116 31 73218366.43106441
116 32 284896685.91487455
116 35 31103161.32106023
116 36 18208021.724280637
116 38 26427593.292298414
116 40 133716795.51631586
116 42 334414.02823680796
116 44 28749884.272180486
116 45 327723259.19329953
116 46 34682278.45788197
116 49 160860866.0021038
116 50 14384013.257529328
116 51 191076509.03116062
116 52 2257143.4504958764
116 54 94795108.19410363
116 55 5849642.897056541
116 56 5976189.885464423
116 64 69050612.2548279
116 65 26555244.50815794
116 66 1842941.4528909097
116 67 147813023.3161756
116 68 63727965.11240036
116 70 300158227.94893587
116 72 60011888.0534709
116 73 4015334.9826208996
116 74 7621418.974219794
116 76 8957745.419804284
116 79 300699821.0329645
116 84 103979503.76925538
116 88 3564640.56038596
116 89 64218838.26396945
116 93 6204141.398724288
116 94 87476214.31187706
116 96 983034.0832614945
116 97 139665620.10308224
116 100 41489288.47052026
116 101 270874371.32341015
116 102 97596659.63413395
116 103 3903297.6562974914
116 104 1712688.1078382747
116 105 25776985.83888265
116 106 45197946.77869231
116 107 56746566.61293737
116 112 38687582.93248188
116 113 476922034.9387042
116 115 65671240.04287682
116 118 135149576.09643158
116 119 12950.62810026523
116 122 678345.0780620252
116 125 213827900.62232178
116 129 306328953.55873954
116 130 29624740.561052334
116 131 237530117.08090928
116 133 437493711.8911785
116 134 93536741.16739148
116 137 103354045.40164082
116 138 27774591.577002853
116 141 26726774.634380344
116 142 29998364.972563047
116 143 2828461.057328967
116 145 40301723.52662898
116 146 58160557.72068192
116 147 202345250.38904428
116 150 137289800.1268815
116 152 95083016.94686688
116 154 252817475.74501616
116 157 78746274.17772761
117 0 16643662.05194975
117 1 138030187.8008994
117 3 495347.29264235793
117 4 629491499.982808
117 6 38162092.65627161
117 7 68264850.09863333
117 8 1454375.6949095149
117 9 48145465.40174225
117 12 8159869.12719151
117 13 184124617.60476312
117 14 170773717.9691546
117 15 13229854.697097322
117 16 11929042.383531306
117 18 24810267.1346526
117 19 49416477.577335715
117 21 58462734.00660755
117 22 18019306.305302568
117 23 1837792.6832979922
117 25 4228864.029401177
117 26 51736466.10655699
117 27 2130322.7564828075
117 28 151597.56988033254
117 30 161247235.72197145
117 31 370853993.3293262
117 32 222757577.0692221
117 35 38268744.77393467
117 36 47541561.11189131
117 38 7837801.201654217
117 40 116198888.80026661
117 42 175607.22923307266
117 44 12580650.426488155
117 45 69537894.62035725
117 46 11498812.938987115
117 49 713852106.2293198
117 50 38720883.079423755
117 51 739997456.2247151
117 52 25388980.349967424
117 53 4730325.0724092135
117 54 34413674.12292394
117 55 8496723.782853164
117 56 21048038.77795411
117 57 3042026.3122436646
117 58 44588022.07715695
117 59 3065638.518269332
117 61 1219430.2966969495
117 63 13956501.352659652
117 64 98557761.12965374
117 65 312012241.3683171
117 66 59735328.22194764
117 67 143021504.94562218
117 68 42606941.5482294
117 69 71570262.80776079
117 70 75481325.03699778
117 71 122152199.59903522
117 72 86336749.5210293
117 73 162449646.12770772
117 74 268138499.62199008
117 75 367315.3715078018
117 76 11466201.513681848
117 77 159104.1431356866
117 79 57471521.18593169
117 83 35469947.187272325
117 84 103348734.57106863
117 86 33876080.88395682
117 87 814643.6651125137
117 88 1016302.9559026064
117 89 267974738.35782188
117 90 1189866.5033105859
117 91 2557617.4226752743
117 93 18002918.248570226
117 94 138832587.22179115
117 95 306345.7071487385
117 96 2414780.797849233
117 97 218174329.96682617
117 101 47846245.15978898
117 102 189773324.76981285
117 103 20865053.244584218
117 104 1637328.3272692056
117 105 60025964.64212224
117 106 114839267.65038858
117 107 18062259.47072344
117 109 4519340.093762094
117 111 11009582.316133026
117 112 60332912.95835186
117 113 85297294.30732842
117 114 37380743.58491343
117 115 707980859.918469
117 118 37728399.80853113
117 119 7795216.412533206
117 120 278559.98036583775
117 121 4472992.491313122
117 122 1097893.4784494292
117 125 127037757.08553113
117 126 7571374.395526613
117 129 130063871.45974125
117 130 45551818.17952871
117 131 150334232.02543387
117 133 503272027.6219579
117 134 1106122.0579217444
117 135 4018224.6653168644
117 136 3893368.838702037
117 137 269685038.4803363
117 138 256889765.4661226
117 141 6017537.679344891
117 142 71761378.36132517
117 143 10352381.931371776
117 145 19697192.793912552
117 146 138800131.38675514
117 147 46147013.25924505
117 148 42222349.55305507
117 149 25740477.50446178
117 150 161109203.05858633
117 152 162724496.61511254
117 154 82454670.32535985
117 157 96886842.51463462
117 160 2193630.539688613
118 1 50780008.53109843
118 3 4637183.403981533
118 4 261135614.9589731
118 5 8627646.412619557
118 6 574275896.3421485
118 7 2059436473.7110834
118 8 15757160.265640223
118 9 11177356.586697904
118 12 10057837.46816421
118 13 172834202.8904661
118 14 82224128.6147921
118 15 14125571.787380774
118 16 8601443.370976161
118 18 4121772.768346304
118 19 147272586.2442605
118 21 615493.8222713753
118 22 4539023.54731257
118 23 106721.60469869952
118 25 7281066.671586396
118 26 68096907.9670836
118 27 3213182.097133886
118 30 125530317.72174302
118 31 3286831898.8114786
118 32 107184328.23606834
118 35 92189623.40857609
118 36 75751814.80919866
118 37 193259437.19792587
118 38 60740061.65918685
118 40 209543975.8656655
118 42 2269625.2427885965
118 44 57443577.9241682
118 45 147269043.19393244
118 46 5506932.221120241
118 49 425833705.39195114
118 50 2641581.169127192
118 51 5020583415.064021
118 52 252225.1306596749
118 53 2449706.1705124243
118 54 3028774970.652688
118 55 2203497.7083912045
118 56 316147203.93448037
118 58 9650011.187797308
118 59 710217.9289375609
118 61 13496531.669743778
118 63 42150472.44104787
118 64 2401411152.6290607
118 65 1460271137.7726038
118 66 7266400.381634822
118 67 2021698768.0611517
118 68 132548117.33234216
118 69 47037433.85387512
118 70 444633863.8694297
118 71 236208332.8303636
118 72 3479712961.4824076
118 73 6583410.2671768
118 74 2204244898.017061
118 75 65924623.64795278
118 76 119742204.08095597
118 77 128381080.087469
118 79 804062346.324052
118 83 56686170.09263325
118 84 65842374.119034596
118 86 171534065.9159009
118 87 19597645.719187953
118 88 5640242.952152497
118 89 125950301.8298693
118 90 2327586.1687516035
118 91 13977266.606318388
118 93 32754887.289165065
118 94 325748648.1494954
118 95 344666.317756153
118 97 286428733.4178721
118 100 5534861.919882332
118 101 737513762.770771
118 102 349587706.26711804
118 103 11476529.024181064
118 104 3099297.164169986
118 105 55584932.69208629
118 106 1075272702.818042
118 107 79438703.91371587
118 109 42201253.23359088
118 111 21627261.203588676
118 112 1825007.499884329
118 113 188322180.22812855
118 114 1342251530.006908
118 115 227585826.2055254
118 117 31717556.6049407
118 119 821132.1517824795
118 120 199549.53787081875
118 121 5061813.774527835
118 122 3786806.5112334797
118 125 306131596.2677197
118 126 9697459.80175825
118 129 3657586817.8267274
118 130 47761393.99417982
118 131 67950277.35325782
118 133 1249920280.877336
118 134 31779535.276891872
118 135 164475.46973142782
118 136 7629821.908192373
118 137 1238358158.0781643
118 138 314057963.6773251
118 141 19355726.638824336
118 142 5526937665.011006
118 143 8637839.71513611
118 145 54513777.203586064
118 146 184751002.5520191
118 147 524685650.9896764
118 148 20762231.83147425
118 149 3895884.814183598
118 150 193296834.80373475
118 152 216296105.18320015
118 153 7167678.457991887
118 154 7082823231.618619
118 157 522020302.2078324
118 160 39282332.32299126
119 6 101077.34954285483
119 7 1593877.0863324332
119 13 1722176.470521085
119 14 1124758.8265256055
119 19 206381.2617399295
119 21 1269825.052295533
119 26 771096.986828268
119 31 1056071.2470119526
119 32 354981.7765092781
119 40 1002489.5359006592
119 45 1508443.4193440825
119 51 209465.3340997842
119 54 687173.9478405131
119 56 175266.46855726757
119 64 779456.9686484038
119 70 364940.03657423856
119 72 261122.993638605
119 74 576329.7661468637
119 79 425200.90771343355
119 84 2244839.6202111538
119 89 718140.5465513587
119 97 414609.2247192209
119 101 393210.90669367946
119 105 854404.9005719548
119 106 1254757.538744782
119 113 3413637.1660805405
119 115 2325179.7272437615
119 117 692084.4081968453
119 118 604933.4739994848
119 125 1864947.1440981785
119 129 4435103.492138862
119 131 680410.8146479491
119 133 1020050.688752147
119 137 548834.5254132454
119 142 30730.727382428355
119 152 337844.51349464187
119 154 177707.95835704645
119 157 1586658.7348343814
120 6 700893.1639826464
120 7 463312.55878637737
120 14 1607176.816510301
120 21 1746276.5363311083
120 22 1239559.1285620164
120 26 89830.03314178709
120 32 488710.9520158225
120 40 1349805.725456521
120 51 144994.0879923084
120 52 142334.7636583708
120 54 151681.21834816042
120 56 3457693.5017874306
120 64 549487.8574182247
120 68 1459122.5769106005
120 69 261104.252236914
120 70 387299.4404422321
120 72 1606448.5252337402
120 74 2149379.7506506112
120 75 361285.2201476192
120 79 1323475.2703545243
120 89 2583084.05865873
120 94 273536.91326333355
120 101 2456122.530220363
120 102 69142.54382551575
120 105 265720.5621574356
120 114 312390.6167426904
120 115 790713.4325577453
120 117 480946.1260576197
120 118 33853.18303251867
120 125 1079088.447475953
120 129 476823.77918056503
120 131 1231774.6056528261
120 133 1135204.2341677265
120 137 3919147.862999214
120 138 107493.81912101213
120 142 545221.9938573692
120 145 1600610.9663976405
120 150 92991.45771988195
120 152 761878.0252298797
120 154 1283460.1135621925
120 157 1092918.66288788
121 1 3866673.032949096
121 6 6597247.293320411
121 7 821261.7420241834
121 14 576398.9684387591
121 19 2425775.713542194
121 26 2006747.5373113845
121 36 421857.8690964801
121 37 6498437.4816598445
121 40 1609819.5194751408
121 49 4682180.398852337
121 51 2564176.892122091
121 52 370553.2626710828
121 54 1588180.5683277624
121 66 13608254.730056899
121 68 173180.04479024356
121 70 176819.93186906257
121 72 70318.45868736065
121 74 5277884.39416529
121 79 5306916.705338247
121 89 10349160.39223666
121 93 736272.3401264224
121 94 9593930.352102589
121 101 5518544.198712102
121 102 6168860.849597802
121 105 1562931.3344421636
121 106 650685.7437353593
121 109 7375072.261396743
121 113 130107.89698460122
121 125 2171484.7682709633
121 129 1193838.9920970579
121 131 3386953.858938661
121 133 872000.0269156944
121 134 689255.171476968
121 138 6705367.300976965
121 147 936182.0007927065
121 149 255475.49501510098
121 150 8546242.902253075
121 152 2514373.6924087806
121 154 452751.8396100753
122 1 1490812.0931931501
122 4 5462173.888514106
122 7 2918613.677748319
122 14 9297847.553545222
122 19 15101701.92796611
122 25 130489.97486762222
122 26 56339.674119972595
122 31 2952619.168371304
122 37 5114341.2639739355
122 51 1452010.5891123144
122 54 9302818.38897799
122 55 76305.13095996046
122 56 7709883.817169254
122 58 2242094.2856580582
122 64 2543776.3755994034
122 65 5637838.855092087
122 67 4845435.433171489
122 68 3863513.5973836626
122 70 6272503.493046534
122 72 1704392.6498992129
122 74 3110634.948894829
122 79 2454410.080568849
122 94 10374858.799693525
122 101 8264812.932639344
122 105 3090206.694763668
122 117 5678650.869862748
122 125 1986530.0652385924
122 126 13259349.712803733
122 129 14845624.268293912
122 130 4023046.1112352856
122 131 5807982.269387058
122 133 662284.9560320737
122 138 1678800.0863942597
122 141 835238.2687206633
122 142 5131582.391640813
122 145 979874.7826167095
122 147 17914564.695774738
122 150 6775206.027050061
122 152 674486.1937231449
122 154 281584.98982669326
123 3 559602.6838927764
123 6 3177950.945873993
123 7 1935830.519185998
123 14 718516.7278354067
123 26 912478.972750373
123 38 3285907.7842740146
123 40 4188878.4762048163
123 49 601737.4003428849
123 51 18780.147505750076
123 54 1518670.5261201388
123 65 1090419.9723940594
123 70 937736.5195566681
123 71 1402944.645038622
123 72 429256.30772446387
123 79 6138973.827761468
123 94 1951593.030910082
123 101 1778097.905415874
123 115 91571.04562635318
123 117 2003524.2404992096
123 129 239950.5872380662
123 131 1450735.974492717
123 133 854639.5920037118
123 137 1697639.2160742865
123 138 120426.86726093882
123 142 182297.24750567667
123 152 1952594.5205340313
123 154 257428.01629398213
123 157 39799.03392687766
124 6 242101.1770386373
124 7 86112.98919725034
124 14 1202514.6210531846
124 26 380503.5694820994
124 32 239617.5933104432
124 40 3157162.0944157313
124 51 1106124.5895483594
124 54 272422.46906911745
124 56 1324546.4431755722
124 64 383162.97090522735
124 65 150700.92968460836
124 68 1412823.5560059107
124 72 242803.11693619177
124 76 332980.3992890021
124 77 216796.32246369406
124 79 68915.11680080999
124 84 501375.5840490635
124 89 1073930.1513172267
124 101 863197.1524980565
124 114 24512.882701420178
124 125 246581.9531155671
124 129 260033.27569267203
124 131 9218.389584996781
124 137 283860.7492970249
124 138 100908.29626658438
124 141 734319.1550283846
124 142 545542.9874234406
124 145 376513.61821779463
124 152 1334471.0549016106
124 154 547000.518462648
125 1 171494642.7924175
125 3 2026716.2875155516
125 4 335247797.1758112
125 5 10298968.731791407
125 6 1189394821.9048681
125 7 649432003.6113173
125 8 23561706.797907893
125 9 42666798.70406298
125 12 22153290.11610964
125 13 285097184.25954306
125 14 258696324.4427345
125 15 4506413.483500927
125 16 2064956.392340134
125 19 345524681.30341583
125 21 26975511.610701315
125 22 177144.29064736576
125 23 514179.992939852
125 25 5415299.718900377
125 26 96870190.69282545
125 27 3056659.136418055
125 30 305081920.3997111
125 31 1734998721.5036721
125 32 24264504.06216544
125 35 18976455.43839672
125 36 56176407.16505134
125 37 87210014.86348113
125 38 45785816.96267655
125 40 359098945.95488507
125 42 579300.054932721
125 44 7722619.110650851
125 45 325804711.4444067
125 46 47380180.2276294
125 49 809486873.0618606
125 50 10866830.335007843
125 51 297074608.493184
125 52 2919347.969417374
125 53 448000.55970445124
125 54 16896979.763660055
125 55 43149516.17071603
125 56 332436474.2884595
125 57 4022904.842370153
125 58 59941910.42256322
125 59 12732025.458523279
125 61 5285177.087256126
125 63 56641137.3907466
125 64 417455340.03518534
125 65 526911526.4359562
125 66 7150503.460114652
125 68 8295592.209596295
125 69 235566107.182395
125 70 925380736.8475378
125 71 309980943.24807525
125 72 752523462.9834449
125 73 8491685.021179643
125 74 294768304.0201157
125 75 90991755.58938743
125 76 90332588.5005433
125 77 5238770.860310396
125 79 928585722.194886
125 83 66238240.062648445
125 84 19345146.16061068
125 86 45496064.392959096
125 87 8443563.251666902
125 88 3865353.5418200716
125 89 427810503.3098932
125 90 5238256.146177565
125 91 6853875.257859279
125 93 87329788.93516298
125 94 236011433.28718302
125 95 6540368.632207847
125 96 4767175.961608044
125 97 129333231.14423898
125 101 1075822378.833111
125 102 53190235.23227494
125 103 40215455.47294058
125 104 11599095.336468326
125 105 882537.6934090643
125 106 436744519.73276174
125 107 135399438.791826
125 109 69269236.2000464
125 112 13951337.145842295
125 113 1363739265.0774446
125 114 1317976212.5665097
125 115 116837566.32869023
125 117 150704790.1060718
125 118 686597143.1750942
125 119 2262633.5492096003
125 120 3546334.6819649134
125 121 1212250.9973109588
125 126 2925623.17142419
125 129 3407449190.008148
125 130 286748868.4611341
125 131 275997301.63593835
125 133 1670445904.9453025
125 134 71810265.65748817
125 135 9403911.171507986
125 136 4163475.896418101
125 137 1394569273.028756
125 138 942922446.6631858
125 141 24261837.82466032
125 142 557083933.5398767
125 143 22353273.17320501
125 145 8760588.885415213
125 146 200339746.57919005
125 147 177855274.00048283
125 148 6825401.529216862
125 150 185487065.8916111
125 152 874035664.4064958
125 153 87956731.31667241
125 154 2015136165.0936048
125 157 135217653.39669108
125 160 6401157.537697555
126 4 6626626.050606568
126 6 9131391.305360455
126 7 33108091.952767238
126 8 766895.8884043475
126 12 176297.11549720878
126 13 6550009.544643911
126 14 51970122.01787234
126 18 6503142.241495882
126 19 2689522.4935563584
126 21 9139673.041009694
126 23 874182.9544766289
126 26 22978208.861843705
126 30 6682843.356179046
126 31 10520823.612412019
126 32 4338276.238586274
126 36 17256459.50367103
126 38 17877082.61877242
126 40 196253.23944484795
126 42 283902.4647698814
126 49 17010205.689557403
126 50 3558340.474466796
126 51 10147055.89998972
126 52 8953189.943464015
126 54 12562015.774970187
126 55 2269721.804052181
126 56 1867167.5666881795
126 58 7137937.00287946
126 64 17580162.46134192
126 65 16100472.819503734
126 67 9508106.47672622
126 68 173390.44955406216
126 69 24320994.319643445
126 70 2456085.960151697
126 71 8991421.948614411
126 72 8042124.616051245
126 74 12442062.796067562
126 75 18795711.003096983
126 77 8608901.076150343
126 79 1882471.3496047866
126 89 42685422.86047305
126 93 3803728.8128258702
126 94 6910160.797792087
126 97 6251960.8270539185
126 101 15853438.51086155
126 102 1906418.1877830583
126 105 632491.2286933989
126 106 2306336.1697927685
126 107 633908.5555413642
126 113 3605757.0805443535
126 114 43816189.38638239
126 115 24401589.278090306
126 117 3657270.798718274
126 118 2998711.3005555463
126 121 2081751.7729016629
126 125 6946088.91563836
126 129 4682922.135213458
126 130 40503699.77273481
126 131 3340524.926856252
126 133 18941689.435047165
126 137 8592623.220007626
126 138 779015.0990714957
126 141 21610860.083073772
126 142 3762686.2361499267
126 143 429085.5825729624
126 145 3037792.1757670674
126 147 7989197.618732781
126 149 1296502.7298000467
126 152 16083173.147824239
126 153 10906251.876928765
126 154 8815635.90328712
126 160 2761251.3865001765
127 1 3270444.232461968
127 3 3061441.3201852026
127 4 642525.3621682473
127 6 9486474.742661297
127 7 226751.96549605636
127 8 5871085.23613198
127 13 2871744.018481157
127 14 512960.88988282357
127 16 1517403.1735582647
127 18 205236.07400437587
127 19 84741.06200011384
127 22 1598731.650742825
127 26 2609104.1089138966
127 31 956865.8565667243
127 32 1392263.6191997288
127 35 2046860.1324218055
127 38 1471086.8906387945
127 40 259427.4787816733
127 45 322432.5972571217
127 49 2424829.9515632587
127 50 4181096.2674335763
127 51 271475.50612270815
127 54 6180331.420796918
127 55 4913337.618517907
127 59 936601.5764823103
127 63 1421962.7610567596
127 64 4366888.672463392
127 65 2549369.2035156433
127 66 106825.7028369777
127 67 2275716.2740146355
127 68 493571.1948696648
127 70 5246810.890491528
127 72 697765.1250281179
127 74 5899575.433511431
127 75 4446181.094743321
127 76 4200357.084456863
127 79 2451752.6234429944
127 84 412993.3282997655
127 89 798762.750750617
127 101 29524.339676199033
127 102 2196014.798684172
127 105 525481.4157034444
127 106 1056785.8680864319
127 113 9503333.724387493
127 114 246857.3164598758
127 115 2423154.63406218
127 117 109773.79831710197
127 125 2761261.9705124698
127 129 5334437.321696896
127 130 356579.0413645412
127 131 2681819.2475016597
127 133 4598414.490937645
127 137 369531.4054367944
127 138 1966685.953241508
127 141 1169601.8386610677
127 142 1308215.5808064374
127 143 2729882.7268580007
127 145 824960.0596797456
127 147 4412596.054127555
127 148 1238785.1823753896
127 149 1469861.8912049725
127 150 1467711.6030140687
127 152 518298.1168226295
127 154 3991207.8916120683
127 160 123253.94312969716
128 4 1132897.1490153545
128 6 775874.7185155677
128 7 302126.7047712235
128 14 77360.87263361103
128 16 374728.1978540854
128 19 1715727.2764324031
128 21 2203668.504109756
128 26 140011.66084968488
128 30 1354402.9291451797
128 31 4423067.578216786
128 32 1467729.7654991236
128 35 1700902.5694654663
128 36 712689.1427624539
128 37 478413.4083838054
128 38 186678.13224744448
128 40 3582849.868117498
128 44 1041057.6323339462
128 45 3303012.383745941
128 49 2023397.0054756016
128 50 1726213.4768902354
128 51 640487.1709186222
128 54 1742230.2895771554
128 56 1340590.2259261652
128 64 2253754.9883666043
128 67 930018.0684869078
128 68 2222610.0526514174
128 70 492474.2161014404
128 72 611320.2597193739
128 74 1001545.3156149234
128 75 1227267.4014177653
128 76 6140263.047530213
128 79 190568.01340585537
128 84 789316.9642524709
128 87 187706.24551862336
128 89 2213655.4759298433
128 90 1347217.0227865435
128 94 1311614.6539382169
128 97 779167.454551057
128 101 1408347.801622606
128 102 2021254.3213510113
128 104 2208056.5767184612
128 105 4461539.724272143
128 106 919918.7799463246
128 111 556126.8971197737
128 113 232656.50140764963
128 114 506925.72671122075
128 117 2194454.503473652
128 118 4706422.18649558
128 119 171990.6366089287
128 120 609421.6667310307
128 125 552785.0531395756
128 130 300130.7485944064
128 131 1361243.280295949
128 133 1670366.9583526948
128 134 1657428.6373956238
128 136 730518.162092748
128 137 5399106.301867915
128 138 2519786.666116695
128 141 54502.35841668476
128 142 2057165.5319653654
128 143 1071204.0682424048
128 146 244061.49468823074
128 147 528255.8820834862
128 150 229235.63750312294
128 152 1589205.045697087
128 154 736171.2419771268
129 0 26084309.583598495
129 1 451493124.83749425
129 3 1131041.4793403747
129 4 1778312151.0024803
129 5 5221933.686760881
129 6 2695336441.68559
129 7 162518401.0241898
129 8 11733980.35058346
129 9 7343833.071709503
129 12 16020559.86291513
129 13 147823886.17486185
129 14 225194704.72393435
129 15 482909.53601611865
129 16 10339779.26481627
129 17 7044112.411424777
129 18 90880239.02629218
129 19 357998122.25747937
129 21 128224848.99584037
129 22 4351260.49126264
129 23 3059579.1598999887
129 25 9991239.061190167
129 26 64910016.50154533
129 27 11638720.027312139
129 28 2079644.2777373
129 30 143033586.41312122
129 31 276375330.04119295
129 32 129331922.31241657
129 33 2477819.705769928
129 35 10332489.436121514
129 36 167801592.11446008
129 37 114676158.25142768
129 38 22477945.546664327
129 40 1459634777.7469215
129 42 2265195.41899603
129 44 47830351.10252713
129 45 496031542.76681715
129 46 23755925.50467375
129 49 845812018.1084281
129 50 8709786.513724659
129 51 1358497772.991749
129 52 4827313.775217374
129 53 841258.612565703
129 54 4469043455.324374
129 55 6927573.862811282
129 56 1738028171.348657
129 57 786082.9883252733
129 58 121151649.22239031
129 59 789430.7411480101
129 61 8111357.193901631
129 63 81268665.79875544
129 64 665169375.6335354
129 65 166203168.4428417
129 66 14957319.160314742
129 67 389268638.8377535
129 68 274338946.8709014
129 69 466346938.4484429
129 70 543957422.9785506
129 71 795160371.9155965
129 72 3105522347.966498
129 73 17596511.554984648
129 74 2615040059.9687996
129 75 103879575.47711049
129 76 47995677.330015905
129 77 7334018.120739746
129 78 4303950.825923192
129 79 4009590373.735708
129 83 45069737.44158303
129 84 4926913.141758706
129 86 44644541.67513537
129 87 9122589.265381638
129 88 2704170.910637555
129 89 262878988.18877295
129 90 18950176.306023005
129 91 10986458.27946414
129 93 45204175.899395265
129 94 330280835.87677604
129 95 1856279.5878422363
129 97 102046264.44653642
129 100 22699881.814430658
129 101 2461063479.3090744
129 102 191557988.2421017
129 103 25499305.156592835
129 104 2726372.223823648
129 105 124425379.5485709
129 106 1257113910.9893463
129 107 60362477.75374091
129 109 17798944.608210914
129 111 14896955.532125682
129 112 4557139.465730001
129 113 465008379.38638425
129 114 581971321.9273874
129 115 65851907.15822336
129 117 119369156.78808728
129 118 7422381.510873356
129 119 5133259.690901537
129 120 6243304.381016372
129 121 303865.71522705076
129 122 57306.46242628066
129 124 1445249.0126474907
129 125 1299554495.4233983
129 126 20158762.404670488
129 130 326130324.2012157
129 131 456846892.4073617
129 133 1392742826.3922307
129 134 16856394.940695547
129 135 16501865.180135235
129 136 3874377.132957104
129 137 1511665154.8204427
129 138 1427451098.5427668
129 141 48750758.87673291
129 142 124291368.84981829
129 143 6602010.222466066
129 145 74953110.91970025
129 146 30360904.16529544
129 147 1019513948.0995584
129 148 36395534.593209215
129 149 280226.60742203245
129 150 242747308.0832287
129 152 6044449513.25198
129 153 21988144.831598666
129 154 5493976646.154414
129 157 946971071.3839905
129 160 16796555.59288687
130 4 137363934.58696172
130 6 43587554.26996873
130 7 71793555.43087916
130 8 83642260.11849216
130 12 3329644.289213853
130 14 181741961.58794475
130 15 5594707.007764062
130 16 8021145.845366195
130 18 20353928.22671694
130 19 34719593.622854196
130 21 69558893.50091775
130 22 3090084.51863646
130 25 28311497.505543545
130 26 200468631.40556484
130 27 2704551.5412975284
130 31 83227898.47191004
130 32 95175568.65783334
130 35 12685399.290629303
130 36 2125993.4446263444
130 37 55859350.53650838
130 38 50122996.44901421
130 42 122501.24442294655
130 44 22105506.22674801
130 49 39304963.02454645
130 51 315022153.2184388
130 52 3761952.26773694
130 53 7656120.582046794
130 54 93287952.67082062
130 55 9414955.578502037
130 56 69698409.44892634
130 58 51696394.64913266
130 59 1834219.318992487
130 63 3677783.293461871
130 64 65608049.11255233
130 65 159229500.97563386
130 66 5723498.052410435
130 67 194417372.5471897
130 68 306681899.90077287
130 69 145905561.65603352
130 70 91622503.31640492
130 71 121120567.99784502
130 72 61304905.17869118
130 73 23281786.37834475
130 74 392712478.21270925
130 75 15522611.667512562
130 76 17914254.290005494
130 79 295782924.8164728
130 84 74760430.98363186
130 87 3490631.7823676867
130 89 17910849.482677937
130 90 1835209.678077279
130 93 33985788.602605514
130 94 153366450.26823542
130 95 16156799.18500898
130 97 124133864.91594954
130 101 321498001.85536224
130 102 60557079.40455501
130 105 42555621.50955528
130 106 438742746.82970744
130 107 94155683.7911571
130 109 96697879.4158878
130 112 11754014.839227434
130 113 66417691.06459821
130 115 249589597.77187806
130 117 9048502.59140542
130 119 4244294.589694409
130 121 6080770.062499319
130 122 530780.0673391669
130 125 95796090.71971965
130 126 23066001.182864606
130 129 172720898.66090676
130 131 19042389.1891255
130 133 126874273.71190357
130 134 92645011.82970455
130 135 15222908.085110594
130 137 257033785.11723882
130 138 10096207.531596037
130 141 5129394.206353102
130 142 86920034.78672321
130 143 198054.6381882739
130 145 25337193.616286784
130 146 44399565.28643763
130 147 33362017.615706768
130 149 9881513.073296163
130 152 47362321.99438025
130 153 34635291.50500835
130 154 53383320.328415714
131 1 406587011.1304835
131 3 849866.4448129259
131 4 93545310.8926981
131 5 27438961.819548562
131 6 355545711.1356195
131 7 11140960.858794639
131 8 1246161.087890112
131 12 7867691.031072643
131 13 628451305.8963225
131 14 703618679.3178941
131 15 2376092.109183098
131 16 15084909.526113663
131 18 9865372.433614647
131 19 584465747.2034756
131 21 25609041.437233713
131 22 3103717.471427062
131 23 1718087.0558382277
131 25 23738640.702538796
131 26 408144804.7008929
131 27 7381243.540536648
131 28 410426.94433488965
131 30 264872760.84174582
131 31 424880874.4760013
131 32 631081237.5150522
131 33 738692.0239514018
131 35 18622347.136374764
131 36 334169.8813327227
131 37 238073671.05752274
131 38 143123030.10577723
131 40 259231874.19411233
131 42 934230.3116181424
131 44 47407368.35305975
131 45 21501453.28843838
131 46 6324922.30267812
131 49 8045908.28320589
131 50 3589953.607848633
131 51 1008585191.4771858
131 52 15952694.965216387
131 53 4044547.228524616
131 54 328327867.6127622
131 55 58882911.43157902
131 56 308291045.5045178
131 57 1160551.2276409434
131 58 1177565.7020383484
131 59 10041161.308524594
131 61 2206428.2314504934
131 63 1060237.749199261
131 64 1279082841.7961588
131 65 1393058696.1457453
131 66 60628606.548534416
131 67 222565765.1793298
131 68 906115162.6978649
131 69 17529138.602628604
131 70 801699790.6500866
131 71 50028578.497620724
131 72 714811071.4005598
131 73 18916752.7225537
131 74 1637226013.0302186
131 75 65142655.68067999
131 76 118473359.56159666
131 77 58845591.26455484
131 78 2474971.6751796175
131 79 695335082.0357268
131 83 58730593.072570145
131 84 102398996.77565576
131 86 146646591.59985435
131 87 19725459.211798478
131 88 12839801.716456851
131 89 1156779942.1515734
131 90 4580132.432693102
131 91 1014168.9741403752
131 93 52393460.35026049
131 94 347293525.28143454
131 95 3138239.4103418565
131 96 25999918.331381094
131 97 123753575.61238731
131 100 37312203.631669156
131 101 611393849.2157782
131 102 16533254.305008844
131 103 61874777.97019894
131 104 6694793.296267361
131 105 23886470.587312955
131 106 945151151.5051012
131 107 49059659.33292611
131 109 176418255.22704184
131 111 432039.29779913934
131 112 69595913.23237222
131 113 268644540.298133
131 114 239767438.5155655
131 115 6089086.63784649
131 117 265079212.13953927
131 118 216720663.974673
131 119 2989626.733812851
131 120 9649555.630789597
131 121 2897147.025626225
131 124 380741.52158499253
131 125 1072399543.0573733
131 126 6096228.3026175
131 129 2051778459.919995
131 130 133912581.04955007
131 133 727754920.9914396
131 134 12431131.101872107
131 135 23275153.10393272
131 136 5342922.559671303
131 137 856099060.3793734
131 138 1242838466.933568
131 141 2996726.3779043537
131 142 178223954.19558555
131 143 20262331.877937242
131 145 65334514.1161852
131 146 25137109.0394596
131 147 1031224469.9627405
131 148 14939042.869037425
131 149 8661604.676996518
131 150 580102033.4110329
131 152 318620177.261076
131 153 90838400.96403891
131 154 224883040.53304517
131 157 448960706.53339857
131 160 14082674.498060122
132 4 8979593.00994853
132 7 1346932.999179155
132 14 10673641.904709421
132 26 5348222.457347224
132 30 238309.68186497185
132 32 2220633.309116515
132 38 6304176.228279509
132 51 5960842.97981455
132 54 6384018.573948816
132 55 3645596.249224624
132 56 2052041.22195333
132 65 6046036.607509918
132 68 2532704.9082863247
132 72 124318.58330488935
132 74 18164806.96632284
132 79 7160147.7799689565
132 101 5129501.289429954
132 102 7074159.903370927
132 103 7397829.42572702
132 105 2609392.9469814417
132 114 3056856.5848966874
132 115 9862397.96615177
132 118 931809.9198276188
132 125 696673.192594645
132 129 6096666.0487892525
132 133 19391068.759694412
132 141 1822949.5120153315
132 142 8798435.174831029
132 145 590183.131649616
132 146 105816.92006196467
132 147 7978548.420738508
132 150 446635.07936825405
132 152 1647418.5587418447
132 154 1219677.5074735999
133 0 32325289.610087443
133 1 1996773.854813792
133 3 7075697.601676859
133 4 42585920.25853862
133 5 35728626.112565
133 6 3561760374.6256566
133 7 475077673.6917201
133 8 25157959.56513552
133 9 46215264.827789284
133 12 33265727.99286952
133 13 19238742.23632938
133 14 50619118.86605894
133 15 10968982.713569775
133 16 424489.5990796954
133 18 47543707.10877622
133 19 144084338.7327488
133 21 1796896.3392926913
133 22 6108614.55032131
133 23 761578.2179755823
133 25 807136.959674649
133 26 3437111244.0350533
133 27 8044583.640205156
133 28 3376149.754149488
133 30 227041667.63111344
133 31 5078569909.183261
133 32 112553996.19464588
133 33 430903.9420955014
133 35 111098171.13771452
133 36 34162172.577027865
133 37 216004658.47824773
133 38 5250744.673616324
133 40 70801974.28302331
133 42 296978.5858246562
133 44 14316130.946868673
133 45 304076574.27865154
133 49 1511616129.4495018
133 50 6777736.47794655
133 51 1166469815.5457447
133 52 2772416.1596912956
133 53 1428079.5522921118
133 54 592846881.658873
133 55 43240231.90247479
133 56 518423356.52658963
133 57 1498978.025857748
133 58 42780450.096229434
133 59 1794409.7655906794
133 61 8860703.951128263
133 63 41634113.42865706
133 64 5895651152.996828
133 65 662851199.7008947
133 66 5716628.022968758
133 67 2198618914.474962
133 68 162935211.62373754
133 69 761928876.8836302
133 70 1531448825.7734375
133 71 1678703738.9014757
133 72 11852130952.558401
133 73 15966022.220768858
133 74 13402062063.36641
133 75 18460007.09615354
133 76 12074317.538889376
133 77 33519876.832456
133 78 3863837.6402780875
133 79 6184292751.16417
133 83 56055176.78287691
133 84 31348255.126824625
133 86 34921939.00000091
133 87 11066105.680789212
133 88 1632781.7399015108
133 89 93388658.34668244
133 90 2006263.4353027458
133 91 2391644.274446419
133 93 15257461.459582666
133 94 146488959.18736967
133 95 5320403.556871354
133 96 437930.92750621185
133 97 778363487.1702373
133 100 16572120.866306089
133 101 1161162846.5573814
133 102 112924149.4628924
133 103 10039263.878013061
133 104 7461666.127924941
133 105 57022565.50737258
133 106 6582869400.307687
133 107 40736639.375684544
133 109 31247671.817680523
133 111 50982130.712085195
133 112 224856849.44809517
133 113 1689363746.0968163
133 114 874352824.470763
133 115 4300554693.554304
133 117 148104505.39787415
133 118 67929483.34429264
133 119 425485.8929714497
133 120 1681520.1150231836
133 121 521467.5507325367
133 122 281050.8358011954
133 125 422444449.8651538
133 126 3195173.7080136416
133 129 2234224753.358513
133 130 233310458.16400918
133 131 935195365.1769055
133 134 47523240.62600576
133 135 18417139.589980382
133 136 6800998.84308085
133 137 505965199.1667317
133 138 195569757.84862697
133 141 9964332.806252422
133 142 591913180.2949735
133 143 3000271.055255376
133 145 64309585.256882876
133 146 19396627.972431228
133 147 1943586227.1683967
133 148 20395144.77178392
133 149 718051.6224819805
133 150 97049038.1893748
133 152 2020891822.4846087
133 153 74333644.35974422
133 154 7286277159.337155
133 157 176775091.3295789
133 160 18778341.6974994
134 0 2382480.858738153
134 1 11683145.31675913
134 3 16521220.422555896
134 5 1844130.5796785972
134 6 13281644.864444712
134 7 13524845.194944862
134 8 1146783.2933559734
134 9 11825384.563919106
134 12 26415209.505246636
134 13 114825114.46197295
134 14 48246382.09342799
134 15 1661871.4907919588
134 16 10603668.4651794
134 18 5779753.456899554
134 19 78000572.27787158
134 21 23380672.248023637
134 22 2571629.3336948766
134 25 23490695.736264963
134 26 24527426.48525605
134 27 1332687.1548899487
134 28 1892772.7915287025
134 31 22988564.427300453
134 32 8339139.949504954
134 35 15024657.287887417
134 36 41073025.266225114
134 37 7433931.740376958
134 38 240708.21878024144
134 40 9053500.00860252
134 42 1753412.7026645306
134 44 5985090.713781489
134 45 150846008.10330904
134 46 56441870.67675714
134 49 35888715.312225185
134 50 14342815.422076257
134 51 68371412.39965703
134 52 10456699.01085932
134 54 13253886.363465948
134 55 12605360.952731881
134 56 894621.8552543537
134 57 2975608.543769637
134 58 58233128.318429835
134 59 2794381.332761519
134 61 604541.1053306723
134 63 2108177.6194203193
134 64 98246317.0908739
134 65 18347812.805550985
134 66 13768632.576613327
134 67 108525281.56930138
134 68 8700331.692857938
134 69 24185830.621870685
134 70 102396007.63884294
134 71 2090409.2781937164
134 72 9902955.7156064
134 73 16335887.160064993
134 74 46473686.63642387
134 75 22529056.01742952
134 77 20850047.314903222
134 79 22943709.70073176
134 83 14981396.572621217
134 84 14055811.895306673
134 86 58227345.667581044
134 87 4741214.681095235
134 88 9626407.734834397
134 89 46320215.23393176
134 90 587792.1750097151
134 91 6486330.635213345
134 93 29435532.275702268
134 94 10441694.031857576
134 95 1369568.1189687024
134 96 28487650.227950636
134 97 106121685.22205468
134 100 20707159.062790073
134 101 69913632.84143
134 102 16603885.423535107
134 103 36226798.37250988
134 104 440783.8222016152
134 105 20250859.860417616
134 106 53744729.94985901
134 107 53576794.06908451
134 109 23194165.46265579
134 111 10354149.087361233
134 112 65763440.80217879
134 113 19944785.841116052
134 114 5473523.888944665
134 115 30615084.223230135
134 117 14861887.824941898
134 118 87897028.68987942
134 119 221577.7261335472
134 120 1955850.243165247
134 121 3494702.744918915
134 125 37850830.582412675
134 126 10515561.515571982
134 129 23805831.958368793
134 130 116782168.30498913
134 131 4537661.4327202095
134 133 228187737.61774382
134 135 92358.13543187312
134 137 41709949.41674654
134 138 9225570.045734622
134 141 19751001.187732622
134 142 94193589.18805781
134 143 6396509.091133587
134 145 84960268.55232966
134 146 16729842.3109236
134 147 30015295.992128585
134 148 5806561.911927791
134 149 1800803.200054527
134 150 29190564.442126542
134 152 37254030.5434253
134 153 65609850.079528704
134 154 43883195.05577325
134 157 24104044.54541774
134 160 8795401.330867732
135 1 16462287.309257366
135 3 364864.817075132
135 5 283730.91613314673
135 6 12281008.880687606
135 7 1989285.2483365776
135 12 5126960.702898727
135 14 9040380.590248523
135 15 347796.4049907555
135 21 4067295.2100154734
135 22 700562.2125319833
135 23 55581.22829487089
135 26 26935493.014217377
135 30 7356652.366280322
135 31 8527167.610868331
135 35 8036960.795458441
135 36 6535142.193865944
135 38 394388.0562064556
135 40 1408382.7009965444
135 44 4862340.535228551
135 45 3062031.755068119
135 46 1713279.199278394
135 49 4312423.857238493
135 50 14043114.656618543
135 51 57386451.9551184
135 54 3156200.906660502
135 56 3222063.9805855034
135 57 3157829.9035049616
135 64 7245946.905547679
135 65 11452810.58054143
135 66 8462534.430394484
135 67 5217201.697110714
135 68 1925705.3843483322
135 69 11773317.340138871
135 70 15957945.128930412
135 71 9038823.874006912
135 72 13725561.13947988
135 74 2446786.225451328
135 75 13743050.441815136
135 76 6665465.868770829
135 83 2875741.609386692
135 84 11767946.579340866
135 88 425651.430843829
135 89 4523775.2032180475
135 94 6858252.218399057
135 96 1379313.9158617742
135 97 2466838.6770832455
135 101 12646326.454372892
135 102 3412048.9483443946
135 105 16221676.388736475
135 106 7173032.013587377
135 109 3445879.8194158343
135 111 8936098.66924991
135 112 20526623.4752553
135 113 3599843.4423906184
135 114 6667335.17843115
135 115 2538049.7303301007
135 117 16582060.79192855
135 118 9240545.360517567
135 119 5177097.611206413
135 125 5780524.880702367
135 126 4745489.0900987405
135 129 6784887.615383049
135 130 9153314.354199657
135 131 31233273.51588062
135 133 11827790.316733345
135 137 6379802.98034951
135 138 14886649.470951116
135 141 297293.59054694325
135 142 13127688.694252342
135 143 1504814.199875837
135 146 12742596.933760623
135 147 6728770.160794902
135 152 28673896.092926674
135 153 15585757.456248578
135 154 19726889.90318622
135 160 494538.13904047327
136 1 11509858.996997723
136 4 3012776.809497753
136 7 9333554.38290187
136 14 1865469.1799078677
136 18 8062257.352229395
136 19 4823419.812151465
136 21 9297600.595606895
136 22 1751648.557229014
136 26 2314209.1831020825
136 27 508259.4274545908
136 31 9202779.803120594
136 35 2145741.561098586
136 37 13046813.860298919
136 40 9117778.496845165
136 44 3614777.473259031
136 45 11565732.959848017
136 46 12409531.388783028
136 49 22615595.20026445
136 51 18056526.749173883
136 52 673873.6076745782
136 54 3184952.7331792526
136 55 406366.63113122573
136 56 46997226.1863951
136 58 6099573.811951301
136 59 1827840.9899284185
136 64 13279372.495988132
136 65 4184100.045323586
136 67 13851724.543758262
136 68 2035168.4247254822
136 69 14162036.952066287
136 70 13788918.66668964
136 72 2635033.1601439095
136 74 34754783.971277654
136 77 4450945.835479749
136 79 4242659.309969949
136 83 17893441.50478685
136 84 9392785.846963648
136 86 327872.90274634125
136 88 456598.3461259953
136 91 3912530.7641162975
136 94 10566797.091206897
136 101 694765.8926987532
136 102 11783363.402191482
136 104 14105629.532361425
136 105 1751915.0369813822
136 106 28318639.528746676
136 112 11458533.849926269
136 113 19768752.407438293
136 114 508837.1749082504
136 115 2250158.0812307536
136 117 7490842.863628988
136 118 13878185.469144251
136 120 933477.5815865775
136 125 1329303.1190060312
136 126 8652107.805903569
136 129 7463345.154030078
136 130 32108154.402768493
136 131 10056749.18093964
136 133 4472910.730745874
136 134 11875511.111176932
136 135 823954.1523434323
136 137 5947874.1282460615
136 138 8115460.093924169
136 142 1742920.4256117875
136 145 3913456.5734390337
136 150 6810885.896999063
136 152 11988101.906174913
136 154 4730561.900663414
136 160 1358842.7584233757
137 0 12463593.81419169
137 1 44031369.990364276
137 3 13979429.118422555
137 4 162808979.61209726
137 5 21902701.43140817
137 6 109021431.69204865
137 7 1578949371.8038597
137 8 2317745.916647283
137 9 5158758.418373578
137 12 1808733.602110145
137 13 62706454.174551845
137 14 404608135.0824396
137 15 3521496.637778274
137 16 30140518.78677448
137 18 25803845.661947843
137 19 2036106444.6571522
137 21 106506469.5718096
137 22 3622108.6422078344
137 25 9422480.64472864
137 26 4031762706.696239
137 27 3427513.7234760295
137 28 4884942.056973941
137 30 180664046.6307406
137 31 2561341107.8655643
137 32 12089520.269684752
137 33 284616.81334978074
137 35 118117929.79192653
137 36 18581837.235133506
137 37 78048524.48701248
137 38 9182181.257929616
137 40 98636553.71608433
137 42 6379429.069092271
137 44 43621275.381432265
137 45 165664861.90507913
137 49 517161464.8436179
137 50 10910192.75004017
137 51 2180023148.8498507
137 52 17105737.571835656
137 53 101990.720113674
137 54 1130502734.3610926
137 55 65502109.74885485
137 56 122418199.94788885
137 57 2766442.573750383
137 58 4341270.752532181
137 59 1219079.3171974323
137 61 1688429.1404556732
137 63 2225021.563238421
137 64 8244997920.593542
137 65 123043516.22040589
137 66 18869017.851802673
137 67 2398676262.1492066
137 68 131800652.77599204
137 69 59397866.779272996
137 70 184608456.83274403
137 71 1115112362.7555528
137 72 2794957565.9075174
137 73 5840775.2693895055
137 74 674447832.5738741
137 75 5564458.830933221
137 76 186726859.85800117
137 77 2284933.301241778
137 79 2229833489.9021244
137 83 40532213.39389401
137 84 101880545.85141718
137 86 78990047.17641175
137 87 11719694.87905762
137 88 1073720.2266073527
137 89 284261369.22434324
137 91 6295942.647901997
137 93 54689160.02160987
137 94 2588813570.0350237
137 95 1490274.6742191282
137 96 6866359.641673786
137 97 374310247.1949965
137 100 10020112.080160482
137 101 309962861.4129885
137 102 436560281.0160332
137 104 2513886.8713687714
137 105 10636588.325767804
137 106 717504124.8867245
137 107 39411370.10962595
137 109 87258054.07171108
137 111 5735247.229918011
137 112 92387851.87128356
137 113 1239865363.8374004
137 114 784795278.2903872
137 115 364372463.89457446
137 117 188893671.02662066
137 118 1955092523.9566631
137 119 237801.49019457054
137 120 1093898.7111041837
137 121 10130054.010828145
137 122 5306715.999651996
137 125 1086010144.8683097
137 126 15623115.133241214
137 129 212444094.19796467
137 130 71711970.41451892
137 131 232114308.20287985
137 133 4449823543.093295
137 134 47653904.12412488
137 135 8437004.382504618
137 136 5901465.339232283
137 138 3741319571.1501927
137 141 9668954.78649779
137 142 696986946.9396435
137 143 11142137.610261558
137 145 5538640.568381338
137 146 33267891.974964254
137 147 1699320061.5857773
137 148 14592005.400120087
137 149 9637973.579227883
137 150 128196963.35328333
137 152 10004900313.590448
137 153 46199821.830256104
137 154 3596397883.277934
137 157 61194673.94879243
137 160 1610128.161313198
138 0 25585208.258318882
138 1 423559676.3336046
138 3 6672327.514575813
138 4 92797498.16583219
138 5 7021736.843564215
138 6 2865484659.115473
138 7 704572064.1405988
138 8 3158501.4340623193
138 9 21144401.755993493
138 12 10373264.722517444
138 13 113387125.0360894
138 14 443979256.1040878
138 15 1530533.8259629938
138 16 10392109.015046814
138 17 2142043.871792364
138 18 48593633.66018246
138 19 427219598.2610992
138 21 45667621.886076696
138 22 6937899.990543655
138 23 730798.636795368
138 25 5628013.3056708155
138 26 1100333997.4170508
138 27 2322465.6579421083
138 28 124298.93720760348
138 30 56165258.74138575
138 31 375561348.33335775
138 32 283450613.6869233
138 33 7445433.40577821
138 35 60891343.77787294
138 36 8355369.270612624
138 37 468292652.3024815
138 38 23258656.42547099
138 40 217108491.29808325
138 42 49731.250169818035
138 44 14180282.853336668
138 45 50027179.344721675
138 46 21469540.808219105
138 49 216747371.89180368
138 50 22208550.77249525
138 51 1839960013.8624263
138 52 16100412.693857023
138 53 720050.5290702805
138 54 367879327.7255167
138 55 17229435.823201906
138 56 39447348.70695525
138 57 56185.34425496297
138 58 5771175.848138237
138 59 9049827.363142824
138 61 4549763.40896493
138 63 1118610.152816547
138 64 3525735617.756844
138 65 121615419.76175964
138 66 12123942.487696944
138 67 1037488629.8740315
138 68 1065973770.9893422
138 69 161253908.7435808
138 70 337575185.87956345
138 71 126930853.10765582
138 72 1468820824.0616012
138 73 49793419.7283964
138 74 1699073036.5333552
138 75 12580598.611776145
138 76 31007942.10030141
138 77 29928996.965872724
138 78 4284807.058478607
138 79 2344017987.247927
138 83 48195977.22072251
138 84 64364351.72294133
138 86 6940904.652404552
138 87 2313190.913548291
138 88 9873061.536476497
138 89 74695278.04922478
138 90 16382655.132446751
138 91 76140.38314572998
138 93 37398094.44718587
138 94 2133547812.7375503
138 95 6585469.229649082
138 96 15104301.240640566
138 97 2073336.0589612334
138 100 29845273.754089493
138 101 8977359209.776913
138 102 384694697.9257771
138 103 17511507.971919484
138 104 7490100.900359622
138 105 93709918.32398674
138 106 220229728.85383695
138 107 90314026.22075675
138 109 23852540.120964356
138 111 52893917.65203339
138 112 3250016.3424832323
138 113 35343609.459313534
138 114 318327408.4244692
138 115 118308971.18218224
138 117 167905754.54068103
138 118 1443907395.4886851
138 119 4313348.6970940335
138 120 1270239.3590047448
138 121 96099.41534587168
138 122 5490260.56078107
138 124 3172189.683664279
138 125 1052304781.1378678
138 126 10859995.943697432
138 129 638805332.1483108
138 130 28648241.719374485
138 131 9915376.750359662
138 133 2689381542.6686673
138 134 20529624.080138132
138 135 3625611.7463846104
138 136 1039306.0559600169
138 137 1860132035.906638
138 141 7959183.268389319
138 142 781915468.5615662
138 143 6116679.985581763
138 145 50960671.69301888
138 146 428819988.1868575
138 147 2616585253.954219
138 148 33675646.14553446
138 149 21903268.946209352
138 150 318689807.8426783
138 152 16181886594.207064
138 153 114261550.8153248
138 154 4240350564.7952995
138 157 1541757.628376078
138 160 2387577.759702122
139 1 133850446.91699784
139 3 1836421.776196805
139 4 8726702.594017329
139 5 9298917.931059478
139 6 6087671.437796934
139 7 6064193.727412504
139 12 7098413.249244093
139 13 122686864.53522608
139 14 70201932.1363615
139 15 15226561.957108669
139 16 13553061.918441491
139 19 91156523.08772036
139 21 25992540.76657465
139 22 8327099.953929541
139 25 21431268.366758402
139 26 41823525.393319
139 27 1891241.7352835506
139 30 24569592.14194775
139 31 176770110.4819311
139 32 78105477.19772488
139 36 16900112.39281212
139 38 14845407.694568012
139 40 137802853.39697883
139 42 939359.8239309532
139 44 14251741.2114181
139 45 2815706.2868598886
139 49 49958906.905352384
139 50 3295498.584511022
139 51 76204718.07110469
139 52 8125260.358153234
139 54 73089304.32243614
139 55 44560764.87960265
139 56 96264799.54363966
139 58 7054330.613429898
139 59 10584044.873110672
139 63 18660202.148225624
139 64 173558477.10376608
139 65 57426305.14080108
139 66 1878042.662916951
139 67 47035618.237167545
139 68 27339388.11910526
139 69 41576051.17908974
139 70 187537382.90788087
139 72 140951071.90223306
139 73 12514750.612038288
139 74 29861298.091622945
139 75 59616286.96559542
139 76 23959196.70073557
139 77 15890072.12633578
139 79 27217638.442031424
139 83 42261906.49493344
139 84 83892384.22886911
139 86 49266539.3674309
139 87 10937945.764228264
139 88 12489553.217860492
139 89 45461947.125084564
139 90 511644.9093330105
139 93 3716762.4346259963
139 94 216611009.26740062
139 97 4081873.2234864654
139 100 5109263.218709337
139 101 37492729.41556707
139 102 794699.3662262016
139 104 5558221.07395244
139 105 89774770.6081471
139 106 155168715.94452065
139 109 121961.24775047642
139 112 6343963.237449275
139 113 92845501.42380619
139 114 78222730.58874114
139 115 15859889.883137202
139 117 54414534.60312052
139 118 78918372.98105207
139 120 6014.130522025952
139 121 18504476.679516647
139 125 47120891.3593058
139 126 16937970.61456203
139 129 9961686.557423914
139 130 20782653.057650376
139 131 253049304.57062018
139 133 47781896.887477115
139 135 6392212.718728985
139 137 23544264.88907094
139 138 24163714.46610165
139 142 3114336.208535726
139 145 4020741.6147616026
139 146 4107163.4122355296
139 147 47224283.86976045
139 149 11925699.865552125
139 150 10724342.972165847
139 152 10264818.441206401
139 154 11531193.493973363
139 157 67070181.49600689
139 160 11523025.575556347
140 1 22071159.861211054
140 6 950507.2069409392
140 7 2981474.8413050533
140 14 1055042.2117886632
140 19 2144522.1522397674
140 26 6390882.999438677
140 36 1972474.368169036
140 37 4498389.8497082405
140 38 7329324.057006363
140 40 8985395.398121476
140 44 66872.29401682342
140 45 5239895.9122381145
140 46 11114355.555644594
140 49 6099952.425264915
140 50 599912.7395921336
140 51 151504.86594013296
140 54 4764277.551812967
140 55 7775585.262408178
140 56 1906629.926589267
140 57 930391.845463993
140 64 12559710.880988888
140 65 2155390.563321675
140 68 6486095.124226882
140 70 7857156.600664094
140 72 14106989.057488257
140 74 2345974.8506123964
140 76 15489180.621651221
140 77 6493939.469270465
140 79 4454456.5926877
140 83 11358236.744948475
140 84 1030692.1685846637
140 87 1178260.633927145
140 89 1962991.4640545724
140 94 14566212.777711488
140 101 8331339.969482392
140 105 3440083.4345106515
140 106 2670345.975734268
140 107 7035815.99849518
140 112 234839.56519924922
140 113 2754633.2605560985
140 115 6781889.4683543695
140 118 1111400.1621793634
140 119 1547351.721092412
140 125 13271856.393056575
140 129 4504209.941441263
140 130 3312266.0475408696
140 131 17323181.55665057
140 133 2457543.716780575
140 134 7959345.255615045
140 135 1761483.727218279
140 137 2614936.843791527
140 138 20619588.078155793
140 141 2805691.4774864456
140 142 11705374.438075926
140 145 359998.13218425604
140 147 8223953.185107353
140 152 23804731.972719632
140 154 2427120.4448094317
140 160 10989068.968404967
141 1 2204310.9250442595
141 4 10121302.824926069
141 5 3223147.0437216247
141 6 226268.0789711044
141 7 8269597.073231368
141 9 26696553.29305144
141 12 3479511.824161329
141 13 6455059.416745791
141 14 24560321.962039188
141 16 3708410.138374291
141 18 21567230.599297605
141 19 9737874.123413166
141 21 2503589.087689558
141 22 3703699.015043351
141 25 4184777.046288918
141 26 25860411.27528452
141 31 13696957.032874148
141 32 18674783.183865577
141 35 8678176.848634802
141 36 3348131.1497628796
141 37 4588037.860925769
141 38 5486472.295975957
141 40 1286522.3601899308
141 45 696594.9874784244
141 46 16010644.067457927
141 49 2925321.495605455
141 50 194632.19069505186
141 51 1812626.2552426155
141 52 10528831.324128555
141 54 8426654.31849399
141 55 1125444.6721271626
141 56 9828290.084721968
141 59 2316435.0934896814
141 61 696171.3841731936
141 64 22425722.085183896
141 65 15754784.84058458
141 66 3404350.7203447283
141 68 6076705.051529579
141 69 11874098.255341817
141 70 12085008.232201746
141 72 8257070.352172324
141 73 5035911.309639669
141 74 457748.0328932861
141 76 12306537.798330987
141 77 1334580.8561847922
141 79 12795069.177468345
141 83 737102.7912032052
141 86 13642760.685626457
141 88 612117.3954115636
141 89 2097678.7682379545
141 91 2294575.6758704553
141 93 10718314.594261117
141 94 4887045.4298065305
141 95 11370331.806534523
141 97 6336007.315304978
141 101 10765320.843888583
141 102 1115317.9431127107
141 105 709509.8829030371
141 106 4638559.9845852535
141 112 3623793.7583432873
141 113 7224511.372093909
141 115 30238231.555214
141 117 26536.167447096417
141 118 5375065.746014438
141 119 3894550.961105837
141 120 26924.189468111377
141 122 1095891.2891893822
141 125 1025528.896357269
141 126 3451215.130503406
141 129 774386.3050713352
141 130 501978.12074942136
141 131 4041842.54764641
141 133 4430010.45053691
141 134 3246886.939928164
141 135 1827327.0210521223
141 136 2044308.2839914006
141 137 29911336.10478415
141 138 5866659.110288146
141 142 11585821.61308711
141 143 5100103.572295168
141 145 7394732.112031647
141 146 15568040.627765309
141 147 29209642.57850896
141 149 12482831.228727365
141 150 499766.7598459191
141 152 8905194.565766921
141 153 42761186.14512456
141 154 6515351.893401837
142 0 18969954.413421255
142 1 61304567.29949476
142 3 9367435.710515426
142 4 450899041.03369814
142 5 9034306.354895867
142 6 7945752833.332019
142 7 52514292.107733585
142 8 26773723.1081888
142 9 32361872.19249723
142 12 17259449.87407535
142 13 48202700.21088956
142 14 183287116.0258871
142 15 1090069.9607128284
142 16 18074149.229223993
142 17 410266.81108601677
142 18 1409152.6739442009
142 19 160065402.86627743
142 21 16238090.101585355
142 22 6321858.547401834
142 23 539965.8573533982
142 25 1836406.7165908453
142 26 3627721418.840167
142 27 12617592.948548118
142 28 368915.79443707765
142 30 205664478.140074
142 31 6322706371.359561
142 32 419881557.9685304
142 33 1515620.7306419818
142 35 19582617.69910399
142 36 5477466.975487718
142 37 257970769.16639963
142 38 29906390.443849437
142 40 3306468480.8068876
142 42 86280.07225867883
142 44 75591896.28390235
142 45 83436605.58521272
142 46 48643891.87315734
142 49 84002434.08673503
142 50 6930852.366179648
142 51 59776216.08401379
142 52 6487452.685772804
142 53 12594356.307636324
142 54 1457624644.0427718
142 55 28389453.21917643
142 56 85119163.81629696
142 57 1137645.9661114232
142 58 30855490.707601167
142 59 2397256.1537036537
142 61 145027.24133524066
142 63 66260504.56390765
142 64 6592876272.425848
142 65 660600694.3019373
142 66 33640604.05300911
142 67 171650588.11026722
142 68 94731917.2771058
142 69 486173223.2770062
142 70 1072135496.5766443
142 71 1842100941.0198655
142 72 435353088.82242626
142 73 222642516.2582086
142 74 894028240.5591221
142 75 3862834.449236441
142 76 4693150.672385415
142 77 113149922.14091761
142 79 957463621.8425344
142 83 2247117.300927496
142 84 14555980.730369782
142 86 133627057.92561264
142 87 3663624.0333186244
142 88 23019473.82808937
142 89 2147962602.374062
142 90 8221139.943506909
142 91 3432433.9743450675
142 93 3458214.933920006
142 94 1636819521.680937
142 95 1059332.3007701482
142 97 98356159.5994946
142 100 27664597.137407284
142 101 1831934130.5608785
142 102 65213397.898109786
142 103 47639310.04944907
142 104 4811479.722102238
142 105 28765715.44278283
142 106 1044553639.1944196
142 107 54303486.53182486
142 109 31056162.440477505
142 111 177777128.52102566
142 112 359630897.48096913
142 113 139976006.05966592
142 114 140635773.11718145
142 115 375188067.7032257
142 117 58433937.25295672
142 118 367758886.3824229
142 119 734576.6077312073
142 120 471523.720505609
142 121 212352.49235885203
142 122 1051310.89469107
142 124 1448792.2237475035
142 125 112386506.75973158
142 126 7371547.777543038
142 129 1720789303.3975053
142 130 159313934.0819511
142 131 37250427.72850415
142 133 2830272953.7274985
142 135 76957981.98229322
142 136 81598.86254823109
142 137 719526724.7438025
142 138 1635068531.3214986
142 141 45163565.173651576
142 143 2498587.4607820786
142 145 32016890.889333565
142 146 153752643.68624717
142 147 600527922.9783267
142 148 11749699.389322076
142 149 1230549.9258261474
142 150 180422439.29549137
142 152 11576094420.12322
142 153 64045748.33730328
142 154 1738644623.698585
142 157 39020956.06832328
142 160 1465600.2811125447
143 1 6170807.91915689
143 3 918662.892247523
143 6 1093825.3798512768
143 7 3078455.6362412786
143 8 621541.9961213967
143 12 5193752.95242977
143 13 6880424.617629407
143 14 6135477.730388165
143 15 36036.732885185804
143 16 14142779.808204686
143 18 2230472.109691824
143 21 8172188.628295321
143 22 1762807.2087079883
143 26 136231.73258494632
143 27 103373.85344833328
143 31 2078907.2341173836
143 32 3122528.3496231474
143 35 4740461.473947211
143 38 5084604.597814982
143 40 6540138.414097176
143 45 894333.7362450599
143 51 3313923.4069201136
143 54 4866395.333074267
143 55 13091230.235232823
143 59 48486.896540410526
143 64 1187826.7949460405
143 65 1038815.3926551517
143 67 6254635.940535207
143 68 1006637.692703138
143 70 6805363.942976687
143 72 3803144.2468957156
143 73 4651217.983613815
143 74 11072012.5621394
143 75 6467300.940977655
143 77 6114398.444776185
143 79 12083374.484413443
143 84 9665528.42028675
143 87 1638892.8436894766
143 88 1053169.2326618438
143 89 680431.2946511939
143 91 464132.170258811
143 93 16070270.719099099
143 101 1806949.7425861408
143 102 3707782.5112032183
143 105 576919.7879794514
143 106 2885927.563315095
143 112 107327.70369561514
143 114 10089983.693406537
143 115 3746467.0220057205
143 117 15712197.124942355
143 118 11267778.818499684
143 120 971555.5730466277
143 125 3140258.3131132973
143 129 12780127.23278802
143 130 871443.8587248798
143 131 6873133.014216484
143 133 3663767.3848171146
143 135 1520658.0479313235
143 137 6287316.762704548
143 138 1406997.3279251172
143 142 17634152.067328982
143 145 7277078.582133149
143 146 14406344.274128232
143 147 185160.36012192504
143 150 4619976.832326416
143 152 2426408.7971477387
143 154 17050314.586375143
143 157 23288998.857214823
144 7 1362333.944852902
144 14 1795173.1701549534
144 26 60798.002073254596
144 40 934429.8201556441
144 49 27148.23588907274
144 51 1221274.4982006198
144 54 581013.1956155811
144 65 14485.56487786058
144 68 49261.43607547533
144 71 918902.9982322516
144 72 314157.25559021306
144 74 87954.99883319251
144 76 43903.67605245868
144 79 924553.8865229151
144 84 418014.53793641384
144 89 976563.2644789629
144 94 191945.69614331363
144 101 835226.4590610142
144 106 388507.2636020507
144 129 1547158.5324115916
144 131 998543.1091213365
144 143 489843.6353588081
144 152 478127.5960113757
144 154 90254.52942060019
145 1 47751217.144342124
145 6 68738456.48570609
145 7 82605787.41895929
145 8 3086792.1135928296
145 9 5206816.394964334
145 12 20459907.997002292
145 13 6886453.218397272
145 14 3685555.8660232555
145 16 3201399.152586323
145 19 29438711.18260007
145 21 342979.68549567874
145 23 1037548.5316146073
145 26 16372699.692476718
145 30 58100854.90854171
145 32 19303562.94991659
145 36 15829465.21288968
145 37 32125056.488396488
145 38 59307574.12230392
145 40 39767055.50448799
145 42 2611312.746461495
145 45 30494106.053567898
145 46 28279857.183794145
145 49 45863938.23955676
145 50 4018798.4690798293
145 51 19062542.818988975
145 53 4961201.583109499
145 54 37203840.59916973
145 55 1733398.0525730187
145 56 37066151.16425484
145 57 157182.91420091363
145 58 30491708.932420347
145 61 7013706.1005253345
145 63 73271372.3536864
145 64 152322431.17450473
145 65 13188068.581149578
145 66 1560295.5578749126
145 67 61284133.62233902
145 68 11755267.351468006
145 69 18293870.690950904
145 70 77501366.1656442
145 71 54210966.52554293
145 72 11504574.757085703
145 74 16669911.656828577
145 77 26544142.297809567
145 79 53797520.5016614
145 84 18154441.880893666
145 86 80340492.35227785
145 88 28915437.306471504
145 89 74871689.37866819
145 91 10305109.033140482
145 94 47481059.444169015
145 95 7974230.218030568
145 97 91986665.42994301
145 101 53489676.251384884
145 102 34010131.77374891
145 105 84339664.04491253
145 106 62857028.24497529
145 107 3585163.2680200906
145 109 6239864.177787613
145 112 496537.9936626607
145 113 30010580.165724587
145 114 67673403.11255777
145 115 99227458.83046247
145 117 73399266.8360771
145 119 133421.1476956611
145 125 48883355.55239793
145 129 46239837.631887384
145 130 35155661.9319251
145 131 14364796.554842267
145 133 48866380.21342509
145 134 1445250.8366707787
145 135 1849519.9134574404
145 136 4467097.509599318
145 137 15593672.459036663
145 138 17274481.345444523
145 141 4259306.257370092
145 142 133873971.40064387
145 143 2781344.6618389077
145 147 22901161.523508463
145 150 39078040.89102155
145 152 10394924.78266087
145 153 4725307.449330569
145 154 68735023.475119
145 157 5848353.886262065
145 160 117586.87938272911
146 0 17140669.087390017
146 1 16146341.620144604
146 4 70992996.26613693
146 6 164546971.85991013
146 7 16652811.19953379
146 8 50510877.19305842
146 12 4626773.052785855
146 14 440465091.4216484
146 15 447741.9495330238
146 16 1007960.3616720954
146 19 119292851.2894299
146 21 85893975.04204279
146 23 302776.8038016636
146 25 8318999.605238397
146 26 38573733.08592659
146 28 2255544.244666489
146 30 221220139.68098283
146 31 40974242.16657951
146 32 31807415.201741718
146 35 43356666.22609436
146 36 23399179.361021504
146 37 92062340.62267818
146 38 31809920.207348526
146 40 147190264.06343496
146 42 1652547.0279982542
146 44 14190457.005096657
146 45 788397.0840944707
146 49 49562316.296726726
146 50 10648886.731439758
146 51 42962840.65850097
146 52 2728641.7851265464
146 54 24578009.160972822
146 55 43822189.790346324
146 56 25645277.337024875
146 57 2675304.769397931
146 58 177518574.67359737
146 59 5749196.916255718
146 61 833965.5472982198
146 63 6126183.291084273
146 64 25240718.51329288
146 65 220440801.26869056
146 67 78196214.98165916
146 68 121055568.43316811
146 69 44883373.40912284
146 70 296937466.889332
146 72 11532116.667262394
146 74 63913870.543908305
146 75 26435141.342550848
146 77 7215155.576953208
146 79 7412911.198387671
146 83 3862278.6470964844
146 84 29618414.604070045
146 88 2299809.2861972773
146 89 106906583.49474414
146 90 3530036.392101206
146 91 21608202.493976723
146 93 52187226.71049731
146 94 215502456.16088223
146 95 1056912.6950806729
146 97 65123257.46520325
146 100 2228189.2345348485
146 101 26437164.884142708
146 102 1783096.1095567355
146 103 189741.09730365226
146 104 8041661.585548848
146 105 82781578.19721444
146 106 14626701.603725562
146 107 39755707.78795329
146 109 3125562.5972747463
146 113 41924052.220022105
146 115 48373314.73553098
146 117 45263470.88188343
146 118 62784728.67700075
146 119 142344.27397555814
146 120 2167850.775565641
146 121 378867.6687654897
146 125 156299014.02976984
146 126 23763666.1387044
146 129 220735864.9290899
146 130 34727099.980579756
146 131 145087335.15701374
146 133 18205786.656552292
146 135 12681576.670104068
146 137 256160796.1785343
146 138 149857273.87892047
146 142 74101841.8016515
146 143 2407680.264114902
146 145 47242369.9146174
146 147 250008255.5875012
146 149 15994830.601918347
146 150 1425781.6584670632
146 152 174205685.0023273
146 153 61408075.84058707
146 154 166653611.4157431
147 0 17036985.64605041
147 1 22537343.38198015
147 3 9982429.49554099
147 4 684707011.4601283
147 5 758647.2326979486
147 6 376842982.5366742
147 7 356678866.27283347
147 9 41300348.17139311
147 12 6688341.31915282
147 13 151153033.5173062
147 14 801087504.8929781
147 15 3264276.139773245
147 16 1565124.9563265073
147 17 1824208.2008339067
147 18 5148842.41044995
147 19 181667018.70076248
147 21 4786585.46598528
147 22 7593255.752370661
147 23 5172085.187761222
147 25 1529455.3056524391
147 26 1501891261.4777083
147 27 2738736.2412611684
147 28 4191760.8041057875
147 30 150551730.12110567
147 31 5316077.925215431
147 32 37673827.67060112
147 35 181774494.26961124
147 36 23603470.09013246
147 37 67978756.9029482
147 38 20397135.334293842
147 40 380126647.76451284
147 42 4978139.743233022
147 44 145859477.1814711
147 45 22527355.230015133
147 46 2053870.8288195983
147 49 1479419874.9726415
147 50 32575043.73383246
147 51 1669728124.8451898
147 52 4589598.486378006
147 53 3122490.284332581
147 54 102719911.21798219
147 55 159346904.91434732
147 56 613195247.3194872
147 57 70184.1398971323
147 58 14318991.05491623
147 59 3978535.9604289196
147 61 17259389.608366605
147 63 53210050.87684981
147 64 877183286.2555233
147 65 212207139.3859722
147 66 492980.98594341456
147 67 119011042.45698503
147 68 40331889.77608111
147 69 167737524.46418777
147 70 98960143.05341841
147 71 428012439.45037603
147 72 415047842.631077
147 73 41909885.15310213
147 74 205522769.16073135
147 75 207229317.93801725
147 76 555680.8538967478
147 77 51376471.458413966
147 79 584003943.7356428
147 83 38023526.10824005
147 84 42419323.36475824
147 87 4216830.714915298
147 88 2606965.2202319936
147 89 74913710.30472156
147 90 4348724.01124795
147 91 3113539.7087610913
147 93 51352369.88872245
147 94 74763314.74052562
147 95 19741918.535113238
147 96 16658259.095346548
147 97 91224857.3066048
147 100 90466954.85007927
147 101 100629756.8246238
147 102 67985027.19172761
147 104 498345.7691432374
147 105 26911467.502837572
147 106 294720207.3696208
147 107 74668806.15848105
147 109 21744288.88781492
147 111 22300583.701055788
147 112 154628704.70050856
147 113 1399806929.9905574
147 114 42809460.6810885
147 115 28554568.673065625
147 117 223518691.0865973
147 118 303117803.8596926
147 119 2533254.9288455644
147 120 4109656.761648496
147 121 4143178.9798010057
147 122 1123473.1561463191
147 125 116215430.02266979
147 126 28011828.787673835
147 129 108350652.48074614
147 130 144078762.39458853
147 131 296571996.1754065
147 133 2697460137.791242
147 134 7198773.202193508
147 135 1972706.987769844
147 136 3152586.3564942773
147 137 462296299.62140363
147 138 175781164.39497632
147 141 3653363.1567068417
147 142 511109746.4260604
147 143 7451951.086302273
147 145 5689565.750542142
147 146 71324424.58079953
147 148 19858047.661632914
147 149 11603619.393130682
147 150 176394899.97949833
147 152 744714712.711124
147 153 14470562.583643712
147 154 808341805.962694
147 157 16870116.989379313
147 160 5159653.2982983785
148 0 124404.53112061053
148 4 25249023.853219304
148 6 7591788.938491728
148 7 6072269.606780146
148 8 19768965.854335096
148 12 10556608.575256547
148 13 18727396.59932348
148 14 17296866.267946012
148 16 3926052.6498020384
148 26 2795520.149751493
148 27 3230680.6396039096
148 30 32891289.860130426
148 31 5384348.878565517
148 32 109787091.77548243
148 37 12926503.374908645
148 38 3780578.994959733
148 40 21910584.644425657
148 45 10953169.568109954
148 46 13885054.54121686
148 51 6063092.897959349
148 54 22971680.151810177
148 55 4592430.75548007
148 58 4146166.466072311
148 64 3070686.8328835233
148 65 14621411.138838526
148 67 9015070.296996519
148 68 27744570.488970477
148 70 56138916.496489435
148 72 11881395.495921774
148 73 15529789.185439005
148 74 34905089.77996365
148 76 56801455.727084026
148 79 44802229.67651547
148 84 11151307.249976506
148 89 12058984.295397252
148 93 28250102.164217137
148 101 88405598.38888468
148 102 10288887.556165393
148 106 40619100.82347783
148 111 21780285.414342463
148 115 69191808.01005983
148 118 8553730.891271945
148 130 8516440.675962102
148 131 18014341.364785254
148 133 12162810.134505702
148 135 3190755.746632361
148 137 10035393.2337323
148 138 55422697.414953694
148 142 23070919.19774411
148 145 3984867.4656136385
148 146 21718731.108456794
148 147 9435187.304237163
148 152 16207907.15803567
148 154 42427391.396961085
148 160 569657.1671568456
149 3 1267701.7245173329
149 4 5788454.643171042
149 5 3660717.035798483
149 6 3368366.4294561343
149 7 534501.1270764759
149 9 5853127.219136138
149 13 3135007.456956711
149 14 4104084.5886133118
149 18 7005017.306203377
149 19 5066324.018487029
149 21 2434092.581114869
149 22 5470788.480342804
149 26 7348439.711424334
149 30 879145.1091439438
149 31 12025019.163053088
149 35 4253392.477304741
149 36 1324536.533989998
149 37 7956983.80627829
149 40 220249.45920949255
149 45 3458493.933355815
149 49 18961747.77137682
149 50 1791428.4640783605
149 51 6096593.746502217
149 52 1386939.6709259197
149 53 4757216.662793594
149 54 12436717.304460201
149 56 4542892.149247189
149 58 8607306.805220295
149 59 9325243.25248043
149 61 1934816.407966802
149 64 2167925.7428761683
149 65 9828043.33487873
149 66 24250550.704266608
149 70 1904961.0160718895
149 72 5487860.931792889
149 74 860319.7805392508
149 77 9164677.626633806
149 79 8400435.871040814
149 84 6731542.263526883
149 86 4712380.818508512
149 87 563460.7337759424
149 89 6066751.734952902
149 93 7946153.728494539
149 94 2571605.3357416913
149 97 7879858.785348217
149 101 16511.767085945587
149 102 528002.7357730085
149 105 5110139.540911281
149 106 6404475.392467206
149 112 4341046.324901176
149 113 4509995.439961409
149 114 5287631.463809933
149 115 10928399.32909061
149 117 3373355.875559754
149 119 1223700.9420954527
149 121 3057903.532762925
149 125 4571847.317938775
149 129 2612493.692083018
149 131 8110511.659328893
149 133 11318691.697466427
149 135 3156545.6549667674
149 137 1320687.453943038
149 138 6234256.381059322
149 141 2842893.025180416
149 142 6722848.84212148
149 143 2455303.7313338206
149 147 11518316.256986875
149 150 4054934.159323088
149 152 29432684.649758663
149 154 1176014.5390399792
149 160 2606339.7514896155
150 0 6346974.362366016
150 1 189506052.96234483
150 3 61400.34576918533
150 4 37928012.51426963
150 5 10139020.588249814
150 6 123625247.24754457
150 7 22854289.768031966
150 8 23015979.725432772
150 9 36230522.136774905
150 12 43082676.150793314
150 14 17729759.56249711
150 15 12510911.869669106
150 18 4221404.506296232
150 19 184205189.84141508
150 21 17766899.937316265
150 22 3705981.904510464
150 25 4298036.028754089
150 26 1108735572.6623244
150 27 3062272.4306640113
150 30 26679909.51474726
150 31 6914016.472221476
150 32 63674215.999932036
150 35 133222005.53121863
150 36 1724745.6037346069
150 37 27674464.993866358
150 38 19724307.39841169
150 40 350530524.2813733
150 42 741840.9615245924
150 44 2191268.594121504
150 45 18763695.529137004
150 49 741752.1218458116
150 50 11722528.223365957
150 51 123940233.8604485
150 54 220907039.0680823
150 55 210013.0942580663
150 56 407298855.1767323
150 57 456741.6052988792
150 58 102248944.9181499
150 61 2470519.0010518953
150 63 2899437.01355657
150 64 769984045.7502892
150 65 224476476.45906723
150 66 31500039.405121624
150 67 8156664.108893774
150 68 5588967.719211595
150 69 146012151.41600764
150 70 1080944206.9274719
150 71 71218202.17651635
150 72 247487198.0085513
150 73 67326789.21614766
150 74 32132107.20419901
150 75 5581075.542456346
150 76 31598614.935275763
150 79 221756642.66448274
150 83 20020908.09331523
150 84 44139918.34387749
150 88 537229.3530511822
150 89 81389301.30847302
150 93 12531941.027233602
150 94 192902747.56609803
150 97 104497793.5095877
150 101 363628972.4098267
150 102 132972045.8378025
150 104 2115131.9101647725
150 105 7962160.496465266
150 106 31317565.03930344
150 107 84036017.40313494
150 109 79978491.80683912
150 111 44429921.81947724
150 112 35352703.54497564
150 113 250004087.95171326
150 114 733398293.9141686
150 115 251743705.57854855
150 117 72430431.41957398
150 118 207838706.7594408
150 119 5473552.924006696
150 120 1918846.6838711868
150 125 16568934.03549488
150 126 48174940.698266335
150 129 164664268.6603241
150 130 33465103.113795698
150 131 9841082.758134834
150 133 126773540.64236295
150 134 67788067.58087704
150 135 3178382.703812835
150 137 289658540.4761948
150 138 113045515.95107031
150 141 66161.12221685545
150 142 21572030.910563514
150 143 14931741.360750223
150 145 33882402.829679415
150 146 269933503.72225976
150 147 477786511.6474573
150 152 26638301.97262421
150 153 69754574.43166378
150 154 24079087.13258631
150 157 384026909.2156626
150 160 9464662.485581387
151 0 26740773.13610436
151 1 152520674.60623088
151 3 1512449.8561230237
151 4 2409292.5253729885
151 5 1646548.4282770928
151 6 143334298.3260474
151 7 208389165.86770105
151 8 17291366.7247172
151 9 17612860.22229848
151 12 453793.66396149114
151 14 132337642.35481434
151 15 9746872.13655322
151 16 1967063.4226292544
151 18 14088756.68443084
151 19 209667379.22931206
151 21 28000684.195172973
151 22 4030848.910793844
151 23 662485.4582847361
151 25 38856699.39509574
151 26 95394668.84849067
151 27 3011518.646156123
151 28 2888779.3452797895
151 30 18867430.213557627
151 31 298008135.53004944
151 32 255936922.23364383
151 33 1392050.7189535757
151 35 62251671.64326939
151 36 55619394.95035257
151 37 74743414.99892163
151 38 14540886.79414256
151 40 364493190.2027116
151 42 2797930.5159554156
151 44 4975495.06660877
151 45 18381916.62960911
151 46 26467227.651739545
151 49 869550071.176448
151 50 7284376.603127543
151 51 461273703.5825004
151 52 17565718.81435551
151 53 93048.87093015287
151 54 6232261.228211863
151 55 13899680.166827764
151 56 186176915.3662677
151 57 3257158.4324199627
151 58 8017278.922574197
151 59 653819.579348962
151 61 4777440.378575336
151 64 934276866.5366664
151 65 145243531.0922656
151 66 30958304.194216695
151 67 835826686.6550192
151 68 77762261.81660192
151 69 83238377.17892726
151 70 10066565.097883929
151 71 238748673.43519735
151 72 272232796.07846665
151 73 6775580.699800946
151 74 338601983.1242812
151 75 13253892.327139663
151 76 2978863.8758441564
151 77 30386999.015143372
151 79 85397343.53388257
151 83 19259220.06426922
151 84 6601659.391023033
151 87 2290295.617800442
151 88 299558.6623390891
151 89 435187315.13415277
151 90 2469977.534145125
151 91 2076918.6057380247
151 93 55504677.585330315
151 94 652631704.1735231
151 95 1289170.2690625559
151 96 1485224.7566898456
151 97 198169449.86298925
151 100 50512469.47104104
151 101 52963291.364517614
151 102 253730964.1729968
151 103 5094609.2183312485
151 104 1680445.6180952822
151 105 40170286.92301582
151 106 409808235.270043
151 107 9353625.637796946
151 109 39109396.61581769
151 112 65629306.379303575
151 113 381967420.81771404
151 114 615341901.8975356
151 115 444910583.2786721
151 117 84992072.69247906
151 118 222763012.4734216
151 119 4902897.593421484
151 121 407710.62236621376
151 125 126125400.53792945
151 126 39262188.1633228
151 129 120411607.24332798
151 130 210389559.0879391
151 131 80613125.373868
151 133 84351576.64848308
151 134 231975704.9944076
151 135 3816549.220011959
151 136 6275472.671874003
151 137 442391617.27122647
151 138 176903837.73291582
151 141 7452606.133455478
151 142 356262537.1449167
151 143 5722926.097508879
151 145 30000961.052486997
151 146 10080535.55026107
151 147 517721648.0423478
151 149 16486088.798766095
151 150 48607475.32656056
151 152 149163470.14712954
151 153 576155.2057589658
151 154 27828731.17729665
151 157 62731644.38300603
151 160 20277366.210034486
152 0 88365.46662921984
152 1 32484594.33860051
152 3 3721006.2920904225
152 4 202515484.02062738
152 5 3424389.13211401
152 6 1554274936.1917605
152 7 585770697.9648125
152 8 20485135.96698218
152 9 25687743.011721086
152 12 47291619.78368721
152 13 37536625.27443966
152 14 330409987.99656516
152 15 2202930.027834913
152 16 23711358.156758085
152 17 16014140.178006155
152 18 32121544.13217581
152 19 1208448223.2899144
152 21 104141636.48135847
152 22 30036681.193360474
152 23 1042599.6417778367
152 25 20290334.59340937
152 26 63199908742.57186
152 27 239199.84969389995
152 28 2891508.256927956
152 30 94637521.61449936
152 31 6565789658.050541
152 32 98206524.78405914
152 33 1007120.3938211313
152 35 98549230.00068791
152 36 121897866.44389436
152 37 150161617.77541205
152 38 66768162.195710406
152 40 1134773617.5337834
152 44 51519798.847428486
152 45 127918014.21541996
152 46 33561956.29554784
152 49 484274857.0933625
152 50 12103911.832259696
152 51 25114434269.90495
152 52 14482585.032251861
152 53 4085963.745429122
152 54 6314923831.309532
152 55 22046632.680042725
152 56 58919608.071169496
152 57 25767.295905391766
152 59 1616307.4908899309
152 61 24318480.70593665
152 63 60761654.94459163
152 64 131288516.77602997
152 65 1285013013.5536032
152 66 15143532.734023856
152 67 2051771390.937536
152 68 7082494.044013808
152 69 153376788.59352666
152 70 2892139952.844082
152 71 1018400890.703067
152 72 2737511447.168344
152 73 88295337.82646558
152 74 7414176.801403824
152 75 27748346.29198657
152 76 79116827.91141121
152 77 38675170.10476771
152 78 2434322.857134812
152 79 2578364414.834932
152 83 12291080.668785146
152 84 134693960.89150736
152 86 9197244.483275933
152 87 5997792.311932895
152 88 5388086.967176778
152 89 1887037861.8699746
152 90 2241205.3651189012
152 91 9426147.607196886
152 93 40194290.390847065
152 94 2335060079.221369
152 95 370785.31138556224
152 96 28175901.592852674
152 97 767144878.1369997
152 100 145284548.0633769
152 101 1122727608.8500953
152 102 119786882.20434947
152 103 1739545.2472000364
152 104 6790190.291643481
152 105 2317244.665652365
152 106 758655542.1490258
152 107 32685149.94926493
152 109 16983515.441551607
152 111 28128137.209653027
152 112 661320787.2602053
152 113 341396299.1856179
152 114 657654919.9852068
152 115 739489583.4523009
152 117 450700371.9127644
152 118 151692560.07056144
152 119 5805200.731256299
152 120 4033053.6617173967
152 121 2418300.686950995
152 122 85719.80449937377
152 125 1053690505.8366181
152 126 30365797.422062334
152 129 10529614438.825314
152 130 795424960.9657866
152 131 116248822.19078234
152 133 17197719402.290653
152 134 168744900.44658217
152 135 6666487.439830121
152 136 1097788.1824361633
152 137 806461767.6302663
152 138 1261894715.260023
152 141 24668131.47771945
152 142 1444018044.3127708
152 143 9283683.011731835
152 145 6621887.313504641
152 146 416993734.8412315
152 147 276937823.7066592
152 148 47566982.34895161
152 149 13347089.592055129
152 150 110603632.34259382
152 153 39701111.204853974
152 154 136296938974.9949
152 157 221989783.67667547
152 160 10393689.061993325
153 1 32680515.897541136
153 4 29365549.050074093
153 6 20103548.480587985
153 7 2933150.7449591816
153 8 30669702.901249435
153 9 2481197.928092551
153 14 2051455.936771489
153 16 13537799.115641251
153 18 210940.12038796322
153 19 264231.7839768954
153 21 61058266.78687988
153 22 6359097.907628034
153 23 889972.0914354158
153 25 6389207.850435892
153 26 41787452.5925671
153 27 4752531.416224605
153 30 34922422.199042164
153 31 7135884.823160333
153 32 33888449.304135025
153 35 18579267.284861524
153 36 16453718.314718341
153 38 12928905.015210155
153 40 30279110.383371007
153 42 412503.26653672976
153 44 20080091.9357095
153 45 18079048.94272106
153 46 50538572.15661683
153 49 57961191.12324419
153 50 787640.9543206934
153 51 284030.3954675567
153 52 5301109.102313251
153 54 17884487.963831287
153 55 54670885.33302079
153 56 8080421.419345421
153 57 446065.5137288901
153 58 27940645.43962656
153 59 5176616.539827102
153 61 22838956.30944527
153 64 85666380.9613358
153 65 22242026.391848717
153 66 21565221.67357125
153 67 54758144.79284761
153 68 88329815.86679888
153 70 31608054.57191888
153 71 21946707.589152813
153 72 10106230.978262134
153 73 12937132.168972438
153 74 25255235.159217272
153 75 12736746.011445465
153 77 23818314.6503152
153 79 12203474.310989555
153 84 18399540.144713692
153 87 5623086.901941446
153 89 141578092.8505545
153 91 1851325.5963254804
153 93 1273845.8894807834
153 94 124431089.88620532
153 95 6460183.790223382
153 97 4480121.11901705
153 101 126014308.60380884
153 102 6158681.067370512
153 103 4410922.645803252
153 105 1744563.2534771706
153 106 58522758.251742415
153 107 15998770.726296594
153 113 87572383.30599087
153 114 51656210.906142764
153 115 19780556.8088398
153 117 11925477.902861306
153 118 16790741.27906711
153 119 2587952.9585335734
153 121 6748495.805011222
153 122 917965.464005685
153 125 48725061.57253009
153 126 31138556.51564361
153 129 229982101.9213973
153 130 145401013.22025973
153 131 20174413.840081573
153 133 56889287.03851185
153 135 5198993.610607962
153 136 17878869.404907376
153 137 52351806.749591336
153 138 37721213.39625536
153 142 5108131.642157274
153 146 29933197.72624428
153 147 22350617.732480537
153 149 18594054.258691404
153 150 31457914.905197978
153 152 14645727.918128297
153 154 11531444.457801426
153 160 1930800.3772917234
154 0 6101327.908989038
154 1 68281499.0557521
154 3 4915630.386559195
154 4 84030585.33372815
154 5 3320207.268794552
154 6 4327490915.977262
154 7 2888325866.2297664
154 8 4729453.359142355
154 9 102297499.20420027
154 12 29701442.52502269
154 13 68397063.51985382
154 14 1967775372.105055
154 15 2082499.981935197
154 16 1951421.792374803
154 17 4073404.006937864
154 18 30831696.27759362
154 19 2035779069.1465576
154 21 46412188.216738954
154 22 9551565.39043054
154 23 176883.59565177522
154 25 8819780.564058457
154 26 37840188697.42383
154 27 192123.09263240438
154 28 66311.68432853042
154 30 168717794.94530326
154 31 655380434.1886457
154 32 202896660.33070564
154 33 2022493.3756494045
154 35 123437466.48052981
154 36 14841934.933091592
154 37 33488378.34284432
154 38 19514041.37049497
154 40 4309762391.269399
154 42 1480866.8519969154
154 44 35676728.887974456
154 45 2099312.714316168
154 46 129716354.04011448
154 49 837301172.2653705
154 50 18555844.990099687
154 51 123935257706.54298
154 52 3471173.9880993436
154 53 494976.8862474485
154 54 47057028531.35382
154 55 33659300.24612788
154 56 1217324740.8394957
154 57 800194.5160026128
154 58 78689087.12540378
154 59 14336799.718857002
154 61 2418996.345598954
154 63 15371390.456310386
154 64 7089904.937430806
154 65 238347156.1390076
154 66 24879975.07439771
154 67 480303209.7300154
154 68 212843593.0775429
154 69 306181198.5347816
154 70 881927635.9302084
154 71 270460779.70737916
154 72 26360926165.51254
154 73 3126917.6499348455
154 74 18833716321.734055
154 75 35642744.63329122
154 76 60934440.114847936
154 77 733797.3863168418
154 78 3627815.5954468236
154 79 14846623899.185524
154 83 136123077.59799337
154 84 54232084.288019724
154 86 79057323.11578593
154 87 8734863.568741238
154 88 15180228.34515007
154 89 2476264091.2454457
154 90 6375796.232614765
154 91 7766144.688859437
154 93 1598023.6555659398
154 94 216650911.1062042
154 95 330921.3046775268
154 96 2301490.9320305632
154 97 521480076.27798843
154 100 6932006.569424901
154 101 16165975207.274017
154 102 15379051.967449553
154 103 18600998.27155367
154 104 4952727.795648473
154 105 43049235.99641457
154 106 1414968341.4157028
154 107 51444483.46822369
154 109 2879056.355222546
154 111 13274575.538759692
154 112 201002417.35312554
154 113 1252016167.0051947
154 114 244635768.13338882
154 115 171745637.4054899
154 117 108727811.8079524
154 118 2759419688.7089195
154 119 4040818.123089448
154 120 722627.5415523527
154 121 11524313.779611275
154 122 976362.7104377162
154 124 2227290.053264698
154 125 137073064.23361254
154 126 694610.4869731076
154 129 2500106477.302554
154 130 235337742.11604255
154 131 1295270607.2193587
154 133 767120183.7221172
154 134 58619913.741310015
154 135 2283670.085884155
154 136 3130000.5239690803
154 137 3797847165.730863
154 138 2162869541.6215396
154 141 10720924.853258256
154 142 1523382472.8771112
154 143 14638025.047120309
154 145 38751544.867794625
154 146 182098411.00839645
154 147 319987541.2051974
154 148 11403666.848300142
154 149 20380242.5509739
154 150 366188315.86176604
154 152 66679080671.46492
154 153 47841026.36211686
154 157 448081579.1294429
154 160 858577.1774905253
155 4 149951083.52950928
155 6 30374178.774205133
155 7 39472804.294615224
155 13 21204140.303849667
155 14 36843798.162758246
155 19 2999151.0844074674
155 21 155428375.1705786
155 22 2535776.275144733
155 26 241982147.48082012
155 27 10815841.979720484
155 30 1556275.946253018
155 31 139050733.2472858
155 37 91763407.40460345
155 40 12494249.82478566
155 45 15821405.701493293
155 46 91757590.20431492
155 49 7097407.834875138
155 50 3149865.8409183016
155 51 90845995.46286723
155 52 1821311.43708404
155 54 16937255.707140062
155 55 70555381.40109774
155 56 132495887.74763867
155 64 35445801.33446818
155 65 206504698.08932948
155 67 17535728.537920646
155 68 11034956.783285331
155 69 1343409.655397683
155 70 21678907.457754835
155 72 111843554.1254703
155 74 53788384.874059446
155 76 491150.40517304715
155 79 134343375.65929633
155 84 6424860.757940334
155 87 7989758.48128963
155 89 29359281.053253707
155 91 3437224.207907953
155 97 5976092.860588237
155 101 179064073.43593046
155 102 39047879.30993301
155 106 31297633.339987278
155 107 6764339.020465126
155 112 77550929.10456327
155 114 18160162.05616724
155 115 38269249.224266484
155 117 43719400.15214483
155 118 78990616.95944077
155 125 12087985.180391995
155 129 69050216.276585
155 130 48091342.081639856
155 131 54851027.62852171
155 133 35508623.3181907
155 135 3184294.9314725637
155 137 86286349.13913539
155 142 25828479.98276624
155 143 2286971.428023636
155 146 7839485.991239746
155 150 99667530.44180553
155 152 28739698.531237304
155 153 43067733.73144366
155 154 28579361.03621391
155 157 12848877.638465872
156 7 854728.8020611666
156 14 1164513.2421595745
156 26 3179280.2020464377
156 31 426676.76689523546
156 51 3355125.7081568954
156 54 214073.165279485
156 56 2768251.3553936277
156 65 252797.32200421966
156 68 1634149.6787350937
156 70 438359.48392496107
156 72 1224699.2734973321
156 73 1289005.6121647484
156 74 2787997.895739876
156 101 723294.0860242869
156 106 34060.2665670118
156 118 117581.29523936569
156 129 378850.2699947976
156 133 367995.143539108
156 138 1190848.28059971
156 147 3285897.110447032
156 154 1227719.9685224919
157 0 16891896.653884936
157 1 57597578.53511091
157 3 3048187.510916634
157 4 192777811.93162
157 6 444222763.4799192
157 7 192244825.13223934
157 8 1720068.9005881362
157 9 3780177.608069363
157 12 3977192.29275498
157 13 13872554.863040362
157 14 9850193.190671612
157 18 65315973.82624225
157 19 236720784.231302
157 21 110897844.19096279
157 22 39100880.73809917
157 23 1060532.453623535
157 25 55451709.5146584
157 26 175152689.70364717
157 30 296846721.20547426
157 31 76659687.40377082
157 32 24147197.25837832
157 35 107142655.00843711
157 36 46747864.07878416
157 37 67528075.59902392
157 38 139317603.53113404
157 40 374616272.38239527
157 44 46767926.16978007
157 45 221369420.18094447
157 46 169776151.48916367
157 49 120177684.98658074
157 50 2805056.0260658297
157 51 500659397.4118598
157 52 4795396.850140053
157 53 1386516.0431172946
157 54 389110858.2957316
157 55 5315606.823004871
157 56 61684284.249929674
157 57 1427527.7305928958
157 58 7753002.514198795
157 61 4530462.746447521
157 63 56300463.0996566
157 64 109290372.88783945
157 65 252288338.42804757
157 66 17299801.808210872
157 67 225741852.00119546
157 68 17339578.369061846
157 70 209413298.7578426
157 71 329971066.5409194
157 72 66045069.72075623
157 73 41121209.14368855
157 74 12800330.70996807
157 75 9802431.084278874
157 77 104450089.76589842
157 79 92201398.8176376
157 84 86267457.86734748
157 86 39308803.44224228
157 87 44703.95653591551
157 88 4630341.007753045
157 89 600630.7157814134
157 91 851360.035044585
157 93 8062690.689765336
157 94 6504718.387412995
157 97 73044475.45921628
157 100 22669677.903651107
157 101 110692850.03836252
157 103 13762357.472008565
157 105 7390547.832362426
157 106 217240872.22837216
157 107 40659731.69382742
157 109 7857491.148137061
157 111 6380891.398647794
157 112 10741025.03150455
157 113 156887919.45690176
157 114 52745133.18104833
157 115 80004607.41962978
157 117 55616273.90551691
157 118 183641491.58640826
157 120 6125556.593941341
157 121 973738.103799427
157 122 48726.70909402377
157 125 413912201.456016
157 126 5953446.027607372
157 129 624509563.179772
157 130 178853133.5592466
157 131 138203714.7985974
157 133 344190285.334646
157 134 26143575.801875878
157 135 14227543.08897824
157 136 2609346.9405960054
157 137 382290168.1869156
157 138 41833342.89512811
157 141 36044096.62815523
157 142 427884258.81330854
157 143 11416875.083283849
157 146 26884013.36772715
157 147 26250621.62744008
157 150 166529599.4400124
157 152 79430683.51523778
157 153 128613325.30979624
157 154 365504033.34190863
157 160 9696540.785848027
158 0 996247.241717615
158 1 71850158.05217619
158 3 8780.700118893143
158 4 98939559.74699347
158 5 3976110.444327003
158 6 95970918.40874694
158 7 141983734.70726156
158 8 7675359.335148815
158 12 55165642.92226945
158 13 123722520.30734603
158 14 225902948.33711353
158 15 286969.9339233051
158 16 5424471.338320183
158 18 20284855.479183644
158 19 353356676.56177646
158 21 6859608.213213177
158 22 6046883.810478242
158 23 45320.049933826675
158 25 11458894.144795347
158 26 38715723.27524829
158 27 6594531.597097313
158 28 3594804.3243060093
158 30 22943651.750321012
158 31 18695798.868251882
158 32 155361272.3475415
158 33 373293.72497545375
158 35 20219260.8004542
158 36 5487122.272133332
158 37 10695991.03275172
158 38 42480067.78445097
158 40 347987020.59792566
158 42 483874.22811911616
158 44 73135171.30089238
158 45 106356375.49029621
158 46 54611758.87011752
158 49 467916242.7839152
158 50 2833017.7164919884
158 51 22281907.13564103
158 52 17256556.788269453
158 53 366288.31204081245
158 54 177464578.03226823
158 55 75650440.62116049
158 56 520207043.696362
158 57 481516.36200136016
158 58 59478637.83381354
158 59 6341468.40854901
158 61 7295812.917799168
158 63 27954236.968194827
158 64 567310856.4138798
158 65 147999197.4490067
158 66 11587950.314945275
158 67 314569737.2458631
158 68 150392701.77894503
158 70 102141983.02825752
158 71 290852.4819906086
158 72 68608618.81215678
158 73 28900907.748631448
158 74 4638847.114981634
158 75 9173802.632960046
158 76 41149815.867605366
158 79 428382315.019362
158 83 23093095.439027295
158 84 22278492.458186653
158 87 28328046.4487488
158 88 321570.6930561542
158 89 129116040.01283446
158 91 1940498.1882232889
158 93 117220944.40865244
158 94 91885753.29804513
158 95 4278945.587944953
158 97 20223281.0143582
158 100 52235724.52609401
158 101 187270679.74281856
158 102 203813732.79953444
158 103 38799874.505114645
158 104 2456906.6010084134
158 105 12716871.611515779
158 106 35725109.803567216
158 107 7611637.622057375
158 109 61790442.64310958
158 111 22570446.678955328
158 112 74931739.78505532
158 113 69418656.50862135
158 114 11043921.97139341
158 115 366396490.9186055
158 117 72834809.65214069
158 118 108413813.6489488
158 119 1321088.1659164827
158 120 4291825.290177049
158 122 7525636.206497476
158 125 250571285.97148994
158 126 27019115.5564348
158 129 601809192.695456
158 130 143538862.56141987
158 131 92367495.67545934
158 133 288014753.9432967
158 134 53187903.9120361
158 135 3502146.466876053
158 136 4182141.494015804
158 137 357193653.3106111
158 138 39664244.27590097
158 141 10765890.541859522
158 142 48528853.423354894
158 143 12017632.420225693
158 145 41577731.76083858
158 146 113434504.47532934
158 147 82780093.42024411
158 148 5715981.580195506
158 149 5240964.35475742
158 150 78794655.9050012
158 152 285494642.5360903
158 153 1624809.2694546196
158 154 92584083.29823181
158 157 277231880.47229224
158 160 18692763.34850807
159 1 211055082.07134536
159 4 11568329.799811589
159 6 8973508.569385102
159 7 3003181.445193458
159 12 10553451.593682319
159 14 105121392.89149944
159 18 12219245.825897664
159 19 702294.5580173505
159 22 3812942.3703437475
159 25 54645679.121550664
159 26 15959091.768568989
159 31 64709155.02463727
159 35 35731848.29497495
159 36 26213618.55498915
159 37 9460251.083508927
159 40 11533492.540985614
159 44 12347000.598728713
159 45 25744286.641389757
159 46 22316575.978646986
159 49 80919256.44082525
159 50 64273237.05781737
159 51 41766766.10773078
159 54 78221170.22906317
159 55 25128817.506744575
159 56 73241136.257544
159 58 47227073.110498145
159 64 22460880.581896067
159 65 5203478.854188847
159 67 34379337.201830566
159 68 15293609.996883085
159 70 104702300.87424746
159 71 78497810.17888874
159 72 57000638.2018364
159 74 57855809.62667742
159 79 31628386.9304672
159 84 60982616.63969421
159 89 62600531.563296676
159 94 16279643.63053995
159 95 2836081.9023303557
159 97 10447820.659081273
159 101 37301312.17448948
159 102 49398133.350717835
159 105 10203684.03566514
159 106 11320890.732662821
159 107 4628408.064659654
159 109 52123202.87106297
159 113 77329404.05531248
159 114 3069707.439436609
159 115 52063722.65692287
159 117 150677797.43703103
159 118 1349294.0266316375
159 119 4501845.134570808
159 125 56368482.247850366
159 129 52429675.81530614
159 130 7868973.370160542
159 131 29508127.73038285
159 133 67695222.84198444
159 135 9450455.009622317
159 137 22512019.64673873
159 138 29106821.020297345
159 141 9576924.72070049
159 142 23838176.125993785
159 147 69165190.88018696
159 148 1531181.1153473202
159 150 41902384.88917474
159 152 16328153.473311733
159 154 20896991.45215524
159 157 9497782.178238487
159 160 16241845.50525733
160 1 6682535.93848895
160 4 3430063.0116901174
160 5 55770.493744704116
160 6 2830016.9602141655
160 7 10195095.75067667
160 8 5542583.065175587
160 14 13185430.145412982
160 19 12049538.140621213
160 21 1517885.7218530024
160 22 1515866.4538453738
160 25 2677204.1977495197
160 26 5110583.862710557
160 31 4917533.834573423
160 32 9129211.748411376
160 35 6887929.220045485
160 37 28451871.682711214
160 38 3800778.1881181686
160 40 15151442.693748567
160 45 3701419.1715309694
160 49 23783355.533548396
160 51 41135946.664845
160 53 146487.29281188265
160 54 13970445.651848251
160 55 5885604.611280782
160 56 4604797.682393903
160 64 49771238.64940864
160 65 8952034.752730398
160 67 5759668.352567797
160 68 17165389.106590517
160 70 23983496.048604585
160 71 7560718.894971705
160 72 25159665.219631467
160 74 10377440.920711696
160 75 7733013.992409957
160 76 22507530.88695292
160 79 3186055.220969774
160 84 19531846.248604655
160 89 15870262.703129029
160 91 5763575.383560526
160 94 5059114.084421533
160 95 4616609.32069538
160 101 1123262.7231132668
160 102 18576330.016584076
160 103 1392568.2778570242
160 105 38520740.446972646
160 106 15397140.43255195
160 113 2206508.163169713
160 114 10846919.417377507
160 115 3280326.1024587792
160 117 9027437.12970108
160 118 33523642.998601597
160 122 6211503.864428707
160 125 4723158.193328208
160 126 4818582.229722078
160 129 7606957.430897209
160 130 7055597.901197102
160 131 4647985.464637277
160 133 3968713.486752987
160 135 2915649.502420543
160 137 10954248.956792485
160 138 7779117.01881169
160 141 15864382.22457269
160 142 14737873.720193814
160 146 5438161.056038879
160 147 5837075.941990317
160 152 594169.6065404409
160 153 3571345.943440788
160 154 16503612.557372635
160 157 5944174.966448657
161 0 3881032.063111361
161 1 32760696.39304735
161 3 1712899.2887130447
161 4 36040315.29898288
161 6 57471132.19857515
161 7 134569856.92965433
161 12 1688545.2144569492
161 14 46228901.30616998
161 15 86219.9515896947
161 16 15431617.976153413
161 19 37978491.564345576
161 21 59414987.656329006
161 22 22648312.49348683
161 26 162124010.0599754
161 28 768985.7654122736
161 30 17275551.451627392
161 31 52205258.146935
161 32 57560268.93060452
161 35 897554.4909268663
161 37 1119540.2783026763
161 38 6072637.1834764965
161 40 11640808.59260851
161 44 541629.9969759943
161 45 15938177.739932518
161 46 14577554.148034219
161 49 12509918.394965723
161 50 5140193.448730612
161 51 5512624.828129902
161 52 10722124.760192182
161 54 27364846.673020516
161 55 44498062.89875613
161 56 31133524.145723958
161 58 7951032.115790697
161 59 282356.4189042621
161 64 3808385.64811153
161 65 48730675.44825109
161 66 11005153.076377966
161 67 10895444.932453798
161 68 43270340.65419174
161 69 19299217.463954404
161 70 8497985.443017486
161 71 9590470.201352373
161 72 585000.0648177193
161 73 12418750.668765327
161 74 53963093.506259836
161 75 15685739.71196212
161 76 6020871.058875025
161 77 9477990.868293464
161 79 18994326.181389913
161 83 2037935.487942608
161 84 2486220.8602443845
161 86 40367717.6852937
161 87 1373882.7730307097
161 88 12584835.332042014
161 89 34828359.45396054
161 90 2936624.6504444215
161 91 9434668.56849093
161 94 70137720.85853311
161 95 15925477.927106323
161 97 46023834.032695636
161 100 5731602.956643264
161 101 9628490.444466604
161 102 48696118.28222698
161 103 3081916.5940266605
161 105 4435630.863226621
161 106 7946704.913394158
161 107 21667384.375464436
161 109 36349695.96345664
161 111 19826996.221330896
161 112 108143681.943284
161 113 32842139.15623419
161 114 929896.7733564895
161 115 55358296.055096254
161 117 29600886.01495644
161 118 31632005.561372813
161 120 1412675.155784335
161 125 74187596.6146513
161 126 19185615.463866994
161 129 26174288.26801297
161 130 19855614.071640998
161 131 13226570.598068163
161 133 24018222.330569472
161 134 16987517.54296777
161 135 6833860.168803425
161 137 3422603.6996985544
161 138 62592423.90285123
161 141 2673373.7657158845
161 142 3397215.0981382197
161 143 6767706.868844643
161 145 49617299.949047916
161 146 23900494.87086991
161 147 6674574.238227006
161 149 4650135.96925792
161 150 21351542.510750614
161 152 33485188.356225956
161 153 12005394.715308135
161 154 5557550.397021389
161 157 8267375.496287024
161 160 628668.7507404129
