0 6 881174.1014728601
0 7 3663905.40856856
0 20 1957383.2013785774
0 26 789519.9165423432
0 30 3915293.1762296
0 31 2222125.4895234415
0 32 5194830.642358227
0 35 822064.2458547454
0 37 1391610.3513404264
0 44 3715799.6593183037
0 45 2699492.825299318
0 49 7207818.765454249
0 51 6151308.360842422
0 54 257101.19840498315
0 56 231897.25595498804
0 63 5752659.5927944295
0 64 4973324.248313108
0 67 175690.51207755815
0 68 848476.1659928286
0 70 140324.6394734397
0 72 3293740.912296515
0 74 2521206.596742509
0 83 3655614.0642379876
0 86 2832228.9963703766
0 89 905821.3459515525
0 93 7020514.310892225
0 94 4223289.868197583
0 97 1417575.645237712
0 101 1385903.709276569
0 102 667741.4647699523
0 106 69312.49749999467
0 112 1537268.9179128194
0 114 1638625.250230458
0 115 17884927.411669035
0 117 1376248.9133047222
0 120 142407.69536172168
0 125 2473882.5947442497
0 129 1122439.4390478404
0 130 620424.6708091074
0 131 186759.93510684223
0 133 859327.1098182657
0 137 5898614.017753082
0 138 2425474.7114849025
0 142 8875868.845004283
0 143 3788190.1292169355
0 145 4948866.8638458485
0 147 3052621.3301948146
0 152 15522161.504962137
0 153 99237.10274401195
0 154 13133025.70793147
0 157 2082571.12276492
1 4 461211157.7097458
1 6 128311178.51434854
1 7 240871626.42985684
1 15 8599810.559454024
1 18 49487527.93506015
1 19 17839180.702453196
1 26 381196706.67562795
1 28 3396572.774980032
1 30 168775275.11350736
1 31 763197594.7126973
1 37 13512198.660460452
1 40 284499513.19077164
1 42 310391.5781769763
1 44 56567830.00688544
1 45 33898197.05759809
1 46 77203505.7833499
1 49 29288934.690738175
1 51 465067038.2194205
1 54 279274541.2049819
1 56 430505230.3256955
1 57 10797271.038447501
1 64 671210399.9245723
1 65 85826138.41950352
1 67 107222596.29609238
1 68 178712096.6481413
1 70 526010092.35239244
1 72 68337411.63265222
1 74 719000363.3761007
1 75 35597944.017104335
1 79 23385245.705525126
1 88 3113140.268559831
1 89 140692194.80761907
1 94 247932650.59519824
1 97 245240206.55615592
1 101 26561709.390618436
1 102 57437955.46261508
1 106 9676065.275325494
1 112 260285768.8624078
1 114 52464245.669578776
1 117 80204288.18016897
1 121 1442645.742960513
1 125 298022184.7850336
1 129 571358992.5483658
1 130 153480978.51332578
1 131 22447757.548194468
1 133 545096912.8492365
1 134 66407425.305981666
1 137 353396687.94598436
1 138 291502173.09417623
1 142 1294712530.3699212
1 143 303926.0876310146
1 146 259882029.97837466
1 147 606125979.3532071
1 149 10564603.021358298
1 152 236676134.8498736
1 154 134316541.58211246
2 6 220404367.5181648
2 7 61049785.89156488
2 26 263255959.78441787
2 31 559143867.679047
2 37 7522810.191912285
2 49 102532596.12048528
2 51 31798978.28120953
2 54 179146009.81255528
2 56 102346957.13016851
2 64 70693368.24775404
2 65 11459358.013103206
2 70 224910151.07699695
2 72 102280994.56787808
2 74 332310488.8851999
2 79 106251162.21677202
2 93 76503165.5869978
2 101 254114989.50388435
2 102 148518031.9106008
2 106 67337798.17142317
2 115 112222095.44389474
2 131 239072873.39677456
2 133 90871570.63086705
2 134 40329015.41168229
2 137 107644.73192521096
2 138 320212156.72283185
2 142 15960546.846725222
2 152 6081784.386186722
2 154 276792406.9941838
3 6 411220.4829164008
3 7 449149.7469206664
3 26 93061.17191215196
3 31 2905433.6843464416
3 32 369244.16499452543
3 40 905096.4149170954
3 44 263272.3202183494
3 49 33968.38627511159
3 54 1039316.832279686
3 56 457836.653748348
3 64 1313417.5002306083
3 65 250289.01978099818
3 70 1527380.6994849115
3 72 306490.5638094522
3 74 161686.77556569898
3 79 161889.16708781492
3 89 43793.401300499325
3 94 1357482.9632011633
3 97 2006624.1256472021
3 101 623945.730332843
3 112 1570482.1571015639
3 115 89950.84890297567
3 125 158812.92616407588
3 129 565822.7322740838
3 130 156599.44745148372
3 131 856930.1926824652
3 133 467885.97900785913
3 137 2165447.3229316836
3 138 51824.51423299155
3 142 138346.59157350622
3 147 1657800.5482903756
3 152 1289675.8696210943
3 154 406272.02868457406
3 157 2172934.481078199
4 1 330916416.9681542
4 6 52138964.673064426
4 7 491685611.11972195
4 15 2485963.999028114
4 18 4730698.301674234
4 19 439314046.8137991
4 20 59619733.769483775
4 23 843512.6434464859
4 26 189873043.01563776
4 28 1007583.7117788509
4 30 99016617.87197475
4 31 44436221.922399014
4 32 356341669.790345
4 34 1080709.4218948665
4 35 44768220.48851677
4 37 64712702.81010239
4 38 40532070.16819399
4 40 37351828.6774498
4 42 4914457.606137915
4 44 116142365.80559321
4 45 138528369.69496703
4 46 6501959.637653528
4 49 249322750.05280316
4 51 99580979.77581051
4 52 8396044.25850925
4 54 410293720.5579249
4 56 119545196.52471241
4 57 2031284.6173316468
4 58 8268687.128070137
4 63 56409226.02573302
4 64 338592756.4825996
4 65 552785133.0910965
4 66 21057687.13222848
4 67 718753839.7453125
4 68 434358098.8551321
4 70 78800405.58023769
4 72 2261531914.6847563
4 74 417814067.42056936
4 75 11098716.087884393
4 79 696595789.6684599
4 83 7300576.139476375
4 86 91300314.55532585
4 87 1020248.4940150579
4 88 10892688.874460915
4 89 268861842.7968179
4 93 73044840.70881523
4 94 918145814.996497
4 95 8569813.373248616
4 97 50736671.60301203
4 100 13354162.725720469
4 101 195792116.7851425
4 102 24898479.25060294
4 103 4020893.257425845
4 106 121721153.98821254
4 107 49828398.4173682
4 111 20901805.641801797
4 112 7229440.674776359
4 114 30547360.405918647
4 115 274355200.6219324
4 117 6462526.450982539
4 120 5515642.97760797
4 121 8515890.687789328
4 122 304609.4884514895
4 125 634831315.3846539
4 129 584917706.6780531
4 130 15139435.342102157
4 131 477824430.03315485
4 133 536199723.3139293
4 134 86806093.01511712
4 136 5963843.301148391
4 137 303985286.01154274
4 138 920453248.1038852
4 142 307307863.3601502
4 143 1751033.303057927
4 146 69379139.95076041
4 147 1447330065.8639112
4 149 3851471.5634988546
4 152 98506574.96702252
4 153 12590290.617351376
4 154 10693258.231284933
4 156 263930.7074251405
4 157 500372030.3218047
5 7 226267.94783283627
5 26 112671.90793182305
5 40 966642.2661556405
5 44 1102943.556699411
5 49 307042.0769616785
5 51 878233.7557129121
5 54 232107.96003886257
5 56 173167.93192312095
5 64 514772.8797758694
5 70 421594.7322815533
5 72 469097.96469947026
5 74 719307.4183911327
5 101 1405407.9437952442
5 115 185812.38661117433
5 125 96896.87506904999
5 129 138536.97148770417
5 131 1671311.2340308793
5 133 62914.413605633585
5 137 714572.9291687806
5 138 281896.79663050344
5 147 950758.7637332082
5 152 236227.72084486435
5 154 197654.68230430613
6 1 140323791.67933437
6 4 2794886.41276379
6 7 4885130321.690366
6 15 4830885.824126702
6 17 3636977.1616304955
6 18 13384616.132839523
6 19 1610807571.0836499
6 20 587410.2706986436
6 23 11190789.762678526
6 26 1147950695.3134873
6 28 2714932.8980132565
6 30 40722313.81977669
6 31 97674180.30188999
6 32 271061709.62586546
6 34 6928535.73636799
6 35 16902927.82136787
6 37 122707833.18561305
6 38 8102436.938561878
6 40 852216807.180023
6 42 1197162.1064155875
6 44 159379520.20586795
6 45 211518566.4560197
6 46 50398444.71046907
6 49 459824385.48665464
6 51 579963567.7631876
6 52 7450388.858637561
6 54 912024182.2181733
6 57 2038803.1145959955
6 58 50909230.36269331
6 63 1937340.7174975267
6 64 420200401.6655031
6 65 79326303.09690654
6 66 18321895.42940053
6 67 1219505244.33736
6 68 1861793414.6859322
6 70 16784863.418922365
6 72 125423321.79587497
6 74 958516270.0669153
6 75 9402634.943982815
6 79 825049426.3145597
6 83 661614.8239896218
6 86 48444272.7633597
6 87 10084879.763854427
6 88 5390953.249509416
6 89 181762096.58257744
6 93 29011716.711307358
6 94 411639145.20321965
6 95 3302840.454600797
6 97 12550946.581325589
6 98 31392411.780948635
6 100 2212311.388519614
6 101 1592225887.2646317
6 102 79234571.68020834
6 103 7937848.036886226
6 106 674642523.2022933
6 107 32542478.291035183
6 111 94006154.39407666
6 112 94557136.36163954
6 114 6960447.365511333
6 115 422206525.8146513
6 117 72487655.91486524
6 120 1618149.8176753155
6 121 1575724.2886598343
6 122 2364834.941005462
6 125 702501110.9256794
6 127 8133608.821656407
6 130 193415060.8690389
6 131 267719023.4537053
6 133 130732034.44694489
6 134 10245954.293905027
6 137 1931541105.1935468
6 138 467544803.0894379
6 142 2355260066.7820044
6 143 1402570.2015813743
6 145 7262986.827291826
6 146 102676362.95832536
6 147 942648923.7790463
6 149 1580496.1380964413
6 152 929798643.9595639
6 153 17727476.05104917
6 154 499890160.80518436
6 157 366806060.3614512
7 1 66920278.10793653
7 4 1754554482.0662189
7 6 255988402.04001167
7 15 3915431.9747354593
7 18 26274463.82845922
7 19 347971541.5642598
7 20 29306286.778224524
7 23 2583760.26470641
7 26 447214601.38689804
7 28 209977.36538511972
7 30 816985585.2312834
7 31 1412979304.4727554
7 32 8489316.487000246
7 34 19188.886465301704
7 35 13552575.2474451
7 37 30244247.362529535
7 38 118374268.6853096
7 40 608367709.2581894
7 42 1588610.450482147
7 44 11602916.533883808
7 45 51196477.9209044
7 46 62230913.06588769
7 49 334572886.06552356
7 51 838743440.7181038
7 52 514751.11846931494
7 54 4122109208.260681
7 56 5866033.768034942
7 57 4134358.0321161826
7 58 73124876.34473786
7 63 11508337.47473173
7 64 1186925057.3549855
7 65 242391226.80254292
7 66 10560767.389828632
7 67 567681198.9708941
7 68 748424976.362936
7 70 1058175003.8816801
7 72 2250780428.0512915
7 74 180431344.8188131
7 75 20923225.38383164
7 79 9025103459.37601
7 83 21873851.384533938
7 86 71063374.93863378
7 87 8628588.579487164
7 88 15456937.180798158
7 89 4452094407.74266
7 93 90010277.40834945
7 94 850944806.3450447
7 95 15342563.256603159
7 97 60099327.36571943
7 98 8243787.855884305
7 100 2308783.208094397
7 101 1422776496.1069956
7 102 46854005.173454575
7 103 1018211.3416615896
7 106 263887289.51075423
7 107 122736110.43303217
7 111 31476115.769954354
7 112 45430643.65982078
7 114 427157860.97421336
7 115 52013570.64174489
7 117 204079965.40607467
7 120 1532065.7096129807
7 121 2578486.6765385396
7 122 686655.7866523665
7 125 1518709704.8503776
7 127 1577462.9219077278
7 129 150476624.0454754
7 130 75251344.9730137
7 131 304560126.1960776
7 133 2417979170.697015
7 134 68109414.82982801
7 136 8505865.07542848
7 137 450775169.50832635
7 138 442397256.26985365
7 142 365782455.69749683
7 143 191720.902679988
7 145 28819219.051416323
7 146 184151577.22919315
7 147 1253213607.6969292
7 149 6655911.995063425
7 152 2268874723.39866
7 153 36313206.411698855
7 154 4418596578.718292
7 156 52832.56674773882
7 157 6655402.196396894
8 7 516695.2028430449
8 18 124170.99672136597
8 19 1435453.2894657247
8 26 7729922.931354731
8 28 1366485.2158085427
8 31 375948.8384691487
8 32 11169043.145069672
8 37 11323519.198946843
8 40 2462039.6131956815
8 49 1765677.425590221
8 51 2365336.3284226945
8 52 1253623.5916289594
8 54 5143208.364901501
8 56 4076352.972504458
8 64 928794.2092220635
8 65 765291.5080613958
8 66 421359.61422916653
8 67 1574220.2595137288
8 70 65879.51649538413
8 72 3606047.515791129
8 74 6914295.475872912
8 79 873629.8748557596
8 87 4704928.851150439
8 88 1062475.1800980368
8 89 1077379.2371708693
8 93 3102655.9553958317
8 102 1265690.1349247608
8 103 695796.0487849845
8 106 5337493.903806134
8 111 1188438.4322039194
8 112 2486977.1814296227
8 114 7758188.063305218
8 115 1996549.3197137325
8 117 204780.05316685847
8 125 949442.7203008012
8 130 5993763.379435999
8 131 2669968.623602309
8 133 283940.6201332398
8 134 1175813.3325423491
8 137 4141988.6499763886
8 142 1750004.4036112963
8 143 506356.83848434046
8 152 64213.98049733234
8 154 495555.57944833336
9 4 10032057.089658497
9 6 4250273.9379358115
9 7 32392345.760830607
9 15 5833188.688686299
9 18 8022982.379159908
9 19 5847561.965546915
9 26 38501129.0123014
9 30 347154.63292652514
9 31 23084259.230910245
9 32 27666288.76726101
9 34 482153.5846032987
9 35 5106762.015614417
9 37 1734052.5044916242
9 38 13540047.071244363
9 40 8190321.666098337
9 42 193681.22318873947
9 44 34350126.160210386
9 45 882837.287214389
9 49 1103007.2637961123
9 51 12738827.651112886
9 54 5288318.451703897
9 56 10465046.872303361
9 58 2567132.549847619
9 63 30278943.49211114
9 64 22037190.47047895
9 65 2465384.9156038747
9 67 15397924.936856452
9 68 13583986.27316178
9 70 9011592.794766618
9 72 9272938.092853732
9 74 3839960.5928341374
9 75 2645884.571625414
9 79 575572.4937582766
9 87 9087126.910364361
9 89 4059234.5861670272
9 93 1648171.4561290452
9 94 3418974.9776316457
9 95 10281592.253262114
9 97 7612750.1501172185
9 98 11159091.232290808
9 100 9600562.679390727
9 101 7905256.336469241
9 102 33703848.12638646
9 106 12793074.202438774
9 107 1541027.9333605503
9 112 14977385.037045566
9 114 574541.3244912542
9 115 6353123.964356
9 117 4374626.957411906
9 120 2475395.3661382534
9 125 10318777.154233458
9 129 35177412.078463845
9 130 19249739.284556832
9 133 7801945.054460552
9 134 2351274.6027120994
9 137 6520298.106811
9 138 1731161.499744617
9 142 9336372.473096913
9 143 3891739.2318644123
9 145 3634266.0493932925
9 146 7606913.024080933
9 147 3019342.525718139
9 149 8943447.424898515
9 152 3506467.403792511
9 154 2177677.653524545
9 156 809166.0303179049
10 1 15741526.719588045
10 4 34323074.10407371
10 6 46009229.814387366
10 7 13115015.959181227
10 18 12732190.885792643
10 19 33900829.453534104
10 23 1509157.5317204893
10 26 25448373.313631292
10 31 31141557.511120014
10 37 31415163.97492507
10 38 9206726.614857342
10 45 67176094.80370025
10 49 11830725.89310562
10 51 17942296.676499728
10 54 36725392.2357203
10 56 59830296.4083343
10 63 12763211.5956972
10 64 3459805.5683324547
10 65 15475497.27652229
10 66 127587.25521849687
10 67 24248234.70679936
10 70 26988155.011806678
10 72 45077465.19605724
10 74 3379885.6538654403
10 75 2863294.544268674
10 79 14909113.605770875
10 83 2608604.6576496894
10 86 33212173.870716367
10 87 7029692.199992751
10 89 18096637.004197
10 93 17558648.619311202
10 94 17572608.500004
10 101 62627600.62453872
10 103 4365673.130896784
10 112 33221867.33241776
10 114 40174488.8066787
10 115 22969410.336552665
10 117 1477845.6307405536
10 121 1889046.822804874
10 122 137251.15146780675
10 125 73367642.62819965
10 129 8259636.44106319
10 130 43395277.11622103
10 133 44394272.070397995
10 134 19062809.46947005
10 137 32971350.076614134
10 138 71340429.0188337
10 142 11939625.709427636
10 143 2379437.3611830533
10 146 83132641.24462761
10 149 7176244.446264824
10 152 1229561.287268533
10 153 2840521.9365720367
10 154 21547172.86241027
10 157 115284172.48940133
11 1 1898914.5838228634
11 4 92840537.35510397
11 6 8472566.106294606
11 7 58898876.29464587
11 18 16336424.225030066
11 19 903558.421164585
11 20 10233227.789748305
11 26 129796498.12009628
11 30 50763574.3066266
11 31 40559858.37787366
11 32 23597558.47554466
11 34 8074315.96598891
11 35 17328667.39865603
11 37 25884161.017212857
11 38 1364324.0085933981
11 40 99363004.63513683
11 42 1218017.9536567943
11 44 12510798.006989982
11 45 177703445.27192056
11 46 17247561.58274213
11 49 22820625.775773335
11 51 31455250.81889149
11 54 34784884.35936077
11 56 8865142.52185832
11 57 392658.4923619774
11 58 40942942.697378874
11 63 4364031.042269084
11 64 30109383.371955127
11 65 22322318.173129015
11 67 3432376.1667664703
11 68 2908916.917959825
11 70 31362528.52125948
11 72 97564774.51820303
11 74 13923447.476671305
11 75 65742785.51597467
11 79 93065169.48928073
11 83 9089733.020009505
11 86 4838538.167687669
11 87 6894990.875977619
11 88 9561268.086498562
11 89 67469402.16126378
11 93 15569316.284412608
11 94 12985272.37256673
11 95 15017134.305372728
11 97 324126.2148088931
11 100 16444122.025553592
11 101 79887468.94542138
11 103 30325823.264189932
11 106 69713276.01636156
11 111 15346827.499497619
11 112 41021078.671376154
11 114 799185.6635727065
11 115 67181957.2042208
11 117 49099969.93947112
11 120 1974953.1081481366
11 125 113110990.63767514
11 129 36922198.421961404
11 130 28464718.89419612
11 131 26577471.12408516
11 133 2155321.4414327247
11 134 14046725.652279964
11 137 106409452.95953402
11 138 51048528.39687749
11 142 38648977.93952528
11 143 886823.9970736903
11 146 74644991.76783818
11 147 86784990.80708899
11 149 1944615.5843659244
11 152 7628460.229465336
11 153 7681375.722850422
11 154 12986636.435002146
11 157 5533450.091173407
12 4 262599.3332423904
12 6 5219447.233377605
12 7 15147.670758901366
12 15 145228.9204692198
12 18 6544601.504962048
12 19 2879630.1437629703
12 20 3416827.2574489694
12 26 4419282.866465636
12 32 329933.5884495975
12 34 140008.86506436192
12 37 1480016.3763725357
12 38 1426468.551052146
12 40 1150158.206426958
12 42 1121975.3125768285
12 45 733112.6650527562
12 49 5918115.730933271
12 51 94713.58400811808
12 54 7142285.427034961
12 56 4444965.21618775
12 57 4357.073135171761
12 63 45746.668380662006
12 64 862658.5767360593
12 65 2768052.9808759936
12 67 2942594.541777054
12 68 1739057.039959751
12 70 2896232.4257544368
12 72 14599588.142302454
12 74 3969554.3142507696
12 79 294921.2935928157
12 83 269041.6483368983
12 94 1362389.5812092475
12 97 1336647.377075162
12 100 3109716.8618736984
12 101 1167176.4247921496
12 102 505037.94221668656
12 106 9614.56126492266
12 112 3033099.4957117434
12 114 9870161.429712275
12 115 2393310.2066540895
12 117 1885306.5258557831
12 120 4172846.601938002
12 121 181477.5653107644
12 125 2653245.262224238
12 129 47661.84560737693
12 130 2153241.7426171843
12 131 607504.5751631332
12 133 769186.1574318544
12 137 1146110.947355442
12 138 806261.6767395963
12 142 595819.8900009873
12 146 5396171.831463405
12 147 1017522.0616877673
12 149 4339460.650011434
12 152 409073.4505015517
12 154 4241111.595869585
12 157 999101.4719202005
13 6 21557920.779667802
13 7 8142523.62065788
13 26 32728417.275935806
13 30 46814382.80759413
13 31 33027614.556284502
13 32 4865682.829131267
13 37 18283707.95714949
13 40 63705387.87506179
13 44 1681244.5316178116
13 45 30253455.9473675
13 46 8840404.301048143
13 49 11810403.703537172
13 51 9160896.486513812
13 54 15430376.223853145
13 56 63180949.399559185
13 64 26662540.72087333
13 65 10166208.480385974
13 66 5080037.157837513
13 67 149383325.30956152
13 70 14068377.301501958
13 72 79810458.86347936
13 74 24775555.469060287
13 83 37694331.01131851
13 86 11735816.241615327
13 93 5451943.930033645
13 94 10373047.262850625
13 97 13318234.558624491
13 100 42719957.14891257
13 101 33742525.55383238
13 115 68379957.50298305
13 117 7661727.809312514
13 125 37545304.998815745
13 130 9377756.132184464
13 131 22601915.727377813
13 133 66075813.16784733
13 134 21210522.956241503
13 137 39679014.022651136
13 138 23511271.440205768
13 147 64315478.43461007
13 149 8748375.69006951
13 152 35781997.51448651
13 154 50952388.93345397
14 1 62124293.25347709
14 4 1115191698.9094603
14 6 38133463.203661345
14 7 421582968.2649034
14 15 478535.3976747846
14 17 2231028.0408367934
14 18 55257029.8251105
14 19 1444438006.9206648
14 20 19497887.89370974
14 23 1376837.8360110663
14 26 851975618.4877207
14 28 585616.2017351444
14 30 342868526.3912822
14 31 344948096.45857054
14 32 93811306.94455972
14 34 8406778.361534793
14 35 68045408.25684705
14 37 118131344.20898962
14 38 97590177.61470668
14 40 257346609.10140774
14 42 1776600.9047055945
14 44 22069040.48552902
14 45 304390654.2949016
14 46 12791863.383206647
14 49 972726444.0708637
14 51 11505524742.935997
14 52 8916217.087412033
14 54 6897851844.92552
14 56 427990865.95305365
14 57 3301522.8554353607
14 58 58003042.459113084
14 63 5906695.830623581
14 64 1557676230.0099194
14 65 377099172.18926376
14 66 16789378.39565605
14 67 661278747.4538203
14 68 1263196800.341306
14 70 447871941.6480748
14 72 536058316.1218427
14 74 5007714636.214337
14 75 4921606.201293509
14 79 14343802672.469679
14 83 8228533.910738642
14 86 31596970.139259167
14 87 1826839.7307842637
14 88 19472811.886589617
14 89 1038908574.3046396
14 93 9394399.72718816
14 94 1785985043.794286
14 95 7601055.956456938
14 97 107049781.34193538
14 98 5611856.115455788
14 100 15370083.263609499
14 101 4305973726.186466
14 102 124718680.94842681
14 103 10947364.809060942
14 106 246686449.99344832
14 107 53584007.83103547
14 111 52599858.015694015
14 112 24517474.024931323
14 114 216791981.68150452
14 115 960774121.5204458
14 117 179063264.81403893
14 120 1616451.44110311
14 121 4417323.929692653
14 122 167726.81465319128
14 125 307592899.3829578
14 127 2614025.0348057225
14 129 4409890658.173375
14 130 164219313.6331917
14 131 11827776.579243831
14 133 4104042464.6800613
14 134 18779571.174240287
14 136 3786921.1142538805
14 137 2452019781.6620197
14 138 2196991400.6865883
14 142 6368980042.504611
14 143 3225308.991433083
14 145 6387240.273832525
14 146 6911863.098923744
14 147 926113243.9897027
14 149 366783.95441172
14 152 1529806674.6109061
14 153 141286484.58056858
14 154 558859940.0174711
14 156 1816726.050172339
14 157 40903723.1890915
15 1 139861.22870195177
15 4 12118688.914629662
15 6 9832424.242205063
15 7 2408414.615890092
15 19 14709338.726376401
15 26 1011164.8452809134
15 30 10514803.942064965
15 31 4399806.422271624
15 32 2945971.9346733144
15 37 3481606.738132805
15 38 3738808.047791884
15 40 4503037.205322451
15 44 4064686.7703447943
15 49 3003533.9936665115
15 51 6729447.431093352
15 52 495103.40546392696
15 54 4498039.956238793
15 56 8632828.358904973
15 65 1880797.6153088952
15 66 5072547.527230622
15 67 1034512.9986060654
15 68 1720924.5156099715
15 70 1553964.9147608078
15 72 7305239.835981867
15 74 2980957.6239928366
15 79 4093414.262424032
15 83 46371.411477893285
15 86 1504001.5087402205
15 87 2825105.807599409
15 89 3078692.392839377
15 97 8663137.430282384
15 101 9535707.97598315
15 102 436683.6895462343
15 106 5841074.796520427
15 114 1967769.5739358705
15 115 1002483.9340119413
15 117 17234418.157194678
15 125 8267686.032007426
15 129 1628855.7779273936
15 131 5328115.977476196
15 133 785661.3706303617
15 134 2282645.982194699
15 137 2601692.0528420205
15 138 5687516.167577744
15 142 4610014.389636504
15 147 13638522.391973656
15 149 5676618.620792305
15 152 4246316.007384854
15 154 1434088.929332221
15 157 981748.1251947789
16 6 1087513.9790988714
16 7 29345949.862276517
16 20 1279862.8608343871
16 26 12397138.501612721
16 40 11496605.7509279
16 45 24663824.925654043
16 49 801383.7366814225
16 51 21585694.683770202
16 54 6145432.934842875
16 56 5837113.642682507
16 63 385584.15735437896
16 64 10293389.501324816
16 65 1010407.3883877889
16 68 1386186.0637271143
16 70 9454507.9285347
16 72 1466054.739604814
16 74 19316463.501484517
16 79 4701022.311491731
16 88 7693608.252537429
16 89 9538091.912659517
16 94 381321.9669033891
16 101 14010520.661892887
16 102 5052478.607248635
16 114 7917192.583731442
16 115 7280021.203833748
16 121 7005550.840224203
16 125 2270175.7624222045
16 127 1994240.7800222947
16 131 5889103.777446875
16 133 8540130.890936255
16 134 7350949.184141536
16 137 4826772.516831162
16 138 220882.06855184428
16 147 3012151.850809006
16 152 30004312.93425089
16 154 1664350.9766614875
17 6 2249433.939532321
17 7 181973.15249900593
17 26 835682.1591426481
17 31 884096.1325594803
17 32 1250123.1416411279
17 45 2014208.0160793415
17 51 152695.17408230976
17 54 1133768.5453885088
17 65 2632397.816846381
17 70 766754.4171047477
17 72 1071207.1676143229
17 74 815272.7320701655
17 79 3304279.556680218
17 88 580100.1927479339
17 89 1502975.1301322714
17 101 856487.1751468162
17 115 2327794.332811074
17 125 895099.5026626094
17 130 318606.04415044934
17 131 379591.275885803
17 133 1751811.2473707867
17 137 316691.15609360073
17 138 372418.06330886256
17 142 1838807.9107109767
17 143 2310411.7608613563
17 149 340635.3998141267
17 152 3234614.215062435
17 154 115486.49036772658
18 1 32644968.042077105
18 4 637613.4550420542
18 6 18474364.19564696
18 7 8386594.854734538
18 19 20190474.213362146
18 23 41854.74209087976
18 26 29045954.2288282
18 28 67372.59133875134
18 31 21695719.150659326
18 32 850466.0688993306
18 34 3736022.1402619313
18 37 11174583.853495697
18 40 4809313.486128437
18 45 1425253.1694668722
18 49 5648503.293807006
18 51 17507912.17267193
18 52 5770346.844731022
18 54 71312.1983571225
18 56 525876.0636169774
18 64 7700218.034429429
18 65 27555303.016633727
18 67 8695938.292356616
18 70 8250183.815066998
18 72 53440435.80060544
18 74 5110464.813347255
18 75 5167641.095552029
18 79 9460351.164374296
18 83 12881796.916031796
18 86 885079.1917208692
18 88 1082391.3588383724
18 89 11414334.912842337
18 93 845363.1787447414
18 94 196710.23607444367
18 97 4759949.619556963
18 101 26687911.073334254
18 102 1563104.1080439943
18 106 24700171.20515233
18 112 14866947.54931654
18 114 31996631.07453683
18 115 17018504.522109233
18 125 12631200.272549808
18 127 7835237.631859024
18 130 6962298.686052245
18 131 892756.7604604099
18 133 16540976.975001808
18 134 26488207.295231253
18 137 227996962.27364418
18 138 3161986.876886187
18 142 3116595.074949846
18 143 3762039.940714201
18 149 1544575.6755264793
18 152 10944348.86643738
18 154 615377.43707556
19 1 100210379.39017142
19 4 153689229.2496016
19 6 135757472.50554377
19 7 648524695.2570376
19 15 1462809.9272283355
19 17 10073652.338497238
19 18 13866407.2008534
19 20 1395776.8253296732
19 23 5767796.69769014
19 26 4165592240.623509
19 28 3128962.427018229
19 30 137937109.8388003
19 31 504774074.33029497
19 32 47015618.45306142
19 34 258609.99326942733
19 35 55918525.472091526
19 37 363502073.76759636
19 38 18600660.84017074
19 40 2891525572.4181457
19 42 296220.4859318011
19 44 14736663.61697654
19 45 55899916.20620438
19 46 78837524.24319479
19 49 381455783.93410957
19 51 222014325.75435477
19 52 18415371.1154775
19 54 5006612457.063337
19 56 60786322.87517994
19 57 2885090.6654720847
19 58 77284264.04059955
19 63 9216690.217984665
19 64 3749242167.8551574
19 65 122791906.63282566
19 66 132963.95459450517
19 67 3390794502.932127
19 68 205772686.9945437
19 70 523924220.70770764
19 72 3410067986.426508
19 74 708151219.7092772
19 75 18075183.122905675
19 79 135272854.6280313
19 83 7843263.824093383
19 86 499642.13970381976
19 87 7026250.044754783
19 88 180907.03891950368
19 89 2981477425.475786
19 93 44985521.062529944
19 94 1039200056.6027635
19 95 21094023.95354892
19 97 19631499.995188113
19 98 23030575.078522217
19 100 11323192.997518683
19 101 1319331877.1423895
19 102 94518542.86852898
19 103 91253706.34499273
19 106 726048492.9420995
19 107 95917752.33638449
19 111 16099219.197210701
19 112 133100247.13559948
19 114 1991878483.9371786
19 115 20561154.91689137
19 117 238215968.40367544
19 120 1782540.6220428576
19 121 5043644.064419864
19 122 2844699.7537205745
19 125 65047722.442545936
19 127 7134981.3230106225
19 129 482973216.73984736
19 130 140472355.03842476
19 131 858576167.2549893
19 133 687460821.036244
19 134 29214370.63989271
19 136 3868731.9295217586
19 137 268203957.032432
19 138 405817571.85794884
19 142 1288821600.879022
19 143 7799798.50813943
19 145 4185311.5481847576
19 146 37890512.281665504
19 147 423722894.66239166
19 149 211114.486573193
19 152 760762515.7625442
19 153 38730805.60186659
19 154 484470332.0801663
19 156 610907.6251137803
19 157 28340436.500562802
20 4 251609497.78800532
20 7 367489000.9560369
20 31 31600810.163416404
20 40 124722267.47440143
20 49 21915006.459525578
20 51 31932200.921989135
20 54 65461326.423711255
20 56 15352535.71915586
20 64 34972129.624970496
20 70 24112993.103561256
20 72 12043171.42038085
20 74 30717770.949780874
20 79 89220061.80592263
20 89 93167236.9530595
20 93 12165286.859224657
20 97 360932955.01762336
20 101 98561582.56883778
20 102 52365395.25277562
20 106 164524234.41957182
20 115 2925532.695500689
20 117 10945601.738556668
20 125 48708205.357448384
20 129 367606722.3056022
20 130 2195403.8304761657
20 131 21826506.40016283
20 133 25319327.606048204
20 134 55794867.785678394
20 137 55990096.97939974
20 138 154288684.23785287
20 142 12058030.274956375
20 146 42527281.56951937
20 152 21632735.478874516
20 154 152097960.5051856
21 1 142476273.1194473
21 4 27327336.805005506
21 6 111181255.41907501
21 7 198401675.2081351
21 15 5672966.644507523
21 18 44755.806952590254
21 19 6336785.369321913
21 20 21156141.405645344
21 23 6087609.503879262
21 26 13361339.56354801
21 28 1918760.5025355462
21 30 13084841.595140671
21 31 10296121.147307716
21 32 25800534.181527946
21 34 2220675.494585454
21 35 137992556.77083558
21 37 45910694.88594158
21 38 24981782.047546167
21 40 17253529.212766834
21 42 1616334.6236586527
21 44 56042173.92591027
21 45 33059504.995100256
21 46 4078838.1389730675
21 49 9857727.605837295
21 51 32572627.095375963
21 52 2124910.125782335
21 54 6323715.071648451
21 56 8408133.631937224
21 64 754237.4258889091
21 65 73572015.85366592
21 66 35283349.18893509
21 67 105572468.43735415
21 68 38973245.492989026
21 70 88520231.31993648
21 72 82106156.04148687
21 74 18463105.613220047
21 75 13889967.446654566
21 79 12683777.38144618
21 83 2313837.630556443
21 86 51038949.857899174
21 87 9896656.528587136
21 88 775895.821142078
21 89 84418815.1723744
21 93 46617512.09565207
21 94 28790803.544498138
21 95 24375629.118409917
21 97 115595522.63666455
21 98 11351547.09062138
21 101 85759846.39028643
21 102 36344016.749994986
21 103 15244598.728665385
21 106 90881304.75309281
21 107 412441.0590980772
21 111 24221142.51934965
21 112 145906948.05383274
21 114 22711778.718532864
21 115 49847853.40131596
21 117 49157512.61262358
21 120 1885588.2990260413
21 121 8339304.389749231
21 122 1269170.1539651004
21 125 109052918.33352043
21 127 3270639.0327945384
21 129 47722228.63241894
21 130 37757558.49941216
21 131 7913204.851169822
21 133 70772620.46728036
21 134 2710779.6406649994
21 137 6570914.754244804
21 138 69905446.63318944
21 142 46028338.46220999
21 145 24212541.361684408
21 146 27000852.145974334
21 147 50796475.05135597
21 149 5885472.683549066
21 152 106393938.80777882
21 153 1598116.7864602404
21 154 162623755.8923305
21 157 83355753.68790783
22 6 2761704.129344016
22 7 15287087.874223718
22 19 1297238.0764848525
22 20 5227668.146424145
22 23 1233627.5169722403
22 31 3755925.8001892553
22 32 1511228.7945016657
22 38 4527746.826702507
22 49 1313159.3371969177
22 51 3475232.839593504
22 54 310805.59730770724
22 56 10366012.342828598
22 67 2008429.6400429918
22 70 7199021.509970527
22 72 7927483.980896395
22 74 1605143.7753637487
22 75 3915237.796603018
22 79 724528.501937541
22 86 4621441.717440296
22 89 5799420.543722309
22 94 5141246.626527676
22 97 843549.6206883348
22 101 1255031.1970575182
22 106 230869.27282921073
22 117 1793112.2612668495
22 125 5828846.341265547
22 130 1202831.9803293739
22 131 7852340.9523688005
22 133 8027636.456740348
22 134 14812919.708357308
22 137 1925798.8436684567
22 138 4557449.2490783045
22 142 622154.0013760459
22 143 414348.9156532983
22 152 9997219.62062215
22 154 1118446.1397218744
23 4 112049.51477378633
23 6 396640.7945396345
23 7 4215869.611525375
23 19 1143806.8344185608
23 26 2545898.11408459
23 28 1836153.1345543815
23 30 2789324.588904347
23 31 5151427.879088965
23 32 1024437.6138355337
23 34 1325907.8217999868
23 37 940356.5866876811
23 40 9826193.248602761
23 45 4715356.917957266
23 49 820978.807875446
23 51 687062.3095588721
23 54 7099413.607329722
23 64 393964.625394018
23 70 1481630.9697559387
23 72 44014.82438370088
23 74 872143.0421093178
23 79 3858316.5494056027
23 86 238053.67787088623
23 89 3143323.737656389
23 94 3443196.250635211
23 97 2711809.1945277425
23 101 4174001.97919057
23 102 3760858.2799290237
23 103 2248490.4427736537
23 106 2262860.2262708847
23 114 8223678.926642141
23 115 1533366.2542078695
23 117 3107052.071930373
23 131 413757.0160693814
23 133 1686352.490729677
23 134 413004.7891995659
23 137 3595294.6974873138
23 138 577722.4870820494
23 142 258118.5883481765
23 146 22944.6333265149
23 147 134143.16614027784
23 152 5164099.175766195
23 154 4705434.925294217
23 157 2242119.1617248296
24 1 1986855.9350073144
24 6 2311598.690732413
24 7 16253459.66804864
24 19 880085.2090152359
24 26 1049102.157303886
24 31 706946.9186533492
24 32 7905006.703456253
24 37 8029605.362121532
24 38 200383.23606307586
24 40 3779899.2696166723
24 45 2263919.052842844
24 49 643970.7057462765
24 51 1273107.7291523754
24 52 74298.80412113965
24 54 10652366.566784361
24 56 2700970.1119951946
24 57 3564503.6568030743
24 64 7113230.120606606
24 65 8682078.92236667
24 67 4103657.138463759
24 68 4288506.228162393
24 70 1495843.9912033908
24 72 1412052.2880188415
24 74 3044036.7344729947
24 75 5111130.605404844
24 79 2043858.0134939218
24 86 1814939.7263713658
24 88 2648824.9985599583
24 94 8890937.756489644
24 97 2057571.1937041937
24 101 4753422.938003866
24 106 7138127.395322204
24 107 4758385.110956577
24 114 4901922.641293346
24 115 2421430.655162832
24 117 8098521.992360585
24 121 1212388.7041626316
24 125 13529935.318789106
24 130 10461878.483873025
24 131 11705540.559545476
24 133 4832671.758490616
24 134 6954283.102120493
24 136 4369813.211194556
24 137 468008.03227263043
24 138 6344111.81415165
24 142 5142313.871198281
24 143 4355548.810505952
24 145 1884317.8624842132
24 146 2562463.1723669423
24 147 5850386.429228334
24 152 10565510.925004715
24 153 3433668.060226165
24 154 1006124.4026443006
24 157 1850176.8945048535
25 1 159336768.52452397
25 6 19931098.101701666
25 7 13157814.312643953
25 18 16770854.1037471
25 19 32660445.870317336
25 20 4883606.660721411
25 26 153641662.06537086
25 31 35593777.8436992
25 32 41477805.07837531
25 35 6810190.018014442
25 37 38792150.746209666
25 38 56025238.61897143
25 40 6317034.829307327
25 44 31302832.25831297
25 45 9746498.85938272
25 49 6710616.202667015
25 51 3555878.1193805416
25 54 20033629.311465345
25 56 64856959.77811819
25 58 32411891.092299666
25 64 54238064.26757701
25 65 3987771.6380021907
25 66 5945765.525759886
25 67 9937759.386907384
25 70 23127725.285057098
25 72 1180317.9428137548
25 74 9408521.254412089
25 75 6052273.95930285
25 79 45510633.91242417
25 86 5819083.460562985
25 87 8160704.752063017
25 89 9418679.903388383
25 93 10826905.134049157
25 94 19086077.6474733
25 101 2524739.6702821264
25 102 16158022.093653604
25 106 85811951.52986878
25 107 26278762.30209407
25 111 138274.63193971236
25 112 926003.2737533525
25 115 3298577.1546905697
25 117 46722507.59130281
25 120 80591.26682443178
25 121 2952051.9121004636
25 122 941252.8037355271
25 125 17279381.67109456
25 129 42309818.121823244
25 130 30181911.847441558
25 131 81879545.48833871
25 133 63368266.22654525
25 134 3175075.95124143
25 137 41962192.55137497
25 138 63591868.025724895
25 142 51409401.1369051
25 143 2746398.708939533
25 145 14073559.341029922
25 146 1737099.1416884908
25 147 43012255.699647985
25 149 1941101.2648268398
25 152 16452295.090293769
25 154 11429268.705023888
25 157 54480164.508372754
26 1 117062362.25552167
26 4 221902824.35098696
26 6 118207933.79769158
26 7 643696188.0872988
26 15 698046.9832057881
26 17 18794.846201105032
26 18 3830463.9640448173
26 19 616037200.6348027
26 20 51506740.3751752
26 23 2951486.430384318
26 28 1546735.467153288
26 30 256897516.48948824
26 31 6958292107.414418
26 32 149207101.32871434
26 34 1979624.5773104862
26 35 27002425.590467773
26 37 148357021.85725883
26 38 57007062.31726681
26 40 340627156.3917367
26 42 69834.61147796974
26 44 15298852.658528298
26 45 246529145.60790953
26 46 13838125.665501818
26 49 575683453.3407049
26 51 7216609094.182459
26 52 35684493.99486954
26 54 8325976279.706362
26 56 709190814.9525067
26 57 653237.1951966095
26 58 8569528.549918277
26 63 15030199.303649252
26 64 6916987127.929471
26 65 19854726.347345788
26 66 7822057.822988747
26 67 505704069.72350925
26 68 241247463.88355985
26 70 344929915.1380259
26 72 595394341.7522107
26 74 11923341675.834324
26 75 6011261.237874187
26 79 8108567900.548544
26 83 9215313.162407564
26 86 71185431.35623357
26 87 8406448.307852859
26 88 82674.07437878392
26 89 1276890124.8929605
26 93 34701219.06689125
26 94 2477910234.3938117
26 95 13678619.23328207
26 97 437805535.74827546
26 98 14475195.23246761
26 100 4656480.683527588
26 101 5195132179.591049
26 102 224676290.6197277
26 103 28264678.637038596
26 106 271660645.03124255
26 107 53897198.03245232
26 111 67675569.48167685
26 112 138230245.07065278
26 114 753183743.6812683
26 115 297388934.1049223
26 117 167914110.52209207
26 120 691601.3151712326
26 121 939531.6900843893
26 122 1759640.6534611124
26 125 657521071.5468473
26 127 2447223.9228758733
26 129 4704083877.609158
26 130 117860360.24694738
26 131 102701640.18991089
26 133 5372071633.37574
26 134 4940602.190256005
26 136 8678902.601249259
26 137 1293513873.2281754
26 138 1937420925.330686
26 142 190278654.65809783
26 143 3969299.487966723
26 145 2437054.068204288
26 146 77415106.8080535
26 147 203519174.66147962
26 149 28963584.509439852
26 152 1089412828.817209
26 153 110910030.81052606
26 154 2251159557.6911573
26 156 2624994.7922349097
26 157 23548074.156149387
27 6 384991.46126006986
27 7 675332.0136273571
27 26 60290.84786206145
27 32 455531.2509845964
27 40 866067.0092152951
27 51 567241.1191043495
27 54 45236.88233010162
27 64 46208.89152244092
27 67 193172.71246628635
27 70 2124921.125138306
27 72 442553.62681005354
27 74 107571.85540991952
27 79 1689568.281098859
27 89 1080744.5898804755
27 101 75986.07070767863
27 106 220203.47982492906
27 115 766767.4341301507
27 133 49623.85814992671
27 137 117189.71534464291
27 138 366948.40279322234
27 142 105936.2557611171
27 149 697435.1986072105
27 154 975197.5011004015
28 7 2515488.7342731515
28 26 2051772.0513263382
28 31 1608623.5791708408
28 32 1062751.2899386075
28 40 4515992.225139361
28 45 4874507.527108261
28 46 1020792.0679523963
28 51 55544.84500195756
28 54 488019.1712140885
28 56 793868.8543248372
28 57 1672575.7976596935
28 64 565863.7172458443
28 65 432928.91106245713
28 67 246207.47665528543
28 70 1047917.0495349315
28 72 285580.7698734907
28 74 2134733.3707702006
28 79 797682.0899536436
28 86 337579.8816213998
28 89 1704622.3254990587
28 93 286163.7566389449
28 94 245123.36405117565
28 97 752140.3265778448
28 101 501986.4049939714
28 102 115862.59364006425
28 106 583902.8595154419
28 112 584977.7387020084
28 117 650906.876500235
28 130 5519781.393200667
28 131 736272.8405011954
28 133 2004106.2069240347
28 134 757873.3974460978
28 137 2188.4675918915505
28 138 248127.09346350655
28 142 96579.04659468218
28 145 2018715.0396273895
28 146 3948046.2268439187
28 147 608112.7978113666
28 149 2831212.2337303027
28 152 1565444.6343213937
28 153 1532201.1822595764
28 154 1706485.2531792002
29 6 84234.06055961389
29 7 667141.3445605447
29 26 207965.43388206637
29 45 2593156.5882377247
29 49 481463.98711318773
29 51 2556255.4691661447
29 54 4560525.887886924
29 56 1988553.3953145023
29 63 2120965.843840318
29 64 1893783.1754192687
29 65 3372694.4327655174
29 67 890678.0632219971
29 70 2085228.6119847207
29 72 6005122.355147075
29 74 889891.3175630684
29 89 6251702.155501218
29 101 1770568.0770889216
29 102 2648100.174947408
29 106 3240306.792036572
29 114 188910.47855450914
29 115 3823977.604923287
29 117 2345114.5405449206
29 131 4396373.116713838
29 133 3355011.243920592
29 138 1444099.3162484425
29 142 389719.4469611383
29 143 1338635.1967194856
29 145 2973975.6728827134
29 152 9113128.37802717
29 154 673245.0953179465
30 1 43100218.15479585
30 4 907990225.7101991
30 6 263043038.21308517
30 7 5934547.213214555
30 15 1306794.2807849576
30 18 7233055.89089451
30 19 1732231.0310265245
30 20 38035537.64579211
30 26 845946733.9455764
30 28 1795775.824920866
30 31 467618060.46261466
30 32 23729830.000518043
30 34 5080273.684150829
30 35 13994700.461057046
30 37 65161814.43039588
30 38 111856798.6278178
30 40 172283547.50693673
30 42 2874154.000118072
30 44 16660556.289434934
30 45 266581581.83135793
30 49 128750680.16990754
30 51 167519253.20603198
30 52 38283816.437280245
30 54 88878470.26513128
30 56 194494431.2948567
30 58 5852846.662078753
30 64 752008594.2477514
30 65 253638951.12093246
30 66 1910296.6758616823
30 67 53428207.721797876
30 68 955181059.6201575
30 70 48066101.36070746
30 72 652143768.7746068
30 74 525144645.9311116
30 75 1228860.963047786
30 79 111570624.18371086
30 83 38790976.51367418
30 87 7051506.924514256
30 88 5382795.170929036
30 89 654228964.7954407
30 93 3088968.479389575
30 94 307409520.90344024
30 97 54895120.797563784
30 101 33545621.322730217
30 102 3020446.9084879793
30 103 36835322.88498908
30 106 119721632.00802803
30 107 23571363.3146556
30 112 62828672.9081828
30 115 121858596.72708745
30 117 235738207.07519966
30 122 5839321.676775068
30 125 118858212.82808718
30 129 79220154.65524992
30 130 5590010.221611976
30 131 260433673.61793584
30 133 730923767.8159453
30 134 5951348.079103755
30 136 24072945.522114128
30 137 653233459.761067
30 138 44071504.895051084
30 142 15051.158358447303
30 143 177703.69480580502
30 145 1566806.9504295425
30 147 25362476.576175258
30 149 4011300.6495323423
30 152 285576838.18699837
30 154 177162078.37014732
30 157 132759179.63821861
31 1 118142097.64002311
31 4 105962609.63518374
31 6 1752206871.326287
31 7 1600631807.304905
31 15 139291.91641170305
31 17 5722921.321071609
31 18 2802032.975366309
31 19 1503973854.9493272
31 20 46395490.642363295
31 23 1736461.776267169
31 26 36854345702.45794
31 28 1302030.2760771257
31 30 929379261.242025
31 32 64245062.96185849
31 34 3897773.6320031607
31 35 36542083.83792551
31 37 12060681.397216951
31 38 570603.6332608819
31 40 35441452.37359619
31 42 2460505.777250756
31 44 12453429.091771062
31 45 100064209.21095015
31 46 9862019.04038745
31 49 519644996.7168647
31 51 21757150775.80735
31 52 9329666.028431334
31 54 5999467882.721886
31 56 95360203.1399766
31 57 1086559.9237890977
31 58 11563460.773137687
31 63 11430622.647978256
31 64 6250663650.594743
31 65 337879096.632178
31 66 50889580.4961944
31 67 467221965.7529508
31 68 60797558.06249271
31 70 2078028359.654145
31 72 228287497.10316348
31 74 26427819554.37571
31 75 21111470.003324658
31 79 10982668646.639668
31 83 16053197.36475831
31 86 99078.33938354958
31 87 7824531.732139477
31 88 1792596.668941239
31 89 2464455919.427251
31 93 18907045.74754673
31 94 599725393.235885
31 95 1874684.5501782242
31 97 143585412.9103328
31 98 15225545.59885428
31 100 21788769.91441771
31 101 15357256480.699783
31 102 279784966.12658453
31 103 3835198.1813642136
31 106 150148437.8032636
31 107 165499201.82453662
31 111 12563707.002175445
31 112 32319092.866024364
31 114 176413456.65588582
31 115 1123212440.644282
31 117 101768489.93336739
31 120 685607.7066418877
31 121 10714428.590448502
31 122 76124.22840172537
31 125 90406050.8863141
31 127 2800598.203065511
31 129 5262022454.634193
31 130 64183218.70225239
31 131 250838753.1536251
31 133 6971175012.745385
31 134 31734032.33253348
31 136 3287026.2788303522
31 137 4464649355.125096
31 138 1636133616.5401056
31 142 348532975.3006443
31 143 138888.64050686112
31 145 11774209.64553032
31 146 120647115.49884467
31 147 410840589.07039285
31 149 1935803.2065530098
31 152 753978910.3078078
31 153 4316397.1699574385
31 154 55369412965.305435
31 156 2064013.3937431225
31 157 11533952.621328427
32 4 21097261.120691206
32 6 661313155.7514899
32 7 46124730.80432331
32 15 8767607.24480171
32 18 4572800.729789415
32 19 66785942.40627585
32 23 6930049.026219756
32 26 288483129.34830666
32 28 828738.4675921338
32 31 115290498.50325906
32 34 4023099.0205548983
32 35 19123001.260097988
32 37 91125411.86476305
32 38 26764207.073191207
32 40 586018330.5036117
32 42 440187.1248084614
32 44 66466298.55109962
32 45 131723453.62625766
32 46 11983025.33817615
32 49 54302672.29883955
32 51 197573071.55876964
32 52 1132524.68072158
32 54 303889267.5116574
32 56 261703398.04271105
32 58 114968820.34013556
32 63 28209094.54048202
32 64 144207519.23902643
32 65 158140391.04899687
32 66 52331877.70314544
32 67 210905183.6755564
32 68 896725.2633931322
32 70 384041355.28225917
32 72 239018716.09877372
32 74 136774397.1565453
32 75 22567594.78534763
32 79 32208616.82238318
32 86 58534395.90816394
32 88 6156230.17410593
32 89 160650262.66256896
32 93 6268846.75519957
32 94 78137267.88968985
32 95 665178.1388680878
32 97 119458045.36693907
32 98 4601840.744768271
32 100 4605254.40509345
32 101 50638315.65106287
32 102 120171856.8218918
32 103 28730692.66796916
32 106 649998959.8740699
32 107 48527028.26836411
32 111 27792790.782439906
32 112 65773561.28118219
32 114 308517252.9991372
32 115 122693242.55944504
32 117 154213689.8882006
32 120 3405105.1405047523
32 122 402685.01405805687
32 125 217024882.17239654
32 127 12008398.373026801
32 129 180159988.789683
32 130 106566148.24562839
32 131 7264223.044365965
32 133 62777797.74165402
32 134 21027865.662648067
32 136 365922.69731863745
32 137 54891869.18013197
32 138 101301107.0109205
32 142 160017711.36934215
32 143 2222770.9811000843
32 145 12076425.871219909
32 146 90759984.15131278
32 147 31530556.039236955
32 149 3383401.4939468666
32 152 250423321.7645489
32 153 34950796.54074939
32 154 253726002.5864572
32 156 5219336.284330901
33 28 371446.2818546379
33 37 699021.3848976543
33 40 824628.5212038646
33 51 290176.613331178
33 54 326972.10332913883
33 64 34636.270683760034
33 65 286849.8652520564
33 67 345724.052097496
33 70 367692.78541827115
33 72 735807.2596826399
33 74 270599.7986726504
33 79 537945.5379277606
33 83 193433.14484798422
33 86 92483.47410749544
33 87 471840.0561315104
33 89 172220.87501742618
33 94 517209.4512598631
33 101 443004.88543700747
33 102 781537.7030387803
33 106 195352.51247302257
33 114 208040.29241357994
33 115 1133783.2102931312
33 117 197897.869912714
33 130 1794482.7401121235
33 134 540297.8243850378
33 137 1631486.1873129338
33 138 1193346.2403839938
33 147 329816.829367633
33 152 777964.6795182237
33 154 618027.9471261493
34 6 23253162.659914244
34 7 18007901.819921277
34 18 6588250.805847604
34 19 83954855.69072123
34 20 22342253.665563315
34 23 884572.4553257066
34 26 40662378.881767176
34 30 21201216.80533302
34 31 40518077.95983639
34 32 68243586.48123077
34 37 8828742.50387811
34 38 19195606.20291757
34 40 3523480.6492729187
34 45 67752046.53633438
34 49 4279373.738886623
34 51 13410174.439645596
34 52 1343129.7423732136
34 54 127896.70973201329
34 56 6539313.967200848
34 64 468324.66964297066
34 65 24414054.97305693
34 67 1903534.8083954488
34 70 31439997.75922489
34 72 69177893.02815223
34 74 4103336.1147128767
34 79 6132543.558584873
34 83 38875999.81461581
34 89 26021506.239895646
34 94 14509615.832740083
34 97 3415843.804465115
34 100 2373600.601111336
34 101 30162439.498864964
34 102 9516151.551750844
34 114 2820808.41085165
34 115 13938518.745461915
34 117 9788124.10727096
34 125 19382250.559433293
34 130 8331885.225109741
34 133 9889362.274592258
34 134 39201354.397399515
34 137 12989303.040412204
34 138 46941455.94811337
34 142 7842514.887673928
34 143 10136183.466290938
34 147 31012344.899479467
34 149 15551244.954618236
34 152 6586903.822050771
34 154 26067895.124189135
34 157 4163646.617167005
35 1 57418499.23560278
35 4 45718598.17210915
35 6 19513092.145605795
35 7 14845324.493707988
35 18 2203224.9434585446
35 19 15276388.137253117
35 20 9234854.37206353
35 23 410238.6007642751
35 26 32317556.262574714
35 30 98406054.8259847
35 31 214270267.25619224
35 32 89003771.18290617
35 37 14997656.62232132
35 38 108904.59392192565
35 40 149158379.4560853
35 42 1141968.0001900923
35 44 12805775.179499375
35 45 38139089.89205674
35 46 6594376.016827806
35 49 410985581.53776395
35 51 167776000.69299582
35 52 19583565.983533688
35 54 69478154.50404868
35 56 50979372.448882416
35 58 11647059.247041192
35 63 11745880.09430719
35 64 45304617.50403978
35 65 99874996.03768043
35 66 7652719.251208612
35 67 12265171.218449729
35 68 1724213.6589872672
35 70 1404363.213029895
35 72 91837588.58775002
35 74 104082267.13556902
35 75 42494273.097591735
35 79 12273447.773085264
35 83 9945288.154157992
35 86 22161240.376121726
35 87 9648451.420808367
35 88 4733299.801652715
35 89 156342490.55231553
35 93 21835140.503682155
35 94 210079654.42692655
35 97 38716024.68457366
35 101 66785474.64643168
35 102 9302483.794632206
35 106 47836638.451878235
35 107 78436292.85652696
35 111 42159391.21724399
35 112 135169724.6578736
35 114 20293017.309086174
35 115 7593388.385404394
35 117 22282303.786517587
35 120 2209064.498765546
35 121 2432570.848712216
35 125 10634237.260725731
35 129 3776851.383084828
35 130 3732629.7720949454
35 131 10791455.808955207
35 133 40861738.730096914
35 134 45563292.149117045
35 136 2198094.872462533
35 137 168165984.00981954
35 138 18589509.49778943
35 142 60148937.75107239
35 143 3964227.4651319836
35 145 6813758.077052106
35 146 165429401.48277122
35 147 61208712.96570113
35 149 15572802.519813815
35 152 43686883.07633011
35 153 2739144.331189053
35 154 3898086.253013872
35 157 32899291.833382674
36 1 60414532.34348204
36 4 65452463.162028044
36 6 134978576.71618155
36 7 6010413.485146979
36 19 14687847.56197394
36 20 1244712.3164743676
36 26 10432.250243064558
36 30 10050885.516079642
36 31 26418562.944141254
36 32 86931549.81777862
36 35 10323934.344511408
36 38 17713125.84907527
36 40 89560747.20903993
36 45 125450.3102953129
36 49 13274707.059316859
36 51 5358158.970386687
36 54 63027287.02797864
36 56 76937671.94381905
36 64 27689538.401609123
36 65 350128602.2181257
36 66 207931.28392834106
36 67 97122345.22568972
36 68 14091238.03464405
36 70 45367137.65609174
36 72 105456620.09042881
36 74 2908705.383857505
36 75 40745054.839632004
36 79 174075385.96460354
36 86 1429288.4023676494
36 89 72925773.11080937
36 93 48673374.31276664
36 97 28314710.95020073
36 101 74217186.0900465
36 102 4904076.752790296
36 106 38627763.64957058
36 112 5582108.169913871
36 114 130400882.88646227
36 115 172988632.50580403
36 122 487529.77981706464
36 125 7289628.409325612
36 130 11243903.025417615
36 131 48932207.81947112
36 133 17409767.1989518
36 134 6843183.2264344385
36 136 780227.070500542
36 137 147819906.39861834
36 138 249749860.41602287
36 142 476051.60693000455
36 143 1356248.703875657
36 145 3923806.6240793867
36 146 951752.8174657424
36 147 72574253.29735826
36 149 3222387.0799733503
36 152 102547127.34728701
36 154 92703582.92215937
36 157 46559996.779613376
37 6 15021659.14732407
37 7 192623365.57388347
37 19 59762710.50455562
37 20 1775525.8040063868
37 30 2593558.7866470125
37 31 235274246.1068725
37 32 30809132.73913549
37 38 302744.81839700375
37 40 231396583.33512875
37 44 6261603.200336056
37 49 271966306.7927719
37 51 193967963.58046493
37 54 76579397.44829479
37 56 40607279.101700366
37 63 4565193.689937505
37 64 27484677.606940214
37 65 27063889.818714447
37 66 8165537.784248555
37 67 7741698.0027635945
37 70 371213299.27140653
37 72 149963291.47876954
37 74 133788761.6092022
37 75 62961130.74505798
37 79 60980704.71813389
37 83 7355930.654634758
37 89 14969914.713424327
37 94 44000955.01099152
37 101 12695539.844394064
37 106 2226160.413612725
37 111 107289398.22451536
37 114 72482514.83905692
37 115 96578088.50903888
37 125 29982806.729005754
37 129 18600808.84276103
37 130 14640720.340426425
37 133 45264141.70421277
37 134 30108232.887098793
37 137 169929994.6093699
37 138 10423317.856866963
37 142 75348231.45994356
37 149 8242069.962750393
37 152 67848362.9317982
37 154 4032776.5542192287
37 157 9075258.28129519
38 1 7890313.722074881
38 6 1861456.5276257987
38 7 13920218.257488184
38 18 740482.0312806772
38 20 2990238.8846007087
38 26 8465204.327722942
38 28 1027597.2793313873
38 30 11558639.126236882
38 31 2241512.782638991
38 32 29511750.532553803
38 34 591959.8973747853
38 35 846602.3216796725
38 37 6516446.969397807
38 40 3266301.634739159
38 44 41041025.643856026
38 45 22861683.20150767
38 46 8649931.606047621
38 49 5270626.724381114
38 51 20596186.618497014
38 54 2241248.7798842452
38 56 13962078.090014294
38 58 24472824.101264324
38 63 9599727.275021106
38 64 1959094.7978395734
38 65 127637.82460394048
38 67 317971.09889793146
38 70 24116448.93006908
38 72 19108157.182144523
38 74 4780571.852455157
38 75 573704.663788949
38 79 16170859.765545113
38 83 1516984.8757122448
38 86 942161.2836742505
38 87 1039489.0296535839
38 88 11340609.990089864
38 89 1259147.7905708414
38 93 9856070.755915845
38 94 7320665.1283330945
38 95 11195839.29046678
38 97 19950983.735731807
38 98 712741.9325768477
38 101 9559568.066752223
38 103 15793129.250701971
38 106 32900365.733250875
38 107 4563348.04530626
38 111 2356602.847635127
38 112 2484838.046222115
38 114 7587513.59221885
38 115 34802372.56557809
38 117 15529809.25554843
38 120 3893345.3141995724
38 121 133629.1509072165
38 122 7924652.700058107
38 125 4093522.083544489
38 129 4818356.74413403
38 130 8339554.04949171
38 131 30028769.049573455
38 133 10586735.437601503
38 134 9681221.059685066
38 136 6309282.133972864
38 137 35079453.4738893
38 138 4090332.809469953
38 142 7467143.843337707
38 143 762251.2587935431
38 145 2511783.786079578
38 146 2393254.5414521717
38 147 12774645.741211629
38 149 1870691.0085258165
38 152 21928345.785192214
38 154 5187895.852977101
38 157 22709470.62717888
39 1 5141419.964314311
39 4 9720950.23500085
39 6 4573554.636840255
39 7 19896319.447234478
39 19 16795816.855298582
39 26 21197797.5299506
39 28 2086661.555542185
39 30 12153130.91811319
39 31 11857949.611292731
39 32 36445182.99320812
39 37 7759986.076376049
39 38 11320200.150821881
39 40 20388824.20113103
39 44 17083106.96442307
39 46 13100408.029325252
39 49 72310385.07758112
39 51 3966380.0792786675
39 52 8345709.365067506
39 54 7441916.711376845
39 56 37968120.934827484
39 64 20245053.75558392
39 65 14241855.876253068
39 66 7891918.249058309
39 67 13499247.367065966
39 70 14952646.313749682
39 72 10847040.214014523
39 74 16114806.287670916
39 79 19621258.196287826
39 83 3719422.6861457066
39 89 2986543.5688708792
39 94 51269014.39955512
39 97 23261366.49767748
39 100 6402303.403231416
39 101 377904.7128344375
39 106 26366803.541394174
39 107 6618766.57528142
39 112 32023347.99136181
39 114 8398031.20761429
39 115 29481162.611036554
39 117 8631466.850300057
39 122 715591.7168555097
39 125 3661824.3472216846
39 130 12837991.40386934
39 131 13805953.760135788
39 133 5093420.470255783
39 137 31838826.052930612
39 138 10485701.318664271
39 142 58799210.89532554
39 145 3165753.039492888
39 146 1662686.497425786
39 147 2056807.3945664999
39 149 510653.4006495555
39 152 6439368.828423855
39 154 4266832.146727961
39 157 32737459.76888524
40 1 128652318.415261
40 4 103025381.57081924
40 6 2715142159.7161446
40 7 166936921.08852077
40 15 2733020.9192524254
40 17 3867588.909457239
40 18 424166.18172270345
40 19 866300920.9229897
40 20 2743433.0346264597
40 23 192155.81879845384
40 26 1275560960.4247296
40 28 41441.93147194564
40 30 102521293.67232454
40 31 1564283667.0891333
40 32 380383211.0686191
40 34 13963452.14626782
40 35 44016138.8729262
40 37 121768786.10834703
40 38 38144240.30333531
40 42 546448.581050228
40 44 8255416.173004593
40 45 49173838.78328366
40 46 29914164.54962387
40 49 621111011.4175739
40 51 4264714735.58028
40 52 4291876.119743838
40 54 420899139.8293682
40 56 324803129.7969654
40 57 897700.1817542356
40 58 89431059.47639254
40 63 4758298.577211354
40 64 2506594098.7944217
40 65 138803141.1202368
40 66 1901708.46189111
40 67 57967991.427009635
40 68 1006897688.9897412
40 70 93253503.67772995
40 72 212066049.66650242
40 74 2733297992.3758855
40 75 24304142.81169964
40 79 25707338.11874616
40 83 35121068.62645284
40 86 27757132.535722017
40 87 1288817.4095582555
40 88 20242712.087492846
40 89 714411032.7636173
40 93 2332702.2352803266
40 94 469408705.6203567
40 95 1801919.3945675467
40 97 129313798.87170482
40 98 16672318.554983186
40 100 716968.496182766
40 101 1659502492.2471633
40 102 471713334.78142226
40 103 4381715.599570132
40 106 605301298.1501601
40 107 530271.6630201559
40 111 168503750.0405658
40 112 171180502.0788068
40 114 273528062.9340227
40 115 58094728.04315954
40 117 201764560.5483705
40 120 2251495.5691373344
40 121 4226235.408019218
40 122 314211.6356191069
40 125 483914642.1752116
40 127 1014625.1374221122
40 129 2841375222.867964
40 130 71479336.5240027
40 131 558332082.6267172
40 133 1268889031.1018221
40 134 81790358.78524876
40 136 34487051.68026426
40 137 475073720.8065927
40 138 782244163.1466758
40 142 58788229.36150008
40 143 962507.0247267435
40 145 13292769.54492608
40 146 236699709.6927619
40 147 948770839.5558141
40 149 3042232.981817989
40 152 737926084.5418828
40 153 17671441.474224232
40 154 53539925.37558758
40 156 342078.41128985654
40 157 362426185.6654288
41 4 605785.4862339983
41 6 389470.61119365523
41 7 32031.339878349056
41 26 223037.14148947218
41 38 757955.743357414
41 40 180025.40667121558
41 49 1088717.188981606
41 51 167604.09642391655
41 54 48173.12114039877
41 56 177475.87062028502
41 63 145568.98520480018
41 64 360986.41754244576
41 65 1899178.222295505
41 70 720373.5845170908
41 72 385879.4297526615
41 74 182115.80824771436
41 79 63158.82254559307
41 89 287445.53648885747
41 101 172327.51194814456
41 102 80060.1344362753
41 112 18137.139214903476
41 121 1093000.4177863006
41 125 91376.99889097322
41 130 101996.1478539186
41 131 8835.529604174802
41 133 24062.634468064727
41 137 199838.2688603288
41 138 85442.80602867194
41 142 27949.052171936615
41 149 429362.84325136105
41 152 619912.5872720439
41 153 13962.498038466498
41 154 270587.45088321983
41 157 70329.1805637699
42 4 1925809.9268867811
42 6 11019102.565712618
42 7 2036514.4569794612
42 18 1007568.7640049774
42 19 993192.9398094343
42 26 973514.0644115894
42 30 2633169.0041124127
42 31 3867768.510779689
42 37 1961409.2131856296
42 40 3051247.6996964808
42 44 1272718.6041816762
42 45 1507546.2940965341
42 49 1677000.3770051573
42 51 2415281.4289737386
42 52 724301.9426546237
42 54 2035638.2903722879
42 64 462609.8450625616
42 65 13505677.25036225
42 66 383332.6621216603
42 70 3039473.777741768
42 72 144415.37368359725
42 74 1155937.2665613042
42 79 1991869.017223553
42 83 667589.936687347
42 86 6382342.763473318
42 89 5850409.78882002
42 93 1127157.5964300807
42 94 411436.496687578
42 97 18049.728669524557
42 101 674617.5029855669
42 106 460643.7129450511
42 112 523218.07087666175
42 114 1009856.4932585282
42 115 401664.0919001625
42 125 3186596.8741907193
42 130 2833541.3174142353
42 133 2822.687813317779
42 134 205331.77672712586
42 137 580183.5571801376
42 138 3221695.02516455
42 142 1346506.174742471
42 146 1561331.9374029983
42 147 3544537.052784423
42 152 1182755.8423897515
42 154 1785910.6766491502
43 4 9329278.543842392
43 6 35558701.888420604
43 7 27936930.421767525
43 18 18477876.29632424
43 19 76998408.44977933
43 20 10515200.261267934
43 23 4744048.625265587
43 26 99765000.51223488
43 30 88847475.6202084
43 31 156582345.03223494
43 32 959400.7258511605
43 35 4755290.193141143
43 37 51509462.16633872
43 38 1552231.418421239
43 40 4442368.45769105
43 42 732686.48387446
43 45 8380254.5561664775
43 46 15905537.73711515
43 49 5836769.778351955
43 51 53006090.7816572
43 52 5958518.07869532
43 54 75813659.12593654
43 56 57765961.45137625
43 57 4660824.545221095
43 63 22688338.81363757
43 64 11977496.01855119
43 65 15739465.180763667
43 67 35126866.26766277
43 68 108943604.8000091
43 70 36890003.20088027
43 72 734791.3178994483
43 74 56393747.278578855
43 75 45803059.15966767
43 79 4442721.350004152
43 83 777865.367181065
43 86 47372119.92112969
43 87 2166451.6146882656
43 88 3550954.7660428756
43 89 38948480.19310222
43 93 66112343.01199759
43 94 36377458.28600154
43 97 9821805.146134576
43 100 1446379.6848507707
43 101 70433696.12251696
43 102 122848655.5329365
43 106 30039169.14953071
43 107 2281885.872235474
43 111 17609673.54797763
43 112 77890042.64200756
43 114 26884512.150044918
43 115 101428784.83097859
43 117 34649351.05248646
43 121 12386680.182477629
43 125 80275755.65978633
43 130 17013205.333561115
43 131 37586763.84448378
43 133 55074907.427797146
43 134 7816675.301607437
43 136 1570457.6519273864
43 137 98236714.13284451
43 138 177146798.7580248
43 142 244311551.17505017
43 143 1739217.4275183294
43 146 34703699.489057235
43 149 3217308.096781903
43 152 79825716.28566292
43 153 65691520.78447687
43 154 3814135.380634339
43 157 30309066.48601992
44 1 5797698.161712944
44 6 410381263.6086463
44 7 250282532.74548197
44 19 60443561.876548946
44 20 9981117.316224826
44 26 24443218.627313122
44 28 4291769.398933471
44 30 13163995.24713216
44 31 84339025.25226426
44 32 71066686.21367233
44 34 4603787.815451528
44 35 18931815.074509677
44 37 23421744.717158906
44 38 10114927.155544406
44 40 281100099.575331
44 45 59935815.09395903
44 46 23105606.57801485
44 49 10096696.804297013
44 51 109698222.41166933
44 52 2539956.823768886
44 54 946.9236184130629
44 56 79746770.35636277
44 57 4394639.590373725
44 64 93873666.91283672
44 65 7345017.793447664
44 66 19609660.70482476
44 67 21599605.78044243
44 68 18974623.587238148
44 70 135000934.10227537
44 72 90772729.14107142
44 74 154744722.8244348
44 79 29877810.412514992
44 86 12249847.034194438
44 88 14156916.980102235
44 89 248473524.51333708
44 94 31978659.390964955
44 97 7524242.338371914
44 101 94019296.42808793
44 102 56326432.1970267
44 103 2322779.3902937626
44 106 50928170.931308396
44 111 22424570.959175006
44 112 30085955.484703384
44 114 20806767.42402696
44 115 12552050.168133687
44 117 91975965.91638307
44 122 4182985.652346986
44 125 47086049.55399598
44 130 15066616.269002203
44 131 268153624.5382555
44 133 163675824.1448127
44 134 33836508.618427336
44 137 16850663.776549447
44 138 25506161.350713965
44 142 6170094.993280666
44 145 22663592.41469523
44 146 21662520.68641343
44 147 132044315.36338969
44 149 15896157.16466818
44 152 270046421.6173432
44 154 1233751.145578492
44 157 83122573.26715265
45 4 7093312.436781985
45 6 86058700.99403164
45 7 107957366.52468063
45 18 74439964.10486497
45 19 7293834.228487156
45 20 8643335.57343041
45 26 157649389.27504998
45 30 7753509.715991714
45 31 1220036.718922478
45 32 96850393.84910814
45 34 3779605.538701604
45 35 39547300.808137074
45 37 20140158.888310257
45 38 2910059.9109933423
45 40 1410914.442744718
45 42 850884.2446926824
45 44 16604423.008193878
45 49 19958298.58025203
45 51 73142680.48601541
45 52 1619135.500976443
45 54 479997.1814811149
45 56 336173835.5980172
45 57 2291807.7681173417
45 58 42613726.68314431
45 64 257849394.75835872
45 65 31225721.159338757
45 66 8233110.913429158
45 67 123477899.01140143
45 70 223747278.93426788
45 72 71916523.79716535
45 74 169862430.05690593
45 79 38592680.54221186
45 83 25656883.430646442
45 89 172607609.5000339
45 93 17577554.720529012
45 94 140418541.5822215
45 97 94798473.3949197
45 100 21207031.22022455
45 101 321802455.6707663
45 102 98667516.06420429
45 103 15597980.977671659
45 106 8597174.005389968
45 111 40737698.27151027
45 112 35604651.14170937
45 114 298488411.1890184
45 115 176742728.1692247
45 117 30283518.512090877
45 121 6348792.600609003
45 125 141423701.05761105
45 127 1788191.2076555574
45 129 158314059.69491863
45 130 90375401.68448341
45 131 606175181.9131495
45 133 77461555.797191
45 134 102674349.00381267
45 137 127482638.1663965
45 138 42291570.85426326
45 142 182530323.2823608
45 143 2281455.563922125
45 145 45483356.19719277
45 146 111965134.6137337
45 152 160928160.00852105
45 153 762152.0367584634
45 154 27599061.080593787
45 157 9264145.7362983
46 1 19402727.926984634
46 6 54017702.474652424
46 7 6729769.2645195415
46 19 23018350.636837013
46 20 19420937.427581705
46 23 1645560.9694351119
46 26 6409258.20399579
46 30 35640813.791758336
46 32 55688244.56144286
46 34 151084.60544757312
46 35 20441288.606129292
46 37 8821988.754326724
46 38 1886494.6773823604
46 40 54793395.29801703
46 42 115971.71589135958
46 44 16193380.046524765
46 51 21435639.903974947
46 54 24287572.942363545
46 56 65792002.02439056
46 57 786189.3957547159
46 63 23967553.33902548
46 64 124945024.91810873
46 65 10465392.91281092
46 66 461800.41830329254
46 67 66694323.28704025
46 68 6013734.1279729875
46 70 6933000.702431757
46 72 7188223.045349403
46 74 29339061.1902927
46 75 16238686.383544533
46 79 19122385.397401374
46 86 5056906.05585531
46 89 24203251.801189534
46 93 15426641.326567054
46 94 32446885.810066223
46 95 5738790.559106218
46 101 56404906.01689796
46 103 5179482.9224893525
46 106 36558511.616456494
46 107 59203055.2445034
46 114 12486781.86790535
46 115 5534071.920379341
46 117 45560569.11916828
46 121 6857335.931922276
46 129 15988870.102284187
46 130 857370.5218420187
46 131 81368018.47924785
46 133 19114531.268094666
46 134 8044662.501614901
46 137 49783270.41025882
46 138 37183454.55704949
46 142 57942336.75740981
46 147 32392150.8461963
46 149 5060396.840300636
46 152 11390628.313170744
46 154 16677972.103810403
46 157 58830051.63725019
47 6 2122904.764858511
47 7 3456296.1394420285
47 40 597738.4109782652
47 49 49249.6741715587
47 51 2678141.7615207755
47 54 1403332.293067078
47 56 2558300.8794787
47 64 4102842.1920421245
47 68 1516867.7520334828
47 72 1580006.5260961484
47 74 1784008.2358995734
47 79 54672.01759417758
47 94 1886270.0317281277
47 101 876247.5541272212
47 102 4212748.708929159
47 106 4073763.370123395
47 115 3043565.740740346
47 121 1764391.9262628816
47 125 1406931.0429012312
47 130 1377934.8932161403
47 133 107099.22151435341
47 137 1572207.0517690892
47 138 728980.6673301082
47 142 226072.95574469748
47 152 3621909.9287789497
47 154 300114.166696709
48 7 16600781.06284084
48 19 6157908.453956246
48 31 235036.23135725455
48 32 14881951.150585875
48 38 6802978.521135279
48 40 8913511.367761217
48 45 14392095.479115197
48 49 6412028.956865133
48 51 3204447.825337224
48 54 12624851.550759878
48 64 14611070.175480833
48 65 44814809.88911717
48 67 2050208.4818640768
48 70 19647826.659044966
48 72 789047.5018949487
48 74 2653543.711306987
48 79 17656204.01413154
48 86 37096523.515058234
48 87 3519323.6687465697
48 89 13396568.921269476
48 93 38918731.7784297
48 94 3429200.718210032
48 97 4622226.818197358
48 101 5250874.859381544
48 102 20135875.983051993
48 106 9518688.825860927
48 114 95125.47336027908
48 115 30784069.403614834
48 117 5666559.208159481
48 129 5133952.982532749
48 131 6391474.777196054
48 133 14598197.386686515
48 137 22002151.905728847
48 138 17780135.61540279
48 145 13865333.699180955
48 146 12703091.121869598
48 147 5494364.548450604
48 149 529170.5705588289
48 152 4703091.494884211
48 154 1087743.3962752686
49 1 256360185.8508111
49 4 62074741.90578875
49 6 3924853833.8326406
49 7 112361977.47214231
49 15 20007763.30232681
49 18 11174028.981745586
49 19 460370820.0009349
49 20 11829898.553547088
49 23 5340244.616575218
49 26 3592200.7081493023
49 28 466249.5799278507
49 30 163811125.05640736
49 31 274744359.4983234
49 32 248740774.61349317
49 34 1589761.8068753125
49 35 45335114.90617236
49 37 3776.036022520775
49 38 12435982.220429683
49 40 31518269.65326836
49 42 222432.78438888615
49 44 23910533.05580907
49 45 20751635.29043029
49 46 82143469.31540589
49 51 957691611.5463308
49 52 318741.06392480707
49 54 17808064.37008506
49 56 456528102.21624076
49 57 353573.7741571736
49 58 28128389.066743832
49 63 3448485.4922865303
49 64 808489194.0679065
49 65 291058084.6680536
49 66 15088607.34235187
49 67 1123600118.2586877
49 68 35977726.84949053
49 70 82905513.07975553
49 72 225208626.51928735
49 74 1891297720.5202935
49 75 66160124.13068427
49 79 330500688.5017756
49 83 59699483.452610195
49 86 1931746.952311494
49 87 2204758.876574696
49 88 38521752.38264131
49 89 285198646.47689235
49 93 141866613.84326428
49 94 800063089.6889224
49 95 4906289.686315901
49 97 58467436.22646966
49 98 10417386.375607677
49 100 14786316.357537134
49 101 834205052.0115949
49 102 70296210.37373734
49 103 10483955.148200506
49 106 531022731.2775898
49 107 42917137.68936293
49 111 30375739.007460464
49 112 18170578.1332263
49 114 303099878.42411804
49 115 297730050.9230382
49 117 7180169.628943408
49 120 4933974.471535265
49 122 860243.1597910292
49 125 971515220.1462246
49 127 947315.7809580981
49 129 161640226.468713
49 130 120393387.23619777
49 131 416502350.50789946
49 133 1554689066.8566616
49 134 38639500.04722082
49 136 20855880.405706823
49 137 245384591.60754436
49 138 145981798.75944966
49 142 627727230.9373003
49 143 2185010.886397172
49 145 21419966.70675162
49 146 234959890.180573
49 147 653520718.2317708
49 149 3431061.9305914626
49 152 30649134.03904443
49 153 54258967.29589565
49 154 153252637.3819243
49 156 1110957.9282279983
49 157 26941246.60190877
50 1 1800988.4421407129
50 4 132405.51869961474
50 6 6629675.666469904
50 7 11505072.192622075
50 20 390355.5135305894
50 26 1481871.629186057
50 28 962974.2529667086
50 31 456000.16757838393
50 32 10212083.180947611
50 35 12046199.604492038
50 37 3878184.198905479
50 38 15832190.429483242
50 40 2402852.645107433
50 42 1123876.0145601856
50 45 7621685.490389077
50 49 562343.217565959
50 51 6312695.541075022
50 54 2283354.638212629
50 56 11183780.100225076
50 58 6862731.327152589
50 63 6084956.357039312
50 64 3630388.2831244483
50 65 5151056.05973187
50 67 3502996.348113764
50 70 5608469.183580282
50 72 6896987.3796936385
50 74 7872178.355419242
50 75 1560108.3179069345
50 79 5628934.397687556
50 83 5585019.963417622
50 89 5983708.082582933
50 93 9258050.709525798
50 94 81155.79140819644
50 97 2865221.2876980365
50 101 7004236.554210165
50 102 5968480.594509883
50 106 2535321.050226436
50 112 157158.9577032738
50 114 701401.1231830482
50 115 54510234.75683329
50 117 3431046.7404439915
50 125 450495.92744085385
50 129 674604.8731286785
50 130 595646.2581948289
50 131 4330975.096182927
50 133 446053.60304580856
50 137 3498648.5557213305
50 138 6488833.261942964
50 142 12101613.312920375
50 145 1873714.7037289208
50 146 2145670.007293778
50 147 1914585.7720873116
50 152 746439.7616742793
50 154 1048125.3557525111
50 157 151815.8326479887
51 1 13242769.487404086
51 4 1956772384.4138203
51 6 5826929774.397962
51 7 2054577126.4498992
51 15 3483074.4712755205
51 17 3985327.47978707
51 18 25274034.899934195
51 19 70314945.56714816
51 20 35452945.30543595
51 23 3208657.0696215457
51 26 2677109211.2292542
51 28 1228700.2136424703
51 30 137882589.0001385
51 31 12054000977.736319
51 32 161877088.02067673
51 34 2303331.3141866615
51 35 46337088.506014295
51 37 98617172.68261407
51 38 6235554.179623612
51 40 257133530.10352167
51 42 18503.815552388565
51 44 38158472.64043213
51 45 490196373.942807
51 46 64172505.18634604
51 49 352663106.1301729
51 52 16707001.011048026
51 54 12800891866.905605
51 56 1513026317.6554487
51 57 411535.99291230575
51 58 10551896.045836532
51 63 12698283.49276965
51 64 24565928689.684864
51 65 87629881.1937491
51 66 1279316.8452754896
51 67 432566894.2854109
51 68 1772074108.464566
51 70 205902344.12641078
51 72 44194556238.286606
51 74 8739711195.363329
51 75 277056.1241692222
51 79 2877933141.984642
51 83 684664.2307285494
51 86 3521440.6604051287
51 87 6374462.779422859
51 88 2356755.4735274636
51 89 307000809.7214767
51 93 34600175.84885132
51 94 7839272309.596527
51 95 14825102.388261441
51 97 49578430.18879212
51 98 15985321.491806958
51 100 27830936.54950098
51 101 6530397636.079694
51 102 659343238.7065887
51 103 12201596.282495799
51 106 2296428375.015342
51 107 37000448.51567204
51 111 46854717.97345984
51 112 24022368.3807895
51 114 336837208.1473395
51 115 3028152264.072545
51 117 333846106.9221254
51 120 1523102.2173537514
51 121 419387.55257887754
51 122 482354.90016526444
51 125 601560388.4476724
51 127 2342798.722582615
51 129 10784940778.492405
51 130 48731879.99128475
51 131 1095371226.471745
51 133 1660452420.6672184
51 134 138068803.2881757
51 136 1243568.4046331032
51 137 192697999.59042728
51 138 1416614191.7112906
51 142 399378119.0624879
51 143 2248091.820397754
51 145 35497028.488557465
51 146 5174028.488178834
51 147 52570610.90858184
51 149 585544.6836400455
51 152 10437812814.28421
51 153 114544916.7289499
51 154 3890343080.943995
51 156 56493.53442646603
51 157 179642106.50582963
52 1 23935701.78108309
52 6 25486957.077549487
52 7 74827281.24274875
52 18 6018973.178505495
52 20 25841041.415910076
52 26 3593068.935637636
52 30 74017691.39226715
52 31 55166355.87607021
52 37 66807210.56429383
52 40 70041482.89645855
52 45 28443366.48854661
52 49 27855553.280648664
52 51 139184628.71369296
52 54 33670133.34970073
52 56 17271314.23148773
52 63 3926274.6002692133
52 64 121192769.09354238
52 66 6862555.803519722
52 67 4220747.538953841
52 68 37186116.129869536
52 70 109003866.52672155
52 72 25321589.11187601
52 74 67856183.49504745
52 75 24163301.637190282
52 79 34476380.455198705
52 83 5744944.834722481
52 89 152535998.57937923
52 93 30878465.38560079
52 94 33576037.563677475
52 97 14645535.124452408
52 101 148474676.96951336
52 106 71998578.4887441
52 107 12716953.673102396
52 114 4584966.810756241
52 115 103717961.685211
52 117 42806768.80011605
52 121 16371893.14047322
52 125 102438838.78414539
52 130 47941175.13497489
52 131 12007068.240428345
52 134 27671972.973458257
52 136 6287650.904121683
52 137 20017309.45252161
52 138 24903821.897830836
52 142 72188875.31751321
52 143 901774.1291757557
52 145 5743689.390172121
52 147 57810292.18306844
52 152 58171627.44550503
52 153 10987233.465358041
52 154 165353815.49778968
53 1 760784.4128564702
53 7 6153.491300173415
53 19 3509223.2851339094
53 20 7782177.041616878
53 26 1545571.7357418882
53 30 537620.7113346244
53 31 103183.15057416182
53 32 843593.6209515532
53 37 1944173.3961185631
53 38 1041829.3019712134
53 40 1391756.3525564098
53 44 2268577.2614225377
53 49 546635.8273835075
53 51 559351.0331247427
53 54 3161030.175494325
53 56 4254204.938242451
53 58 98288.98964414244
53 64 8199871.891492285
53 67 1416798.2935434384
53 70 3946479.9011051934
53 72 3494371.2238341863
53 74 2926892.1584352893
53 79 1270373.8010535617
53 83 7264313.620855318
53 89 2617309.638756958
53 93 1474222.0235346528
53 94 960782.8959661972
53 97 840363.3847977433
53 101 1633046.6034097124
53 102 2338713.6937380824
53 106 1721939.141254334
53 112 2945815.248805046
53 114 1245867.738463839
53 115 241351.6708767665
53 120 640527.7811288196
53 121 2143.8432776684667
53 125 2512227.6592521775
53 129 749695.8964999351
53 130 1609832.7839447905
53 133 3898899.5731601603
53 137 591559.4257221011
53 138 9510609.212335026
53 142 712791.843244574
53 146 1634150.8872283625
53 147 1613729.6200259547
53 152 3525419.3346735206
53 154 919637.6422837455
54 1 14816559.014574932
54 4 232985031.44379172
54 6 1202032039.9563222
54 7 2672329711.1236777
54 15 5862994.506680837
54 17 3648401.9372966806
54 18 30653869.035416603
54 19 388369547.00629675
54 20 22498287.218320344
54 23 2152781.3453250756
54 26 4511021374.163236
54 28 465878.6177853198
54 30 136882420.27478138
54 31 4199189109.392889
54 32 729930949.6179485
54 34 1401470.6510189348
54 35 7150197.862957096
54 37 37396930.00179608
54 38 8133890.76473413
54 40 1455804655.3528337
54 42 709946.619076799
54 44 49434165.0355677
54 45 104157286.2833115
54 46 71023026.04475826
54 49 1646434924.9457738
54 51 3642879701.116614
54 52 1784219.4316664936
54 56 555863107.0299917
54 57 491027.8859499149
54 58 99654995.47247547
54 63 944637.4858080667
54 64 15532657584.34663
54 65 206605254.18552196
54 66 38100071.49266472
54 67 248537837.4836595
54 68 3272809787.390593
54 70 490989993.48620117
54 72 6802573464.338845
54 74 31233095208.17367
54 75 11895200.655437957
54 79 10212029571.860281
54 83 7274533.197906531
54 86 2012848.9575174858
54 87 14585266.50058815
54 88 1623109.7128230378
54 89 1505462983.6311104
54 93 18570491.268749226
54 94 4542406133.468132
54 95 15722599.84041735
54 97 80498897.45159625
54 98 12276901.402832566
54 100 18850871.729706775
54 101 18801333270.326794
54 102 231727334.15087536
54 103 2005570.2652051975
54 106 1369422981.8765845
54 107 13840092.856878955
54 111 9681557.79813348
54 112 11749925.911504278
54 114 156817659.31059232
54 115 169073203.4628294
54 117 106239765.392817
54 120 524396.3185275563
54 121 413766.9694139668
54 122 2644006.677181714
54 125 157444520.88781315
54 127 5183856.407391108
54 129 3671471838.6885705
54 130 77213132.45854166
54 131 220370765.49551463
54 133 25153487511.451595
54 134 9440639.417364279
54 136 10618118.687326364
54 137 8599956615.081572
54 138 1299059561.3127286
54 142 667439746.3500009
54 143 3155409.306221363
54 145 6654475.240457643
54 146 1588578.805491504
54 147 360739026.7433601
54 149 756082.7644051836
54 152 32587249326.838573
54 153 103947359.43862128
54 154 81707385379.45674
54 156 1250186.72364626
54 157 32461247.54469962
55 1 2770140.247570369
55 4 13959313.976529898
55 6 14598878.337357707
55 7 6334067.816854434
55 15 607182.110215147
55 18 19367994.423999645
55 19 482321.19173713785
55 20 14580947.629835272
55 23 5574210.191712275
55 26 43691525.550731614
55 30 15265752.65827887
55 31 55937592.9772927
55 32 8297925.972721257
55 34 3160366.200196309
55 35 19624736.04357913
55 37 6726550.127685447
55 38 14006225.509470655
55 40 29509345.492368896
55 42 1665397.4058255714
55 44 6205489.192894713
55 45 14044801.909318216
55 49 83066003.45410381
55 51 29886188.521707617
55 52 8640079.11689602
55 54 42087167.94033514
55 56 5572669.304437937
55 58 21500172.8727398
55 63 4922335.867373537
55 64 6907031.474792248
55 65 18777015.992434166
55 66 12690571.375985403
55 67 14303661.960572017
55 68 50652361.25842995
55 72 21276761.665170766
55 74 9924920.788326494
55 75 29669126.911169335
55 79 8131626.9117854675
55 83 17276208.424941722
55 87 20529636.29039653
55 88 7975182.851437594
55 89 35707466.62735889
55 93 11938361.409318836
55 94 4761823.722968889
55 100 4292339.048163139
55 101 25866477.32514928
55 102 50481432.49268729
55 112 1832767.4729547864
55 114 41711728.24004145
55 115 24989264.009821337
55 117 11189339.595296087
55 120 1978077.5962477506
55 125 5478320.251368754
55 129 6486565.507433786
55 130 6929084.180530744
55 133 11402141.562570479
55 134 21562404.680869
55 137 42138791.66331484
55 138 15449758.421502989
55 142 116175535.33284228
55 145 6620608.216501598
55 146 11784292.629014146
55 147 26921816.287558705
55 149 4150786.755141711
55 152 47298391.2034378
55 154 26185180.898692027
55 157 225694.2868586294
56 1 54612644.17050059
56 4 14646742.20630816
56 6 15264079.004191918
56 7 199315775.91938746
56 15 17552812.4431275
56 18 2997295.9769161805
56 19 384540210.70155406
56 20 763547.0935007209
56 23 4330104.888212186
56 26 8014350.717239941
56 30 106017990.38716576
56 31 129518176.44826084
56 34 619432.3001866958
56 35 61739869.82632002
56 37 2475646.123214793
56 38 6503646.355385372
56 40 48964778.49381828
56 42 6013165.600168219
56 44 77930073.61451638
56 45 203162284.11856562
56 46 54700936.80470089
56 49 148313537.20611766
56 51 139294894.44404724
56 54 65071855.334422484
56 57 5578098.762480828
56 58 15003500.58384423
56 63 585608.9544754681
56 64 371196513.23733723
56 65 100730115.035842
56 66 7123171.183124831
56 67 316816240.62834895
56 68 281253211.36464375
56 70 64262621.437935896
56 72 318830080.3633838
56 74 26575875.07534419
56 75 19887356.262683555
56 79 530452914.6871506
56 83 5081125.448681255
56 86 35086545.75649605
56 87 1304340.4870483025
56 88 19577439.155304827
56 89 215967678.90691584
56 93 1302295.991291558
56 94 111439694.02210441
56 95 3911929.0598949296
56 97 12698134.64270426
56 98 10628343.224163111
56 100 19202346.438694417
56 101 478221233.126605
56 102 51884659.81195859
56 103 24184669.07835266
56 106 492457764.7191143
56 107 8657635.92552546
56 111 84979292.20482142
56 112 214634996.752843
56 114 362970531.4782701
56 115 38380112.83615089
56 117 5469584.089253407
56 120 838209.8648277385
56 121 1558144.342873971
56 122 3406712.9496395807
56 125 18760321.57055451
56 127 3946153.0673718676
56 129 245465953.25739807
56 130 5365481.560216705
56 131 43607798.469262816
56 133 93451802.54199715
56 134 153003.52516478105
56 136 1241262.565931512
56 137 51940088.10881685
56 138 83907728.43547389
56 142 460030363.721472
56 143 1418629.3533864052
56 145 6071735.243719431
56 146 24419591.94559048
56 147 272624623.79079425
56 149 6738034.0354523705
56 152 49868065.891797215
56 153 63224284.90571987
56 154 65573143.44333968
56 157 25793375.580627944
57 1 2768519.0091282767
57 6 240474.52659056077
57 15 950672.1801601585
57 26 1244115.7155147213
57 31 403761.8407282739
57 32 259677.50613947093
57 35 373235.0128281157
57 38 1172462.2894024525
57 40 35246.93606434788
57 49 210332.90547429462
57 51 294531.3291922183
57 54 69251.6416700394
57 56 801585.7165621127
57 65 457308.41849221784
57 67 1464135.1276573776
57 68 132781.81468543664
57 70 1136152.2916403755
57 72 225515.90788015854
57 74 78790.41355238679
57 89 567204.6669183433
57 93 470243.3312654867
57 94 211696.93031537256
57 97 99617.27043685976
57 101 798793.8867269582
57 102 544152.5833239057
57 106 438933.25689852046
57 114 49996.09795757271
57 115 532409.3311104057
57 117 317988.68372666475
57 120 282309.80278199
57 122 183544.1173185102
57 125 127594.88692423872
57 129 82062.1255132559
57 130 41021.524361518605
57 131 161525.54963608048
57 133 603440.1205772893
57 134 92170.48741782793
57 137 111005.49325867581
57 138 2311667.5490032975
57 142 140383.20497366422
57 143 520586.5096219938
57 146 148627.7506714571
57 147 72884.82061651444
57 152 305959.62744324416
57 154 767382.328576837
57 157 60792.98622699469
58 1 135682495.74851713
58 4 36223529.03665976
58 6 37921223.714280896
58 7 61277273.497922614
58 19 158641518.4593859
58 20 28889598.566153634
58 26 100955353.39544493
58 28 2095682.3800903088
58 30 13501699.124251332
58 31 14097062.526826711
58 32 7915918.25563975
58 34 2676958.4186935592
58 35 15069610.738545593
58 38 32391534.022430953
58 40 149702495.39513412
58 42 1120913.1156851714
58 45 23968416.975949034
58 49 28424949.441629317
58 51 47350283.656115726
58 54 102304116.05340941
58 56 13365049.387615593
58 57 849665.5855216627
58 63 15808411.536748674
58 64 48393126.42928329
58 65 4865700.555271886
58 66 5916611.228953028
58 67 205232.34229663186
58 68 72578370.98846023
58 72 51804644.01718469
58 74 38607830.407849535
58 75 6985267.450524692
58 79 13710127.17273548
58 83 7032484.6592352735
58 86 2071181.898532909
58 87 703810.7512589108
58 88 39360173.720642135
58 89 9096882.60376226
58 93 22150200.22998554
58 94 27106226.6957461
58 95 5254188.840964521
58 97 45829316.5881982
58 101 16980374.712069973
58 102 26129996.224090032
58 103 18972937.654143415
58 106 21673511.49849177
58 107 7786272.781313116
58 111 349338.1071089961
58 112 28132773.001728367
58 114 77499896.677043
58 115 9565569.57542259
58 117 118281775.86230166
58 125 69448342.1078907
58 127 1389348.9584330327
58 130 17623771.005561966
58 131 194331556.13689348
58 133 241731101.36951655
58 134 53141001.2843763
58 136 38995604.44590303
58 137 423754185.96760476
58 138 189729956.75249523
58 142 583380.9912962551
58 143 1459906.3870901517
58 145 10369607.9264193
58 146 163490815.54036778
58 147 32936395.64884135
58 149 19109667.033112697
58 152 4629164.581495103
58 153 27493565.48170847
58 154 2747281.5407155477
58 157 61112951.20126405
59 6 7962976.804784157
59 7 12655686.036250165
59 18 11244131.823598998
59 19 13260697.571178539
59 20 7138056.217218529
59 26 6096953.683573895
59 30 2045627.9824027014
59 31 2340787.6915485323
59 34 671307.1527314419
59 35 5593039.941084572
59 37 8876687.568650717
59 38 5676050.980150355
59 40 3900764.151141785
59 45 85153792.01576321
59 49 4384436.74879056
59 51 2269.583764998423
59 52 9822493.83829317
59 54 123497.80051924451
59 56 3532458.3495586123
59 64 15579947.302212356
59 65 10192760.623259397
59 67 16334811.780889573
59 70 13294916.155290077
59 72 8202835.579317942
59 74 358190.06843964924
59 75 747047.2561614196
59 79 517702.06113373634
59 89 13749107.648698967
59 94 43499694.51209406
59 97 2066736.8540566866
59 101 685359.8167060331
59 102 19860275.55930611
59 112 10929419.841509307
59 114 14505437.005477306
59 115 20110670.580673426
59 117 41840.637948273165
59 125 20553561.56457947
59 129 51247431.26161629
59 131 12764390.155011164
59 133 9371454.942566892
59 134 12280928.884256588
59 137 3828124.122662633
59 138 7562221.930791076
59 142 20215747.07712192
59 146 11660236.064095438
59 152 990976.9897245694
59 153 12195325.662759436
59 154 1076199.847952611
60 20 3614142.572860342
60 26 5196893.760909857
60 40 1416112.644096791
60 51 8725066.202348296
60 54 191943.10288575385
60 64 885488.939988611
60 65 20378746.221331142
60 66 1912547.5501428114
60 67 4970699.315154399
60 70 3770733.981967158
60 72 810867.2102481759
60 74 4713020.099059633
60 79 174806.7943912996
60 94 2635732.3999702195
60 115 1932991.3033657342
60 125 8099197.184317174
60 130 157961.35902193622
60 131 2122608.0081197005
60 133 15326726.735497521
60 138 1142001.826362326
60 142 1054643.5938990493
60 145 215253.53014415104
60 152 2188987.5584155577
60 154 4290881.00633946
61 4 10638247.944326034
61 6 6434278.657583679
61 7 11360834.769830462
61 19 11709170.404596006
61 20 2141735.3630862506
61 26 587350.5253398636
61 30 3136534.5618053935
61 31 7579682.300062547
61 37 48403879.75791881
61 38 5807165.242166142
61 40 13360790.028965846
61 44 2255302.065758227
61 45 6694064.556600299
61 49 1916522.517181246
61 51 2124393.6658065887
61 52 560748.2211872267
61 54 12399847.67181404
61 56 9868637.227567574
61 57 49442.667394216915
61 64 17974405.80152517
61 65 1364328.4404102778
61 66 3058433.9295847863
61 67 9263490.304474449
61 70 1184823.5584958652
61 72 8843120.331915108
61 74 2812830.9537442615
61 75 12241442.200055055
61 79 19822367.602200523
61 86 4649883.412103463
61 89 5258351.896003075
61 94 1601867.575061841
61 95 4578590.2032636255
61 101 31741770.633862372
61 102 13549920.516542431
61 106 7803449.261700017
61 115 48716277.1680079
61 117 14728082.607410856
61 120 1284566.761600841
61 121 3584573.160555491
61 130 7053363.200864987
61 131 3055224.6673216033
61 133 4127681.0359609793
61 137 1549287.2058490447
61 138 167770.92037441552
61 142 9351384.799659919
61 145 1350720.614637403
61 149 1093135.57816637
61 152 2214660.758587107
61 153 2793656.4199239877
61 154 2482184.2747459738
61 157 2322890.669610283
62 23 188468.07016185092
62 26 750729.3893812051
62 32 976265.3766868229
62 40 298341.10957988544
62 49 234630.7833883122
62 51 915963.2971242772
62 54 4139026.75189478
62 56 1922235.4317736244
62 58 4119985.8339815265
62 64 6316007.4103516545
62 65 4220128.745465179
62 70 1045989.9963488372
62 72 756568.7710507866
62 74 1115371.2999160886
62 75 2292898.275885976
62 79 2081788.898428884
62 87 255259.41126713366
62 89 311358.0422656142
62 97 2927291.330158862
62 101 384003.6910255383
62 106 3495740.4964957475
62 115 1260695.7022141519
62 125 101346.00820731699
62 130 2581518.099414717
62 131 6669218.84392442
62 133 263149.0256046501
62 134 442248.0008310071
62 137 13546057.153651759
62 138 6452946.651468321
62 142 6899038.777618341
62 147 140898.33077229394
62 149 2024376.5854804628
62 152 952234.8867591985
62 154 562904.041390299
63 1 74873555.7504371
63 4 64860984.72859942
63 6 111979440.42872103
63 7 29426119.40740715
63 15 1375477.0757101572
63 19 98077583.17777982
63 20 3988827.433394531
63 26 21371755.188348666
63 31 29274949.05491522
63 32 1399629.8376462595
63 34 1113018.8861556444
63 35 10058001.809572494
63 38 515607.36613214825
63 40 15435190.88092918
63 44 57672242.29283907
63 45 10743806.722731045
63 46 18790523.079686306
63 49 73008624.83365707
63 51 149671519.52291498
63 52 2627150.5373266614
63 54 63420852.04959242
63 56 57998023.580023974
63 57 427805.60630179977
63 58 3710336.8581062523
63 64 3495297.485349652
63 65 6566488.342797314
63 66 1028944.1865356298
63 67 23167531.39603256
63 68 10868801.272511763
63 70 102619318.5059429
63 72 14248905.791512934
63 74 47133333.1463119
63 75 25512303.913111083
63 79 21254123.238557737
63 83 6414688.925594132
63 86 13340536.867887683
63 87 4126410.4004364493
63 89 42110069.9219397
63 93 28601925.692962978
63 94 5537871.162493975
63 97 58229304.760170236
63 101 1170207.9529348344
63 102 15551104.125155808
63 106 21543173.0945982
63 107 10783398.698477294
63 111 643620.631992571
63 112 18305669.079155397
63 114 47665437.72253605
63 115 17919798.76421774
63 117 5680885.026838148
63 120 2275019.709633695
63 121 6076218.18800276
63 122 830283.7332161152
63 125 32591520.44864113
63 127 14578927.772365678
63 130 3113183.7376702623
63 131 7214682.096726841
63 133 7234870.244476942
63 134 10588866.596453346
63 137 39612394.58147721
63 138 86027810.94552734
63 142 16324941.791600762
63 143 3106102.4101664037
63 145 3304728.936039615
63 146 39693275.86053426
63 147 3087187.2383447783
63 149 8915471.060617073
63 152 820783.1991063793
63 153 28104119.009954512
63 154 23438610.868250675
63 157 8940284.676464014
64 1 212469955.61999407
64 4 311093178.7635019
64 6 654572697.5044888
64 7 1816006931.7506256
64 15 4338797.266064719
64 17 3814356.256463634
64 18 28815128.44945173
64 19 783132892.986313
64 20 12726833.744184442
64 23 3785100.059802693
64 26 1399198629.712436
64 28 1637604.3261766764
64 30 325470.72954044753
64 31 1021658486.3578235
64 32 228668202.49412984
64 34 4957636.328449927
64 35 6834350.888157023
64 37 86115360.74470577
64 38 54769841.37540854
64 40 409252973.47148806
64 42 883960.6840354487
64 44 41836685.55834746
64 45 287681083.31676066
64 46 20208073.968436815
64 49 29414198.040716145
64 51 15070315237.566015
64 52 1566370.6501907737
64 54 1148385165.6700695
64 56 578550027.4894024
64 57 537399.779642262
64 58 33345155.82400466
64 63 4989661.799343445
64 65 69570694.92783739
64 66 3960144.792424085
64 67 135109814.2806808
64 68 1426848776.199624
64 70 376359162.88775593
64 72 3672154857.029023
64 74 675283297.9674145
64 75 223344721.30684677
64 79 598210040.4101294
64 83 94075.99126197975
64 86 21364574.938113023
64 87 3088648.8675083173
64 88 14434264.812462054
64 89 1453445567.779068
64 93 4139738.145979838
64 94 998673590.1036681
64 95 1515288.4307704088
64 97 72772329.80189551
64 98 22394666.228254534
64 100 2651914.997451805
64 101 2763081193.662231
64 102 95349216.40718557
64 103 9074589.566298923
64 106 1277652865.5093193
64 107 37019679.37015866
64 111 107072794.3745829
64 112 4084077.698008692
64 114 540012631.4002829
64 115 807394724.927935
64 117 8651436.731301937
64 120 5338131.119823573
64 121 8461866.319094598
64 122 92052.35062921816
64 125 74920196.25065492
64 127 2338226.7384797283
64 129 65275867.47323576
64 130 4930779.800242926
64 131 239845573.37257352
64 133 1407204570.8981729
64 134 133081876.58134653
64 136 13114316.408147585
64 137 391993304.9436194
64 138 910728429.135784
64 142 2344569101.9631176
64 143 3817836.765339895
64 145 44853893.94714195
64 146 72971981.0383765
64 147 142466098.13797998
64 149 3130604.6947008423
64 152 2637401447.7863727
64 153 3440728.6469350467
64 154 114675567.66551647
64 157 512409992.6983277
65 1 413232958.17909837
65 4 102622617.34902442
65 6 10049787.029987615
65 7 307187088.2612658
65 15 868301.3628057699
65 17 839294.3146639608
65 18 31343924.370033313
65 19 15405048.39814752
65 20 23724362.01780034
65 23 4389431.705693199
65 26 17182701.801475275
65 30 11217385.952088563
65 31 186965811.91489905
65 32 405385530.5955187
65 34 15216031.357240908
65 35 13265633.626733558
65 37 13927296.617253222
65 38 28225569.606530204
65 40 25237629.615938142
65 44 36792908.620934166
65 45 72231743.83224785
65 46 25990631.200963095
65 49 140012352.40403092
65 51 28823987.189136498
65 52 5801464.444769903
65 54 52163525.016752966
65 56 116078984.40917425
65 57 1009072.4507034724
65 58 250236203.3055079
65 63 19497751.615497086
65 64 7377650.663844545
65 66 13625911.371264562
65 67 45888130.31699509
65 68 350010518.4046396
65 70 14491735.288954588
65 72 252265265.7826175
65 74 352504895.0854547
65 75 61110831.7741985
65 79 14797753.253686719
65 83 47147801.691194646
65 86 49602814.67245015
65 87 2929657.9527802803
65 89 185303143.80657578
65 93 47845003.036694296
65 94 2005858.2146170794
65 97 62959180.57433213
65 98 9682350.315192347
65 100 50388937.70744754
65 101 213450284.4931538
65 102 77509028.46172588
65 103 7838387.093620769
65 106 444229806.3921095
65 107 59687722.35919079
65 111 56629623.013466865
65 112 200623279.13898003
65 114 61237910.55152999
65 115 752746936.6257558
65 117 98063732.69645552
65 120 137544.64201648562
65 121 960680.6695310413
65 122 238677.7644068927
65 125 220015795.90862903
65 129 106421823.06977603
65 130 39148320.365613624
65 131 150098949.15145776
65 133 239193698.43879497
65 134 2339941.976450154
65 137 229006179.5360963
65 138 331969649.8298637
65 142 435357952.53861696
65 143 152945.20538628948
65 145 8884147.22254068
65 146 39799664.16141285
65 147 202605624.42057663
65 149 10834228.672390977
65 152 272614580.85868746
65 153 4241924.4856663495
65 154 330479908.0301257
65 157 4116296.4844413353
66 1 28218743.67945856
66 4 22918749.264378686
66 6 17166002.70988415
66 7 28824298.680013098
66 18 25424484.44265526
66 19 32573250.770481266
66 20 15357795.36751925
66 23 8672025.234450014
66 26 2442829.775909277
66 30 65505217.61840709
66 31 56935319.505195715
66 32 19529008.300347626
66 34 93086.69133816558
66 35 28267291.19875033
66 37 8658128.408730103
66 40 52261868.724552564
66 42 1731255.5605874385
66 44 36330420.10749977
66 45 18230594.168171603
66 49 67971367.64929536
66 51 17029056.865381975
66 52 7724180.251234473
66 54 70989078.0966579
66 56 33571739.59662993
66 64 3212458.17176049
66 65 300742.7880955051
66 67 1265617.4941828072
66 68 16080784.9392465
66 70 7664282.352874625
66 72 13781348.961452562
66 74 46640226.211776435
66 79 2785604.788593444
66 83 7815229.009332797
66 86 11934674.607791446
66 88 4541023.741870289
66 89 18988568.172910426
66 94 370689.52797800547
66 97 131226126.50692002
66 101 10863012.027234014
66 102 108160658.96533503
66 106 6644296.962486184
66 107 5819794.874792801
66 112 20239559.639258735
66 114 28703069.251068074
66 115 64836851.663798295
66 117 10448280.220393118
66 122 2218518.1437035673
66 125 29543446.524079345
66 129 57079186.55910613
66 130 28811626.126661878
66 131 4226366.170740217
66 133 15704176.702734927
66 134 1158697.3729232133
66 137 23600875.01972359
66 138 7901545.7619074695
66 142 47174673.2803154
66 143 2879025.0417575766
66 145 11475619.45498917
66 146 14245529.916457903
66 149 332215.7498771267
66 152 1363349.4161286282
66 153 13947108.678023089
66 154 40337370.927274436
66 157 45622645.736920774
67 1 3363839.455353767
67 4 78011693.52919517
67 6 1265110082.7805977
67 7 321230833.1560192
67 15 6105.902540624645
67 17 7722068.420613907
67 18 40015514.61364264
67 19 1483631541.798984
67 20 37316384.53267489
67 23 8341464.015670643
67 26 1007188947.5369749
67 28 89594.81103559803
67 30 25070380.651617017
67 31 930117365.6813589
67 32 80954311.71415257
67 34 10643117.208503135
67 35 17122220.37749964
67 37 38097885.15675322
67 38 37057242.48515284
67 40 559861499.0739404
67 42 294361.9963822547
67 44 8423346.401401104
67 45 224633030.0121289
67 46 22327236.700078886
67 49 383067944.7194483
67 51 923323662.9971952
67 52 8195138.788941601
67 54 1328732623.549248
67 56 127069879.26135197
67 57 2238370.6190402806
67 58 697647.6561003696
67 63 146903.36511131795
67 64 2487807863.89166
67 65 54558047.956125736
67 66 48882693.164670475
67 68 833526903.3196112
67 70 238070753.17849877
67 72 2040618972.3171487
67 74 141048685.97881588
67 75 36655128.12365725
67 79 1882327268.2643433
67 83 86904564.46830197
67 86 32189263.366133664
67 87 8096560.984283549
67 88 14503726.618776439
67 89 305031940.0799392
67 93 12802994.038180351
67 94 1138214601.4039721
67 95 6682890.0170565685
67 97 38338449.19181382
67 98 30271974.7558743
67 100 55078765.10842892
67 101 1875171340.9461849
67 102 960704921.5587603
67 103 70491423.33836901
67 106 1404436382.0396996
67 107 97078148.3673872
67 111 95316315.72617097
67 112 84130492.42892393
67 114 648335065.8343973
67 115 13907253.494982682
67 117 183850794.6179844
67 120 1484021.1012352156
67 121 4068277.6652711756
67 122 688851.7508989058
67 125 1728861702.7476208
67 127 2101378.0542487903
67 129 2082401069.4563577
67 130 96340029.02404362
67 131 239617468.63653424
67 133 343829973.1272857
67 134 430934179.6151776
67 136 13979376.492978865
67 137 1415947230.2581954
67 138 14541965.082610607
67 142 257873513.22619662
67 143 210199.6083897952
67 145 3424447.6267709495
67 146 11077282.807212258
67 147 33408126.157859124
67 149 3913090.721710169
67 152 89319420.08980769
67 153 17144894.019762535
67 154 130889936.61026002
67 156 981293.5334734749
67 157 25636362.059279684
68 1 638189401.6406658
68 4 477670504.6022887
68 6 436513435.88539594
68 7 3546557.875902042
68 15 2431303.170246548
68 18 4984307.981332781
68 19 1976385018.5009956
68 20 5536074.453564838
68 23 443564.0496741414
68 26 1071347335.2808579
68 28 314635.8892417693
68 30 141807670.66593727
68 31 747645033.5118883
68 32 396231690.2100679
68 34 176221.09794599656
68 35 115126238.07115556
68 37 74757.2474930579
68 38 12019572.156446302
68 40 678583107.2150003
68 42 861038.3251760082
68 44 24548274.283156615
68 45 407734215.8599815
68 46 7910532.754293199
68 49 174326371.67981538
68 51 394941489.8759438
68 52 2784287.1222115257
68 54 333078188.7923886
68 56 124906923.24778634
68 57 465147.10668974725
68 58 149034627.3046142
68 63 3658484.112943294
68 64 1526255217.9228907
68 65 40902860.20883179
68 66 13848193.603907403
68 67 94817477.21608828
68 70 133709835.6849224
68 72 1120424291.8682218
68 74 480857326.2287807
68 75 50789351.76017081
68 79 1121785432.3842328
68 83 2820151.2962724594
68 86 25074480.35845816
68 87 21117617.50875724
68 88 7474034.810095432
68 89 474523055.90648675
68 93 15918230.70909455
68 94 4608030161.11424
68 95 9310570.18255278
68 97 92775416.49552862
68 98 17617713.992897075
68 100 15314870.720066061
68 101 66472893.87262528
68 102 51775678.951734126
68 103 16692855.582350679
68 106 651037095.3547429
68 107 11829565.659262363
68 111 14350307.67387137
68 112 23013828.29774983
68 114 1262975633.82742
68 115 809079483.9407775
68 117 28929201.507956505
68 120 177041.76446356447
68 121 1686011.4262217144
68 122 321515.3521332077
68 125 285501841.2346731
68 127 5890276.992403036
68 129 763187499.8046595
68 130 55192038.75171467
68 131 792954072.9833244
68 133 44488556.51635787
68 134 122254900.67193009
68 137 251277473.40512347
68 138 574302866.2282188
68 142 53849949.42994622
68 143 1301022.9872303405
68 145 17169708.954884168
68 146 69883509.84905508
68 147 1728111157.1164901
68 149 5772875.586379949
68 152 610007604.9482458
68 153 36287970.13100958
68 154 403532303.6570798
68 157 336217082.03137416
69 4 191146387.8365022
69 6 102325216.9168573
69 7 191752282.04952687
69 18 6255235.677352571
69 19 698333350.5200065
69 20 3735512.6104167695
69 26 355801826.8013201
69 28 39426.83754551544
69 30 123067041.03034785
69 31 734685978.9607648
69 32 274830518.7419229
69 34 491603.2152535087
69 35 21834959.99116698
69 37 7737007.727075871
69 38 26173140.11413739
69 40 10087565.309008446
69 45 60722272.52316581
69 49 7180107.8056873
69 51 2152613492.0079803
69 52 9967295.668737475
69 54 68331695.5346385
69 56 137644721.79522464
69 57 68611.76240520782
69 63 8240750.21354316
69 64 12178283.272158667
69 65 79472965.07566968
69 67 899537346.0231911
69 68 1016050511.2173172
69 70 109099798.39037126
69 72 217276982.03340593
69 74 22882710.7346596
69 75 16625209.952080213
69 79 719524064.8346227
69 83 2139048.0055463705
69 86 9335962.936336301
69 87 12104977.064201232
69 88 1260048.7476461271
69 89 87997294.64708474
69 94 109316422.05393752
69 95 25825516.306230012
69 97 151370505.36637935
69 101 949993201.0762389
69 102 516057982.36862904
69 103 1531445.9392498937
69 106 292454385.30271477
69 107 134742178.2007357
69 112 3613207.872029397
69 114 87390443.67841111
69 115 371683651.3876616
69 117 85637762.12254462
69 121 2856457.0798865873
69 122 134471.9054604251
69 125 131663692.05355714
69 129 1134105533.882492
69 130 24713239.126681928
69 131 164599229.7467515
69 133 534493361.9944486
69 134 82852730.3912328
69 137 89455639.27507196
69 138 284757716.3852694
69 142 1208853206.5459542
69 143 4088835.5301030423
69 145 15660798.330732424
69 146 75018280.828838
69 147 261092933.00113928
69 149 15249118.756186109
69 152 1282179682.47499
69 153 25800269.584949244
69 154 1368244950.0311503
69 156 497681.9783242889
69 157 93240711.5957529
70 1 9882099.263825925
70 4 12414741.123674683
70 6 608173652.4541236
70 7 768610045.3553605
70 15 1209898.028296684
70 17 292130.98673638934
70 18 27825985.275810946
70 19 397247759.6455706
70 20 9929441.2856829
70 23 1262875.1265334582
70 26 964454284.0389528
70 28 3567206.76583238
70 30 89656439.04431206
70 31 57192972.01148537
70 32 22841486.485535245
70 34 13689773.924521377
70 35 46862586.85888423
70 37 60333876.01273779
70 38 1155338.9401031283
70 40 23325131.695403397
70 42 1553445.7784565142
70 44 53307951.811383545
70 45 83870672.23861659
70 46 27561577.565314043
70 49 194143617.9197541
70 51 1514570809.2394009
70 52 14363854.041871166
70 54 2818616025.8488646
70 56 426206588.35894454
70 57 1304555.7937895663
70 58 27707720.562368035
70 63 42279281.72088783
70 64 1839522009.3828595
70 65 190698525.29232502
70 66 12637678.41733598
70 67 156466906.27123237
70 68 328250333.9427204
70 72 2634243762.2126293
70 74 354105597.6471335
70 75 8889050.14130337
70 79 1048770577.0161909
70 83 10258226.265990343
70 86 145008799.8400706
70 87 18617469.18027402
70 88 6006513.327249912
70 89 249111842.06763458
70 93 2566392.6325575486
70 94 764052633.8630276
70 95 408629.6952183072
70 97 5532580.849100906
70 100 34222512.770714775
70 101 207753034.90995705
70 102 15233367.773698956
70 103 3131152.564118841
70 106 127773179.65698475
70 107 3082473.92728435
70 111 125467252.1818557
70 112 71292985.02141662
70 114 183605765.3377121
70 115 525897173.0698145
70 117 31508494.702437095
70 120 807493.3709401313
70 121 720673.5172697353
70 122 9765.393485787357
70 125 90695212.71918939
70 127 2754649.874424498
70 129 114910152.84105802
70 130 37326956.854111105
70 131 207632603.33594036
70 133 1255235833.1764395
70 134 85246881.87996596
70 136 25176444.5546668
70 137 151576804.00551683
70 138 36270422.77049005
70 142 73626610.42303188
70 143 7788686.285752448
70 145 21596678.52127834
70 146 141281951.29122913
70 147 1009257760.8688476
70 149 11433306.621689435
70 152 838093171.7122709
70 153 38090397.45448415
70 154 314851054.2527373
70 157 409962714.32850385
71 1 98216747.9982696
71 4 117994864.48334208
71 6 78448223.09054829
71 7 165296724.46343902
71 15 1256752.0404234636
71 17 716222.1592975839
71 19 170704474.18051636
71 20 13208959.724361453
71 23 329628.2102110897
71 26 259745744.307165
71 28 1823600.7539261845
71 30 76007601.52038953
71 31 554436059.3446733
71 32 18495365.38828802
71 34 3997226.310527767
71 35 40636136.557254046
71 37 14460015.780548297
71 38 1839855.7594670362
71 40 611555314.2146635
71 42 874429.48406566
71 45 109643869.2362349
71 46 67106548.389649
71 49 178177244.5298934
71 51 170770833.8021805
71 52 298669.2044898357
71 54 207712119.41930786
71 56 527503938.8096852
71 57 597987.3948426085
71 63 4594989.316874389
71 64 489476697.495785
71 65 569823182.4668982
71 66 27148325.929361146
71 67 372338201.91975784
71 68 606181625.1015211
71 70 165365771.9672577
71 72 212279857.3745983
71 74 291337227.66743606
71 75 11002986.280030431
71 79 848486543.7719905
71 83 24114307.313691344
71 86 60901679.00479771
71 87 9032881.785575768
71 88 6496339.046245827
71 89 187956249.35424146
71 94 351112506.5313537
71 95 15892834.66075961
71 97 30845647.93768931
71 98 20387021.614906218
71 101 241016100.04527077
71 102 87352884.8998681
71 103 1112615.6375931962
71 106 360370090.81375915
71 107 9616372.927432433
71 112 262322538.37493256
71 114 49957852.46096008
71 115 262955021.7899445
71 117 12532822.861820053
71 120 311537.64397411246
71 121 552691.0417723462
71 125 73804723.36183666
71 129 720202968.4576106
71 130 56630744.84758123
71 131 100556461.8278876
71 133 17049414.36971985
71 134 156536588.68553564
71 137 353755979.28426886
71 138 345098250.42044705
71 142 171490097.05717516
71 145 11287431.88928234
71 146 14621639.675261173
71 147 51434773.61498887
71 149 4961530.927588569
71 152 302485136.47090954
71 153 44392424.927287035
71 154 471204095.68931484
71 157 195789281.7039841
72 1 240565918.940721
72 4 753871575.582229
72 6 771674806.3512276
72 7 1243359811.7119045
72 15 11492452.963875985
72 17 1550580.0363153208
72 18 2738364.830376839
72 19 1896273960.5138624
72 20 449144.13373214524
72 23 2118696.0290623032
72 26 5721426599.608118
72 28 4786816.770926504
72 30 474923585.2346807
72 31 524970401.5158022
72 32 108490838.63296446
72 34 6102954.583021489
72 35 61790805.73503084
72 37 82810814.79500183
72 38 28069814.74873038
72 40 1685144207.6687217
72 42 3330638.118931323
72 44 40741693.26614928
72 45 12708670.787187709
72 46 175687479.32482994
72 49 655622694.3119793
72 51 4585246252.59459
72 52 24565288.30442342
72 54 38343909672.564606
72 56 796522617.6653078
72 57 1250369.3378222464
72 58 78364725.4119421
72 63 6332823.109260386
72 64 2931400484.1469984
72 65 237480680.10531566
72 66 8726572.78163118
72 67 591696573.2944398
72 68 175548323.62861305
72 70 148840200.64038533
72 74 38605184441.551285
72 75 26831070.794219837
72 79 6410055080.08821
72 83 23583879.93607735
72 86 11123442.404692264
72 87 187070.18123354562
72 88 10737565.666821772
72 89 5530859807.921152
72 93 117761703.2589531
72 94 2507513513.7772775
72 95 1107600.6516695013
72 97 509734113.700535
72 98 6807068.245611781
72 100 18416121.915908623
72 101 6374187391.905352
72 102 406316520.39712805
72 103 20203919.24351065
72 106 1347942013.3381526
72 107 98670187.09979934
72 111 26466238.86657572
72 112 198381982.92537317
72 114 285821782.2356276
72 115 154655201.30333543
72 117 17461042.53647587
72 120 2574915.421437158
72 121 9012487.482854696
72 122 4496560.732803305
72 125 445835104.20303124
72 127 641195.0043428933
72 129 1146846703.6382709
72 130 125190010.48410784
72 131 167647752.3579273
72 133 6972539168.536217
72 134 17835286.03987727
72 136 4805258.595235953
72 137 1341020552.4915452
72 138 845635020.1221988
72 142 5630781846.641341
72 143 1120083.6658375065
72 145 14717983.010751763
72 146 64253035.46664495
72 147 440486432.3472804
72 149 3120939.3742434722
72 152 15382557433.258432
72 153 22403180.068271317
72 154 33499494564.413193
72 156 5311900.404004878
72 157 119184741.3238099
73 1 37818464.39287353
73 4 23747922.268436722
73 6 8123508.108060101
73 7 26822353.651729546
73 15 1730499.5226572277
73 18 3848425.442861091
73 19 1823928.4802263295
73 20 14256298.27588591
73 23 2397385.66519929
73 26 45435234.64702448
73 28 4448390.4488433525
73 30 9753515.489674743
73 31 317539677.38030064
73 32 11843741.891952058
73 35 33654288.21503554
73 37 11063161.206359653
73 38 7153005.724197619
73 40 29835962.16485452
73 42 1018026.3794670654
73 44 23419375.39886306
73 45 57551806.594089314
73 46 21597898.36892326
73 49 16561421.755896783
73 51 132996.28797965488
73 52 6695150.193912483
73 54 27891029.141048867
73 56 25161342.421199135
73 57 187358.57129880533
73 58 8414028.945046088
73 64 5676460.036181326
73 65 2193664.3780923095
73 66 5800375.344470629
73 67 63896014.820894025
73 68 7104835.510081931
73 70 14131157.168939557
73 72 8601424.40718267
73 74 10475415.102435684
73 75 48155444.24006486
73 79 7756896.383866822
73 83 8291187.937829034
73 86 5745851.748891121
73 88 6411872.4081152445
73 89 6434166.643143713
73 93 6260145.013869285
73 94 85298282.7983044
73 95 9367848.260066595
73 97 4832951.722827772
73 98 4889467.62334929
73 101 40075866.97679515
73 102 8788108.784848815
73 103 9469683.158024563
73 106 21745983.3358277
73 107 10498655.836440776
73 111 6888482.012237838
73 112 17731255.155170545
73 114 2301036.2836994347
73 115 63043500.94319736
73 117 17233423.301345408
73 120 1916860.5224987164
73 122 2248480.9935935303
73 125 5702562.438717749
73 129 55006186.60590149
73 130 47133706.581096515
73 131 6376047.354695459
73 133 49282066.50560605
73 134 52597136.52338411
73 137 8775010.937811026
73 138 2700732.803434891
73 142 72217010.64393081
73 143 1162919.0699150932
73 145 7026123.178511365
73 146 6743234.228614903
73 147 60672888.43473847
73 149 314639.28567423986
73 152 24096958.79681285
73 153 2546359.2795622395
73 154 78896690.54168053
73 157 8253505.4966083085
74 1 399918738.0642913
74 4 510609418.2351617
74 6 3712724038.6712317
74 7 384875244.8128129
74 15 1837163.0421573627
74 17 4487172.869228308
74 18 13668787.384669416
74 19 958632941.5748702
74 20 15020322.115610743
74 23 3490907.061776818
74 26 1693575089.2788484
74 28 2330015.9911583983
74 30 163415292.4853138
74 31 5316071673.054762
74 32 248234628.2474727
74 34 7886377.995998365
74 35 25604181.062325437
74 37 106487358.45854492
74 38 40230286.312154315
74 40 2396686561.655457
74 42 172622.7059997993
74 44 64778598.29676306
74 45 30065854.13604225
74 46 50460977.529149696
74 49 1032770803.70288
74 51 38101114766.78739
74 52 14921420.243688855
74 54 1067901924.8012758
74 56 527655231.9460134
74 57 13349040.538733078
74 58 60969748.16584258
74 63 22239485.04919125
74 64 4842596885.28734
74 65 106431788.39819425
74 66 20803064.587974187
74 67 513794128.8888945
74 68 125068976.38252567
74 70 743916057.8783747
74 72 4451366319.122312
74 75 3977563.7800145536
74 79 2381416632.576321
74 83 13377271.415068667
74 86 27636550.675370242
74 88 4191949.877937479
74 89 1058728292.3632915
74 93 38813682.275118314
74 94 2447448520.3892446
74 95 1712859.9912073568
74 97 140642347.61559597
74 98 30924391.901002254
74 100 11159856.047427291
74 101 5777904546.511853
74 102 731082899.7828555
74 103 16744286.49300138
74 106 956720430.4039065
74 107 28815426.003707938
74 111 123447794.57701875
74 112 50762117.52302256
74 114 3690459858.431312
74 115 218484252.9387504
74 117 52029139.85925793
74 120 858947.2436582323
74 121 5961191.1655554315
74 122 115057.0130289902
74 125 660896196.0239367
74 127 3448227.2449102285
74 129 16339046657.727953
74 130 21516354.6469247
74 131 458172234.664798
74 133 2560513319.8047357
74 134 21239854.00354734
74 136 28598751.031121526
74 137 6521195.502756615
74 138 3667606432.863421
74 142 432369214.7260788
74 143 955869.5140275559
74 145 15424706.984635608
74 146 186470962.38709742
74 147 33500853.821878806
74 149 21798451.04484625
74 152 47236590277.45313
74 153 75537675.31258091
74 154 39722185217.83056
74 157 261214612.34143144
75 1 9800197.64341091
75 4 1493018.9667614372
75 6 5793572.863065286
75 7 6996646.952560597
75 17 2902963.01924698
75 20 3607892.340681552
75 23 2674804.647684267
75 26 1391420.6981316607
75 31 6723253.771996431
75 32 6377005.6874176655
75 34 1118960.976445052
75 35 4623515.272642319
75 37 8204453.5229579145
75 38 3598507.640416444
75 40 15611790.67438648
75 42 993553.0200010198
75 44 9012554.085849945
75 45 1182506.5655653337
75 49 832600.8853202413
75 51 14859489.248561569
75 54 22230429.102716967
75 56 3305830.8079378568
75 58 1222773.4121240324
75 63 7773505.914172618
75 64 3066228.108078261
75 65 13686791.761706296
75 67 4783643.577976947
75 68 2819938.420061008
75 70 13187311.921291627
75 72 21068453.933111057
75 74 37332626.56525008
75 79 4008332.5415214985
75 89 6151385.125048117
75 93 1119652.366371156
75 94 23597414.874421325
75 97 1779886.7296063271
75 101 21410877.85420129
75 102 11627624.18181649
75 106 9636087.903084204
75 112 7239621.323506366
75 114 20363.975562090534
75 115 10476830.100312764
75 117 23796409.786037307
75 121 8161884.583913272
75 122 114050.01772259029
75 125 12756905.342128403
75 129 26887243.77695327
75 130 3061069.776968819
75 133 8071116.187566502
75 134 6098348.890356776
75 137 13198231.59083177
75 138 28850890.137459796
75 142 6082597.380381777
75 143 2906136.5551577886
75 145 2589648.398780195
75 147 7985019.35370649
75 149 1565587.0456885034
75 152 3145216.3811184494
75 153 3199682.3694507666
75 154 6843654.728112116
75 157 3551096.067589542
76 4 58653462.35962578
76 6 66691784.83369674
76 7 26278028.47443856
76 19 8175010.755775555
76 31 26091074.61387873
76 34 950079.3709078227
76 37 21484570.472472094
76 38 5804576.056983991
76 40 4542834.789053703
76 44 13009831.84217038
76 49 722215.0585445325
76 51 83122759.86780313
76 54 26355470.4239731
76 56 4192389.221851984
76 58 60792006.586613275
76 63 5734862.528800979
76 65 21558602.297108747
76 67 35449262.32504141
76 70 13101103.839506531
76 72 25000634.53762308
76 74 12911141.939585168
76 79 36815241.90886217
76 87 12646831.067418711
76 89 57671187.81044603
76 94 83913701.3590224
76 97 38601630.235170536
76 101 130893251.81472889
76 102 43954085.28603279
76 114 21942781.901836764
76 115 32670029.712441444
76 117 7545234.497348201
76 125 4812150.998858204
76 129 6280341.162294204
76 130 16956980.7832822
76 133 49583471.571004376
76 137 1674945.8302036806
76 138 14448202.78520341
76 142 83304085.41363673
76 147 99510958.76023111
76 149 2674240.0165767553
76 152 14702007.437059684
76 154 42792073.22346972
77 1 11827139.641098836
77 6 13557980.208640631
77 7 32732721.548452765
77 17 2515102.2384773474
77 18 12665353.089737572
77 19 5870859.999310779
77 20 10087830.984197708
77 26 22881798.046382785
77 30 1613191.039376577
77 32 11333969.269681208
77 34 4536732.946586363
77 35 26004253.573538404
77 37 18929225.22484919
77 40 10268120.762525884
77 42 1949946.2869721476
77 44 3454643.84434443
77 45 14976972.296364376
77 46 28720604.72114874
77 49 6682244.371713119
77 51 3843498.115826038
77 52 2125344.161884252
77 54 4284134.309208916
77 56 12639598.132285854
77 63 5308664.828879872
77 64 7926659.6819626065
77 65 1565617.3758862636
77 67 44670903.750965826
77 68 33403421.841807686
77 70 24378010.37926464
77 72 48490295.23309899
77 74 17178431.918071542
77 75 3444846.7300045686
77 79 2864355.1912008636
77 83 1477125.2724397955
77 87 1877117.9716890461
77 89 55555951.193628035
77 93 340197.0722156458
77 94 7427646.330326356
77 97 16004165.57729636
77 100 4637317.77955015
77 101 6497450.759452391
77 102 27812193.77236092
77 106 34617447.88869948
77 107 15696559.030385643
77 112 15407866.7349525
77 114 2702817.7768117636
77 115 39913742.403893076
77 117 11653755.984745473
77 120 4266011.82784627
77 125 25199931.28262483
77 129 21587324.505399786
77 130 9304626.52918539
77 131 11256130.135633843
77 133 14777669.25077793
77 134 7087420.972712558
77 137 23504166.17006298
77 138 41653691.980481796
77 142 40653532.30557376
77 143 2426109.5147073423
77 145 1115865.880590591
77 146 358839.0990168235
77 147 38144065.62940798
77 149 1528267.390219847
77 152 531737.8118729235
77 153 39090392.60828099
77 154 748037.3693364796
77 157 10572072.480033923
78 7 1574410.138485874
78 54 635189.0871297482
78 63 690846.578748852
78 70 3247598.05093782
78 72 628976.7225252371
78 74 275831.81983319996
78 79 247586.07499277664
78 89 839302.1279673467
78 101 1369761.5172615107
78 106 595324.1850069637
78 130 1118712.5020585645
78 131 238959.4702582604
78 137 981257.003775595
78 142 749618.6430015049
78 152 336611.58544663
78 154 2790144.4733780017
79 1 164385195.06836215
79 4 351602607.08133703
79 6 147424084.0847089
79 7 967289303.3039527
79 15 12095232.06010093
79 17 2129531.0502983606
79 18 28769299.116672985
79 19 820860575.79036
79 20 12915274.194237048
79 23 5509110.1973977545
79 26 6938159230.616926
79 28 1586875.5110130073
79 30 255883348.39237607
79 31 412107033.2870861
79 32 378345981.0537551
79 34 1563055.4630378135
79 35 144493568.91104823
79 37 293153779.8873278
79 38 55464166.162327744
79 40 188784056.63867366
79 42 301271.54419353174
79 44 52558993.90816356
79 45 69044873.49775499
79 46 16352625.778874032
79 49 48239148.6383601
79 51 507364574.2794638
79 52 19175564.741185375
79 54 4327088513.817061
79 56 1414364157.7026875
79 57 733347.875255762
79 58 130427448.01071166
79 63 23681826.300713226
79 64 1748057265.828818
79 65 7420876.751353214
79 66 28878907.558784623
79 67 530236047.1442741
79 68 1004531216.0314102
79 70 1110126915.8092659
79 72 3229291862.6424465
79 74 7054573507.596238
79 75 19621495.01359305
79 83 5377877.612350727
79 86 61431937.95878094
79 87 452407.7261686572
79 88 23906346.68392109
79 89 467158712.55242443
79 93 36627798.93383039
79 94 63373095.9566541
79 95 9452289.251711197
79 97 540635327.0223821
79 98 311213.5298756721
79 100 28568543.23809923
79 101 854547007.3753635
79 102 579185118.407994
79 103 31661589.23147737
79 106 629277443.8020706
79 107 291755518.7474016
79 111 4822146.986275264
79 112 116425723.34244141
79 114 411857893.6297079
79 115 635112567.1739479
79 117 6331905.3109392505
79 120 178442.10262907998
79 121 4137557.029162328
79 122 1442311.141377681
79 125 217974523.9488769
79 127 2289055.2091234275
79 129 2281856161.210115
79 130 136654854.7520955
79 131 143038460.0221413
79 133 6155554314.967452
79 134 30713041.449671973
79 136 15691867.12131965
79 137 641364468.0501577
79 138 149103833.88303664
79 142 220878617.33220637
79 143 248818.59191787825
79 145 28014506.0292727
79 146 40880227.39953856
79 147 279598698.2567095
79 149 7468605.00594275
79 152 1851284167.279451
79 153 8604752.987426948
79 154 4378870561.186659
79 156 244678.4205631617
79 157 19591141.28976859
80 4 32988611.837620538
80 6 38205089.79733827
80 18 550733.0286986001
80 19 436587261.6119393
80 26 218874934.70131853
80 30 129814181.01414634
80 31 288779738.464307
80 32 264748655.1837414
80 35 55884606.363209866
80 37 14154489.180526664
80 38 57299439.94844197
80 40 190997300.84844896
80 45 34587581.27359762
80 46 26119130.46230187
80 49 161133012.6417696
80 51 25726080.286120173
80 52 4443926.69537287
80 54 702460818.3839225
80 56 25555570.483679652
80 63 11255997.243306564
80 64 303706533.41387755
80 65 116435275.63333446
80 68 431052541.18154645
80 70 857532557.4291266
80 72 136349286.39898792
80 74 303958729.56436974
80 79 347827596.6216659
80 89 64082564.58078221
80 94 48848616.36499656
80 97 43205117.065298654
80 101 4800829.611603965
80 102 99157491.23346084
80 103 13536737.80444108
80 106 463506421.9243306
80 111 5482296.728243531
80 112 752051.7495277027
80 114 199343928.0095628
80 115 6395526.150602062
80 130 93010454.61131012
80 131 126948063.72536036
80 133 804761896.8725975
80 134 16976369.68861046
80 137 217671664.8184448
80 138 549163459.2358216
80 143 3215405.405165086
80 145 17349576.812849365
80 146 149060702.12967372
80 147 240237929.40267405
80 149 13648313.875887519
80 152 334905843.0442143
80 153 11988488.994871223
80 154 513025188.54935056
81 15 2719819.735880267
81 26 8891114.469519818
81 30 2967200.7999236193
81 32 782601.3637662514
81 40 235712.5888882694
81 45 1748546.9253901164
81 51 3369447.666602388
81 54 1495333.3202996496
81 56 3420144.104652104
81 64 2611250.604502621
81 65 11648680.178405566
81 72 5849933.410836911
81 74 2130340.0535059576
81 75 2336571.6381453713
81 79 405090.12689062505
81 86 12020808.197004804
81 89 2591231.042750427
81 101 18770849.480592046
81 102 4251793.198152389
81 106 1494020.0823742843
81 115 582857.722777444
81 125 7611939.60538772
81 131 6296133.76508359
81 137 4487834.880148938
81 138 2393729.758516073
81 152 3624820.383560971
81 154 10730541.040909357
82 7 3711698.9513595626
82 19 877799.0410533095
82 20 2382993.260441502
82 30 6395229.250831872
82 31 7587805.615716397
82 32 7043792.588365534
82 35 848684.994151183
82 38 4410963.381593928
82 40 9977.664989331752
82 51 2778678.0082472665
82 52 5768299.707323075
82 54 63055.849007594035
82 56 1803133.9108428748
82 63 1728897.7967380194
82 64 2705648.9295068816
82 65 134253.24232721477
82 67 1680761.7096229834
82 68 433613.4823248938
82 70 1426948.5675450978
82 72 175484.4553830202
82 74 1746092.5968908903
82 79 374630.03511728335
82 86 1746493.8883747365
82 88 1518565.0573125724
82 93 2117881.018602368
82 94 2004247.4512138325
82 95 1712214.2596478744
82 97 5304964.596656578
82 101 4730497.243172317
82 102 565612.9681744067
82 103 2166151.022437102
82 106 693473.1382063907
82 115 8260608.189414899
82 117 1883297.491186355
82 120 428181.02758737863
82 130 13817740.475328337
82 131 240292.19957423973
82 133 5057858.450478976
82 134 4853752.001623749
82 137 10035686.82642863
82 138 531216.7416371095
82 142 4325987.1637120815
82 143 510829.6861013521
82 146 3291167.6339791063
82 147 3651271.755632582
82 152 2953531.433510672
82 154 4577359.0831986675
83 4 10604616.526743403
83 7 73796791.46601819
83 23 5227111.566155301
83 26 8219519.43108129
83 31 20580484.826730996
83 32 79273693.41426991
83 37 13374116.754467616
83 38 5413571.063297029
83 40 5303908.759688121
83 45 12679607.315279614
83 49 243728085.78078243
83 51 2041273.9994021354
83 54 9178598.038554503
83 56 3363662.8169425037
83 64 97115047.34101874
83 67 68368828.86922267
83 68 45569528.97246079
83 70 22998578.89216674
83 72 7200816.916953394
83 74 27305589.838195324
83 79 175918273.7738911
83 89 610159.9982198647
83 94 4791592.250967187
83 101 17785221.346036825
83 102 30789396.995512046
83 106 28174614.505957257
83 112 16878303.897052914
83 115 5043830.107930221
83 117 2123939.6083687665
83 125 7015734.435625915
83 129 17924417.14455196
83 130 26912156.696377814
83 131 14100198.27404894
83 133 53715211.6598119
83 134 21222063.29366737
83 137 119307491.05039491
83 138 155231698.54680356
83 146 2907408.4260570384
83 147 29860181.282321367
83 149 14735962.66039496
83 152 16006013.370618071
83 154 25577755.966175076
83 157 5446010.890753918
84 1 16084293.345170114
84 6 12013919.324701658
84 7 23423888.487480745
84 15 763346.7671537208
84 18 2753896.6634375025
84 19 1634294.6290589925
84 20 1023838.5040955378
84 23 2048268.413832841
84 26 7188015.229676809
84 28 1622855.9128615481
84 30 4620200.6664748425
84 31 11776092.315968132
84 32 7717349.131846806
84 34 1312939.4598027894
84 35 10305478.223903714
84 37 11060074.11844049
84 38 8682291.177534048
84 40 1890725.4895189991
84 44 38788365.36877095
84 45 2842724.5329027707
84 49 11742738.246745113
84 51 2925752.688025141
84 52 9313922.735294523
84 54 12796365.699187154
84 56 4816103.532938702
84 58 142506.1323820424
84 64 11210824.883352393
84 65 24227530.59569362
84 66 78027.33251295457
84 67 17212790.233204454
84 68 221484.35989578758
84 70 31217901.88898219
84 72 11790046.092802774
84 74 5014321.575911354
84 79 13243737.784638895
84 83 2155818.3808286083
84 86 10656640.191416614
84 87 3153260.5912478436
84 88 4557194.247687815
84 89 9172703.769548737
84 93 14751673.065755213
84 94 4203320.601569604
84 95 4175219.4533367455
84 97 10103845.96196007
84 100 3194505.9399360977
84 101 23395375.729685664
84 102 1793866.7693577085
84 103 2104576.638443537
84 106 1067075.6664712979
84 107 27084269.95248558
84 111 2412769.4507036908
84 112 9654139.723218944
84 114 21554008.048009716
84 115 558899.5714567164
84 122 1208060.8376192863
84 129 5522986.671937803
84 131 2380990.737896183
84 133 8481057.443217738
84 134 20902301.080454648
84 137 27980471.007480882
84 138 17492797.955258936
84 142 3025526.3836654625
84 143 1083428.0140808318
84 145 3531012.816585869
84 146 9935971.2363877
84 147 91190.77221191132
84 149 841721.4444211378
84 152 4287039.433399005
84 153 347049.64320731314
84 154 20883028.788890917
84 157 7219096.417766698
85 4 507940006.86530024
85 6 417215383.7637269
85 7 273546789.14306855
85 18 4342356.71760271
85 19 33364174.338505004
85 23 64628.79824797089
85 26 174392804.54614905
85 31 103028579.46684125
85 32 67028537.109040976
85 37 30753580.12805603
85 40 57609806.13134728
85 45 57922495.19887853
85 49 119830869.02103601
85 51 306124086.57958764
85 54 109646223.53018762
85 56 46795558.066794835
85 63 21533507.294378165
85 64 21609771.18112425
85 65 101795532.88018006
85 67 133157173.7237466
85 68 1255368.8773236263
85 70 237693664.5574998
85 72 32545577.840191644
85 74 53608147.62767182
85 75 6910510.734903455
85 79 87222321.7238603
85 87 4440637.922249037
85 89 69738434.94732992
85 93 42490572.11570252
85 97 41084677.45382399
85 101 73076237.78719477
85 102 91887106.75990272
85 106 64744648.42450113
85 107 43123921.18548945
85 111 372072762.748181
85 112 132749112.71033733
85 114 167875186.77307522
85 115 100755976.72923489
85 117 93969900.35971871
85 122 1634907.6165203962
85 125 180715621.1841172
85 130 198015313.02088147
85 131 272659045.929547
85 133 315197823.1666145
85 137 342315995.6965219
85 138 46458831.16841514
85 143 1655153.2794558925
85 145 6188719.731497585
85 146 24397181.637945734
85 147 40968725.78646593
85 152 229692036.5924477
85 154 349822829.8549462
85 157 24351631.15427084
86 1 49340074.129508354
86 4 5246863.581895296
86 6 16611312.892889
86 7 6411305.180717192
86 19 4916024.208810168
86 26 20719492.540135868
86 28 2096025.8338454938
86 31 4886859.1104629785
86 32 23345849.98868094
86 35 27818849.402034275
86 37 12350853.928512054
86 38 8702632.902629174
86 40 41580880.14130222
86 45 31137977.80344637
86 49 47199935.78518236
86 51 1231443.7172674362
86 54 64609660.653572716
86 56 19569139.16900313
86 64 38120783.873522125
86 67 4850063.06652259
86 70 37887203.51774916
86 72 64845243.61618676
86 74 9083470.221144697
86 79 15886702.333681436
86 87 562734.4386409811
86 89 37356121.322807916
86 93 2446640.2945555886
86 94 19618779.721912928
86 97 15114738.195608025
86 98 6067518.314297914
86 101 22110962.889166832
86 106 27534039.281171083
86 107 75067718.76979816
86 120 2461284.2986144326
86 122 200040.58719831114
86 125 4783115.554350473
86 130 8116115.758702705
86 131 28154483.59817128
86 133 13159410.690991446
86 137 8188247.569628244
86 138 2950301.451867856
86 143 670064.966084139
86 145 8808466.398571266
86 146 19492772.99005217
86 147 6081007.537047393
86 152 800441.584009174
86 154 16080524.976218145
86 157 10591844.468833042
87 4 845673.7505946159
87 6 19832103.411455777
87 7 901722.9423683257
87 18 13328685.708338683
87 19 3511766.419566061
87 23 1962534.0500250803
87 26 25108101.093279637
87 30 3899217.661778537
87 31 11790478.537567355
87 32 17209749.129117154
87 35 11554360.452080695
87 37 2932928.737068926
87 38 5816543.748054755
87 40 754912.4877830223
87 44 11626406.406844418
87 45 2361386.7382047614
87 49 6637185.863042202
87 51 36536752.9036189
87 52 3049721.649889208
87 54 19564931.361017484
87 56 4457355.068445553
87 63 9298053.386155035
87 64 2160334.4045647136
87 65 4365580.469294047
87 66 1236152.1467097667
87 67 2488380.065641346
87 68 15077033.869245302
87 70 4714755.754448865
87 72 54402610.69264608
87 74 20990278.667274863
87 75 14744730.804334953
87 79 2113300.100653347
87 83 751887.8934194337
87 89 13506496.950486751
87 93 381875.8519151359
87 94 6047275.753931682
87 95 2514612.306890758
87 97 5951766.920824699
87 100 9138106.11289207
87 101 18238972.63327163
87 102 5952940.626813582
87 103 8948286.141960742
87 106 1665421.4493829545
87 107 24428223.543054376
87 112 1039679.5102518687
87 115 1759869.2259121987
87 117 5649709.612915284
87 125 7705647.755957391
87 129 30166101.5834186
87 130 11733634.795085993
87 131 1033020.2066899136
87 133 22788122.50053206
87 134 23933581.406087603
87 137 17795939.825108334
87 138 338272.5454715298
87 142 3187492.0653490555
87 145 1061440.0216948004
87 147 605573.5330375963
87 149 8752964.086280465
87 152 4894909.98471238
87 154 6180921.36959294
88 6 7838853.722271459
88 7 16105095.963253418
88 26 154160.62657066266
88 30 2264075.710719294
88 31 423440.33476867253
88 32 16706526.515239675
88 34 4140025.0285036773
88 37 2550016.477634363
88 38 1764736.2895469954
88 40 1912818.427188286
88 42 2117100.249584267
88 51 2977338.344247038
88 54 13495846.140196795
88 56 11539145.72184657
88 63 4653455.474967443
88 64 10623521.385718193
88 65 56023197.1368342
88 67 4394234.326803835
88 68 2165601.707655645
88 70 10937748.78066222
88 72 32946110.55356386
88 74 49291294.36756637
88 79 6833106.204576827
88 89 8773566.734696675
88 94 6536853.77354997
88 101 13726595.738623727
88 102 1204819.1344431252
88 103 1658214.6645921036
88 106 4017233.4158651503
88 111 20862054.274958584
88 114 2780234.72333301
88 115 1058612.7284312202
88 117 9911109.453128505
88 125 4415199.849782051
88 130 8101637.060052245
88 131 89414.97773569373
88 133 2163285.5111694895
88 137 6435451.275562458
88 138 7175866.325420978
88 142 3716387.864417325
88 146 34163488.96985211
88 149 10307031.500762561
88 152 11625251.848851737
88 153 1642928.8919663324
88 154 9015694.865976369
89 1 38260986.026974946
89 4 371274513.1047617
89 6 773632273.3213992
89 7 3732856659.54377
89 15 1073012.645541424
89 17 7114460.0130174
89 18 40625347.02847879
89 19 206332071.51723838
89 20 42884286.588899836
89 23 5383803.357690532
89 26 327848014.6622344
89 28 993533.1270420059
89 30 8881451.686541168
89 31 1020364461.5023328
89 32 124054195.84060964
89 34 682152.8291597124
89 35 22021866.95419017
89 37 52838779.32705867
89 38 9035737.642523762
89 40 600777389.8811538
89 42 836572.1188515077
89 44 11565036.536874272
89 45 257535248.69545043
89 46 30348098.4139626
89 49 127560187.12174615
89 51 1673850292.7675126
89 52 15075896.169139504
89 54 1196592796.3198886
89 56 504444016.9035128
89 57 3597226.169266745
89 58 43477425.05118237
89 63 14026923.045489362
89 64 1509255633.403841
89 65 294573741.3942633
89 66 2576513.1414178507
89 67 289787137.91441983
89 68 1327819718.9152398
89 70 817434957.4908923
89 72 1156067451.41615
89 74 1178103634.291266
89 75 45938115.53874203
89 79 29647607.578213662
89 83 43797668.02244156
89 86 66542171.2676008
89 87 10230606.517831283
89 88 41192561.10928736
89 93 8999412.372195888
89 94 1571451270.9562085
89 95 7210416.971469753
89 97 37617326.91310838
89 98 11273451.01284598
89 101 1410505113.302011
89 102 396386589.5497332
89 103 5401696.901718428
89 106 185946245.80007175
89 107 61385252.8091129
89 111 23259270.60595468
89 112 87670512.4707175
89 114 145615804.15286982
89 115 1316184772.0743105
89 117 8664980.543978043
89 120 1159477.981874936
89 121 6241013.973458228
89 125 38135432.268101156
89 127 1352839.2509365114
89 129 4027601303.55009
89 130 2130264.6751307296
89 131 487040796.6812283
89 133 3383909643.0071206
89 134 46637814.24545984
89 137 707779688.3319515
89 138 976784136.0705942
89 142 3295157290.7468605
89 143 407152.3517728713
89 145 72684528.79544492
89 146 165559075.6903712
89 147 95346342.73270825
89 149 2963011.905408608
89 152 803890718.9117944
89 153 24521794.63084304
89 154 5979079938.924225
89 157 165632870.80782056
90 7 1182700.9784889675
90 31 1087688.6811073949
90 32 2692678.300399011
90 40 865591.2211129711
90 51 4615839.748362145
90 54 1365330.0604711543
90 65 4235381.908809345
90 67 299162.87536160386
90 70 751785.3055636074
90 72 203726.75319103876
90 74 188217.24785471402
90 79 244633.19640140576
90 83 1111220.7789728923
90 89 1134826.196790081
90 93 3186359.6950902427
90 94 1168173.7435490796
90 101 5166083.744351365
90 107 6272201.409581012
90 111 278692.32905374677
90 115 938093.77878161
90 125 3857604.3225831436
90 130 135560.6259750272
90 133 2484611.6233329372
90 134 3400543.40403385
90 137 2205491.8789767884
90 138 342565.01054123667
90 142 2978667.294389179
90 152 3706178.486167646
90 154 1967477.9840828152
91 1 5503700.888309494
91 6 2479938.525665625
91 7 7553355.072301485
91 19 1724944.0144991025
91 23 1400925.6266676243
91 26 18661243.38742064
91 30 15841861.020189086
91 31 398880.2815441748
91 32 1991888.3107962694
91 37 14977908.068606235
91 40 15777556.396909757
91 44 71206.28570364608
91 45 706451.6909455697
91 46 7490954.594350219
91 49 7495294.058459859
91 51 13999112.370285533
91 54 335851.5555254103
91 56 6891617.863948423
91 63 20640802.34996486
91 64 857459.7440896931
91 65 6707509.442549401
91 67 4032720.8149940358
91 70 1192779.4415338074
91 74 10752710.654150493
91 75 11078356.555850517
91 79 2065157.9093062906
91 89 2798333.168990675
91 93 78305.04025699093
91 94 648060.447705991
91 101 10651394.398676498
91 102 4215553.921109736
91 103 1065023.4286662545
91 107 2760293.914892266
91 114 1238714.7960311202
91 115 12388473.158618852
91 117 2812691.4546668027
91 120 476396.90007004485
91 122 3176806.652445884
91 125 11690423.150815707
91 130 4667262.297591499
91 133 18006528.086546324
91 134 3567156.784506517
91 137 4923275.402324519
91 138 8668664.166193366
91 142 4564463.883679714
91 143 2470581.6588433064
91 145 1597308.0835131388
91 146 10991853.954092056
91 147 15369361.935360232
91 149 2767342.633097195
91 152 2064270.6005901357
91 153 4490751.319947908
91 154 7883585.521808799
91 157 280575.2113698302
92 7 3527008.3921839925
92 19 6777217.203468569
92 26 21543928.51260265
92 30 20366117.598782875
92 31 633282.2076572691
92 32 26273472.700408686
92 37 13531471.7562827
92 38 1078839.8354420436
92 40 20280127.760247782
92 44 8186329.016676256
92 45 8281155.337497489
92 49 15597294.490357975
92 51 14068300.487593621
92 52 1722812.6710913084
92 54 670738.325347004
92 56 16826718.87441561
92 64 1162545.987036078
92 66 7847523.662107167
92 67 17341487.370253883
92 70 411613.57209075446
92 72 19749493.850329585
92 74 4540455.105582046
92 75 7735952.57190779
92 79 2800536.2120386427
92 86 8950923.147951756
92 89 7058415.6855600495
92 97 1735205.7866953008
92 101 8380616.9232668895
92 102 27528684.773148634
92 112 6318957.412464161
92 114 23546328.376862705
92 115 21464402.786875132
92 117 595628.7872554925
92 125 2062858.1962271198
92 131 17499034.896009546
92 133 4069287.935306318
92 137 436745.6773091712
92 138 4438459.493445449
92 142 103658.18127873159
92 146 15827422.153012758
92 147 18223494.289587267
92 149 3043932.8672979497
92 152 22975072.67017869
92 154 2708907.5393383955
93 1 9266634.269142125
93 4 107815755.27627017
93 6 28505165.550916318
93 7 697150.680416108
93 18 7312625.581019166
93 26 96855367.43539165
93 31 111889027.04891308
93 32 31514681.03596935
93 37 7162321.267270268
93 38 6173904.8120404
93 40 67780700.55867803
93 42 3164618.9352279995
93 45 1950456.3661474588
93 46 49275619.92366185
93 49 5364537.999726252
93 51 12034002.80546339
93 54 126289389.83975941
93 56 1251901.1533276793
93 58 27420611.86092301
93 64 22827498.88967604
93 65 46677030.78471014
93 67 53044692.54983124
93 70 139720309.0487779
93 72 45947894.674699284
93 74 4864158.655624579
93 75 5021452.450456448
93 79 49993946.99423609
93 89 7703108.896786372
93 94 69991072.94579838
93 98 2532829.734975496
93 101 7902546.538767159
93 106 16287854.112472514
93 112 23575834.591751985
93 114 51332131.59367502
93 115 99323500.6261506
93 122 648161.03022342
93 125 43732618.78132272
93 127 409571.10086957517
93 133 21982828.257347748
93 134 10657803.083042894
93 136 981901.7697903143
93 137 9420082.942276286
93 138 11254928.574553477
93 142 66307938.03553064
93 146 61339756.22934692
93 147 5287114.228523922
93 149 1213662.6460778343
93 152 29836022.200614117
93 154 22353158.04022279
93 157 18093592.413749225
94 4 87386855.32649039
94 6 71413980.94702023
94 7 84493317.27151488
94 17 223249.50559049103
94 19 77838939.42623608
94 20 10559001.630730791
94 23 5392907.442479197
94 26 196517779.3168656
94 28 3987775.860564223
94 30 69672105.41370146
94 31 2343051269.4948897
94 32 105037825.78122723
94 34 3673047.398754815
94 35 5052386.408987346
94 37 14408242.10365489
94 38 77650011.37580378
94 40 1452800501.3382525
94 42 389768.29322887183
94 44 14390884.591741297
94 45 63966427.7960147
94 46 14686770.901574966
94 49 417289855.41411436
94 51 114594351.00497973
94 52 13951886.130659327
94 54 701767134.8515577
94 56 261875358.84838074
94 58 17746903.60553154
94 63 1811270.574070017
94 64 1680073687.798234
94 65 280545189.5008466
94 66 362228.7811781313
94 67 301485653.45052755
94 68 647860139.7574093
94 70 533131090.8238071
94 72 933025245.3667227
94 74 1613633940.375702
94 79 1166148452.1818166
94 83 3704144.9860130614
94 86 3926036.439831853
94 87 2089033.5797485954
94 89 905526157.7581235
94 93 40300333.24119233
94 97 235971365.6095326
94 98 22703031.22263236
94 100 6148328.643159035
94 101 451890423.93200374
94 102 117998623.36661552
94 103 3613684.9192097625
94 106 392077421.10790926
94 107 78521185.71333604
94 111 52015089.32916916
94 112 196316298.59517366
94 114 786036567.3454686
94 115 258283178.85680574
94 117 35001029.877898864
94 120 3712688.1515617883
94 121 6826547.3512144005
94 122 3145330.119976455
94 125 580273170.9872187
94 127 1239362.4597008754
94 129 649131608.5795825
94 130 42982704.04719718
94 131 824770645.3436537
94 133 1932652051.3044913
94 134 105821236.85801516
94 136 20081638.30304924
94 137 288470088.7085933
94 138 239071786.32261202
94 142 49027625.70273954
94 143 373335.37220003863
94 145 9777618.912160689
94 146 47446547.18921409
94 147 275430585.39398986
94 149 11134306.780146899
94 152 336167152.1800363
94 153 15290675.451756302
94 154 8513323147.132187
94 156 3790693.2138445876
94 157 168136915.634391
95 6 13566812.02620902
95 7 2145098.46130448
95 23 6970088.636519503
95 26 2362201.2191998633
95 30 1885602.1246906691
95 32 19593846.39954818
95 37 11902235.148762316
95 38 14894888.773069717
95 40 7326725.701965018
95 49 8644761.427553002
95 51 861925.3955424401
95 54 11888297.718942806
95 64 137832.72490415137
95 65 86754.55671797387
95 66 16450760.59406496
95 67 5506264.14314061
95 70 8910407.025476702
95 72 6856332.366991536
95 74 14618616.29795575
95 79 3264221.154015947
95 88 380991.58997304126
95 89 7453798.198322802
95 93 12676455.88450375
95 97 4676865.277192662
95 101 34342088.553047605
95 106 2402197.227357648
95 114 1143.9899227818182
95 115 6304027.77435481
95 117 8676040.257821385
95 130 453046.21065605
95 131 4254341.617809783
95 133 4439233.316695288
95 134 994208.1887713036
95 137 3297914.721439353
95 138 2883720.5602665283
95 142 669472.1088804522
95 152 1963216.0284606453
95 154 3710264.7206135076
95 157 7055637.376011437
96 4 1365418.243439916
96 15 305029.06064044865
96 26 23603348.106427446
96 31 5852437.056712138
96 32 3829975.983768792
96 35 4007017.2868942004
96 49 5283274.399374685
96 51 144530.03530551522
96 54 11172216.570942743
96 65 21335925.14530879
96 67 4089188.4171681637
96 70 14552478.060620224
96 72 2684427.817957709
96 74 21000895.242324423
96 79 4453153.422249474
96 86 10506646.753125168
96 94 2058305.0161324022
96 101 32205430.523035433
96 102 5462705.140347352
96 106 2324920.7620981946
96 117 22121637.084294878
96 125 107129.32419854881
96 130 8778354.812812977
96 133 2807541.248790396
96 137 13358317.907569334
96 142 4830663.542268656
96 146 12484521.386657367
96 147 2981760.2847372186
96 152 1313063.9829769717
96 154 3050565.184934047
97 1 66123605.01945661
97 4 266640510.60039377
97 6 38261565.92965196
97 7 76577149.78669956
97 15 4648181.298308039
97 18 2273195.976569219
97 19 210233999.6147692
97 20 35693695.98166912
97 26 244464214.91801995
97 30 217790552.39932382
97 31 278098570.2295681
97 32 55822069.278753154
97 34 813669.5961603364
97 35 8522453.192600217
97 37 92183977.77067937
97 38 19019961.723997965
97 40 94266393.85081807
97 42 4694886.909802936
97 44 156766895.91862974
97 45 132178075.90352963
97 46 21755797.200037014
97 49 39174985.68256259
97 51 111221383.4965668
97 52 3454077.231124866
97 54 210085206.39842507
97 56 34999126.404608175
97 57 1512933.338927174
97 58 46086169.93955543
97 63 7137586.059220109
97 64 38168965.7676856
97 65 124832612.31410843
97 66 33371146.02146311
97 67 124523115.02401096
97 68 213504803.9796015
97 70 4056878.1187077747
97 72 165341578.34144792
97 74 86202362.69068359
97 75 22813895.48630995
97 79 7314572.166168211
97 83 12723684.216838475
97 86 26280301.61797198
97 87 4494122.707874843
97 89 46126110.14290692
97 93 27042744.29715859
97 94 181057992.34987432
97 95 22533790.456181116
97 100 15841436.553112831
97 101 185405555.48241442
97 102 82139636.28717959
97 103 3812070.8349328563
97 106 37159952.515236
97 111 58543153.85424108
97 112 34964151.84016993
97 114 28946961.215527326
97 115 44259455.94026607
97 117 35662232.85784886
97 120 2408670.843445527
97 121 4643578.065138004
97 125 137005.43077754625
97 127 854551.7979882512
97 129 104928707.7509969
97 130 11681668.242080634
97 131 64886044.82854365
97 133 451465022.6535869
97 134 15974230.897953039
97 137 102748838.61670566
97 138 102743809.04915033
97 142 181068529.9465885
97 143 2729024.5868679234
97 145 5738435.776636159
97 146 68819851.3364953
97 147 53903459.23487762
97 149 1723829.647597682
97 152 51623348.53768014
97 153 45132847.64026735
97 154 32645822.089618154
97 156 6695784.032651445
97 157 31447227.042217374
98 1 2177761.599500352
98 6 2794753.065153353
98 7 6637515.503670878
98 19 942109.5615742452
98 26 4106941.540079107
98 31 20709922.776689377
98 32 3685329.701800093
98 37 3356772.160229661
98 38 23747136.879387826
98 40 6136732.757820004
98 49 23365566.7591681
98 51 926033.0851999056
98 54 2701614.155569772
98 56 3602311.6904696748
98 63 8969446.488623304
98 64 4256984.956231744
98 65 1047197.2358785744
98 66 5516365.050039807
98 70 11172735.239885433
98 72 228628.6759209267
98 74 15814721.94784569
98 75 5290583.519781229
98 79 1169239.65230381
98 83 15535678.761775885
98 89 5480748.545750809
98 94 526351.5064751469
98 101 4147793.1256572157
98 102 1920112.5171806654
98 103 3458815.21772949
98 106 1718582.6957550708
98 114 7836884.41552036
98 115 2014157.0576798646
98 117 3663982.247012771
98 125 5033340.772824078
98 129 2751295.200216754
98 130 2272007.953338315
98 131 240981.5186854172
98 133 3196599.419189868
98 134 4861555.027348749
98 137 2487612.552479044
98 138 12041720.423194403
98 142 6705856.856025457
98 143 349367.74706501584
98 146 16469619.490179837
98 147 932745.786822732
98 149 847641.6837134028
98 152 3991231.1490039057
98 153 1554541.4972909496
98 157 9541295.408038696
99 1 5206751.106404511
99 4 2438716.503626629
99 6 2893375.699467612
99 7 5194157.3192465715
99 18 4490834.55638345
99 19 80641851.70326656
99 26 3913684.4879934
99 31 35314202.20367674
99 32 3341924.6326204133
99 34 13298463.67263318
99 38 17818707.04162914
99 40 2729285.2612019144
99 45 19625766.93595679
99 49 32834378.235228647
99 51 2614499.1220408664
99 52 10292104.6001829
99 54 3549938.2179503925
99 56 2755205.776207967
99 63 32194679.108429987
99 64 50517497.382822976
99 65 3205634.2980145416
99 66 5106684.031241166
99 67 896912.672172416
99 68 16227267.375715386
99 70 26172900.142685246
99 72 4201336.840169043
99 74 18554709.633950077
99 75 21274956.42955127
99 79 45370174.05966401
99 83 4332503.644737232
99 86 1699886.8628107554
99 89 1317462.6318356928
99 95 1165591.680394821
99 97 16235418.381402783
99 101 14525331.594488824
99 102 51378462.30306208
99 106 15742904.257305957
99 112 1498000.586527949
99 114 5930112.316424061
99 115 13703382.229557049
99 117 23602179.086298723
99 125 1876114.313628275
99 127 13035920.641299961
99 129 14864784.678713957
99 130 21878033.685611423
99 131 2116605.306722689
99 133 7387791.071829597
99 134 6785209.15969224
99 137 18882483.677038215
99 138 7889145.218614822
99 142 14537326.503917433
99 145 34705527.90809198
99 146 13471300.043501185
99 147 29175118.60959419
99 149 7859912.348111446
99 152 14671775.964843765
99 154 3722447.551956782
100 6 3054063.387613381
100 7 1034892.9471423499
100 15 197440.08957215134
100 18 20222898.178018823
100 19 453563.3547276917
100 26 2901424.722778652
100 30 10870516.150505414
100 31 12026055.168376125
100 32 6770171.828550463
100 35 4024561.803320042
100 38 3586762.992959767
100 40 12703065.10993009
100 49 2058940.8911319433
100 51 20731774.648030788
100 54 4586681.485046595
100 56 1613063.3334368186
100 63 714346.19489565
100 64 5245849.852102777
100 65 26575396.19661214
100 66 3861575.950226833
100 67 301478.7942273355
100 68 17506508.020781517
100 70 23835767.30211142
100 72 4835477.418033584
100 74 2504329.3547173813
100 79 762187.7368112016
100 86 1295731.8199226444
100 87 1312842.7410173132
100 93 5647773.671600393
100 94 10024253.904504985
100 97 44770.75724490514
100 101 1306470.6453717954
100 102 14884440.401850082
100 106 3135694.9143714057
100 115 2594043.6682741824
100 117 3986428.2460658615
100 125 5342555.470664891
100 130 10033937.864738522
100 131 12961887.65828741
100 133 3025964.813544439
100 134 3440142.4205085128
100 137 1033990.221643176
100 138 9482009.790302165
100 142 13126130.210625196
100 143 982928.7675854814
100 146 24652867.920262914
100 147 18693053.15456117
100 149 121805.49087640767
100 152 13045069.282347035
100 154 21960007.789367903
100 157 9051584.239409195
101 1 316660555.35632336
101 4 130812211.09524691
101 6 123553022.2424949
101 7 2732778947.98894
101 15 4198820.156000436
101 17 384736.38700656826
101 18 2972925.463235056
101 19 824875187.2906402
101 20 4678132.841591849
101 23 2024570.578679913
101 26 9657539537.285833
101 28 1357637.865725115
101 30 38507052.084732465
101 31 1924697194.963181
101 32 28759893.661873795
101 34 8879764.288316224
101 35 20379669.344037298
101 37 47878676.875031896
101 38 60273422.82188875
101 40 1322029955.290279
101 42 2010292.0199360065
101 44 13485038.425301751
101 45 96826076.50268899
101 46 66873829.9782971
101 49 152474076.20356515
101 51 15280434396.615187
101 52 12177679.47627575
101 54 16435969498.890467
101 56 91075087.37797925
101 57 1652956.6773229188
101 58 79913760.22765264
101 63 22505458.0911012
101 64 618726707.6573708
101 65 11360241.14143119
101 66 2262014.025410002
101 67 2125600968.436255
101 68 548202779.651426
101 70 2353725279.614468
101 72 992234119.3055633
101 74 2703885278.184474
101 75 132100525.53765862
101 79 7849059458.591759
101 83 3749831.5220250543
101 86 19630980.186760843
101 87 3879368.53603951
101 88 5598259.610981844
101 89 265204787.90321437
101 93 5915273.826022853
101 94 2965990144.293659
101 95 14609028.467472129
101 97 8249410.527485314
101 98 14676469.134377256
101 100 14828111.159668414
101 102 85415660.18730217
101 103 37836557.887332596
101 106 575737352.0153124
101 107 50312534.684955694
101 111 12690326.966537712
101 112 48408169.21751552
101 114 1884038769.4332376
101 115 991354887.7015111
101 117 55860953.26406811
101 120 805340.5549310185
101 121 3470978.3139201873
101 122 2012598.2473379124
101 125 1955272489.1504145
101 127 5885186.488568858
101 129 3302964485.883154
101 130 199804935.0217529
101 131 379031343.86203086
101 133 1655179255.1595013
101 134 36877003.909781724
101 136 9134975.004986286
101 137 4752212693.690909
101 138 2809172391.7931604
101 142 2080350814.1653204
101 143 129735.84962175568
101 145 4776239.4494046895
101 146 62516523.22602409
101 147 503800065.8989461
101 149 1594453.1318479604
101 152 18755727043.282093
101 153 36011069.6831426
101 154 16137243260.538206
101 156 10601201.584777864
101 157 82065924.47098614
102 1 81203217.76590504
102 4 30726316.590820786
102 6 589324926.7579937
102 7 884833875.6447401
102 15 674488.0452661954
102 18 6748539.125971296
102 19 340442182.1477273
102 23 5699683.67057031
102 26 8769625.346633535
102 28 400089.09638741316
102 30 10459715.518638566
102 31 288862670.25969154
102 32 33104557.57096053
102 34 2299493.042717514
102 35 51157181.949668005
102 37 228050347.13877487
102 38 21980493.713589888
102 40 259477871.53178623
102 42 1534544.5237281332
102 44 33116393.398102228
102 45 73392345.1712707
102 46 15494994.475169707
102 49 15066089.987817222
102 51 410326801.3766279
102 52 1839319.1263641305
102 54 436396522.00748986
102 56 62495456.71905658
102 57 1059639.0376241615
102 58 11277477.124222327
102 63 267786.4659536423
102 64 515238901.372853
102 65 114306780.79152042
102 66 6899923.339314182
102 67 1583649328.8780096
102 68 164262071.2811276
102 70 91423921.75732529
102 72 145666070.3227377
102 74 1155829778.880581
102 75 163257443.73517013
102 79 58906190.5276243
102 83 3789507.8278033496
102 86 45125914.03824408
102 87 1016519.1318535078
102 88 1924886.8684375335
102 89 71524666.2501588
102 93 6970773.912471558
102 94 359635342.4631589
102 95 53724084.256648235
102 97 57787035.59715534
102 98 1791906.398479776
102 101 215533066.2168032
102 103 4872940.6272729505
102 106 314035721.113153
102 107 168361488.1006752
102 111 3417238.6830885736
102 112 16427796.716823185
102 114 72692186.7466672
102 115 351476819.50243837
102 117 247867944.76347253
102 120 941822.4194112523
102 122 990189.924438878
102 125 122191980.55482091
102 129 667384749.5150775
102 130 74276849.83584748
102 131 352904014.1687676
102 133 211468868.8898726
102 134 2774734.1124740294
102 137 236251950.42453992
102 138 365929248.89677995
102 142 453759217.9672321
102 143 126637.65271945878
102 145 23360178.60652146
102 146 150041358.7608458
102 147 172567420.65479174
102 149 2293017.5765777943
102 152 456929427.03981555
102 154 661992895.6426828
102 157 85689589.89467643
103 4 5737679.902724543
103 6 4216875.684015774
103 7 8527610.757505346
103 19 1726404.7825876626
103 26 95357.62809896894
103 30 2013982.5240092452
103 31 3397604.0540167787
103 32 9552264.535678647
103 38 5419944.194065497
103 40 980342.6596026076
103 44 1718696.1365133948
103 45 4839571.953718529
103 49 1583884.3262970266
103 51 12854841.991533361
103 52 15870773.26868406
103 54 1538832.7016978047
103 56 9678434.013667118
103 63 6729097.924542919
103 64 3394305.0823278604
103 65 7810428.973202104
103 67 99294.63122777901
103 68 31192164.777144834
103 70 253839.78149068175
103 72 4989634.579996173
103 74 5928877.461027284
103 79 19210572.156924047
103 83 1337584.123896707
103 88 7201896.147240815
103 89 16753630.450124992
103 93 2031314.987245439
103 94 16627451.909408716
103 97 4165053.0659789187
103 101 14352697.34286315
103 102 9104351.426449986
103 106 10425333.673120052
103 107 6562608.851587625
103 117 1336171.5357767707
103 120 1418503.1327705465
103 122 3952686.3289503832
103 125 3653474.709046939
103 129 23811788.338689327
103 130 423645.5516311852
103 133 17494440.028706912
103 134 6691642.545258657
103 137 733112.9058893544
103 138 11234633.03184784
103 142 4060085.3323248955
103 146 17248298.26635057
103 152 24590233.74996747
103 153 1003695.2224459443
103 154 2843689.1285622763
104 6 1538700.4625850064
104 7 3106666.5453323303
104 18 102295.38052319542
104 19 1681945.9946463653
104 20 671434.2670610902
104 26 3201606.4387199245
104 30 279108.4069394556
104 31 2198672.0965311998
104 32 960883.5400878773
104 37 5720965.072563714
104 40 484432.3691924101
104 44 2257046.37511834
104 45 9804680.628388701
104 51 4868232.560382399
104 54 166258.01418304368
104 56 1409665.580295564
104 65 3490619.5967020774
104 70 2312030.691264851
104 72 11365885.084487798
104 74 309320.5857540034
104 79 18771.812813888926
104 86 1080635.4682406525
104 87 184866.1314071178
104 89 2288998.8014679383
104 93 6286908.700171496
104 94 8255131.257451686
104 97 3622598.091991764
104 101 291722.80357250717
104 102 139252.68359740067
104 106 7119121.794025266
104 114 3098268.559600802
104 115 4059864.82573854
104 117 1094387.6463279244
104 129 408232.321895925
104 131 8606189.508627953
104 133 377624.54356278526
104 134 985451.5740803574
104 137 3653774.239228374
104 138 1301473.7009523944
104 142 104687.18483031531
104 147 2710552.7002579314
104 152 4902062.120526843
104 154 1019010.831578987
105 1 162366864.87437493
105 6 26870190.060145628
105 7 186721759.51196945
105 15 2366740.5983794252
105 18 38122069.93643114
105 19 2685137.9362711655
105 20 14542306.661293564
105 26 125296022.80300824
105 28 4842162.664886959
105 30 6547122.184842338
105 31 439797009.5601351
105 32 135385.5373248928
105 35 56326034.762159355
105 37 62907234.75122236
105 38 52908039.114952944
105 40 74134016.53435794
105 42 3069784.3144836524
105 44 61849294.820298985
105 45 15402371.986374756
105 46 22646106.188850675
105 49 16838697.6076626
105 51 242363207.0082451
105 52 4085175.592343963
105 54 97568357.51538986
105 56 117311528.08159192
105 57 720212.8016872988
105 63 4119903.07049348
105 64 296155960.8339905
105 65 90969195.21666202
105 67 210903731.63656127
105 70 26269884.898019124
105 72 335012133.1003215
105 74 297412027.3874979
105 75 18413500.34452888
105 79 11460908.665808203
105 83 2486198.330642774
105 86 32689547.43010489
105 87 13010424.812976494
105 89 145314071.8454808
105 93 14731418.154108258
105 94 10684144.174511742
105 97 14470741.689221753
105 100 15945886.807996113
105 101 135476004.46156403
105 102 84100886.90427509
105 106 5146333.750766561
105 111 4503941.323082454
105 112 50098601.378158145
105 114 105499877.7308119
105 115 91910329.617862
105 117 49823444.34010281
105 120 2138794.2119030617
105 125 29421.69490671347
105 129 10930326.692761993
105 130 81609746.29794464
105 131 137148149.68072414
105 133 93768538.13655339
105 134 9811822.291314738
105 136 8926834.27739916
105 137 1026101.234265535
105 138 17253065.737995144
105 142 127886637.14752212
105 143 8544191.245392598
105 146 79102014.00470671
105 147 69865326.69009003
105 149 5383520.051437772
105 152 50618703.01706239
105 153 38488476.389405414
105 154 35027659.156919815
106 1 631549.2540400312
106 4 59386106.1750523
106 6 310221643.96588475
106 7 12845057.61976582
106 15 4180861.179471104
106 17 2109649.740861586
106 18 55631045.67835733
106 19 562403644.9135008
106 20 30883348.935340665
106 23 4044408.7915978897
106 26 3502891577.961576
106 28 4455087.647021355
106 30 8373274.461526232
106 31 1471608702.5990512
106 32 196328685.49323013
106 34 3426146.092232526
106 35 75022059.34759445
106 37 51604445.4897369
106 38 71235414.9107871
106 40 270197597.24585193
106 42 1831985.8270574238
106 44 71089641.7682621
106 45 118821731.24112748
106 46 14605824.629528606
106 49 238143211.536152
106 51 1342461235.6891756
106 52 159011.7815847587
106 54 263587792.53160626
106 56 561420411.7750918
106 57 844562.1504217598
106 58 5491856.557418591
106 63 52388719.88778163
106 64 583525534.5893968
106 65 70086980.45842378
106 66 3230730.9232359403
106 67 245697020.8870664
106 68 248666864.36428732
106 70 103939429.43848526
106 72 642328371.8535042
106 74 1479126588.1894023
106 75 1134809.0173071641
106 79 227716150.25378928
106 83 34043371.13213109
106 86 74597039.23964076
106 87 4240999.296553896
106 88 28885817.811945148
106 89 861930970.0072783
106 93 50299426.43169611
106 94 444817071.3187975
106 95 15671377.416485833
106 97 56288634.48918748
106 98 13798710.362355819
106 100 40567926.81913094
106 101 156917501.46486416
106 102 35323255.09714129
106 103 21317605.84234144
106 107 248369113.3067867
106 111 60291679.68279298
106 112 21882891.91621706
106 114 103442316.0037675
106 115 483441932.69174963
106 117 36181430.277638406
106 120 1131010.8709728494
106 121 3764210.6395616303
106 122 7098305.347144991
106 125 221892574.01900813
106 127 4765612.942560115
106 129 1363490873.8906384
106 130 38735622.274869524
106 131 5321711.067789885
106 133 229846113.21358132
106 134 33561995.25639332
106 136 17128304.864831947
106 137 287232483.91014
106 138 117862076.41210045
106 142 314439163.5725856
106 143 2359810.4979418726
106 145 31538473.27312653
106 146 2956929.0475318665
106 147 207018186.2823691
106 149 2480535.319288695
106 152 757146252.9592347
106 153 8468015.350302296
106 154 1621732568.5973406
106 156 1107464.5716885987
106 157 141854853.11361277
107 1 35123288.59406844
107 6 120644603.17836845
107 7 99345325.86131585
107 18 6913299.224492487
107 19 187897148.86758906
107 26 75568363.28103893
107 31 165562414.12379447
107 32 10660637.743325835
107 35 20137394.271099344
107 40 32159824.50573867
107 44 23893376.300707042
107 45 109761833.63054135
107 46 1851185.4770999325
107 51 224679105.67402843
107 52 31998990.47570148
107 54 16560634.059469743
107 56 179187698.93891072
107 64 76579438.08034424
107 65 1964846.5636622054
107 67 31453129.49067553
107 70 348544563.98723245
107 72 551094181.3821824
107 74 91562034.26113509
107 75 10956839.795936234
107 79 136166984.59893906
107 83 37053561.36882348
107 89 65428194.971069895
107 93 25189529.71408598
107 94 284899300.9355057
107 97 3586166.8936824645
107 101 221485148.11646146
107 102 51274724.14255104
107 106 91656248.01572444
107 114 263901769.19700685
107 115 93744959.9952802
107 117 139164306.78317836
107 122 1731442.430255421
107 125 84384331.51863828
107 127 3151193.0235273815
107 131 46790994.08350549
107 133 625958820.1969249
107 134 51941808.59789294
107 137 86260205.78337817
107 138 485263419.73969096
107 142 31553598.492762897
107 143 825651.5187376668
107 146 387616605.12239075
107 149 3552775.7639907156
107 152 63337270.91324289
107 153 8063445.896280389
107 154 140670875.83521092
107 157 114415873.33705015
108 1 216272160.01722363
108 4 17150176.388786286
108 6 633461728.9141682
108 7 166361997.9924996
108 15 4699105.170204365
108 18 22571675.982305676
108 19 814228712.2322106
108 20 41067709.682213
108 23 4465583.710721073
108 26 48373594.44373923
108 28 2286383.8643389354
108 30 34131896.72275283
108 31 1009455165.5601394
108 32 28825597.509750128
108 34 3141743.9389480576
108 35 1361383.064872828
108 37 61769224.27827473
108 38 999253.502206774
108 40 234224777.28710595
108 44 36254815.6061639
108 45 162297545.59665856
108 46 41712883.64550068
108 49 86652997.87866516
108 51 219549421.33058602
108 52 19836757.60926296
108 54 77925636.6631012
108 56 35347182.44909919
108 57 1532651.1527886232
108 58 31776191.68731462
108 63 11505950.616529675
108 64 45267976.65594215
108 65 273615854.4351613
108 66 7208309.958251594
108 67 349043823.1660701
108 68 173183915.0119383
108 70 145974088.21349448
108 72 570262478.9791934
108 74 281304192.9967609
108 75 99839393.58436482
108 79 176397321.21356583
108 83 42420460.41427975
108 86 26765138.37212157
108 87 1955578.3988106644
108 88 8072522.187377678
108 89 188365870.86350212
108 93 2579817.651189276
108 94 661474990.1053284
108 95 21505780.55455093
108 97 217065649.80157742
108 98 2812820.3466369947
108 101 116373070.5950327
108 102 109719526.82421905
108 103 11352851.805652535
108 106 44894235.82759795
108 107 21799432.96947216
108 111 87421531.15845734
108 112 37395705.726627596
108 114 141403452.25477815
108 115 64225525.447944455
108 117 32559748.41827938
108 120 3554426.988064108
108 121 3646258.0607038704
108 122 1616338.2468335782
108 125 169915913.72946516
108 127 356044.84764017904
108 129 5161127.948113422
108 130 66437339.89649955
108 131 22056821.779741183
108 133 66093981.54596636
108 134 9176223.964948965
108 137 245314016.40607548
108 138 135219194.11481285
108 142 130868454.80943273
108 143 3960029.053624178
108 146 33059733.593075078
108 147 17580596.361209415
108 149 2814030.9135636375
108 152 328395474.1059338
108 153 61128033.8907843
108 154 74045318.8253219
108 157 4315975.119381849
109 1 220079909.16687718
109 4 22006461.610343475
109 6 118239047.90058596
109 7 40538842.87843798
109 15 1023281.9297236854
109 18 24001045.73329735
109 19 13071229.658145582
109 20 11998949.92560598
109 23 4743521.184525337
109 26 7033226.432919487
109 28 3968558.504106351
109 30 50794505.22848821
109 31 6625027.593540738
109 32 14171798.077066675
109 35 21718566.34621535
109 37 47285660.64323796
109 38 29837973.702108875
109 40 1462208.6160988105
109 42 705186.7847256103
109 44 31566270.467352644
109 45 72848717.25008388
109 46 4784884.970172007
109 49 35132018.53940534
109 51 50636644.500123106
109 54 70112524.12909113
109 56 966376.2963494811
109 57 28337.290683580944
109 58 19418759.932838634
109 64 130752646.06890066
109 65 60759602.94425329
109 66 8885712.619735153
109 67 1385714.6530820949
109 68 15626193.670999287
109 70 166647236.42162916
109 72 28660406.377678137
109 74 27389203.414625496
109 75 619713.9636824051
109 79 58354761.17527476
109 83 4967451.925972539
109 86 29199374.2626037
109 87 8498748.994177533
109 88 757099.5341651129
109 89 11392182.13217738
109 93 4659972.687649072
109 94 52084849.807406425
109 95 220799.79468744568
109 97 154288078.35433924
109 101 3382739.830367433
109 102 7411731.469528249
109 106 33844244.690836884
109 107 76247907.77473824
109 112 15878629.003536815
109 114 74063252.00519574
109 115 1681291.437463217
109 117 93294461.80307192
109 121 11673716.647129793
109 122 797475.2862207587
109 125 193597239.5748985
109 129 25001774.51236238
109 130 102500795.7322536
109 131 98296923.83614127
109 133 19109168.27079919
109 134 57237645.423493676
109 136 10243609.170657633
109 137 50761715.42395883
109 138 27710148.417818002
109 142 70213215.5428817
109 143 5387917.63835124
109 145 5002109.554775267
109 146 15703676.506383928
109 147 58798155.79893914
109 149 986188.8173369786
109 152 9718951.097515594
109 153 33329574.9947304
109 154 85434441.614587
109 157 20221878.450525977
110 6 79469459.68140423
110 7 31230443.221160285
110 19 161251019.84183094
110 20 5659412.774775447
110 26 63381896.510623716
110 32 62219272.28771548
110 35 5138512.64260112
110 37 182959390.5391257
110 38 3411850.835832365
110 40 35075407.69029907
110 45 28240265.85349534
110 49 6397125.006864458
110 51 19159360.136219043
110 54 59340185.81403884
110 65 24453227.994271394
110 67 100464029.0554725
110 68 196385083.96419233
110 70 179883383.0421999
110 72 64425302.45817613
110 74 213136327.71984354
110 89 98380727.63042673
110 97 30388523.806967665
110 101 32058454.464526605
110 102 45057183.120104834
110 106 30385436.74561246
110 107 15615826.055786176
110 117 5636799.747590369
110 125 22393004.324513316
110 130 248697648.13534024
110 133 19252300.243836414
110 134 12521198.823010877
110 137 348209326.75294805
110 138 80151559.24348693
110 142 20969136.241475828
110 146 96759727.3768481
110 147 96300800.40311049
110 149 7116776.8925024085
110 152 55822300.43982975
110 154 39594837.74877419
111 1 10631726.955253977
111 4 1642490.8658245476
111 6 2464018.7740103644
111 7 19186321.63950479
111 15 2109653.1141464277
111 19 34090016.46888692
111 20 11140395.119895713
111 26 2701540.3470915304
111 30 29153294.959916983
111 31 10872514.385665117
111 32 11724750.948750101
111 37 58753190.12052833
111 38 3445048.028770424
111 40 3500937.1192255407
111 42 1403365.0878183616
111 45 22062214.268295623
111 49 6532797.595708316
111 51 15110049.579434559
111 54 27882610.16073194
111 56 4226062.366569964
111 57 309815.951979874
111 58 17021047.762967378
111 63 9247276.745797908
111 64 10331154.319651287
111 65 11811677.971021138
111 68 44106977.81920199
111 70 29162792.61382954
111 72 1333767.4505031267
111 74 48966.396819145986
111 75 49600105.20319434
111 79 66732109.32806772
111 89 5279265.4386482425
111 94 2879150.3953312775
111 95 12542747.54197436
111 97 4804461.003118584
111 101 49375323.91143893
111 103 29471760.999894634
111 106 2637427.523890473
111 112 46398966.709019735
111 114 60893433.60073477
111 115 5669887.329889119
111 125 12679521.94019719
111 129 18798209.953172393
111 130 18685802.508751705
111 131 86151752.57435861
111 133 6939307.770707622
111 134 6816560.522069897
111 137 49216869.33420674
111 138 5168569.048531371
111 142 1381736.0357257463
111 145 9426803.950403394
111 146 24239706.65680658
111 147 10478736.986983497
111 152 8713041.02061529
111 153 1195972.160384234
111 154 3324691.545101266
112 1 89023542.40495956
112 6 18961566.151809894
112 7 447513476.93615735
112 19 179265448.60635644
112 26 20630140.092554983
112 28 2279891.5700633964
112 30 10265119.35658034
112 31 131623159.41664454
112 32 141321711.6288413
112 34 1542403.5364544264
112 35 5081808.119486016
112 37 7050327.811337066
112 38 21617474.595262922
112 40 76780755.86220375
112 42 7092160.661620859
112 44 1800326.992769243
112 45 39335862.30495224
112 46 45220390.391931474
112 49 48768952.10817383
112 51 6578056.232306999
112 52 564542.1996638149
112 54 37753.32912963085
112 56 36987076.42953652
112 57 1701704.041847875
112 63 9545797.29463779
112 64 2743051.9202539157
112 65 48113452.64704885
112 67 111636379.83599995
112 68 452383246.66088367
112 70 73280483.25428656
112 72 234328542.77304742
112 74 7687748.294308632
112 75 15801067.967082107
112 79 4083117.9586809105
112 83 1970481.2623539101
112 86 42988849.77428797
112 87 1021282.113860764
112 89 222829879.76097438
112 93 58046741.79947266
112 94 28118660.121278346
112 97 24112836.847975634
112 101 4114469.7263388555
112 106 47386548.80752483
112 107 8779069.325849364
112 114 43115146.04366381
112 115 154915247.61930197
112 117 78905608.83322863
112 120 613282.6158015254
112 122 2463457.942581534
112 125 38698664.38081084
112 129 2963031.0405568415
112 130 82615404.61280477
112 131 20546326.199629545
112 133 2206620.691498927
112 134 30711483.4392187
112 137 4813104.169552818
112 138 88100277.5420335
112 142 153182576.453551
112 143 4307920.502026306
112 145 10244471.373474345
112 146 28100490.85589182
112 147 52912540.531490885
112 149 4913762.50449526
112 152 16698939.207523532
112 154 17970164.240888778
112 157 8832460.809217913
113 1 178330463.39189354
113 4 419459044.48186207
113 6 481383003.69375795
113 7 95926299.9363939
113 15 6869875.417222446
113 18 121666.42060534863
113 19 612137477.3702314
113 20 13587060.316896716
113 26 610179538.1605446
113 30 40468189.233977646
113 31 246351679.20725647
113 32 671314098.4570005
113 35 62023989.167851806
113 37 92630817.02715261
113 38 433815.2359005733
113 40 139740577.71848217
113 42 1533831.8973055815
113 44 6593303.208742047
113 45 114184583.19258785
113 46 123076936.52274707
113 49 185418837.36953166
113 51 262201650.27874598
113 54 177130740.27977335
113 56 57498582.98491663
113 57 3980404.7306659636
113 58 27702525.167363085
113 63 37041477.03915351
113 64 142281903.79682747
113 65 61913876.24993204
113 66 5950607.897726185
113 67 78988978.0956338
113 68 225479575.19032422
113 70 89546261.42853135
113 72 172023626.17893437
113 74 229472770.6526502
113 75 3130178.245756305
113 79 447514282.76466143
113 83 42889091.17248585
113 86 38642698.7380852
113 87 1930625.2545132043
113 88 4727214.719817015
113 89 604447925.2138082
113 93 6686828.247787095
113 94 371207755.2020351
113 95 19285931.733360574
113 97 167082240.18989795
113 100 10447624.957694333
113 101 365469823.55946183
113 102 99829392.6034861
113 103 56809394.87449381
113 106 168476279.1106076
113 107 5313728.260036524
113 111 18646015.970284935
113 112 29815757.005818274
113 114 489475969.0623933
113 115 159820482.53517225
113 117 47289100.491985604
113 121 1282359.5910387621
113 122 642276.0954860195
113 125 56944543.91230939
113 127 1796224.3135114901
113 129 38372803.889090896
113 130 140272772.90605482
113 131 268520999.1413771
113 133 89258078.18857612
113 134 24118533.086990397
113 137 120317118.8706923
113 138 224022313.18354195
113 142 49160674.196496926
113 143 4363130.5669372175
113 145 13356356.795277266
113 146 443256017.08643687
113 147 4997752.420874046
113 149 58961406.7073302
113 152 102842089.44294442
113 153 10550453.568704592
113 154 70254659.95172665
113 157 58729440.77024989
114 1 14309127.008579187
114 4 373004862.7891174
114 6 431944324.6390502
114 7 233072607.92957494
114 15 627168.8170576397
114 18 1414349.9372629968
114 19 1715107073.4678197
114 20 69378647.80860811
114 23 866068.3947571408
114 26 345273793.7469233
114 30 700790.7269366488
114 31 689275012.371276
114 32 14004764.066247333
114 34 8588912.190020269
114 35 139315105.5108775
114 38 28172756.313287303
114 40 507822040.38202417
114 42 920818.3127111596
114 44 132123601.9773512
114 45 203564508.7760454
114 46 34574418.3207859
114 49 46695543.97896811
114 51 1989700713.9780357
114 52 3166331.1438590074
114 54 236054679.78903136
114 56 198624774.26448238
114 58 10105251.537253462
114 63 15893148.724916684
114 64 695026374.6400489
114 65 43291432.568251126
114 66 1724786.1793860616
114 67 56839357.95147811
114 68 309973251.74659806
114 70 344726667.94724256
114 72 796247876.5396641
114 74 85391392.25103801
114 75 49420537.31924776
114 79 669911172.6523703
114 83 3609356.143658354
114 86 62573656.55563353
114 87 5480325.4800674245
114 88 13622513.049115423
114 89 62991694.17569671
114 93 192888.42893395695
114 94 104493554.9880929
114 95 2678841.4023889224
114 97 35651364.281150304
114 98 5422250.8716429295
114 100 21121237.707687426
114 101 897560129.2368351
114 102 81436603.86128227
114 106 456022226.7546993
114 107 259339042.35759425
114 111 104313214.15374306
114 112 146424066.92647177
114 115 142507901.42372328
114 117 263133190.58247507
114 120 3048776.9624014026
114 121 6724935.998781483
114 125 33756852.047587395
114 127 2819740.6604430666
114 129 1305182339.2664812
114 130 170819648.00171518
114 131 31519314.336247306
114 133 56838449.23077865
114 134 13401772.323659178
114 136 1215662.3087117593
114 137 135467358.43259588
114 138 156142833.34399924
114 142 349450507.6067386
114 143 6848305.805236966
114 145 3787467.036481046
114 146 74136599.61576982
114 147 257872794.25860968
114 149 30246316.505869396
114 152 51610570.04002083
114 153 50815480.96668747
114 154 91339909.82461403
114 157 213124159.63708955
115 1 157291741.3800029
115 4 65064008.325209744
115 6 508884114.4422155
115 7 277407468.6381162
115 15 771965.3724017846
115 18 28358947.069802236
115 19 42081865.3400126
115 20 21033836.43475568
115 23 5763298.495328619
115 26 2392839752.93132
115 28 3188783.5098666046
115 30 237719384.3755544
115 31 170356320.49611673
115 32 9917443.993572446
115 34 3681069.999992083
115 35 8640494.165733537
115 37 6550049.149765189
115 38 1479810.6043532533
115 40 126339063.2014072
115 42 3368911.118630417
115 44 91832660.12239489
115 45 220267935.9050801
115 46 154412308.75504902
115 49 104236925.16576031
115 51 1006763838.2611423
115 52 19204177.518327273
115 54 432504411.43404514
115 56 75141026.0100227
115 57 202216.01472393153
115 58 13681308.816815747
115 63 14460724.286283107
115 64 181563141.60462385
115 65 111404680.99809815
115 66 11781724.080479853
115 67 265886026.00982037
115 68 676426523.1927334
115 70 47067045.73781278
115 72 33561476.750950135
115 74 473809903.4637784
115 75 53829923.7136073
115 79 329281209.94414955
115 83 14178454.179145986
115 86 21423008.976028293
115 87 1244425.4176488193
115 88 6408506.937395851
115 89 243762879.87611362
115 93 2429138.0294473707
115 94 143427187.41083118
115 95 3951380.5022305837
115 97 100558940.56917556
115 98 53915575.19458428
115 100 23280180.141640916
115 101 1106610962.583386
115 102 285439764.0063823
115 103 19933288.496887643
115 106 401914481.9849782
115 107 131994612.18788823
115 111 11235857.505154809
115 112 94414863.59628361
115 114 61123446.77861101
115 117 149733096.28731722
115 120 3785379.345766099
115 121 1377765.5679364144
115 122 2547358.6986957826
115 125 1609327568.6099317
115 127 5307429.103222846
115 129 98380305.79068269
115 130 8070071.303777843
115 131 43722655.55652362
115 133 399553280.1873326
115 134 124337093.68335721
115 136 6648715.225953494
115 137 284839481.60042596
115 138 153694926.58189347
115 142 1537929950.871184
115 143 1176452.0123491853
115 145 52324491.597524755
115 146 11047614.98846436
115 147 669233312.2262336
115 149 2329172.8063145494
115 152 519186427.02331793
115 153 4965890.322177135
115 154 2149611116.476707
115 156 484493.9902009761
115 157 5475711.524939182
116 1 181160918.48829654
116 6 42113504.854374915
116 7 90893204.88690554
116 18 1507127.999555857
116 26 38862517.00288874
116 28 1054715.393633749
116 31 643310951.8748982
116 32 141305952.7411148
116 35 12961996.822156852
116 38 4770322.6763437325
116 40 61775633.52274687
116 42 218494.68217768622
116 44 12413623.574741194
116 49 37787103.73440206
116 51 44265992.895299956
116 54 12381901.003859065
116 56 457936099.330013
116 64 299361509.0669453
116 65 4623527.79183139
116 67 68500152.56661077
116 70 89435211.1301702
116 72 4192345.193979465
116 74 607285702.6506821
116 79 11964628.988108566
116 89 33294539.37465011
116 94 58368735.531985454
116 97 180160393.25259763
116 101 7994648.24468265
116 102 150535553.6972089
116 112 32539040.831509333
116 114 33388881.143158235
116 115 117627588.71540937
116 125 39913070.622633204
116 129 6571920.859912775
116 130 140227563.17629662
116 131 111515151.50599027
116 133 56579460.6586443
116 134 13317470.782839218
116 137 3395500.7874639407
116 138 7155357.51237709
116 142 89441057.02850944
116 145 30026421.6660142
116 149 10553124.809346922
116 152 5415874.8285727
116 154 50368583.104527175
116 157 30090903.42629438
117 1 16025763.20301056
117 4 41032822.58765131
117 6 134829736.413294
117 7 184088556.04835725
117 19 11423256.596312352
117 20 13771976.569406519
117 26 209639052.50485983
117 28 706405.8223468193
117 30 26524097.44888002
117 31 116733440.61430675
117 32 68509407.14016648
117 34 10173776.311038781
117 35 165583733.32687467
117 37 56220821.88476957
117 38 77493581.42164092
117 40 64838414.16891791
117 42 316136.65612150694
117 44 68054736.7847301
117 45 91713766.20785889
117 46 81461077.48727554
117 49 79713148.87382673
117 51 41395281.49255993
117 52 11957643.58472079
117 54 97039077.98739077
117 56 182766390.05283615
117 57 538393.2390563231
117 58 23394365.06512862
117 63 25223344.60526326
117 64 48872479.227063
117 65 17893384.18404326
117 66 30326589.271975055
117 67 313808215.5939636
117 68 89134069.31721042
117 70 58473153.95562957
117 72 136259892.308097
117 74 224626353.87899724
117 79 40179532.19558177
117 83 22246998.70352181
117 86 62857836.235084
117 87 3792435.0022772797
117 88 4813714.624967024
117 89 5737654.600683768
117 93 813510.2029255398
117 94 230337687.42205232
117 95 5647839.104320081
117 97 13662023.576525033
117 98 3190521.3693261785
117 100 26081870.961606685
117 101 64437779.48414091
117 102 58003666.84121983
117 106 8932287.36033602
117 107 58335437.68741054
117 111 42060575.726515934
117 112 93303430.4875878
117 114 322993523.06121826
117 115 158036177.25446165
117 120 2723814.230343792
117 121 3094601.641312546
117 122 575502.0833256117
117 125 64165570.302436545
117 127 3768901.9611020465
117 129 29187433.75886669
117 130 87041973.5748378
117 131 68150932.22713307
117 133 191731477.4701084
117 134 64425796.94045781
117 136 3992520.160460325
117 137 286590.7010112901
117 138 32472604.780237302
117 142 473211795.23352975
117 143 443110.4335083953
117 145 16865309.72667121
117 146 57095567.871587224
117 147 65927534.083414935
117 149 7102649.028244373
117 152 143317781.83926013
117 153 25495372.81978941
117 154 21427537.255345177
117 156 1387971.4562236692
117 157 137530933.12896502
118 1 89780292.30185479
118 4 1655529247.5663266
118 6 942793545.6871338
118 7 1177044345.26711
118 15 8308979.809571649
118 18 11254256.51406735
118 19 1600016938.1130462
118 20 30633444.558768377
118 23 12343540.856307033
118 26 1659676793.4312294
118 28 1201478.568582338
118 30 457547801.32562053
118 31 1069810165.7848209
118 32 49644381.107028015
118 34 2450925.04631549
118 35 27635887.142641056
118 37 64818562.16074193
118 38 123203045.11155926
118 40 228344072.29280722
118 42 1242221.2383530918
118 44 14191878.636811875
118 45 314778099.2419685
118 46 49032714.36374704
118 49 388825820.49571747
118 51 2464513217.9669952
118 52 16657917.762319997
118 54 4526977464.934088
118 56 513057740.50307053
118 57 430284.86512322316
118 58 19942041.682472013
118 63 29590411.05413895
118 64 248060414.37263957
118 65 120278553.9951464
118 66 637936.5465164322
118 67 110978341.90228103
118 68 317342561.498581
118 70 859503149.0479258
118 72 981729159.1759425
118 74 5658213578.579929
118 75 69421807.95405461
118 79 394065570.7557181
118 83 26493371.722841013
118 86 154689722.38009647
118 88 6210522.334522606
118 89 418090531.2601255
118 93 12589520.252179608
118 94 626998445.9992658
118 95 20042694.800628904
118 97 136494575.67527282
118 98 20638142.37532083
118 100 7447515.666510238
118 101 108522767.01723939
118 102 169461032.63247207
118 103 299676.3287453914
118 106 1254759999.2179892
118 107 129818774.79349881
118 111 53372858.03082828
118 112 82962698.78027888
118 114 1016654821.1858965
118 115 912747076.5615791
118 117 209721561.36031437
118 120 172557.39271085945
118 121 2915961.244454596
118 122 346122.1687377907
118 125 1189504796.0924287
118 127 6645325.2720221095
118 129 2470560950.9856873
118 130 35557638.28136476
118 131 312740827.2391432
118 133 217584143.5454571
118 134 12825487.31691949
118 137 4074021843.734478
118 138 2272627361.94876
118 142 2247080035.30397
118 143 2623941.9965014462
118 145 14062901.568239663
118 146 45095728.16534013
118 147 182901598.0785824
118 149 7394381.402594918
118 152 2545477471.8173814
118 153 2493445.6505690315
118 154 682011709.0092181
118 157 336049389.2179126
119 7 650116.6909280919
119 26 2009879.3040538975
119 35 1556788.7057028157
119 37 3926684.3478730414
119 49 1026758.6746489673
119 51 1434061.6152257333
119 52 530500.6825728337
119 54 1378620.4144281114
119 64 2002849.904557622
119 65 546432.4994414058
119 70 481577.7705781078
119 72 188361.97347407104
119 74 585231.4993323832
119 75 50562.86712246567
119 79 3575500.2101940755
119 83 2175792.2924738275
119 89 138249.69540540318
119 93 1365385.4293760045
119 101 1551274.8222599672
119 114 976746.2477098163
119 115 3309476.0730810687
119 129 714081.0424029903
119 130 1217629.3082517437
119 133 1504237.2625992573
119 137 1608924.400558059
119 138 843651.4550482901
119 147 2357575.058491793
119 152 110029.02579476232
119 154 3891525.7231650604
120 6 528154.6525365631
120 7 560517.865202604
120 26 920947.2441398812
120 49 119256.1260377885
120 51 1056810.0969314915
120 54 243332.7464367962
120 56 622048.9439813804
120 64 108941.40593141176
120 65 925198.4447940935
120 67 524655.0514783649
120 70 729292.7098240843
120 74 2746861.7367944387
120 86 2162103.553882119
120 94 3047209.658821787
120 101 3891847.4875141196
120 102 3210222.381603763
120 106 1030621.2064657736
120 112 1269397.545011318
120 115 1585143.1835850175
120 125 1412705.0130089945
120 130 1899466.4165161997
120 131 1028349.8897558419
120 133 1626842.0116344895
120 137 243555.52401658928
120 138 1617474.3896404414
120 142 631900.19289679
120 152 1290653.0040797116
121 7 2586567.49347538
121 26 2146080.457177059
121 31 1164336.778770666
121 32 2911668.5720904777
121 35 4663725.169440352
121 40 3768644.751301672
121 49 4593666.586589279
121 51 732923.6337787219
121 54 4742372.295446032
121 56 1195305.0424001159
121 67 2101424.98030131
121 70 5333540.432196847
121 72 721530.0026882216
121 74 6368881.488925261
121 79 977663.7144850211
121 88 3504773.685731487
121 89 4384693.619254738
121 101 17313678.68957555
121 131 12099936.361305628
121 133 263807.08894810244
121 137 4872809.183687084
121 138 7311258.6861336045
121 142 1561348.9978519648
121 149 4040866.5003250255
121 152 298416.30654940294
121 154 741515.8425611447
122 7 1532475.9921697322
122 26 6194487.639525017
122 31 786540.4912938069
122 45 3121128.876898577
122 49 520044.52396404464
122 51 2626512.9726298717
122 54 910689.40468216
122 58 14511636.89244648
122 64 6859896.434323731
122 65 1402525.85460291
122 66 191963.9861379399
122 68 3726516.1169956266
122 70 3842100.3033380588
122 72 1393182.41543625
122 74 89224.82924403952
122 88 296661.59572926315
122 94 1212787.2618433225
122 112 6203181.401898732
122 115 312687.37108665303
122 125 6126045.037228698
122 130 2775161.8523095455
122 133 677761.0530980157
122 137 2977300.7216766397
122 138 8625399.04219006
122 146 840645.7922469081
122 149 106192.03778585316
122 152 2773757.648783832
122 154 2302552.6632241355
123 7 64316.27964048903
123 51 2329944.4715118147
123 54 243494.50855643465
123 56 6130886.932676763
123 64 5890239.97760744
123 70 3430788.678225144
123 72 82800.05637093069
123 74 245080.41192384923
123 79 3537794.172373768
123 93 3712335.072922306
123 101 4511673.727447356
123 115 3070887.9972306085
123 138 9210138.665396743
123 142 622807.941234784
123 147 491776.4710119819
123 152 794390.6274170788
123 154 5776266.150761938
124 6 212933.47654994443
124 7 119531.14185740815
124 26 273651.75800019666
124 31 451423.05843704264
124 37 248713.5764194253
124 40 95000.86748457066
124 49 731645.5468293056
124 51 226774.2176922243
124 54 534491.2476916016
124 67 74359.61931081994
124 70 167408.25433936814
124 72 159917.18729239577
124 74 101496.95903538208
124 79 922359.9934557847
124 83 227567.5813573266
124 86 51580.249725316804
124 89 69157.39040089227
124 101 330.57645604187593
124 102 1147628.0899878636
124 112 292990.9497362391
124 115 84631.45015131244
124 131 1552836.4853961319
124 137 40927.41151602563
124 142 145699.64323625778
124 143 227617.55167954325
124 152 162667.20958012392
124 154 581451.2851270166
125 1 58176445.729598686
125 6 400129680.4207895
125 7 45775681.45238923
125 15 7955399.151283219
125 18 24162766.680602167
125 19 375785846.2297538
125 26 1359500683.7149198
125 28 393840.52906052175
125 31 3022316991.9585733
125 32 52801413.99242412
125 35 11347969.386360375
125 37 101317447.26915474
125 38 16682962.832555205
125 40 991715678.038899
125 44 35365343.535032585
125 49 217570312.47994718
125 51 176340966.60970807
125 54 772659773.3142952
125 56 806971849.6970234
125 57 2073833.8958104125
125 58 22490376.320758678
125 64 64259910.23255269
125 65 173871970.77805802
125 66 4495688.712654021
125 67 180117457.83761558
125 68 308931686.31835306
125 70 136653674.84780714
125 72 761827680.7083431
125 74 1467586376.5528624
125 75 4525986.5323218815
125 79 754939044.1818941
125 86 11097100.55780434
125 87 3737420.7954180026
125 88 8514141.38460553
125 89 1237204501.8424504
125 93 1827855.6806117562
125 94 2126458689.6053376
125 95 47281013.15342257
125 97 366318275.8794735
125 98 2115376.2485012244
125 101 155070134.78467384
125 102 175561947.5072079
125 103 7458246.6902894005
125 106 38120971.603812434
125 112 40762825.78797717
125 114 1232700871.2612627
125 115 172403944.394591
125 117 56961780.66888256
125 121 1968548.059986727
125 129 363485596.6840859
125 130 38861760.810222566
125 131 178312312.98174796
125 133 2568958862.9259753
125 134 65645131.626766875
125 137 3543383108.066568
125 138 115200814.46792196
125 142 557287203.2228292
125 143 288301.0919439231
125 145 2632177.789755462
125 147 76603296.87521593
125 149 4983248.534989978
125 152 682676087.951746
125 153 118718395.38533032
125 154 4187248202.3930764
125 156 1938425.7417574355
126 4 19410689.05647359
126 6 25968871.66794929
126 7 2900036.274220201
126 15 2255581.84302928
126 18 239499.28747630466
126 26 4474506.583874775
126 30 7963400.292581092
126 31 2582067.243337155
126 32 2335424.5765036875
126 35 31138618.72274078
126 37 5444334.21086357
126 38 15357813.02213481
126 44 1016409.817566384
126 49 7553246.578167351
126 51 18438426.611663226
126 52 12776536.480637081
126 54 8107756.420261861
126 56 43440187.006886534
126 58 8022566.2580726445
126 64 20222277.395603355
126 65 5504210.093414933
126 66 2880976.6653408534
126 67 10855776.79131346
126 70 17982250.26810183
126 72 511117.52990166657
126 74 11708006.72161873
126 79 5849342.694143128
126 86 1191000.81225221
126 89 13438556.576787548
126 93 1737463.2017185304
126 94 24762534.080462657
126 97 6652782.945287818
126 101 8278404.371479071
126 102 6219406.497365619
126 107 932300.2059589111
126 112 19047179.940518223
126 114 4107514.184073898
126 115 11757100.60239025
126 117 13679601.96891087
126 125 9659372.823425477
126 129 1208781.413062838
126 131 6452968.64528885
126 133 15841435.505882336
126 134 11858774.000729525
126 137 12982353.832592288
126 138 17694483.37372163
126 142 3570306.8863687506
126 143 768147.343157136
126 146 11377673.338693256
126 147 17259708.39483486
126 149 1206068.0943531604
126 152 704681.2818795984
126 154 271908.90362937056
127 6 2301757.843941623
127 7 1992613.824344355
127 15 338907.44574987574
127 26 6433374.695683534
127 31 4029934.892547366
127 37 5227830.942979857
127 38 289969.64800281
127 40 4945784.408214503
127 42 1989336.3711222762
127 45 3701219.8930786904
127 49 3296939.314699143
127 51 2485295.939334788
127 54 1289527.9487998614
127 57 935754.9272462685
127 65 2358125.9405505094
127 70 966594.2017707729
127 72 1638614.0028506722
127 74 916022.8339154988
127 75 1379904.49883775
127 89 4748160.340043035
127 93 1602566.9266209328
127 94 408447.4014472645
127 101 542422.4786060664
127 114 616000.7240623796
127 115 2381350.490915297
127 117 4957994.164779133
127 133 3071003.3488975596
127 137 1346221.5241989354
127 138 2773820.901165102
127 142 5492916.355162723
127 143 2624931.944563759
127 152 685240.3442597674
127 154 5121860.9675112795
128 1 9254366.849943396
128 6 6112079.09411452
128 7 1862414.4627106544
128 18 1268550.741600116
128 26 1036233.5765708663
128 30 14225608.022535086
128 31 938115.3852279307
128 37 326197.1264311591
128 38 632247.8075743063
128 40 1842350.2262631338
128 45 989584.123025945
128 49 4249390.88421286
128 51 976087.2778561861
128 54 1876201.4306829162
128 56 2393025.5890853093
128 64 4459729.006689524
128 65 248772.08433757685
128 66 107435.01975801452
128 67 8354695.679498187
128 70 9045214.620908244
128 72 40424.90494926248
128 74 783155.726274608
128 79 6109842.242810455
128 86 3852233.252409056
128 89 5581779.09188435
128 93 3563478.7423628634
128 94 5840607.592339607
128 97 268567.38006298954
128 101 979677.9948306076
128 106 1215282.2554346195
128 107 850524.9780345407
128 111 8914197.678371437
128 114 1440301.5694572837
128 115 5414608.399850152
128 121 1228551.8050805335
128 125 10834395.103869362
128 130 1117937.1083984592
128 131 241788.73161136385
128 133 1582880.891085562
128 134 5117017.705454999
128 137 579427.0623513497
128 138 127781.2647824509
128 142 38178.2719352166
128 143 2167225.8600030798
128 146 3454484.1176127447
128 147 1948398.960341647
128 152 5420488.961149526
128 154 7672079.256284567
129 1 214264823.7771266
129 4 39551196.447437085
129 6 1083319381.6471837
129 7 562500129.516911
129 15 4780193.955896494
129 17 1656557.0313885876
129 18 8700831.707445284
129 19 275101693.6927289
129 20 23107209.525482297
129 23 4042829.3715824727
129 26 6986276126.09089
129 28 1013517.5920264521
129 30 262759676.4690748
129 31 1404262759.5787694
129 32 170000845.0274014
129 34 1525259.9627158814
129 35 72721713.69214283
129 37 48540240.47789902
129 38 82100668.08629869
129 40 339583016.5388839
129 42 2182027.259864684
129 44 23367097.888878413
129 45 191489600.16988653
129 46 85591485.07810262
129 49 1447598196.959776
129 51 188269750.39968836
129 52 37813883.42751267
129 54 590666726.2685517
129 56 323279228.93212974
129 57 2522160.5767253176
129 58 9156752.28883439
129 63 7978359.185216457
129 64 1242702756.3721514
129 65 158641443.7406117
129 66 8075563.169757876
129 67 248318213.45902154
129 68 1101246230.8932457
129 70 151562572.05239254
129 72 1217396358.9106262
129 74 5196646476.693108
129 75 7327637.032253527
129 79 3766706842.592568
129 83 1967071.322001426
129 86 82063739.39870963
129 87 128104.37319666533
129 88 3009952.7060972895
129 89 769263572.4279038
129 93 26643198.924026735
129 94 5201135786.162485
129 95 32690536.99133841
129 97 104767815.96322566
129 98 2157287.249788781
129 100 23373961.32773805
129 101 1378061713.228724
129 102 7060374.757808689
129 103 21382833.664050937
129 106 602232299.2567369
129 107 8658015.576135773
129 111 26148376.924659815
129 112 101050001.19722718
129 114 462112429.79029566
129 115 82688943.00726643
129 117 688152929.9188632
129 120 800548.3976089598
129 121 181560.68640439797
129 122 391674.2960734577
129 125 1459832275.4354866
129 127 1364630.7720471916
129 130 303451514.6431557
129 131 62870544.93747133
129 133 1976319433.5910735
129 134 26909545.79683082
129 136 7403890.82991307
129 137 674320150.8434802
129 138 1489184986.518703
129 142 2300662695.0960197
129 143 7706014.073992794
129 145 38183020.80945271
129 146 137509345.60610557
129 147 1438152061.3190167
129 149 350500.44803187443
129 152 6024822970.669846
129 153 2866030.7958472553
129 154 1887955234.798012
129 157 120007704.59069192
130 1 16484341.61460887
130 4 16757205.599251825
130 6 30608721.462453324
130 7 16081682.271412654
130 18 4990932.83456108
130 19 108984277.63161752
130 26 90421568.22966588
130 30 27218189.701547608
130 31 235602238.27883747
130 32 118294848.86173485
130 35 8137569.463262397
130 38 51871282.992466174
130 40 578366641.7541125
130 44 52863879.48320368
130 45 1662555.2806280067
130 46 20909990.55651632
130 49 69248492.46181667
130 51 36567766.790657036
130 52 21752309.321803782
130 54 296218520.9827247
130 56 168397781.2015983
130 64 148537959.58480588
130 65 57082927.88595869
130 68 19266951.531685635
130 70 37538119.364505544
130 72 236852060.45767835
130 74 47228073.471383505
130 79 79476687.00159921
130 86 16766211.429506036
130 89 137100652.35633516
130 93 21816961.70415603
130 94 426077331.4979344
130 97 67903433.0364217
130 101 8989899.975834293
130 106 160186611.19012868
130 107 3500281.4340620055
130 112 42029541.62525409
130 114 366553388.96693957
130 115 58070677.85285021
130 120 3555059.809239933
130 121 232762.67238805565
130 129 37015422.15017794
130 131 154785865.96711898
130 133 123953325.28848627
130 134 4348240.755284603
130 137 160246638.13014278
130 138 36425162.41759242
130 142 82784676.68549396
130 146 334278077.23776495
130 147 102550300.51897338
130 152 28266128.225789413
130 153 622071.9510404196
130 154 7159143.975370029
130 157 81971147.07054459
131 1 24791628.75619872
131 6 489663585.6449314
131 7 588275342.3041005
131 15 4983552.982120617
131 17 3499544.908296846
131 18 27300322.651366986
131 19 325015576.2549132
131 23 1487891.219548639
131 26 728125464.452609
131 30 68368647.94238178
131 31 313058592.5989183
131 32 61059928.58287579
131 34 639630.043771672
131 35 61306942.614611626
131 37 85569867.01716404
131 38 24135562.33070814
131 40 205198464.80405363
131 42 671474.8501572042
131 44 19312199.56854799
131 45 229529333.7481479
131 46 18434268.461980682
131 49 162754426.72394794
131 51 189903698.9090981
131 52 9218359.300290164
131 54 446066351.41784346
131 56 186546930.48458415
131 57 539194.4407774004
131 58 4894814.489738243
131 63 5253788.743807557
131 64 360739506.51909554
131 65 51605686.07240831
131 66 7961020.596962296
131 67 341510461.0816656
131 68 877562588.0980124
131 70 950250744.9160131
131 72 884190439.8036991
131 74 200292733.87721598
131 75 44283468.5166048
131 79 2089388967.1898012
131 83 13602557.692352068
131 86 32536784.02428454
131 87 299397.3145539405
131 88 2027458.0607484994
131 89 17245042.05289874
131 93 10040332.184056763
131 94 34462235.33733617
131 97 85549165.00258149
131 98 28154985.922725618
131 100 12223984.921983663
131 101 242017590.37230372
131 102 18163623.433858186
131 106 819720040.0613809
131 107 7062099.207593141
131 111 13470834.91323816
131 112 29339450.97465462
131 114 287683917.7165315
131 115 153174860.13728294
131 117 235744961.9071753
131 121 11956048.072966736
131 122 9114989.561073132
131 125 135113660.91484332
131 127 596072.6422738197
131 129 346109241.4703098
131 130 43518347.96417074
131 133 760028288.0685341
131 134 6122284.9936997155
131 137 74952511.54216412
131 138 566049737.832111
131 142 115671526.05211782
131 145 16560994.088542469
131 146 53136047.7257448
131 147 173206443.15360102
131 149 22099156.76079212
131 152 175836424.764665
131 153 40876205.37070851
131 154 173169038.5585894
131 156 1114297.2603242411
131 157 61821936.23862949
132 4 7149593.160870401
132 7 6816037.199481208
132 20 2961711.617309293
132 30 966824.521229206
132 31 21899402.77765941
132 32 3220184.977883638
132 38 10521176.87543377
132 40 2700938.099125049
132 51 606796.7740117452
132 54 2396783.9282367
132 56 945123.7929776654
132 64 9883630.911408454
132 67 4181202.5232277433
132 70 5950532.44983674
132 72 9515642.002981355
132 74 4661187.272676941
132 75 16071012.110323297
132 79 397944.98642144294
132 89 6996733.325034193
132 94 1509144.2846442717
132 97 918115.6366740032
132 101 1030132.0042772614
132 115 4783949.297193256
132 133 8164561.126524252
132 137 1807804.5990531754
132 138 760617.975444743
132 147 31871314.980319265
132 152 3747175.9896321082
132 154 4366413.615108922
133 1 55218051.336872764
133 4 429342127.33217466
133 6 156136506.85797727
133 7 1593227513.8090458
133 15 1352439.9962626267
133 17 7059319.906682135
133 18 32604626.369329896
133 19 2041907690.2448878
133 20 2748610.9980404708
133 23 582203.86407359
133 26 545652564.5010902
133 28 1567115.6249687748
133 30 43974519.014231704
133 31 1557089578.0212216
133 32 282889948.82694024
133 34 12187128.68051797
133 35 29780309.921089835
133 37 39860617.29239082
133 38 4904920.566008033
133 40 243400919.99488407
133 42 2856322.13443935
133 44 96639003.64686258
133 45 13505225.42692621
133 46 12440710.509017434
133 49 289068858.5234698
133 51 994073829.0539674
133 52 21245266.227945983
133 54 4570353187.929462
133 56 296880039.2504902
133 57 779319.3267439235
133 58 27838385.281080328
133 63 6897504.908341704
133 64 3050818172.9676533
133 65 233836818.9881314
133 66 49080353.1693074
133 67 1669673576.7880077
133 68 2202514379.799006
133 70 1115911782.879438
133 72 8382625332.541737
133 74 4035380254.66846
133 75 38772583.793826506
133 79 473450417.5621265
133 83 24561791.8485964
133 86 74573178.33111374
133 87 1745257.5139482508
133 88 3786209.4278152087
133 89 204237507.53732857
133 93 17617481.62738414
133 94 235154728.23173136
133 95 8174380.528461031
133 97 5451933.595419598
133 98 6018053.916793735
133 100 28532096.010044266
133 101 623926804.4013236
133 102 370902698.9538951
133 103 4890155.330029512
133 106 2288052208.7533245
133 107 48266563.540288
133 111 33712855.30617129
133 112 168382621.3473095
133 114 102778461.31760961
133 115 1616512244.0658343
133 117 163528932.2885334
133 120 1358381.9838659689
133 121 3942534.3514239606
133 122 91009.38626511817
133 125 602890904.8194933
133 127 4412024.155597231
133 129 1092481660.9410064
133 130 64900486.663605705
133 131 309859286.2979242
133 134 43397407.18707979
133 136 2433058.9810130806
133 137 146622015.1437537
133 138 341720510.70174193
133 142 1304527112.6733174
133 143 164758.79285840466
133 145 2200934.9225745793
133 146 263569305.9651124
133 147 1640708067.9918323
133 149 1817886.0499144415
133 152 2084774617.4520845
133 153 66669779.05371168
133 154 487671805.4216842
133 156 494428.4921044816
133 157 32503776.95783385
134 1 22643597.881931566
134 4 124208539.21645585
134 6 82892512.41958746
134 7 15627800.34527694
134 15 2021612.5396799834
134 18 48770517.75378756
134 19 28121035.17937265
134 20 6260846.5000287015
134 23 10100842.55583211
134 26 6532000.244212583
134 28 21441.126915275046
134 30 21723639.64572321
134 31 19412492.653254736
134 32 56040261.50125633
134 34 5208736.851558981
134 35 18429135.262232862
134 37 32990094.514288656
134 38 13533414.607216947
134 40 26846777.467978712
134 42 600669.4466897395
134 44 88290086.46952187
134 45 32396241.249681592
134 46 16256850.814697452
134 49 39077604.207939744
134 51 92879164.2392729
134 52 34175030.17300146
134 54 7089271.708856846
134 56 30538045.32941579
134 57 182817.1956913479
134 58 12843933.426511139
134 63 6822773.275911015
134 64 10951997.600410258
134 65 102813594.94715643
134 66 3107686.2939992473
134 67 114000836.2194546
134 68 107494885.19484325
134 70 14896325.444820095
134 72 22909249.984420955
134 74 7387347.8430152945
134 75 9917870.425858274
134 79 146108027.0989666
134 83 5105285.795043085
134 86 60773798.863977365
134 88 424588.4075781016
134 89 2293346.142786811
134 93 72710403.10192536
134 94 20082479.987550963
134 97 4984196.457701541
134 100 6471671.384490641
134 101 71029888.87530553
134 102 54792114.40674312
134 103 3867341.268177393
134 106 4039203.3756842343
134 112 28586662.577757098
134 114 69982335.08774583
134 115 20464361.098176327
134 117 47518169.8865629
134 120 19801.541165013794
134 121 11390907.948523879
134 122 2910873.0197625165
134 125 6076782.979946327
134 127 7412422.482637962
134 129 52333443.8585664
134 130 15535724.572122056
134 131 65669932.254340336
134 133 21713529.659528077
134 137 3653139.0861121267
134 138 7032067.834899471
134 142 5769460.998684849
134 143 283644.57364739315
134 145 2382932.0886271074
134 146 6372283.268214734
134 147 108780655.97310083
134 149 5308056.523252961
134 152 20405424.265406825
134 153 42381421.66314541
134 154 18740659.528375696
134 157 29667028.00911607
135 4 1096090.2896183468
135 6 3749987.055206463
135 7 25071914.4565711
135 23 1350012.0393445203
135 26 25710315.383188117
135 28 783400.3052284631
135 30 34713381.24806004
135 31 8416185.323503051
135 32 5662690.951297476
135 35 7510650.985863381
135 37 8711930.800036002
135 38 3088415.0103428704
135 40 29290036.336404994
135 45 25231805.573052615
135 46 7585063.8294587685
135 49 6967138.505129159
135 51 15648069.16422694
135 54 262822.4115286418
135 63 2585739.0334188095
135 64 17795765.98077016
135 65 9998759.577480732
135 66 9599732.044243457
135 67 8913118.658528825
135 68 40567061.53642659
135 70 2054942.2282954913
135 72 35830389.45187857
135 74 63400.98462810088
135 79 2550683.832172277
135 83 2360010.1814340856
135 86 7544730.0030106865
135 89 26429144.74863869
135 93 17271338.018543307
135 94 13185806.214264179
135 97 3380660.022663473
135 101 2079697.769478716
135 102 11897764.977697104
135 103 2476064.8054480706
135 106 4748377.459441399
135 107 15421932.640926974
135 112 1546689.201077689
135 114 9017647.68305067
135 115 30178696.215342455
135 117 10508469.687777713
135 125 3802295.105502256
135 127 2043823.6099733012
135 129 9298801.437596792
135 130 4909990.434474719
135 131 21295487.794900145
135 133 2096754.3883139063
135 134 2629179.30084389
135 137 2618053.316498652
135 138 24521186.527562123
135 142 34075090.14472639
135 143 840117.1275360725
135 145 4076305.153692788
135 146 2107828.397184187
135 147 7693736.3969922215
135 149 35411.633822159696
135 152 10287680.455387743
135 154 983664.2333971257
135 157 8838517.650357356
136 1 11941424.53127286
136 4 4367371.287718042
136 6 26731800.960115347
136 7 1208975.7049087537
136 26 28157544.346800745
136 30 12096650.921096265
136 31 4022505.3454605965
136 35 2046840.896962298
136 40 12949115.850632563
136 44 9118562.621371588
136 45 13053495.012406958
136 49 3291495.387016198
136 51 3144790.700043279
136 54 6101553.894262232
136 56 5847202.248903753
136 64 316914.97032369033
136 65 9564798.532311961
136 66 9212189.424367603
136 67 9704315.608937994
136 68 885848.0066227743
136 70 12346126.250986667
136 72 8891862.261793677
136 74 8521896.273357194
136 79 9626429.59697356
136 86 5781973.783631918
136 87 2565677.3855077215
136 89 1191581.612555612
136 93 36341.65057320632
136 94 3262084.4107973864
136 100 1935524.8133664806
136 101 20499303.741141025
136 102 989519.6210305258
136 112 19820369.024161857
136 114 19755963.996381007
136 115 3335233.472952897
136 125 8755224.41234368
136 130 1633534.311169767
136 131 20932240.66314825
136 133 10120233.819485622
136 134 341100.5697999871
136 137 293449.7614340899
136 138 2845533.8445378095
136 142 6754006.887523185
136 143 148855.03468558905
136 146 15148497.284808043
136 147 1496866.2664964476
136 149 3854608.010983762
136 152 15449983.484054755
136 153 4186499.4590153843
136 154 447055.2832518411
137 1 47558770.72980606
137 4 112476566.28908223
137 6 1032822457.5347915
137 7 104906266.57947914
137 15 362290.2833785552
137 17 4879319.673246359
137 18 27044597.344652265
137 19 2509799120.0501256
137 20 119353742.5046044
137 23 783897.4646902123
137 26 1840037308.6956284
137 28 11626179.259937253
137 30 35741308.43845892
137 31 3517316367.1683645
137 32 159557582.68082547
137 34 2563382.14058635
137 35 9999921.506674744
137 37 129803978.6309226
137 38 43785710.37795092
137 40 49779869.168042295
137 42 1485279.987883229
137 44 29327144.632624503
137 45 36787395.83433593
137 46 34246205.117473476
137 49 2378797426.371527
137 51 4178369066.2452264
137 52 9313876.768539937
137 54 1345085584.1821969
137 56 31772008.340808786
137 57 2249897.672961531
137 58 55738968.98613095
137 63 15881108.40447725
137 64 39259747.28138363
137 65 37961556.06415606
137 66 12029332.43589037
137 67 113324273.44484396
137 68 11599938.375017604
137 70 1645260082.0346014
137 72 519884732.3360488
137 74 4979337687.189107
137 75 25492533.105318263
137 79 1763943863.8149502
137 83 11417960.787886348
137 86 21835792.707513053
137 87 3983993.732064191
137 88 11758186.553738164
137 89 599886111.2224629
137 93 2416245.8084725942
137 94 1468780075.4826808
137 95 9548384.43602287
137 97 64108422.69265151
137 98 499874.26280633005
137 100 56511067.420880914
137 101 792471232.0908182
137 102 66892320.89693334
137 103 52303188.37698256
137 106 313227620.7212811
137 107 143626272.78477007
137 111 2953413.0212205877
137 112 30804195.641343612
137 114 2138365307.746695
137 115 1824092537.299495
137 117 287323062.0749827
137 120 2007399.683857965
137 121 3899147.9583657905
137 122 694198.6680280025
137 125 162457409.7211043
137 127 1229846.414893505
137 129 274568215.4831352
137 130 389219893.99968815
137 131 172405162.7578792
137 133 747326812.3264658
137 134 298507259.6249619
137 136 22943654.599622466
137 138 7989944381.807927
137 142 51589007.65420374
137 143 381729.2579588696
137 145 4151167.861409389
137 146 17454873.791892696
137 147 360420676.4460951
137 149 736935.6313794571
137 152 1665742641.4331143
137 153 130642433.55341804
137 154 10014708695.949162
137 156 210325.55109024054
137 157 179186736.98828438
138 1 51724961.08453328
138 4 587725959.838519
138 6 1500989521.158284
138 7 844656386.8176173
138 15 472963.93471916975
138 17 1990709.3062686657
138 18 13484629.752777083
138 19 2615184109.795763
138 20 81843496.73194496
138 23 191583.25333982627
138 26 21937877911.441544
138 28 665053.7218171093
138 30 125491024.64562653
138 31 319786633.00046486
138 32 91518201.01614855
138 34 3587289.7037080745
138 35 15545441.193116076
138 37 126911134.44067839
138 38 17614887.441684373
138 40 242478199.3977049
138 42 1923096.105609712
138 44 43452149.70947964
138 45 111930797.53526388
138 46 17466759.09121437
138 49 82508040.66154855
138 51 549934243.398193
138 52 1739116.979609256
138 54 1272308160.6717775
138 56 1430983604.0719492
138 57 1139322.8034170547
138 58 133423002.88058051
138 63 11695958.938771412
138 64 2271816434.2764115
138 65 1433795.504127676
138 66 9983473.453458155
138 67 781059744.2406172
138 68 70667883.71058634
138 70 316377470.5048638
138 72 2854764086.6125703
138 74 4610661026.131504
138 75 6912318.635481268
138 79 1372898503.939574
138 83 3859034.7109418325
138 86 44921634.19714716
138 87 36702014.8330901
138 88 5077335.671312209
138 89 749288260.8178467
138 93 64670855.57268339
138 94 1917094397.288687
138 95 16842005.076400056
138 97 92020855.64160581
138 98 1534234.4288688116
138 100 30429137.693899125
138 101 2784304713.461879
138 102 217655268.06659734
138 103 10114339.878185965
138 106 584692807.1249443
138 107 46715221.52499064
138 111 32329665.099640306
138 112 155689361.47772023
138 114 299523437.9520459
138 115 17054803.038797494
138 117 92913297.78589295
138 120 799658.6567103624
138 121 1643861.636501409
138 122 61644.533630722646
138 125 365533698.3401809
138 127 577441.8892801693
138 129 1766066247.8805022
138 130 31949780.840093646
138 131 191506939.414727
138 133 2617957866.5050826
138 134 100287847.5733888
138 136 4818852.489800165
138 137 1774322343.4625924
138 142 181857760.17902577
138 143 206777.9542977336
138 145 8566365.880851246
138 146 38598749.93934379
138 147 43789295.30359486
138 149 567857.0371857965
138 152 4737374310.698766
138 153 19533606.15423553
138 154 905943997.7328285
138 156 1236448.062002584
138 157 191890437.72385007
139 1 58602742.505768314
139 4 9854824.803529682
139 6 10185423.994800884
139 7 79548977.3477569
139 15 457923.5228411103
139 18 13205660.35557163
139 19 21518306.197576053
139 23 6419204.982588891
139 26 10822597.12242082
139 30 35944110.68153156
139 31 35151130.36590628
139 32 78157028.8900699
139 35 16597274.052960062
139 37 13793244.49896747
139 38 17486696.24597318
139 40 136833304.77771834
139 44 15486231.475280456
139 45 13399540.474830832
139 49 15246424.698983813
139 51 75497634.44618501
139 54 236277832.40300363
139 56 16860165.56662539
139 58 3332757.5208246876
139 64 141367757.39394745
139 65 75422461.87606554
139 66 23436501.919505205
139 67 41721591.85480431
139 68 54417299.9368925
139 70 49908209.44576153
139 72 93435480.90086073
139 74 11062992.558162581
139 75 8223502.7931239465
139 79 28395221.674225643
139 83 28909141.598204434
139 86 18382638.78780547
139 88 7443467.967903859
139 89 2142049.291049435
139 93 16456454.809005281
139 94 4634084.332178183
139 97 133297359.38621639
139 101 69552180.11339088
139 102 128988539.86962575
139 106 37677529.81613367
139 107 21215561.273862842
139 115 8068317.919494614
139 117 25312222.90448815
139 122 71866.02642466559
139 125 42464144.06873302
139 130 138251115.873436
139 131 96412902.3635107
139 133 20239116.748766527
139 134 22890198.841659993
139 137 77750360.4024294
139 138 71418284.21656269
139 142 12721758.372725423
139 143 3770735.0678165667
139 146 20536449.646327853
139 147 147556477.1250265
139 149 1222226.3471276728
139 152 35111164.59398989
139 153 22055640.720136717
139 154 4202657.248082689
139 157 15120491.73826869
140 7 7178653.888511992
140 19 1384933.057425391
140 26 7775403.068187091
140 31 24655828.501437485
140 35 21397373.74373068
140 38 4172947.053980123
140 40 40386986.6403814
140 45 15192789.71495505
140 49 8522575.564204782
140 51 21775985.160736013
140 54 2315515.2744008577
140 64 12538671.60805656
140 65 14582319.7332273
140 68 3362651.3325143857
140 70 2120773.4856868493
140 72 13702038.785670213
140 74 1385056.087032783
140 79 16355252.987144217
140 89 8306946.506557805
140 101 5949184.432377106
140 103 945635.2483263946
140 106 3719098.5399585785
140 114 6313982.1909000175
140 115 4891139.329472086
140 121 2132481.6925150324
140 125 23792718.2769106
140 130 1248477.9754523493
140 133 6430757.461954545
140 134 10365252.03722611
140 137 395115.58288894914
140 138 6067762.292862785
140 142 7770073.057545256
140 145 5611907.38605883
140 152 6920409.160881037
140 154 5243639.106321081
141 1 530469.9885694268
141 6 3517323.1790364003
141 7 4403591.487743876
141 18 13819496.712557536
141 19 7394974.832792073
141 20 4710650.783041451
141 26 3859350.089541988
141 30 7178840.221219054
141 31 11829558.243269654
141 32 6397681.898920102
141 34 1248724.6838044578
141 35 15604934.550688071
141 37 6159806.672483222
141 38 1093949.9736483204
141 40 13747932.06560236
141 49 11002009.72051165
141 51 3509910.751107834
141 52 3128368.393231377
141 54 669822.6213507568
141 56 5669654.341985763
141 57 1947201.6281685575
141 58 20725324.30475285
141 63 1329102.7018501905
141 64 4439963.246728611
141 65 677151.4809057869
141 67 6157245.425270286
141 68 3521701.9304295825
141 72 6572882.481097404
141 74 4780946.346063391
141 75 3111615.695444343
141 79 8428194.246753504
141 83 7418001.368766025
141 87 4543175.103142553
141 89 5741387.833542418
141 93 3225632.8489615344
141 97 5305258.11815015
141 100 10978181.573777582
141 101 1517925.065381548
141 112 34087208.85192794
141 114 16467284.394884162
141 115 22741441.313484605
141 117 8312941.853509988
141 120 4688841.063069238
141 125 216319.75380420013
141 130 187540.5777136631
141 133 22000497.176037285
141 134 75597.50886551605
141 136 5028926.335255167
141 137 1104115.3944471106
141 138 3973813.0956754554
141 142 7277569.793993615
141 143 4549624.259254598
141 146 9121669.759056475
141 147 30039546.488307886
141 149 605000.2030192587
141 152 13194001.441236604
141 154 10925875.840897823
141 157 34782803.84804344
142 1 174163458.69684765
142 4 98175736.36793041
142 6 943408019.8427434
142 7 245870529.55402774
142 15 1988138.196013571
142 17 5911367.5627774
142 18 20512795.571011294
142 19 230261556.2968609
142 20 49647637.471865155
142 23 6905798.256282079
142 26 3022674703.269554
142 28 345194.5312505521
142 30 147577213.3424098
142 31 130639568.02587713
142 32 78453008.6179959
142 34 247653.16962270736
142 35 168413167.49212202
142 37 181126809.7652502
142 38 106935840.43137184
142 40 2270713984.8502746
142 42 1149344.822343956
142 44 22388978.199535653
142 45 194774750.8997595
142 46 35856113.369460456
142 49 356490450.4430539
142 51 4446775224.536556
142 52 30616839.289722513
142 54 2425353064.979291
142 56 900539.0117044065
142 57 1025129.3987149425
142 58 19874987.67495871
142 63 7436741.863537926
142 64 1242813874.7442105
142 65 118610524.36942358
142 66 5831748.805178267
142 67 325964991.21443087
142 68 234028416.14248207
142 70 1376119132.4579422
142 72 1117873049.2837415
142 74 654188404.456395
142 75 40362811.60954556
142 79 724811746.2947359
142 83 5644839.190617297
142 86 20662356.034922883
142 87 3363173.267593969
142 88 16163553.632141547
142 89 1537689908.8298156
142 93 43854932.9341365
142 94 3050466683.8229485
142 95 16425384.429028234
142 97 58535763.13822534
142 98 5410020.317846001
142 100 40548376.06030436
142 101 4425031702.577855
142 102 28095069.626345698
142 103 8528417.30397273
142 106 1537277203.5829527
142 107 174735321.35150835
142 111 41092848.06583577
142 112 222095912.2845794
142 114 530341514.2969643
142 115 81568380.66579635
142 117 114379214.09965056
142 120 1233819.5202271133
142 121 661454.6813431315
142 122 1374143.0597286036
142 125 1069231887.3287936
142 127 10692880.155711697
142 129 1373453128.3520803
142 130 2662743.6618027133
142 131 38175929.21412107
142 133 3003691168.8041267
142 134 10026613.61171848
142 136 36018808.54484631
142 137 858568833.1481266
142 138 5177028147.518719
142 143 6810096.381964304
142 145 5604810.929738917
142 146 237413425.21888387
142 147 228999354.15651548
142 149 6106722.918712962
142 152 3654919714.1174235
142 153 9475410.933626704
142 154 529013969.34492004
142 156 4742895.196031332
142 157 85226302.2093157
143 4 828760.7738412339
143 6 115250.72343936798
143 7 4979549.346990173
143 19 4361472.762385551
143 20 1672204.4396990906
143 26 2244746.6386225494
143 30 3252128.990351231
143 31 1324877.3543769624
143 32 5920426.762986058
143 37 2343738.9279868524
143 38 13180793.326693907
143 40 816858.7542872328
143 45 6784348.623041131
143 49 62053.16740108119
143 51 1488206.3566952017
143 54 1183130.1315128135
143 63 3277354.097731017
143 64 8121655.606393332
143 65 10207877.017924553
143 66 4634211.714829119
143 67 5976103.606929511
143 68 2155680.719605921
143 70 13918960.010846177
143 72 2865703.0725292177
143 74 2262525.971048642
143 79 31781.37700466145
143 89 8105517.528002961
143 94 6087784.723537564
143 101 241594.9881117479
143 114 707309.3043749947
143 115 5904740.777540284
143 117 5655788.784400284
143 130 233575.1937371208
143 133 7174789.261096581
143 134 12528068.090464655
143 137 7127709.489717869
143 138 4702705.814575265
143 142 5984763.9725854155
143 145 4821711.405095049
143 147 2558058.8629012327
143 149 1751076.1953524158
143 152 4093790.534686602
143 154 7553558.941861709
143 157 4704175.468295356
144 7 4716913.0360927535
144 19 212016.2700221723
144 40 1064285.3608476345
144 49 54728.84621461929
144 51 2592225.79403103
144 54 3196009.975466604
144 65 527307.3304496311
144 67 131482.61517758193
144 70 4348509.373404654
144 72 1220981.2801722852
144 74 36723.842773719094
144 94 809645.6490839571
144 97 971244.9368241102
144 101 414276.37841252534
144 133 2967281.6534048356
144 137 2026176.1770425665
144 152 311971.5266836257
144 154 2229199.934501376
145 6 39859750.67559941
145 7 2231900.3005616777
145 18 216861.5858404742
145 20 2677073.7297021155
145 26 78016129.40167065
145 31 92537269.9683761
145 35 4907504.433448269
145 37 10306352.493677314
145 38 23168475.81313515
145 40 5784922.875623019
145 42 570043.6344831687
145 45 31841198.49789884
145 49 13457880.839622382
145 51 9553547.207816657
145 52 10911493.274288155
145 54 37458604.0755913
145 56 8248538.660207757
145 57 1146160.0875024344
145 58 17886788.439252254
145 64 7443616.084650077
145 65 42022255.11543774
145 67 5208539.838077285
145 68 53592912.55119162
145 70 17981599.55164618
145 72 17279366.753835335
145 74 3891881.551365364
145 75 18618110.226796865
145 79 5290934.535642794
145 86 20816908.102931816
145 87 896730.2380116669
145 89 19600480.84318318
145 93 5379748.384005952
145 94 68585462.21482022
145 97 121211509.35624512
145 101 9952911.458333185
145 102 62096381.264093086
145 106 38321441.98971709
145 107 39833577.808291025
145 111 9501992.724629698
145 112 13673399.3772218
145 114 62666742.01997127
145 115 18104221.33126199
145 117 55599249.53000796
145 122 2035673.885062637
145 125 44540536.89894478
145 127 1424128.7387229227
145 129 21534406.091563214
145 130 6624086.878862954
145 131 49792286.250606015
145 133 94529783.25525136
145 134 14072150.934975382
145 137 242562.2695410575
145 138 68118331.15484819
145 142 74561552.74354947
145 146 12416601.194896447
145 147 7816638.9218595335
145 149 1869274.3368151744
145 152 258175930.31235895
145 154 37498887.354241244
145 157 17946664.642363474
146 1 5123080.144932837
146 4 190099956.86955276
146 6 152038849.24019432
146 7 81607633.3920716
146 18 7830739.521902717
146 19 19622360.20389237
146 20 43488494.92884766
146 26 106400447.29441647
146 30 37667146.350346826
146 31 55563207.220190585
146 32 14595017.687920941
146 37 57472058.05903583
146 40 76893199.10566981
146 42 1271800.2487947163
146 44 1719110.3948493395
146 45 104994265.75929698
146 49 39315717.08560405
146 51 169306736.99837932
146 52 12965099.44184675
146 54 37638069.401687644
146 56 59035723.2564249
146 57 469510.95105846913
146 65 54263289.043193676
146 66 9097626.111531435
146 67 16616836.729650443
146 68 71744086.72928701
146 70 69759643.48173098
146 72 3711428.918068563
146 74 95599922.23937257
146 75 475052.5169812336
146 83 24668563.314462595
146 86 38537667.64379325
146 87 6897321.717858618
146 88 6800737.660937887
146 89 179387281.70519805
146 93 9682446.52077252
146 97 69729278.64196822
146 100 2487628.023590143
146 101 144491538.37329534
146 102 1131504.8192737305
146 106 65213604.080347225
146 107 29098998.420540437
146 111 51450434.211675175
146 112 75257721.03041379
146 114 22666797.503983878
146 115 59909598.945960976
146 117 54119362.467325725
146 121 6339929.337299088
146 122 42679.015951671565
146 125 136549008.62136555
146 129 29948260.628097173
146 130 433515.49537900503
146 131 25726913.244665
146 133 818944273.1351748
146 134 6385780.312534806
146 137 26535340.44668872
146 138 127984255.15688945
146 142 26948422.347150143
146 145 752513.2025756373
146 149 9790891.793830944
146 152 237094681.37589592
146 154 323568973.13006204
147 1 206820277.37884364
147 4 244492856.20711228
147 6 681256133.101734
147 7 23247333.85205004
147 15 447401.6701777841
147 17 6816253.403613673
147 18 46088267.64807963
147 19 237094935.25936982
147 20 13799549.407312049
147 23 2920504.774090592
147 26 241519807.43324786
147 28 5219863.6564480495
147 30 398754279.95774746
147 31 314984665.74644446
147 32 115743668.34268938
147 37 60651144.16155025
147 38 31370531.659397632
147 40 167586602.60719678
147 42 1158213.644030059
147 44 73824284.16434018
147 45 145552517.4543159
147 46 69981148.14137848
147 49 448528213.0644172
147 51 775139477.4076374
147 52 789335.4704531187
147 54 183289142.846356
147 56 366454744.287091
147 57 1528810.2219970056
147 58 7252000.041659677
147 63 31898814.17937467
147 64 70482805.18172963
147 65 175293054.06311342
147 66 24738511.029749673
147 67 351296185.67462134
147 68 8254024.789278525
147 70 90164606.78206548
147 72 263850199.50643614
147 74 427357272.0545587
147 75 125785957.13056277
147 79 62182080.01991702
147 83 21079440.48821611
147 86 856244.32124847
147 87 1077166.8463438211
147 88 3699543.9696321227
147 89 326685462.2748274
147 94 81690709.43929647
147 95 35705772.17886581
147 97 103473384.00542936
147 98 8892855.91968117
147 100 18811998.126869176
147 101 117706553.1760494
147 102 222310596.76254222
147 103 6658160.924538961
147 106 533391819.73152316
147 107 32246111.271012027
147 111 25745338.828226462
147 112 36428428.92210654
147 114 217435102.84564364
147 115 2196009.4172110334
147 117 64161550.79332482
147 120 4354451.9196100095
147 121 993493.4100079843
147 122 3561862.5519199367
147 125 367201304.9331174
147 127 2290992.8677444346
147 129 214363249.6311694
147 130 129557735.4933846
147 131 300385163.73286855
147 133 705682470.1696428
147 134 229244184.80182615
147 137 561330803.9302467
147 138 1703777866.7738094
147 142 37678417.82267355
147 143 7194776.1591478605
147 145 5321960.881560052
147 146 25906818.59457399
147 149 1431111.9272282477
147 152 27248016.806494534
147 153 10402180.50948463
147 154 405815328.98321384
147 157 166034825.0822076
148 6 1267230.2166056824
148 7 15722094.077372776
148 15 600515.7045665125
148 19 403351.62172224134
148 26 56464848.57271121
148 31 84760177.81584658
148 40 44198138.19549493
148 45 4646483.007591
148 49 44652185.71288177
148 51 14289461.883008001
148 54 41978617.26457658
148 64 9602837.60984416
148 70 8470154.032445565
148 72 14907088.776857996
148 74 5286341.000372133
148 75 10337970.150022134
148 79 22142033.575267635
148 83 11228155.023256136
148 94 1172105.2276503926
148 97 30042402.431038532
148 101 64865707.513291
148 102 13748368.026638439
148 106 25955017.711098548
148 112 46485432.180759
148 115 20845103.06742312
148 125 16216220.87400173
148 127 6041454.681443065
148 129 2628530.5375086525
148 130 17053033.96217504
148 131 6475255.581976749
148 133 26204857.910071593
148 134 48584601.45809542
148 137 4460596.824694001
148 138 17380006.90807594
148 142 17615444.20438745
148 143 848466.7913243824
148 149 23737746.70361815
148 152 11229107.775034297
148 154 233693.99121971393
149 1 3059848.647193993
149 6 33433977.71948626
149 7 7459924.07760993
149 20 3317548.741680003
149 26 890874.3796712345
149 31 20952280.11708838
149 32 5424980.721052062
149 34 4137708.369412295
149 35 3385849.4409553837
149 37 10526145.193156658
149 38 8907363.291590529
149 40 15689951.685834346
149 45 12145487.416237617
149 49 386372.5910350786
149 51 2818139.1507628863
149 54 4740580.667946453
149 58 3753998.6969610914
149 64 898755.9569400579
149 65 8745463.830590839
149 66 424262.8330593631
149 67 3133895.5003665974
149 68 2939694.7051619263
149 70 9755451.355861291
149 72 46241377.79744265
149 74 15530520.816743776
149 75 6399636.245791982
149 79 2305911.427005248
149 83 7514925.283157407
149 89 1771052.0726171823
149 93 7283443.861856513
149 100 10247702.450404081
149 101 1884414.9266040921
149 102 4650470.07117561
149 106 20710474.717904985
149 107 2855331.399854909
149 115 20366728.264743835
149 117 22773688.120471373
149 125 14185381.189387409
149 131 5055086.798987511
149 133 15130488.861346386
149 134 4312634.703345134
149 137 10069378.156719815
149 138 8951004.432559276
149 142 6900632.494789334
149 143 64042.258990417
149 147 27505217.39848535
149 152 1886765.0576159768
149 153 55065391.802894495
149 154 1206660.965350958
149 156 100583.03040785143
150 1 162470278.61349013
150 6 147044684.58743268
150 7 25433517.81746241
150 15 3857677.969757556
150 19 18615046.454279356
150 26 160752340.3363027
150 30 76517025.80556476
150 31 29562449.517560102
150 32 2808599.8865140765
150 35 45491607.58401677
150 37 21393230.845347516
150 38 29016998.097997483
150 40 128621579.87982652
150 44 63313515.08245034
150 49 54083018.50272438
150 51 99460946.50469123
150 52 18924656.277164787
150 54 29119642.504720993
150 56 13831626.762263158
150 57 18073.993798511834
150 58 20198042.051608276
150 64 105565180.74799827
150 65 90517501.72173408
150 67 48678548.5495045
150 68 378087875.71517575
150 70 135013801.32934514
150 72 113795522.8785337
150 74 257493392.45718932
150 75 96537212.27086775
150 79 312951628.0355538
150 83 87747.23992008754
150 87 1155092.2462834674
150 89 290754378.157617
150 94 216438714.84660754
150 101 132194901.83557513
150 102 24321238.862605855
150 106 74425578.77909943
150 114 200520724.68780354
150 115 14204029.518346105
150 117 2323979.036221952
150 125 12417228.875277046
150 130 19284161.915116247
150 131 84849626.22764064
150 133 118466921.55994177
150 134 47556073.27267505
150 137 65498472.528516084
150 138 137619579.6971645
150 142 238755006.8484363
150 145 17612142.352967028
150 147 95459080.59993519
150 152 9086651.002336519
150 154 183627010.57738233
150 157 45330816.174332894
151 1 7872972.743760343
151 4 159238578.86795762
151 6 9736706.485003456
151 7 151823611.1333745
151 15 1013030.6886509199
151 17 806525.4395254048
151 18 5929454.123305399
151 19 342395197.09159744
151 20 25807695.409930006
151 23 4674691.379699657
151 26 54536154.59370547
151 30 197505765.59664935
151 31 550590611.8053656
151 32 133946913.91846582
151 34 6278027.304623009
151 35 71902915.19425954
151 37 21106140.159923673
151 38 18098015.78342444
151 40 55211660.4712221
151 44 7459552.314358724
151 45 61195664.259902455
151 49 214763210.19310993
151 51 52859597.48912671
151 52 14931759.55538604
151 54 428651778.60642207
151 56 110218249.28730272
151 63 13201505.365757527
151 64 547371869.5747725
151 65 103983721.25831391
151 66 5391694.771687915
151 67 21877978.7056159
151 68 8082515.581398924
151 70 118888883.60701789
151 72 52511797.60652913
151 74 134850345.0399272
151 75 70980946.91582102
151 79 240312548.38043422
151 86 64602408.090040736
151 88 3239056.6850925367
151 89 75866239.35406207
151 93 14466730.002559204
151 94 26671125.06173869
151 97 248841388.1297609
151 100 13732859.39184426
151 101 31830553.44411441
151 102 72020430.49389201
151 103 9207367.59589025
151 106 502054391.03402644
151 107 21541665.12791689
151 111 34763500.219118
151 112 191161962.187332
151 114 438367965.7380461
151 115 260903101.6111207
151 117 1951981.5876009834
151 121 4569965.866626108
151 122 1077121.0403924114
151 125 269394784.0161907
151 129 542262186.1893126
151 130 44812830.71936297
151 131 162241668.38800356
151 133 76448574.16516083
151 134 22456774.231918287
151 136 10212977.15657659
151 137 309299632.5837601
151 138 178560511.19165316
151 142 421019384.27035683
151 143 1170709.619946253
151 145 17314329.350141913
151 146 148164690.77864733
151 147 624333807.6378975
151 149 11698354.720290182
151 152 63984507.0754301
151 154 136824835.15162206
151 157 40244559.73536065
152 1 25853358.590719286
152 4 665121257.1207664
152 6 2405866777.467987
152 7 3988787050.2088385
152 15 2997151.5183988735
152 17 6924658.213475566
152 18 13479174.395082815
152 19 1079858399.5763586
152 20 8342762.6198639115
152 23 5261819.135268702
152 26 4924613028.582339
152 28 1177983.115218199
152 30 154761808.2717729
152 31 1970221569.541786
152 32 159589951.14566562
152 34 3828393.7722370634
152 35 29024496.18407888
152 37 67590755.44465712
152 38 162912993.28523648
152 40 1242189227.0337791
152 42 357804.33323465596
152 44 15232127.429468112
152 45 511821314.45245004
152 46 166718450.8314026
152 49 28158123.05742562
152 51 8768965190.013987
152 52 2037707.708337945
152 54 2652583713.507984
152 56 931481906.9034032
152 57 544162.5635244417
152 58 21321541.689102653
152 63 11664854.943844479
152 64 5290201538.583705
152 65 407229196.7618886
152 66 4948053.209341125
152 67 122047666.2393359
152 68 577256655.5980531
152 70 229480057.0409451
152 72 10238952901.383745
152 74 30522377640.82777
152 75 26305161.975540575
152 79 5704530244.024525
152 83 20810887.807694316
152 86 40721881.46564158
152 87 11545260.144513682
152 88 27509107.010248177
152 89 425080638.4153569
152 93 2055511.9662151965
152 94 230586674.29277653
152 95 24469663.682750516
152 97 62574872.18757254
152 98 21089645.969831243
152 100 12718632.78069876
152 101 13185916672.372272
152 102 136015911.9960994
152 103 4142661.462525093
152 106 1322672658.336041
152 107 4574625.282988104
152 111 31863253.826752294
152 112 94029284.92852534
152 114 153663887.5787727
152 115 278561321.76946396
152 117 39789708.51765052
152 120 1631403.6775372766
152 121 7154485.24037453
152 122 81656.9861382159
152 125 202112693.07194114
152 127 1258909.376410288
152 129 1036495980.5611182
152 130 83974672.72370978
152 131 36418042.34747227
152 133 395995815.62892514
152 134 25822680.97462434
152 136 14560370.530585168
152 137 2608129708.7725587
152 138 4965673212.193843
152 142 755650383.1791178
152 143 4147392.518828708
152 145 8861164.424791975
152 146 184748476.40582913
152 147 1121302165.2670758
152 149 7997413.47808638
152 153 21000054.426365167
152 154 3638477782.9144278
152 156 2591086.3446742245
152 157 11729875.689826779
153 1 128173530.70608257
153 4 22978242.34428167
153 6 17499101.67025359
153 7 113095252.30149347
153 18 4192186.106928437
153 19 3894167.5530811525
153 23 6054696.600976871
153 26 25417993.563624546
153 31 1356853.7857286702
153 32 33638207.05172689
153 34 2490107.0429169927
153 35 4773871.725484789
153 37 40184018.9846925
153 38 9584670.670185953
153 40 18352980.84172607
153 44 46922050.24710769
153 45 2385412.429505196
153 49 28951332.55127551
153 51 105489.13577501716
153 54 23812538.04691446
153 56 22460763.73431731
153 57 2559005.4753129953
153 63 12772505.737581542
153 64 200052077.78565466
153 65 14128445.244971497
153 66 24070214.013913035
153 67 80966116.06235018
153 68 34769235.154937185
153 70 62018870.33958529
153 72 108716552.24847905
153 74 37647640.591567025
153 75 7835604.43219145
153 79 3040981.17398702
153 83 15043705.52434638
153 89 24066059.17552078
153 93 153886458.73845205
153 94 19760911.68532757
153 97 64751219.023759186
153 101 64124046.141038574
153 102 831220.5451583171
153 106 16203296.24897187
153 107 39924392.875925906
153 112 33806835.365956694
153 114 81966806.58845605
153 115 26936778.433309536
153 117 54423750.850994706
153 125 38121034.51002856
153 129 36302310.81453219
153 130 8092563.009685591
153 131 741933.7909593753
153 133 17101014.093027156
153 134 43668894.59212038
153 136 19767556.896380704
153 137 27341616.648651693
153 138 18951783.14217046
153 142 54814191.32034648
153 147 27432728.336334266
153 149 1786067.4424745957
153 152 68199235.74349168
153 154 19394542.160648175
153 157 24413131.031279854
154 1 305334376.03273004
154 4 1258974073.1505647
154 6 796359329.8522125
154 7 8811833452.08181
154 15 8067430.987768771
154 17 801119.9321019722
154 18 36317781.01033151
154 19 2217161534.038257
154 20 93970112.05616774
154 23 5675096.427799143
154 26 8668205844.782375
154 28 2120212.6330104084
154 30 175084040.05887386
154 31 4656302405.925966
154 32 632475043.515531
154 34 124356.10943999651
154 35 12235371.341495022
154 37 95309577.95587382
154 38 19359288.513202425
154 40 258855859.9823221
154 42 1515275.4529935792
154 44 112559978.92068495
154 45 8558358.97644279
154 46 26506351.732199475
154 49 421563404.7126032
154 51 3448663548.2650967
154 52 1969597.7059598258
154 54 13371431020.330896
154 56 632048416.5821649
154 57 361244.9011344718
154 58 81789871.15883228
154 63 7935575.735760433
154 64 7272851145.895023
154 65 87357438.8889174
154 66 1045676.277935274
154 67 1604799875.8667643
154 68 51450543.54542886
154 70 857054117.7423176
154 72 59905953640.30183
154 74 173339095006.96063
154 75 25669533.215285353
154 79 4843318087.739411
154 83 27075002.70336624
154 86 2356639.1067815493
154 87 11530297.801601324
154 88 4752476.864273172
154 89 2699642087.0995955
154 93 10824403.775432346
154 94 11567418919.854027
154 95 4670467.348362562
154 97 81059096.97549544
154 98 20680290.6663613
154 100 22134262.859650258
154 101 14051373571.035965
154 102 99312947.07169962
154 103 58659422.473593704
154 106 2611651437.187141
154 107 17387659.831033096
154 111 74971621.94791289
154 112 101694951.88674791
154 114 512506074.0507091
154 115 355582098.69717145
154 117 90179875.46176828
154 120 4476438.3292427035
154 121 4325748.337715965
154 122 554312.775506645
154 125 170271467.1710832
154 127 12494942.182985881
154 129 15242853127.687069
154 130 104935834.98083746
154 131 1171978041.8146102
154 133 5198454637.902909
154 134 2731648.712306402
154 136 8705797.860776754
154 137 2278621341.8793745
154 138 6591439698.786556
154 142 147491911.3894426
154 143 2430482.266943055
154 145 1052868.3586661727
154 146 59457580.19981808
154 147 967531671.6250416
154 149 9876822.548739878
154 152 2580574138.8109217
154 153 10766754.685882503
154 156 1677768.4458053522
154 157 268405805.6427992
155 6 12432175.057057217
155 7 16879490.08761273
155 26 187541747.63799855
155 28 2322349.578186165
155 30 30912749.767877914
155 31 347124.74544066796
155 37 2238665.154667758
155 38 38417301.145752154
155 40 4933026.733814712
155 51 19819951.991992474
155 52 2315.675676758438
155 54 6670079.433796608
155 56 61291089.47814208
155 64 23207267.113987107
155 67 66372831.5975891
155 70 25139012.22594129
155 72 24179598.320856117
155 74 10067245.616849823
155 89 5309752.52591065
155 94 133271205.27394828
155 95 5265456.351965139
155 97 70282807.32925259
155 101 63302320.16777045
155 102 44903637.19894188
155 103 9429532.727216356
155 106 50428731.52984507
155 115 28466828.682433326
155 117 37911689.42897075
155 125 22544182.351953134
155 130 4660578.481373715
155 131 58619606.39208316
155 133 173133867.4597785
155 137 22497631.147726312
155 138 219401958.6786322
155 146 19877428.347835153
155 147 14586812.982010476
155 152 86820208.09623191
155 153 22245287.333558965
155 154 24438549.806950126
156 7 249394.44171668432
156 26 530012.8539555627
156 31 464113.7016709951
156 38 2583202.2290857174
156 45 2900810.0509864623
156 51 123257.70842572473
156 54 8832132.342587635
156 56 2047899.3067830727
156 58 70722.3372587272
156 65 400662.9298399897
156 68 142269.2285088578
156 70 1024094.449671529
156 72 1332357.4548566523
156 74 2012949.3236183976
156 89 1856294.4306785571
156 101 4438377.5607321
156 106 574215.4064043006
156 115 80837.03360135338
156 129 723979.5048064634
156 133 3132211.3229316534
156 137 296208.552531561
156 138 1078940.4480515164
156 152 1023721.1171896625
156 154 527847.5971826176
157 1 266671369.84778652
157 4 11380143.50431462
157 6 378736551.1480458
157 7 118315695.68801162
157 18 38656893.79790415
157 19 20543138.52429585
157 26 173663181.08258253
157 30 54910576.88752734
157 31 750205337.1036688
157 37 247462860.830483
157 38 36649985.09280602
157 40 36909381.99902295
157 44 141830081.00543693
157 45 52807622.724684626
157 49 616023701.6961071
157 51 227316139.53114447
157 52 1228292.482768587
157 54 147727671.4067834
157 56 79314180.32588701
157 57 4768525.7429822525
157 58 37391763.374829136
157 64 215870798.08578593
157 65 384585163.97259456
157 66 11790424.769506337
157 67 208720645.27640486
157 68 197302236.16906694
157 70 74886379.47719058
157 72 47457093.111363016
157 74 219945782.53743175
157 75 59715594.78281121
157 79 462403150.6599457
157 83 7352428.530236768
157 86 73107377.73603863
157 88 21907203.864196792
157 89 188002749.14661017
157 93 10303745.218659509
157 94 404588745.22557086
157 95 5034924.559877756
157 97 103210672.83251932
157 98 7217264.536621238
157 100 33545626.658636097
157 101 327562272.7823451
157 102 113024051.16380882
157 103 19340319.10981163
157 106 119546082.17401394
157 107 317435167.92734003
157 111 21005165.7821085
157 112 352471197.06504196
157 115 55351502.151108526
157 117 248733329.6251086
157 120 192108.37690911314
157 122 2099054.281032839
157 125 59952315.55022703
157 127 7763829.891007525
157 129 81907495.37916142
157 130 17447948.77135383
157 131 247054083.08575848
157 133 719110926.4322017
157 134 16043469.257857258
157 137 385983714.63211066
157 138 144525123.06085852
157 142 140124917.47294378
157 143 1761097.8374979997
157 145 12316496.25393809
157 146 85089473.08091867
157 147 419902605.6919573
157 149 1730891.2295128668
157 152 271027427.70709157
157 154 501847443.7384081
158 4 4425132.137041877
158 6 1793584.0549911556
158 7 67150882.65716417
158 15 1955120.5536432478
158 18 6514784.651593436
158 19 28306703.329333507
158 20 46260110.446263015
158 26 2686929.7728661657
158 28 2196836.383454749
158 30 42577093.447389655
158 31 197085238.60659498
158 32 68340261.20285788
158 34 894131.9026144384
158 35 169293356.2109038
158 37 1992429.0006391213
158 38 968096.5700231951
158 40 35911901.97835019
158 42 5930642.115774182
158 45 26574220.920186695
158 46 12694260.8666115
158 49 137507320.60875598
158 51 152231215.19355243
158 52 10224916.177138783
158 54 134056253.9794967
158 56 1595188.8269251965
158 63 22506373.01389807
158 64 9600064.741079625
158 65 13497831.327960571
158 66 9749696.626815643
158 67 146409002.26109937
158 68 37972707.273303114
158 70 127102335.35253716
158 72 4720380.9551038025
158 74 58137079.98914877
158 75 46064252.075332135
158 79 152438548.70383564
158 83 2892740.795077235
158 86 2821552.376614764
158 87 274094.56829808466
158 88 11873847.330890592
158 89 86095808.4758211
158 93 20911037.960118942
158 94 13084724.10466504
158 97 16118322.193479586
158 98 41788109.05866147
158 100 46420307.495580375
158 101 369176430.4213695
158 102 111687748.34295622
158 106 75672609.03588822
158 112 121779070.81560981
158 114 38533820.60288736
158 115 76424881.79909867
158 117 12016324.445524292
158 121 478256.79183410085
158 122 1067242.9990397128
158 125 3605109.5904303263
158 127 6532653.861048133
158 129 36561788.692223206
158 130 3826235.201068686
158 131 11070683.391637616
158 133 118605305.01897712
158 134 84470043.77326962
158 137 406986653.21823955
158 138 62796296.64339759
158 142 51781465.04074761
158 143 7037053.881815655
158 145 11704771.640035637
158 146 75783512.92359212
158 147 31935823.506421253
158 149 7220918.365288115
158 152 83596132.82862073
158 153 4782478.825341606
158 154 115229732.99036299
158 157 47966546.91854841
159 4 22779107.51243507
159 6 87756480.78054991
159 7 132284676.79444931
159 18 3717145.8002563003
159 23 2130147.662526873
159 26 5133018.09763745
159 31 18433473.743995063
159 32 10168272.13742203
159 34 1400092.8311524214
159 35 7921191.26861748
159 37 4233844.213215167
159 38 13425503.93644403
159 40 28063960.575940486
159 45 2081995.3150159821
159 49 32604151.2233909
159 51 35155260.2874106
159 54 42690584.97715148
159 56 60430040.11456876
159 58 35166555.83947102
159 63 9871034.544471895
159 64 13290802.694214124
159 67 68421095.99678983
159 70 59455863.66698497
159 72 14832963.486655908
159 74 1278857.3267345096
159 79 5280482.211461707
159 83 2489521.2042866033
159 86 11746548.523750389
159 89 14910021.432587467
159 93 2162486.2114732903
159 94 10489913.526579985
159 97 31752565.083581742
159 100 15601029.017272219
159 101 44987158.54972017
159 102 4533584.958924324
159 106 27966085.339240365
159 107 12925016.695662387
159 114 19157612.508426894
159 115 58393994.32192489
159 117 3334236.923178213
159 120 884404.5397911012
159 122 774373.803905527
159 125 27713987.20650293
159 130 667822.5570236341
159 131 56802739.79913991
159 133 15107215.164580017
159 134 20451716.907545082
159 137 29626134.415920436
159 138 75901459.25577955
159 142 39795687.73672541
159 145 9207844.484120714
159 146 22338779.337209705
159 147 110430514.6545225
159 152 10726689.54053625
159 154 86993425.78093521
160 4 13821870.096164783
160 6 16030720.391910344
160 7 6045774.9353987435
160 18 1078219.6489771402
160 19 2129866.6983244717
160 26 53851339.75850427
160 31 13902143.257781135
160 32 7876566.31256762
160 34 202537.12805353466
160 37 7608816.069141347
160 38 8567086.320164893
160 40 11794385.08129688
160 44 30887396.592412956
160 45 3737102.08949269
160 49 9238429.79473315
160 51 26367837.119669013
160 54 9560312.349410372
160 56 17263595.892947175
160 58 24655918.827368103
160 64 2926502.981555114
160 65 29710351.01157856
160 66 25044439.2548902
160 67 51508769.99734187
160 68 7871966.862285839
160 70 5056780.539141171
160 72 8479398.938522838
160 74 21715399.24029862
160 75 2064321.1674186594
160 79 35274017.2789835
160 87 998717.7951425348
160 89 6513767.034618199
160 93 11093082.776688144
160 94 14648453.748747043
160 97 15020308.30715972
160 101 7567209.04385259
160 102 18696627.21888195
160 106 50542109.50446781
160 112 12719427.180797582
160 114 16568779.724293703
160 115 8469990.744798508
160 125 67423234.35637477
160 129 1350648.9324394756
160 130 5120326.535718512
160 131 32574921.293398995
160 133 18859975.317203745
160 137 13869446.226787794
160 138 20895737.642986607
160 142 17101915.149991278
160 143 1373346.394566895
160 145 9342876.907755556
160 146 28392038.60829538
160 149 10326996.519992951
160 152 81730290.41478796
160 153 64536138.83184391
160 154 13108760.50719188
161 1 24162769.366692424
161 4 2976010.5780014168
161 6 23234860.492398188
161 7 69949232.80361916
161 18 16577722.206176294
161 19 33069826.47172007
161 20 9943423.576368995
161 23 265943.6502929759
161 26 55147726.95040203
161 28 2231429.9892781973
161 31 21616263.241410952
161 32 1970093.1307632104
161 34 1989264.0253078518
161 35 15952726.367429173
161 37 33145410.287762225
161 38 22499713.701263543
161 40 9444213.914364679
161 45 14049488.45026435
161 46 11785692.714636987
161 49 629163.4615293308
161 51 13480243.172463844
161 54 78704800.17863502
161 56 397734.27736340364
161 57 5946105.25061631
161 58 14063956.48687638
161 64 2172449.3201131127
161 65 3826206.6768663437
161 66 3409061.6002277755
161 67 40302608.26046112
161 68 19725655.19096295
161 70 5347777.961481232
161 72 3937630.3018135442
161 74 5664988.591307091
161 79 18371405.03918747
161 83 7961924.048161436
161 86 17379129.071833637
161 87 3279315.234544893
161 88 2160109.8147224803
161 89 26382725.35557697
161 93 13355100.34791765
161 94 20848725.695617914
161 95 16646196.76972286
161 97 688082.2933770721
161 101 4778403.803667551
161 102 98667864.99272563
161 103 3149342.4488208587
161 106 72852059.66688552
161 111 14415095.610207101
161 112 38566678.89864795
161 114 25667953.769685026
161 115 9132297.834888138
161 117 14398386.774795458
161 122 3113033.5838669064
161 125 61953761.054719545
161 129 10861362.661853364
161 130 140344.48686457946
161 131 11094793.039253322
161 133 26110962.596594937
161 134 36156003.12033245
161 137 23724416.97499046
161 138 28320148.882795274
161 142 21010197.428127516
161 143 2759044.3135940153
161 145 14163574.730558708
161 146 106275691.82709815
161 147 8301338.191679253
161 149 3205209.2290167576
161 152 7740165.046873674
161 154 1308088.3606063917
