0 6 3713376.64431257
0 7 820731.2151445021
0 19 1619526.2216020343
0 20 4011942.7183605223
0 23 2155743.3435155265
0 26 367916.20619731117
0 30 985345.8058019318
0 31 2140514.833095176
0 34 1276400.441898853
0 35 11051795.240955243
0 37 1811149.2223624415
0 40 1755278.3741039108
0 45 11074796.246277727
0 46 287295.72513402766
0 49 3239028.9040782987
0 51 1669995.022355586
0 52 175757.4549016207
0 54 5966575.112643229
0 63 742588.1602628252
0 64 12825090.238459805
0 66 1451136.8186631144
0 67 1288173.0317107392
0 68 1289119.8295187317
0 70 5610112.450660393
0 72 537657.9461906465
0 74 913976.7202561911
0 79 2975062.3561470327
0 83 8445963.502046127
0 86 7156874.300127845
0 89 724085.7400956578
0 93 4489185.49389674
0 94 2352808.632053817
0 101 1303769.7545718797
0 115 4921838.295621389
0 117 1800011.4145734827
0 120 3535441.8030561963
0 122 1715337.7074366605
0 125 4694072.565632862
0 130 748752.1193958442
0 131 1351522.5457221717
0 133 3644275.2642474626
0 134 297544.26518199086
0 137 4344128.655524966
0 138 1691549.0619638884
0 142 3410365.8978068824
0 147 207133.41502953783
0 152 721682.0730716278
0 153 442709.57044578844
0 154 272863.31155762693
0 157 5831571.340231797
1 4 118059597.37766145
1 6 764367103.7802836
1 7 715774684.2193208
1 26 35499560.6310868
1 30 46425472.203411385
1 31 344572396.84947634
1 32 461870288.54663384
1 37 27744514.03296554
1 40 82536501.2637928
1 42 667506.0403996094
1 45 122459334.36798155
1 49 222062983.69360763
1 51 277905889.74512154
1 54 304054018.71809536
1 56 7614474.912792571
1 58 23183996.040767238
1 63 24518269.74983065
1 64 207740709.09517142
1 65 99315303.4064917
1 67 606438613.655844
1 70 66815738.932466716
1 72 1922096445.685215
1 74 373363382.1248619
1 75 26382437.53234316
1 79 68484110.88572857
1 87 984340.3297803046
1 89 250784466.46128377
1 93 10954549.999976391
1 94 244559275.32156155
1 97 5381209.597139526
1 100 69957527.41336548
1 101 34842768.307005174
1 102 129256912.48162939
1 111 29069383.899717584
1 114 174078033.5245505
1 115 96001214.67647329
1 117 138226598.88981545
1 121 2020601.9322954046
1 125 130281824.75402059
1 129 43032427.71763446
1 130 78464765.83972716
1 131 8303128.237223907
1 133 451371275.67219585
1 137 109188830.5469177
1 142 249029872.17656016
1 143 4348519.871786575
1 147 74212107.64951237
1 149 16866519.29675269
1 152 246512317.5746594
1 153 12524341.696276562
1 154 364433932.9329591
1 157 36074417.27310956
2 1 270200459.9504293
2 6 345937220.12342054
2 7 166981570.39157176
2 26 355865585.6167878
2 31 139375049.3602694
2 32 268977878.3860807
2 37 49687916.749535896
2 45 10643661.050029965
2 49 71599468.76720743
2 51 41945921.5067789
2 54 18975493.51058454
2 56 121173724.21784842
2 64 47278463.963816814
2 66 2230233.9207837586
2 70 32099569.743461143
2 72 36397455.7017342
2 74 2355740.043435163
2 75 30266275.338354204
2 79 98750582.22845316
2 89 17794242.692158546
2 101 83759741.90004823
2 112 5443574.626916086
2 115 71370009.53310071
2 129 32574442.85184599
2 131 31395974.36850467
2 134 9880689.903202431
2 137 49564466.48515768
2 138 18076626.345194664
2 142 480114894.197823
2 147 11830108.69987959
2 152 6415017.652266513
3 1 235031.12019783704
3 7 365647.8045433911
3 19 17393.899857695724
3 26 1701691.0140376927
3 30 560860.5674145429
3 31 253658.0283093314
3 37 281421.03210586583
3 40 958036.9501143625
3 49 832239.9160670827
3 51 3180295.3386783367
3 54 1129551.3923818727
3 56 796684.4343879108
3 64 699726.5195418419
3 65 161202.35907694092
3 67 206210.0010253698
3 68 692983.1497201816
3 70 576066.6433450521
3 72 280380.26110179425
3 74 85674.62476292378
3 89 618385.5613043327
3 101 1561784.1479864472
3 102 280683.6283776268
3 106 235307.42350399977
3 114 672308.5547845544
3 115 1800420.9829625338
3 125 386234.5222450565
3 129 3307065.1641559834
3 130 526996.4620290161
3 131 272644.2220292849
3 133 951171.1100394175
3 134 132652.74421578122
3 137 250456.57773230053
3 138 811173.2330150745
3 142 786884.0336719906
3 146 51627.1495419534
3 147 77783.68529323005
3 152 900946.4996034907
3 154 937552.2203123798
3 157 731981.0973582852
4 1 18662682.444312245
4 6 52037298.69709554
4 7 118023440.74487263
4 15 5002989.375761877
4 18 20006359.747616276
4 19 462427733.6284667
4 20 54876510.272928186
4 26 80870098.35489918
4 30 90635963.6483475
4 31 145727877.58226776
4 32 240063349.98694122
4 34 3869321.9004070396
4 35 12947890.313319135
4 37 32412630.726851285
4 38 7705794.272023798
4 40 48713403.9081916
4 42 498050.04101037176
4 44 7255455.412529697
4 45 83274744.65872857
4 46 18389749.806298252
4 49 67266381.5759306
4 51 168671997.01652056
4 52 1234379.579599098
4 54 1220884562.127817
4 56 98187809.87945116
4 58 51733451.877206974
4 64 114564546.93640533
4 65 31900412.456235137
4 66 22096798.277418297
4 67 420943001.5427492
4 68 555142763.827172
4 70 418797.6856935705
4 72 1408437626.2326446
4 74 362818381.58612376
4 75 132961818.10188025
4 79 291832679.23498094
4 83 14252359.568134276
4 86 28212875.80247218
4 87 10748798.46132223
4 88 9546142.653934876
4 89 280411393.3924272
4 93 21731793.03050076
4 94 112835173.63210574
4 95 6081894.114159396
4 97 3225740.9918886973
4 98 21539880.94764644
4 100 35680285.01605531
4 101 199350747.6283614
4 102 10456124.28198523
4 103 5851925.811750499
4 106 362493493.022449
4 107 52962400.14293745
4 111 5038390.461342274
4 112 97258479.26324113
4 114 385175102.28247595
4 115 160788584.07750216
4 117 42661940.38619252
4 120 157315.93858957643
4 121 881842.0619709553
4 125 823425166.2055459
4 127 662179.9236491106
4 129 57748256.39848539
4 130 6766487.3793392
4 131 1062524651.441641
4 133 599446834.574288
4 134 32737811.98406576
4 136 1030671.2043181288
4 137 558186643.4774652
4 138 793294778.3863739
4 142 215915509.0874508
4 143 6622144.891091045
4 145 8366443.126095684
4 146 10563493.09715202
4 147 499234740.68214446
4 149 4897568.660532025
4 152 434222860.1506024
4 153 10509885.455995854
4 154 65043071.437316455
4 156 695680.404866894
4 157 72226524.35568707
5 6 650821.4073475588
5 7 379243.2819987727
5 19 261339.25034992868
5 32 72588.87883715938
5 37 248268.09130032884
5 40 1807695.6078595547
5 49 920769.7105451438
5 51 279142.731092477
5 54 409546.852371225
5 64 54143.52683397677
5 65 656619.9235564824
5 66 1887.967855569273
5 70 262879.9895839712
5 72 378743.68386127544
5 74 1677407.6705526526
5 79 779351.4338137567
5 89 25188.127570730045
5 101 587303.0055356955
5 102 392517.65726378665
5 106 19307.75989273751
5 115 378341.3841305886
5 131 34140.2153486122
5 133 274900.61222071043
5 137 293328.39986606926
5 138 1225189.912903115
5 142 1099288.5081906149
5 146 1580821.110575721
5 152 559146.7845787067
5 154 633622.6599069037
5 157 738680.9211644479
6 1 232409530.70010358
6 4 240346587.4034951
6 7 1099682348.9393406
6 15 2706648.8212519186
6 19 41906744.34751958
6 20 24268183.973213635
6 23 4126108.259186486
6 26 1181789245.3200662
6 28 535170.8035403949
6 30 370152659.9605375
6 31 73184875.81463249
6 32 220434029.12164208
6 34 387807.67461179633
6 35 18738420.638930213
6 37 103025594.83266659
6 38 121986646.49292661
6 40 145362391.21277592
6 44 10602252.899403943
6 45 777116220.1151056
6 46 164194319.88581386
6 49 148605215.85138127
6 51 2917449087.660441
6 54 289047504.7097401
6 56 617220592.9813365
6 57 2189975.040230757
6 58 9615605.433750853
6 63 12707424.80180317
6 64 1667032696.7817893
6 65 422247627.21430314
6 66 46833327.55940262
6 67 194929576.6975562
6 68 617027139.3929126
6 70 107472719.28072849
6 72 68668026.35272262
6 74 2061286475.1768374
6 75 20981993.937128194
6 79 1554969260.475423
6 83 2478813.8611656297
6 86 9220863.286570111
6 87 389707.6637791496
6 88 1436722.033289205
6 89 1200671147.7161868
6 93 13615642.017537361
6 94 1670575894.7822604
6 95 37207739.630760714
6 97 4453794.619812849
6 100 814744.686766004
6 101 439779038.7254516
6 102 36405571.22675348
6 103 8363847.29747936
6 106 24179731.243397575
6 107 161443879.37955678
6 111 35629088.73670446
6 112 18330151.05771089
6 114 501426349.59305304
6 115 223442390.37094763
6 117 14562761.854343675
6 120 3610741.534604673
6 121 9892963.948052872
6 122 1557320.580410577
6 125 137171954.67333743
6 127 8230415.273779345
6 129 566214729.502416
6 130 23066017.147271685
6 131 340244223.57678026
6 133 532739919.32631916
6 134 152561687.41627905
6 136 51875257.89452427
6 137 3121690564.650256
6 138 3421865503.7711782
6 142 805564174.606488
6 143 1277029.0778925926
6 145 40664232.92856574
6 146 236337292.83106053
6 147 533899246.8776351
6 149 216884.43827980026
6 152 171920155.18375054
6 153 115213690.31561252
6 154 897217802.6826679
6 157 73541724.57244076
7 1 119784265.2843127
7 4 394726765.6253395
7 6 1167660879.8005843
7 15 2426830.1935473643
7 17 620159.791503743
7 18 4352607.604297612
7 19 1058848239.2596407
7 20 3561260.994236791
7 23 970380.4100098961
7 26 312721154.4802636
7 30 156350992.8545815
7 31 581616993.69405
7 32 220853413.06845763
7 34 4422817.5386692425
7 35 2734824.8211777057
7 37 2595609.846278761
7 38 8903896.573589938
7 40 1054999422.9238285
7 42 52324.31019183094
7 44 67024169.68323634
7 45 81476253.08750819
7 46 131448819.56167103
7 49 125288166.55093646
7 51 133693761.27363384
7 52 10084351.046589427
7 54 184745651.1307911
7 56 338995319.8836426
7 57 1782124.873458104
7 58 34475838.40512202
7 63 536592.4063774591
7 64 2029093441.5404263
7 65 640758554.8863658
7 66 4372044.7719221255
7 67 841402220.6679605
7 68 157275503.84338874
7 70 198027156.46176285
7 72 1328717295.226797
7 74 232321474.25747252
7 75 22252770.258788317
7 79 1539524137.1242142
7 83 23400264.929277036
7 86 496369.9286607104
7 87 3000308.005969226
7 88 5631695.959527842
7 89 2711793428.07873
7 93 48437074.18173623
7 94 609925207.857863
7 95 4439473.426079172
7 97 38182361.853602506
7 98 6830624.967887009
7 100 30557647.135317154
7 101 1610538419.5082653
7 102 456331708.1576818
7 103 16577711.28050286
7 106 637960265.9578036
7 107 14323259.253046485
7 111 25610108.328582224
7 112 46378379.0548374
7 114 542414103.0373404
7 115 41914600.42162995
7 117 219829662.4451135
7 120 11661.041650153427
7 121 9705511.73505498
7 122 2660838.793335373
7 125 139395440.6493629
7 127 6748156.255866246
7 129 809181425.3217603
7 130 23079181.52488359
7 131 100902949.12116913
7 133 1722062859.9651916
7 134 161595237.75037622
7 136 8539816.792655382
7 137 880714311.3702228
7 138 8071573184.034797
7 142 2094675735.7227097
7 143 2692248.547519982
7 145 56659976.59508242
7 146 158556654.13729745
7 147 1451313915.2052352
7 149 20062558.63304398
7 152 1149100028.9319677
7 153 35394661.42161808
7 154 559117483.127713
7 157 10049904.814786598
8 6 293123.82004394295
8 7 1023277.5559105305
8 26 3990710.4388446123
8 31 1574755.7164028897
8 35 1722204.4558800175
8 38 609578.5632425299
8 40 2419570.1445153947
8 42 401792.80552081316
8 49 1943370.9734711677
8 51 2254858.83251982
8 52 5105201.725438009
8 54 3898810.6702877968
8 56 2685016.8511792286
8 64 2406966.904195649
8 65 3094166.8559643133
8 67 803662.7263805821
8 68 9528470.243851345
8 70 121123.07154173535
8 72 1766141.3829358583
8 74 2439003.491268063
8 75 264594.76618902484
8 79 458004.7535745427
8 83 1297546.2950467323
8 86 1630447.4715809315
8 93 4101161.9613959077
8 94 3873103.928427698
8 101 1430705.4225797995
8 102 498379.17759426485
8 106 7812567.086029527
8 115 520082.19254958344
8 130 2041015.4208356144
8 131 485310.1983178837
8 133 2027096.2161807944
8 134 1759499.465002317
8 137 2377598.4629704603
8 138 671863.6675442038
8 142 1705894.3474671433
8 145 1310477.7699538642
8 146 776488.5223447648
8 147 714526.569263537
8 152 5710483.159966242
8 154 3525056.1178123117
9 1 18442678.09691779
9 4 8996979.341284994
9 6 1452066.720266504
9 7 764148.9880054318
9 15 606506.3858622869
9 19 488477.1302184771
9 20 2483465.3751445627
9 26 41440360.918252856
9 30 10542490.13730655
9 31 5802384.095629744
9 34 3941483.8893182543
9 35 1236741.1606058015
9 37 19655149.958460603
9 38 12368156.141375493
9 40 16769200.74931218
9 45 15952997.941377264
9 49 410869.7015548428
9 51 1542566.6477084928
9 52 2219888.3040061295
9 54 14146389.455457171
9 56 31724177.936005082
9 57 1297073.558261741
9 63 1060656.160158158
9 64 46350085.9807546
9 65 3294380.7023900105
9 66 6440385.056942524
9 67 23015976.91925768
9 68 13978910.893454965
9 70 47139434.74137646
9 72 1790343.962792967
9 74 37091238.52729218
9 75 5279922.984565011
9 79 20805439.892264634
9 86 977856.5520609091
9 87 2115670.496469462
9 89 11960408.740787402
9 93 2674018.8434399446
9 97 9595079.96009762
9 101 7870124.127389614
9 102 16435837.001754474
9 106 15772454.458602967
9 107 190476.9530931422
9 112 8333142.081856604
9 114 7035323.186598415
9 115 4152263.2039310625
9 117 7089893.198191195
9 120 12991337.483414728
9 122 1610864.9037993727
9 125 32691116.94896882
9 130 8331457.345319793
9 133 10859826.933556968
9 134 14429316.924137058
9 137 9400592.909073208
9 138 2196556.581140094
9 142 4451809.192276997
9 143 4706706.579316537
9 145 8877565.737910787
9 146 6500847.065485244
9 147 16396093.173345445
9 152 9884778.966749458
9 154 4910560.207182794
10 1 14888298.604377143
10 6 9081383.007344384
10 7 9100333.044126777
10 18 18855494.34119523
10 19 71771431.31159295
10 20 5912961.047307602
10 26 2343283.4656672506
10 30 11185835.488877088
10 31 27736285.881489597
10 32 11303916.386757338
10 37 19684652.388872944
10 38 42157446.86568105
10 40 34365197.76893057
10 42 1663823.8909282223
10 44 31744494.70805579
10 45 8773050.354094386
10 46 7059931.936087253
10 49 67814974.16647628
10 51 17759559.188369565
10 52 6041099.107108881
10 54 31325742.04765598
10 56 19463506.865228236
10 64 21511405.710841954
10 65 41739869.98346625
10 67 33975300.61761601
10 68 24401791.93851206
10 70 68489956.11669168
10 72 76501856.76882762
10 74 4545608.902259646
10 79 118917827.00617374
10 86 10016166.033406034
10 89 39552388.07478438
10 93 35349603.76509551
10 94 28065794.356275663
10 101 13107262.456597822
10 102 11940853.742507903
10 106 61110153.168059655
10 112 6827224.208995725
10 115 23763308.223507356
10 117 39126506.337867215
10 130 15689534.37115678
10 131 7708510.8751111105
10 133 24919588.406786744
10 134 24243723.11375362
10 137 23932918.126662157
10 138 63213238.14045216
10 142 26950097.288723715
10 145 1299569.9107826008
10 146 16103492.328597711
10 147 16032300.18723885
10 149 2355837.4098096085
10 152 77081822.54997188
10 153 2163557.9107006593
10 154 3466804.051297337
11 1 23230478.05809401
11 4 10532417.317893855
11 6 3992427.9293516544
11 7 73968362.4270209
11 15 645052.3604915758
11 18 1915485.2599575054
11 19 8104523.313976893
11 20 1712028.5685465757
11 26 23014603.279187884
11 31 49843664.94371068
11 32 19824880.209737036
11 35 29713789.191945992
11 37 33238854.938189086
11 38 6185031.467811748
11 40 42139521.298136316
11 42 119086.68197467632
11 44 124770262.78596804
11 45 68246036.14715199
11 46 2422088.1320944065
11 49 1606227.680482214
11 51 36213220.13073514
11 52 12899092.57499543
11 54 35278912.12701118
11 56 46053264.024944864
11 63 23615180.787447847
11 64 140339977.32000008
11 65 72892675.3747067
11 66 11481337.023079773
11 67 34321303.887181096
11 68 193145330.37587464
11 70 87258981.80170399
11 72 48828881.16250987
11 74 4132456.732388562
11 75 70190990.03317332
11 79 19822366.221793402
11 83 19448097.84399234
11 86 1129702.0815965426
11 87 4364262.21823183
11 88 1098793.7505107883
11 89 68869938.97131208
11 94 50295100.53725692
11 95 7138137.179544026
11 97 7251112.365187374
11 100 20653870.832500678
11 101 23513249.824144892
11 102 54220168.30956192
11 106 2654247.408228301
11 112 51135381.43551207
11 114 5813599.636790106
11 115 28447486.615996335
11 117 35903463.03202645
11 120 460678.3018763268
11 122 3330755.1867564833
11 125 14926860.690348001
11 127 2708555.7316142917
11 129 413922381.54487556
11 130 87530151.49172561
11 131 42880868.35406924
11 133 77013644.98145953
11 134 17943141.90263713
11 137 57257434.96527528
11 138 43585410.93146034
11 142 4763256.000265411
11 143 1537879.6026288408
11 145 5666376.907989019
11 146 20262609.27169142
11 147 7493887.588588956
11 149 7068610.726279436
11 152 63088831.94062241
11 153 32186535.201481275
11 154 2974009.0867971187
11 157 91769825.0341539
12 1 5175972.242156574
12 4 2089670.6004275645
12 7 1244337.5723055443
12 15 24377.62656471177
12 19 423050.7622084892
12 20 4938599.6854703175
12 26 820252.2009419076
12 28 3732413.371694024
12 30 1597301.1191917981
12 31 5935083.271661581
12 32 3432748.458724143
12 34 691392.8499719443
12 37 6534221.536190015
12 38 989848.0811179052
12 40 5378685.646573089
12 49 7593679.551130961
12 51 6135056.407512341
12 52 2139233.3181804116
12 54 2211916.584051332
12 63 8678884.290196206
12 64 2350783.2500835736
12 65 110575.9288197923
12 66 8552375.72919087
12 67 199534.7593143131
12 68 410221.53332945576
12 70 1513613.159618233
12 72 8004095.87389736
12 74 678003.8466922675
12 79 1636436.9237549792
12 89 1729878.8616637082
12 93 5309887.986340792
12 97 2490720.464019283
12 102 2939613.183219323
12 106 8358042.775499286
12 115 3867224.3014514623
12 120 800546.9452026811
12 121 125953.25842354838
12 125 2711482.734210662
12 130 1296652.1325608296
12 131 4250687.408655607
12 133 4029269.5192178315
12 137 965144.9313152877
12 138 972261.1752897731
12 142 1715267.8552332248
12 146 47590.82568817815
12 147 5260028.796703531
12 152 444685.36317143036
12 154 41817.28171702766
13 1 55488404.360678606
13 6 18313279.209559176
13 7 2451320.8114090953
13 19 18335610.981602423
13 26 7199097.523458171
13 30 28822010.517789725
13 31 44519317.99970329
13 34 2703195.49128536
13 37 22625244.742133122
13 38 19658306.328458462
13 44 13532499.95130184
13 45 38490641.66910729
13 49 5871570.462645662
13 51 46406460.41256851
13 54 62616847.0024019
13 56 41965319.14814448
13 64 19407130.001229018
13 65 493595.57714330824
13 66 730536.4494960555
13 67 2656666.662131888
13 70 49206716.95414589
13 72 75007347.56566435
13 74 28813187.94119681
13 75 4941104.864219035
13 79 32522050.93579535
13 86 8894947.572394641
13 89 10987611.138335638
13 94 1022159.1944097835
13 97 1412560.6647074898
13 101 5433212.3607571935
13 106 1177451.1384246515
13 112 37676417.711093076
13 115 893078.4930548094
13 117 20435931.257481184
13 129 76783622.02346458
13 131 1209666.758014178
13 133 6077675.164942375
13 134 23591682.982695144
13 137 11242078.616765998
13 138 867629.9113336002
13 142 10831161.025582513
13 145 2558294.879582161
13 152 5872981.925426554
13 154 16483661.134809121
14 1 192032746.59879333
14 4 1931639483.0227585
14 6 4609471523.127914
14 7 5871606824.339173
14 15 2488860.9449823457
14 17 9130685.381720712
14 18 7574511.497991386
14 19 1938903613.5788498
14 20 72876779.28428301
14 23 6204846.450051266
14 26 904532804.6606488
14 28 307286.2924124837
14 30 108351887.75689864
14 31 60086533.39747109
14 32 211712296.7254649
14 34 2870586.76690729
14 35 37986904.29832768
14 37 19169147.4718426
14 38 140632033.9938462
14 40 1191634351.9440086
14 42 1063780.7244020684
14 44 9869300.041876825
14 45 146509286.3236105
14 46 67704365.0969975
14 49 268679391.6024787
14 51 213358714.77171484
14 52 8910373.633063147
14 54 22884193451.67188
14 56 1113156487.8745701
14 57 1884595.4672246305
14 58 39500458.25795915
14 63 26989094.809331547
14 64 19481572016.724827
14 65 15259124.0260476
14 66 131293799.9965409
14 67 2832829108.654357
14 68 4754283362.44823
14 70 514800933.2874989
14 72 5134390599.367384
14 74 2009220452.7226229
14 75 50224393.420704335
14 79 6827100009.015683
14 83 16842377.593327053
14 86 108717390.95104066
14 87 327668.0530147415
14 88 606955.0934595423
14 89 1937773894.8950686
14 93 8453688.766357122
14 94 229576989.98835298
14 95 7825467.778919235
14 97 87544780.15986793
14 98 724228.5540163659
14 100 19970189.206057098
14 101 5747041202.945441
14 102 226679402.10269284
14 103 3236663.2763502644
14 106 79782790.80702509
14 107 21172877.5570402
14 111 9128519.710874666
14 112 18979996.099260356
14 114 332438883.9751238
14 115 1300662769.9673114
14 117 15864678.181522354
14 120 516468.5596618244
14 121 6725947.453114633
14 122 5034314.576638459
14 125 740811558.3670616
14 127 1243658.1072670089
14 129 4817092666.951107
14 130 97223137.89191042
14 131 1920392955.2328978
14 133 7404442719.380849
14 134 210364014.64928764
14 136 2722433.000439789
14 137 1208465522.9890723
14 138 7761671748.063947
14 142 5505108970.284152
14 143 5528173.220689238
14 145 6798177.829427114
14 146 315365737.2500106
14 147 251288969.0042308
14 149 3960723.276679036
14 152 2083461813.1100593
14 153 50529746.26487587
14 154 9382078714.907686
14 156 2563229.350591884
14 157 11805264.193115382
15 4 1209320.0981298736
15 6 6008777.14221457
15 7 1699354.619012845
15 18 2933761.336509254
15 19 15626770.949667078
15 23 1637786.9324776484
15 26 1638749.1722938798
15 30 6758882.745167045
15 31 395222.9886989291
15 37 4456990.839994152
15 38 3337535.3083135313
15 40 394461.6957887091
15 45 11336641.559962388
15 49 1433312.2524644246
15 51 5096002.919006797
15 54 9817.078868397963
15 56 2589250.50931955
15 65 16884315.175720677
15 67 4170966.557726339
15 68 8916538.025714964
15 70 4858091.0528793
15 72 1324347.665576346
15 74 5870025.833682822
15 75 3286831.9850532752
15 79 257198.20000494216
15 83 3332410.5066781812
15 89 9416256.558768712
15 93 1993909.8647355724
15 94 3447844.698445993
15 97 310705.78198840126
15 101 4394089.646002533
15 102 8190732.162799991
15 106 3162976.6804219396
15 112 1530431.025517355
15 114 3816350.7263252535
15 115 4324200.985890389
15 130 8654651.56955118
15 131 3535890.6573393927
15 133 1390912.7726551543
15 134 1538750.840469312
15 137 1833223.3599289556
15 138 2512631.3487413465
15 142 2163032.7926629465
15 146 21944511.629532833
15 149 305176.8754527002
15 152 3988979.9101590686
15 154 6177068.427545267
15 157 2814229.878343232
16 7 16210750.461406823
16 26 2577586.7695336686
16 31 2729440.2634507907
16 40 3334245.853314827
16 49 6613097.1569677815
16 51 14463156.59937727
16 54 5085647.807595799
16 56 8761239.81299235
16 64 60014.490903888436
16 67 8242451.017944926
16 68 8307970.399763273
16 70 89360.93489425175
16 72 14432968.362001568
16 74 8901469.463918285
16 75 9587630.604026305
16 79 3109041.5928731407
16 97 8673294.628606597
16 101 19993884.472199205
16 102 11883786.952845642
16 106 7845143.057472831
16 107 7987203.903049373
16 112 9676101.729316838
16 115 3761637.466417282
16 120 2002412.4771178057
16 125 20296183.052553058
16 129 5158654.024033879
16 131 1867933.959658248
16 133 5594296.975017984
16 137 4466576.726542796
16 138 11210739.402394464
16 142 25313734.997928515
16 152 11472242.26959999
16 154 5664189.17429395
16 157 8808398.90266176
17 1 1214656.2162387713
17 7 623847.5686057023
17 26 10555.282994751962
17 40 372678.3826130887
17 49 2083606.9879956662
17 51 1610994.746592418
17 54 625366.0630603895
17 56 940532.392129049
17 64 2515912.6777650737
17 65 377375.12263254495
17 72 330770.4628185879
17 74 789851.9222578182
17 79 1057912.0223689768
17 101 1019605.9426614712
17 115 527570.4630398995
17 137 1240322.3399382401
17 138 1799778.6794600715
17 152 1474468.110246079
17 154 1568177.2297773557
18 1 3845809.127265916
18 7 12020902.805250902
18 26 50269019.90788039
18 30 11425160.281541904
18 31 34171344.72275674
18 32 2312672.209735234
18 34 1648838.4454873637
18 38 4895245.5792500535
18 40 29836431.601796366
18 45 8342947.853914619
18 46 28551781.829651248
18 49 11434533.43409406
18 51 46308038.894762166
18 54 14978203.935103295
18 64 25588256.742901452
18 65 10833378.613231473
18 66 4235234.622682103
18 67 3639309.005824964
18 70 46659837.04736874
18 72 19202213.996729434
18 74 26005335.646036964
18 75 8231810.999931234
18 79 41333015.11111643
18 83 22383734.3497002
18 89 2094707.6068216714
18 94 20671923.33530193
18 100 4067809.8557536784
18 101 16651752.413050871
18 102 8269637.522271375
18 106 4600108.917937625
18 107 3139422.1259966074
18 112 23119572.210716207
18 115 54095508.28501539
18 125 1318801.7688846088
18 130 11250558.69276637
18 131 5421486.125769963
18 133 12813397.43589663
18 134 8184837.836328565
18 137 178972.52541320177
18 138 4047059.559316397
18 142 11151621.363904584
18 143 3838172.766221147
18 146 91571720.68846275
18 147 4040465.7380918637
18 149 1386481.9802110486
18 152 16256962.261039492
18 153 31363154.280418213
18 154 566972.9000062805
19 1 268291049.79054102
19 4 1705832358.804762
19 6 31582140.325110458
19 7 506944208.54647875
19 15 3417907.7060512556
19 17 665920.6982171512
19 18 46620322.234768786
19 20 21175276.59295916
19 23 223873.12582854446
19 26 4602872514.343703
19 28 1447551.6600194064
19 30 114131257.66207393
19 31 1042184579.2077469
19 32 26205048.54841217
19 34 14325605.964580638
19 35 13849012.985854436
19 37 18626864.9934868
19 38 6482118.171208645
19 40 460376545.40185004
19 42 116061.63453237979
19 44 21869749.084247645
19 45 73493847.97959459
19 46 23310723.12979072
19 49 350984677.059442
19 51 1197709737.9573212
19 52 7528103.392400219
19 54 2074610716.5970068
19 56 99421736.9827132
19 57 1970205.6077209907
19 58 13984928.124860372
19 63 7505207.480724425
19 64 4433000154.853379
19 65 253102463.557221
19 66 15059257.733982896
19 67 32158622.65150748
19 68 348613336.7408409
19 70 669810958.7432156
19 72 300326553.6272734
19 74 1546947033.1513588
19 75 117817974.2610796
19 79 124394571.31704462
19 83 69549099.64209868
19 86 1414410.5350849433
19 87 11435470.99338549
19 88 5374104.126423709
19 89 1298336117.8048656
19 93 10449855.609411499
19 94 1827580983.2714763
19 95 4016776.3499843343
19 97 248332855.3944125
19 98 3004651.5071046194
19 100 339821.9052570226
19 101 8108116758.052328
19 102 144784255.1253602
19 103 8590153.511911543
19 106 103923815.330764
19 107 106680877.55062169
19 111 38710774.44253738
19 112 62341161.92689309
19 114 304649090.4105736
19 115 421470755.09999126
19 117 109924537.79518415
19 120 963533.6119310097
19 121 5793383.509759737
19 122 4719485.358872949
19 125 562860445.5604233
19 127 5069454.500606282
19 129 468343724.64268184
19 130 17729573.28075773
19 131 239940056.61019635
19 133 797614936.936772
19 134 87963745.57859652
19 136 22789897.790164594
19 137 346181192.8794386
19 138 3693863166.4877224
19 142 1436364646.075653
19 143 3068682.564257263
19 145 7098443.306088403
19 146 45011001.802976064
19 147 94396667.16654004
19 149 2172359.1790176965
19 152 3797028471.1336217
19 153 9661434.769696439
19 154 1542427545.6838632
19 156 6233011.4903858565
19 157 458159701.0007973
20 1 23128128.169089552
20 4 51962623.21878959
20 6 15165771.913384337
20 7 82226438.81090759
20 18 11588105.577904483
20 26 104728548.59897526
20 37 131711108.51806836
20 40 156276176.24234265
20 45 59709009.05548707
20 49 202559746.19050813
20 51 97730536.235585
20 54 191872812.26547268
20 56 88629978.34849782
20 58 90847093.76780617
20 70 7793048.260793206
20 72 241848203.98148942
20 74 81979010.4943805
20 79 19366131.535669178
20 101 37103706.87796554
20 102 70022017.21375516
20 106 10347806.337483952
20 115 49692228.65297234
20 125 19057132.873294026
20 130 14196803.540679686
20 131 32461584.878115397
20 133 1488458.8655502778
20 137 8677179.756068844
20 142 41069408.79006955
20 145 7189474.199557364
20 147 43715262.69121811
20 149 1276056.3568907122
20 152 3693541.52125222
20 154 46774672.04331799
20 157 104706978.76210147
21 1 9027004.263918784
21 6 125794300.79808262
21 7 99166498.03402384
21 15 2459255.8651316366
21 18 24826097.577894285
21 19 14767691.067712102
21 20 27128331.261705164
21 23 8220626.595370586
21 26 108966192.87533225
21 28 2432557.5327472673
21 30 34711696.37416274
21 31 69360388.89046289
21 34 5988543.242596094
21 35 30638331.983270608
21 37 10969961.599539718
21 38 21502328.11019452
21 40 83419171.6378569
21 42 705624.3113358744
21 44 4188658.4018957405
21 45 5514388.455854355
21 49 11049273.339232005
21 51 186585347.25152436
21 52 5319991.728599965
21 54 13638635.721699396
21 56 19207376.537761122
21 58 4293501.703881321
21 63 9113313.611889554
21 64 42702431.04485222
21 65 883945.9988868991
21 66 44794198.28609894
21 67 7755133.442941465
21 70 45022452.953005135
21 72 68845261.68956983
21 74 19653494.123069327
21 75 31978444.97817449
21 79 156050860.9561503
21 83 11046940.940077007
21 86 223902.32728248838
21 87 2870193.632855089
21 89 5689809.42681584
21 93 14475895.12128928
21 94 13239492.383370556
21 100 12700788.227168025
21 101 7732053.6462152125
21 102 20010486.437368184
21 103 1392206.0413819873
21 106 94251070.40261348
21 107 7624492.572779441
21 111 46958821.170757666
21 112 18120319.94742921
21 114 24209742.827349935
21 115 91452401.55675772
21 117 29708583.998727843
21 120 2349535.7468524724
21 121 3527245.597251797
21 122 11048.786030133524
21 125 6652311.460254171
21 127 3555248.9081593617
21 129 75063088.21396002
21 130 40217613.701985404
21 131 49193930.74096506
21 133 5982247.267286802
21 134 108634207.63881192
21 137 11238976.91954061
21 138 31268330.775777932
21 142 16727886.276958568
21 143 1736375.011067773
21 145 64670564.07957734
21 146 67227745.32359856
21 147 4461130.52241231
21 149 7037349.878820612
21 152 68859234.59753451
21 153 24896549.56004666
21 154 20483937.899114672
21 156 933128.862923121
21 157 76761792.99599992
22 7 627015.8921921367
22 19 1540225.9972458016
22 26 4911531.205200938
22 31 2389541.8263310045
22 32 4753124.757610592
22 38 4433730.0980457645
22 44 4701521.7125444645
22 49 382276.9782430774
22 51 660013.8967087616
22 54 1296503.1433235698
22 56 505821.94180153473
22 64 4665738.380318668
22 65 1026534.7962459862
22 72 685465.1651186732
22 74 4537198.624107034
22 86 3098956.5082984176
22 89 11361917.120876525
22 94 2944317.2285440983
22 101 18986450.554362997
22 106 1037186.0804296792
22 107 2884352.341817758
22 115 2766708.744317901
22 125 4302769.5659268
22 127 1007721.8467823433
22 129 984352.1218744136
22 130 1830585.7174928586
22 131 155956.09975432878
22 133 9506380.888743801
22 137 3463074.7601226945
22 138 5574805.239241814
22 142 1354165.5989054013
22 152 5068848.731565064
22 154 2989277.910930445
23 6 2433670.937513773
23 7 2566119.064640083
23 19 1368403.545755104
23 26 2204768.082236206
23 30 877504.2294531972
23 31 186878.16910278852
23 32 3110264.07583442
23 38 2871012.590810703
23 40 702624.0177064554
23 45 2031622.39414505
23 51 560631.0927697836
23 54 2222141.4559417847
23 56 6818724.639779487
23 58 230694.33470398365
23 64 2655251.1228089943
23 65 1845422.43590773
23 68 6609953.907865
23 70 1713578.4685370936
23 72 1267765.466581753
23 74 342058.36755644635
23 79 1208510.1163610343
23 89 1111188.9313386902
23 93 329949.32812427764
23 101 2156682.156824699
23 102 6290341.421439121
23 115 2702638.684866088
23 121 25529.643348014895
23 125 503239.65425242874
23 127 1879966.274453085
23 131 760704.4564314692
23 133 4632848.573196426
23 137 929798.8265925483
23 138 4040933.1633680803
23 142 326231.0791573786
23 149 3049603.251611816
23 152 454701.8249283499
23 153 3406411.2703265734
23 154 4504217.415910582
24 4 8576260.796931908
24 6 898842.3950471976
24 7 5728630.89731981
24 20 8514705.342914447
24 26 2528483.8511930555
24 30 1163132.6205420338
24 31 2885060.1666694535
24 32 11040676.760728175
24 37 555755.0679235235
24 38 1071068.4607949408
24 40 704606.6784825076
24 45 1190103.4397794828
24 49 8096483.7708128765
24 51 523038.93244821095
24 52 72126.97758505426
24 54 4345480.694622789
24 56 2034233.6790279986
24 64 6762824.039823112
24 65 4252878.619039344
24 66 1040046.1027478623
24 67 5456929.147755952
24 68 1196507.712161851
24 70 99465.93546007076
24 72 10859766.238902457
24 74 3581480.592630034
24 79 12772331.27673794
24 89 8167390.032976029
24 94 9105212.788174
24 101 23758884.410648525
24 103 1511340.1028133463
24 106 6086423.252717373
24 112 1100628.6660895692
24 114 2496959.486945235
24 115 4540646.35400164
24 121 2775648.381348986
24 125 5090643.910475794
24 130 1056348.9545430164
24 133 2961455.584175371
24 134 11105071.415979793
24 137 586066.9823367749
24 138 9892184.392613465
24 142 10546584.839709947
24 143 661774.5205288903
24 145 732564.9180351576
24 146 443079.99586483015
24 147 2494697.2232372668
24 152 9509216.713249495
24 153 1843549.2324251358
24 154 3628188.1121998876
24 157 9170629.311673803
25 1 4097036.114366698
25 4 8993038.587320618
25 6 66463541.68731785
25 7 42307731.55690215
25 18 14912376.88421614
25 20 26125013.516443692
25 26 44995331.37907871
25 30 23488947.06684772
25 31 11330573.784128536
25 32 47075557.35646922
25 34 7948545.350757665
25 35 29110520.80568376
25 38 72640235.9640799
25 40 9325672.123815196
25 42 4741587.368899275
25 44 2383233.5323990905
25 45 645698.6293006071
25 46 21212991.55476197
25 49 99565171.0283382
25 51 60928085.48579816
25 54 42035527.97037443
25 56 52737582.15022542
25 57 1849780.3786538998
25 58 17081631.502102315
25 64 24060620.892301384
25 65 9896241.85521262
25 66 2794042.3070462467
25 67 53840160.833087586
25 68 37599199.39033228
25 70 52699887.770524316
25 72 86707815.86304605
25 74 82198459.70246059
25 75 8201531.8163540745
25 79 150701682.49740878
25 83 12588110.392064875
25 87 3017918.9227236426
25 89 39408616.94531496
25 93 9457379.2587154
25 94 46005531.76978
25 97 13865029.809881242
25 100 810986.0196379622
25 101 54162256.42086646
25 102 15180190.595066542
25 106 134250043.488159
25 107 16010128.290822381
25 112 35666060.333346464
25 114 2426672.8811192135
25 115 119550876.71357697
25 121 270100.83832235914
25 125 88546171.77725647
25 130 16029570.03030496
25 131 14294208.115351658
25 133 70005143.12959968
25 137 25879140.631927017
25 138 18113162.749838173
25 142 7136574.056195742
25 143 148124.14055592037
25 145 11026606.430550437
25 146 7333242.512123661
25 147 41137351.47873774
25 149 31886911.927173946
25 152 48544593.1373678
25 153 6146482.744731713
25 154 91034792.5427538
26 1 74666397.2522344
26 4 3284902942.061204
26 6 1290904704.6453903
26 7 365155667.261684
26 15 5333060.458151971
26 17 751859.6763233973
26 18 5991782.0882924255
26 19 4803615938.981276
26 20 11649622.250173287
26 23 610453.915808412
26 28 332954.79467290087
26 30 187627829.8550469
26 31 553197961.8767321
26 32 60333888.29911936
26 34 3005178.7477166606
26 35 7013685.422696417
26 37 155777836.55283862
26 38 12861714.897691673
26 40 312115040.4470984
26 42 1241424.3360355718
26 44 189561153.95823008
26 45 98720465.0606965
26 46 13183311.697277142
26 49 130037729.94544803
26 51 7038641704.247208
26 52 11095276.126280792
26 54 2860593624.9955125
26 56 1321871164.2524326
26 57 1211290.428164545
26 58 37629747.31669048
26 63 44687145.827797495
26 64 2164536703.8911667
26 65 160901682.93388355
26 66 1381735.7997335398
26 67 97203274.34820673
26 68 2710788409.0236135
26 70 48212123.11137292
26 72 7490906090.11201
26 74 2501370473.1960588
26 75 107025884.42259544
26 79 1458898758.6616747
26 83 2647130.5699776327
26 86 8098278.785077209
26 87 2999029.18485435
26 88 15044713.297359565
26 89 283040848.4222112
26 93 18807914.690165356
26 94 8546537123.180941
26 95 2675053.324040925
26 97 115948596.0650529
26 98 5332190.031742796
26 100 28640018.868124824
26 101 8900656835.90133
26 102 378983803.0145765
26 103 13935799.21502245
26 106 612325585.5484741
26 107 114767496.09817426
26 111 86593638.02561313
26 112 17685164.574406955
26 114 776833380.8496135
26 115 326793664.17277694
26 117 762800359.2614036
26 120 3129590.1594440225
26 121 3439783.1983909816
26 122 1098524.7936226833
26 125 469716309.60843956
26 127 14689155.002792155
26 129 2032061234.423881
26 130 98948232.77062437
26 131 1285149224.1223133
26 133 8804766235.62793
26 134 61953217.08250134
26 136 31267668.10118924
26 137 415717521.8326552
26 138 2202223860.1368504
26 142 3435693145.3481383
26 143 488789.0805349874
26 145 20052664.824866164
26 146 26901105.846215006
26 147 786682057.2975107
26 149 7496829.197991698
26 152 4721024859.148628
26 153 10425641.65623127
26 154 1396641813.663381
26 156 266240.78962812317
26 157 110879614.60367271
27 7 309144.8613199056
27 26 617914.4085335779
27 31 439326.32804347493
27 37 51824.22386885062
27 40 121780.92138579379
27 49 221.46444142536527
27 54 588579.5206635407
27 64 259962.8942321158
27 65 480812.56233313755
27 67 1301104.727794667
27 70 1231758.3540358283
27 72 104942.88358602834
27 74 509601.6156734546
27 79 10579.010220989954
27 89 276688.4843318996
27 94 13389.3593276976
27 97 115962.9355690117
27 101 34158.14845301658
27 102 69701.28308228216
27 106 566114.130152584
27 112 262991.6767905736
27 114 102604.4415885803
27 115 22245.6291841524
27 117 249606.13467927914
27 133 332951.54158320813
27 137 99761.847725853
27 138 188179.29297348962
27 142 224110.23851736018
27 152 359102.8929917688
27 154 83944.99284392937
28 6 516888.9044927518
28 7 613285.6146446787
28 17 584573.6455403785
28 18 289969.20051250287
28 19 232758.5745113939
28 26 406756.73940068163
28 30 115941.60103262606
28 31 1645615.602349529
28 32 394358.88228206435
28 35 1322384.6968727426
28 40 452989.3280804355
28 49 73615.10453801384
28 51 1737730.8339027006
28 54 1869146.816638987
28 56 602667.3438286396
28 64 334987.91560335725
28 66 1597930.4891458545
28 67 2363221.6982776574
28 70 5427379.719857806
28 72 3228990.8713253792
28 74 671973.015866351
28 79 588225.5022555555
28 87 1970070.1897790574
28 89 1268512.5187653576
28 93 86035.58803451792
28 97 828812.1334175973
28 100 543075.55077101
28 101 13115.827485651165
28 102 1007133.5635586702
28 106 422633.17982581304
28 114 409624.98185696383
28 115 677531.7830729035
28 129 396343.37241322995
28 130 204025.59386185053
28 131 838527.4941800113
28 133 116735.29193113692
28 134 2498319.0218241005
28 137 639677.1119253236
28 138 1734619.9575069747
28 142 499738.54570884176
28 145 677765.939380493
28 152 4694099.991956741
28 154 70636.77699171513
29 6 2051899.776090349
29 7 2956361.0825714204
29 26 3519156.3831864446
29 32 4505951.039539704
29 38 2432132.7021466815
29 40 316009.2565404581
29 49 3776412.709753423
29 51 5861883.1049065795
29 54 962879.4300216247
29 56 9624000.258532103
29 64 353819.6257815473
29 65 1132273.2956292268
29 70 1072613.9289187016
29 72 5146870.592531539
29 74 3192045.217470153
29 79 2332410.820579062
29 89 1738218.4438636787
29 97 2029808.2481378084
29 101 2916619.34389123
29 106 4235701.994018371
29 114 4444543.975839105
29 115 2461235.9444341874
29 125 6485027.568980128
29 131 5663186.494346917
29 133 13527669.62684251
29 134 1259159.2747770979
29 138 1707416.1626756028
29 142 545356.8810164083
29 147 238601.46043171495
29 152 2824194.5942853056
29 154 7188102.114252277
30 1 272935208.7196341
30 4 73624583.7574146
30 6 232694981.07852727
30 7 388265561.02637017
30 18 39432132.19108059
30 19 57826801.247731775
30 20 574637.4138983933
30 26 249574826.46526423
30 31 314232898.5803826
30 32 559430399.7607381
30 34 11926074.088538783
30 35 20527883.582223706
30 37 3705134.9988568155
30 38 19838002.488057774
30 40 240444028.94473502
30 42 3158537.2019630196
30 44 41502935.13607412
30 45 85467477.3253057
30 46 99662946.34453785
30 49 258656702.01603454
30 51 29345776.96244987
30 52 17295475.666531067
30 54 59065693.04106808
30 56 148404627.9351577
30 57 2415921.7023148728
30 58 137628.81802166422
30 63 42665047.37264645
30 64 135462867.17983308
30 65 29196632.93508863
30 66 34618083.56524342
30 67 80751375.2843224
30 68 24978072.758396942
30 70 252107982.39085552
30 72 26362726.144272216
30 74 78288411.27533238
30 75 104635884.9807022
30 79 273881534.67609066
30 83 5180761.888308975
30 86 27188624.432669688
30 87 1776299.0610174846
30 88 10198567.214221708
30 89 397874031.77878135
30 93 14606168.552640049
30 94 284893269.4879863
30 95 22052142.524689693
30 97 44265243.69611668
30 101 511635648.38383096
30 102 229412805.23524827
30 106 374077.68261154724
30 107 16653038.977151284
30 112 87023487.95912313
30 114 41408519.98860479
30 115 253051674.38391298
30 117 69138018.85038146
30 120 111524.69304018801
30 121 11856742.01915491
30 122 2694228.177089017
30 125 272123271.24284065
30 127 1969433.9710956009
30 129 278126778.11515015
30 130 29528758.593222715
30 131 174893680.40354997
30 133 784430750.8421022
30 134 46710542.147638105
30 136 2028471.9897682853
30 137 357306444.39143646
30 138 203988158.30225098
30 142 926359679.2069718
30 143 571693.7006219643
30 145 17407277.3744741
30 146 22933359.60798075
30 147 603999465.9185479
30 149 7626359.678851813
30 152 414457236.00810367
30 153 14727575.536417602
30 154 111414654.79057816
30 157 101824242.67984518
31 1 262483160.4571633
31 4 850536144.8167279
31 6 1548203776.2958853
31 7 495594770.87756234
31 15 11812734.935312033
31 18 19021091.519636072
31 19 1396166299.3486304
31 20 10739633.498950474
31 23 1937408.2085016784
31 26 3140057788.901385
31 28 433427.70178794494
31 30 77019047.19210596
31 32 301990149.4024494
31 34 24492185.498155504
31 35 48181837.813804425
31 37 133492290.9788592
31 38 4009420.5018574246
31 40 45701776.19795364
31 44 4733042.375456011
31 45 499623781.306208
31 46 111393114.63880812
31 49 242575882.9747572
31 51 16889754166.71919
31 52 11814343.74471644
31 54 4686001203.786869
31 56 45864285.34160093
31 57 629779.610365775
31 58 34094025.85341241
31 63 20242344.191363297
31 64 12149995765.563055
31 65 294665587.54295325
31 66 13879580.223895634
31 67 2080689.5997413755
31 68 527410796.5404494
31 70 995750812.9296856
31 72 4598557906.167492
31 74 2055807178.736611
31 75 141332054.6507578
31 79 10877891628.953176
31 83 27090739.528185323
31 86 257022693.92900437
31 87 5148928.488815773
31 88 5506297.1358980965
31 89 1959407106.5318685
31 93 50921611.655220546
31 94 955686537.3615606
31 97 9094963.021642031
31 98 14378295.285383873
31 100 7574594.014563051
31 101 11032705436.29349
31 102 62050676.86228797
31 103 22383254.94617723
31 106 1944497333.6274197
31 107 19060110.197258968
31 111 74290736.13777906
31 112 23386086.32518435
31 114 731692374.7554786
31 115 1060940849.3848127
31 117 48147963.61009721
31 120 7287291.683978272
31 121 2509058.509665547
31 122 3625077.063268814
31 125 253355841.60002267
31 127 13070877.80711728
31 129 6038509842.238675
31 130 12501410.804087706
31 131 747066028.3871129
31 133 3136030504.9608684
31 134 34292529.4527348
31 136 2340097.207841225
31 137 4909455955.402555
31 138 636633117.5928831
31 142 297986039.53919
31 143 1746059.0003154764
31 145 17731662.81225997
31 146 420198581.5044435
31 147 10209188.695460534
31 149 8587808.63759306
31 152 18516346985.41819
31 153 46804125.7481256
31 154 15825430061.821743
31 156 1073642.746955867
31 157 18371843.504632212
32 1 243732088.08672637
32 4 13755115.649146678
32 6 33646309.863463074
32 7 533159605.31848985
32 15 5379378.7954244865
32 19 145165636.22952005
32 20 50726682.38880402
32 23 16059687.763463408
32 26 175076762.9345497
32 28 1480847.1049520753
32 30 90833.34877057455
32 31 145692133.65661836
32 34 4750523.2713605035
32 35 58195557.75768404
32 37 126189844.28537914
32 38 71622709.2380817
32 40 28947469.958791733
32 44 12310272.240014527
32 45 52542861.04052707
32 46 59501139.248274006
32 49 125212679.41205361
32 51 214203502.9035026
32 54 41677172.48368302
32 56 136114770.2075269
32 57 114569.59176190947
32 58 100985737.27236381
32 63 660075.1648225699
32 64 166272079.81379852
32 65 300706293.74203146
32 66 1398118.3926882935
32 67 8469392.115395546
32 68 260961764.03248957
32 70 87705442.06454945
32 72 253940785.17810604
32 74 30262919.64020787
32 75 48930748.53486934
32 79 69691356.0865163
32 83 2887340.594837521
32 86 94454172.76857825
32 87 1827037.9337046086
32 89 17031319.400090933
32 93 5751828.318843344
32 94 343250942.3373098
32 95 16520256.303682288
32 97 13021091.873444105
32 100 481575.02172337734
32 101 3626889.474462132
32 102 74682300.81076995
32 103 7587884.546204815
32 106 156017507.5281114
32 107 43657406.42222883
32 111 124717639.40147968
32 112 160296052.02586976
32 114 90564115.46718475
32 115 51623641.29548367
32 117 9974341.670079997
32 120 3117691.537059633
32 121 1827858.327842655
32 122 4014427.1357699595
32 125 317531186.0098185
32 127 2413832.8341819285
32 129 371824963.7611133
32 130 40402865.50806062
32 131 45394531.51866873
32 133 105021044.52756068
32 134 2846586.761223268
32 136 24105140.112110637
32 137 187756885.96229944
32 138 224891848.5524758
32 142 425894582.2058222
32 143 9632314.738538984
32 145 8843466.027898433
32 146 61652214.56106418
32 147 122597280.06396553
32 149 7585994.276648635
32 152 24551848.221208695
32 153 65790436.89960241
32 154 132082575.79792218
32 157 49101442.226656355
33 7 595084.1763797054
33 26 175010.43425494892
33 31 148010.67822464945
33 32 139037.06178941464
33 34 1108720.6545111237
33 40 63229.062024259976
33 45 255929.95838137675
33 49 882205.6682298965
33 51 194943.69028256272
33 52 202607.0879275915
33 54 575381.6611879463
33 64 1121847.6994807045
33 65 1708349.2679025882
33 67 1044360.4254827251
33 68 1118946.4061598538
33 70 2523283.857304027
33 72 468559.0463549482
33 74 220274.79856572056
33 79 643405.2250331031
33 89 363657.57115274586
33 94 36324.333588808775
33 101 68587.69120474238
33 102 30915.445431896263
33 106 2997927.726408732
33 107 399764.00553319906
33 114 656332.5331475859
33 115 140178.14287061483
33 117 575991.5009782229
33 125 85736.09639707167
33 130 823251.3123777922
33 133 500617.4484612989
33 137 673635.6927116491
33 149 461556.39297748194
33 152 1681118.691606037
33 153 246883.34944165038
33 154 256946.30421413266
34 1 59497838.913825475
34 4 15976507.512226583
34 6 7962262.897549259
34 7 1957922.7448946147
34 20 3865058.3848441485
34 26 28207318.910234164
34 30 1810582.9152511188
34 31 2860946.3089655046
34 32 571464.7082887164
34 35 6990816.771518866
34 37 30359011.13056572
34 38 454488.4569298453
34 40 85306354.59545203
34 44 7303490.039071733
34 45 9546901.368797261
34 49 11667718.42666994
34 51 6031861.259332055
34 54 1730320.7956783776
34 63 6186461.546125119
34 64 10399670.808583803
34 65 14540295.92992445
34 66 7007124.807973926
34 67 4331818.72746941
34 70 1622753.4551676323
34 72 6866058.493391156
34 74 16685480.341373164
34 79 33452672.95033857
34 83 6650306.053595011
34 86 5703596.025000031
34 87 1633063.5617822125
34 89 7456445.93406613
34 93 22842586.148185596
34 94 8488077.107831681
34 101 11468082.286394842
34 106 7750779.82894724
34 112 4210056.450119815
34 114 5425529.015968473
34 115 5081889.431707406
34 117 8688438.148025962
34 125 52753291.13769511
34 129 75701868.84380658
34 130 77078567.50081304
34 133 6796353.976624001
34 137 34622575.87783077
34 138 15148662.862145564
34 142 1801666.952251968
34 145 36367765.308590606
34 146 45298364.03645217
34 152 30487860.093261443
34 154 28361813.486620836
34 157 17267638.184754062
35 1 57828218.036028996
35 4 126825088.6051428
35 6 1436407.8382974954
35 7 41427631.27577615
35 15 2452982.495251233
35 18 45605344.28688511
35 19 210456916.47517627
35 23 481518.3548598862
35 26 114823812.03053264
35 30 6632524.292979373
35 31 51735414.60378517
35 32 8690765.113122728
35 34 2146868.019342876
35 37 26447659.39189952
35 38 46519809.21791661
35 40 56616932.94696419
35 42 1952393.1290712454
35 44 57237387.012858875
35 45 13882759.027736679
35 49 9885853.845695069
35 51 82311067.41152067
35 52 3980300.741985705
35 54 39988247.52927827
35 56 43268401.12326318
35 64 100129570.46783297
35 65 71419742.38553256
35 66 9300259.960819324
35 67 59501679.58430449
35 68 48384749.07476689
35 70 52967024.84912884
35 72 15581492.42125102
35 74 122256512.53843167
35 75 286792.9775949331
35 79 18715859.609973792
35 83 836138.1237421127
35 86 41841922.70833427
35 89 142571156.60613394
35 93 7834830.598017254
35 94 119324069.51693195
35 97 45053004.98278009
35 101 2308584.693376048
35 102 24254937.85893311
35 103 3206894.712822156
35 106 116132956.3228736
35 107 10565272.24539766
35 111 2932158.2635433655
35 112 42143040.81345948
35 114 16245462.544114282
35 115 224878956.4096249
35 121 2647204.344511132
35 125 45550597.77865191
35 130 49674280.02658567
35 131 5240288.088242733
35 133 138719863.3361304
35 134 2051263.699202283
35 137 106610427.94899462
35 138 29407900.580875415
35 142 6509664.225110563
35 143 2486639.45913821
35 146 64623696.71864908
35 147 16845427.40052428
35 149 9785372.005480524
35 152 173299523.04068464
35 154 55963605.67170776
35 157 13811524.445129853
36 1 2106744.9591956884
36 6 144308957.43224832
36 7 14059196.651325911
36 19 29908522.077303547
36 26 47549813.39121889
36 30 125391700.3410424
36 31 60349943.36291996
36 32 112417516.64898488
36 37 81651529.79498301
36 38 7866180.503239693
36 40 17284610.641684778
36 44 16794501.757403895
36 45 138327715.3616651
36 46 32103655.242638607
36 49 806779.1900857268
36 51 124117687.35861586
36 52 660402.8616672438
36 54 192902917.85592845
36 56 22724153.244778804
36 58 24009788.60533484
36 63 31142699.3909709
36 65 5453529.768595483
36 67 26705334.159374304
36 70 5619534.380565751
36 72 127815337.91371891
36 74 2125356.3511960194
36 75 16467884.366804732
36 79 80612185.61539459
36 86 15635027.947608486
36 87 12283964.858974881
36 88 4942188.718313392
36 89 24152544.210533533
36 93 1659196.1074843588
36 94 92593037.47556183
36 97 48840447.53273672
36 100 3558827.139919429
36 101 119221757.96122041
36 102 22679420.069459192
36 103 1514767.5914257609
36 106 8685786.961316299
36 112 77674507.1642617
36 114 132677644.98973389
36 115 41958571.92478047
36 117 8270535.742209312
36 121 330226.30371100083
36 122 1438354.5435200918
36 125 2843624.8207681407
36 129 57688820.08554655
36 130 9219004.67541866
36 131 24254460.336779676
36 133 52938151.990958296
36 137 38335436.08457692
36 138 93880578.23332639
36 142 15673146.622283155
36 143 1623830.6900055076
36 145 1053313.5148400844
36 146 338085.14987931
36 147 29867271.554828517
36 149 5991604.697537372
36 152 89166926.91848628
36 154 124291270.43062684
37 4 2188071.9920582483
37 6 26009766.255410984
37 7 23401373.94068804
37 18 56816311.726128645
37 20 819781.0298276216
37 26 34909162.85584622
37 31 68451489.52472319
37 40 205041843.22639808
37 49 142793775.01314893
37 51 190088754.67384335
37 54 101839414.22150615
37 56 84621249.91662703
37 64 115523026.38192235
37 65 118310025.76152304
37 70 213313881.9638424
37 72 75630473.43342754
37 74 59980415.27132454
37 88 6464042.826114575
37 89 12362803.663692802
37 94 434283635.15902156
37 97 8610985.971619688
37 101 69301610.30551176
37 102 10825310.635217562
37 106 10090778.20308135
37 111 38588116.34164863
37 112 17614371.705207184
37 115 43468016.641386755
37 117 58422363.75543735
37 122 1132168.0710317986
37 125 78662134.86262271
37 130 19334683.509649824
37 131 32514682.66872102
37 133 73391248.12972423
37 134 60799696.11018587
37 137 205524596.05672544
37 138 7140214.057965529
37 142 10872356.73208196
37 146 36834588.684082165
37 147 30675646.762307122
37 152 12413729.069529802
37 154 161056299.85094145
38 1 21787368.619822327
38 6 752821.3320170258
38 7 779771.1574568973
38 15 2389604.3121601697
38 18 5647845.893379981
38 19 17319756.292047217
38 20 12572430.944387348
38 26 1047856.3051129747
38 28 453611.1334103459
38 30 2426999.2090397906
38 31 27230971.070180688
38 32 13099246.789633958
38 34 3396612.024903961
38 35 1296082.057245887
38 37 14001313.643749958
38 40 2132200.114251416
38 42 268184.1679106657
38 44 36121949.027291834
38 45 16863630.80050112
38 46 3007598.8736585784
38 49 17149874.597560216
38 51 42297373.983383454
38 52 6094665.335154194
38 54 369387.66373430996
38 56 14739293.946655782
38 57 406796.1340954985
38 58 2310025.7967486056
38 64 24570473.411929667
38 65 15399234.859200725
38 66 17182983.51610418
38 67 3863531.0203343113
38 68 24350421.994962752
38 70 7398962.90274194
38 72 5754021.521472324
38 74 820079.3980932456
38 75 5537419.8072129665
38 86 8906797.063890558
38 87 472312.86256452074
38 88 9417624.844359213
38 93 12528956.408996595
38 97 19514619.26804826
38 101 12169030.667065987
38 102 1820637.5589543504
38 103 6074487.629103848
38 106 2888618.2400715034
38 107 6543718.69580554
38 112 19813579.205599252
38 114 7902386.042469557
38 115 151889.09349187333
38 117 32675565.1276269
38 120 4814939.558649524
38 121 13259532.85003944
38 122 3838441.0403513163
38 129 2383730.044041507
38 130 6807424.662912564
38 131 1506823.4941240295
38 133 7330965.639540447
38 134 7470256.325807345
38 137 736847.2841817562
38 138 9026416.21671452
38 142 45228572.22016791
38 145 33615758.28559069
38 146 12610405.563278144
38 147 8275037.030108489
38 149 19892610.539589427
38 152 8887615.72734926
38 153 2569243.1249740976
38 154 2935992.6098583103
38 157 3309191.718466196
39 4 15906648.8587625
39 6 6390542.04433411
39 7 13038823.38279377
39 18 23018353.332495652
39 26 5321137.254563448
39 28 9826714.854092645
39 31 20109057.619854193
39 32 385521.9794181863
39 37 2535143.6046550316
39 38 15197443.0041043
39 40 3596897.8825095682
39 44 17187186.009649523
39 45 8939415.551125009
39 49 16441211.34574714
39 51 13031859.492606748
39 52 1101060.1083018945
39 54 2895695.068013174
39 56 5859990.4173398325
39 64 47334423.33788378
39 66 9166773.499714466
39 67 13923353.023756959
39 68 3628035.721273327
39 70 26932781.050360646
39 72 15410139.511828182
39 74 1638603.3414897784
39 79 43607621.75629822
39 83 20032922.588200998
39 86 5867251.46921528
39 88 37132253.89249395
39 89 38042278.63516097
39 94 44600350.11507523
39 97 4845877.557848271
39 101 23914570.718028303
39 102 10040888.987343315
39 106 3466903.178948829
39 111 1405796.220735311
39 112 1269876.3399227234
39 114 30004682.992233675
39 115 4139786.6383056208
39 117 6648482.995289
39 121 4000146.409144158
39 125 12470402.275291968
39 129 1880351.492558475
39 130 14495869.197675718
39 131 560963.9362839638
39 133 36716250.72901057
39 137 22531830.52131603
39 138 5317217.202941439
39 142 2156363.4814206464
39 143 1038667.8207418708
39 146 15817217.98022162
39 147 60667326.836913444
39 149 5767919.762510153
39 152 25195982.582374588
39 154 25325712.670775656
39 157 28396674.57318478
40 1 57261284.219570205
40 4 1624416781.0183032
40 6 280703870.7162688
40 7 5001339342.558595
40 15 5448097.153524229
40 17 342231.54650117544
40 18 2292998.442795871
40 19 9529027.036635995
40 20 333633.5576640042
40 23 6967086.366986248
40 26 2614004803.7422023
40 28 7747049.002881106
40 30 325830119.2983626
40 31 386450015.4413379
40 32 2237616.4830893874
40 34 966517.8218425045
40 35 40446954.70765318
40 37 238362931.88355684
40 38 8684579.874426596
40 42 395036.0794755458
40 44 104797543.66624431
40 45 25856894.76286615
40 46 381146.7611804733
40 49 317037827.605512
40 51 1101981258.3814592
40 52 1164310.8496579258
40 54 76827456.45462795
40 56 131135982.38344492
40 57 781276.3432609765
40 58 6059836.571260248
40 63 16647691.64967606
40 64 379176307.84968734
40 65 354322526.90322393
40 66 2889758.6356413397
40 67 254662795.13004568
40 68 256033389.72101867
40 70 11390105.461152956
40 72 14811169.501448272
40 74 714221653.538056
40 75 9913838.579994505
40 79 980743256.4911268
40 83 15646593.02320739
40 86 15580512.97411861
40 87 5075787.113142347
40 88 13674320.140059236
40 89 480873143.5336164
40 93 14625384.108762102
40 94 2896991350.728349
40 95 6525856.293730533
40 97 198648240.35827363
40 98 6978501.494571982
40 100 22520185.290529862
40 101 3390835942.8402033
40 102 407323029.8717148
40 103 823708.1576571193
40 106 731044963.8896867
40 107 1343033.4008871815
40 111 48955443.75355365
40 112 25233337.784310803
40 114 57646303.08977003
40 115 579853899.501015
40 117 33492888.66334067
40 120 1575317.5300426628
40 121 1406696.9739151087
40 122 2202537.63045048
40 125 497713031.7464299
40 127 2638335.9587385487
40 129 89767766.3005256
40 130 63142456.81063229
40 131 157054710.79832906
40 133 1149572928.9384882
40 134 62622869.957613654
40 136 19062896.026452847
40 137 750578686.4492533
40 138 21874974.6225031
40 142 1117843660.6320603
40 143 522248.1297265034
40 145 25757727.175057434
40 146 20282418.128429424
40 147 193331492.13608763
40 149 14712966.509863503
40 152 576846745.5936164
40 153 129624648.08708023
40 154 1638238721.3593557
40 156 3412848.5653098407
40 157 130365078.64590213
41 4 73430.68769757886
41 6 248037.25414421782
41 7 241679.79450582343
41 26 90350.23305121332
41 31 13782.176001064146
41 32 261995.62315885807
41 37 36862.544055099155
41 40 74005.27244019115
41 49 178850.51219135453
41 51 244257.66402541698
41 54 400470.7118428522
41 56 32999.29588250493
41 65 94469.60480045315
41 66 63956.679944267795
41 70 294694.0693996161
41 72 759881.7044480663
41 74 35525.74828290864
41 101 735022.0813836642
41 106 1144193.765898548
41 115 45513.97484928541
41 120 301684.6611090553
41 125 235602.02154960253
41 131 133810.40312265375
41 133 187587.77052055657
41 134 137340.72758970223
41 137 52008.09842628636
41 138 115243.56499693832
41 142 1030401.0941170037
41 146 256417.32422179563
41 152 481011.1667090237
41 154 570646.2595218478
41 157 376792.4111457335
42 4 856019.1148824404
42 6 277269.81997740915
42 7 122645.59731673688
42 19 5247034.729105932
42 26 4243988.203114408
42 31 5808556.70427565
42 37 1200178.0045755953
42 38 1188366.9259285966
42 40 2030783.9274993562
42 49 2118455.268578568
42 51 103676.1445171858
42 54 914805.8587020434
42 63 1784757.4178588062
42 64 6044598.7712513665
42 65 192110.64885051374
42 67 846261.9665209937
42 70 3943443.034652325
42 72 3276662.050506753
42 74 7861441.258454654
42 75 12842961.004178507
42 79 434070.2633855751
42 83 458596.4400410548
42 89 255010.21306653786
42 94 5848085.815462422
42 97 2014964.7567110157
42 101 786767.3793397029
42 102 21802.120565441302
42 103 3984995.3771560905
42 106 1507918.2233557717
42 115 1610540.5976927923
42 117 1615276.4317288152
42 122 1414522.8530776133
42 125 382429.81227377127
42 127 426256.87804150005
42 130 237412.57325647786
42 131 2469669.4869491984
42 133 5827025.35331472
42 137 5407577.122615015
42 138 4271226.200039892
42 142 1582153.1848015017
42 143 650130.7229133656
42 146 3137738.492707422
42 147 628679.4333958786
42 149 1380904.5349625337
42 152 3095010.7037010756
42 154 590021.0015620738
43 4 31885771.899960756
43 6 65357220.72567047
43 7 44542887.58889903
43 18 39758024.23007388
43 19 69224405.19321726
43 26 166701284.89425835
43 30 78235926.24460422
43 31 4476006.725433122
43 32 2677536.447411637
43 35 56905437.72988418
43 37 4731172.616365043
43 38 15593521.116842408
43 40 93311899.89181215
43 42 477777.97431620903
43 44 23951542.13720123
43 45 39444570.974427074
43 49 49562258.600574896
43 51 252074083.06098387
43 52 1873243.9790827397
43 54 64093480.7798386
43 56 108055338.76692714
43 64 31091482.570275158
43 65 11967851.81048433
43 66 2660339.7337451302
43 67 19990166.394913077
43 70 31871717.994925264
43 72 185547996.8539094
43 74 15762107.218684698
43 75 7060095.850954725
43 79 88286041.76323344
43 83 12594623.650799409
43 86 3556588.9582595048
43 88 2226536.179521343
43 89 71757456.21841028
43 94 177489429.91616073
43 97 107054689.03552642
43 101 186650383.41618237
43 102 17235673.18524958
43 106 133735184.31245095
43 107 12708596.045383641
43 111 20990534.389813762
43 112 49278858.420124166
43 114 9247259.169743825
43 115 121007006.62916584
43 117 8793610.533821508
43 120 943850.5171560167
43 121 349549.97053910274
43 125 61900676.497125186
43 130 99757067.35209961
43 131 18240318.485458724
43 133 161995554.92279416
43 134 1197373.3959272788
43 137 49509006.86011276
43 138 231376842.82520974
43 142 4388185.762236179
43 143 3757040.9826652533
43 146 76323606.68605351
43 147 18915789.147950094
43 149 31740702.05701541
43 152 187278749.6115586
43 154 156090118.4563128
43 157 8965364.19529377
44 1 15312589.661621228
44 4 39255741.24190918
44 6 10772224.139003804
44 7 15641898.80900564
44 15 7187549.993713702
44 19 49712686.6183199
44 23 6438095.704713406
44 26 59697255.45078311
44 28 3493521.063929325
44 30 35334761.71967005
44 31 99796939.80530548
44 32 12191517.415392091
44 37 17580270.064440414
44 38 9394878.903001156
44 40 63204242.36110389
44 45 35374501.017450534
44 49 61403040.03939934
44 51 239602519.340985
44 52 6607811.160293043
44 54 77628028.13082263
44 56 33874054.262714356
44 57 4135992.747849949
44 63 45199432.118870385
44 64 102769592.60990058
44 65 68173963.1379176
44 66 6608828.791668749
44 67 170899918.06852853
44 68 132307637.01781015
44 70 193176214.6523337
44 72 21605060.85962356
44 74 15083468.872102095
44 75 48189243.99380497
44 79 183666803.06030568
44 83 9446805.214481233
44 87 7917860.463137029
44 88 1541.6155285021368
44 89 70000591.54784639
44 93 3122080.7450274983
44 94 1054277.715761775
44 97 13126996.078206021
44 101 16519315.319466146
44 102 68542548.00871702
44 103 352851.3130028329
44 106 55458575.31778234
44 111 17029385.053025153
44 114 78622057.22095057
44 115 44198496.41279335
44 117 124259835.64922379
44 121 2639507.224314502
44 125 117181316.60722211
44 129 271201903.44980156
44 130 71075712.32959907
44 131 114923483.72979195
44 133 156855087.76172537
44 134 3251655.54988583
44 137 127270126.5444576
44 138 115780004.84530888
44 142 142631300.43088618
44 143 2140050.1562713417
44 145 15426101.679145174
44 146 12809884.428126503
44 147 26443852.79745197
44 149 19810419.66341661
44 152 5950287.647591266
44 153 50559402.255287565
44 154 65916930.0583504
44 157 23413768.45317849
45 1 63344095.45806179
45 6 200741450.75061226
45 7 155054890.0867754
45 18 16480555.588245764
45 19 7424052.151449948
45 20 8775744.276357096
45 23 2345288.559381899
45 26 5202805.822632432
45 28 323641.9748929447
45 30 45990634.98306922
45 31 78091459.33059752
45 32 140312576.84584188
45 37 9155968.043069055
45 40 233289861.74754363
45 42 1205063.8107297637
45 46 44351224.7112719
45 49 54109193.59380308
45 51 431334482.9627428
45 54 677181908.6415943
45 56 32385250.9475023
45 57 463585.64697830734
45 58 7028605.543683005
45 63 10843941.56100812
45 64 42948555.92521457
45 65 28398481.28612509
45 66 8619652.627102097
45 67 408730705.3378038
45 68 26007525.03484777
45 70 53191450.08473746
45 72 155882788.63456878
45 74 63813299.79084191
45 75 14757381.595639665
45 79 293639636.6313826
45 83 14407511.141967054
45 86 22842334.494613532
45 88 15790968.728509776
45 89 131487172.90330033
45 93 25747205.476290774
45 94 9644512.769308915
45 97 109915353.29599215
45 100 51302850.15249628
45 101 77185923.18483089
45 102 21210993.581799615
45 103 22454363.162971597
45 106 89477721.18330567
45 111 51363936.82114241
45 112 42741924.45345083
45 114 17550226.501604524
45 115 58783348.3072926
45 117 32674670.84564826
45 121 1584365.3822183337
45 122 2540830.2253486486
45 125 266050701.95582455
45 130 58371788.009139545
45 131 35771347.54343144
45 133 63249436.75826469
45 134 110278261.6976105
45 136 3578110.7315085027
45 137 28770256.757441793
45 138 263073000.89018506
45 142 73288746.1164547
45 147 200339975.22720402
45 152 246877624.6241621
45 153 10024558.133935295
45 154 94365289.91542815
45 157 153466325.17714065
46 1 51537971.68096528
46 6 145320421.26255018
46 7 53232344.64068764
46 19 35216865.06056279
46 20 4034003.0787844737
46 30 31560480.17829703
46 31 37817676.31119453
46 32 4855047.419634393
46 34 3430102.01874946
46 35 7164596.281897408
46 37 2184487.8618421787
46 40 19753950.941268664
46 44 34389422.30629715
46 45 4461556.168012504
46 51 13124369.482724031
46 52 6695256.017059195
46 54 23228730.01869066
46 56 7249507.704546467
46 57 665164.4491319621
46 58 38784388.29170377
46 64 7134534.6840371
46 65 21579686.074082796
46 66 11309240.95887499
46 67 45378056.21639957
46 70 3422537.8478343976
46 72 9384024.683558956
46 74 6189448.323523038
46 75 20013348.14586277
46 79 5064841.195017435
46 83 6296125.5000711335
46 86 42351347.85771251
46 88 956852.5912164043
46 89 3025370.249728315
46 93 418130.87993251224
46 94 164186426.81284997
46 101 3671430.540558121
46 102 27023495.342221025
46 106 12830573.393273052
46 112 2245229.158398591
46 114 12051369.989028838
46 115 20514402.415454622
46 125 70328548.47474466
46 129 10691530.408923298
46 130 18047829.759359237
46 131 7606267.045155477
46 133 13356203.3337701
46 134 43910359.660799146
46 137 5586099.841141075
46 138 5902137.378736622
46 142 76305297.03308858
46 143 1106092.3949207088
46 145 17808575.732860222
46 146 23282502.93586499
46 147 15480707.607833454
46 149 261283.46916620876
46 152 4027545.9360543145
46 153 5864029.069222393
46 154 40129527.1644782
46 157 1330488.3001640271
47 1 3150269.4116460737
47 18 9728607.394952113
47 31 659808.225290716
47 32 2209464.313776011
47 51 409434.9790801465
47 54 945735.693576188
47 64 2288827.397168786
47 65 3242627.104336416
47 72 570482.8954999653
47 74 536680.0664840448
47 79 2646867.0632486637
47 89 1353982.4861337568
47 101 7952381.527092796
47 106 117411.22644149118
47 125 865350.7180059872
47 129 726657.1334688361
47 131 565371.8674892278
47 133 4535684.433630944
47 137 4737856.537252465
47 138 344349.895070205
47 142 634814.2534359478
47 152 633828.552485565
47 154 3471082.579616836
48 4 10585214.735392563
48 7 3557084.3163946127
48 18 2099134.970659479
48 19 10152540.773360997
48 26 12745798.553360214
48 31 92109.32671279494
48 32 29585116.17597492
48 40 1188221.657795826
48 45 11759866.19679371
48 46 4903596.67807171
48 49 3172844.1973064053
48 51 3551738.8139551976
48 52 5640258.066316236
48 54 20656655.24481466
48 56 15101226.317634812
48 58 3523978.1335664946
48 64 6386739.573786597
48 65 45810343.47727828
48 67 99808371.36075358
48 70 3278927.052920583
48 72 24942940.342139915
48 74 624193.9235602508
48 79 27820497.80672814
48 94 38819087.47269984
48 97 1992110.7724632937
48 101 50645182.085390136
48 102 3338703.2920980034
48 103 7514804.59677746
48 106 11516833.28113837
48 107 20607456.213212084
48 111 7075352.605078667
48 114 9903552.85783616
48 115 33845499.83381475
48 117 20241257.68401168
48 125 39887479.21141125
48 131 8132168.604259925
48 133 1572856.6538724725
48 134 12939426.40639692
48 137 17389613.269420244
48 138 8076303.233161996
48 142 2117369.3898685975
48 147 30627299.27580303
48 152 17813677.489462554
48 154 5439105.563590562
49 1 274286580.530495
49 4 698137681.0919148
49 6 17068783.914787937
49 7 885567765.2894528
49 15 7375187.573886562
49 17 2009427.2146600026
49 18 8353392.593100858
49 19 189035369.60266015
49 20 7263356.270594231
49 23 2291288.997728718
49 26 2479045310.327836
49 28 1502193.068959281
49 30 163126196.0445304
49 31 2407934188.5330667
49 32 118130770.82652289
49 34 1654981.4551091772
49 35 51187597.693143636
49 37 26646906.56424255
49 38 181207749.16867158
49 40 203505477.47661096
49 42 397893.3410815631
49 44 61114314.84441021
49 45 74329256.56834154
49 46 1152650.7466310933
49 51 1851694566.305923
49 52 5977278.878678413
49 54 2672068293.6041594
49 56 284754487.17333645
49 57 582249.4433582317
49 58 21277343.362441536
49 63 43040035.14067012
49 64 986196490.0125114
49 65 219363872.68064162
49 66 12078307.744544216
49 67 712096437.378107
49 68 112950521.59219481
49 70 1166375650.326248
49 72 304848206.12889767
49 74 783593393.9589332
49 75 26520867.33676469
49 79 47291071.34710781
49 83 8412757.22358992
49 86 64059385.16935718
49 87 1080168.5598139942
49 88 16510975.229651453
49 89 13836981.509095592
49 93 1809557.7036305594
49 94 2328358723.285552
49 95 2411292.883471489
49 97 111521395.0085364
49 100 31967811.31968173
49 101 220964434.67601022
49 102 7641706.443413545
49 103 34974393.60866803
49 106 620883852.6553768
49 107 15406406.776428388
49 111 86709463.8425186
49 112 11514636.1629357
49 114 291245668.64654434
49 115 11851860.476507612
49 117 92356904.99737735
49 120 7003.24673845111
49 121 9850769.15193802
49 122 4580779.044934693
49 125 800677752.961346
49 129 105649018.75870016
49 130 13202833.59997492
49 131 9067711.301850054
49 133 684923104.6194332
49 134 10320727.737153014
49 136 13298194.420926167
49 137 263195369.8058509
49 138 789444538.6612687
49 142 2039036762.733927
49 143 2615633.3825181923
49 145 27636770.13675015
49 146 48045902.342695475
49 147 376557139.2242794
49 149 14259327.371775828
49 152 826569922.9444033
49 154 948159650.2855779
49 157 489436320.01968926
50 1 1677843.8409208867
50 4 17455845.374668933
50 6 2401607.400802948
50 7 6663022.971404712
50 15 2334522.557614749
50 19 3148133.098108723
50 26 16343831.87449926
50 31 1371959.6977919468
50 32 3278152.523285878
50 34 3240369.194134599
50 44 9584916.987909766
50 45 5706339.850298573
50 46 2442229.8853825526
50 49 10926387.987063639
50 51 2181441.161514431
50 52 106817.44145892649
50 54 525463.1115041642
50 56 7272551.17618024
50 63 2343422.280735524
50 64 2841513.1328246463
50 65 2193473.2933770153
50 67 4186560.443370401
50 70 11465058.467939394
50 72 6855947.238744977
50 74 18186816.153264504
50 79 616983.0447791347
50 86 121682.7940546193
50 89 9026764.910849897
50 94 8737989.525195992
50 97 1115861.7439407667
50 98 2975118.984247989
50 101 2028003.2662076845
50 102 2966783.7383147664
50 106 302332.3086529703
50 112 3584497.875010162
50 114 2492372.166661503
50 115 10189019.498863105
50 121 3689759.9716678974
50 125 1489677.257484706
50 130 1668219.5670024843
50 131 5532216.567181649
50 133 1842468.5782887288
50 134 7702606.662036731
50 137 4634.504699186353
50 138 4632044.931040986
50 142 2325088.131981282
50 143 710909.2681172672
50 147 2723986.442007289
50 152 8788413.837040508
50 154 8720819.651842337
51 1 2407578.437903055
51 4 427839749.12057
51 6 191020239.18213567
51 7 1463479974.3043835
51 15 2378411.993494258
51 17 1684528.5651867266
51 18 27169439.25333069
51 19 5108478.5514823
51 20 47414745.64484274
51 23 10679623.109660717
51 26 11464434744.471731
51 28 3673717.4817009415
51 30 319252077.2137548
51 31 4956079926.869073
51 32 113938558.52399707
51 34 780473.8299367924
51 35 468878.7900203308
51 37 17656539.53433146
51 38 29035143.194381718
51 40 1016348654.7344565
51 42 7240209.549325156
51 44 62894492.60421284
51 45 454329188.11203945
51 46 30378646.00040316
51 49 2257537344.6533303
51 52 8211690.739928662
51 54 5930492908.761312
51 56 216946663.36746806
51 57 3129647.77358168
51 58 39543523.117358014
51 63 13715050.2514701
51 64 210297225.32307002
51 65 215399897.29840225
51 66 4919931.083551795
51 67 213040845.78675178
51 68 877696628.3567401
51 70 75068421.32466777
51 72 2401946970.9677386
51 74 51053475824.79331
51 75 131523357.8609321
51 79 2700777306.847539
51 83 17516390.792153668
51 86 12511260.11827343
51 87 6364940.928176478
51 88 5258553.345869553
51 89 1300817018.8041775
51 93 39238916.41473938
51 94 1648133227.6802113
51 95 46289976.64582685
51 97 435737868.91569024
51 98 11013727.71872501
51 100 5782029.294522086
51 101 6912407569.403203
51 102 651777035.655113
51 103 246094.84084038847
51 106 984636608.2684219
51 107 10986414.98191023
51 111 5441375.750892281
51 112 4425227.307738928
51 114 1226337545.5267148
51 115 2391562092.025425
51 117 175778140.22813693
51 120 2850738.0357473083
51 121 2741395.65462839
51 122 4280130.69957601
51 125 1010020299.8422219
51 127 3724388.790253004
51 129 5973463291.662321
51 130 41730625.00727231
51 131 753771448.5542176
51 133 1404854106.3601382
51 134 17734048.530586306
51 136 2262569.251572641
51 137 2921215576.6313224
51 138 16273011124.86201
51 142 1660437821.1645124
51 143 571969.1534890017
51 145 34492111.87491337
51 146 391032313.9306206
51 147 789894093.0983778
51 149 5300437.325587465
51 152 31156382973.533253
51 153 23944765.20349563
51 154 31012870742.898014
51 156 1868377.8675799507
51 157 788860722.9810348
52 1 10204855.308858195
52 6 36250136.13389275
52 7 19041040.546183754
52 18 6795417.494067185
52 20 865333.9609550622
52 26 42067994.04757679
52 31 36868691.983310334
52 34 268182.5744695364
52 37 60204419.923849255
52 38 32369028.546472803
52 42 3072390.635703149
52 44 23496925.541601807
52 46 7502246.347544884
52 49 50682881.5508406
52 51 13971537.58094618
52 54 89122830.04207204
52 56 2249854.6650273916
52 57 344514.49971191457
52 58 7238865.89177876
52 63 6727955.959894535
52 64 12938967.073346265
52 66 518877.05584826873
52 67 24780311.289686408
52 70 23784690.96607036
52 72 98302297.60752328
52 74 49448604.383656286
52 79 171801167.61166638
52 86 37130826.40110531
52 89 58147093.25660556
52 97 22161710.183727995
52 101 13901843.699155578
52 102 7994040.2891850965
52 106 50048495.080224834
52 112 77460715.71527682
52 114 86782211.61405833
52 115 171946436.4392731
52 125 3822294.8058761596
52 129 127339407.85208032
52 131 13581075.643192578
52 133 34167433.35136559
52 134 4028322.024168968
52 137 121000108.36005686
52 138 21916439.48660394
52 142 43094652.644515306
52 143 5078220.251884674
52 146 34162585.160247
52 147 95260631.35316604
52 152 563049.1266574268
52 154 139469747.09771547
53 1 36655.307203228156
53 4 607949.1976782035
53 6 297387.44835268694
53 7 596396.1742005959
53 19 3434760.6984897554
53 26 1273508.5380837054
53 31 1021317.5479430634
53 32 137856.18560931625
53 34 1822935.3948757765
53 37 3218013.424975922
53 38 1618985.1947588495
53 40 2978452.994572301
53 44 609360.8574473705
53 45 4326968.408424602
53 49 8297604.883348787
53 51 913534.9470980443
53 54 1967515.4234727053
53 56 3589282.583073346
53 64 233673.40349125522
53 65 11142527.058279308
53 66 5336397.620337621
53 67 1309534.4201646242
53 68 1806136.4523826414
53 72 2473341.2125115283
53 74 791663.8511857918
53 75 8392057.131549768
53 79 742053.4831415588
53 83 2130360.2309161318
53 89 540852.0117136479
53 94 3151028.5937309363
53 95 1376346.558479013
53 97 2244180.094446637
53 101 3783760.2937545073
53 114 1468054.2863070401
53 115 1288035.5837122498
53 130 486190.5472843723
53 133 1330798.5581432087
53 134 2837305.674891862
53 137 900544.4684807057
53 138 376341.64822427253
53 142 1855900.826494688
53 147 7028507.13301295
53 149 359977.56946209853
53 152 346301.8254987058
53 153 474649.2345734075
53 154 4196406.0865073
54 1 332295576.9847423
54 4 188109887.4359378
54 6 2925770363.5005035
54 7 5558703799.901269
54 15 2077279.3041813527
54 17 900768.5170543282
54 18 17459132.102427647
54 19 1666249262.2336602
54 20 60912335.462600425
54 23 2098768.3188334242
54 26 6071949129.006393
54 28 791135.1583462532
54 30 13164948.918827917
54 31 357276183.6852179
54 32 17272779.558852855
54 34 1991088.4405592408
54 35 99031889.66021499
54 37 147571414.3722413
54 38 44340967.895617716
54 40 519246294.7417669
54 42 1239106.296368992
54 44 57469468.610675834
54 45 41561988.99670017
54 46 93218141.13568121
54 49 65528131.038009636
54 51 8985292193.673763
54 52 26243007.335802887
54 56 274783652.7802353
54 57 361393.81353193114
54 58 90536063.13236815
54 63 1620623.59931293
54 64 4436031504.795395
54 65 57671069.96332667
54 66 7887535.344692765
54 67 15790362.814855926
54 68 722940672.5499592
54 70 148806320.1113767
54 72 328104563.1535663
54 74 19958860576.31174
54 75 3328184.5980729903
54 79 10418270308.369375
54 83 3967137.447770073
54 86 297802.9553272888
54 87 3242413.235408297
54 88 8968681.904466687
54 89 2811651624.3975153
54 93 35523204.95982245
54 94 6353603965.692976
54 95 10327700.488978617
54 97 27127422.00458919
54 98 18184510.308976002
54 100 25865987.37159103
54 101 1025840534.8103751
54 102 143544847.67785153
54 103 19209270.018120117
54 106 3150245.7326201573
54 107 73653061.90109375
54 111 99470107.18918732
54 112 23728278.778149918
54 114 155617898.05138925
54 115 1153743259.6306605
54 117 260078127.6339689
54 120 1501460.0369790539
54 121 10210328.728873553
54 122 554482.2895340541
54 125 800846100.2537524
54 127 5929356.708345554
54 129 3751692528.462834
54 130 320343874.05580056
54 131 886649701.3154386
54 133 8007352346.141835
54 134 6436298.978063796
54 136 12976693.621140746
54 137 4786841315.807668
54 138 10036342827.43687
54 142 6790382365.060361
54 143 2736907.720969823
54 145 12660267.289923579
54 146 117409913.91251077
54 147 263293439.09918216
54 149 28858163.15572154
54 152 15631030359.357851
54 153 3014748.4556214395
54 154 60471316608.59277
54 156 1270091.2537881406
54 157 108294090.12718226
55 4 81807348.89005657
55 6 2360760.613950647
55 7 939714.3665050021
55 20 2879445.0257156
55 26 33384945.969050396
55 30 37253771.72411172
55 31 20520987.78887485
55 32 59133409.65905428
55 34 1134394.297410513
55 35 6283259.689541505
55 37 40033922.389598936
55 40 7585658.897262097
55 42 621058.9126460146
55 44 25013311.7714358
55 46 11192458.462904807
55 49 6310129.499845685
55 51 15138494.515478678
55 52 11195002.340222018
55 54 22734603.89073364
55 56 12831710.533215784
55 64 5397151.878880453
55 65 5414540.33171226
55 66 7831614.986549462
55 67 2385551.9769438663
55 70 36246981.92386467
55 72 79895693.64640655
55 74 67903381.48104684
55 79 7177393.27090696
55 86 6088762.338423657
55 88 4363353.986165866
55 89 1120025.2403978424
55 93 726724.5513498979
55 94 18090536.409892455
55 98 3539834.0295143914
55 100 12483777.40840317
55 101 23199168.163539268
55 102 31697394.76825984
55 106 4153348.547737453
55 112 20497801.710438155
55 114 107610.34462528198
55 115 16073155.729942525
55 117 16337844.278994951
55 125 29594747.758435126
55 127 4746752.9987669205
55 129 1415072.2798436494
55 130 47532413.76421355
55 131 24074170.130217284
55 133 54963773.91604101
55 137 54744407.49756721
55 138 6965703.302341589
55 142 29996995.5740359
55 143 678377.8600346051
55 145 13353841.752669955
55 146 11592121.342227638
55 152 94274859.08480202
55 154 59269053.667168185
55 157 1633882.020652233
56 1 108840083.24453215
56 4 56789877.13164873
56 6 28401103.552107204
56 7 8469023.04416267
56 15 8264481.139330793
56 18 8960058.906667037
56 19 155420241.85508877
56 20 30583911.313223217
56 23 1752319.1282171847
56 26 91543987.98053661
56 28 3298421.566264829
56 30 77222238.35178459
56 31 8116794.777996204
56 32 1560946.3488696548
56 34 5145789.714029604
56 35 43013496.25572613
56 37 32185632.48256921
56 38 13898386.497183261
56 40 189524999.43269634
56 42 324955.9001721587
56 44 70641023.76292896
56 45 30144074.074764136
56 46 25343010.334228683
56 49 20789316.11414436
56 51 569845977.6986651
56 52 25821435.33248129
56 54 358622623.92027354
56 57 5555551.678042078
56 58 1824826.4724192421
56 63 19891573.107377235
56 64 250297442.64520112
56 65 122597890.73613082
56 66 7455727.743222984
56 67 32530379.797688678
56 68 817071469.7030088
56 70 3966730.5054822597
56 72 156583849.62175623
56 74 173338648.405248
56 75 22966340.036384452
56 79 377144715.67372805
56 83 15522630.296829054
56 86 74185475.55736321
56 87 10560314.299303537
56 88 4453518.146786291
56 89 110986782.40390623
56 93 28066431.731572915
56 94 385196634.4886418
56 95 19024695.574221756
56 97 202966587.4385018
56 100 61061.355344645606
56 101 83264180.49478774
56 102 90879512.4500804
56 103 4953566.6310353335
56 106 86151490.4781907
56 107 36583992.28916953
56 111 23549908.71538703
56 112 69038445.71972787
56 114 4014664.150941242
56 115 183769532.63249177
56 117 107131415.10535374
56 120 2426090.682426847
56 121 1856023.3179817614
56 122 4058870.8072546152
56 125 79555427.00608265
56 127 1610427.979679957
56 129 109986647.85009356
56 130 53317708.97050467
56 131 136318182.6017662
56 133 223603194.90320823
56 134 13753578.050000975
56 136 11810564.07915849
56 137 48688589.03026048
56 138 56169646.13491731
56 142 206619734.91394225
56 143 4433024.821907169
56 145 759183.5422041739
56 146 4670959.747482308
56 147 313544186.6218082
56 149 28620665.195404273
56 152 70108942.37797348
56 153 11879598.433900291
56 154 323857213.39081925
56 156 931080.1054060358
56 157 250434585.90538347
57 6 367897.77369753545
57 7 265717.4908514579
57 18 679744.6226669819
57 19 27657.42911412132
57 20 136514.70451751706
57 26 167325.85391931408
57 31 65631.84455436053
57 32 523192.8792140537
57 37 987493.7911206288
57 40 127956.11193533234
57 42 451886.95417673077
57 44 516642.47901544196
57 45 432081.38683355774
57 51 319395.12345808675
57 52 48710.33909757996
57 54 53355.52150435238
57 56 675270.0993767664
57 65 1259365.0103454525
57 66 1318386.2472907712
57 70 152568.7427338303
57 72 268417.6177878838
57 74 187225.15932044198
57 75 44980.728574803485
57 79 581637.2568377529
57 83 25497.172176444685
57 86 763204.7276612524
57 89 359283.78631837084
57 94 505240.1687753764
57 97 427717.5311751613
57 101 16689.701369157963
57 103 283404.68804736924
57 106 92600.97725721746
57 114 161720.6722173186
57 115 103666.394385603
57 117 995153.3776255607
57 130 504176.3624458314
57 131 238687.92177721622
57 133 524315.8729347845
57 134 98855.3919395008
57 137 266109.7919592632
57 138 319612.61088455154
57 142 8514.256951425232
57 146 82355.19195743524
57 147 421997.54507469165
57 149 532949.3991655922
57 152 526567.4107011
57 154 499177.0695868324
58 1 50831941.750256315
58 6 25529878.331227306
58 7 94678997.771556
58 15 179530.5224582636
58 18 397727.7034186424
58 19 44676238.70976445
58 23 1594623.4901735361
58 26 85672981.89624313
58 28 1461254.4435133785
58 30 16117332.337014358
58 31 3376804.565069704
58 32 3418475.6073177843
58 34 8352177.279220324
58 35 1144637.9201632468
58 37 2450797.674926617
58 38 1496302.09737156
58 40 63152398.26768562
58 44 8102198.299383821
58 45 18430117.75738008
58 46 22913318.64820058
58 49 8621359.7391136
58 51 77198082.48716965
58 52 15600732.884416174
58 54 102153096.74164443
58 56 53701709.34810003
58 63 2308333.0178704527
58 64 3392072.4640114745
58 65 17090050.773447055
58 66 6535986.450215591
58 67 8211239.634432234
58 68 219905658.15563616
58 70 42168682.81231849
58 72 102693204.39582367
58 74 87249874.40963525
58 75 15430930.614309385
58 79 209570083.34578556
58 83 396521.8536367099
58 86 28181670.42770037
58 87 15455344.490386296
58 89 14303624.449632045
58 93 9439259.63307927
58 94 89554647.91299908
58 97 36511842.5423951
58 101 182617952.53539893
58 102 65751388.73428543
58 106 1008427.0010582494
58 107 18660728.686161857
58 112 45467116.29526033
58 114 211037943.1115103
58 115 6634467.488004276
58 117 62325901.948067926
58 121 925470.5054209757
58 125 50799171.58477906
58 129 11465648.667722447
58 130 5436774.753907886
58 131 159739329.90410197
58 133 22727220.69311572
58 134 17116976.838287927
58 137 603379.7520261195
58 138 192015104.10238793
58 142 95256552.01783516
58 143 660654.3071738279
58 145 1793394.6594278254
58 146 61527398.34356552
58 147 27205311.2887206
58 149 3152328.2777923564
58 152 46742351.513444185
58 154 12848550.944933455
58 157 939716.9538052087
59 1 19638080.140551746
59 6 33421128.99691113
59 7 42068448.14369819
59 19 58747728.40740756
59 26 17762362.703727003
59 28 539889.1173730178
59 31 1935000.438107799
59 32 6337177.163637387
59 37 592955.898617992
59 40 14152039.033325003
59 49 10452735.908811878
59 51 10439022.570932114
59 54 325788.4829423119
59 56 8132323.979070011
59 63 53918591.84165116
59 64 7231722.769498182
59 65 1091311.702987699
59 67 52036218.46988135
59 68 11011459.496992068
59 70 11824732.03716344
59 72 324191.35595023073
59 74 4251286.3588090455
59 75 18116941.630721074
59 79 11590827.550709413
59 89 2997376.0049432814
59 94 26587095.6898003
59 95 3966248.336015517
59 101 7296909.842367291
59 102 23988178.34514015
59 106 7526400.051622656
59 107 3070202.5007483982
59 114 28037219.92453234
59 115 38649514.69032504
59 121 691481.3903589894
59 125 20737135.29494775
59 129 2303516.9853551225
59 130 9587936.897177005
59 131 402592.10795728647
59 133 18427274.746508736
59 134 1380717.5424784212
59 137 4767978.393095452
59 138 16084925.094101138
59 142 16031450.632686116
59 146 11431219.886194097
59 147 5843909.974232416
59 152 13228438.136655731
59 154 50888697.44835969
60 6 1721208.9478941308
60 7 4188767.1543509057
60 18 2365935.6201216104
60 26 11163253.30760355
60 31 3802832.8704114193
60 40 1816766.489542294
60 49 4378320.642040183
60 51 11217463.077690924
60 54 5310971.93158748
60 56 496451.67305224796
60 65 873731.3694563109
60 70 5453142.724159391
60 72 3808827.636462676
60 74 3579654.706700185
60 101 6234768.384020945
60 106 6385832.2478666585
60 115 6494635.765812367
60 125 9435815.648450824
60 133 2567761.8574487967
60 137 2083823.049292757
60 138 1145640.21593595
60 149 4149294.3424050887
60 152 4380399.777790671
60 154 2035253.3149375233
61 4 519529.98232196114
61 6 24830295.77039972
61 7 5728213.377701822
61 19 9895617.840901751
61 20 11397624.418077724
61 26 21995492.78502813
61 30 11496270.208580658
61 31 3492250.799300903
61 32 14273306.308702778
61 35 15639068.918163838
61 37 137977.16537367128
61 40 10979127.793625984
61 44 6536150.702341061
61 45 3483996.1612214465
61 51 2097669.7618818735
61 54 18424998.332700115
61 56 11914666.067605639
61 57 70437.69332124047
61 64 8947783.286239842
61 65 1640973.9632263368
61 66 24302518.25984059
61 67 56603572.46140852
61 68 1887052.6561948494
61 70 884363.9304015682
61 72 11054850.126078328
61 74 2349364.657869641
61 75 4521468.459327622
61 79 13942455.778158251
61 87 3445038.3844486857
61 88 6655175.901200878
61 89 6273857.588997271
61 93 18918086.93239327
61 94 8560142.252369627
61 97 1380336.9747294218
61 100 16171765.98315528
61 101 12207577.803930042
61 102 12900044.829378746
61 106 2838003.1655464643
61 111 4603736.40103117
61 112 12490565.42512573
61 114 5818394.886231751
61 115 11929064.869113823
61 117 10452690.580984622
61 122 2324153.1741626994
61 125 100894.42144155204
61 130 2631857.702620987
61 133 13208767.667669272
61 137 5868933.912630902
61 138 4017098.990412062
61 142 15958192.714801854
61 143 1230006.2874683302
61 146 2967322.716757749
61 152 14080152.470518624
61 154 23254623.388547815
61 157 5758648.510150474
62 4 6464282.210439436
62 6 2823041.549469698
62 7 700239.5420906746
62 20 2422784.5861354554
62 26 218200.30184718274
62 40 2485904.8769326005
62 44 104188.18994247897
62 45 7162217.897473075
62 49 3106773.967583408
62 51 352856.62702478154
62 54 823404.0945298523
62 56 5555961.827263669
62 64 2034803.0720865566
62 70 10803926.824880943
62 72 1398169.650023078
62 74 1518820.5181460176
62 75 164918.00031138747
62 93 2818077.514081635
62 94 3087593.765866045
62 101 741000.3091221439
62 102 256404.19811378975
62 114 7638335.946060005
62 115 3821054.295208991
62 125 3711824.51384945
62 131 1125710.4058710686
62 133 8432299.417319024
62 137 2239531.0101279616
62 138 188395.91157521476
62 146 1451250.099726221
62 147 3665526.737000968
62 152 268641.7923628314
62 154 2075998.695466599
63 4 14995905.764723456
63 6 469951.4540779547
63 7 114794901.50830236
63 19 70027991.76005788
63 20 7105503.723744346
63 23 492521.17975193495
63 26 107973541.73299992
63 30 14658367.086350316
63 31 28249991.693380006
63 32 72879911.91517305
63 35 14681993.887766423
63 37 42531161.710478134
63 38 5877061.463674589
63 40 3255450.341394006
63 42 744216.122793742
63 44 28417791.696478352
63 45 93058462.78542633
63 49 5074882.258398056
63 51 49419426.97345734
63 52 2284819.246033338
63 54 11982304.864681492
63 56 12911619.10535578
63 64 124799184.96246393
63 65 6293365.564278732
63 67 22625376.223995738
63 68 18621112.32258722
63 70 94718116.28228535
63 72 25607783.81560634
63 74 40302145.56258583
63 75 9628415.59603926
63 79 382238.0515457889
63 83 6178337.763750578
63 89 75952268.33882305
63 93 806621.3114891707
63 94 19872782.52184784
63 97 21860273.919458147
63 101 24925894.604759056
63 102 17504920.40976076
63 106 18480221.21261681
63 107 34366814.44629687
63 112 42285044.62452908
63 114 21435033.38657557
63 115 70743546.07273749
63 117 59743164.608135246
63 120 256734.3607937196
63 122 542729.32075637
63 125 1872000.7265962819
63 129 1347938.193155302
63 130 34027205.82753198
63 131 12816949.41885175
63 133 25703694.68103005
63 134 3703056.793901704
63 137 21933681.255367905
63 138 2329044.159323162
63 142 568740.5794655656
63 143 2080378.0455298652
63 145 4866317.676031014
63 146 11878349.41667705
63 147 18749793.190888733
63 149 5349961.531847548
63 152 9683570.916961716
63 154 81350203.27864897
63 156 1746658.9819766455
63 157 8149916.88944602
64 1 255926717.24289343
64 4 85460301.13636847
64 6 708881934.601649
64 7 1449894101.9367805
64 15 17848769.162897862
64 18 1261603.0515663887
64 19 443919269.66945827
64 20 7406759.375017517
64 23 4826923.094059103
64 26 105620358.22286804
64 30 11785126.827908946
64 31 1255500189.3053532
64 32 41535021.03156281
64 34 1815619.6807661674
64 35 81093070.57040545
64 37 11733974.522499003
64 38 17365393.42115602
64 40 884191057.9357392
64 42 59585.39601400272
64 44 32358149.06283789
64 45 244273916.2579325
64 46 35349459.88835935
64 49 281970071.54373163
64 51 73095884.98093413
64 52 3262652.6361429268
64 54 2066916362.2863488
64 56 350374002.4305145
64 57 5351903.929684647
64 58 8404032.902111908
64 63 6779309.689970519
64 65 197523821.32603753
64 66 46850200.682548955
64 67 250629795.62568665
64 68 68362206.45256454
64 70 23635107.73442504
64 72 76504559.29435603
64 74 6703213933.00822
64 75 42159639.85623361
64 79 534992069.7599748
64 83 45824055.573914275
64 86 87077940.66225679
64 87 9493993.850132098
64 89 47472367.23763205
64 93 6261597.90564017
64 94 3622673032.0451255
64 97 143456790.63183114
64 100 754376.9270558005
64 101 3136677499.7138643
64 102 217755884.69735178
64 103 6558454.627571244
64 106 104630036.31807967
64 107 102870447.04119627
64 111 54793450.83780738
64 112 118843767.81315722
64 114 564929202.6016662
64 115 1667219000.446643
64 117 298708788.4409507
64 120 1738711.1642204449
64 121 3543320.0283736577
64 122 3045176.511049222
64 125 618956721.1294308
64 127 6661961.064604598
64 129 3542590741.2118044
64 130 101909877.51428086
64 131 108546248.402558
64 133 2444690185.46803
64 134 92677873.9750278
64 136 22103288.836238153
64 137 278009885.23818
64 138 424397995.9431707
64 142 519787180.56384826
64 143 8811472.348591523
64 145 7464442.327449261
64 146 62947912.4624727
64 147 807657810.5967891
64 149 1765879.062771212
64 152 1203895263.2333808
64 153 14133009.452226106
64 154 2662465476.3627577
64 156 4788014.649103404
64 157 269040539.63164055
65 1 13119728.734406525
65 4 237931938.11340624
65 6 109758660.80241603
65 7 136318324.05236518
65 15 296968.95893815916
65 18 53295667.04772798
65 19 29224293.390475143
65 20 41757733.543031074
65 23 698580.1198325957
65 26 100700621.10047053
65 28 1414831.7456133415
65 30 101156991.02277401
65 31 328064523.8645344
65 32 93342404.82630764
65 35 172324679.6471612
65 37 31854871.946972948
65 38 35827690.909286134
65 40 3138103.2740072133
65 42 1621673.337030562
65 44 8739195.0868682
65 45 5419707.448936241
65 46 40665389.482268915
65 49 47938168.97916673
65 51 89382347.78586082
65 52 26973280.093705397
65 54 1156872127.307087
65 56 431992566.3933376
65 57 1188015.3894267317
65 58 119180429.3557827
65 63 6966462.306603671
65 64 137752248.78264222
65 66 101064546.32621019
65 67 198932027.4321731
65 68 2400935.813684688
65 70 508104365.6712339
65 72 232072651.28267926
65 74 654843040.0394678
65 75 2626179.2318791007
65 79 308859029.72765774
65 83 4231758.019834183
65 86 77744467.75785726
65 87 3930547.9152096156
65 88 27350929.9956898
65 89 11371185.096304394
65 93 1895828.248894393
65 94 276665426.0749346
65 95 13374875.403680485
65 97 82239728.05963841
65 98 5716895.639470318
65 100 58779362.06866015
65 101 90460016.62138215
65 102 34382933.33904602
65 103 13251421.961624479
65 106 546335521.43506
65 107 27718186.552028354
65 111 8982147.390376136
65 112 10280782.526302703
65 114 265879245.32044765
65 115 83125476.41770972
65 117 56445701.35220938
65 120 3441960.962604954
65 121 1402582.404307862
65 122 1896877.50247703
65 125 25411590.903559223
65 127 5601872.905588824
65 129 112353782.343872
65 130 48006076.127331525
65 131 178053791.4631593
65 133 519035022.6267766
65 134 87732687.42906818
65 136 2137524.7627638807
65 137 166857902.28713265
65 138 65976745.87181339
65 142 66879037.26185125
65 143 6494767.694776467
65 145 369458.0536709227
65 146 122726369.13948685
65 147 9634370.734644799
65 149 7613115.580532304
65 152 259659035.5226272
65 154 226990479.4036912
65 157 164239462.45712256
66 6 2705489.3491877955
66 7 103003350.55116896
66 18 7444654.114314186
66 20 2265801.939648313
66 23 4494752.864718414
66 26 191250754.66393158
66 30 1418946.4423929404
66 32 69282471.5032303
66 34 5194122.729142394
66 35 9975457.659261754
66 38 10250171.116304278
66 40 2045217.2910170255
66 42 507450.15366606734
66 44 9023884.900457013
66 45 56947977.73165063
66 49 13446110.30578659
66 51 569931.8343737335
66 54 4946918.66256023
66 56 2118128.1932829334
66 63 3117260.727181017
66 64 25894640.40012463
66 65 71767885.56277171
66 67 36120718.17992633
66 68 29955906.323790796
66 70 10199664.91529671
66 72 28023871.053514957
66 74 2723766.5392280277
66 75 25112416.557276282
66 79 32932104.565270156
66 86 3178368.913845727
66 89 11410236.853700034
66 93 20264600.877522297
66 94 77760089.36400768
66 101 36976323.62871971
66 102 9196821.905942999
66 103 5983619.980895365
66 106 19031477.231861312
66 107 13905681.466600342
66 111 358296.4750660675
66 112 22732993.085600283
66 114 20186536.65716864
66 115 21231840.43399458
66 117 3535181.882439993
66 120 4549633.994015644
66 125 23144743.64232279
66 129 56542021.61562737
66 130 14348014.60592944
66 131 27375952.53012741
66 133 230105.07742772278
66 134 25148007.671241146
66 136 8391125.95308665
66 137 89280482.757711
66 138 68848939.3150818
66 142 9117077.69342608
66 143 625855.1108848918
66 145 3438551.875343167
66 146 16734604.157300156
66 147 22958154.53311961
66 149 1258332.6086347066
66 152 17897468.937610622
66 153 19130350.696163323
66 154 4074377.4414492156
66 157 16569027.80646437
67 1 166332794.34246364
67 4 71756534.8531849
67 6 224747100.00614622
67 7 2370698520.2314234
67 15 3425011.5982720233
67 17 1054309.9649348573
67 18 10932925.720286218
67 19 39323132.730408736
67 20 15009058.079750095
67 23 298903.41578173975
67 26 1316837783.7986908
67 28 5672296.636104799
67 30 326716619.03067243
67 31 75263201.97610697
67 32 667571954.6933533
67 34 538277.944266001
67 35 4837241.251189129
67 37 202295992.23349848
67 38 39402196.08573464
67 40 28242508.33118641
67 42 2186266.49884226
67 44 33390969.591440585
67 45 309114465.64013654
67 46 22258611.16769629
67 49 121438621.05877702
67 51 469391065.3292735
67 52 4160308.8899683985
67 54 119731846.03136803
67 56 65410389.96192076
67 57 313847.22285502584
67 58 70147028.9807436
67 63 3686180.6482279445
67 64 170998587.3790789
67 65 363206991.45194304
67 66 13077114.839242702
67 68 478142835.137171
67 70 460567995.4432181
67 72 251503499.14019582
67 74 2857772858.156995
67 75 35233201.59454916
67 79 110510808.99052334
67 83 31670782.125132564
67 86 37519849.201337904
67 87 1095178.1429702211
67 88 2432136.172342214
67 89 1085885043.8403234
67 93 623920.9465427921
67 94 1262592247.218714
67 95 29538879.067373812
67 97 18577195.846402355
67 98 1607261.6453481265
67 100 552580.0897270063
67 101 426732921.0300602
67 102 57853527.43882281
67 103 14398228.373713221
67 106 98010292.8676162
67 107 6414765.041848304
67 111 75745712.97318242
67 112 197480577.25543472
67 114 374351243.2379331
67 115 352133019.68186647
67 117 28654982.251600396
67 120 51325.91695178868
67 121 323354.76006064756
67 122 3271379.435907294
67 125 15745638.935825082
67 127 1213484.199453397
67 129 402882641.6201897
67 130 118586117.31946406
67 131 48192051.29013063
67 133 9763498.82881414
67 134 64834627.18057474
67 136 4000697.5443060766
67 137 1207595292.5432076
67 138 1167564768.206531
67 142 18675952.71962651
67 143 395804.99213110993
67 145 2085843.817637458
67 146 164113766.97650692
67 147 142451366.12264508
67 149 5926262.649178084
67 152 751031845.7031105
67 153 17097800.428689864
67 154 350739455.1605405
67 156 3146407.296414149
67 157 213062406.48849905
68 1 96714083.3248775
68 4 454379368.99504566
68 6 1724625082.399973
68 7 2289228271.745445
68 15 2481860.943913057
68 18 10243258.420888836
68 19 862725511.9603491
68 20 93318584.2253099
68 23 393674.40941321827
68 26 7867815122.151329
68 28 1854049.1419520124
68 30 433506699.78080535
68 31 80508822.98061493
68 32 752864406.0773766
68 35 3457029.1754202945
68 37 115672945.47120447
68 38 5986730.187512662
68 40 194746756.8688864
68 42 1756032.6367617792
68 44 25624269.972391997
68 45 333289318.95272195
68 46 88123203.61991575
68 49 414260534.61281765
68 51 793868677.9108638
68 52 6162435.040091209
68 54 2358657333.884062
68 56 548166652.1723005
68 57 755511.0528928679
68 58 71742733.61851539
68 63 16695412.82178299
68 64 1322824608.0734594
68 65 798899149.9487673
68 66 50480817.449509405
68 67 211231906.97134423
68 70 981476637.7147386
68 72 1633957238.955783
68 74 1224503728.4391794
68 75 33627505.74855514
68 79 1373168016.635729
68 83 2057152.5975650023
68 86 14865387.472244188
68 87 4893790.103663169
68 88 12594033.581780162
68 89 2487031567.6157665
68 93 11674879.664333595
68 94 321385544.02033025
68 95 37553902.8476651
68 97 137495727.57365045
68 98 23951825.551773693
68 100 55206597.825181186
68 101 883285566.4688448
68 102 193518881.06397137
68 103 16156417.949441766
68 106 148402669.18989986
68 107 31836665.09165297
68 111 14217616.417663254
68 112 75285095.24178609
68 114 229473784.03847393
68 115 169166510.24627498
68 117 289116663.3028647
68 120 801306.8055732717
68 121 8399392.659675695
68 122 1165961.682168828
68 125 359385604.2030627
68 127 568628.1479851967
68 129 1862350285.0873528
68 130 52489300.54637839
68 131 223157067.7192504
68 133 276315043.08795726
68 134 10043425.579225909
68 136 10010945.367264342
68 137 1011176128.1707475
68 138 1345269515.753697
68 142 281908203.99432087
68 143 3326829.2809884525
68 145 3744935.819922613
68 146 83291713.75707564
68 147 803290863.8757118
68 149 2902867.4329388947
68 152 2400709205.8930984
68 153 114042653.50955173
68 154 1119818463.4566107
68 156 3020716.3110549795
68 157 85313641.9773603
69 1 282464609.3684874
69 4 480553989.59043455
69 6 586312996.4121401
69 7 15816121.47274714
69 15 870891.0741126337
69 18 48705142.308962405
69 19 832385.2568896519
69 26 245773164.5621527
69 28 2386361.727112256
69 30 357445560.2684391
69 31 508774587.600137
69 32 263616461.09900635
69 34 13001126.799175924
69 35 4711345.319822385
69 37 68941611.27608015
69 38 33212699.338644426
69 40 85837086.75881836
69 44 90534379.6468618
69 45 28391039.778320864
69 46 87880090.21232957
69 49 327095607.3748542
69 51 215645842.7343243
69 52 33205057.003546298
69 54 817192302.4802929
69 56 840752366.6758394
69 57 644874.6289527375
69 58 110460491.80293821
69 63 3050321.315568866
69 64 340115996.92421186
69 65 209514306.63840297
69 66 17027948.99768043
69 67 821694982.1962622
69 70 148006052.68940127
69 72 182208014.38560465
69 74 314519509.5799283
69 75 10204138.15094874
69 79 669207131.1297396
69 83 45390618.77496504
69 87 4344724.474939614
69 88 7574133.774481976
69 89 1292453885.6670165
69 93 80995373.16766238
69 94 196333250.36334586
69 95 2075575.842897049
69 97 71864377.66917287
69 101 180972023.77206463
69 102 35288901.00655156
69 106 69042246.17209993
69 107 88626989.11230704
69 111 32183505.647716727
69 112 121432337.59612036
69 114 428373570.8061247
69 115 51761347.84439258
69 117 462344538.8357234
69 121 8602180.712715168
69 122 1396050.8681880909
69 125 35731895.79554714
69 129 118030742.88449758
69 130 27729404.87839369
69 133 212172572.13381374
69 134 29330051.35510471
69 137 515342039.7559464
69 138 1457890100.4619586
69 142 126556077.68706357
69 143 2322425.0395915913
69 145 16602087.690022072
69 146 154291827.98856008
69 147 144544512.38174638
69 149 4243059.940463607
69 152 1064039878.5741583
69 153 113454398.24046637
69 154 270022960.61658114
69 156 677661.0712140469
69 157 74176942.58475147
70 1 17751532.164854567
70 4 689944142.6308243
70 6 174641696.59348097
70 7 3659774.508233424
70 15 27393.45161665355
70 18 57295176.96770676
70 19 262818479.3758163
70 20 79074590.02878296
70 23 6354999.365361058
70 26 521966019.94504756
70 28 6670701.782245504
70 30 212215373.22340924
70 31 5133785981.252149
70 32 737622604.3213018
70 34 3603904.8950825147
70 35 15095374.215508671
70 37 114158855.62291569
70 38 27386107.98810349
70 40 415993131.335323
70 42 141676.6008653894
70 44 165277642.63745978
70 45 256368052.4198293
70 46 56118.81014283562
70 49 761262736.484877
70 51 35552395.684938855
70 52 13297840.74695208
70 54 1812693366.8716865
70 56 225820322.08942842
70 57 567347.025159961
70 58 10920361.417776268
70 63 30328845.233835857
70 64 39691180.18735888
70 65 11716689.76870052
70 66 2239051.212180986
70 67 280756502.2252873
70 68 1409351196.2771676
70 72 391235507.77939945
70 74 1142897142.606288
70 75 4020420.7042208198
70 79 1476980252.7042773
70 83 16856369.2280397
70 86 125925142.90850016
70 87 7663977.830681716
70 88 10345826.126740469
70 89 1110587244.0814714
70 93 12404580.985957148
70 94 111820615.01936528
70 95 4657357.983603388
70 97 187242724.0248219
70 98 19617473.876289763
70 100 63094325.45340082
70 101 451300543.5335015
70 102 750954281.8564025
70 103 6631762.988902926
70 106 136881839.17463428
70 107 20549739.749270383
70 111 24792673.763327103
70 112 41690492.7280368
70 114 197726410.46993244
70 115 81707251.75349997
70 117 76550941.30722134
70 120 1522874.0117937915
70 121 9677552.630925361
70 122 180518.29318143835
70 125 32525813.3329152
70 127 1735727.3185860305
70 129 117290325.32255523
70 130 10559333.943271954
70 131 1156462326.778072
70 133 76613034.61378886
70 134 18488200.511137147
70 136 14178370.53149418
70 137 689431787.406451
70 138 244989527.1313796
70 142 1238840908.5834603
70 143 1158042.340107723
70 145 7264816.692775342
70 146 45954865.37730349
70 147 142805640.79234058
70 149 2241388.32028552
70 152 674560573.506503
70 153 31223862.00385961
70 154 2839175754.0600433
70 157 7524897.244424375
71 1 215593722.14581332
71 4 977760827.9391537
71 6 753441957.8130054
71 7 473425487.46123296
71 15 1608040.8347937288
71 18 59605012.44346625
71 19 148910057.30163172
71 20 60583072.07468992
71 23 1412937.8735352024
71 26 281617811.42512596
71 28 952033.7170586461
71 30 585682259.9348345
71 31 1328761759.5581424
71 32 285140002.01106787
71 34 4514778.6195622785
71 35 22383489.52390294
71 37 186265194.6181385
71 38 7031468.573961444
71 40 27868880.569806747
71 42 875997.3202777165
71 44 63532648.06352622
71 45 57594549.1338347
71 46 8785966.64013951
71 49 48952016.22262734
71 51 783952766.2702492
71 52 6594230.270080027
71 54 81988640.9032588
71 56 619012569.1646065
71 57 706373.4576993294
71 58 34787720.449087635
71 63 17766750.879350774
71 64 348325338.5043815
71 65 375779.2590156815
71 66 25107345.896168854
71 67 36106569.88031279
71 68 99740502.10596335
71 70 64304825.05256671
71 72 384305858.1836168
71 74 701614240.8017377
71 75 68250907.31064053
71 79 261652351.93102002
71 83 6764374.67886523
71 86 22792530.9076961
71 87 5098816.514363482
71 89 76301774.45482533
71 93 11977202.600439398
71 94 236609766.29088145
71 95 14240177.455899173
71 97 24306708.035585973
71 100 41849129.300972395
71 101 169432611.39224064
71 102 230656181.1129091
71 103 15529680.210453533
71 106 4630268.550501914
71 107 39957592.337892905
71 112 42147710.090561725
71 114 64463414.02855986
71 115 361204417.84245425
71 117 11499124.28374807
71 120 1551653.785297916
71 122 733195.515198858
71 125 139377336.63591167
71 127 12022866.059181876
71 129 194342692.7925506
71 130 116919357.07027596
71 131 113935189.23548244
71 133 128089089.41863325
71 134 12430927.610429732
71 137 608237339.3832017
71 138 252079378.6245192
71 142 446736791.6346184
71 143 283555.34636043524
71 145 25857129.30485836
71 146 2213752.5116761997
71 147 19982428.71045751
71 149 5731288.639259285
71 152 440304538.151349
71 153 32078645.838130895
71 154 73452998.0083464
71 157 146864470.76749858
72 1 254325451.64391878
72 4 216854919.12989256
72 6 161377869.34669065
72 7 305858747.1745957
72 15 1472524.2069761853
72 17 3432232.728254157
72 18 2076089.0617760413
72 19 943875710.7583604
72 20 19317886.236181453
72 23 1570961.9134306079
72 26 4218962083.54157
72 28 831728.3927721176
72 30 14097667.820639232
72 31 23863941999.677624
72 32 392365326.73513174
72 34 966475.7158960777
72 35 65239889.182481825
72 37 60521219.092215784
72 38 80678251.63513154
72 40 66443685.22902967
72 42 177355.63130618102
72 44 29877970.73211817
72 45 23441712.138803557
72 46 33579783.47800286
72 49 248912204.7605728
72 51 1031611905.674984
72 52 9621945.183599647
72 54 33796777137.779922
72 56 599293982.3335303
72 57 2854492.34745858
72 58 24369658.109460447
72 63 7089112.496510748
72 64 1676020707.710359
72 65 113775164.91951138
72 66 47463181.8743231
72 67 1666370357.3137014
72 68 185927415.368797
72 70 146099988.49193218
72 74 25012479977.161842
72 75 67761992.7099088
72 79 17610704089.383118
72 83 10418116.346915087
72 86 6661479.649863284
72 87 8891878.705409674
72 88 11805421.132776024
72 89 8483957893.002495
72 93 19248082.08359289
72 94 260411808.51325268
72 95 26207908.080602262
72 97 34815815.28695704
72 98 1459213.7488073388
72 100 35544215.23614711
72 101 7800348231.049729
72 102 45636135.28361602
72 103 23182384.39607318
72 106 568617243.0179286
72 107 146495239.05945772
72 111 17034917.27139519
72 112 45979922.682492785
72 114 418467838.02287
72 115 55850367.89178596
72 117 96719248.77743204
72 120 891309.8863849991
72 121 10671705.031418135
72 122 1568898.3714872426
72 125 898514160.9642719
72 127 433534.7433846835
72 129 348929862.2207174
72 130 17492998.405387465
72 131 72926099.63778798
72 133 1533778915.8634007
72 134 13159174.142449662
72 136 1012737.4476505868
72 137 7312489052.265074
72 138 776871125.1444844
72 142 2696461512.137461
72 143 2637794.8593941885
72 145 24197618.153424907
72 146 7944640.477836228
72 147 1484921364.344898
72 149 8559368.962707007
72 152 6123481924.132442
72 153 154995226.38903424
72 154 8942252311.833576
72 156 153453.94475634972
72 157 32107401.295874797
73 1 17333431.355857417
73 4 10928124.911371272
73 6 18067051.640927903
73 7 6686511.927557203
73 18 4136334.371808414
73 19 1805354.8099441368
73 20 11355549.407323796
73 23 4269781.832556508
73 26 77921185.8920387
73 28 341185.97273902845
73 30 28041803.16841294
73 31 14027754.403005103
73 32 79177358.7438295
73 35 1490915.5058122023
73 37 8083842.65395222
73 40 61748099.059735365
73 44 6442456.994575238
73 45 3625822.208433258
73 46 18837094.71493419
73 49 80342071.0744705
73 51 49654955.96691313
73 54 45042815.15865984
73 56 28559761.333922584
73 58 7228221.303486195
73 63 558901.6992326354
73 64 5540367.389947713
73 65 14850901.78703648
73 66 2102014.8366393894
73 67 22754666.69332907
73 68 22095250.325715702
73 70 44364334.400950186
73 72 15386543.882014066
73 74 17664653.041707482
73 75 44152500.18271105
73 79 64137922.043971844
73 83 1470224.2199416114
73 86 617189.8343999535
73 87 25349771.306696855
73 88 8514090.284883182
73 89 64340919.3915811
73 94 4036358.279171994
73 95 19393631.15513353
73 97 33786313.797213934
73 98 14678136.10161745
73 100 2159924.962421063
73 101 12213240.340068895
73 102 36656993.946725436
73 103 10988737.381662533
73 106 26725951.62166477
73 107 48764891.40130821
73 112 14095209.432276718
73 114 50036704.95890344
73 115 88272413.6353229
73 117 11344164.98232056
73 120 3587944.258735238
73 121 2205314.30930891
73 122 1186794.94699405
73 125 22123683.607431214
73 127 5860631.252650718
73 129 28630917.608907737
73 130 3157503.402329813
73 131 134729997.58192873
73 133 27973401.03399986
73 134 3698433.8802778115
73 137 12761283.866249613
73 138 72118840.88730368
73 142 22233201.930840217
73 143 3867304.8826261386
73 145 1305331.5757736731
73 146 9865633.848542405
73 147 8744394.766439432
73 149 1891402.9361640757
73 152 18836436.23210056
73 153 44015050.09906287
73 154 104950707.09784922
73 157 8756802.463013506
74 1 122566925.84885667
74 4 200072957.7104465
74 6 3010805857.5061994
74 7 1819551031.6045494
74 15 401686.0118643674
74 17 2217162.1131579885
74 18 10152695.318765081
74 19 2701670214.8671594
74 20 12003130.817650238
74 23 454503.66558413213
74 26 883235071.1052477
74 28 767073.8473069275
74 30 179297910.42385948
74 31 3124525745.9591937
74 32 66402029.909384124
74 34 16228683.635702379
74 35 718332.9887934664
74 37 121897200.55081587
74 38 55973502.879403286
74 40 349639534.0875196
74 42 501619.85668996425
74 44 233938570.22505432
74 45 33174013.301194128
74 46 39885122.62860548
74 49 43644334.77071691
74 51 50532653471.38293
74 52 11997976.164958473
74 54 94721214073.49121
74 56 58310503.812307365
74 57 54807.77693018163
74 58 61157001.35495364
74 63 112220702.28867616
74 64 2272190904.424843
74 65 310177147.89888304
74 66 2754008.1032954
74 67 596302438.2290386
74 68 383461185.72466195
74 70 78322823.27129273
74 72 22569502079.408035
74 75 21254089.762676723
74 79 16513391534.460594
74 83 17700869.949859962
74 86 27812581.667792905
74 87 333129.760604987
74 88 2060286.1867582975
74 89 472988022.35737914
74 93 15920049.767678391
74 94 4056481731.923792
74 95 7623839.712497874
74 97 284906789.19204104
74 98 2463591.7890287125
74 100 22442109.488785565
74 101 148711610.0099685
74 102 204800907.89825258
74 103 28088642.359030567
74 106 678879835.0091181
74 107 116389835.8953565
74 111 100037213.5599371
74 112 54820111.02551403
74 114 322567848.0831744
74 115 481654118.2445398
74 117 83840929.44103916
74 120 1386305.7581376864
74 121 32724.806818127316
74 122 1915993.1043563103
74 125 189910848.92646894
74 127 224487.57138400714
74 129 2295061754.0272245
74 130 21278694.830619376
74 131 26033958.78530855
74 133 16219811786.625256
74 134 35889496.3811594
74 136 18894460.3502313
74 137 1117549013.0972872
74 138 4839092416.848839
74 142 352562404.04987955
74 143 4853548.186098984
74 145 27593232.432886947
74 146 227745569.7750723
74 147 1421504625.4223535
74 149 2504357.7746431185
74 152 11024800656.036295
74 153 41964748.98080938
74 154 98484015353.3823
74 156 3063369.5201456044
74 157 1050546068.2709285
75 4 9848763.651256636
75 6 878035.6400610929
75 7 1235657.4733370596
75 15 2044481.7496624382
75 18 2989592.469839458
75 19 6404191.65626183
75 20 12332065.244746914
75 23 571837.0018011521
75 26 1387160.4266337673
75 30 1297324.1325466894
75 31 5397015.068179983
75 32 28523625.740720846
75 34 6090959.0162073895
75 37 21357520.422654226
75 40 23344798.07284457
75 42 487550.3133260728
75 44 9564021.86619576
75 45 1434069.864313235
75 49 4646100.350541095
75 51 7313103.358291956
75 54 21868121.937768813
75 56 2327739.2490659603
75 57 3836874.153921203
75 64 16488525.249260975
75 65 5968722.6896957755
75 66 2054174.2520041135
75 67 11391013.258546986
75 68 2613134.9074536283
75 70 6990203.642392441
75 72 653663.5560091344
75 74 5791054.710557172
75 79 18421265.17003439
75 83 484474.13897296577
75 86 516683.9511711124
75 89 12785588.8035843
75 93 1813869.9469882874
75 94 2034444.2505164596
75 101 17582654.904192366
75 106 7552580.800200854
75 114 12697333.17276302
75 115 6016968.232226495
75 117 15516748.827819353
75 121 280093.7877164171
75 122 7148077.35485696
75 125 17916965.105285313
75 129 641075.0915611909
75 130 86482.62263900877
75 131 10495520.284489714
75 133 2396247.2566633
75 134 12147923.431168204
75 136 7697879.3949503135
75 137 7185453.089746026
75 138 18384565.610438086
75 142 1556943.4858531982
75 143 6263870.756229938
75 147 23267650.06207949
75 149 804393.8049876962
75 152 3225839.4280049345
75 153 2497488.772294578
75 154 1286843.7503368082
76 7 120988674.04655486
76 26 25545721.326614838
76 31 533457.4418415787
76 35 40779284.70567446
76 37 36052667.58358176
76 38 28637675.145021085
76 40 8293481.096876387
76 46 9457873.50283524
76 49 29944572.98976865
76 51 45669162.226774395
76 54 16161081.658700654
76 56 18088451.799626
76 64 26326062.725795396
76 65 2223587.079324546
76 67 6548620.764447623
76 68 3083830.53302833
76 70 71558014.37184604
76 72 28389151.1754564
76 74 17592362.985482674
76 89 21973587.31143397
76 94 2589791.143581109
76 97 17514598.316669464
76 101 1731103.2379512922
76 102 24990750.614793643
76 115 34955846.71914785
76 117 837061.3359237671
76 129 19734537.64232655
76 130 125140542.56201458
76 131 57272581.10339525
76 133 1903811.0493615984
76 134 4949384.01555843
76 137 28115912.532167602
76 138 211291249.12927106
76 142 52023037.72796276
76 143 5165301.4893443985
76 147 26036040.640147075
76 152 463190.3386888774
76 154 5879704.731454347
77 1 12905826.865097446
77 7 33012899.779604305
77 15 163793.14181450623
77 18 27060043.317748223
77 19 11646583.51437796
77 20 2598188.529216363
77 26 2547286.510246747
77 28 906882.6993759766
77 30 7852057.136041288
77 31 38250618.43153985
77 32 23270550.568813216
77 34 1237035.8248192477
77 35 23053744.559898373
77 37 1465209.551741358
77 38 2663933.5330412
77 40 55910598.49840184
77 44 1575612.2740505806
77 46 33125945.48558307
77 49 12859255.55014744
77 51 41934301.71935875
77 54 21196300.020868987
77 56 69862957.10814773
77 58 1744188.2986990637
77 63 1728954.9497127074
77 64 17114799.08425948
77 65 165638.9920935112
77 66 6594046.612305988
77 67 1320329.5083254974
77 68 7051863.443560115
77 70 1508765.067364147
77 72 20839304.70806382
77 74 18984399.329529215
77 75 1624989.904846018
77 79 13996106.255375724
77 83 13672290.366294047
77 86 6909935.922724148
77 88 2846127.4233320956
77 89 1629976.9639160412
77 93 4043029.270171486
77 94 40603065.31667975
77 95 9683351.79435924
77 97 15936995.968810821
77 98 4102834.207871531
77 100 25314481.878580876
77 101 7028887.112680858
77 102 33556025.36244628
77 103 7873835.434211518
77 106 20531683.16187921
77 107 16296087.62226459
77 112 2813755.4939366146
77 114 14159723.938080503
77 115 29575892.247178458
77 117 13571742.198599553
77 121 211170.52594172166
77 125 3100033.1330041084
77 129 36917415.03520905
77 130 44462909.00041335
77 131 21342900.806747466
77 133 20020353.713238463
77 134 31666798.98081028
77 137 29607592.57957985
77 138 30610111.041571528
77 142 13825858.646545965
77 143 5894866.136014879
77 145 2722210.6310769273
77 146 284077.82075880707
77 147 45389425.888305426
77 152 8557742.79388577
77 153 88855249.20418589
77 154 81826934.09334639
78 7 74273.39875357227
78 32 12968.672522486506
78 51 994.37502735009
78 54 589665.2636142281
78 64 657642.3122921895
78 70 1640142.3053946665
78 72 118118.68983735533
78 74 1686951.7823262129
78 101 756950.782562182
78 152 26241.00976498758
78 154 395822.42785378103
79 1 33107742.113324285
79 4 1372880465.1745768
79 6 895141500.3453733
79 7 3309657253.7137513
79 15 517333.1276046566
79 17 704841.1274930304
79 18 50602116.462088235
79 19 168441805.86289027
79 20 1731920.4655472087
79 23 492339.8478945083
79 26 3127302341.4071574
79 28 7372090.322966836
79 30 12728790.949700147
79 31 10686913973.446253
79 32 413240320.09556276
79 34 18698.179655781314
79 35 59063710.54124455
79 37 5250542.102824375
79 38 58997166.13480869
79 40 865134205.7740788
79 42 198412.0422046989
79 44 136918295.89219543
79 45 266918911.04912248
79 46 58541462.57927936
79 49 102045017.04579218
79 51 2319981239.5554824
79 52 13999930.797538405
79 54 2112930549.733244
79 56 409086034.0634181
79 57 1724264.7194968986
79 58 20705827.68818867
79 63 29061811.644053333
79 64 2084032277.3821468
79 65 117916222.39105956
79 66 16375862.887134599
79 67 172793811.16212025
79 68 1320865033.325695
79 70 586318310.1109222
79 72 2900923345.2304726
79 74 14465003175.436657
79 75 13491955.63554996
79 83 6622482.667009207
79 86 13202778.329565946
79 87 20998288.522749633
79 88 1494405.3719559186
79 89 2378073568.135787
79 93 2088063.4765712149
79 94 358885470.4927529
79 95 2637914.859252058
79 97 156490996.8094533
79 98 9940934.634838281
79 100 70131748.70386435
79 101 410550905.6131957
79 102 83578724.02897337
79 103 15525844.695506463
79 106 1237095105.4642901
79 107 34098960.208058275
79 111 2319141.19686964
79 112 204143762.92042425
79 114 734691475.073515
79 115 3540593736.873314
79 117 43335055.21052589
79 120 598450.0736689847
79 121 757428.9170011131
79 122 104155.12412257867
79 125 1505670783.9823244
79 127 1169369.1917865355
79 129 3495359577.6282673
79 130 57122583.11861189
79 131 214452041.58484116
79 133 165165732.93894127
79 134 8463870.952252029
79 136 17081418.688507363
79 137 1274942352.765538
79 138 2379880563.835595
79 142 253113725.56585112
79 143 12313335.173687357
79 145 7721601.273724651
79 146 283532463.3844505
79 147 40025791.073618524
79 149 1310151.962724627
79 152 239541001.27522433
79 153 49416533.08699946
79 154 3341649633.5992923
79 156 798905.145740755
79 157 18398088.277613755
80 4 124452344.45513116
80 6 224775573.7697191
80 7 63701212.74744093
80 19 212980568.97930256
80 23 5109109.255300302
80 26 787604798.0441843
80 31 214972773.77294266
80 34 619462.1561621722
80 35 4596586.610556795
80 37 143672082.0791185
80 38 44064985.60577091
80 40 307992551.5816633
80 45 76879873.72468567
80 49 414268989.1661785
80 51 115117906.47754382
80 54 58870872.958948635
80 56 112677368.61015512
80 63 22332662.23738735
80 64 20696519.74144931
80 65 72091398.4216764
80 66 2230132.7609389746
80 67 161749489.0127502
80 68 470165637.5589325
80 70 161341557.8653182
80 72 499911832.09854674
80 74 19191665.441318717
80 75 77556783.3528898
80 79 16476173.316498546
80 87 1804931.8948912527
80 93 49831724.698251985
80 94 1019524043.214997
80 97 251634985.23723122
80 101 264440453.9916373
80 102 56963025.92319109
80 106 64360570.06382608
80 114 298154675.74639827
80 115 163317605.07692915
80 120 2334226.7425563885
80 125 164358612.24610344
80 127 4860347.201422673
80 130 68516002.81565087
80 131 173966174.0178952
80 133 204110116.41286355
80 137 10400513.048723653
80 138 707095590.6262081
80 142 76413521.34126431
80 145 3091560.292954107
80 146 28653429.300446805
80 147 73980749.7227566
80 149 3598164.414433652
80 152 1247769297.463098
80 153 23778509.82015258
80 154 70939952.35111362
80 157 19382838.865718342
81 6 3542488.895907549
81 7 3457640.457109877
81 19 2023690.8448260934
81 26 4394147.56555435
81 40 195312.33016212896
81 46 5206991.221166224
81 51 15455432.923873316
81 54 164088.44884088053
81 58 2658114.533522681
81 65 668076.548572399
81 67 2553068.995868775
81 70 10865088.083067583
81 72 12312264.196201228
81 74 7153323.866000462
81 75 6678704.311654276
81 79 3649608.338260506
81 86 10114406.600185866
81 94 1576446.8242547908
81 97 3033822.2686118498
81 101 1200950.290738855
81 103 716417.8663639802
81 106 2758469.861932554
81 115 18790702.41887383
81 117 808229.0520549426
81 121 1855774.224075501
81 130 4155610.77115153
81 131 2979663.97321394
81 133 877740.6842413062
81 134 2691395.300514397
81 137 15301807.252176348
81 138 1241405.9561182284
81 142 181432.5747454876
81 147 4081090.682504009
81 152 8600561.78753538
81 154 9476894.218265606
82 6 1723740.8519956407
82 7 4872411.294343774
82 19 189117.40153557764
82 20 5179009.721884995
82 26 13819974.769985884
82 30 5112631.105775341
82 31 15340369.167424314
82 32 22629878.3809763
82 40 711785.1020128104
82 44 5726171.494045714
82 45 1737973.1917626786
82 49 4924373.238682998
82 51 1517509.4107842615
82 54 1386189.996873798
82 56 2332325.5922756246
82 57 4023051.522730882
82 64 4970936.064426778
82 65 3399021.8306367695
82 70 2843351.538587581
82 72 781499.9738393652
82 74 967102.8925743024
82 79 11335264.803539341
82 88 2235697.723967358
82 97 3161793.866856752
82 101 2745500.6201220364
82 106 5725878.070780878
82 111 5468539.6649056645
82 114 3010240.2126039076
82 115 7048648.036484802
82 117 366682.8694776614
82 121 148470.70318359803
82 131 799406.3979057985
82 133 12233886.890062265
82 134 4935372.758480094
82 137 3021204.0043298644
82 138 968483.604008999
82 142 9263608.368059434
82 143 3360426.514547949
82 146 173653.5943186015
82 147 8190126.643057107
82 152 17623276.54759753
82 153 2292042.713715054
82 154 1409199.14119749
82 157 2886243.123228463
83 4 46002054.09918965
83 6 93192195.49914011
83 7 103245482.504555
83 19 76745276.26446721
83 26 20921745.924695976
83 31 3595127.313856569
83 32 52497678.408676334
83 38 36426320.08959453
83 45 23759404.81830849
83 49 42903413.34587112
83 51 87131151.94866632
83 54 13988958.553225588
83 63 6021046.631755437
83 64 64733854.22863089
83 65 2269368.3666403415
83 67 195977725.3797516
83 68 1129283.1581463416
83 72 24269083.743776962
83 74 35481151.34618334
83 79 19643621.20520085
83 89 979128.4985491342
83 94 56893114.162546754
83 101 128641179.62597668
83 102 44900606.78632938
83 103 3478455.3734238273
83 107 4071673.852618321
83 112 20363225.096368026
83 114 26847587.100315727
83 115 34943289.060345285
83 117 27140003.203540035
83 130 9957575.498655157
83 131 138434600.3732062
83 133 27604209.046297453
83 134 47142260.86614965
83 137 74673896.85899457
83 138 9813478.749992816
83 145 1648026.8049549866
83 146 35870752.643306404
83 147 18576047.605420522
83 152 23723324.78197142
83 154 2897403.3305147854
84 1 36108795.62600929
84 6 17274232.630341623
84 7 7276988.41215119
84 15 3322260.86106318
84 18 1437597.9129579791
84 19 4192194.8878174415
84 23 780700.2104666294
84 26 4064602.882546073
84 30 1107356.1975572472
84 31 28682667.184354693
84 32 16000759.380202731
84 35 1532552.9039778933
84 37 7771016.211840228
84 38 5958478.886497805
84 40 289458.30912361934
84 44 6871932.97839303
84 45 2406391.886885298
84 49 11981330.10825159
84 51 2980416.7270315653
84 54 7731794.199052412
84 56 9917530.578526797
84 57 1186735.9405493687
84 58 3487487.7471440276
84 64 633710.7921459067
84 65 1891197.8453077902
84 67 2996801.94414907
84 68 241836.64884269613
84 70 12278005.750346398
84 72 6720427.581908245
84 74 7431009.44676049
84 75 15349766.322994607
84 79 4792629.520230997
84 83 3501815.79338421
84 87 4787495.920494755
84 89 1222004.6997495636
84 94 14719885.307394736
84 97 16760731.801943338
84 100 855626.5764064904
84 101 7037739.491775936
84 102 14223329.236229148
84 106 5384638.648306059
84 112 8052788.559765015
84 114 1084735.0933334362
84 115 5971865.900006102
84 117 6506449.412617458
84 120 1863583.0192469738
84 121 682301.3083114215
84 125 4366809.61359746
84 127 632659.5112877995
84 129 12270452.86372614
84 130 6316830.474931945
84 131 1988912.2306238874
84 133 748018.1860985467
84 134 232872.12863889115
84 137 13660972.954941811
84 138 83088.3786758156
84 142 3726949.163821209
84 143 3785795.1337407427
84 145 3886314.562513665
84 146 11678457.587105837
84 147 6740188.469363019
84 152 13499511.739396257
84 153 867916.4369443898
84 154 1366229.5746163432
84 157 31767527.565494515
85 6 388720064.74157643
85 7 19350667.06480826
85 19 65161417.21588084
85 26 345043884.6225177
85 30 202072231.7460208
85 31 184072859.54535663
85 38 5561155.095595071
85 40 3272002.501681358
85 49 4860951.157485369
85 51 116302206.82524493
85 54 519422679.75731075
85 64 38794451.91716065
85 65 40699505.13603292
85 66 5158400.238425849
85 67 316668596.45315087
85 68 376359907.70900273
85 70 290667723.28591186
85 72 4341047.2557270685
85 74 35080450.64523954
85 75 421107.81159642164
85 79 314651625.7470029
85 83 88880.52966817722
85 86 14757464.552535275
85 89 300925129.4783068
85 94 87824448.60954411
85 97 54595009.60032542
85 101 183185390.28103524
85 102 336232292.5630954
85 106 322937108.5042517
85 112 179512907.70262867
85 114 2826607.750909631
85 115 83786991.16368334
85 117 18537673.285682674
85 122 623774.8068263725
85 125 60758857.817177184
85 129 400444641.727369
85 131 110504246.61522162
85 133 445191167.8806711
85 137 224890563.75868782
85 138 9067593.523397539
85 142 43213668.53627473
85 145 10453184.120561657
85 147 137376594.33825552
85 152 261154467.1637101
85 154 533644241.94626546
86 4 74348807.49888767
86 6 1309516.8490056205
86 7 100664391.32733527
86 19 2397492.6581980535
86 23 741301.7130193309
86 26 2995914.894302425
86 30 11506783.871458955
86 31 44273492.683625095
86 37 28181686.42575838
86 38 3105059.13186217
86 40 2166499.6680385326
86 45 6754802.608054316
86 49 33547882.4263566
86 51 8076173.827332595
86 54 46741561.49999173
86 56 14665965.829365505
86 64 20618723.705594033
86 65 19554665.021486122
86 66 93089500.09741226
86 68 10402125.399140714
86 70 49395163.61485008
86 72 116676952.32073492
86 74 9935322.458567154
86 83 20511054.071037546
86 89 15875117.022760881
86 97 18549761.312272023
86 101 17491671.542075526
86 102 56268003.1901679
86 106 1133223.7522645143
86 114 11825495.324763773
86 115 726139.2727020811
86 121 1917644.3899426493
86 125 22973864.148488887
86 131 2680804.189211526
86 133 33222693.083312057
86 134 100598955.3856149
86 137 26464993.982154004
86 138 15904795.842234472
86 142 10745060.041366043
86 146 24629537.477301445
86 147 12419924.565300617
86 152 14980828.868843762
86 154 11079530.05254894
86 157 5049162.977386768
87 1 6037726.677596705
87 6 1126279.4517682898
87 7 37213055.400283135
87 18 1266120.370202914
87 19 1125674.0134016185
87 20 519899.00770501
87 26 8707141.801817639
87 30 3076336.5411751345
87 31 26086073.407024108
87 35 20887022.911984555
87 37 743331.6982227359
87 40 8521432.43348057
87 45 1932446.9251982106
87 49 3789353.5210600356
87 51 6880360.3774071075
87 54 2908133.4326221417
87 56 5539493.346929431
87 63 910064.3253878381
87 64 21495243.064606585
87 65 14735360.689446134
87 66 16340747.044286937
87 67 2025061.2684605885
87 68 12263029.386518873
87 70 485989.16062406567
87 72 3071150.6582274702
87 74 32051707.142082583
87 75 7601333.40362794
87 86 15548791.756646313
87 89 21333448.79508837
87 93 337638.0353799883
87 94 8505361.307148324
87 97 15146901.508215342
87 101 2496984.1518589496
87 102 6730809.162098861
87 106 9009424.267791413
87 112 12732439.09169721
87 114 15218012.057960784
87 115 4260650.538203625
87 117 24008527.155888155
87 125 19459525.10239407
87 130 6059169.141350547
87 131 6886281.599079248
87 133 11054556.549421245
87 134 2576275.0317717763
87 137 5143534.110588498
87 138 21261840.754187476
87 142 8662136.834474685
87 143 2589750.9951583412
87 146 9785335.045404602
87 147 9534797.80839312
87 149 2976050.0937789474
87 152 26431974.79205412
87 154 39829943.31027222
87 157 2262456.6526235105
88 1 21061282.273066442
88 7 14490588.685041726
88 18 1763538.2497382024
88 20 10070865.90143184
88 26 44709639.63479614
88 31 7186027.088823991
88 37 11660504.793868236
88 38 13184842.598413477
88 40 1790739.1548364658
88 44 5033186.911223014
88 49 9255804.69088426
88 51 12493020.229099596
88 52 8522257.269896518
88 54 84763739.61439328
88 63 383204.7246323534
88 64 7075787.178346403
88 65 3833562.627076905
88 66 12077458.763189044
88 68 28985874.70710291
88 70 16200101.013257246
88 72 2677226.42186977
88 74 662725.1512283011
88 79 3500912.5229546838
88 89 6431239.57065959
88 94 3148705.665294762
88 95 10595741.675164057
88 97 8354526.839440514
88 101 9660281.570378974
88 102 145895.50903386774
88 114 5394580.2730087675
88 115 7772312.650476871
88 117 43270719.94218116
88 125 5573948.973220129
88 131 6774.909089370693
88 133 13784568.466478657
88 137 6308935.131436539
88 138 24862395.626620103
88 142 860577.1825667667
88 143 275820.6333727719
88 146 23744728.344959654
88 149 8365224.09171983
88 152 3486993.3852857933
88 154 15219450.551202185
89 1 19647771.386768058
89 4 485231206.5438315
89 6 96199075.53910531
89 7 2563464202.866165
89 15 5623259.490918362
89 17 5832916.614288654
89 18 9706729.677012475
89 19 234392722.65569118
89 20 43515117.83679039
89 23 11741606.410914063
89 26 195240859.04477564
89 28 904676.5875977068
89 30 111359745.00712359
89 31 1503923309.659868
89 32 175917575.43312037
89 34 4058398.689752294
89 35 27092737.479699932
89 37 32017961.21210759
89 38 50331636.039704986
89 40 211122483.53618515
89 42 2285444.8187431004
89 44 18734638.64386591
89 45 280635505.46329355
89 46 11377793.847800437
89 49 641360038.804761
89 51 957763616.8924928
89 52 10850235.615278505
89 54 3088029656.041671
89 56 34834730.616950534
89 57 3577306.733805926
89 58 80490540.78558166
89 63 27295298.257616933
89 64 5664955927.942058
89 65 100444470.21391517
89 66 6957276.953005545
89 67 736414182.0722332
89 68 2444676694.670227
89 70 2842930035.7072744
89 72 297866581.15213066
89 74 17024970545.578947
89 75 42283946.18331762
89 79 7712192812.969787
89 83 29224267.256732516
89 86 991907.928601121
89 87 2073587.112867379
89 88 15024359.110594468
89 93 6490926.602481981
89 94 2187835388.501838
89 95 18297871.338834587
89 97 159701331.21054256
89 98 3788261.350376558
89 100 16589640.917049406
89 101 3044993510.9519606
89 102 175438253.92387033
89 103 9178346.795794485
89 106 872997772.8601416
89 107 47524994.872239284
89 111 16536002.197612822
89 112 246023971.26423764
89 114 686963511.9163312
89 115 620897791.4932851
89 117 239360224.78391808
89 120 1923265.3713982299
89 121 11825223.230510527
89 122 2740218.447062938
89 125 1001930623.2823232
89 129 757174189.7572786
89 130 104436453.1498921
89 131 1750908788.0618002
89 133 1543480569.5424008
89 134 8320424.662748799
89 136 16855196.438345358
89 137 1301950859.9746077
89 138 1729375774.8103929
89 142 1881831896.7088957
89 143 839450.5933218204
89 145 9755344.96167578
89 146 24388204.242298085
89 147 111105716.39366896
89 149 7583821.487344027
89 152 1909351772.842864
89 153 18200798.37290144
89 154 1519286112.078954
89 156 3601101.3007358587
89 157 77127582.28622703
90 6 783841.1753652758
90 7 6024412.301211078
90 19 4278909.897347414
90 20 4147268.9206387587
90 26 2050411.8949872595
90 31 2798888.5910675805
90 37 2136742.246883135
90 38 2116296.2948574433
90 40 1559384.534822093
90 49 3379794.653075385
90 51 349305.00872669
90 54 2596762.0512902164
90 56 46553.83438640738
90 64 704890.6918941537
90 65 2506777.5768265137
90 67 44182.414195265424
90 72 1856878.538908197
90 74 349950.0179575696
90 79 2396991.33565466
90 89 4189948.572564317
90 101 785266.7428912021
90 102 3380039.25764876
90 130 2076571.4339826284
90 131 1392289.9961708393
90 133 3237035.481980398
90 137 9417524.87586054
90 138 4012137.3646566966
90 142 1889096.6983588063
90 147 2917277.7312814184
90 152 4475374.957938957
90 154 5962343.501403458
91 4 4708415.863445381
91 6 6562452.232590055
91 7 834902.3641857048
91 15 8107397.783176592
91 18 11846807.100329762
91 19 487517.9541174352
91 26 17941514.328145884
91 28 1471235.7436623368
91 30 772664.5304515646
91 31 1621624.0800728064
91 32 16311950.756544221
91 38 1096591.0029864528
91 40 409672.2193517156
91 45 4935689.61045982
91 51 8032965.259953568
91 52 2334496.70856798
91 54 830324.1589517201
91 58 5761693.32654804
91 64 4759348.52817696
91 65 5961184.0579491425
91 67 10900479.812716693
91 68 4340924.7385461675
91 70 1946027.771094966
91 72 9604172.066244422
91 74 19686837.901118148
91 75 10979909.418799797
91 89 2774300.044580146
91 94 1582190.0525335926
91 101 722660.3197073052
91 102 3238648.5837412914
91 106 110776.07949999043
91 114 4363501.590640203
91 115 1113430.6700954123
91 120 1197787.028608383
91 125 15270134.82080225
91 129 2820226.9340577307
91 130 4382063.026526322
91 131 2377420.201254046
91 133 3555215.97299595
91 134 245068.3736145294
91 137 15317403.763497006
91 138 240244.15565926788
91 142 3097607.2205064725
91 143 430391.1085895712
91 146 1220669.5540826167
91 147 3439438.9908486586
91 152 13992073.51798565
91 153 1203483.8935545557
91 154 20337317.051635243
92 1 504263.76941434474
92 4 6837215.4959582575
92 6 7264833.615301637
92 7 15465985.368578134
92 26 8776367.130053941
92 30 9090053.056327097
92 31 3676613.728501579
92 32 2320393.3998104637
92 34 1193153.397959492
92 37 1498567.0399078329
92 38 35224137.68280067
92 40 25766264.301715724
92 42 1600636.1972581593
92 45 30684954.217842646
92 49 7316417.606567721
92 51 17168272.204874188
92 54 9829762.804056447
92 56 20025493.350695185
92 57 2131922.4723563
92 65 2583772.2082810747
92 67 1881641.696251076
92 68 1522283.3589549507
92 72 12962789.124651523
92 74 4986667.594129975
92 75 1025431.503215108
92 79 13813145.935258828
92 87 1698948.7300422213
92 89 8596395.779442232
92 94 15340241.087378766
92 95 2988530.0999907367
92 97 4212318.308123079
92 101 16252093.807114257
92 102 4553108.341436561
92 106 21544782.366982676
92 112 12961934.294537654
92 114 13015193.248979742
92 115 1108403.736780605
92 117 18156644.78383455
92 121 5239287.625789444
92 122 817608.0995039309
92 125 31904526.518300615
92 129 9911758.20324752
92 131 2086557.0398992058
92 133 19172033.64745124
92 134 60200082.88222547
92 137 21099615.172891643
92 138 62286179.31189975
92 142 3918618.5266396008
92 143 223993.65001735222
92 146 14600147.20071541
92 147 38197284.5887511
92 149 6641533.321765577
92 152 172294.95290013062
92 154 477628.10045173677
93 1 2148390.025438559
93 4 6443754.65012343
93 6 41285957.54393535
93 7 22529636.8213919
93 15 7420311.981583052
93 19 1838778.499295841
93 20 6197558.994844733
93 26 6892811.049041998
93 31 38832488.18241379
93 32 18956389.533335328
93 34 4028868.531471219
93 35 14669341.079873955
93 37 16347929.636514723
93 38 5458496.562602306
93 49 8674567.76796492
93 51 2235461.183855285
93 52 16347629.115658605
93 54 4632343.612816556
93 56 19977031.27075792
93 57 343212.58135912305
93 63 9547140.714265438
93 64 98672060.08192576
93 65 24645526.481000986
93 66 5870305.759568578
93 67 89950692.93037167
93 68 8820853.66225232
93 70 1855580.2154608427
93 72 2838225.5193202524
93 74 14110963.097117152
93 79 58981454.077608615
93 83 32032192.66347162
93 87 829683.2404985826
93 89 9735802.424399756
93 94 21689935.422285605
93 95 5090932.79029317
93 97 30826993.189301893
93 101 31703685.20482924
93 102 56884844.66854371
93 103 444102.87548249774
93 106 15178130.322150799
93 107 5734325.471263822
93 112 7244823.5158786075
93 114 325059.13026953797
93 115 42356866.95271846
93 117 16023985.551868849
93 122 574284.758303788
93 125 2754784.765148511
93 130 50761185.86913268
93 131 57447597.99709905
93 133 20473273.206545837
93 134 14324640.350837922
93 136 1182739.063511504
93 137 20910773.303710964
93 138 2123951.0250773476
93 145 29109052.142449357
93 146 2963028.4347617636
93 147 12005612.804617159
93 149 7110629.800918511
93 152 27153163.754643124
93 154 24232491.75895654
94 1 17161730.912538335
94 4 235076690.12788257
94 6 1553233295.3726664
94 7 86137244.2082526
94 15 1721333.997554148
94 18 56030227.38768334
94 19 1376134604.1631036
94 20 6549012.594900155
94 23 6670189.088996122
94 26 331634409.0971294
94 28 5144214.229411661
94 30 100824905.61199617
94 31 176652770.8488109
94 32 561540979.6180681
94 34 6445669.133068289
94 35 2546223.082083312
94 37 72859359.84073858
94 38 29795175.46097642
94 40 1533008953.7682369
94 42 953287.6158411191
94 44 24923755.98349567
94 45 124781533.22106811
94 46 342115.2963645943
94 49 211190078.63490793
94 51 220519437.59830362
94 52 1379840.6804072484
94 54 1236369926.189591
94 56 551093005.4629765
94 57 205245.98792276194
94 58 3405022.261569683
94 63 3534797.2256960147
94 64 602944275.2511553
94 65 92663631.17902718
94 66 3185878.8247041916
94 67 1239717529.5628066
94 68 433538240.9080548
94 70 195921960.4005997
94 72 2714164087.4246306
94 74 1476916297.5567122
94 75 92173013.70443858
94 79 594124790.0822431
94 83 10620665.001095237
94 87 18158622.696791004
94 88 8186443.192688875
94 89 59570255.77002871
94 93 13188123.273572598
94 95 10779278.619346762
94 97 137964569.88939625
94 98 3256876.116656431
94 100 32444313.952051684
94 101 91366133.51893452
94 102 77097298.95361452
94 106 104151820.55328543
94 107 103154179.72316569
94 111 25574700.34617705
94 112 139506044.7124273
94 114 594931795.2074285
94 115 262179025.1949662
94 117 121225100.3338912
94 120 1408513.9247639459
94 121 2305676.1809974527
94 122 1307931.3385508305
94 125 83231915.02488558
94 127 1604762.2593691405
94 129 593192413.534449
94 130 131125455.65344632
94 131 196825232.48575294
94 133 3054461911.0584836
94 134 143867433.98135802
94 136 35435170.117825724
94 137 694486825.9999808
94 138 266068876.65594384
94 142 1825988393.6686866
94 143 579857.0490060484
94 145 20393386.934715122
94 146 163073802.12158844
94 147 498047.6134032176
94 149 1392626.1630410852
94 152 1704768413.2810454
94 153 14044424.150918668
94 154 1328895342.1866488
94 157 17089024.298032235
95 7 2599693.2342925034
95 26 7379778.390138736
95 31 9402081.62288884
95 32 417430.6808597181
95 37 611367.8755858769
95 38 28117880.899923526
95 45 1169329.9562433255
95 49 1366498.2110794696
95 51 2487686.990681279
95 54 6724314.628860847
95 56 1453798.5834428866
95 64 2179851.554741032
95 65 7874905.308947158
95 68 167457.59991707152
95 70 518403.64755966543
95 72 4838483.508147828
95 74 15178400.774665797
95 75 881074.1213970837
95 79 7934764.732761683
95 89 2814365.575724579
95 94 6084999.6293530185
95 97 2253835.8460620763
95 101 13636256.497639488
95 102 2579264.3169763302
95 106 23341672.36053675
95 112 3315749.8497169176
95 115 11428540.921435647
95 133 6790560.318366331
95 137 179792.38178849424
95 138 1955298.8007364327
95 142 13935839.672309332
95 143 1557498.1782287394
95 145 4339533.864161149
95 152 481510.5910174278
95 154 111085.0351688341
96 7 2143257.843791763
96 31 13038218.382266056
96 51 13672624.72274025
96 54 27965818.365513943
96 56 12030385.75545749
96 64 3751540.886259806
96 65 477162.0678612129
96 67 5818864.9658150645
96 72 9094849.615262846
96 74 546737.202077092
96 79 28973319.396879658
96 89 685191.7875932642
96 101 15130361.207326153
96 107 7643820.471575152
96 115 5752430.789376372
96 117 9528091.27623657
96 122 489290.098862748
96 125 3768988.291590452
96 131 27004365.274708323
96 133 3790975.710428021
96 137 4260893.550921451
96 138 6943974.797579067
96 142 4797394.7328359615
96 147 3405450.594360565
96 152 7210411.794614022
96 154 1046800.1345296509
97 1 31850834.3583411
97 4 45637448.59083066
97 6 18120591.019303445
97 7 24863555.231406067
97 18 9426719.001665786
97 19 34641003.16964283
97 20 33059134.854491074
97 23 2680623.074434034
97 26 110440886.16088697
97 28 748680.6676337757
97 30 58500879.14176083
97 31 4460947.607952174
97 32 966145.4990959729
97 34 4820284.520081412
97 35 53316438.40355686
97 37 21161319.890262727
97 38 32155718.456208635
97 40 19568102.42237473
97 42 1791370.906348079
97 44 112243496.54785666
97 45 28433731.285371214
97 46 67617877.87873253
97 49 220597837.7861299
97 51 52480362.68907123
97 52 2537239.478176278
97 54 59378258.65574533
97 56 25012066.70766011
97 57 986851.6034785956
97 58 102842136.08930612
97 64 53192824.0905997
97 65 47730461.90506405
97 66 23479738.880125597
97 67 18171055.042097993
97 68 2234111.511923985
97 70 107635661.69848566
97 72 77911378.0199438
97 74 11205948.250413053
97 75 29872.561932346714
97 79 51950338.34586012
97 83 519502.5865117194
97 86 29822139.036897324
97 87 2380493.7975533386
97 88 1219364.4628573407
97 89 192889633.26623976
97 93 61207837.14185273
97 94 4837216.018034781
97 101 91656906.44086254
97 103 9363316.745138701
97 106 39266074.30851227
97 111 4886550.08163443
97 112 3200927.764688417
97 114 79453303.67790513
97 115 10355749.622758094
97 117 67919089.71031782
97 120 1805302.5741773036
97 122 969144.3696022545
97 125 325954197.4770152
97 127 7877421.062641313
97 129 113192201.36004855
97 130 14585238.779914686
97 131 131986529.33356898
97 133 107071196.87714612
97 134 10796113.044625552
97 137 193190941.2521481
97 138 226203809.87569544
97 142 32682117.096278083
97 143 2268742.870444853
97 145 15600599.57219659
97 146 2531642.7038364396
97 147 170899551.52255854
97 149 1357609.970290914
97 152 7794077.756708614
97 153 17701769.219073556
97 154 70562442.77334404
98 4 2194036.8544369894
98 7 2371014.1501716063
98 18 1081454.858045235
98 19 851087.484089704
98 26 1470734.847924966
98 30 3298735.8163781413
98 31 1848757.123871555
98 40 598248.2455402855
98 44 3165492.5985723683
98 45 6933422.530398321
98 49 16043069.245032644
98 51 3523798.676178747
98 52 671785.1982350854
98 54 6217651.2003625585
98 63 6671742.044915664
98 64 2131508.0322835795
98 65 7352686.6611207705
98 67 676647.3379470351
98 70 2977435.575938706
98 72 579906.0023474
98 74 1139756.6263874124
98 79 6548410.776681527
98 89 7460589.516744501
98 93 7067011.363294033
98 94 3201223.3945388384
98 97 4960264.558055856
98 101 1717780.4222229375
98 102 6441360.090333257
98 106 33372714.112228654
98 112 2990691.5267046844
98 114 11710.078694543006
98 115 4436881.481462923
98 117 3195676.4968876163
98 125 253999.58255424708
98 129 8400692.133418757
98 130 5546400.8520077355
98 131 8483069.29681475
98 133 4446131.886462398
98 137 1861588.7152704352
98 138 1583576.1014583567
98 142 2978203.908532812
98 143 534061.3668752455
98 146 1351067.4661201737
98 147 914720.9097072704
98 149 28285.749450192485
98 152 686046.2407816481
98 154 2826009.4493936393
99 6 10643569.049814086
99 7 20061149.008385632
99 17 4655704.95748528
99 23 1353812.054679067
99 26 5074767.768086397
99 31 36777797.17465919
99 37 8877724.045848196
99 38 7081952.86469689
99 40 529862.7863335973
99 44 30643578.725820668
99 45 41240897.52825504
99 49 44824700.00690409
99 51 22712064.872320235
99 52 1618363.32884164
99 54 7469302.947834283
99 57 6972055.000846764
99 64 2161057.60925361
99 65 1754242.2290108062
99 67 63223122.32281407
99 70 50251538.212030634
99 72 24839756.68524337
99 74 12029424.179199692
99 79 12222501.649114866
99 83 11444599.322921846
99 87 1272434.8487071977
99 89 33537088.17706281
99 94 29420012.828701094
99 97 8788785.85951426
99 101 43001378.868376724
99 102 4472434.281762361
99 106 26104597.856771603
99 114 17429862.627812356
99 115 30648431.623196386
99 117 40073264.26147229
99 129 5607071.975294509
99 130 8676748.563387455
99 131 134224460.85156214
99 133 11845376.744073516
99 134 308513.5268962485
99 137 29113233.492741115
99 142 33528629.037397157
99 143 2015366.0354957874
99 146 1802440.8830296355
99 147 14844311.24025223
99 149 3109890.1808159756
99 152 17521407.632574916
99 154 58670344.5264771
100 1 9462847.646508522
100 7 1230921.0216645652
100 15 4421939.684966943
100 18 6471100.540391306
100 19 11512975.465018552
100 23 2655639.639750194
100 26 5473097.963427476
100 30 12367123.529646527
100 31 8040596.372056181
100 32 13897013.970578067
100 37 3198997.241474212
100 40 15373604.967836006
100 45 16476861.807478512
100 51 2413120.7194661913
100 52 8737099.386469487
100 54 19750806.91512831
100 56 3821051.8966655564
100 63 770344.1605886746
100 64 2157755.7780620577
100 65 2589366.140781012
100 66 918567.5731367619
100 67 5097758.657694764
100 68 425417.7331929199
100 70 6292777.212975744
100 72 14334810.65607014
100 74 15125733.488426894
100 75 17536281.69039997
100 79 376240.492923918
100 89 7634711.794113528
100 94 3319128.7504671053
100 101 10283751.65003371
100 102 27103586.114927564
100 115 4378320.350509449
100 120 1593753.8034983233
100 125 6910901.22763178
100 129 10879904.371885715
100 131 162247.29186543066
100 133 2680479.797058933
100 136 2163982.374120766
100 138 4286143.0454230765
100 142 21398182.68823905
100 146 5123887.692569731
100 147 9314470.9396634
100 149 3270739.3603583993
100 152 3193419.156792714
100 154 8340717.843123837
101 1 210438945.60460117
101 4 355565302.51227254
101 6 3430333765.451831
101 7 476891260.0719908
101 15 3132968.5035551824
101 17 1748396.7164475673
101 18 3100965.002487254
101 19 20207873.276829384
101 20 20996834.267283726
101 23 3733479.078883875
101 26 6471328605.010812
101 28 524721.0653275598
101 30 220254985.81036246
101 31 2374016542.0087314
101 32 288947963.7866872
101 34 6353273.207445335
101 35 19715837.14274287
101 37 100939105.82905191
101 38 51434239.18044494
101 40 1061285045.3412299
101 42 1813716.004581459
101 44 29619455.533472087
101 45 1031494225.142482
101 46 41840443.05125811
101 49 473461372.2354119
101 51 4474005331.459833
101 52 15523684.855179943
101 54 8254760758.167403
101 56 1710524772.3961232
101 57 2114779.2477751835
101 58 171561798.78283513
101 63 21068696.075365555
101 64 4785171809.682939
101 65 62121457.17967779
101 66 33134149.222989623
101 67 926916382.9586432
101 68 3269081733.7108965
101 70 217208680.83431047
101 72 2935450686.736366
101 74 22036270967.247147
101 75 84514663.81522812
101 79 7391880189.62807
101 83 3818390.71033641
101 86 929610.351117598
101 87 2859590.1159808137
101 88 17608312.853092767
101 89 878842110.2729801
101 93 69569136.89085452
101 94 3707949356.2289743
101 95 17665224.162021488
101 97 308220202.77311075
101 98 26110519.84530272
101 100 6839546.05446969
101 102 345570080.8845701
101 103 2844649.170314685
101 106 532836629.59645814
101 107 24350649.641331695
101 111 8269289.205960774
101 112 797231.554445942
101 114 677273202.8660514
101 115 2263499029.6466413
101 117 5281702.711160871
101 120 3277092.5437046816
101 121 7344860.684599038
101 122 201069.09169282558
101 125 346184072.8269833
101 127 3492222.0108307386
101 129 7061924862.398471
101 130 242183325.90793923
101 131 501784381.44336754
101 133 4316574769.801265
101 134 48010794.93298162
101 136 9104113.155229682
101 137 1077488550.1281912
101 138 2136032026.6002405
101 142 1037565319.0802455
101 143 2161172.940464801
101 145 28060618.73411539
101 146 49017158.90968028
101 147 35568611.86061169
101 149 1063277.0648247236
101 152 11558098537.258352
101 153 29885603.2581032
101 154 4720571628.394807
101 156 91159.1694029399
101 157 41875909.833506756
102 1 63055096.555430174
102 4 247315016.39625728
102 6 386088075.439748
102 7 247512024.22621903
102 15 2683966.4723554966
102 18 21390700.95102875
102 19 270966277.7426979
102 20 28944035.09627863
102 23 626939.5376478167
102 26 168802770.97372413
102 28 2374398.1447995976
102 30 11939554.170401463
102 31 9538478.934438262
102 32 217567051.45165384
102 34 12571364.795874082
102 35 4262126.541742489
102 37 89239115.23776215
102 38 25693644.757904
102 40 937211433.698333
102 42 2350705.373883056
102 44 85337682.90281728
102 45 36847568.75026009
102 46 17215708.694794144
102 49 124524634.60403451
102 51 84666133.5671811
102 52 902613.4143433155
102 54 904536783.1616293
102 56 15741443.08985461
102 57 4136409.593428718
102 58 34982867.32761205
102 63 47261204.175013885
102 64 49943064.281108625
102 65 254563816.10839424
102 66 12287020.725857671
102 67 231168492.1786352
102 68 290093116.91232544
102 70 117860926.23204269
102 72 177853670.17419678
102 74 176625711.49837938
102 75 42479492.20576369
102 79 204216099.43999946
102 83 18245987.433566835
102 86 16162806.957824495
102 87 950814.7886683539
102 88 10956372.886543754
102 89 6839818.393466204
102 93 47212191.25915065
102 94 219096421.02451566
102 95 25849.372816897194
102 97 20727241.50517583
102 98 41473.247530766996
102 100 29322080.25153924
102 101 300062036.5580312
102 103 15253161.526221495
102 106 128604156.25300178
102 107 69738973.98929434
102 111 38357274.74779639
102 112 141526215.5728138
102 114 164848950.24745393
102 115 410013866.1192189
102 117 27275892.581018906
102 121 1730422.166438834
102 122 2410599.9029103178
102 125 35538142.42745091
102 127 4159912.7629126734
102 129 80281398.79885185
102 130 61529604.09344739
102 131 105175653.97403926
102 133 194062146.76034456
102 134 50213225.85820573
102 136 11860486.954595778
102 137 76810832.17332733
102 138 141897227.96585134
102 142 71926414.93480332
102 143 3376733.616680488
102 145 2006272.1457116872
102 146 219074616.49185967
102 147 69010521.29598197
102 149 11666617.189621542
102 152 797641549.2621186
102 153 37281237.06774035
102 154 67153026.79828727
102 157 114897635.13189746
103 1 686329.9542085022
103 4 2703105.4147274196
103 7 1209525.773203937
103 23 2674669.1400064193
103 26 12576380.48888922
103 32 60313229.57292129
103 35 9689946.0802912
103 38 1716119.3265879056
103 40 16570950.372929743
103 44 7211822.671628368
103 45 17333057.66533473
103 46 3408278.6671126313
103 49 2464677.75453034
103 51 2747281.343221925
103 54 22053985.13236605
103 56 807743.0442708808
103 58 6217341.369532179
103 65 375856.3536658862
103 66 5500216.947968294
103 67 376744.55406560097
103 70 6793625.006609314
103 72 1459392.021207809
103 74 1020212.3453190835
103 83 1067957.5303138061
103 86 827144.8378367661
103 89 3429206.9657241716
103 93 1622631.510922164
103 97 5821235.640147382
103 101 3377527.297829751
103 102 3662023.9700659993
103 106 7027801.546697081
103 112 15285072.222002154
103 114 2352607.282232022
103 115 8450829.254933264
103 117 1329642.952788651
103 122 1960643.6428544053
103 125 2108554.9487261153
103 129 784225.1824557927
103 130 1844139.4728464447
103 133 4759595.193825746
103 137 6916324.547174969
103 138 27736007.466789883
103 142 9102204.008508004
103 145 2992737.21220073
103 146 674352.6622535572
103 147 2653245.39852942
103 149 2753756.88996135
103 152 13541999.881440513
103 154 3957211.123609566
104 1 7708428.632848601
104 4 749179.815462578
104 6 5278073.774422407
104 7 301375.7846342882
104 20 2391415.9208219247
104 26 3639856.924727681
104 31 4292953.569244784
104 37 288119.47906178667
104 40 4428306.977740756
104 45 3184288.125909633
104 46 460721.7511570976
104 49 4595270.833851303
104 51 4956124.519769561
104 54 2250064.7450329293
104 65 398254.58435868827
104 68 3582627.857267847
104 70 576253.2910648383
104 72 453507.7139284252
104 74 1764322.1728166582
104 75 1572422.5739717486
104 79 981720.0831285404
104 89 1585578.2621954158
104 94 2162975.2265775986
104 97 1348833.6122487404
104 101 5577501.199424836
104 102 161869.53232238823
104 114 1729617.3151094378
104 129 471923.1587485134
104 130 8563565.538841732
104 131 210212.28700207092
104 133 2052727.3522458775
104 137 1711039.7752122662
104 138 3505811.8867577286
104 142 3586699.0462524933
104 146 3500417.240144753
104 147 3471042.2164411936
104 152 7230693.272303751
104 154 4403862.506009462
105 1 65626336.53755153
105 6 129611212.21983749
105 7 185192777.73405463
105 15 8605375.985959556
105 18 3743118.5538047613
105 20 36794582.52741698
105 26 9100863.993661799
105 28 4621384.474839127
105 30 43282080.23244733
105 31 183444825.893957
105 32 31347385.810299583
105 34 5084737.9728679145
105 35 54714518.27805089
105 37 511401.03448424174
105 38 15678194.484673133
105 40 192591030.64324844
105 42 1340454.8990953912
105 44 88229163.7865451
105 45 14235532.152475543
105 49 32213491.19401071
105 51 257449576.0457829
105 52 2112035.061028941
105 54 23721650.97275118
105 56 72083132.67761484
105 57 3305205.0069784825
105 58 7758747.980803243
105 63 11614103.588300722
105 64 88380469.5673588
105 65 163523142.1049126
105 66 57800512.65908703
105 67 86949022.43311174
105 68 84071116.88458776
105 70 220895555.48941097
105 72 766130961.0265979
105 74 450069671.4836642
105 75 5766158.079484499
105 79 277662515.0382808
105 83 17410578.73832885
105 86 6683884.033232343
105 87 26299474.04050651
105 88 76478.37476524746
105 89 6353971.537275026
105 93 26997723.7777092
105 94 41235498.08548236
105 97 189988374.2567652
105 100 7493061.327079765
105 101 60679097.95987088
105 102 150078365.3910169
105 103 1276865.7479181094
105 106 88442124.5914998
105 107 30341032.38548075
105 112 3298117.964486864
105 114 146687793.29908565
105 115 399318791.6617158
105 120 3528516.5589241777
105 122 728714.895817825
105 125 207043158.2864154
105 130 25402467.593625378
105 131 1756661.5144349716
105 133 24543058.205111597
105 134 2915497.6863410617
105 137 43802478.80957916
105 138 9691971.77047113
105 142 743388771.6484901
105 145 4894482.664268075
105 146 16559170.090993937
105 147 24590908.058330994
105 149 2834148.818888646
105 152 4198076.5312062865
105 153 19734869.370994844
105 154 14311737.507135797
105 157 63825090.96900291
106 1 361468525.1773268
106 4 175496801.35541013
106 6 198280640.45956594
106 7 328484653.0367777
106 15 1904562.2611215555
106 17 3367068.1048840494
106 18 1893600.2569573356
106 19 1801461325.5537815
106 20 24801033.74863328
106 23 325290.8986392314
106 26 331017128.3739695
106 28 2910622.253820357
106 30 759626690.8438263
106 31 2856078534.9903417
106 32 33459224.431642048
106 34 1491486.5455836977
106 35 17942809.055026006
106 37 37623790.97422042
106 38 22899937.08718532
106 40 189536299.30102926
106 42 2145697.4413826657
106 44 8901132.56964583
106 45 115491431.62984641
106 46 85385969.70108701
106 49 79728952.34013891
106 51 175047816.66683617
106 52 11820315.50555514
106 54 1367373379.3136008
106 56 729908317.3107115
106 57 1204230.4338580274
106 58 15735501.404835187
106 63 14745003.04914664
106 64 1117874002.8276563
106 65 295166776.4216859
106 66 12371687.473913219
106 67 371677551.7483996
106 68 201379255.09580898
106 70 102258951.60306266
106 72 1463690104.1224196
106 74 1965266040.2430806
106 75 37898924.04120511
106 79 61646509.210286304
106 83 21491045.04370068
106 86 75127421.58832864
106 87 1319633.84372352
106 88 4410020.510537587
106 89 2789674854.7536354
106 93 6353496.787984213
106 94 252559175.69849783
106 95 12002288.0591717
106 97 46805527.45112036
106 98 8824483.4399913
106 100 17781750.75293843
106 101 632300724.2396586
106 102 384571278.3039081
106 103 922346.5928886475
106 107 1189604.0985783606
106 111 61021424.357074
106 112 5708678.0944980625
106 114 875781183.0631971
106 115 47495554.411214724
106 117 50732296.66329901
106 120 92722.79628244048
106 121 3329501.596552398
106 122 3089468.476657361
106 125 1173744132.8582528
106 127 2996122.066835901
106 129 2828638438.0269146
106 130 18817260.681806356
106 131 1098998719.9576871
106 133 578417111.3154293
106 134 24358604.131577216
106 136 4677692.580144073
106 137 1763594102.6860964
106 138 688826455.8413671
106 142 71457995.20107155
106 143 2844310.9442943204
106 145 906524.9528891665
106 146 3243772.775822063
106 147 131408371.94355191
106 149 33383473.210137747
106 152 931275620.6518351
106 153 193179469.49261332
106 154 3476286441.659118
106 156 3939792.7080225977
106 157 80525194.23389764
107 1 178160229.08040267
107 4 13594559.681226311
107 6 89036910.11352912
107 7 241189199.66632858
107 18 9550308.438156856
107 19 28236861.422319762
107 20 38404286.113548756
107 23 1317626.3451114523
107 26 122291203.00635189
107 28 791601.3861556047
107 30 122583896.31101419
107 31 310692872.77838737
107 38 3365965.944942379
107 40 144315343.11795816
107 45 61242381.208983555
107 49 124687888.05536418
107 52 4452503.0800282825
107 54 7764562.897049588
107 56 116008883.52799334
107 64 101741430.22397754
107 65 555171044.8166593
107 66 8098995.229019693
107 67 29318506.793261133
107 68 216983055.75289103
107 70 128335462.46492273
107 72 113581808.55926445
107 74 247600067.7750665
107 79 73808851.4339383
107 86 24841733.349882957
107 87 5478487.652009559
107 89 13850988.101148482
107 93 13272208.641400848
107 94 11471401.190125596
107 97 58812777.95404644
107 101 63853450.94177336
107 102 23784267.79162491
107 106 654575074.1933357
107 112 42732901.5818949
107 114 15482721.82104589
107 115 84846395.37398586
107 117 54288332.711255126
107 125 16590111.181031981
107 129 27856423.333007865
107 130 13234716.03407615
107 131 72240997.26370293
107 134 94607313.79403012
107 137 17885732.9500714
107 138 203619458.28014326
107 142 37363775.927303724
107 143 5031566.354086207
107 146 3069533.588035088
107 147 25392344.377348367
107 149 26092235.58907705
107 152 219536035.9330108
107 154 103995755.2567201
107 157 13215891.055553297
108 1 12812172.724433677
108 4 33968596.31834632
108 6 204001147.2104744
108 7 123631510.9274042
108 15 846410.446952809
108 18 877511.5900908096
108 19 52252494.97825673
108 20 47827320.47819102
108 23 5535869.788204219
108 26 13735590.700143768
108 28 654130.7775288401
108 30 22289825.681684244
108 31 218547703.85765535
108 32 28717998.34023966
108 34 6682560.402829811
108 35 4787154.3860673355
108 37 36720810.44103308
108 38 21310718.036024153
108 40 132324615.14358021
108 42 1765423.3285234137
108 44 104902384.88462603
108 45 86582661.45881326
108 49 106873714.45100826
108 51 17322984.231228378
108 52 21073574.450457152
108 54 97924385.7087408
108 56 168173539.11095732
108 58 14709961.366037555
108 63 9017808.492482688
108 64 232110254.52028915
108 65 64040124.23299789
108 66 19434356.611268982
108 67 119584050.47033198
108 68 60796204.818593286
108 70 13347547.867655857
108 72 16157877.223920897
108 74 637375886.2715294
108 75 17679903.091187943
108 79 476187989.1412083
108 83 7085006.795560481
108 86 66729295.453576066
108 87 11324633.45419031
108 89 961693978.5250586
108 93 6881572.4494175855
108 94 395345486.5050388
108 97 2997276.632844919
108 100 1422645.4359528758
108 101 196014648.37107942
108 102 102594173.7357223
108 103 12713467.07826134
108 106 286459470.19303304
108 107 2712493.8088997267
108 112 85655437.27796881
108 114 257339806.88436374
108 115 174377131.46666688
108 117 20610988.912983056
108 120 5911658.944744042
108 121 2182199.670948104
108 122 35681.6000124466
108 125 144077687.65136454
108 127 6701434.104796316
108 129 207494634.83338577
108 130 23030151.045339372
108 131 65871916.17235477
108 133 134178707.47689858
108 134 18970937.45755792
108 137 702958350.7211185
108 138 492497577.11030734
108 142 78037061.07057315
108 143 244323.04469946033
108 145 30381183.573673375
108 146 95253042.36781105
108 147 72465687.81844972
108 149 6459629.692173582
108 152 66196990.25154647
108 153 7899973.785164844
108 154 628086590.7179904
108 157 91928045.61545056
109 4 26379387.024161864
109 6 60305842.5853566
109 7 16115677.326011598
109 15 5047499.558026383
109 18 15371659.510241915
109 19 18349353.34408404
109 23 6910666.797368039
109 26 107638224.70311764
109 28 5852952.87785363
109 30 38283701.56639557
109 31 7011911.664940864
109 32 41062505.81665038
109 34 17559289.894888937
109 35 68953865.43998829
109 37 29844839.966942087
109 38 15085292.063085476
109 40 47191426.32852399
109 44 31735203.26662704
109 45 33701139.63297701
109 46 4602313.628295342
109 49 27040009.219162896
109 51 2898144.7333977614
109 54 79839524.16586776
109 56 52102347.85427725
109 57 1919653.1497091004
109 64 23614230.90231866
109 65 35649374.85967603
109 66 1517599.325247768
109 67 135345650.5701204
109 68 15328189.897856899
109 70 75762234.5960204
109 72 6998391.100600162
109 74 184755282.96384576
109 75 19399426.095316276
109 79 50296743.17091036
109 83 7722994.764412067
109 86 26626103.353612106
109 87 8185338.0809943015
109 89 25685280.03490321
109 93 6495004.029366574
109 94 25422720.597962275
109 95 13254458.725031916
109 97 72654215.37548801
109 98 19202477.69105464
109 100 5685584.724932485
109 101 920375.6792091788
109 103 21849966.095506456
109 106 94648787.92807402
109 107 94631677.82513572
109 111 17379520.758113116
109 112 5039935.135178666
109 114 1431700.7254582373
109 115 81932662.67487606
109 117 8007475.5705794245
109 120 3468728.165317724
109 121 2243930.993655139
109 122 3601234.9593918887
109 125 18512320.158262786
109 129 182735208.33129236
109 130 86982678.08347869
109 131 41500345.17849785
109 133 16491266.257532245
109 134 31145145.785148058
109 137 4697035.599987537
109 138 3450209.7902014893
109 142 26949805.756439872
109 143 2074676.6227798662
109 145 1124186.0551373884
109 146 18501986.493064966
109 147 68698212.93640992
109 149 7246168.91566554
109 152 22071380.032111377
109 153 18641967.18951054
109 154 79234139.80091056
109 157 11189437.5610637
110 6 61206329.79989371
110 7 12134547.152805109
110 19 3137212.5306171835
110 26 47470995.81299204
110 31 57509583.789242566
110 37 25187175.468868863
110 40 59187374.291140795
110 49 29999767.3201189
110 51 50974277.17757633
110 54 113245398.85947208
110 56 217101225.8358304
110 67 110914972.25448802
110 70 15306939.500089863
110 72 193404100.78271857
110 74 26690147.073278796
110 79 14567392.91409381
110 89 39710642.83885033
110 93 20612783.875261374
110 97 15414864.387012167
110 101 5961903.721656452
110 102 7472464.173720708
110 103 4872074.406432449
110 111 25638220.4915783
110 112 85483170.84893458
110 114 204239227.1872652
110 115 11778198.864611289
110 117 12699894.165394558
110 125 14916593.906133533
110 130 33315784.7069829
110 131 88339837.29870337
110 133 35012821.4333424
110 134 9013608.773556255
110 137 50417200.19441106
110 138 20957207.042766467
110 142 115877637.35548437
110 145 5785402.314501093
110 146 34793360.331418134
110 149 3693642.250818178
110 152 70562512.1664477
110 154 2187729.663948058
111 1 49852166.47051336
111 6 6322143.394844735
111 7 4418372.100917063
111 18 8626673.916249916
111 19 3333217.442486031
111 26 29732790.666988235
111 28 1177892.5822764528
111 30 27039987.383985955
111 31 14653648.24465876
111 37 1108104.634066626
111 38 5029641.792701907
111 40 16749730.456290258
111 44 23177887.05984182
111 45 17993903.089000925
111 49 14299357.39199581
111 51 3616754.122691383
111 54 4932987.79774321
111 56 43823065.73559135
111 57 1064876.859070478
111 63 41670027.496631004
111 64 19829780.910660766
111 65 14852259.649923513
111 67 42484218.27003138
111 68 463939.48121238255
111 70 59669121.56287141
111 72 72047761.00989571
111 74 2130844.577035407
111 75 18303158.286511417
111 83 12550225.527223108
111 89 13863604.478806786
111 94 42311920.720460884
111 97 10356505.819158994
111 100 5482649.596024475
111 101 78299856.9038119
111 106 5753854.332514586
111 107 4013684.0081568635
111 112 4343219.157257621
111 114 17902708.724714726
111 115 37643095.65576606
111 117 16508346.973521423
111 122 446849.2253068726
111 125 18798331.818436448
111 129 17522713.951354306
111 130 11743249.100805804
111 131 5233074.241522191
111 133 7793191.849695973
111 134 17299600.066261802
111 137 3560919.8522121687
111 138 6619318.847327477
111 142 106608542.98147658
111 143 15766.034830115268
111 146 16348777.525162905
111 147 44376293.93795724
111 149 6567637.714104498
111 152 4599436.869245896
111 153 6544359.873335052
111 154 13016030.01677319
111 157 6574589.260348829
112 1 14587358.786325615
112 4 49518708.260938734
112 6 5098753.002460377
112 7 84161533.22404096
112 18 7716193.967724784
112 19 147348266.83416215
112 20 76038736.56928745
112 26 149895995.98982498
112 28 2979154.5420721904
112 30 46419048.27131382
112 31 23381133.502655566
112 32 161087961.9822017
112 35 38005865.36885342
112 37 28846240.722971983
112 38 33844164.94064044
112 40 78917841.23906969
112 44 23450081.074532237
112 45 63545308.81948061
112 49 155530166.21630463
112 51 27431733.43123702
112 54 171464643.2036809
112 56 8447356.889405008
112 58 59241513.59219294
112 64 27322038.770769436
112 65 61305393.68831306
112 66 12267406.26460758
112 67 7136325.884035241
112 68 102250911.4259558
112 70 85162873.05612798
112 72 9966662.868839677
112 74 64269268.60860908
112 75 168274747.75256485
112 79 99835123.83024178
112 86 11836942.529458744
112 87 7520657.325435635
112 88 17355343.694274083
112 89 312359689.8153769
112 93 56799946.3141013
112 94 185132950.21630594
112 95 11532018.543080969
112 97 174154819.62302375
112 98 3247655.8349869563
112 101 18206694.703265797
112 102 60139034.39831193
112 106 117618126.83890504
112 107 20888522.271858994
112 111 51194128.6524115
112 114 142902205.25495186
112 115 66413586.527652
112 117 57053858.230721526
112 120 2044760.4829246837
112 121 10171240.480976384
112 122 672584.6609852676
112 125 52042180.24426386
112 129 32833229.730848093
112 130 62073443.22930493
112 131 33567296.17727134
112 133 151160965.97351155
112 134 27494030.36533945
112 137 17541953.842954997
112 138 36436723.93038879
112 142 1392477.677533642
112 145 8380622.519786954
112 146 1997659.1585680717
112 147 4767589.397668061
112 149 5020714.724179192
112 152 16200788.269080717
112 153 10920840.559077261
112 154 149690020.8735596
112 157 83735577.25190039
113 1 49505271.93531308
113 4 299836888.70835054
113 6 354838703.4837956
113 7 110762708.66442762
113 15 1079806.3546323783
113 18 13572286.7530093
113 19 93780054.65579116
113 20 27979688.5878933
113 23 355917.94905466563
113 26 550168451.3616024
113 28 306115.00817793456
113 30 93888177.80143483
113 31 649700250.6860932
113 32 21451744.695299737
113 34 6115485.635456712
113 35 49372065.7794826
113 37 84541871.76829022
113 38 20979329.624594983
113 40 11935682.647813305
113 42 474246.05924225214
113 44 227274332.98255613
113 45 190624591.3195262
113 46 72414842.81286865
113 49 128431627.9884835
113 51 481193158.24214995
113 52 14288483.598405847
113 54 922176566.0263655
113 56 121021565.6101241
113 58 35303990.11831347
113 63 20007794.17384316
113 64 472796542.21448
113 65 257680739.7447413
113 66 109071288.12970296
113 67 541050979.3311394
113 68 1313474395.3925028
113 70 1350521529.751678
113 72 1133642098.6948166
113 74 145974335.37217477
113 75 36431137.87978563
113 79 2333487210.959045
113 83 21817089.506994274
113 86 19230046.600128304
113 87 6537505.248139803
113 89 217484691.34822488
113 93 4762922.62296709
113 94 231428018.17132154
113 97 6635922.05854585
113 98 21883799.129813425
113 100 7938588.376854478
113 101 69029015.78441504
113 102 100715140.6780876
113 103 11234451.085611789
113 106 89317660.91061734
113 112 19201242.331622418
113 114 515145309.8196145
113 115 351281923.5395211
113 117 25450966.91571057
113 121 12741482.160495726
113 122 1371073.667641429
113 125 31002124.356630355
113 127 2542148.216316056
113 129 1426533065.0035293
113 130 24085982.000339072
113 131 150013478.89349583
113 133 54354128.94635125
113 134 79904281.16850668
113 136 6076401.542596685
113 137 540689490.4025033
113 138 1321905752.3709114
113 142 48764411.41795916
113 145 43263384.96844413
113 146 42427315.03189986
113 147 132925689.00151785
113 149 11122324.535753109
113 152 113789215.2156195
113 153 8121141.986258462
113 154 257145627.62472156
113 157 162063985.12106642
114 1 49216362.25700917
114 4 493826773.94538414
114 6 56052894.18909768
114 7 555914754.0495183
114 15 877067.6589323502
114 18 2050465.4853915735
114 19 94742907.07788526
114 20 42209360.76051053
114 23 830636.779839756
114 26 1033634217.2625122
114 28 1687754.3755068614
114 30 273371824.88736236
114 31 512649191.4886497
114 32 44335225.73498768
114 34 5868336.130450724
114 35 130806378.17817932
114 37 17086971.355924267
114 38 56543394.61598094
114 40 163692056.48607507
114 42 1113554.801000907
114 44 56569382.67279244
114 45 318056285.0330747
114 46 24894364.27117842
114 49 144446604.73403326
114 51 53191494.734212175
114 54 40251355.866276324
114 56 41012804.015664846
114 57 1621951.6194414557
114 58 6263614.654004906
114 63 10684115.473866004
114 64 3433748.227830687
114 65 98910311.71582325
114 66 37143971.92502514
114 67 186686055.1035323
114 68 99193048.27865514
114 70 248073618.0686336
114 72 300374765.30616796
114 74 407787871.200026
114 75 78441398.92959088
114 79 13082658.582537511
114 83 17810511.321039125
114 86 8985803.669570543
114 87 30747942.315551005
114 89 1138508684.260016
114 93 17599042.82587517
114 94 849753878.0959316
114 95 1158136.8191878544
114 97 200108273.76475537
114 100 15512393.421050996
114 101 133903749.02502373
114 102 84056679.81317902
114 103 20173452.662309457
114 106 215802251.55043048
114 107 237363881.830682
114 111 20094326.85371754
114 112 47013221.33009849
114 115 360431995.62609076
114 117 236296559.46594954
114 120 420265.8138377847
114 121 13834186.554355148
114 122 704435.7759049934
114 125 303299968.6558257
114 127 6402386.894086587
114 129 57085176.69051271
114 130 8935802.834031265
114 131 262801858.818603
114 133 634709132.8633099
114 134 22075897.85861833
114 137 926249280.8418888
114 138 136586829.1830514
114 142 363140890.5674175
114 143 8360478.823301655
114 145 16274444.298781477
114 146 337595130.42127466
114 147 356606453.4197253
114 149 619788.5392354454
114 152 328952507.98494035
114 153 52404430.31730815
114 154 552614986.9750679
114 157 96009268.1979121
115 1 83125659.71574561
115 4 19485800.293715287
115 6 197092496.68892846
115 7 199904878.7851149
115 15 1662516.839167123
115 18 6396339.162742295
115 19 465826542.7746665
115 20 5879002.291004414
115 23 5429943.689245484
115 26 329177576.75595933
115 28 1447411.2753127345
115 30 8498937.589978812
115 31 336907365.7369702
115 32 262048352.4390819
115 34 8988437.809238717
115 35 11423991.446254635
115 37 14493243.962326225
115 38 13402591.13831427
115 40 2023732.134751566
115 42 3175586.968689102
115 44 148328748.00328714
115 45 134684954.4545868
115 46 56995985.09449382
115 49 303392856.4903244
115 51 75994410.45303254
115 52 10887553.976915186
115 54 446227906.799406
115 56 605061253.483104
115 57 2966057.3040526723
115 58 321988467.4524933
115 63 36465487.749822065
115 64 595948106.6251305
115 65 207058790.81591567
115 66 2317886.789694949
115 67 547334778.3919336
115 68 285376186.756276
115 70 399403203.27191174
115 72 35907329.972929314
115 74 1403634435.92222
115 75 29805766.505720615
115 79 76722808.42908922
115 83 30517198.119046547
115 86 72155506.51274602
115 87 8326052.34049692
115 88 3917347.0076610968
115 89 9797610.989875099
115 93 34954805.94748563
115 94 76020029.36197259
115 95 5261350.198093183
115 97 70695701.43531291
115 98 10664657.784225306
115 100 32289009.478998587
115 101 1359936762.2820995
115 102 195279001.38156018
115 103 10410849.280494768
115 106 163721814.60518047
115 107 72839586.43383808
115 112 27308198.265869904
115 114 197183507.05648208
115 117 14925616.974897312
115 120 663273.2217223075
115 121 4481420.566586229
115 122 216774.9421314713
115 125 273323585.7305641
115 127 545466.8420442231
115 129 498201855.26436025
115 130 51840922.21799726
115 131 18038026.027807906
115 133 82950578.08237657
115 134 72150471.24908182
115 136 15800182.676448729
115 137 145665350.36442816
115 138 1032550693.0074639
115 142 542535492.1781595
115 143 1717626.070737743
115 145 40238914.738774575
115 146 81745159.57136904
115 147 255200205.2010127
115 149 29681883.292800453
115 152 751018927.5690591
115 153 82869728.1024233
115 154 1061509321.9864025
115 156 203663.04944118584
115 157 125699774.05448507
116 6 35731657.91094305
116 7 147974897.33518958
116 19 187392200.44977692
116 20 2459907.942972786
116 26 20310260.361598533
116 30 41660846.90531619
116 31 2617306.8006604537
116 32 20349044.670836706
116 37 20018015.256976515
116 40 7098828.880290138
116 45 265119768.5952203
116 49 10461477.735795047
116 51 103153569.58504865
116 54 134640458.49311808
116 56 8985417.030148793
116 63 6309003.894038066
116 66 3413904.568437176
116 67 75209038.55199848
116 70 23958490.433328394
116 72 8276698.152534058
116 74 2316215.5220305985
116 79 65773760.06878672
116 86 4739067.120708821
116 89 289746214.202137
116 97 6311182.849681914
116 101 190326947.90573493
116 102 17460809.96605633
116 106 6790796.680061962
116 114 60113129.164148994
116 115 12507007.273371972
116 121 6935792.673863188
116 125 144208919.60949802
116 130 11468876.658211416
116 133 14844552.079974685
116 134 33311943.595526014
116 136 8447513.689319706
116 137 26616642.120063752
116 138 70704370.48636316
116 142 58018182.38469386
116 143 4935758.790249031
116 149 2043476.6425057217
116 152 121341873.13421772
116 154 40968509.91540452
117 1 13314798.309794743
117 4 145461730.68098843
117 6 75106595.05204235
117 7 133618830.462439
117 15 118401.76272204239
117 18 14555783.112303792
117 19 28430575.95396173
117 20 14127555.262160188
117 23 1284617.7479111345
117 26 17356985.24327548
117 30 140943885.5189672
117 31 23080202.12346458
117 32 46351728.83373449
117 34 4952365.260980144
117 35 35532192.31425613
117 37 88372039.40973425
117 38 57434896.030736275
117 40 152050528.83104566
117 42 2822776.8875520723
117 44 63478399.62082465
117 45 74053365.46269202
117 46 23061691.802873414
117 49 63553199.76693255
117 51 535482840.80389833
117 52 1184223.0926740158
117 54 81853216.11004736
117 56 126852702.63266048
117 57 1537466.5536210798
117 63 105796638.39253509
117 64 30317520.21711141
117 65 153202982.24796727
117 66 511721.5489581033
117 67 180339936.1929852
117 68 64504725.69050313
117 70 48519147.161624126
117 72 193952445.74329883
117 74 275106197.4284132
117 75 21994270.515570093
117 79 95843528.27129458
117 83 11275442.219324669
117 86 6961621.995234962
117 87 7554575.244359382
117 88 19521710.9173343
117 89 96758148.05948274
117 93 27605363.453816626
117 94 143164145.6963277
117 95 5435292.878616381
117 97 4008130.180968983
117 100 10012949.11104637
117 101 24983571.27312984
117 102 7877359.63383038
117 106 200343685.75454292
117 107 32051299.53806954
117 111 13064201.649127407
117 112 45228992.696117476
117 114 4217420.09940507
117 115 244804566.3669173
117 120 2147727.058047933
117 121 5547264.016746005
117 122 502283.27879045816
117 125 35815841.00164805
117 127 2529690.7045803904
117 129 129515594.57806237
117 130 144882790.44519144
117 131 65007602.74022289
117 133 74010401.46531634
117 134 8247095.228156734
117 136 16613163.35102609
117 137 267562260.56300512
117 138 52220174.526371956
117 142 9306780.529926596
117 143 11317110.42970902
117 145 5176883.1199365705
117 146 35053599.74865006
117 147 278575971.3858553
117 149 14235815.499501968
117 152 115371336.24078718
117 153 87880113.82372974
117 154 151655903.0725089
117 156 1249904.411810147
117 157 192608636.11057886
118 1 53662267.28588674
118 4 388153397.86332214
118 6 1852307979.7770658
118 7 752587178.8237032
118 15 24214610.6142656
118 18 3349189.1548092975
118 19 1912256529.6479344
118 20 11559495.455422277
118 23 3427281.5765343984
118 26 632456010.776943
118 30 283101036.9951574
118 31 164840678.37416995
118 32 429737228.30778545
118 34 3171286.24500877
118 35 47008676.48462257
118 37 170002942.98665342
118 38 38638970.09019444
118 40 2321705245.6087794
118 42 2087965.2660216347
118 44 176405527.011614
118 45 419096377.6739718
118 46 28163675.69521448
118 49 145604193.24368635
118 51 1300933509.5190532
118 52 9098353.147782736
118 54 478305641.9274048
118 56 540329442.2909342
118 57 692067.804905078
118 58 42412774.56951683
118 63 1725169.5938448554
118 64 3871901339.749048
118 65 223470110.35373166
118 66 6036374.780877321
118 67 105095311.12307113
118 68 51696730.72087783
118 70 647150338.3644781
118 72 1843858059.1551688
118 74 1445453279.789305
118 75 1982219.8271954826
118 79 701624128.9679474
118 86 2048153.0389612208
118 87 6227718.873562906
118 88 14629006.408529304
118 89 2555321391.8389673
118 93 23848570.08077891
118 94 1347847738.8562381
118 97 251181813.0260027
118 100 13809709.253410345
118 101 562104345.0460148
118 102 96443695.30787408
118 103 13953821.010385266
118 106 36053242.971039675
118 107 50686637.44318078
118 111 29370973.958615005
118 112 177271498.34954825
118 114 567982741.1738154
118 115 2159662458.1215944
118 117 167187088.38470295
118 120 2615366.499375274
118 121 2599453.794361246
118 122 1046465.4717588865
118 125 139740797.04810926
118 127 2572296.291516895
118 129 819684537.8811947
118 130 248801721.4260703
118 131 70192611.21805617
118 133 1292498867.6458375
118 134 62983953.18455549
118 137 1047268829.8230844
118 138 2170068667.8122244
118 142 4722944054.507546
118 143 1060783.9910063576
118 145 5592112.943198178
118 146 249161750.5131116
118 147 508971318.00133425
118 149 9842906.218304561
118 152 55939235.38346356
118 153 138211894.7306697
118 154 5517716772.928027
118 156 1487893.254392109
118 157 7564237.795384957
119 4 755928.7299307876
119 6 314049.2765171517
119 19 3014127.4715765445
119 26 1190042.6594477647
119 31 2193516.4423652263
119 38 288467.352308894
119 40 283467.25275814004
119 44 2886222.403673184
119 51 993824.3084494775
119 54 2080346.6509522283
119 64 119847.76502804852
119 65 496943.1510482303
119 67 1695785.2861480338
119 70 897864.6584798136
119 72 4863616.445192972
119 74 2224927.4845230267
119 75 2968052.8211218803
119 89 5309554.294230809
119 94 1761747.044867176
119 97 528668.784639053
119 101 2001956.9275696233
119 114 387188.39172343333
119 130 1333333.2997865423
119 131 312065.47053435683
119 133 2168299.1842948147
119 138 1268508.922180687
119 142 893457.9274956358
119 152 1486255.7746797039
119 154 40006.673418294806
120 4 4543110.80573659
120 6 4861990.333476849
120 7 1874342.1741254223
120 26 1397927.4620317714
120 40 1110752.9921171232
120 51 153449.76753714684
120 54 1636461.4587828058
120 64 748436.422166296
120 68 288065.65199482255
120 70 1145045.042783339
120 72 955588.4495606304
120 74 10374469.2159898
120 86 5795952.435713472
120 101 12281.053542894257
120 102 308790.53608069976
120 106 1242248.77404932
120 115 252398.0158080339
120 131 2352760.993915886
120 133 1830743.5251485787
120 134 185145.38962023193
120 138 1165720.9184523695
120 142 121212.70628818183
120 152 35329.73976041054
120 154 1727688.5577866787
121 6 3938438.751631079
121 7 1922992.6346821613
121 26 4138840.1736139157
121 31 16453.265373498936
121 37 20476331.936291784
121 49 989777.8455832386
121 51 3473976.4605227895
121 54 1556004.6263749374
121 56 5665298.929923234
121 64 354121.6527691233
121 65 2166700.4628677834
121 67 2979421.1523719816
121 70 5544396.237102149
121 72 1003394.4222690149
121 74 2873587.2411455284
121 79 15142014.187369235
121 89 3655294.265002568
121 97 2557590.3449088796
121 101 2962019.2071418557
121 115 2470120.211280327
121 133 620279.6144143566
121 134 2185848.223542608
121 137 4677850.838117258
121 138 16895864.745982606
121 142 4002468.9727217327
121 147 3872369.1913452637
121 149 510963.13717937295
121 152 5713460.388432896
121 154 4198425.484118166
122 6 789268.5751527958
122 7 530726.693064598
122 26 8343073.991524695
122 31 2895099.263856625
122 32 4226459.810711801
122 35 4239491.973863052
122 40 19598508.208871957
122 45 5396183.92624755
122 49 2175297.0732032675
122 51 524453.1493174271
122 54 2986167.12204527
122 56 4841239.558996314
122 65 246094.37535619916
122 67 1101584.764756971
122 72 3207164.1325029396
122 74 572358.6941132208
122 79 9464246.053954106
122 89 6733323.969143852
122 94 556348.6358734913
122 101 848050.736639698
122 106 4319851.102773574
122 112 679207.6806195074
122 115 296997.75987384457
122 130 2649170.115672086
122 133 29312.637599193393
122 134 2916260.4712859895
122 137 4755667.652255046
122 138 9426063.39937827
122 142 7601926.405583992
122 146 8159913.762151661
122 149 2769249.400019289
122 152 4682532.298375629
122 154 592340.6834849374
123 1 1597808.4196035413
123 6 4720578.68462129
123 19 822925.665499744
123 23 659267.7874219354
123 26 1153661.434657322
123 30 4639400.753713614
123 37 4901018.107856527
123 40 1358074.3958521835
123 54 4568239.021951769
123 72 2490757.3268308453
123 74 4636194.255663251
123 75 1195921.2377547978
123 94 1106469.9542841795
123 101 4836342.1684821565
123 102 683064.1078300144
123 117 1955900.175281885
123 125 1528473.335815511
123 130 5182397.104169134
123 131 135507.5384174223
123 133 3958852.3252421026
123 137 155328.8274009236
123 142 2771856.026941981
123 152 3783124.592170515
123 154 1154971.287036763
124 7 151806.15920950574
124 19 1397455.1482181526
124 23 107287.29779299829
124 26 670473.9876536102
124 37 625827.9344049586
124 49 307346.3410029031
124 51 225748.3570537225
124 54 240891.64334279334
124 72 19214.041812005074
124 74 353369.8194061795
124 87 126157.37921382076
124 94 349976.32907575584
124 101 40392.195511434686
124 114 245852.95904620728
124 125 103395.53106717083
124 134 83167.47917553797
124 138 287912.89143946016
124 142 174811.730344374
124 152 32654.28001724632
124 154 92054.00473890374
125 1 444059397.3315484
125 4 290404341.24528503
125 6 66721036.79891203
125 7 390202684.01499504
125 15 20338610.443991873
125 18 7160626.373693234
125 19 882436325.900836
125 20 17103919.666393552
125 26 1237296364.280914
125 28 1530219.5311441303
125 30 708953263.7419113
125 31 707004906.8136624
125 32 181307747.58870766
125 35 30007762.8324902
125 37 192869.06639935638
125 38 52229970.250054166
125 40 688407637.5870628
125 42 1714022.57482682
125 44 48126636.97293126
125 45 12212493.292292729
125 49 51583985.919133656
125 51 62954433.105048135
125 52 8847820.07827992
125 54 45222775.172925994
125 56 190207864.20642847
125 58 20105123.419508215
125 63 54324983.510938235
125 64 214672927.33846474
125 65 90498357.14837795
125 66 19223044.252354044
125 67 1042281030.1817844
125 68 320847656.38352543
125 70 494270849.75716275
125 72 3703587418.2885404
125 74 950085847.1271578
125 75 2100298.899650875
125 79 1680679091.269297
125 83 47966845.52612791
125 86 20327989.471805677
125 87 3738696.5312822517
125 89 975084192.6797957
125 93 53068661.20032369
125 94 654947498.751745
125 97 119456918.27122226
125 101 917213466.7023162
125 102 5010534.988747734
125 103 13407737.984618992
125 106 411086224.9595125
125 107 11565071.70150092
125 111 25865443.593175158
125 112 36701038.78891991
125 114 806204238.9291681
125 115 78589185.06778581
125 117 78989033.5750865
125 121 5216367.618932611
125 122 1184122.9893773417
125 127 5378910.1089597065
125 129 1125640200.114695
125 130 27596305.523503996
125 131 25425262.4467123
125 133 1065180700.0789267
125 134 458719.3876555289
125 137 261110705.07288346
125 138 2499116274.2206736
125 142 219306093.06280932
125 143 3362704.1061913962
125 145 1508773.2526876198
125 146 16071205.811642444
125 147 1055368565.592727
125 149 1707918.151752375
125 152 3993598310.973697
125 153 153249126.28564778
125 154 207964473.64691135
125 156 4578194.059747284
125 157 244516512.6571844
126 1 1810067.3079100258
126 6 37973046.215304255
126 7 1103634.2132244175
126 18 4118979.2214261848
126 26 2286687.9177574175
126 30 4008875.1381950574
126 31 5261996.694659755
126 32 1984244.1333649457
126 34 2413115.085108136
126 38 17373789.441431414
126 40 8135382.016164329
126 45 4787415.805729955
126 46 1739251.4255886006
126 49 90528.20060726994
126 51 21431767.702494647
126 54 9381493.856732508
126 56 21363832.580712244
126 57 259220.77523052678
126 64 5021131.035448684
126 65 5041764.561997077
126 66 9067630.429894917
126 67 2727689.3916828996
126 70 2308597.784789758
126 72 28856712.117239665
126 74 1973978.5396418786
126 75 32797506.159155652
126 79 5174640.300211076
126 83 5318423.892174121
126 86 2740956.4856188246
126 87 10645558.954737956
126 89 11860208.890644658
126 93 15023106.82571095
126 95 597859.2080820453
126 97 7702451.30790088
126 101 3586826.084274482
126 102 2342073.8789636237
126 103 7989811.941753315
126 114 8698000.29991638
126 115 16040621.37438752
126 117 7933090.602717854
126 120 2899803.783286425
126 125 8046435.26477643
126 130 9471391.503104731
126 131 8395582.441580422
126 133 237535.60161552386
126 134 15856008.42219528
126 137 15472202.933167532
126 138 16994076.36974641
126 142 2312549.7015350265
126 143 5207866.23659541
126 146 899314.3334123644
126 147 2871666.402243151
126 149 19142055.802601445
126 152 10323524.619934672
126 154 21351940.746708076
126 157 2848605.450713547
127 6 6863590.0700918585
127 7 1761956.3776546346
127 18 1870599.256875326
127 26 6260894.497222279
127 32 2248479.36327503
127 37 8207684.514041225
127 38 4830783.422468205
127 49 2688610.800587398
127 51 2033579.355947845
127 54 2931427.521787151
127 56 2883755.1261158525
127 57 455963.5012028367
127 65 512848.4400163984
127 67 630317.5698887148
127 70 1394410.1191044804
127 72 1135234.938466732
127 74 984759.8450381649
127 79 271770.78447937744
127 89 44888.00436520689
127 94 6968015.917313756
127 97 610923.9551520607
127 101 1738880.1294531787
127 106 1678447.6433627047
127 120 1091796.2653544792
127 125 2646263.7920538927
127 130 2280636.0650358996
127 133 4662849.713491384
127 137 433286.52497238346
127 138 1548713.1178544958
127 142 1517748.0718760167
127 147 217706.8164565449
127 149 1733518.7068757268
127 152 2303805.822399246
127 154 4500699.812507145
127 157 3193886.978043564
128 1 1074646.3052302054
128 26 3467678.458734814
128 30 1365719.8325974953
128 31 5800692.988869451
128 32 2792778.632260695
128 37 5233750.774783063
128 40 301224.2425359027
128 49 2610619.1722023846
128 51 9959.740202537077
128 52 711681.4351056361
128 54 2924363.5032549016
128 56 4691800.111079157
128 57 807066.2006836743
128 58 11984886.396282058
128 64 1188940.9419065285
128 65 84005.1500086173
128 66 2223788.22137936
128 67 2822863.0135708735
128 70 2435455.012817288
128 72 731189.3299415499
128 74 2306001.8859038954
128 75 1532434.680040639
128 79 6197706.2292885035
128 87 5551104.509484563
128 93 2552176.546668785
128 100 508950.80476143473
128 101 429902.3585445926
128 102 1089145.785323723
128 106 6991932.5210494865
128 107 1598985.961286277
128 112 264240.63408006827
128 114 1954486.9986166954
128 115 5016560.826239863
128 117 115810.60892696357
128 122 299786.99452756275
128 125 1772092.461262461
128 130 6780626.302023661
128 131 600033.7186203523
128 133 5177896.295397262
128 134 3570199.1237872513
128 137 866189.3765689891
128 138 7460478.274417373
128 143 1170207.7590478957
128 152 317414.6181242409
128 154 54789.06563803101
128 157 2536634.835095139
129 1 1207759898.9023347
129 4 4629611.520231233
129 6 2333279738.635821
129 7 377154773.59178567
129 15 10941050.250864008
129 17 2335030.3992695794
129 18 9966219.994560385
129 19 829351904.9477315
129 20 9748719.91808128
129 23 1544813.4897948923
129 26 3354838930.361992
129 28 920968.7747096166
129 30 441907096.2622973
129 31 2302833495.5399227
129 32 8101762.681932657
129 34 2943700.7272141087
129 35 15188952.877839755
129 37 41228388.86784457
129 38 53842844.98717612
129 40 10317075.46395684
129 42 3762713.4288163963
129 44 8584972.986698925
129 45 303092186.5403345
129 46 2253543.7766573094
129 49 540158400.726507
129 51 10945886105.357058
129 52 6955178.857597645
129 54 368863379.8826243
129 56 1128703215.443103
129 57 1180880.4454166172
129 58 10485987.303273411
129 63 21560086.81418908
129 64 4335140214.878739
129 65 8833921.795849107
129 66 3208578.1442005043
129 67 390258675.25024545
129 68 402453729.00723046
129 70 196558771.78076226
129 72 4094173249.9166007
129 74 3744128154.6164527
129 75 10582525.867070604
129 79 2531682991.8098607
129 83 8829912.637566129
129 86 2065132.124176985
129 87 5852610.478407134
129 88 13593855.950233283
129 89 2238080439.169737
129 93 37286757.81899768
129 94 3611922400.469917
129 97 146674720.63215077
129 98 4049819.126455469
129 100 14780189.292292854
129 101 371501970.1958713
129 102 204337446.55227306
129 103 8390033.771562643
129 106 395238253.5528061
129 107 5464816.275295843
129 111 50218332.176195264
129 112 214374897.68611255
129 114 533727295.1040603
129 115 140172256.44591153
129 117 84057965.29636946
129 120 482374.28076029615
129 121 2528975.790548678
129 122 1486726.39142963
129 125 179451189.98498905
129 127 248266.96530686773
129 130 11534307.832524676
129 131 155921076.73827857
129 133 4113205350.7723002
129 134 34257239.0756668
129 136 10369325.2884703
129 137 167605813.92140695
129 138 3840470785.2778187
129 142 574452255.3076689
129 143 557377.1256589986
129 145 8817379.174989661
129 146 75359994.37233964
129 147 100178653.43077385
129 149 4593137.235435575
129 152 19014211.119653128
129 153 15745312.708959628
129 154 2504586370.2549696
129 156 312964.62181810674
129 157 8601487.185084667
130 1 7419549.012634983
130 4 1498238.3743327265
130 6 26349852.47929308
130 7 148054950.4538389
130 15 5951386.675618086
130 23 123622.61156737056
130 26 86923620.72173212
130 30 81963707.2463301
130 31 9414113.132442294
130 32 118131031.30272545
130 35 55432184.787625834
130 37 39384552.47186881
130 38 47625701.23744367
130 40 54765821.003891855
130 44 17906384.02648778
130 45 93137799.98250082
130 49 213514428.94531807
130 51 39633453.82451321
130 54 737530444.5209683
130 64 207501166.826733
130 67 30767593.435562707
130 68 355523942.6972723
130 70 26271433.292568583
130 72 304890627.1162446
130 74 311009361.1317854
130 75 6262466.760580837
130 79 410449249.6532217
130 83 39008325.068149805
130 86 59134584.793451935
130 88 33605391.599231295
130 89 20232890.21041418
130 93 21838854.352217093
130 94 8164484.024826941
130 101 340983109.46121234
130 102 291124378.5733056
130 106 2804073.6274126642
130 107 16487901.78819822
130 114 20684812.96425949
130 115 14947562.367173485
130 117 29569686.665059924
130 125 50586057.279264964
130 129 120789894.88776645
130 131 228637231.09198582
130 133 196172681.69519275
130 134 92315165.34723641
130 136 4147746.350450582
130 137 130930368.5937545
130 138 6384533.202852826
130 142 84946384.04663377
130 143 69599.70869896087
130 147 17623786.166896023
130 149 1156238.6915685122
130 152 603236043.1423775
130 154 93148706.66396946
130 157 26885761.279699933
131 1 292144938.07788306
131 4 370599099.7856661
131 6 205068251.8732565
131 7 486573630.2477854
131 15 637806.1000899188
131 18 13359433.872491492
131 19 574013075.7975255
131 20 30589745.38327044
131 23 9183465.73555162
131 26 77654788.81671081
131 28 1626041.7886324013
131 30 158459405.82718736
131 31 1003672368.6668675
131 32 233471447.45980725
131 34 11749814.586442493
131 35 15420840.721638462
131 37 24077364.32748587
131 38 8003382.125977633
131 40 213278332.26004457
131 42 3766423.2078771805
131 45 18179332.47490642
131 46 19971748.90494036
131 49 63030404.55974289
131 51 639346428.7046955
131 52 2762426.227696099
131 54 335655812.8987495
131 56 405104806.3949929
131 57 1608493.9726245697
131 58 4105487.463298737
131 63 74834382.36539726
131 64 1231281138.0399797
131 65 125192230.58094604
131 66 15503935.126048429
131 67 442280253.4152091
131 68 250839210.1709407
131 70 50888873.54354937
131 72 1166680666.714218
131 74 226899919.55453485
131 75 61889972.75451221
131 79 102590062.65801989
131 83 31583239.95313632
131 86 46901937.19644629
131 87 3025901.42619459
131 88 13973439.302640572
131 89 365524382.8121456
131 93 12930525.789093725
131 94 223129489.82801533
131 95 20093148.11491066
131 97 156908836.96486774
131 98 13182669.509867432
131 100 3469307.5958196996
131 101 280390962.93123215
131 102 123549319.43210007
131 106 253603601.79943472
131 107 99848795.63066006
131 111 6707808.6318220515
131 112 26823299.120103873
131 114 242154381.85944378
131 115 52239365.72359096
131 117 147633568.71195295
131 120 1067313.6985835233
131 121 11414376.02022085
131 122 191632.5677344073
131 125 406552635.8296943
131 129 726424511.3597691
131 130 93386308.78247607
131 133 55599909.31887263
131 134 11998125.268227575
131 137 176346893.76884726
131 138 116700431.36098479
131 142 15161132.165571848
131 143 7304944.782224993
131 145 71680090.33907874
131 146 298556851.8880959
131 147 108721132.16682582
131 149 2258609.725253205
131 152 296589960.22444344
131 153 24452168.746519316
131 154 278771017.8071947
131 156 712038.0005390799
131 157 3152955.5295156627
132 6 4631015.955987157
132 31 7966369.349979633
132 32 5231540.467048499
132 37 1239708.4341974508
132 38 3095189.952387753
132 40 4761044.271294636
132 51 1080213.7585426606
132 54 16913281.01678638
132 64 3993755.0462431805
132 65 12703117.560286207
132 67 5014474.181866718
132 70 2030381.6382330274
132 72 6546050.42814114
132 74 2997051.588462454
132 89 1533142.0878790333
132 101 2075676.9573044502
132 115 2261187.350074815
132 125 4227251.008146846
132 130 2728494.6777628656
132 131 6890710.712878807
132 133 3914604.6255193814
132 137 165903.2370239522
132 138 815519.8540769934
132 142 6118366.461469952
132 147 3498765.003820248
132 152 600853.6800598822
132 154 3144846.988777462
133 1 233262021.25395253
133 4 1988111491.2575538
133 6 2448086480.221668
133 7 33439310.90415873
133 15 2168021.5390737765
133 17 151975.19606168603
133 18 33158231.431213927
133 19 2735815005.1175747
133 20 23488449.696870103
133 23 1107937.1658207749
133 26 466600316.8775935
133 28 934178.0943939941
133 30 951924189.1133157
133 31 8451662571.906359
133 32 468095340.032142
133 34 4100916.7514574225
133 35 48451371.5247824
133 37 5483247.014337259
133 38 366872.7941618855
133 40 3356023495.627165
133 42 683245.8257609932
133 44 43721748.91779036
133 45 199999842.0265371
133 46 1610243.2868473532
133 49 429563513.86883104
133 51 2193858707.091818
133 52 3574551.837372984
133 54 4760912419.462883
133 56 263417124.47646692
133 57 532426.6449833384
133 58 31759315.488689814
133 63 1162709.733086139
133 64 2074846885.1667838
133 65 361907447.2168406
133 66 20565556.115635637
133 67 1073288522.8477651
133 68 209726436.44441023
133 70 78419776.97032212
133 72 166856470.233435
133 74 9643922998.238361
133 75 6825039.567329713
133 79 1301166750.568187
133 83 27352174.075260013
133 86 11379323.184093349
133 87 485229.49304707226
133 88 16643843.410747558
133 89 2149763531.4785614
133 93 30244084.91892187
133 94 600939642.7940396
133 95 5588627.284840134
133 97 119645938.53187697
133 98 32766901.24069945
133 100 6490205.025869018
133 101 5740504855.327693
133 102 1384035778.4676845
133 103 5254925.833311388
133 106 782600982.4736308
133 107 37041238.60757504
133 111 50563661.467719465
133 112 35510838.224039555
133 114 1019757753.7151011
133 115 754717592.7438397
133 117 60117900.451335885
133 120 5187682.2478631735
133 121 5279945.278277193
133 122 894959.0449048795
133 125 36374411.57441353
133 127 1881996.5333022021
133 129 728185944.2654799
133 130 83643276.23986267
133 131 519978909.65069747
133 134 134642381.630676
133 136 13688912.95981029
133 137 1731485520.8496337
133 138 2748748794.9200506
133 142 92811864.07447384
133 143 2987846.4336062837
133 145 6886677.694259812
133 146 36066992.32992826
133 147 2005659.6758001097
133 149 7414007.59263166
133 152 648020852.6691284
133 153 1134414.3776745098
133 154 2223451291.5375524
133 156 2409620.7634403915
133 157 782171441.5247617
134 1 107083752.13864273
134 4 13723043.361352507
134 6 49482530.10794512
134 7 1947308.218312978
134 15 1051224.0661400761
134 18 27790191.838609293
134 19 27673742.530250333
134 20 33238915.23031128
134 23 583292.559823795
134 26 81483735.0029164
134 28 1280429.9277618327
134 31 93241981.75253843
134 32 64988364.31514027
134 34 3563347.6899045864
134 35 726558.1465592841
134 37 111574565.03026061
134 38 49645653.31646503
134 40 77384386.13225551
134 44 54497123.389147475
134 45 10583219.059959427
134 46 26305897.26053757
134 49 10679178.793570733
134 51 84394794.43936971
134 52 4275830.066738933
134 54 70807132.15347771
134 56 35878933.071736775
134 58 3022128.895620013
134 63 474185.7269093032
134 64 13920995.236293932
134 65 3550857.423472791
134 66 5985169.2388677625
134 67 137848524.50799918
134 68 42918905.22167801
134 70 32981474.193460293
134 72 3502797.8899033843
134 74 23968350.124662645
134 75 22897857.860370494
134 79 28826384.470156506
134 83 4216714.436633993
134 86 25482125.02895704
134 88 1292601.5025882223
134 89 34595924.303875
134 93 3941270.751148853
134 94 27191856.174083687
134 97 48594415.99536457
134 98 16949484.763155703
134 100 31210142.11654436
134 101 79409431.69705766
134 102 34524778.680809036
134 103 2337017.9145363686
134 106 63829726.1499396
134 107 41986085.81058183
134 111 14644324.391305946
134 112 49777966.99409463
134 114 28930572.387694605
134 115 42525252.486596674
134 117 20280129.9769849
134 120 2296716.027483916
134 121 3129033.465200288
134 122 725165.7308571708
134 125 128931883.48890752
134 127 300135.03314826556
134 129 22432304.533435144
134 130 10508570.228074435
134 131 140463136.62056673
134 133 55683781.779007785
134 136 97623.42998966399
134 137 23260654.241269436
134 138 14992859.131633796
134 142 234044228.61184004
134 143 179632.1228410161
134 145 16024510.887336353
134 146 63655996.773927756
134 147 81555463.45165792
134 149 10667950.714520292
134 152 4688466.669698284
134 153 58452854.96851277
134 154 106274822.02160855
134 157 5862308.25140568
135 1 11723128.412417587
135 6 2429065.3072935534
135 7 7648319.847977612
135 20 8708060.439831996
135 23 599975.9432760711
135 26 8469834.344009815
135 30 2300089.3538798536
135 31 9107755.794272294
135 32 2717919.5353289465
135 38 278542.4576156388
135 40 686558.4099613597
135 45 22921682.5425916
135 49 2141338.7045682953
135 51 6925661.025407407
135 54 3394423.9769678037
135 56 17092395.958633944
135 63 6731780.592221385
135 64 28958602.54794526
135 65 1976351.7776471921
135 67 751820.2736423155
135 70 2567730.235815861
135 72 27017998.513763085
135 74 148435.93821117104
135 79 46601027.604461074
135 83 4247585.752565969
135 88 6179151.683996722
135 89 86101948.31427743
135 94 9633704.905219942
135 97 2819063.5164360693
135 101 10112625.376540573
135 103 12943323.683109213
135 106 34421697.66544628
135 114 15528797.445698226
135 115 27392243.880175415
135 125 3473494.6297219493
135 129 1282933.600509381
135 130 836731.0191527156
135 131 9333208.429177342
135 133 16410193.386931797
135 134 788259.3237310563
135 137 5978175.744262886
135 138 9783657.01811653
135 142 10457217.499020016
135 145 5855233.777028683
135 146 3026111.709047387
135 147 15383095.363703266
135 149 1499125.45493943
135 152 5912444.344845057
135 154 9003789.949498635
135 157 3659059.8772317227
136 6 9869356.21786042
136 7 12679843.078912433
136 19 12240070.244698713
136 20 2544018.620918155
136 26 12161687.980257146
136 30 2442208.7781202625
136 31 1846120.7181529847
136 35 3204900.435207099
136 37 2375674.0720901946
136 40 1869536.0629816195
136 44 1738849.9296230306
136 45 20142677.856919378
136 49 11976224.495926311
136 51 7392084.737016317
136 54 10220151.221583117
136 58 1155700.1044902643
136 63 537684.3841553974
136 64 15623133.81752904
136 65 18715293.54747052
136 66 7582080.9315871475
136 67 3243495.6752762557
136 70 2733338.874102728
136 72 2563574.9306175667
136 74 11711091.637737688
136 79 7002859.784892319
136 86 2753118.24820135
136 88 2633301.4372088052
136 93 583715.0571379183
136 94 3277976.9345498066
136 97 10603096.904387359
136 101 2933600.7957159607
136 102 10197904.483739961
136 103 2472235.054181074
136 106 2487780.2155056717
136 107 7877789.887233819
136 114 186656.83499746618
136 115 10552787.590539629
136 117 3756312.4980745604
136 121 7185042.815745394
136 122 3669719.3655513083
136 125 1547304.247561729
136 129 1450392.788242359
136 130 1584982.3083760394
136 133 3636198.937196874
136 134 23982828.641591873
136 137 11075275.08097661
136 138 24163582.354279812
136 142 732937.5398892156
136 146 13325808.319867652
136 147 2159467.0285303006
136 152 1232481.4303477304
136 153 3692126.8683591513
136 154 6478497.494632714
137 1 241004329.34019193
137 4 50349746.950602405
137 6 161487412.67328808
137 7 19535255.43977199
137 15 2258070.3519771188
137 17 10545.843179637042
137 18 11139689.268915359
137 19 623277174.1171207
137 20 4391317.748642885
137 23 1858088.1000314213
137 26 1269816934.1356874
137 28 3687275.201622195
137 30 232806401.60446602
137 31 326169260.1093105
137 32 1162573288.8980103
137 34 3756262.504395778
137 35 93334149.41339007
137 37 142680858.07238156
137 38 3572207.196899956
137 40 609964262.0568132
137 42 576391.8201286481
137 44 13929810.752761023
137 45 187671620.48945668
137 46 157404449.16765097
137 49 388714222.28623384
137 51 346598406.4591092
137 52 706199.1232805173
137 54 5154933541.628267
137 56 30759207.948559903
137 57 1781763.3135863203
137 58 73187305.56231283
137 63 24559354.199708182
137 64 843994002.3445975
137 65 824725700.3452014
137 66 28328392.774547163
137 67 1366045409.7052436
137 68 624831523.0942329
137 70 88722023.38801514
137 72 344942670.7417682
137 74 922527931.4193954
137 75 86874411.99776697
137 79 599549609.524893
137 83 29816692.245498672
137 86 5820143.616725812
137 87 10542789.600300396
137 88 12395292.416082853
137 89 99590099.6432897
137 93 14374014.95597578
137 94 54883675.4201725
137 95 47269355.53256376
137 97 30874217.760965977
137 98 19519521.662240617
137 100 58785552.7539206
137 101 1964358286.4914975
137 102 225519305.62753862
137 103 37617979.53774212
137 106 582557441.7129067
137 107 63142945.13681224
137 111 48117586.372241475
137 112 309967089.95472497
137 114 74466276.99175684
137 115 55672891.19090156
137 117 52827666.50067965
137 120 1598602.0774926322
137 121 2275913.790620477
137 122 1268912.2923651356
137 125 1366795119.079916
137 127 6648739.513864373
137 129 1025929131.3915348
137 130 100992997.69530825
137 131 114561833.17587309
137 133 415987290.85393775
137 134 53406879.715400636
137 136 3346513.14303735
137 138 1246456077.0552459
137 142 136146373.44070718
137 143 2961327.105795145
137 145 9260641.873551013
137 146 241017492.81105664
137 147 187547706.44766638
137 149 6802579.366048551
137 152 348770657.5915224
137 153 26729478.365412816
137 154 5434740782.75293
137 156 502191.7399638935
137 157 101863309.5168475
138 1 429638746.35119736
138 4 658136898.569709
138 6 3244361332.807675
138 7 9465647799.833275
138 15 2072380.2590286327
138 17 1967058.5984315218
138 18 33972262.5293854
138 19 601643317.8707733
138 20 13200696.047237528
138 23 3760157.680150526
138 26 14839552894.533789
138 28 222771.99742851092
138 30 449007032.76040053
138 31 5579505934.595121
138 32 622927240.2665843
138 34 2887694.156713491
138 35 3607139.6113363276
138 37 9897743.950646672
138 38 7849961.808698543
138 40 467510617.80259174
138 42 294388.47639483307
138 44 55706435.03720226
138 45 166090948.62606177
138 46 100795480.83091035
138 49 358122029.1014364
138 51 487590716.01028323
138 52 713132.262613075
138 54 2040940239.4748862
138 56 1382639262.250092
138 57 3044666.6904765842
138 58 31666419.990624037
138 63 32395144.244271766
138 64 4780218916.945922
138 65 181686918.65502915
138 66 24131692.258615796
138 67 2209299724.927205
138 68 571770039.1707693
138 70 560358551.1785852
138 72 1274291579.105694
138 74 1023111210.1656952
138 75 24101495.558722757
138 79 149218639.97625184
138 83 6777459.223763028
138 86 36711172.17689801
138 87 2559485.336790836
138 88 25223082.098660808
138 89 155909072.337622
138 93 7986988.783680514
138 94 651256251.2070838
138 95 3336110.781101181
138 97 17496680.503165092
138 98 8531131.065480612
138 100 11226830.130929168
138 101 1503725118.5608308
138 102 154995772.1951915
138 103 5111215.438484842
138 106 1983318768.4764042
138 107 260023568.2474143
138 111 6024637.08752751
138 112 33275293.64776907
138 114 1072395164.1727942
138 115 1595539711.828499
138 117 365046234.3860129
138 120 236687.81893957572
138 121 4576365.881622548
138 122 1235341.5343818706
138 125 457859672.2124659
138 127 3790552.778762542
138 129 2107113951.6362052
138 130 76792687.90635946
138 131 287023863.1751194
138 133 6436288933.031555
138 134 70596379.63911678
138 136 21611979.178710103
138 137 1216875767.5506217
138 142 535382058.9371614
138 143 2491779.0154007445
138 145 111957179.24094483
138 146 13843272.831181828
138 147 394637095.48779225
138 149 1614995.9927627107
138 152 439423162.30236155
138 153 118655737.6049774
138 154 1139067557.2978332
138 156 2961046.0124879214
138 157 42797733.661886595
139 1 33519105.039061945
139 6 197969325.0362235
139 7 178787331.19711223
139 15 12216140.102505315
139 18 2163453.687751783
139 20 13665789.66337793
139 23 1880286.1684650104
139 26 28073550.16180329
139 30 53455123.78713515
139 31 19288192.97257608
139 32 54614401.208648406
139 35 43967086.064672545
139 37 9154146.98461052
139 38 28168640.924728278
139 40 6726140.056270558
139 42 567406.8290518698
139 44 4753354.01042051
139 45 15138260.15023284
139 49 5124651.7169564385
139 51 5395047.87472064
139 54 49109781.63715891
139 56 37372018.26340733
139 57 603837.3731085167
139 63 13835617.963387338
139 64 56230050.366745405
139 65 68730439.76948404
139 67 47738749.722465724
139 68 103391541.97397265
139 70 7626162.1644080365
139 72 34648606.107410856
139 74 166213339.70054808
139 75 61221185.405479446
139 79 664973.0904577954
139 83 12387333.14921594
139 87 479282.9156018591
139 89 20129075.658185955
139 93 6591122.855675885
139 94 130962460.6398606
139 97 49572185.86544051
139 100 13607.013070022083
139 101 1300919.2913161216
139 106 23221693.32497183
139 107 43605148.54417583
139 112 39142962.49241839
139 114 140836644.24881104
139 115 17064035.967273083
139 117 17264669.111872103
139 121 21357.97845802077
139 125 31095617.725620504
139 129 117039320.24242418
139 130 3365742.4614596367
139 131 141699743.2857716
139 133 18558682.491100844
139 134 64165585.98747606
139 137 14261143.20031559
139 138 3735494.3620609115
139 142 7868212.759572146
139 143 1275498.4864266005
139 145 14147620.020780066
139 147 15289694.577241575
139 149 18662130.99806054
139 152 68535600.66928329
139 153 7091457.755726294
139 154 74793204.57190493
139 157 65300726.91185305
140 4 14251452.106512012
140 6 12918480.28347944
140 7 18829574.95343908
140 26 32757243.778295234
140 31 21019937.658470135
140 35 2553196.670705183
140 37 5626550.242287456
140 40 2629974.495757322
140 49 8756962.927092455
140 51 10596540.338191042
140 54 11272144.399761586
140 56 1407581.8113898826
140 63 617391.7946475027
140 64 12778856.718344824
140 65 1790579.3275504792
140 67 29549384.395072334
140 70 1891535.551278836
140 72 36661141.29365472
140 74 8492952.855152436
140 79 1212451.8108029754
140 89 2401080.771302334
140 101 5645372.479319164
140 102 3004403.691858038
140 106 5800472.747382025
140 107 12868855.257591147
140 112 17605271.78174753
140 115 2494153.822263214
140 117 4129622.7724684146
140 133 1960985.9122792068
140 137 609166.915380519
140 138 27432844.561178204
140 142 8213147.115787668
140 145 7508427.767802613
140 152 2140050.5859301183
140 154 29013123.971857484
140 157 268100.6393628978
141 1 7998518.565952391
141 4 20492492.540642604
141 6 10537429.895682525
141 7 6456521.534936146
141 26 12352249.995451646
141 31 6059918.082982148
141 32 8513917.756147701
141 35 11851688.548055898
141 37 12946503.829340653
141 40 3672169.1522001415
141 45 8514005.68484164
141 46 29606895.88027689
141 49 4716512.452595148
141 51 31334907.946317393
141 54 8835069.772660362
141 56 9704924.42006229
141 64 7821867.022004549
141 65 1275874.2539141884
141 67 644711.2662009442
141 70 2141873.893333111
141 72 4535317.26747702
141 74 15647918.370423676
141 75 16742734.488645505
141 79 21878175.58636548
141 87 2316327.698026911
141 88 493468.1862743996
141 89 10568951.265254142
141 93 130357.6958061627
141 94 12787611.645485511
141 97 2334123.151828666
141 100 7619940.264245028
141 102 8260014.980592671
141 106 5134004.863941463
141 107 34470.96997991756
141 111 7331317.925051999
141 114 19003901.709549118
141 115 3891159.5979431868
141 117 32146576.227758195
141 125 722570.0399784064
141 129 4071420.43721392
141 130 743304.0164997561
141 131 5980427.713132295
141 133 36101691.38839124
141 134 210995.25837926602
141 137 7298010.4703651
141 138 8088355.934824005
141 142 9541112.5100443
141 145 6703266.259425968
141 146 5979941.8706920855
141 147 12227593.645452978
141 149 1621580.674403687
141 152 18492914.59409913
141 154 22611719.064171135
142 1 83726964.55806099
142 4 713898347.5899359
142 6 638449801.5700655
142 7 1463666990.4192483
142 15 801125.4261338764
142 17 3743808.8583978387
142 18 15033097.53977884
142 19 1224523723.656143
142 20 49550182.36101735
142 23 6832677.355497858
142 26 40979410.10907416
142 28 254613.54026840578
142 30 8519532.124220073
142 31 55041636.03098225
142 32 161321095.13421205
142 34 246089.53561831184
142 35 40952363.31339482
142 37 3444898.431735633
142 38 18734626.234964248
142 40 626301864.2439647
142 42 696852.415889447
142 44 3156022.7797402833
142 45 46417580.39517397
142 46 24487403.695541922
142 49 110833747.4526015
142 51 2177990385.045342
142 52 16552258.81602991
142 54 662497711.2409815
142 56 47566313.95232857
142 57 95706.13614427889
142 58 80429073.53220414
142 63 26044696.134315424
142 64 2061779322.9925106
142 65 98113962.3120491
142 66 31093836.311678417
142 67 708789407.7894516
142 68 602122486.7967457
142 70 122464216.78860532
142 72 417944289.3635663
142 74 922868039.87227
142 75 81152966.51455058
142 79 299390482.91193104
142 83 24680632.588728566
142 86 3135018.199231743
142 87 3707810.870198793
142 88 13088818.014997086
142 89 558513082.1749926
142 93 10621434.699923659
142 94 233708038.6061782
142 95 1317358.2235949293
142 97 8467090.851731747
142 98 6412073.577350824
142 100 39490369.682248645
142 101 153950412.16380432
142 102 425704555.7612756
142 103 2245945.052936581
142 106 564520072.4101686
142 107 20448470.093167882
142 111 2171098.2960420125
142 112 326121711.9820894
142 114 7844182.01031715
142 115 104337401.80654062
142 117 106196929.10443686
142 120 5985543.126764966
142 121 6973319.303847913
142 122 136647.15591133916
142 125 733321924.5636377
142 127 5822260.8443851145
142 129 1467899973.2609384
142 130 23380756.490003392
142 131 53102136.44851395
142 133 1432751386.5444734
142 134 124010986.48867652
142 136 41736406.83565032
142 137 290394859.37850934
142 138 214896357.17296335
142 143 1379760.789893109
142 145 1624.9081632928114
142 146 72797295.44755907
142 147 429584220.57710934
142 149 8729699.66140534
142 152 1680537968.6142905
142 153 27961335.484285522
142 154 9693085.54962568
142 156 939485.3265697969
142 157 14910414.879212076
143 1 5406544.038753341
143 6 2534062.7107750177
143 7 7331697.362827994
143 15 691003.9030971781
143 19 6157202.741008992
143 26 2506411.2293114383
143 30 8872131.829155535
143 31 20759919.4140787
143 32 132461.30124927193
143 35 1624910.041948132
143 40 1498203.5609893359
143 42 343560.0798552113
143 44 1319209.3803594066
143 45 287176.06569779303
143 49 7649014.019845567
143 51 6293619.934646032
143 54 9553492.99747632
143 56 225804.0053189376
143 57 3624339.046054855
143 63 6077423.080204308
143 64 6956036.082508059
143 65 7698770.034931283
143 66 762971.3195767793
143 67 1844989.0937118628
143 68 9598259.54321082
143 70 350326.7190581947
143 72 4492471.009765358
143 74 6481798.93516684
143 75 1913049.5630467255
143 79 3851669.3465612433
143 89 6345742.335543297
143 93 9668905.444988588
143 94 362535.54145436746
143 97 4554321.166221599
143 101 1369067.8812094417
143 102 6924620.269433465
143 106 7525107.162342574
143 114 5235423.184545905
143 115 1478935.1711292514
143 117 3088356.291936464
143 130 13845763.81587081
143 131 1808808.424736319
143 133 7138372.773559904
143 134 12310903.2765923
143 137 1406551.8698092992
143 138 1008569.8439414954
143 142 6698061.967613872
143 146 4112840.9301055293
143 147 162283.6188978812
143 152 2217998.308168795
143 153 6351787.216242705
143 154 2225285.847317304
143 157 2992313.8005124102
144 19 3692710.0525258407
144 38 2686054.27858144
144 49 500620.529856498
144 51 507926.4462882689
144 54 749082.8515426031
144 65 546737.3907455681
144 72 1073741.1439357677
144 74 1546623.651905936
144 79 158634.73200573272
144 101 2072285.1823103845
144 106 346411.66245086316
144 115 3274482.3436161764
144 117 1079533.3616096452
144 125 1213376.129424397
144 133 1746060.663456562
144 137 363751.9179292621
144 138 3595277.4379481017
144 142 801031.8892474629
144 152 950803.9498567304
144 154 1172555.830391645
145 1 35159564.269737676
145 6 22242508.549794413
145 7 187570280.01617017
145 15 2747103.3140703873
145 18 7905445.630418472
145 20 6259997.1666447045
145 26 157164857.48611495
145 30 49342070.19828494
145 31 36271175.855179444
145 32 173485713.08936968
145 35 8841448.268235013
145 37 15162484.461413527
145 38 32070768.924804922
145 40 54829246.93319893
145 45 115002085.18680024
145 49 16182327.207468474
145 51 11662461.83015952
145 52 13378386.79595396
145 54 1672351.189153984
145 57 698059.422100706
145 58 23933220.438889615
145 64 26428281.18582013
145 65 80563167.11588857
145 66 11023284.740137912
145 67 11895742.415462187
145 68 3725886.038010934
145 70 14386324.664390033
145 72 4754167.061119851
145 74 13279938.945236087
145 79 10505311.937103279
145 83 10113022.037880495
145 86 14629498.167427998
145 89 12644722.546856005
145 93 26565773.54603176
145 94 340268.5609462122
145 97 7593681.5375334835
145 101 4085213.4051638413
145 102 15204880.144725725
145 103 41830555.20489862
145 106 21183651.680276234
145 111 1466164.696029139
145 112 17132647.551470764
145 114 27294094.68157706
145 115 94227289.26965556
145 117 15633624.0970065
145 122 9068.851664991373
145 125 19337078.32886316
145 127 2036908.4388677466
145 129 66108535.88784292
145 130 12834519.431590367
145 131 25984829.56204803
145 133 247974106.47024667
145 134 36174035.562095724
145 137 22366183.650768273
145 138 7284068.238503758
145 142 64734699.216016084
145 143 2584935.190021335
145 146 4042131.0904804138
145 147 26308673.929182414
145 149 3394893.216434469
145 152 81069363.56974222
145 153 6094499.449540984
145 154 16274603.542126574
145 157 5933007.198754988
146 1 91906567.24433617
146 4 533596284.631223
146 6 129296809.14197499
146 7 5995357.817567499
146 18 6178757.369376893
146 19 54984319.70222819
146 23 7590308.959771744
146 26 114571211.81328729
146 30 44574771.14945438
146 31 90195276.884347
146 32 22979096.809720002
146 34 2089241.3957474334
146 35 49787343.51621379
146 37 19904033.37408272
146 38 47884363.35544589
146 40 70350035.967822
146 42 1910042.621519653
146 44 40349137.58392338
146 45 26885467.785012245
146 46 9629694.51236491
146 49 1846254.5467602115
146 51 39562575.38616061
146 52 21190904.379920222
146 54 172378232.68772087
146 56 25765794.558018994
146 57 305097.6737619556
146 58 42406157.07811944
146 63 2226764.018723511
146 64 115057694.5810727
146 65 31127913.6560611
146 66 587212.6972085031
146 67 47077170.974613085
146 68 258909841.98375234
146 70 57911614.827687055
146 72 5656294.384007151
146 74 82582099.84073776
146 75 33710873.56848995
146 79 60011158.62406
146 83 25704604.651352223
146 86 4346916.9375489075
146 87 7571221.310958055
146 88 14709076.768181598
146 89 6348050.405069366
146 93 35981436.54910603
146 94 98745172.86364312
146 95 13011928.796070274
146 97 121448542.84005678
146 101 22554314.712123502
146 102 3376082.7277701804
146 106 13453895.39291863
146 111 16702045.33958136
146 112 73133331.0806439
146 114 1532118.6882153654
146 115 51190326.25941019
146 117 107633825.49939005
146 121 5194132.821536133
146 122 2878255.567649792
146 125 268675187.9866897
146 127 6369720.403995669
146 129 74821914.9161271
146 130 159917227.5630041
146 131 98486740.1220377
146 133 70109386.74742807
146 134 112182527.55047058
146 137 144494981.58850738
146 138 88961008.01292117
146 142 71289982.30840498
146 143 2896003.253729898
146 145 9876726.171681713
146 147 26261200.22473868
146 149 2008005.8336095745
146 152 4961539.096584491
146 154 16692924.517878246
146 157 30803439.395077016
147 1 13909087.28639826
147 4 702419279.0050591
147 6 1660868.0978843872
147 7 210710325.86520275
147 15 6349349.508520922
147 18 18228772.17928501
147 19 63939371.201990075
147 20 14378100.012495128
147 23 7458169.947081196
147 26 58745817.927721664
147 28 7073368.976942028
147 30 45508087.460969254
147 31 500688434.8048308
147 32 73428584.82725798
147 34 169343.9693813524
147 35 61168913.79123272
147 37 175637270.95142424
147 38 19219422.5184076
147 40 413038437.5585821
147 42 301410.1806672203
147 44 34843268.43028453
147 45 190983600.8062265
147 46 40203022.595748805
147 49 37677419.80265484
147 51 113702237.41170892
147 52 27191405.869656265
147 54 411697628.2747456
147 56 257643895.092879
147 57 416678.8108133952
147 58 4615543.998827032
147 63 35251668.86154208
147 64 1289360149.1876094
147 65 281817223.2375658
147 66 1648862.3643931083
147 67 13479969.374087013
147 68 36179665.246632844
147 70 42354710.488680996
147 72 23300362.358492807
147 74 68191472.22754076
147 75 24678687.474760167
147 79 289379454.1993483
147 83 8885371.003086632
147 86 160811059.1667534
147 87 2872347.1811064123
147 88 9291189.83568889
147 89 375323451.73911905
147 93 33943659.95595455
147 94 15287806.497930594
147 95 26062592.89570032
147 97 42351602.508969896
147 98 1771203.7537917306
147 100 2332862.2357076867
147 101 1580861491.6923003
147 102 5964927.399031521
147 103 7810626.036615693
147 106 944791082.4300133
147 107 34957312.232718065
147 111 28940566.213702936
147 112 78109633.91382341
147 114 26632354.988077022
147 115 232416285.51425764
147 117 221991639.54297227
147 120 1501564.6188238612
147 121 15240516.800898612
147 122 3499565.5525378576
147 125 614739346.7110387
147 127 1104015.527692163
147 129 217652958.53035477
147 130 30086922.176810563
147 131 277883014.6682983
147 133 32905635.1922618
147 134 32914652.53798331
147 137 820428685.9720017
147 138 628025142.8471459
147 142 1213644262.618762
147 143 12465754.629095362
147 145 9255402.013048803
147 146 118230913.46425101
147 149 3162438.7441356326
147 152 5401545.613205516
147 153 48960306.96631602
147 154 362981013.21083754
147 157 4833044.169878553
148 6 1974298.5181164457
148 19 58314744.24850568
148 26 15219672.348537862
148 31 12929437.906624923
148 37 4216278.40823334
148 40 24688856.152432684
148 45 80011449.23239022
148 51 900755.9271036363
148 52 7417950.514777965
148 54 17777462.461573478
148 56 4198569.607860189
148 64 18318598.865356464
148 65 9442847.588011954
148 67 20207219.333529945
148 70 7159977.378251582
148 72 38289787.49196913
148 74 1265721.021612432
148 79 94654393.92250726
148 89 12859126.092293913
148 94 10019226.838469572
148 97 6631036.048770285
148 101 445854.34368065576
148 102 16878344.03535183
148 106 19655971.838908494
148 112 16426045.07583225
148 115 6716808.19011121
148 125 36840378.22310435
148 130 5213250.711301643
148 133 15699141.364656182
148 137 3634313.5422991
148 142 16692792.886597779
148 145 3573049.3432999672
148 146 51831380.53619294
148 147 5681571.753749895
148 149 3034149.682563629
148 152 5610190.234115212
148 154 3012591.9722478995
149 6 17807882.505875364
149 15 153032.06052514657
149 19 1781305.2300899473
149 26 18745436.951917842
149 30 6407257.17696911
149 31 3168588.968269481
149 32 6431225.528490767
149 37 643939.7203194785
149 38 4953704.598880474
149 40 33099278.38027759
149 44 5440042.323480623
149 45 12058253.910851257
149 49 13663206.954603849
149 51 4406382.705890486
149 54 6862377.703375603
149 56 892192.9240515021
149 63 1767411.1128906421
149 64 1014457.1725322851
149 65 2108281.889359087
149 67 2249085.5528985416
149 68 4404099.106090318
149 70 19801908.03232828
149 72 5000679.337520788
149 74 5960.964819496541
149 75 510931.0983296947
149 79 13834524.932106616
149 83 8085040.599875091
149 89 19896530.15957285
149 94 1263354.9529986063
149 97 26551509.13490408
149 101 17332101.01213564
149 106 52036859.06950258
149 112 5833695.519420673
149 115 13658391.581814006
149 117 792447.4901259835
149 125 4005095.4815673814
149 130 12637723.772238819
149 131 15378990.45369215
149 133 228127.01604882735
149 137 5098346.4930537185
149 138 469490.79701009026
149 142 1890323.7744971986
149 143 1439405.413185559
149 146 5156074.730838254
149 152 7542156.615772733
149 154 17866165.098503564
150 1 36960590.03233417
150 6 141645653.34615073
150 7 10037206.955178622
150 15 7004117.40062412
150 19 8332106.816087892
150 20 1083995.9272316138
150 26 200495118.56764287
150 31 77176329.40850256
150 32 20110460.02630348
150 35 35059364.25741631
150 37 38510182.35667171
150 38 34478142.01683877
150 40 159617041.34312385
150 45 41465690.43239823
150 49 16787456.424458727
150 51 703112973.589544
150 54 48458925.68169819
150 56 257781286.90243638
150 57 2637087.092991027
150 58 26067913.643463697
150 63 34127126.83144722
150 64 196834852.89745358
150 65 214885080.9453883
150 67 102007549.2622747
150 68 153911285.54956192
150 70 113043144.6309648
150 72 115444755.16817488
150 74 240486323.18911898
150 75 11116001.719785945
150 79 160434738.38852876
150 86 7485499.491072528
150 89 338561934.4878061
150 93 66348649.571824126
150 94 138211693.12292427
150 97 149059898.07932907
150 101 5929177.491157494
150 102 6028320.180789342
150 103 4037585.353611173
150 106 1946787.992699631
150 114 254086399.44290116
150 115 112207416.39077811
150 117 1063110.1575369237
150 122 959595.1518538024
150 125 24641694.386001855
150 131 160702624.59466878
150 133 216534010.83856234
150 134 38229989.10998291
150 137 206845574.4358066
150 138 109553405.43359305
150 142 96828572.29695022
150 145 22589436.734720115
150 146 13162180.435372839
150 147 259007446.93901193
150 152 108844627.17205729
150 154 197859782.96705872
150 157 70011461.12538569
151 1 25378376.47625404
151 6 9006551.885511793
151 7 478304867.8664496
151 15 2514789.623319202
151 18 32472746.51124017
151 19 42227773.569487676
151 20 37834731.7238612
151 26 39829591.333689995
151 28 2637410.646855645
151 30 91949659.19509968
151 31 486683548.4793878
151 32 106566232.53565538
151 34 4249888.240577555
151 35 79370825.05368245
151 37 16370485.588266771
151 38 16452332.228711462
151 40 49117794.32869598
151 44 22996760.673244994
151 45 286923040.9269204
151 46 33632976.10789479
151 49 92021063.63352817
151 51 452999265.8527071
151 54 532905267.1388813
151 56 146141076.5713725
151 57 3068679.900672593
151 58 84372565.1292224
151 63 11307900.237611473
151 64 38179933.546528466
151 65 40925342.094220564
151 67 236642193.61444643
151 68 113760458.28661476
151 70 308751625.5547764
151 72 167719625.42771518
151 74 266218743.46366507
151 75 44070507.07617326
151 79 87353596.02811667
151 86 18361392.51538852
151 87 15969356.264805144
151 89 85648074.77709389
151 94 113184687.89218628
151 97 22546189.059150834
151 101 183136559.62906232
151 102 23267727.921809684
151 103 5013590.7513869405
151 106 151307777.67820075
151 112 35528467.7569279
151 114 200228557.12432724
151 115 405564108.9865436
151 117 46641572.01185707
151 120 229694.389105841
151 121 3167743.773417329
151 122 308766.0795193073
151 125 80720480.06594245
151 130 25735308.20458366
151 131 29854114.589248903
151 133 6401184.6557389395
151 134 225291656.13544425
151 137 1139259404.5281734
151 138 572391647.6511174
151 142 170515434.00165573
151 143 5304182.628379024
151 145 2928987.348432027
151 146 97917127.21971415
151 147 54965130.92598244
151 149 30386218.816638686
151 152 194344395.50467414
151 153 11244964.401610604
151 154 761483245.1868502
151 157 27617622.41981836
152 1 105648570.49340808
152 4 421129299.2532455
152 6 657042591.8336636
152 7 241814017.65616313
152 15 248069.79276260186
152 17 1227195.6799135418
152 18 15470215.450078648
152 19 1799276318.0162055
152 20 13062826.792223064
152 23 195084.31381135972
152 26 8418442922.68336
152 28 5282971.665954532
152 30 76983449.71104223
152 31 691331949.9155531
152 32 418931959.4667434
152 34 12757906.973928945
152 35 7578559.597854247
152 37 22187673.06029824
152 38 27011088.72864637
152 40 917479177.0004467
152 42 844355.1069440849
152 44 363137.63160855934
152 45 153231992.00463456
152 46 29722102.86044237
152 49 509846888.69303143
152 51 15319989291.9981
152 52 33738566.59009268
152 54 3357209118.4344625
152 56 240657056.9250776
152 57 658163.2737252001
152 58 40055385.254001394
152 63 9008183.811045527
152 64 14270635548.920341
152 65 29141835.214936476
152 66 73888439.33494611
152 67 248036312.48619634
152 68 680176049.8084732
152 70 186077896.21712527
152 72 16567308531.663708
152 74 26958737737.389473
152 75 176630906.51065814
152 79 1235860560.7547908
152 83 8772640.574405055
152 86 42487462.63854834
152 87 4849302.174686786
152 88 34984009.08350047
152 89 1092152200.5831218
152 93 20662248.043917306
152 94 743133914.9331774
152 95 57789736.36432655
152 97 135426522.04184395
152 98 15340675.491649745
152 100 39100104.33167085
152 101 19796214036.6566
152 102 85245863.60856628
152 103 14299229.798103284
152 106 1984838218.6333742
152 107 69048492.07930456
152 111 2191882.8919838094
152 112 192709234.09142655
152 114 576269086.3991058
152 115 300935218.812147
152 117 28533994.60481808
152 120 219894.62498704644
152 121 1436988.5962626748
152 122 632983.2591777947
152 125 572264919.9113902
152 127 2969199.8548296993
152 129 4665816947.42327
152 130 37737490.966838405
152 131 115185477.37075172
152 133 399312559.20860213
152 134 27879638.637561783
152 136 20814270.312331427
152 137 1695224851.5296547
152 138 8844478077.099031
152 142 54580326.221237004
152 143 4878609.358497519
152 145 6751472.681326793
152 146 142340122.31162477
152 147 795921623.4734651
152 149 4085688.8247793536
152 153 48917322.75635663
152 154 21864672568.373493
152 156 510574.4138730949
152 157 15665202.85185479
153 1 149872675.18069544
153 4 7467693.848293315
153 6 1207202.0882107122
153 7 27012530.12120375
153 18 10115792.23094634
153 19 12021722.445110325
153 26 120375002.76741765
153 30 1942861.605126511
153 31 17911661.35210247
153 32 83254491.24619566
153 35 9174149.785077613
153 37 6714393.067350404
153 38 4603262.313227559
153 40 194449312.92182463
153 42 4559676.651489668
153 44 38349771.99779681
153 45 73676383.76237462
153 49 75205873.39712764
153 51 47144624.313673206
153 52 24369852.402310714
153 54 22437281.844681602
153 56 22950549.492307276
153 57 1299738.7304037062
153 58 19460822.680881277
153 63 68189690.97238529
153 64 31691046.661484383
153 65 36957112.50976767
153 66 2415652.978854465
153 67 51133932.15435972
153 68 25226064.02587853
153 70 9823706.9152826
153 72 42868867.71756318
153 74 3904218.3254300365
153 75 35912645.346128404
153 79 153728528.45574152
153 86 18591000.014191564
153 89 31664079.68419938
153 93 16925550.32929267
153 94 48646306.56139794
153 97 85528745.01478942
153 101 66245222.81648944
153 102 31315457.64866902
153 114 10812849.654390536
153 115 11013146.722094506
153 121 462748.4320970505
153 122 2052120.5910303704
153 125 48810319.18898259
153 127 1624312.7747040973
153 130 11194572.381823113
153 131 20180686.617644116
153 133 112887684.05607753
153 134 4244323.355307731
153 137 5101063.48630525
153 138 123211662.82402976
153 142 52045616.93011086
153 145 984900.7469453659
153 146 21207982.83062543
153 147 227430.32739787668
153 149 203188.25614058663
153 152 29678560.553653993
153 154 310194251.0915495
154 1 583710037.3883572
154 4 582382964.2615788
154 6 2574500734.9034257
154 7 604407472.8189806
154 15 843466.0886975462
154 17 1320125.8343473775
154 18 25600572.413765315
154 19 2054972064.9435196
154 20 12521625.509878855
154 23 9469551.144994358
154 26 13007853240.15568
154 28 1764421.4096055187
154 30 18260030.538087476
154 31 23113823217.77367
154 32 50109274.94529477
154 34 5227867.407422113
154 35 50333417.16830548
154 37 54772661.44458598
154 38 37454143.67002178
154 40 168684415.25268498
154 42 1445352.500608941
154 44 165929472.18233305
154 45 2344960.759886408
154 46 9055067.375412352
154 49 238413478.88602915
154 51 10243036383.916452
154 52 8944989.25181553
154 54 16880442452.03836
154 56 650162566.7206067
154 57 682915.7914477626
154 58 7405451.21459514
154 63 32902609.70535418
154 64 6778723845.835942
154 65 349896358.1981757
154 66 9257151.8906914
154 67 1908625763.7276216
154 68 8845588.99379301
154 70 1239321047.5952468
154 72 17423892708.72607
154 74 37471379765.800285
154 75 97630998.86277495
154 79 4474181689.218588
154 83 8076450.255531135
154 86 6797982.627827218
154 87 3425433.425186802
154 88 3258880.475058625
154 89 354221274.9089114
154 93 69185088.38382947
154 94 2315199487.56851
154 95 931836.8291931124
154 97 63410427.382893264
154 98 1149107.4411150832
154 100 26872174.739406075
154 101 3020950857.2861724
154 102 103806655.7818046
154 103 9049833.26791043
154 106 1820237.3971455737
154 107 156971905.6845947
154 111 45130426.71618398
154 112 33438255.150301322
154 114 15214328.010135336
154 115 105933200.06252669
154 117 91037879.84079017
154 120 6561746.590274076
154 121 10825954.070718698
154 122 332458.9320654063
154 125 674397462.272477
154 127 2643571.083075815
154 129 4023102209.6298575
154 130 30418001.161157433
154 131 187568482.0173609
154 133 7399485690.043277
154 134 60264196.06139277
154 136 10907730.42285616
154 137 1335879509.5921135
154 138 2381549141.9236183
154 142 4413580382.650461
154 143 9639484.064540328
154 145 5231944.859013037
154 146 31391019.592378266
154 147 44693509.206845246
154 149 7028086.114516202
154 152 39433969901.20832
154 153 4626860.073111927
154 156 966261.2415140626
154 157 41102140.265197895
155 1 60860063.60219979
155 6 15470133.439452471
155 7 18107020.459064506
155 18 10516775.693755995
155 19 143768937.45243794
155 26 27824091.453547195
155 30 9858713.088386262
155 32 65810805.71767293
155 37 55872866.94071151
155 38 46608033.4378394
155 40 3444277.2712877765
155 45 71618160.20049368
155 51 13481322.779874286
155 54 91919156.99772944
155 64 15881161.760608505
155 65 51161133.01409606
155 67 158598544.00335214
155 68 4376626.640849259
155 70 198684844.67234078
155 72 113887189.17613001
155 74 25752707.583900657
155 75 16826.044359886462
155 89 225249632.76680034
155 94 30148955.608744584
155 101 112690762.34758967
155 102 2243564.7512751394
155 106 65110361.772174805
155 114 51623035.15993046
155 115 36055150.53063921
155 117 35077908.84877749
155 122 72430.1609954378
155 125 23896813.080842588
155 131 317588.00521699316
155 133 102514763.49127382
155 134 84512157.33156869
155 137 6373750.711178233
155 138 4027486.7755289953
155 142 33978763.83755327
155 147 43741154.50072188
155 152 3974744.954169792
155 154 258145183.40080988
156 6 5007959.458655765
156 7 606980.5505792918
156 31 1061559.0326576233
156 51 2648709.9870859217
156 54 272226.7314438149
156 70 381521.31493584707
156 72 929247.3813914034
156 74 492962.9755257766
156 75 711329.4130281577
156 94 220747.91692396018
156 101 728946.6032074875
156 102 4139877.803575611
156 115 1031877.3809025018
156 125 2475.735143218794
156 130 3170022.56150845
156 131 668702.0699245698
156 133 2612484.0232684766
156 137 2118283.4394433624
156 142 525750.8447691016
156 152 235719.03923192894
156 154 4665684.427653085
157 4 219500955.19882384
157 6 49354811.087205276
157 7 58260044.35266635
157 15 6342404.4234114
157 18 28008947.449810106
157 19 72692471.07080205
157 20 11153629.599702094
157 26 610349939.0583013
157 30 156057821.28310218
157 31 22739419.2579302
157 32 339244161.96418804
157 34 3526903.197807078
157 35 14323712.912998341
157 37 16822298.56296632
157 38 34027673.00694662
157 40 122280374.85314919
157 42 1293401.3879835522
157 44 17934616.58259643
157 45 141468265.77798384
157 46 7255811.8447568705
157 49 212608180.27276945
157 51 394590059.2528146
157 52 15111904.982176248
157 54 116630155.1070982
157 56 12378428.56868261
157 57 4303668.119150268
157 58 5745074.025099827
157 63 35362761.6952198
157 64 47118934.226674095
157 65 73205039.54237531
157 66 766607.5911922082
157 67 423339116.6238995
157 68 99251917.79827516
157 70 5836186.695256429
157 72 31374880.287579447
157 74 23120695.233401135
157 75 219225.37057583334
157 79 111755598.6911459
157 83 9203323.794078805
157 86 36954720.291727
157 87 1801421.3999098712
157 88 3374197.5210375777
157 89 562101206.7889388
157 94 389666438.8020685
157 97 36218649.147893466
157 101 316176611.941944
157 102 68918959.26560481
157 106 177246184.1251105
157 111 57052203.91117404
157 112 31115093.818874698
157 114 37310457.06076402
157 115 389165983.6421519
157 117 32783555.813785028
157 120 529625.5738191896
157 121 5550580.807083787
157 122 1360782.2801663703
157 125 152720307.21400508
157 127 2683162.8186192648
157 129 207790902.98170748
157 131 42962875.0872836
157 133 547326521.3445109
157 134 13898968.572750023
157 137 165608403.3555798
157 138 270336124.5175276
157 142 300742467.18392056
157 143 1861952.0175419252
157 145 16033562.200340284
157 146 188408252.2951108
157 147 97562978.18628442
157 149 20808554.180522546
157 152 54501041.50998031
157 153 26236935.472789027
157 154 50825429.34346573
158 1 62430410.89456972
158 4 21179770.67956534
158 6 2021914.6899525768
158 7 196016869.39049968
158 15 6153666.607782913
158 18 12110490.542550104
158 19 28436953.09381651
158 20 1533797.5754717002
158 23 1691541.6672372278
158 26 129345729.90512064
158 28 4783349.005990241
158 30 13610660.81887742
158 31 6136574.4888626775
158 32 93884250.40533043
158 34 2093623.7691305154
158 37 68713114.69566832
158 38 43956554.69947561
158 40 101611201.6416157
158 42 2233393.7082260116
158 44 29161161.355550278
158 45 114685671.03501016
158 46 17202835.84895781
158 49 67316344.70018794
158 51 30712261.581760205
158 52 3089134.7933003586
158 54 7391239.114502752
158 56 21654866.403416805
158 58 26777027.49655244
158 64 108905862.66567823
158 65 251447887.5003955
158 67 100187.07681263346
158 68 40570478.929677546
158 70 115324210.59391545
158 72 23067157.852420513
158 74 47703189.8630731
158 75 6350527.904576348
158 79 209529548.68316385
158 83 16593314.813034305
158 86 34201975.59903152
158 87 7005287.338437673
158 88 7727061.141482902
158 89 28321623.407557283
158 93 28924765.848981205
158 94 11209282.031126669
158 97 41380301.02715142
158 101 59301715.94571321
158 102 42350419.08006211
158 106 183279518.51893717
158 107 54739705.498161756
158 111 17781962.32419918
158 112 185329579.47005004
158 114 49931402.85474319
158 115 264599.30908267765
158 117 27904108.19547997
158 120 514251.71885801037
158 121 5375764.687852207
158 122 819576.0838507343
158 125 176736504.3731968
158 129 66409967.12580553
158 130 52415349.89036557
158 131 58964921.32389317
158 133 5474459.365650497
158 134 69411507.7284028
158 137 268282663.78211823
158 138 63889342.20422512
158 142 56463069.30044662
158 143 473003.4704918712
158 145 728272.3813788927
158 146 25323172.272240117
158 147 3922818.3502903744
158 149 1143538.9420279544
158 152 108101922.1690008
158 153 77131328.63112299
158 154 68731110.79186194
159 1 6613174.257215104
159 6 968783.0579647287
159 7 7190270.964834605
159 18 38764073.15359035
159 19 6447172.109681505
159 20 71989156.97088233
159 26 1770547.0606135922
159 30 34712803.496657565
159 31 65456247.05993183
159 32 70889981.26042005
159 35 22847189.273055073
159 37 28027976.503364302
159 38 39667307.78952038
159 40 46043416.208128236
159 45 125461684.9865511
159 49 2744204.4267456247
159 51 69528924.35933916
159 54 7168931.320077387
159 57 802228.0698405731
159 58 7589135.417510992
159 64 667725.549090253
159 65 9378430.961335134
159 70 63107275.85088743
159 72 48142611.02992387
159 74 19094331.485494766
159 79 36251657.11952921
159 86 35024048.69374337
159 87 245316.79120842955
159 89 19638431.97069813
159 93 2436524.6863070107
159 94 201693407.5911986
159 97 10610994.68817941
159 101 26379715.359431162
159 102 224115.88399769543
159 106 11063657.183414983
159 112 63889434.44241476
159 115 22516065.49956212
159 117 2115692.3398155402
159 125 14155381.43971224
159 131 6730109.185037826
159 133 51101647.81238422
159 137 87266442.10695973
159 138 20203841.75635328
159 146 52478354.9143674
159 147 78957108.04350717
159 152 7947341.083333763
159 154 2545675.7561277016
160 1 76585289.0675351
160 4 5888116.5912598595
160 6 9841133.26395266
160 7 4595102.737709252
160 15 1710210.2805331848
160 18 4530196.279023738
160 19 2303849.608798937
160 26 32784613.638074003
160 31 4433912.559598479
160 37 6083000.683037315
160 38 487924.4634678733
160 40 24463174.51900723
160 44 8596212.868031552
160 45 13659240.874845462
160 49 1558470.240680161
160 51 6448200.120410781
160 52 2383363.3713820474
160 54 10383328.915339071
160 56 22574224.47759542
160 64 8423991.946112145
160 65 6484422.755689748
160 66 9206985.250826992
160 67 42826682.95673683
160 70 41587370.21101949
160 72 23870816.479881443
160 74 15263845.98310382
160 79 2164733.449161621
160 86 1004909.271146053
160 89 23633275.22377186
160 93 19243540.40075116
160 94 68753530.60672237
160 101 12884118.769163312
160 106 19929466.362284776
160 115 7742581.153515599
160 117 7101969.303561187
160 120 75228.50168406844
160 125 23909735.135698352
160 131 12658578.413618317
160 133 923707.621674936
160 134 6054077.458715994
160 137 7514604.2823832
160 138 22856133.249499813
160 142 26276796.10127257
160 145 73032.75689514661
160 147 19778235.4561271
160 149 1196384.544273678
160 152 7945966.413353887
160 154 29633711.78012907
160 157 9937040.691662285
161 4 18420598.71368527
161 6 6108669.549421857
161 7 1504281.9767099828
161 15 9236529.625805566
161 18 962209.1288896858
161 19 83430703.80215132
161 23 2261201.532081694
161 26 21171634.86288387
161 31 7719833.413287725
161 32 34524365.50299155
161 34 6845145.50910041
161 35 18336276.193859965
161 37 40374286.244329154
161 38 44101220.06604752
161 40 2114632.1955363736
161 42 1118462.3001491288
161 44 21434280.633996177
161 45 62397348.937298514
161 49 43424458.23098185
161 51 29268043.17818486
161 52 5120691.651968407
161 54 34229705.55139425
161 56 19981711.43569267
161 58 16361052.490173604
161 63 6739140.827143566
161 64 83366927.27617401
161 65 46273001.89306292
161 66 13230139.812351227
161 67 25041290.475884687
161 68 16749438.638090534
161 70 66241245.33137181
161 72 43431939.67308828
161 74 34090300.125112556
161 75 876630.5931888234
161 79 21303461.934478037
161 87 6847510.726106258
161 88 7695582.11666681
161 89 1570039.3284565797
161 93 9763480.815061877
161 94 5955748.584650003
161 97 154910416.88831547
161 101 499651.4215147636
161 102 30037657.053570874
161 106 5579646.994767366
161 107 14114655.650760058
161 112 46573147.41033661
161 115 2070648.4183019039
161 121 1761365.6371920218
161 125 40385778.31257735
161 130 35824268.03986468
161 131 68452020.39645088
161 133 6091532.356531736
161 134 11689578.66398345
161 137 12739396.341285676
161 138 6053948.917349807
161 142 39278431.62846993
161 143 2682987.732056748
161 145 8529997.964551624
161 146 21672932.436310995
161 147 46482528.717350215
161 149 2118282.110178734
161 152 15705310.679941779
161 154 24367050.993591964
161 157 1235388.1910280208
