0 6 6172364.955050835
0 7 9017574.259194901
0 11 5262430.341912236
0 13 3441658.64006433
0 14 7899958.638056684
0 16 2107697.5934869447
0 19 9528634.813835
0 21 210049.13528839895
0 22 1710436.0350215004
0 26 3075579.8860243578
0 28 752806.719442005
0 30 5992819.893336566
0 31 2365880.7494491455
0 36 5297875.012359944
0 37 22198062.61969864
0 38 1486834.0369023052
0 40 9844714.99216122
0 45 5224472.14094972
0 49 2658390.983011116
0 50 2674835.5904855514
0 51 2726249.290874126
0 53 588023.0714112127
0 54 1869559.0646829745
0 56 11775760.15116673
0 57 478767.2038138161
0 58 2497844.424782965
0 59 2991537.6658645417
0 61 3786078.478148755
0 63 1470114.5531783921
0 64 260929.8932189972
0 65 2653490.026434606
0 66 16221852.639052965
0 67 3713286.137905649
0 68 3445418.1800756403
0 69 19801591.429981984
0 70 715601.0265069905
0 71 12323582.853512995
0 72 12935481.972326815
0 74 4367841.225623506
0 77 4637536.825662928
0 79 15361306.807934027
0 83 8710544.946674427
0 84 1270779.9414226844
0 89 12557440.737024345
0 93 4575604.228372507
0 94 1369976.6684676097
0 97 17106064.532477587
0 98 523560.6797380399
0 101 899503.7798040553
0 102 1745413.2483194033
0 105 14737282.067329928
0 106 9408817.995645717
0 109 162421.14849751635
0 113 1174113.097870591
0 114 799835.039717383
0 115 14254666.292288797
0 116 8221579.621861331
0 118 1452007.2353809315
0 125 1060974.9102744737
0 128 1409273.7490209332
0 129 1622242.8417144513
0 130 2775491.631133401
0 131 1034159.3013259768
0 133 3371315.901029975
0 135 13180064.58409402
0 137 3162222.8100662148
0 138 2410542.9826131337
0 141 1096775.612465077
0 143 5680542.86540992
0 147 4734209.3485541325
0 150 1332338.222947684
0 152 4607229.034775418
0 153 10388983.191687891
0 154 2860630.6673528883
1 4 27315222.566130355
1 5 14675922.868567899
1 6 197306966.7652673
1 7 1008650751.9075186
1 10 80070630.5882787
1 11 103674318.36700295
1 12 1272644.823210878
1 13 262376595.8430225
1 14 303263416.7074403
1 15 1125975.4395357461
1 18 29866591.516841356
1 19 1088964814.146537
1 20 1882901.091219103
1 26 185424603.01659667
1 31 103569365.38830641
1 37 69791683.45980047
1 38 1814864.2751791442
1 40 307230139.2282075
1 42 142467.9538279431
1 45 489918509.2066592
1 49 672354684.2274624
1 50 4427194.210600121
1 51 1008836087.1824955
1 54 101954578.66866487
1 56 846600664.7974774
1 58 165847334.20765808
1 61 4565576.753788802
1 63 68735136.70118555
1 64 489255412.7328323
1 65 29731948.401963104
1 66 7347369.859830953
1 67 264889194.43311277
1 68 140070370.98160425
1 71 140560064.7610891
1 72 471777766.40984243
1 73 5409284.1506988155
1 74 429046645.7686431
1 79 540285227.6054087
1 83 61660345.05945955
1 84 352254437.4567279
1 87 3176469.561411058
1 89 834912966.0605512
1 93 18431715.823365036
1 94 37243707.15807108
1 97 152834550.16033915
1 98 9548349.886230955
1 101 404859702.82874495
1 103 9364090.343359374
1 105 156651747.09188408
1 106 203389156.8252035
1 109 15470437.756087663
1 110 11757850.555419328
1 112 232108592.80361181
1 113 52221069.4130527
1 114 740844889.2456337
1 115 432302705.20813215
1 116 7764205.8712592805
1 117 503759967.77063775
1 118 311542328.74475926
1 121 1754553.6525647028
1 122 232021.7610344776
1 125 267399071.18016088
1 126 63307055.18113991
1 127 2487222.958340998
1 128 1027139.3467534528
1 129 144256263.82962352
1 130 56648622.39441215
1 131 198838242.01878527
1 133 873754870.8357247
1 134 190619173.38534775
1 137 974725693.0943309
1 138 443697281.50896543
1 141 14202333.830720464
1 143 1017224.9844203929
1 146 147820227.43940297
1 147 143762595.96260205
1 149 27117932.264184438
1 150 24533702.82719191
1 152 65449802.506598845
1 154 1575396244.7839162
2 4 44321783.72368574
2 6 325854937.7067171
2 7 22448421.933169246
2 8 81319052.10531086
2 10 11337960.952881133
2 12 7663678.7763884375
2 14 88183511.49250537
2 15 7540831.759402358
2 16 14436707.864804456
2 19 230791041.89896846
2 22 3049661.569493224
2 26 56743949.90611652
2 37 143791650.0917669
2 38 62811822.140055895
2 40 23695941.304603968
2 45 29203073.838894177
2 49 133314526.8080505
2 50 1136626.4337795614
2 51 114572376.1583486
2 54 20015910.5582481
2 56 46876046.743535064
2 57 181081.52213137818
2 61 1130801.323833652
2 63 14653411.025584392
2 65 145636587.87093604
2 66 5242968.551938148
2 67 144615773.14705187
2 68 22100596.17772554
2 70 125843188.09372878
2 71 394513308.3616441
2 72 146242433.6341785
2 73 45109230.02184366
2 74 92166266.05865726
2 77 22788245.837064072
2 79 639452760.8284914
2 83 14090653.830914786
2 84 5646768.77179951
2 89 81569761.3099795
2 94 206419349.8674792
2 97 84747267.60367385
2 101 111065211.78579421
2 102 12719916.925433869
2 105 38603291.99637767
2 106 434523703.8656636
2 107 20936636.637896996
2 112 8027424.429165882
2 113 132347343.25437522
2 114 17044406.05688256
2 115 249031700.05308962
2 116 13311926.82742553
2 117 47763509.80512591
2 118 122064097.72864518
2 120 2014771.7103637645
2 125 161826087.94182947
2 126 2303902.504201245
2 129 590835513.3131523
2 131 104488379.64626238
2 133 101074381.51012652
2 137 50955843.1054493
2 138 265796413.65032405
2 141 17217880.224806685
2 146 268617066.26188105
2 147 128287159.2792692
2 149 6323068.837389086
2 152 89239762.89557596
2 154 22296256.26136642
3 6 1288241.6548633536
3 7 2616029.11276493
3 11 4892079.079511315
3 13 9152577.634606171
3 14 2021946.6027416247
3 16 476854.90405950224
3 19 500727.45403234573
3 21 3018830.2536433814
3 23 466638.6076058252
3 26 6077972.976377318
3 31 3838361.7821185584
3 32 7481928.246772785
3 40 2055205.0207675071
3 45 7303608.808962072
3 49 6082273.835651256
3 51 901350.4104369882
3 54 678376.270675986
3 56 3751578.3436633754
3 57 457096.50323769456
3 63 6439341.998828654
3 64 4610916.118915515
3 65 3168126.3261490343
3 66 252865.67852357574
3 67 5075862.72446961
3 68 3365458.0179619896
3 70 1648686.0022877925
3 72 2924708.8146456876
3 74 4413416.380860787
3 79 9596142.401812699
3 83 675766.0438712365
3 84 3406281.290097724
3 89 3745363.538002012
3 93 894377.1690231393
3 94 957101.099862944
3 97 6349934.19839608
3 101 11826494.094712825
3 105 2860019.283858522
3 106 848696.8809994032
3 112 745960.7625804245
3 115 9659754.968148544
3 117 351334.32800922083
3 118 2831697.853280953
3 125 2764622.826625363
3 130 2338695.2547153938
3 131 6640215.227992304
3 133 7230017.544291563
3 134 4358413.017771443
3 135 1068165.7364568156
3 137 4211811.2329204
3 138 11445056.154428208
3 143 3959781.6995146787
3 146 14761761.355755066
3 147 4321823.363815914
3 149 355489.52675450005
3 150 7753501.394645053
3 152 799835.7660666475
3 154 2607411.1168723754
3 161 3260844.9821051056
4 0 38526420.23356561
4 1 15825068.9070873
4 5 5615371.423033668
4 6 142971269.0102002
4 7 773322995.846798
4 8 15770329.671292232
4 10 55815956.60109121
4 11 169248314.64193183
4 12 2966153.7631654106
4 13 95703008.23667516
4 14 326765463.75840956
4 15 606917.7465558427
4 16 8319776.139950953
4 18 3939133.9549755743
4 19 314469889.92166305
4 20 12155360.671878282
4 21 40978147.44026267
4 22 11238445.69330874
4 23 4379147.093704669
4 24 11687797.887946315
4 26 816901180.7767687
4 30 331656879.09507895
4 31 1110871250.652025
4 32 172864893.62843207
4 35 124775277.33920461
4 36 180427097.6605056
4 37 7652681.954617303
4 38 39088084.92325034
4 40 76504043.94129881
4 42 727047.4546572769
4 45 286398613.0525126
4 46 403812732.03175586
4 48 21089108.93054761
4 49 1370091253.5964894
4 50 24220608.101482145
4 51 527689101.47422343
4 52 55312646.6866835
4 54 874167935.5350956
4 56 319253396.3238507
4 57 1567479.718258158
4 58 22072318.127698336
4 59 10260292.168141067
4 61 4253885.445235056
4 63 36798332.59265361
4 64 145681213.28247064
4 65 396904982.43755263
4 66 33752878.62569428
4 67 148277444.76833138
4 68 215516051.40655097
4 69 18623155.54410114
4 70 355954757.72111505
4 71 1562855782.4575593
4 72 961433042.1214586
4 73 7207637.601261252
4 74 12069258.369892986
4 75 101548046.65040258
4 77 1859711.9645294282
4 79 305222926.51338
4 81 7407573.474016106
4 83 14009128.488253765
4 84 45299755.38847353
4 87 18285012.34330061
4 88 2179958.39137864
4 89 70770712.5855702
4 90 4831913.733312384
4 93 109179072.33116472
4 94 935448395.0777127
4 95 4807480.706318129
4 97 193542642.55735642
4 98 10311367.897546493
4 101 2327109794.408682
4 102 595716545.3921996
4 103 882734.743600537
4 104 35643569.068206534
4 105 94631401.4393128
4 106 382227252.8902922
4 107 187070284.14645782
4 109 23671469.795941956
4 110 11404744.293182356
4 111 41523385.65815388
4 112 52997348.83022238
4 113 574075575.2444255
4 114 817317613.1379904
4 115 29639137.029536117
4 116 37037407.59571797
4 117 109991657.69571276
4 118 1276233007.768125
4 119 1759058.254547882
4 120 291784.6078701148
4 121 14464270.832955992
4 122 7817346.550533841
4 123 3369833.0802223855
4 125 339310665.2035364
4 126 1294610.642178647
4 127 976654.5838308387
4 128 347154.479410026
4 129 391571503.034893
4 130 304979797.2967091
4 131 2891634.5304599507
4 133 1026217300.2671645
4 134 55357935.393515006
4 135 13207840.959047046
4 137 214456281.11491096
4 138 270137974.0644458
4 139 62475488.03142592
4 141 2357065.406867818
4 143 7253839.034423307
4 146 115390566.73956102
4 147 155475952.98071012
4 149 11780255.248239951
4 150 86580321.01934679
4 152 594159602.830265
4 153 20418949.31460718
4 154 71998095.07277033
4 157 417857440.551422
4 160 3992379.410535264
4 161 24949683.628213882
5 1 1249492.798512211
5 7 22507369.076823402
5 12 12141126.139584145
5 13 100929.68466837404
5 14 38154034.16374943
5 20 14196121.818266751
5 26 7115389.041671212
5 31 59895.36167689144
5 35 552764.773654888
5 37 7452234.879561759
5 48 16348949.33297287
5 49 10991002.208572008
5 51 1463890.2589238528
5 54 20984297.276922714
5 56 2431789.0831866697
5 59 2209256.205856596
5 61 114409.26439341075
5 63 1565096.040739227
5 64 4077872.9895851333
5 65 3275045.415311591
5 67 4286252.689413303
5 68 2017175.649953178
5 71 555500.5716360043
5 72 44132478.26659894
5 74 4536443.325557391
5 77 1241126.9898818308
5 79 728156.0794667267
5 83 4064422.7383217025
5 84 5918017.851243512
5 88 3747168.5540522817
5 89 12121692.509452514
5 94 1786587.2963596194
5 97 3010111.358955695
5 98 819770.6828849764
5 101 5743839.610832166
5 102 16236257.048209202
5 105 1424094.153972792
5 114 575134.4770365201
5 115 8003260.582037328
5 117 6399330.207077914
5 118 1559935.3366520393
5 125 7707823.645081178
5 129 7800377.984523544
5 131 10555437.20904012
5 133 2656290.236732333
5 137 3060475.3316521025
5 138 577117.5706121274
5 141 472305.1866283948
5 149 5898823.405050689
5 150 43261434.231273666
5 152 1108608.2253304087
5 154 7831891.486911722
6 0 19771680.140526947
6 1 198862233.81549603
6 4 202889434.6866362
6 5 20633023.3389574
6 7 43193642.627132945
6 8 12164985.45474452
6 10 3853575.6386138597
6 11 1757635.7279412567
6 12 13718419.110264242
6 13 1021304573.9484384
6 14 725420320.659738
6 15 1493229.6417422576
6 16 3866641.577323053
6 18 32448535.255462687
6 19 432597534.7466743
6 20 15503134.944200745
6 21 172251229.24874777
6 22 28432072.072044183
6 23 4102854.6345903776
6 24 10308041.12852256
6 26 1827938778.273923
6 28 64738.115995269756
6 30 582021953.0937009
6 31 5564462567.7898655
6 32 266465247.75866452
6 35 48068620.94753811
6 36 16996631.963955205
6 37 165961711.4234806
6 38 5961212.335570175
6 40 8970037404.850435
6 42 152065.47390838756
6 44 87394695.62109521
6 45 126746399.31800261
6 46 145016020.79725838
6 48 25366837.03316406
6 49 193669571.376387
6 50 19833533.20130814
6 51 7036162656.659069
6 52 33697117.21858828
6 53 1369375.5762083135
6 54 918854210.0367703
6 56 92400097.20154518
6 57 1881412.91608768
6 58 51268335.81987878
6 59 9494009.869332958
6 61 3776472.7502502557
6 63 27880424.424492013
6 64 8185127930.546787
6 65 248591815.7181268
6 66 22704066.149732757
6 67 32925917.93369728
6 68 1808065861.7219045
6 69 490820216.6432409
6 70 468871669.8803516
6 71 137444207.69425687
6 72 1459235238.38243
6 73 154446449.47294793
6 74 1609350965.286021
6 75 60673565.49300377
6 77 30382494.605406567
6 79 967339392.9733351
6 81 4391947.643843875
6 83 92956509.47945523
6 84 41590530.59876632
6 87 3516697.7918167617
6 88 2291255.4661685713
6 89 1411343536.1588671
6 93 10624937.173495034
6 94 649456479.4726325
6 95 18545452.84679019
6 97 122411620.61391865
6 98 1500347.1572169594
6 101 1717993891.8247495
6 102 59453133.898226015
6 103 14943035.960156076
6 104 4120949.209227608
6 105 98194823.3656103
6 106 1187382812.475982
6 107 22417121.697716076
6 109 56180926.32049882
6 110 18940827.398520138
6 111 20110443.760799073
6 112 356581759.9054714
6 113 527007346.0569886
6 114 579804169.085272
6 115 675602966.2983365
6 116 69582382.7135608
6 117 266210182.37145495
6 118 45957780.03131119
6 119 692528.3978823489
6 120 1680540.1507359843
6 121 855968.1816769298
6 122 459892.55940489995
6 123 2746903.8716190318
6 125 316462508.23373115
6 126 23341607.80208439
6 127 12550790.47738195
6 128 41855.49316671589
6 129 3713636375.4355683
6 130 946491693.7882742
6 131 227584687.59841043
6 133 24570725.645400487
6 134 100031697.77138446
6 135 1020361.5124977245
6 137 1704248983.6516104
6 138 158655753.30557868
6 139 154893697.5506064
6 141 2289646.526198552
6 143 10942753.94702886
6 146 872126244.194013
6 147 961323215.5714844
6 149 17169611.33080669
6 150 638201007.7510906
6 152 940295464.9155507
6 153 76670726.80461985
6 154 519209110.28857
6 157 233958352.4226908
6 160 4479735.313545827
6 161 19951488.62877755
7 0 69397039.23220885
7 1 33218144.56790039
7 4 235545618.67720672
7 5 634875.7301798117
7 6 701201613.7854503
7 8 2577176.6053886972
7 10 61758887.57237195
7 11 435399995.5265927
7 12 259680.70792870427
7 13 138102304.941026
7 14 488570816.6065941
7 15 1903761.9023183754
7 16 1741284.6705988813
7 18 5078167.268801923
7 19 1119996721.1270201
7 20 1025601.9560670785
7 21 133016029.12131609
7 22 10484647.306864502
7 23 1397126.1928867733
7 24 13554153.509609716
7 26 196244567.49299628
7 28 43541.601281197225
7 30 142680630.2924867
7 31 3288316610.041851
7 32 342952425.46777886
7 35 19811150.035646267
7 36 49655263.23123261
7 37 139102509.46802396
7 38 42317328.255724974
7 40 648754930.7639945
7 42 1540206.2870736644
7 44 46495665.05475379
7 45 163396526.10776088
7 46 14443275.5228347
7 48 9325654.34679374
7 49 672401436.211824
7 50 16393193.484240454
7 51 590583125.8766074
7 52 19378672.61213046
7 53 11696490.668452866
7 54 1596966379.339326
7 56 415178893.2170311
7 57 350454.80697080074
7 58 72006943.21578021
7 59 2103289.3550231527
7 61 2918769.4613177795
7 63 867150.995080925
7 64 549456866.8314525
7 65 1967705055.3035738
7 66 47566412.12809434
7 67 45856021.388036355
7 68 537903558.4923129
7 69 77228646.6020327
7 70 3523964343.119906
7 71 1206344146.8460174
7 72 1130995146.1733308
7 73 9746135.294845112
7 74 1439526495.928802
7 75 85353471.50541432
7 77 22383668.669038158
7 79 190968062.0202491
7 81 9344791.9847722
7 83 35501636.323461115
7 84 175355658.15298843
7 87 3482620.2888162197
7 88 23477921.834679056
7 89 435260462.9421744
7 90 23058370.88826968
7 93 4656348.427641791
7 94 698122127.5192443
7 95 20571334.40492737
7 97 285495842.267139
7 98 6683448.156343075
7 101 9849602383.10163
7 102 578667648.2750219
7 103 10703785.00664953
7 104 1676178.1167563652
7 105 110885083.00670305
7 106 6847185.097722201
7 107 82446965.97330001
7 109 17351366.688824117
7 110 1703272.281120014
7 111 67980120.49005578
7 112 120585024.73895113
7 113 7178340.576752332
7 114 4809367554.079746
7 115 908520099.7488911
7 116 96912603.83363567
7 117 56559137.20284773
7 118 1363220464.5512364
7 119 1275729.3746612228
7 120 430596.80481158197
7 121 7674745.439418679
7 122 527518.3108724307
7 123 799518.8730535882
7 125 210372743.70312715
7 126 683382.9969479793
7 127 10958317.7982612
7 128 1888581.2704055705
7 129 1663643928.110785
7 130 192254253.5743987
7 131 157254028.61901087
7 133 1824025742.7873616
7 134 54957891.83140785
7 135 74145863.04031633
7 137 3578867420.3257914
7 138 2160800448.9376106
7 139 86915597.6167097
7 141 9607156.116173185
7 143 9225333.378930427
7 146 25222153.304407626
7 147 2722499609.0000205
7 149 19882877.780323356
7 150 92015169.3443087
7 152 4302181030.405144
7 153 23353535.13489974
7 154 1390737357.3884346
7 157 15622095.94958594
7 160 7357326.845029395
7 161 12504283.019745616
8 4 91860948.80928902
8 6 26345826.92548865
8 7 9597879.766191486
8 10 34766148.78425269
8 13 24909845.316404324
8 14 26137711.164080307
8 16 13114920.499720532
8 26 34970851.94410614
8 31 62776702.867889285
8 37 18030947.16510787
8 38 520076.38377245615
8 40 7628592.245276992
8 44 5156554.798172931
8 45 44743418.460747026
8 49 91062177.4958699
8 50 15477721.887668336
8 51 51186799.21312628
8 54 34359694.04392258
8 56 90168121.26725504
8 58 25852160.474629354
8 63 19260131.59549103
8 64 11853592.53110432
8 65 24859450.777463276
8 67 6527885.899262314
8 68 2841805.089629643
8 70 26314900.785896577
8 72 14685138.121586675
8 74 20572804.71794621
8 77 5961701.161245633
8 79 7951350.8921874715
8 87 7633592.574614376
8 89 42828339.80686205
8 94 16332585.762305483
8 97 49469792.16020585
8 101 15265865.828519614
8 102 13574917.559591748
8 105 24136662.41476141
8 106 5165516.747258929
8 112 6714329.285323631
8 113 19516325.01724908
8 115 96126389.85351776
8 117 28989969.063437495
8 118 38416184.63882507
8 125 896452.5681169641
8 130 9528126.015311727
8 131 32376462.143201124
8 133 6464633.587608433
8 135 10115110.288300933
8 137 122844522.23519598
8 138 12844662.429221576
8 147 12592370.342950007
8 150 14823862.432000175
8 152 9697333.389641432
8 154 17789309.835150346
9 0 12558001.753811838
9 5 454723.78366112657
9 6 24802571.322510067
9 7 6911047.261550656
9 8 7158098.791887033
9 10 3259460.367069437
9 11 13049642.094215184
9 12 922003.55374753
9 13 20093231.399435252
9 14 17954504.2003132
9 19 11460466.370872434
9 20 32867472.737782724
9 21 11477776.872825544
9 23 1086825.8276610095
9 26 11153041.18341488
9 30 15766504.186966036
9 31 52787376.65620534
9 32 1640589.4238940573
9 36 1637179.304880922
9 37 7226152.676903614
9 38 2028409.0498549768
9 40 20118964.225176785
9 45 6156708.762488892
9 48 5198717.104566652
9 49 15067406.62560566
9 50 23890078.623215087
9 51 6381587.294046532
9 54 15386333.478299914
9 56 19634198.781718858
9 57 374125.6221983954
9 58 28718340.15435082
9 59 15754949.95370549
9 61 691953.568364369
9 63 27140454.328777056
9 64 38830201.12911297
9 65 50362319.66782722
9 66 1059512.5132925971
9 67 2338785.8659867602
9 68 13294110.408710275
9 70 3185179.093526016
9 71 41483067.601795994
9 72 8080881.203149276
9 74 11269065.967153694
9 75 23374989.45778671
9 77 9333565.694330737
9 79 1283119.8028297536
9 83 17037207.617329743
9 84 14298845.004099682
9 89 58481412.085590035
9 93 5904695.570336073
9 97 12666738.06721723
9 98 46113.64013001403
9 101 11482534.405689968
9 102 48433.29565683446
9 104 3525040.0272921277
9 105 8201585.297531062
9 106 4946136.669893682
9 107 17519086.89262103
9 109 4412279.310077304
9 110 223370.43293565404
9 112 11412812.516698366
9 113 28084354.651335787
9 115 43024192.29133481
9 116 13053534.63718019
9 117 5381118.379021797
9 118 16957178.99648218
9 119 3555832.1428909227
9 120 638520.857822363
9 121 296803.3391153619
9 125 12456059.757839158
9 126 32773051.609453283
9 129 4386804.766909482
9 130 1299266.016285804
9 131 840745.4183622315
9 133 8058747.9265880855
9 134 32029796.506617893
9 135 9924809.654564548
9 137 11669252.13744256
9 138 15638738.876356985
9 141 1527180.6037675564
9 143 810458.385013932
9 146 54487990.06161335
9 147 27307150.125659484
9 149 2295055.2454332993
9 150 9172251.934136273
9 152 3984077.3607686786
9 154 43011561.8277311
9 157 5507187.74877068
9 161 14237460.221785119
10 0 118183.96348994522
10 1 5759025.032649194
10 4 32070638.236097317
10 5 12709846.628989616
10 6 99195647.77408221
10 7 24295827.150421876
10 12 5526939.106922682
10 13 30751755.49451294
10 14 3997884.6781982817
10 16 17062784.22079134
10 19 11876991.924963072
10 21 12499350.509910963
10 24 19054536.287588563
10 26 43980135.15277491
10 30 38538262.88633445
10 31 34149513.04781762
10 37 18364656.61762121
10 38 646865.3055096945
10 40 10944682.941312393
10 42 5171442.9070783835
10 44 52019228.831372455
10 45 82545043.53705144
10 49 47638057.09531295
10 50 13325958.59102943
10 51 43735673.90629302
10 54 5383466.968022403
10 56 25119634.52250358
10 59 405524.6450730819
10 63 2285424.673941415
10 64 32376423.570439182
10 65 28748451.861952692
10 67 23698962.311959296
10 68 39607643.283458136
10 70 62619811.18385432
10 71 14244734.229479602
10 72 19720869.109490544
10 73 36483494.31568321
10 74 17839555.618830964
10 77 5791019.634858976
10 79 619662.009194721
10 81 455273.48715058516
10 84 41394940.34567007
10 88 575201.8040050756
10 89 30518157.30611198
10 93 15544011.956146488
10 94 66412728.41551269
10 97 52309482.49903328
10 98 6292322.253103655
10 101 4440330.175569582
10 102 52700842.26622605
10 103 4498705.891628341
10 105 46471802.83064205
10 106 76784734.38857862
10 107 16079750.49999744
10 110 17951794.053221818
10 111 3610740.759347233
10 112 154217474.12018323
10 113 59809935.2439089
10 114 21192855.29056417
10 115 1227153.0546154736
10 116 4533641.14434443
10 117 118451976.73344998
10 118 83766661.53934087
10 119 3514206.190460025
10 121 1071980.4415174176
10 125 3320975.2806154103
10 126 11186077.317100521
10 128 846207.1703987487
10 129 7181729.617640437
10 130 30212299.268993884
10 131 13251479.272345353
10 133 15558565.254225908
10 134 26436480.979383666
10 135 22895513.712432824
10 137 52531733.14640635
10 138 43155342.96613373
10 141 7542238.633626025
10 143 6812878.564931758
10 146 28308235.693943862
10 147 5513978.006971003
10 150 21734175.593029495
10 152 456127.08643444505
10 154 50200973.34375138
10 157 19195318.467884637
10 160 1172753.9608670173
10 161 1440753.0285317926
11 0 2069740.586682469
11 1 70130083.69634368
11 4 19630874.475055404
11 6 73230412.03750987
11 7 71395995.8587327
11 8 24712328.206956558
11 10 13897142.670126226
11 12 6772084.973695201
11 13 148877329.47846898
11 14 93888263.93247846
11 18 8331466.539499677
11 19 171491621.62126708
11 20 21110170.825037125
11 21 56705171.06098485
11 22 762162.2352993533
11 23 2630623.5133250263
11 24 743917.3537624299
11 26 3691730.140144059
11 30 53133515.095428236
11 31 54913202.75589814
11 32 5616156.755207238
11 35 66342398.850695446
11 36 17696123.081196845
11 37 42882360.00383115
11 38 40480617.1545652
11 40 78180847.46257569
11 42 480778.79655850347
11 44 83248040.82137878
11 45 18066974.027936395
11 48 32161907.94809631
11 49 66936306.035308756
11 50 4632015.230053675
11 51 83407402.6350049
11 53 4467136.426296628
11 54 21169424.593984786
11 56 115380211.21686022
11 57 3253545.2435029456
11 58 113770385.2426477
11 61 2593840.9795350796
11 63 29475650.46150631
11 64 2655275.864775657
11 65 134618064.57265726
11 66 5863617.215320745
11 67 139722642.20474225
11 68 1468311.4166315955
11 70 60355658.590988226
11 71 145180552.61724448
11 72 21210093.514138076
11 73 27687853.221616633
11 74 200355518.9739279
11 75 169538790.63930473
11 77 50909422.019092835
11 79 80040631.2710892
11 81 10258773.363720274
11 83 56272244.365125015
11 84 71655384.00942872
11 87 2619919.8114729524
11 88 5127504.533635541
11 89 15856357.268821485
11 93 34437211.31622689
11 94 62835916.52943938
11 95 10719108.578667762
11 98 1840258.7308770437
11 101 6714477.477433565
11 102 10725754.459828287
11 103 5229952.512887835
11 104 10872045.618016819
11 105 8383170.34031306
11 106 203900422.35460863
11 107 52287143.399777226
11 110 6411481.862715019
11 111 6388022.735904218
11 112 50163635.467490405
11 113 221143.72027290557
11 115 4924199.640732328
11 116 15798934.94239939
11 117 22634463.839493513
11 118 89402323.889331
11 119 4249284.991035698
11 120 4868903.187844471
11 121 404978.73226088396
11 122 1766028.9944923096
11 123 120988.640306298
11 125 22884621.123433724
11 127 2543116.225551656
11 128 30344107.381444536
11 129 75525414.36529677
11 130 14376588.729616832
11 131 23232629.72518791
11 133 9466635.020402795
11 134 2994959.3316538217
11 135 1640454.5968828117
11 137 54410940.051629394
11 138 4759303.529606461
11 141 4721761.277850738
11 143 7248742.742702414
11 146 59756928.254989885
11 147 199829897.06277883
11 149 155997.59379278467
11 150 25848033.93260434
11 152 135186271.89500326
11 153 18667505.927438114
11 154 147817259.54726657
11 157 4500370.614947614
11 160 7006635.092653418
11 161 23279229.641554594
12 1 814266.5124474074
12 6 1478082.2958262619
12 7 661327.0698705855
12 11 560102.333641222
12 13 1270497.3231724738
12 14 3441633.3517334745
12 19 1787429.7621864458
12 26 4576252.024838619
12 30 542712.2965322147
12 31 6311097.491097287
12 32 7390103.585920036
12 35 14320710.628528886
12 36 2934566.2075029165
12 37 2297955.2752209995
12 38 4251986.55312037
12 40 5731257.48911234
12 44 1056089.2483097196
12 45 3248240.815651784
12 51 4649098.80222782
12 54 586282.0996696232
12 56 1757640.0165615112
12 58 8405254.866073282
12 59 1551710.8650792993
12 63 3485463.6497601774
12 64 6353663.744227577
12 65 6895540.490719643
12 67 2557985.3451318503
12 68 11642174.186417427
12 69 8323195.236318595
12 70 6312379.603261016
12 71 8041537.130064442
12 72 26705.606880179388
12 73 5449110.523001507
12 74 1269553.184939614
12 75 13752261.085419104
12 77 4203066.533953492
12 79 171476.80416103866
12 83 478577.7765962873
12 84 3584625.5087340125
12 89 6046.223919009916
12 93 8519690.536159808
12 95 1792638.5023239842
12 97 11458055.7945513
12 101 12128170.85169121
12 102 4616303.257475025
12 103 10434058.655851934
12 104 62182.28131366512
12 105 8258617.60695691
12 106 852348.521627038
12 112 4489922.245261227
12 113 2254907.5844168384
12 114 2853252.8890717523
12 115 4724229.969141261
12 117 4557423.066610507
12 118 2706876.253333349
12 122 60945.434431797454
12 125 2452762.9574343343
12 126 1181819.1983938662
12 128 1208980.376503255
12 129 865571.5942991456
12 130 6920411.785633552
12 131 9269704.126040345
12 133 3130494.9441964477
12 135 4648298.686836338
12 137 4286816.986687264
12 138 3398558.246105724
12 141 9622055.689264128
12 146 12328576.486250047
12 149 2243698.3422337277
12 150 524931.5753804997
12 152 2321847.356190501
12 153 5553763.718087298
12 154 2666850.911597484
12 157 576604.1412287765
12 160 1423772.923857814
13 4 29211397.01212622
13 6 2932267.8646317995
13 7 29960611.158784702
13 8 4253263.02920895
13 10 6512300.53085405
13 11 31869472.026246212
13 12 31616165.49540946
13 14 90396221.34280764
13 15 3195611.2615208677
13 21 97289392.58263029
13 23 936520.4769259432
13 24 20073448.309554197
13 26 52583638.669167586
13 31 10026466.044956356
13 32 18631072.29247141
13 35 23983364.58904724
13 36 2569077.728012641
13 37 57194705.9480371
13 38 38490222.47313755
13 40 46724920.0088886
13 42 208156.11044220944
13 44 3930855.6955964486
13 45 33887560.872041315
13 46 50712200.99331717
13 49 37972190.247597925
13 50 838965.4416781766
13 51 89990659.93633518
13 54 10636065.292130532
13 56 64100455.72227238
13 58 15375232.860445568
13 59 16182607.716358857
13 63 17977181.7713042
13 65 14374843.641953833
13 66 12626297.825809056
13 67 7994692.699087508
13 68 70216344.19318883
13 69 50878892.61557717
13 70 19890359.100880034
13 71 15966484.159393022
13 72 1124816.2429176623
13 74 15006123.892222458
13 75 10874827.819054605
13 79 107244748.78570855
13 84 54898008.869287826
13 89 4387917.944286104
13 93 3725416.725486818
13 94 13238072.344940325
13 95 5277182.207944036
13 97 35697808.30942075
13 101 66633517.3635354
13 105 5899131.654935477
13 106 17912765.69129248
13 107 44073568.02950607
13 109 28446924.70741715
13 112 17486737.859744903
13 113 97951774.7331816
13 115 11896134.753099777
13 117 6775666.942069432
13 118 1708441.9692978626
13 121 1258408.3757925963
13 122 6595226.971854651
13 125 9992141.538791714
13 126 32259450.85020042
13 129 7577644.814822802
13 130 12051833.14462549
13 131 20902826.216682713
13 133 37216066.12729581
13 134 57726061.823627934
13 137 3168674.861198071
13 138 29795514.872639872
13 141 24792659.52565181
13 143 11943169.857233467
13 149 16826978.622780923
13 152 13213266.61584929
13 153 52465348.160677224
13 154 16740307.43561991
13 161 5593972.971943276
14 0 14752616.86121406
14 1 335543316.9423796
14 4 178798358.27979994
14 5 16576612.789321939
14 6 172368567.2393249
14 7 100692064.69243161
14 8 271077.06841726945
14 10 37584307.769913726
14 11 1262519.588957901
14 12 14588533.493072752
14 13 187171030.76401845
14 15 227184.59554848776
14 16 10984787.207394192
14 18 2854795.071369127
14 19 262715688.639407
14 20 1950147.7392194201
14 21 67219390.03130677
14 22 460876.5655369098
14 23 7479499.872255911
14 24 8975228.573123867
14 26 187126866.27070886
14 28 916018.0108391974
14 30 15403865.083128612
14 31 620993352.9282649
14 32 15375998.080477007
14 35 116018778.083038
14 36 71696255.9699914
14 37 247004289.84819904
14 38 233507765.42332613
14 40 132448333.91589782
14 42 1234971.6113375796
14 44 2231661.137750146
14 45 268951023.2992341
14 46 33850942.98061397
14 48 864463.6954905567
14 49 731267831.857914
14 50 15817011.893632825
14 51 163336898.33095607
14 52 2440482.447221002
14 53 1550705.868818758
14 54 94499844.44313924
14 56 1507089707.662857
14 57 3148671.1892617047
14 58 67497314.31482421
14 59 13854703.351957725
14 61 25653665.506420147
14 63 28518694.434828337
14 64 1876961314.263419
14 65 281454470.47225076
14 66 11472435.385221755
14 67 237860999.7559518
14 68 569856064.967967
14 69 69958273.04465461
14 70 416329652.7918173
14 71 125498431.01392135
14 72 107758367.6664913
14 73 24213731.66129641
14 74 323904455.3187667
14 75 11979310.092879668
14 77 78043351.6069984
14 79 422332372.4623873
14 81 6573518.922860762
14 83 68777300.13589491
14 84 115697650.22464265
14 87 7479645.148690956
14 88 3606714.7294136547
14 89 360607802.56480813
14 90 2985178.3834375264
14 93 5491057.036565294
14 94 144393917.2311038
14 95 1068405.6944954307
14 97 436241996.30416536
14 98 8260.33582197687
14 101 287984489.4378147
14 102 432451435.5812448
14 103 37595680.516197115
14 104 2720800.016278586
14 105 96667026.06244673
14 106 242747606.51293093
14 107 27715758.886249375
14 109 24059817.533223864
14 110 6602509.707018475
14 111 9126562.207658522
14 112 49184073.896152705
14 113 369088451.8899186
14 114 246856363.19545037
14 115 85775187.77958111
14 116 119816844.93720812
14 117 69808387.62494555
14 118 472520613.41821
14 119 2199266.097050926
14 120 2102144.254439876
14 121 3971102.266054698
14 122 1247660.0025789523
14 123 2751199.1054147477
14 124 524152.83432617405
14 125 283290158.34097743
14 126 43471233.94428749
14 127 12127742.139154887
14 128 3599811.4421583605
14 129 100011293.55201796
14 130 59232877.45391116
14 131 77092915.65630895
14 133 692262043.458206
14 134 681602.6977527931
14 135 19927620.563801665
14 137 103729582.86647682
14 138 307235720.9741312
14 139 57964185.46239848
14 141 62637206.604655415
14 143 3593789.248504827
14 146 49796540.4805831
14 147 433861906.07808936
14 149 50154544.324385054
14 150 176328252.9985153
14 152 70384619.26933938
14 153 56998865.545481324
14 154 1522086189.693982
14 157 140351211.06224298
14 160 8139358.41791684
14 161 1827988.4318993622
15 6 5999245.982985962
15 7 447221.84527612303
15 11 8476696.204938395
15 13 3441953.2899995376
15 14 561046.018830119
15 18 379360.4751129332
15 21 7092188.5749130035
15 26 4315942.363770325
15 30 6287695.111139216
15 31 2247956.208361478
15 32 2128211.715547842
15 37 1896799.5144542665
15 38 3333474.781443602
15 40 7566711.745148007
15 45 1623183.1410980595
15 46 1866981.8514301141
15 48 361026.3319487473
15 49 985939.8958212774
15 50 4274410.990039626
15 51 1613956.5992412693
15 54 3793999.4148823894
15 56 5675103.849005356
15 57 444106.755425626
15 59 11960560.121233132
15 63 5032859.987286521
15 64 242765.36563809263
15 65 4410944.19506421
15 66 1163009.6696900167
15 67 462558.44374727085
15 68 1568680.9424998304
15 69 1542790.5843437503
15 71 14648397.808011271
15 72 1707160.898194272
15 73 2617871.761322191
15 74 1550843.654559026
15 75 5970541.053985697
15 79 5525279.063425518
15 84 10442437.526738562
15 89 12335951.535208277
15 93 3927520.610080794
15 94 7703864.424181324
15 95 8018940.6885124715
15 97 126799.2424928036
15 101 191508.27316988455
15 104 4070079.04903655
15 105 3587199.1627848186
15 106 5185707.076230493
15 107 1235537.7758160082
15 110 2085554.9815251438
15 112 3997728.12019872
15 113 105074.95788831754
15 114 1610137.7144786406
15 115 397016.7035635862
15 116 3681656.7287454293
15 117 249890.76228244122
15 118 790239.7951413925
15 125 3112915.1082775616
15 130 9355832.78168459
15 133 5544455.125775323
15 134 7482361.869256064
15 135 2697995.259411426
15 137 722321.4382337825
15 138 1970761.2524288662
15 141 334245.95332563855
15 146 7784331.6679617055
15 149 175675.0224004634
15 150 2459348.8008021046
15 152 714205.9120566905
15 154 367673.2461940264
16 4 12012125.032594308
16 6 17236543.24845603
16 7 1590792.4346151785
16 11 2453844.1459739734
16 12 5458890.789213319
16 13 5186872.565888993
16 14 15507788.628666919
16 19 4670929.4150196845
16 21 2685099.0278861593
16 23 903586.0270834551
16 26 9399837.978859516
16 31 604954.5137829878
16 36 2034539.5148858365
16 37 3276978.820296244
16 38 7865506.372192845
16 40 14652963.046863092
16 45 1014934.6747514238
16 48 6655489.239493101
16 51 723529.9218116179
16 54 1545745.3649307976
16 56 1137130.635338479
16 58 4910107.044083684
16 59 3520632.9947091816
16 63 2100329.5800549034
16 64 579516.5380446239
16 67 2461038.7528484855
16 68 17268315.615790445
16 70 3496737.6325493567
16 72 3821169.8175507705
16 74 9839348.98900924
16 79 3782550.0426911674
16 81 12031757.966397066
16 84 4266704.883014591
16 94 7740212.345529204
16 101 5902429.10404475
16 102 1412910.6358108853
16 103 5360982.818899028
16 105 667362.6262519726
16 107 3427759.1313445526
16 113 3148053.272926727
16 114 4263533.153756024
16 115 6800074.280822378
16 117 760500.9805248706
16 118 4074558.5881117964
16 125 1733827.9334113782
16 126 2311389.4507176816
16 129 523576.855246335
16 130 5961585.174416296
16 131 1066740.2888286968
16 133 1156562.9728516468
16 134 1861551.05992807
16 135 3541730.4776371764
16 138 5602228.701921494
16 141 9448194.189150052
16 147 14949382.876189357
16 150 1887554.9685616891
16 152 230231.39867996323
16 154 1563879.1560419665
16 160 2455776.4486652175
17 0 193311.3928853714
17 6 111729.79071952884
17 7 1154772.3098137146
17 10 4895.029202456238
17 11 2022916.759296868
17 14 704014.2777065614
17 26 539611.5712718574
17 40 4480990.891872363
17 45 732264.785629487
17 49 269413.45357286703
17 51 299432.8195452297
17 54 142159.22868774307
17 56 2233362.6630121265
17 63 1588817.7534254722
17 64 1062686.4111262483
17 68 1737066.9143823208
17 70 5788344.51403204
17 72 109043.3403692251
17 74 1734840.9420409284
17 79 2128071.836139599
17 84 1219096.9915349837
17 101 1899606.8185664415
17 102 172223.84663382114
17 106 972564.3352930599
17 114 275207.44513648935
17 115 1867633.3308713317
17 117 484085.0491577233
17 123 155631.22215134304
17 129 1614994.3487595713
17 130 466829.9720876634
17 131 566338.5942577409
17 133 1035221.0601900131
17 135 928095.5594892931
17 137 1971114.8575079925
17 138 605017.818145307
17 146 507183.3933324611
17 147 248818.0414643902
17 152 2758297.630509721
17 154 377907.02700260666
18 1 1987072.8221949397
18 4 10413443.457068391
18 5 1199986.597546994
18 6 5387509.069662991
18 7 27218923.200668562
18 10 520429.26143818756
18 11 28429813.283566616
18 14 2058573.6658998348
18 16 493841.66391799727
18 19 25012658.58850711
18 20 3646858.8964668964
18 26 35064980.35796825
18 30 17842796.898705047
18 31 7212443.908448465
18 32 4382587.739718295
18 35 8401824.421040753
18 36 34844676.805927046
18 37 14159818.126092685
18 38 10007301.378451055
18 40 44107479.3377687
18 44 10267688.837573415
18 48 23299531.79783201
18 49 47851344.857861035
18 50 5319034.839707258
18 51 22175544.702475876
18 54 13347491.465671035
18 56 5269483.841371602
18 57 1330401.9516917751
18 58 1959899.9637294374
18 63 328976.30661046936
18 64 26537581.441898156
18 65 12839129.334002098
18 67 9882758.153571887
18 68 75763911.20579141
18 70 23408762.69350848
18 71 60321087.6680498
18 72 38217663.611682944
18 74 48280119.72839561
18 75 26043021.46220089
18 77 15945690.509976564
18 79 4906713.026673625
18 83 34182682.3575417
18 84 36207150.22794861
18 88 14161164.28821104
18 89 11434959.162610494
18 93 38219773.71080896
18 94 12517363.699899066
18 97 3309234.5460299347
18 101 23650713.521530792
18 102 15074449.615245823
18 104 15741316.33814685
18 105 22606623.566628195
18 106 21739680.327672604
18 110 33268208.804089822
18 112 14713032.213167112
18 113 4433632.956150118
18 114 10784377.953557845
18 115 3490652.277947318
18 116 14019553.629337048
18 118 30261199.569331814
18 128 12092217.301751569
18 129 8093452.754594124
18 130 34121771.75307281
18 131 7670931.64364527
18 133 7425457.81791272
18 134 12416828.504014079
18 135 13537757.522184223
18 138 10793381.948925976
18 141 16358351.96155812
18 146 2567855.8483780776
18 147 41008624.002953075
18 149 15149396.187144961
18 150 12383193.333027305
18 152 37397799.047581956
18 154 1597928.366789608
18 157 8333966.849564334
18 160 1558703.3485126821
18 161 7728704.583612093
19 0 12464702.565935971
19 1 11902716.8938142
19 4 19118141.652595025
19 5 1940252.2057590422
19 6 1124099019.916631
19 7 13084950.196486855
19 8 5702732.584212162
19 11 81563736.11732742
19 12 17915574.13653745
19 13 171262880.01357222
19 14 728015295.7504892
19 15 818068.3675578005
19 16 56420.277479756274
19 18 5728092.626088292
19 20 48703230.94700603
19 21 21062240.911135107
19 22 9149522.958788885
19 23 2061506.2071290205
19 24 221895.84483760473
19 26 4788691519.171465
19 28 150664.1414877565
19 30 111242494.96659462
19 31 419936017.97062325
19 32 150655052.92164403
19 35 8876704.51419929
19 36 16478439.747615961
19 37 198971395.16396657
19 38 76606040.65041003
19 40 7561249.570289774
19 42 3506071.139032826
19 44 11381009.920207364
19 45 262427486.42514428
19 46 6981946.253780361
19 48 803662.2775412865
19 49 516886803.474403
19 50 6347233.10097199
19 51 188774998.36552423
19 52 6465470.158654596
19 54 86530888.67364399
19 56 337824922.7465859
19 57 3798957.934423839
19 58 553493.3366352991
19 59 11009516.084076822
19 61 5207440.373414281
19 63 50486761.372841805
19 64 137281692.2789399
19 65 545091802.7087566
19 66 24130635.47309806
19 67 5059875.503920332
19 68 677470583.8521855
19 69 1244949552.5061154
19 70 98750043.51302333
19 71 161844850.26596722
19 72 2180080155.7188573
19 73 85961408.87152813
19 74 13540136537.449192
19 75 8523737.10422713
19 77 26743050.173682466
19 79 4471686307.036526
19 81 10749606.926514532
19 83 45706173.41147354
19 84 52912931.839670874
19 87 3562388.080338653
19 88 12974119.754096037
19 89 2601101827.5910993
19 90 710996.5236238992
19 93 24075779.303003017
19 94 4128361371.0293326
19 95 26026320.079856314
19 97 675562038.36131
19 98 4218432.890606512
19 101 144629788.32960764
19 102 1015590.929579142
19 103 8340470.8574978085
19 104 1943086.2783923468
19 105 115627646.6193583
19 106 383420357.32160413
19 107 14838363.079025105
19 109 14612779.371480225
19 110 3575270.870882451
19 111 58121934.3812058
19 112 198121695.60132664
19 113 214472305.4358607
19 114 744773752.2502055
19 115 473425787.7787456
19 116 125426721.71115603
19 117 157831416.2028012
19 118 1798108650.3720772
19 119 57855.770232140065
19 120 8103001.723416928
19 121 4061587.6602143543
19 122 412119.23582130263
19 123 312200.9159927762
19 125 878935761.8314164
19 126 22952862.506285656
19 127 5448598.876390259
19 128 5459889.610755668
19 129 600609564.1204772
19 130 110893528.99902973
19 131 94358087.7151262
19 133 3024026176.0973043
19 134 73105771.52917396
19 135 8841728.861215198
19 137 409758930.79510266
19 138 1524631518.1242316
19 139 135790263.78475246
19 141 54853784.57229494
19 143 5916033.570631626
19 146 90708531.20774303
19 147 208904395.89004236
19 149 85387940.18609723
19 150 393939630.8324492
19 152 160340806.20793417
19 153 5724315.80288129
19 154 867732443.576078
19 157 277460927.999935
19 160 10880593.4902995
19 161 35326936.269282885
20 1 38558360.337809935
20 4 34285326.83571193
20 7 2680842.050426432
20 10 3673931.7884956156
20 12 7950318.587798386
20 13 97485887.08881895
20 14 13187126.776682273
20 19 22724379.499623984
20 21 21423384.216392137
20 26 68104155.36604504
20 31 77435494.19728173
20 37 1183022.6681872467
20 40 111235442.09688401
20 49 74378464.39604041
20 50 7150536.220393036
20 51 37260737.96148906
20 54 292984938.6399039
20 56 6441842.350484838
20 63 210365.64501831084
20 64 46358224.432709016
20 65 101520305.13222109
20 66 11100022.04234644
20 67 19798671.619730506
20 68 3376912.8882589657
20 70 108160176.12999588
20 71 191434873.68671274
20 72 241564801.5139935
20 74 9515742.14354441
20 79 33675987.425958484
20 83 15852234.730894743
20 88 1183705.1091668839
20 89 153566301.97723156
20 93 3966.163587642165
20 94 133999.1592904873
20 98 908204.8259076957
20 101 8008866.245896366
20 105 49599942.21924497
20 106 158842649.6764751
20 113 123129806.69843996
20 115 45876863.19287217
20 116 13484907.531012129
20 117 58795640.52402249
20 118 38534657.93900022
20 121 1065963.7451074992
20 126 11018216.00754542
20 129 36857050.33456885
20 131 11912466.229916532
20 133 125705679.16497815
20 137 48625938.058698036
20 138 23142907.308798857
20 146 22155718.772268962
20 150 165647726.12226775
20 152 31421625.306203466
20 154 56956055.984948754
20 157 96436121.57528605
20 160 341256.1807442361
21 0 25095965.473557692
21 1 42518958.055363685
21 4 7319547.580156809
21 6 73001615.06325753
21 7 176771646.8612679
21 8 3761801.9012694107
21 10 3456110.4828781616
21 11 74672368.13703543
21 12 941200.2812748947
21 13 83331992.24421953
21 14 29239599.59810037
21 16 20177970.35300862
21 18 15322261.729129916
21 19 31814726.119350217
21 22 1501266.61515061
21 24 11023142.338543897
21 26 160094470.7882328
21 30 132376042.03408909
21 31 266564111.48366615
21 32 2105360.520767188
21 35 163106420.53104568
21 36 10487476.491621457
21 37 33670707.4492024
21 38 43478328.054291025
21 40 71209960.45356742
21 42 5564279.949975806
21 44 3553987.520306059
21 45 94675386.38030523
21 46 11992185.70646402
21 49 163136254.77460113
21 50 33627581.15491531
21 51 31424286.076144345
21 53 5243277.095377455
21 54 139211188.43597054
21 56 48421594.36978377
21 57 453585.8549229275
21 58 36113937.06692554
21 59 5784939.54805229
21 61 4280788.485293167
21 63 59344845.41769112
21 64 125165775.49548872
21 65 72725601.03582695
21 66 7391139.293551493
21 67 73192242.33085988
21 68 22976113.223835483
21 69 4441169.663017935
21 70 84576851.82581738
21 71 2690057.2613414386
21 72 45206154.67003469
21 74 27811321.463736992
21 75 65094764.63095996
21 77 8376306.940726206
21 79 137931800.06111693
21 83 26593752.786749892
21 84 149409105.25471795
21 87 2027273.7521083287
21 88 2897794.332650094
21 89 114047273.38261895
21 93 8140548.125390088
21 94 299423326.0646749
21 95 9378872.62263839
21 97 52785100.23917081
21 98 547938.6743567382
21 101 206345799.23716766
21 102 88226142.20167829
21 103 33817221.81339714
21 105 9106611.226290943
21 106 37553785.839979574
21 107 3048646.5037269364
21 109 47295436.289263055
21 110 1668974.9373689059
21 111 30013052.74532522
21 112 119435944.3447009
21 113 22427304.692011915
21 114 14122703.294986144
21 115 86438954.59052071
21 116 29139471.087653235
21 117 157274830.50562248
21 118 45915605.87400246
21 119 1096501.989976211
21 120 3244143.534923349
21 121 6237808.786880122
21 122 1759949.2633655665
21 123 478865.21692350233
21 125 3976549.5331301223
21 126 17960732.135978453
21 127 409866.32565415354
21 128 2962192.206508614
21 129 164314233.54274404
21 130 199140141.28695825
21 131 17523054.871814847
21 133 38276552.227036126
21 134 46266555.30547875
21 137 22524421.557039827
21 138 220380059.98102334
21 141 5008356.890672655
21 143 2328491.8617277485
21 146 30923845.689701114
21 147 10481170.924926165
21 149 60545786.69754987
21 152 117176097.91147922
21 153 1286360.0890352568
21 154 214317909.56388924
21 157 156618426.12021378
21 160 26316358.579316787
21 161 6216203.400564959
22 1 856262.9335004799
22 4 1970347.9469101399
22 6 3936589.188013491
22 7 5051299.47353555
22 10 1820916.4313762225
22 12 404566.0433940878
22 13 4951988.30569776
22 14 2599618.186617573
22 19 9414954.582517993
22 26 294704.64231903944
22 30 986118.7544888848
22 31 3635344.9844699576
22 32 8541776.02014768
22 40 455494.63840539166
22 49 264551.92417030904
22 51 11591649.18615781
22 54 2557498.621675176
22 56 2609803.9085236485
22 57 2168644.6296059377
22 63 745041.5944473962
22 64 198938.22214666585
22 65 1750670.446385871
22 67 11464414.403063053
22 70 16172230.108799102
22 71 4384141.525666515
22 72 2180752.8993547657
22 74 2527912.731491922
22 84 706621.2051453523
22 87 1458927.9583684928
22 89 1119556.8278792442
22 93 5460985.723184818
22 97 394542.6599172674
22 101 1086643.6263509623
22 102 17878998.109498378
22 105 5593357.62120455
22 112 3970533.001386876
22 117 90786.60053367932
22 118 5996105.063460386
22 119 2619881.708960143
22 125 6460217.396126735
22 126 13589179.539496398
22 128 1499222.2380579708
22 131 1429731.825260438
22 133 4642439.681432311
22 135 10078944.840509469
22 137 455211.53319575655
22 138 5780713.926622626
22 146 3748794.5887943106
22 150 6228520.333628734
22 152 11468881.685509412
22 154 1102794.3534707956
23 6 1007372.8786563312
23 7 1065439.1783369526
23 13 167861.2859568069
23 19 90222.26606720044
23 21 4885.1348827431075
23 26 88686.09681406617
23 30 221811.12523516605
23 31 825773.5579711677
23 32 569271.63160306
23 35 701373.3859566405
23 36 391586.922205611
23 37 12407.224151853423
23 40 316627.9727274394
23 44 1065107.9637675236
23 45 75918.30644126095
23 49 1541176.9972981685
23 51 414898.5217220751
23 54 1825821.4999947392
23 56 1406388.4819820074
23 63 1506217.5224397434
23 64 769734.6170272456
23 65 43347.783157033315
23 67 337637.92526699865
23 68 961995.9180102377
23 71 1305965.7841090278
23 72 440659.58963415655
23 74 127007.91514938751
23 79 820345.4945284203
23 81 476455.7036202635
23 83 441031.269321638
23 84 2797683.4510930185
23 93 113391.63534736284
23 97 22698.183429887395
23 98 1464450.5351510737
23 101 872531.7107124734
23 105 303675.69278265553
23 106 2709460.399633781
23 112 317395.46419869247
23 113 1458827.7218123996
23 117 1672820.5263152095
23 129 764952.1782938793
23 130 264740.90975295386
23 131 755057.0465938787
23 133 122933.17525482901
23 135 205976.81525336643
23 137 247766.28906089306
23 138 899157.0971498383
23 143 199013.7861518959
23 146 266679.8431872978
23 147 603145.6674142439
23 152 981999.673642294
23 154 119735.72865044724
24 0 19058140.20277938
24 1 36872043.9893091
24 6 29067558.45887447
24 7 14326865.034120021
24 8 7248580.520619993
24 10 8252814.649267178
24 13 20816509.952148557
24 14 7453005.3604155
24 18 2759499.9910373692
24 19 8756398.431208767
24 21 25774930.96674504
24 22 2336058.214880337
24 26 9575311.045342742
24 31 63948595.127308495
24 32 23117543.11570856
24 35 20542793.747006293
24 36 5798611.817011344
24 37 2313846.5673591783
24 38 21733046.348297793
24 40 17606791.889108088
24 45 125084769.98045385
24 48 15909471.16132652
24 49 41138199.80597241
24 51 114824350.47000647
24 54 27878113.680795494
24 56 5138379.046503283
24 57 1745910.4571152409
24 61 3626081.101637436
24 63 13392382.931208119
24 64 62768845.14997526
24 65 17842040.291438304
24 66 25515216.298966452
24 67 86118201.05909993
24 68 25869660.19214099
24 69 18130656.93838872
24 70 13974809.345528249
24 71 5636720.655797572
24 72 57127313.37773934
24 74 46269207.70105553
24 75 26186436.70936981
24 77 939829.3297579972
24 79 8491539.870046357
24 81 2009143.6149357317
24 83 1857841.6591832284
24 84 2202831.4067964577
24 87 7546743.790188219
24 89 22178803.652583748
24 93 4711115.926059351
24 97 18441930.30612948
24 101 25766119.418893825
24 102 9577340.056905005
24 104 6664218.231438888
24 105 5936252.622006592
24 106 6385399.935223918
24 107 5034320.798680692
24 113 9314165.436952174
24 115 20088209.718030322
24 116 39199073.85357836
24 118 48766207.154689714
24 122 3750512.323049236
24 123 2665406.042444407
24 125 331576.2370115705
24 129 6196506.626816298
24 130 42057964.505109005
24 131 36346946.626979694
24 133 77473721.15745127
24 135 11476607.53023346
24 137 18660757.414407376
24 138 26873848.005098492
24 141 11430127.378500124
24 143 351620.33816676715
24 146 11903709.925740445
24 147 68997064.8490196
24 149 9064441.562244508
24 152 98928181.06286155
24 153 178630.67071794334
24 154 49378708.41702607
24 157 404424.9654119496
24 160 4333188.328317623
25 0 5010323.615886466
25 1 5572162.370193473
25 4 38442615.91491397
25 6 15665140.206326738
25 7 5296920.6025197795
25 8 10078419.419329185
25 11 2394833.79943251
25 12 6143241.880447882
25 13 7490956.772655457
25 14 63204765.39983104
25 15 1801017.7599584702
25 18 123982.36736246868
25 19 22064635.6365269
25 21 26306434.630036645
25 22 14463490.24716334
25 23 4797977.469807197
25 24 734959.7098430182
25 26 79884307.97501217
25 30 61600688.21096456
25 31 35384492.115376845
25 32 36874896.80810154
25 37 6514060.0674101245
25 38 4287052.015167921
25 40 12027832.820002962
25 44 73236041.56327233
25 45 59601298.360994875
25 48 11035986.460449167
25 49 12347303.230664827
25 50 7441904.332423859
25 51 17038072.390267715
25 54 8419638.991563812
25 56 14455395.783849027
25 58 11038285.923262203
25 59 2475015.630511954
25 63 32119146.204841256
25 64 16334682.678742886
25 65 165947041.96376547
25 67 40298348.79454626
25 68 39093919.43750723
25 69 8503846.329355875
25 70 31676854.619516436
25 71 63507313.02798245
25 72 8956777.6022089
25 74 46872430.329621375
25 75 37518897.185510196
25 79 6469821.54346343
25 81 8646549.74268134
25 83 1626727.3270341705
25 84 65209380.43783126
25 87 1986818.7604934466
25 89 92752316.3184842
25 94 4069957.707745926
25 97 2447910.4064188423
25 98 911183.2475214925
25 101 13938263.056277731
25 102 12690450.39617694
25 105 1388988.310401566
25 106 9719066.627805576
25 107 55076823.54382426
25 110 9833382.959503418
25 111 3665524.9492045967
25 112 5781770.458105283
25 113 20591989.45407011
25 115 10222618.014465047
25 116 18474871.441510472
25 117 12528181.852708042
25 118 48066717.90187963
25 120 376388.80313544354
25 122 2224795.068795775
25 123 1642878.8884490652
25 125 21197086.298317656
25 129 39355732.9886761
25 130 17090305.115763567
25 131 1841918.5152704583
25 133 47932893.17773022
25 137 16938109.071782526
25 138 24383906.19909331
25 141 4850010.191899238
25 146 23245464.76057215
25 147 5900469.750606576
25 149 1752578.9067875103
25 150 19753921.851614475
25 152 23542643.412143428
25 154 69966043.35490726
25 157 32342022.012055162
25 160 2252567.6273947447
25 161 30045067.89337619
26 0 17034462.229971588
26 1 262459424.12263274
26 4 45703291.35863314
26 5 42098868.177147135
26 6 6481038777.497179
26 7 1237312288.2182302
26 8 7627966.2313612485
26 10 35731128.47569157
26 11 72922106.37850618
26 12 7508282.316649912
26 13 154165086.50824106
26 14 489351290.84111834
26 15 2381535.4341930607
26 16 703200.9878886144
26 18 16767187.806610331
26 19 139367104.84107068
26 20 21084410.613537293
26 21 4413942.387655778
26 22 1432149.1652213016
26 23 1596032.880027547
26 24 6994828.861863193
26 28 4266365.798850462
26 30 697030032.1450864
26 31 4895246515.633238
26 32 117469274.79602048
26 35 59341597.48548066
26 36 136818072.03691718
26 37 146843266.6054254
26 38 99056134.85008521
26 40 89392874.53353882
26 42 371769.74442469643
26 44 24547715.413165208
26 45 69678671.57431042
26 46 98293642.97030804
26 48 14940757.878921822
26 49 343397994.644429
26 50 5768354.108869566
26 51 2031159300.755806
26 53 3721562.8745701835
26 54 5427662139.021948
26 56 56903198.20813574
26 57 296438.71437677386
26 58 176180057.04480276
26 59 9392675.759455232
26 61 2197267.5126147377
26 63 4751214.848658995
26 64 6197372253.563252
26 65 443583632.60792875
26 66 58452996.08190625
26 67 1416242438.7659256
26 68 810176072.7932588
26 69 1345388372.7578483
26 70 534118165.16820365
26 71 576658522.9970112
26 72 636234275.1135631
26 73 11287334.554650139
26 74 10622919531.769476
26 75 22703068.163994826
26 77 17616294.58952777
26 79 6764149310.001664
26 81 2355757.769118542
26 83 37456434.628350906
26 84 22810935.26981174
26 87 15061883.989412572
26 88 2184761.962303728
26 89 1152597128.4495595
26 90 2361966.3239121875
26 93 2585188.9093716964
26 94 2057996249.9044826
26 95 38865008.64804679
26 97 80904243.40357211
26 98 3451588.693298099
26 101 6648158104.077212
26 102 271341454.76826113
26 103 8168967.668630701
26 104 3801697.9154156046
26 105 85090724.41877268
26 106 576451801.9041405
26 107 26571444.52169709
26 109 3549365.606339035
26 110 6486468.719940096
26 111 34427527.36139225
26 112 10524958.527903305
26 113 1671677554.603842
26 114 4243240.349581142
26 115 1917791591.6510868
26 116 4553077.143145784
26 117 89064296.18707871
26 118 277156037.93474513
26 119 1613775.6192627666
26 120 2612795.5196691984
26 121 6211654.293414864
26 122 1017279.3731293168
26 123 4393896.568552626
26 125 164699258.1024249
26 126 6891480.69657473
26 127 7433442.951297106
26 128 1179461.4883189814
26 129 1834183603.5434403
26 130 230801541.34763515
26 131 278797783.89567864
26 133 2360417171.47977
26 134 61410050.9658384
26 135 23520436.515680227
26 137 1282973388.9344857
26 138 155327135.68939245
26 139 76790004.61672242
26 141 7107648.467237213
26 143 2720550.8168322793
26 146 160830409.14678517
26 147 743156300.2550163
26 149 12007951.822651476
26 150 1246333474.0609267
26 152 2212799890.546952
26 153 26580865.38216113
26 154 8313272219.958183
26 157 724352609.097667
26 160 6046313.775799776
26 161 45809409.82144774
27 6 39253.06584978556
27 11 67450.20122157838
27 14 501812.18589283776
27 26 566296.355670937
27 40 281394.00487152184
27 45 787756.6209504112
27 49 306379.5324412279
27 51 483120.83892539056
27 54 201663.47763884833
27 56 552963.6564206128
27 59 1060347.5368360446
27 63 759626.5235058325
27 65 251759.42383416422
27 68 254270.23561333644
27 69 1773306.090011237
27 70 593608.1254167384
27 71 220241.89552102805
27 72 239157.61357787976
27 74 19622.806474451518
27 77 7358.912142895005
27 79 469831.1776888109
27 84 584558.9385337596
27 101 2066528.8536444053
27 106 102426.61782893432
27 113 591682.8588363943
27 115 31649.318008293612
27 117 1045374.8619012735
27 119 324491.4513436164
27 129 131660.70353918336
27 133 102849.33726191949
27 137 110243.79698195685
27 138 302493.1482783641
27 150 1109014.6796143579
27 152 35006.71643413208
27 154 78270.96345798651
28 1 2576308.792931296
28 6 754174.0807393548
28 7 4368654.928197742
28 10 4924306.18865262
28 12 2269957.1715584574
28 13 4106235.9024752914
28 14 1997420.8307691352
28 19 689289.8325362618
28 21 1639223.6509447624
28 26 3761715.9830216994
28 31 308391.063332451
28 32 8172206.2190806065
28 35 3011571.8255782803
28 37 1520685.3264281962
28 38 6066498.542698957
28 40 4063444.483789712
28 45 1977351.8477007633
28 49 1238022.8410920487
28 50 7258406.082566662
28 51 4121385.3942542966
28 54 3289891.176086858
28 56 10899400.051797066
28 64 780765.2353308316
28 65 2446619.45419517
28 66 5078099.801860583
28 67 1027619.4413827405
28 68 1247815.7886450998
28 70 1322443.5453182934
28 71 2684409.334333997
28 72 1950923.2914349784
28 74 5410493.815732673
28 77 5354328.9982532505
28 79 1612625.1661254417
28 94 3174747.975520065
28 97 11141541.10043015
28 101 2409383.805157906
28 104 2340087.7585057043
28 105 10092067.211733295
28 112 1846017.1147796889
28 113 2045153.9637240893
28 115 580615.8703093034
28 129 6747427.7684862865
28 130 321365.8651033908
28 131 6380712.453927448
28 135 2036648.4690018566
28 137 8510901.516461223
28 138 369991.5718889399
28 146 1701068.3706040715
28 147 898973.51078067
28 150 3157957.4597307006
28 152 3799879.2256177845
28 154 4177433.0290438537
28 160 2346533.0720718545
29 1 1116815.3188776425
29 6 142761.69041062158
29 7 28396.62389977466
29 12 2422845.4976017415
29 13 7954754.779610588
29 14 9430494.747088904
29 22 2444026.4525662824
29 26 1693928.8982717916
29 31 914678.4329546925
29 35 469971.42984597164
29 40 130775.57664521749
29 51 2320430.511680836
29 54 3314348.336000944
29 56 9040169.566023106
29 57 440313.48318751075
29 63 3255455.6931604445
29 64 1058378.4490055053
29 65 4711853.8333674185
29 68 840601.8288434345
29 72 6889309.215304827
29 74 7931502.6849218765
29 77 2103448.919147214
29 79 105551.86935305002
29 97 1777338.210541623
29 101 354029.1632863212
29 105 2450.6028643300256
29 106 1903910.382555383
29 107 1216284.7449817993
29 112 353465.85174188495
29 114 14125.367794594607
29 115 8421.558086713532
29 118 602447.4578378156
29 122 5748651.69604225
29 129 4245380.552198192
29 134 1693606.0735479302
29 138 654292.3162490583
29 146 930893.1039150511
29 147 1228749.4443898792
29 152 4268605.090761778
29 154 1803942.9280305628
30 0 21877228.264826544
30 1 246209976.5239295
30 4 61599817.24296508
30 5 15424341.295197003
30 6 202532534.9605061
30 7 97113417.27867837
30 8 14897496.255076997
30 10 28676740.67286178
30 11 88374805.48100059
30 12 21149678.64753393
30 13 5317397.647336751
30 14 5386032.801103329
30 15 8459365.740283608
30 16 942812.2274282199
30 18 190262400.0645238
30 19 432078918.9650633
30 20 7751610.090737942
30 21 103240819.52666458
30 22 2078747.966608583
30 23 1247101.8525289618
30 24 43142775.55831104
30 26 1810346640.7669363
30 28 2290425.09371091
30 31 2299188.4322861386
30 32 30878016.848099288
30 35 131494795.20964023
30 36 59264138.16579579
30 37 48883519.758904085
30 38 90800306.36912365
30 40 33658979.821153305
30 44 26620276.404435266
30 45 135474224.0804094
30 46 39947018.214577764
30 49 287039335.97490114
30 50 3359471.4966969052
30 51 523915491.51422703
30 53 3081240.273239947
30 54 178443139.70843622
30 56 32231511.815997865
30 57 3871624.7466426534
30 58 25645748.795959093
30 59 24912973.036388893
30 61 13740358.127278917
30 63 23892083.327144694
30 64 614535242.311441
30 65 285381782.6195852
30 66 11639743.866122713
30 67 115565138.5516274
30 68 260877587.4261496
30 69 766554779.5159519
30 70 90787565.01993404
30 71 421920537.0653294
30 72 1311627482.5169694
30 73 7157925.481986502
30 74 112202888.66628475
30 77 31677303.534954358
30 79 81156708.02254985
30 81 18847111.590284985
30 83 60497699.33773287
30 84 10473064.204922328
30 87 92410.1983500498
30 88 5500302.999534495
30 89 63138758.77391624
30 93 13782627.355637008
30 94 76920933.00263983
30 95 2904533.958477947
30 97 136259428.4364395
30 98 7533521.151556002
30 101 43873283.37021421
30 102 186078938.59105718
30 103 39144838.94998958
30 105 239430682.53709188
30 106 672788401.0257635
30 107 154742341.00173676
30 109 38421930.59566806
30 110 1836474.637478128
30 112 186097259.6823238
30 113 33236541.63286237
30 114 400090889.5811924
30 115 66782012.28649015
30 116 48759194.8380391
30 117 14967657.459234837
30 118 475540474.96844
30 119 736258.3081037372
30 120 1045732.4196835366
30 121 1104654.3476941625
30 122 942289.6085712421
30 125 62027471.5226985
30 126 35748687.263715304
30 127 13685639.908101112
30 128 4246155.801116457
30 129 401787311.54565775
30 130 22634878.472371582
30 131 135966168.46911898
30 133 930524102.9149271
30 134 255737249.50582448
30 135 42384906.06956992
30 137 430872706.9827048
30 138 919083157.9632399
30 141 17933776.991979364
30 143 6813174.442488678
30 146 175818105.04586482
30 147 407421578.02822065
30 149 573090.5100605596
30 150 163007036.47733974
30 152 1177216288.1871371
30 154 361411614.7159311
30 157 65831499.345826335
30 161 19290004.62217171
31 0 7525026.680066636
31 1 380542305.32192695
31 4 58543861.844328105
31 5 8721697.711454635
31 6 3948681558.444962
31 7 1604030904.6101313
31 8 10736345.473862639
31 10 16184366.032286635
31 11 160932006.35828823
31 12 17248878.90742852
31 13 18136657.584527645
31 14 65826032.601500235
31 15 1684368.3907182864
31 16 4639913.012949687
31 18 6891729.085641863
31 19 349875769.1074994
31 20 8298591.023263423
31 21 239599269.88270092
31 22 2306936.054568639
31 23 1067745.700480007
31 24 4902093.900138948
31 26 1822377012.4639392
31 28 1425345.1026369897
31 30 105745858.91480887
31 32 84863313.02728431
31 35 56482521.154592805
31 36 67815607.29737256
31 37 242383495.88655367
31 38 49431869.8042801
31 40 2150398551.700258
31 42 616841.5114008345
31 44 23584143.839845635
31 45 79528505.97107032
31 46 67902152.54699504
31 48 3965324.238322014
31 49 1770355614.614399
31 50 24549256.05110299
31 51 4241625518.1303153
31 53 616607.1274713543
31 54 27258825215.861843
31 56 498958983.9096073
31 57 641707.2712353746
31 58 83333850.46324776
31 59 918309.5167548568
31 61 1564680.179530151
31 63 1015749.9460598994
31 64 546278233.254831
31 65 871348264.3263918
31 66 96091702.61489388
31 67 1539129256.1525567
31 68 2094325232.2226117
31 69 14976424.632594893
31 70 795511513.2826557
31 71 3015563186.0695467
31 72 27775977288.428658
31 73 105422396.05023931
31 74 34818577703.578766
31 75 27252465.829080723
31 77 23754499.169098135
31 79 4879475699.519999
31 81 16111266.226227874
31 83 62283787.72305899
31 84 37606403.59302088
31 87 4058269.535194101
31 88 12380650.977430848
31 89 3347814480.290886
31 90 16046519.587374961
31 93 7831145.545589406
31 94 8130402821.240493
31 95 8180382.423005097
31 97 207880817.55604878
31 98 526408.1047639397
31 101 761970732.212125
31 102 36970739.436241984
31 103 29052987.020590574
31 104 1946945.628153084
31 105 93208619.89860868
31 106 480610370.0476381
31 107 74084796.7677488
31 109 54810807.5264373
31 110 35695.270664948075
31 111 27511171.2492847
31 112 84667510.16833802
31 113 1100236655.9225967
31 114 863954489.2079628
31 115 146609827.87051174
31 116 59267579.289291404
31 117 422485585.98722744
31 118 573415898.1168119
31 119 1319677.363481358
31 120 4529216.146013876
31 121 5517248.436229911
31 122 1267345.6517831404
31 123 1461871.0535084486
31 124 826429.5882132754
31 125 1052385922.015501
31 126 155161688.22611424
31 127 4607208.806351437
31 128 6160519.496099658
31 129 292193967.65422904
31 130 168212428.178559
31 131 46008698.28920477
31 133 17073884156.146605
31 134 225652378.61681387
31 135 31145201.177517712
31 137 95054843.0679507
31 138 4254203607.971508
31 139 60373276.65763526
31 141 71751705.69769713
31 143 1006741.9825962591
31 146 348991996.0416885
31 147 461325880.7125275
31 149 2823143.2433090694
31 150 587319740.8751061
31 152 33619267150.882607
31 153 2336597.8230411424
31 154 46664052939.84657
31 157 34612997.908465
31 160 115957.38524784333
31 161 14710892.581935141
32 0 2484502.992223695
32 1 110315437.61860214
32 4 56291433.98925988
32 5 5862342.1925048735
32 6 173442325.44937912
32 7 279591863.8538632
32 8 90015144.77163535
32 10 15416641.147695685
32 11 23108895.883731835
32 12 2407512.955798566
32 13 25776776.565440673
32 14 92949928.68706353
32 15 3427473.988577711
32 16 8201532.968940593
32 18 1408431.669469328
32 19 137214313.68990827
32 20 13377359.93985868
32 21 20634700.852289878
32 22 13223001.491842233
32 24 1956489.517170006
32 26 162676590.68810073
32 30 314583631.0927766
32 31 155102317.38112462
32 35 31830642.58876826
32 36 29828806.86269687
32 37 90916485.62589829
32 40 17339353.510959268
32 44 60529035.56626846
32 45 10421375.421760503
32 46 4618240.932043777
32 48 10174984.212245043
32 49 547740432.3483216
32 50 26983356.461626597
32 51 110320622.75744367
32 52 21728853.167206213
32 54 249273375.9499315
32 56 53585838.56919663
32 57 2313055.267573854
32 58 60621851.80139298
32 59 4400438.044364338
32 61 6818338.877676703
32 63 35113647.30201527
32 64 71861966.25124128
32 65 8551846.38300951
32 66 5179241.937862725
32 67 138686577.32068887
32 68 304017264.82293767
32 69 20030220.17337078
32 70 349813160.00043494
32 71 146456063.17227736
32 72 308015129.2103186
32 73 31584475.308094084
32 74 215329157.44021547
32 75 31407548.220670775
32 77 70238380.24157333
32 79 133358247.35776348
32 81 8716506.714407211
32 83 168644068.4563662
32 84 213310237.0435128
32 87 905844.0490313679
32 88 6430167.247313811
32 89 96301833.15007232
32 93 47889149.56604126
32 94 163999796.30130985
32 95 776798.670205042
32 97 38188399.829030074
32 98 849603.708723267
32 101 44910444.05389472
32 102 9316742.989634834
32 103 5320562.877869242
32 104 1091747.6548777665
32 105 97133069.90323384
32 106 89936666.09598549
32 107 146360013.63732308
32 109 4725014.951820514
32 111 6915051.154381707
32 112 103130368.30553173
32 113 203119273.08058655
32 114 130545670.19385298
32 115 1145766558.3511927
32 116 23196139.3880988
32 117 74283691.42187768
32 118 571570945.3207442
32 119 2047264.9370270316
32 120 24987.135503839465
32 121 125106.43868477391
32 122 6887033.829430135
32 125 59675101.83398985
32 126 20714031.905596904
32 127 4835416.383319448
32 128 910474.2344491858
32 129 14435560.029696105
32 130 175306686.90525517
32 131 50228458.47376139
32 133 164793461.4778603
32 134 123686883.86640577
32 135 18314604.0166074
32 137 103832772.44971216
32 138 68635813.27702141
32 141 21887125.756920766
32 143 4975530.970588524
32 146 22440483.4263601
32 147 605191064.4523947
32 149 26562691.05090129
32 150 8581155.802926295
32 152 685548144.7204449
32 154 547001992.2677653
32 157 253735752.97438663
32 160 492957.1477756438
32 161 6974587.593784085
33 6 2417515.0593456835
33 7 1290451.8138618788
33 10 755461.6467363099
33 12 136888.34263934358
33 14 461646.6902392502
33 19 434698.17855076643
33 26 1090377.561432586
33 31 828735.3605368134
33 32 263471.2500110365
33 35 47330.559604189504
33 37 3355172.028235787
33 40 6769325.087712819
33 49 1302770.3004336245
33 51 639297.076100768
33 54 1154801.4656558766
33 56 2882527.3704641033
33 58 4791710.961257312
33 63 507900.2780157421
33 64 279935.0548359134
33 65 711206.1667231496
33 68 98119.61053787018
33 69 601188.1797113754
33 70 146718.30730112275
33 71 3239848.4641264947
33 72 1816390.2199606556
33 74 2196427.4091738253
33 79 3695408.0174107626
33 89 20798.107796170858
33 94 2220226.2083753594
33 97 1315270.2616416535
33 98 785005.8502219474
33 101 441849.33347092546
33 102 154354.04800552886
33 105 2512196.952861346
33 113 18086.830883594368
33 115 882132.016688271
33 117 78770.70526786505
33 118 621800.3166853146
33 125 2936126.538594705
33 129 50695.602826189745
33 131 80922.84900489145
33 133 2782320.046373244
33 135 313665.2400684572
33 137 116254.80118899477
33 138 570180.2553500981
33 147 514881.2139373641
33 152 669371.206620603
33 154 1842857.7565143239
34 6 2721092.1869750195
34 7 48408430.37375813
34 8 11123758.628356539
34 10 19377221.985953953
34 11 92782665.08450682
34 12 7111617.559737385
34 14 1362945.4080752837
34 15 1764892.5421921187
34 16 3226804.037162987
34 19 60088296.24507707
34 21 8674206.690305084
34 22 15422489.629764311
34 26 423530.4549958142
34 30 6870670.919063889
34 31 21675809.459945172
34 35 23689832.42571904
34 37 1723129.4812079323
34 38 9719646.126286998
34 40 14585511.678271653
34 45 6854268.271329474
34 49 11966579.349722091
34 50 17896879.92540019
34 51 27819819.06838632
34 54 22447696.044421274
34 56 29197300.917580273
34 59 11637643.045609625
34 63 53119970.56288694
34 64 50530845.0915351
34 65 9151188.650074556
34 67 34286539.723038845
34 68 1266925.776319954
34 70 7949204.6342652505
34 71 17017599.024382517
34 72 25719071.417417042
34 74 20612346.748365603
34 75 8453601.824991228
34 77 14038980.584843375
34 79 7814619.950056976
34 84 11603860.869811706
34 88 7126510.08747936
34 89 854134.8990757088
34 93 25966813.147176124
34 94 59870793.25198052
34 97 9639961.537545031
34 101 16381195.907301236
34 102 15374269.278668495
34 103 20960200.005957503
34 105 22171428.11370336
34 106 32853381.538911834
34 111 7678719.372959417
34 112 61019769.816131905
34 113 4619296.5758846
34 115 6724090.099880204
34 117 13666887.42359475
34 118 24505098.747444097
34 120 556717.8163649892
34 121 5039069.076825249
34 125 53949384.99665733
34 126 31025590.053563293
34 128 401768.67654722737
34 129 24957077.519211017
34 130 2149929.991857046
34 133 39791388.82947835
34 134 15163564.636420714
34 135 63526.353073783444
34 137 22550558.505756248
34 138 22455951.55619674
34 141 10703601.736313166
34 146 8791366.321422234
34 147 43403426.702453226
34 149 1563842.9031229373
34 150 14367578.218676629
34 152 12694478.032588877
34 153 24209501.36191045
34 154 49598486.34005049
34 160 10088778.884985147
34 161 10277986.176745057
35 0 4258152.133713057
35 1 39537950.333211854
35 4 71556141.99896036
35 5 14862726.203484088
35 6 41406997.66677159
35 7 77652209.80394298
35 8 11205518.399091324
35 10 70911358.09776932
35 12 3119544.899727364
35 13 317842256.1474398
35 14 7615564.505244764
35 18 3615411.925917243
35 19 61700632.48183877
35 20 28380157.367875263
35 21 3394715.9911563094
35 22 6840483.4104711125
35 24 2159925.772736974
35 26 133366202.17437735
35 30 64734751.74694711
35 31 41353548.09197734
35 36 4874554.876677039
35 37 9844312.4910333
35 38 171991891.29887193
35 40 31979933.44356833
35 44 39756081.733539835
35 45 153124172.734232
35 46 14754791.021887913
35 48 4625779.622780648
35 49 5141986.975823014
35 50 28192886.65403919
35 51 117985803.66730967
35 54 83057662.02345839
35 56 40828861.07264797
35 57 3744969.2795457486
35 59 2199819.316760448
35 63 12494615.670173468
35 64 173655449.0019846
35 65 90818904.20706302
35 66 18800399.276723575
35 67 68785599.3252562
35 68 27974771.71144814
35 69 47613807.56127685
35 70 42591614.17824582
35 71 222960378.02212924
35 72 60958784.12954759
35 73 65226833.74368002
35 74 392783327.3996543
35 75 9209978.762558505
35 77 50077822.408646256
35 79 1629145.3186714402
35 83 80032677.63799688
35 84 64269801.69736622
35 88 2687749.604571265
35 93 14894136.648999883
35 94 32577947.189348694
35 95 8867.526320058596
35 97 101680567.14396313
35 98 1042052.8587227933
35 101 94061207.1619563
35 102 216436951.21107948
35 103 14190219.711581519
35 104 4174435.5234039836
35 105 82206966.82272446
35 106 237932652.51735124
35 107 5017787.855415535
35 109 22858839.654990066
35 110 16671567.545454592
35 111 86626475.44597226
35 112 42483715.006644435
35 113 142645073.92827252
35 114 61211362.2720596
35 115 114671157.05329102
35 116 16841026.291515514
35 117 230925780.2019166
35 118 44492313.21813709
35 119 564246.6124611256
35 121 4062324.453508392
35 125 194934867.3953047
35 126 35291795.131680146
35 127 1014029.8857741072
35 128 12876503.235072654
35 129 114767614.47675656
35 130 130256869.7402405
35 131 16028907.950337159
35 133 62223510.84845187
35 134 7097921.762728338
35 135 6469830.461240732
35 137 77767924.21123844
35 138 18175837.34904631
35 141 14008405.974703517
35 143 3909282.646800618
35 146 3851619.8551117117
35 147 20353308.122077174
35 150 46964973.06671354
35 152 758056189.7854961
35 153 25716408.340487078
35 154 136790976.55252934
35 161 17058186.56491225
36 0 5404505.320866998
36 1 67131697.7829162
36 5 5524379.955858283
36 6 3484549.5382749704
36 7 58783088.30612037
36 10 11467154.264561316
36 11 16123856.93120708
36 12 4537407.249897495
36 13 112768280.11028047
36 14 39695824.954639755
36 18 15733260.471827276
36 21 15390504.850276181
36 22 13065608.907127563
36 26 69115807.40319863
36 30 413393199.9945104
36 31 81777775.86581771
36 32 36654316.85177791
36 37 13504210.303164348
36 38 36978605.385673515
36 40 15612263.52360801
36 44 24641462.07477008
36 45 32827724.469012834
36 46 32418587.313282706
36 48 364334.3905420219
36 49 218945659.7609615
36 50 1218518.488010283
36 51 76983089.76410103
36 54 113708519.4901202
36 56 13613781.912969312
36 58 41981188.07654249
36 61 6683219.968914863
36 63 4221054.336678669
36 64 28167892.24427378
36 65 45159040.92017263
36 67 176365655.25482205
36 68 17113534.13742775
36 70 56377641.98858471
36 71 56548419.49320521
36 72 15235645.573514972
36 73 20434228.022901375
36 74 178623419.1969458
36 75 40247745.979111075
36 77 68275191.95200382
36 79 13795004.048209742
36 83 3258481.5232074666
36 84 22410993.57055554
36 87 821934.0247729041
36 88 844944.8873900352
36 89 84150559.2567595
36 93 13642280.61296734
36 94 200175000.88231492
36 95 18157703.356138058
36 97 36656742.77193616
36 101 121407357.31969152
36 102 12432994.810050225
36 103 26732514.080020662
36 104 7697295.669068183
36 105 71704679.15651928
36 106 7170666.671287666
36 112 9805845.675814703
36 114 152520412.37140915
36 115 73962565.70937268
36 116 120350953.54164495
36 118 39623223.79269768
36 119 954938.9710751286
36 122 3168282.6880127327
36 125 36541259.42136014
36 129 42631371.395635866
36 130 79129688.20117569
36 131 11830916.860685714
36 133 75341133.8354563
36 135 51103210.14737796
36 137 58315248.40344897
36 138 27037912.162811182
36 141 2376208.7756012855
36 143 4213267.757195322
36 146 10898903.997952979
36 147 18109469.75233618
36 149 37437134.467608996
36 150 58004637.0974111
36 152 140071583.00933602
36 153 2139663.0166616994
36 154 33206214.47931496
36 157 84801437.46567623
36 160 16562493.456864614
36 161 113475.64574152941
37 0 14806339.625346957
37 1 25192888.6273222
37 4 30022301.95636312
37 5 10362072.90560128
37 6 29785611.659196332
37 7 128200594.99099617
37 8 4268359.1623585615
37 10 25624950.715091888
37 12 1834611.014290783
37 13 116674656.3178299
37 14 30757987.7934528
37 16 10429592.303542031
37 18 409128.91716866946
37 19 52080710.35883317
37 20 1517276.7986453143
37 21 30378.273462417692
37 24 8140767.47686639
37 26 75799608.7496542
37 30 54644667.964186504
37 31 453219.68985784665
37 32 2092807.4364951628
37 35 40500286.49356267
37 36 7324913.204607284
37 38 11708314.767331956
37 40 166627281.386488
37 42 1828.7301470502339
37 44 42705166.24540987
37 49 57036223.45492626
37 50 15277197.589144941
37 51 4159213.573339373
37 54 50092580.019454315
37 56 60866465.165220715
37 59 10119828.598817198
37 64 22540649.299887516
37 65 39313615.21171197
37 66 14868055.668559225
37 67 64449362.059615284
37 68 16875262.371807005
37 69 97663388.54838495
37 70 1752226.0952669196
37 71 90726883.44647309
37 72 32816808.42286348
37 74 17507746.45481777
37 75 3716886.065234238
37 77 1634578.1140257698
37 79 36748385.192947656
37 84 14840787.457263768
37 89 80963754.84557594
37 93 6008940.029604689
37 94 90376130.64642186
37 95 27048253.991771508
37 101 212458419.2815371
37 102 74633790.97508882
37 104 732022.5109401975
37 106 4118016.962068573
37 107 35438471.8100171
37 112 31522326.54045974
37 113 43554400.58866192
37 114 76111161.9619678
37 115 82925260.34755099
37 116 13347189.016063262
37 117 41511506.07941218
37 118 85148443.01477703
37 120 3934948.7453475674
37 121 34797.779870319835
37 125 123948939.51089832
37 126 2244378.489748729
37 129 18730247.6403912
37 130 37089759.8219593
37 131 4218429.655439986
37 133 19241251.928512957
37 135 6006707.949623372
37 137 50571713.59783199
37 138 82056210.83605778
37 141 4467811.544337836
37 143 6455446.841863849
37 146 49394793.83748961
37 147 12717949.09890554
37 149 13863197.618838219
37 150 9694312.65261274
37 152 18058097.99657619
37 154 54459995.54677632
37 157 67604853.6477285
37 160 23190941.65838161
38 0 397542.0113477011
38 1 5385001.636964783
38 4 12625768.04077042
38 5 3463231.1461696327
38 6 49105174.13811522
38 7 12282996.435615933
38 8 57093655.40436835
38 10 20168022.408755604
38 11 573646.9763028515
38 12 4108012.840757094
38 13 24881749.09152195
38 14 24950662.11933469
38 15 1707935.6816067402
38 16 1335564.3079038174
38 18 7734275.036434955
38 19 605371.6942749448
38 20 4943094.016416449
38 21 2251895.1869592452
38 24 3163296.52483702
38 26 5539139.785126763
38 28 943692.7360064642
38 30 120529.82908211881
38 31 8182547.845716556
38 32 2606451.0431390465
38 35 12887294.916057294
38 36 2937581.828259061
38 37 20040169.084786188
38 40 370050.96652054763
38 42 1328803.516280193
38 44 15850471.656213976
38 45 4702578.619996428
38 46 22911313.0526309
38 48 4646774.467233481
38 49 4590639.796107336
38 50 4332973.99102902
38 51 15899437.089083277
38 54 8360458.608575765
38 56 5601238.582214732
38 57 1637647.6468978743
38 58 2521730.634685062
38 59 4128121.378198097
38 61 892505.037774681
38 63 30597358.921731718
38 64 57030.697321491796
38 65 2739438.402955672
38 66 2514093.9032001556
38 67 24085509.560093187
38 68 20300140.634494413
38 69 12719010.719827319
38 70 2679894.0553296926
38 71 7096684.193299862
38 72 17473933.13613308
38 73 6346432.809748297
38 74 1114447.1601812968
38 75 3190048.010273611
38 77 14929471.630365828
38 79 596556.6228126367
38 81 207558.1513100584
38 83 9867784.129252067
38 84 1245352.8184325611
38 87 2782430.010108103
38 88 5547236.1836233875
38 89 28323098.25796569
38 93 1416915.454024285
38 94 18541236.992251977
38 95 11385705.535023626
38 97 15769091.537280146
38 98 1112365.958017524
38 101 38848007.50501891
38 102 636581.533902038
38 103 61588754.56081299
38 104 575296.9060535347
38 105 12407064.645402987
38 106 33033941.125534434
38 109 25904206.712718237
38 110 5609178.968835611
38 111 7209090.372380251
38 112 7671035.457095993
38 113 23067873.57183374
38 114 27612.018757676822
38 115 3067889.3599920226
38 117 25200705.867429186
38 118 33080420.3353263
38 119 72837.7424074638
38 121 1457818.310678994
38 122 5945943.742860471
38 125 495720.1784958867
38 126 5766165.726844806
38 127 2792463.0542154633
38 128 389605.18331706553
38 129 15332291.49283298
38 130 564839.8921805677
38 131 933233.2544754338
38 133 658579.1669283134
38 135 2131489.687488689
38 137 3240458.423057737
38 138 3423032.4431216824
38 141 5546647.034436121
38 143 124053.86162524536
38 146 199454.5723566494
38 147 6174126.361719674
38 150 330784.90874887805
38 152 5720607.462828959
38 153 801649.4638245692
38 154 11012673.894317526
38 157 16881209.98996101
38 161 284736.5199347877
39 1 13346458.23768542
39 5 3156884.2934624655
39 6 2004497.805518022
39 7 107737406.89119072
39 10 21141865.086654995
39 11 12383301.678688178
39 12 7908917.893777681
39 13 31923365.347248554
39 14 14954309.46600594
39 19 3302517.6706972322
39 20 17974613.906382147
39 21 61014461.81283449
39 26 7043138.248242267
39 31 28123220.696451597
39 32 30026560.186629772
39 37 16527460.764548032
39 38 7118688.991539778
39 40 68082460.71606627
39 44 26331402.954816815
39 45 7497049.070243781
39 49 37512175.568186656
39 50 3424750.2378698476
39 51 12063753.049402881
39 54 38019912.79523846
39 56 20017706.619611703
39 57 175264.71962860494
39 59 8527478.702404488
39 63 1917763.637143529
39 64 18672097.02213578
39 65 22097208.04177043
39 67 12727121.805395031
39 68 29061520.294626888
39 70 40757287.890189186
39 71 22424776.466407813
39 72 49185001.31528279
39 74 9343489.830526583
39 75 25982916.130195543
39 77 11978762.22970422
39 79 24381342.625328876
39 83 329262.083924842
39 84 528024.4951462311
39 87 9969588.60421847
39 89 6574622.635006597
39 90 21687513.435365006
39 93 2084825.6126469148
39 94 5886808.092150108
39 95 3428434.07396392
39 97 24255308.803667605
39 98 755393.8717796295
39 101 13646796.100403422
39 102 1525244.6069011453
39 103 28530586.424017433
39 105 66012990.81953284
39 106 3688290.765981091
39 109 15916005.637337187
39 113 9417377.274395764
39 115 11254892.645852745
39 117 3642405.75258708
39 125 18373841.083170142
39 126 407088.32907673804
39 128 9998025.755413162
39 129 25468143.133602154
39 130 24089175.782849934
39 131 6493176.101320586
39 133 106136198.16027148
39 134 362157.0953781371
39 135 7684445.342476331
39 137 2595715.144021478
39 138 28430064.041575607
39 141 11025534.231013684
39 143 2996814.8553122124
39 147 24374024.622668378
39 149 488547.7998122152
39 150 26257467.401561104
39 152 33614924.97504818
39 154 7899403.732294994
39 161 3156980.6265311367
40 0 4849593.896545923
40 1 948569926.1213307
40 4 16887808.27689537
40 5 11467405.32694205
40 6 1790720562.2498894
40 7 576238296.437475
40 8 11590588.294501107
40 10 78131505.42650522
40 11 55852053.93470173
40 12 22920554.485128257
40 13 52059911.6203374
40 14 499871211.3431799
40 15 7099146.650422263
40 16 7880703.571753229
40 18 3325399.3816723023
40 19 257661307.89637303
40 20 26753398.88672305
40 21 140861360.86152038
40 22 4057450.7034521867
40 23 2959213.607451354
40 24 8709578.386597363
40 26 135621274.6725062
40 28 695332.6322932828
40 30 21012233.447853938
40 31 184046371.61638153
40 32 308561568.6640944
40 35 8298367.739526925
40 36 62777040.22422775
40 37 258055276.1859701
40 38 15782170.111695467
40 42 824496.3580849569
40 44 25055844.63521239
40 45 322169843.9564655
40 46 47424470.089811854
40 48 1923192.4066899386
40 49 78089103.34054975
40 50 23670741.34002744
40 51 579938928.9253029
40 52 123238124.18721336
40 53 424422.89658542455
40 54 348257991.00193673
40 56 1684549165.4742858
40 57 1063360.2266169474
40 58 7280588.149179248
40 59 2013389.9855049106
40 61 6013927.571073176
40 63 9498138.024420189
40 64 1064447071.4903646
40 65 337626351.75668806
40 66 36895823.16454592
40 67 472708670.6623014
40 68 81016706.145536
40 69 30814669.050426602
40 70 2247780394.8631277
40 71 495859885.8564287
40 72 3080702109.730038
40 73 58363295.1996038
40 74 3010153033.6945734
40 75 29602620.74339127
40 77 2633488.392503955
40 79 891428731.0782076
40 81 16036659.901325867
40 83 47441238.51939351
40 84 215694221.75392774
40 87 3053816.0426501525
40 88 3052145.1423202367
40 89 583414020.8763173
40 90 2608494.2510845354
40 93 64758821.06866965
40 94 3098747972.078903
40 95 11417996.341948545
40 97 481355272.1233371
40 98 16057003.642349562
40 101 2586607887.788464
40 102 147201897.32828292
40 103 9253208.670274155
40 104 949049.2307058745
40 105 61131771.24862156
40 106 281827220.64431626
40 107 24447439.260580227
40 109 16472749.33514105
40 110 181139.19502333665
40 111 77533633.3010855
40 112 20488107.19005225
40 113 258206187.5037138
40 114 441679780.2338104
40 115 139054147.49348348
40 116 99442256.04494181
40 117 533188171.49315447
40 118 901622724.5843263
40 119 2877496.326983488
40 120 357113.9541945638
40 121 907896.7044927115
40 122 4390382.310188913
40 123 946121.0200402214
40 125 138768394.3433393
40 126 18590111.26582812
40 127 1278041.9008973406
40 128 7563513.387465841
40 129 3276848853.3356256
40 130 18211186.737867836
40 131 64156012.122299895
40 133 5376003191.442772
40 134 27982131.01735705
40 135 36326926.325805455
40 137 2798418567.150348
40 138 1535650701.236368
40 139 125165730.37578559
40 141 714782.7131583014
40 143 2392171.574159277
40 146 11377906.903077675
40 147 300849970.03931344
40 149 646316.5485312574
40 150 371298748.41941404
40 152 11627470.202949397
40 153 23196595.904696535
40 154 879806243.2254498
40 157 435942072.9851931
40 160 16322023.211138437
40 161 23424181.13610264
41 6 3270026.397906479
41 7 1000844.9753783898
41 11 504250.90983254195
41 13 1147597.0897235558
41 14 2938747.1784842713
41 16 350119.24274966016
41 21 248325.6582595496
41 23 617292.1901271458
41 26 1918274.091305489
41 37 961974.7645513236
41 38 2889749.016406888
41 40 1323413.4423367816
41 45 3178715.122124327
41 46 1029982.8957416144
41 50 348745.805823523
41 51 2037081.9312824362
41 54 1297253.215981169
41 56 977916.9039380145
41 61 537388.5225462272
41 64 170948.7674966402
41 65 4272541.008190307
41 67 922772.2954176033
41 68 4882468.887336001
41 70 776400.6097947939
41 71 443711.74226976687
41 72 3919152.1189017496
41 74 3998054.3007028485
41 75 568829.3676507454
41 84 325764.57351891394
41 89 6589321.141257555
41 94 1377349.0644039405
41 97 822347.9659412098
41 101 251802.14402530564
41 105 1245353.4170284616
41 106 3023917.0155073036
41 113 840992.427607978
41 115 297379.0783341833
41 118 596857.585542254
41 121 562361.0359521423
41 123 607871.9189603927
41 129 2600516.968435234
41 131 2921186.2135200812
41 133 1184467.2344346857
41 138 498088.4790505124
41 149 4081236.04562367
41 152 1045895.7702173066
41 154 2184646.929443982
41 157 241041.46822372667
41 160 2054188.973653
42 0 449522.5603378974
42 6 183058.48872922902
42 7 1292512.3856523898
42 11 40050.03547967452
42 12 234327.75037124884
42 13 41702.80086846442
42 14 445249.66669729765
42 18 1131649.3313690294
42 19 1260552.468873648
42 20 155641.94792295876
42 21 316721.5001953762
42 23 970692.184168009
42 26 641721.0745546725
42 30 889143.8288602546
42 31 326224.8090253898
42 32 37394.388911894974
42 35 673548.9570116494
42 37 54149.09180728711
42 38 264519.8864390231
42 40 2938337.6959230294
42 45 1292241.961326631
42 46 1594700.466407502
42 49 8238.283141086582
42 51 131539.71021473163
42 54 890368.3230526592
42 56 19014.25502093337
42 61 469828.9436163824
42 63 81975.91245382596
42 64 636662.2220397161
42 65 76372.22468000001
42 67 1359259.6650737547
42 68 2669533.4301509527
42 70 2110237.9967897646
42 72 1059561.942498926
42 73 92300.64508159395
42 74 796849.8585939923
42 79 1285935.7757300127
42 83 2379389.9344528173
42 84 282055.2951640264
42 87 2896361.3612102997
42 88 1294584.3270180135
42 89 1129442.5146880108
42 93 1549671.4300703956
42 95 108957.0015040993
42 97 652892.2283207437
42 98 184279.79537538317
42 101 436236.2525427542
42 103 351941.7725778771
42 105 1677451.3842615648
42 106 1529933.6572137077
42 109 442174.25703809765
42 110 460953.84652177495
42 112 1236605.7673598519
42 115 607596.3706854933
42 116 246821.12748110486
42 117 197001.14959275397
42 118 319320.1706106999
42 119 580716.081392081
42 122 452792.8994271558
42 125 326502.21820016083
42 126 198360.61775851858
42 129 13006.667596192614
42 130 48273.65576031837
42 131 253322.7148625009
42 133 1303928.0857613382
42 135 590359.0900784069
42 137 213135.46293314986
42 141 104605.98713974307
42 143 200474.6970825811
42 146 92880.4395613968
42 150 317699.9611267929
42 152 1661757.604760319
42 153 2536545.959702625
42 154 100122.05980926288
42 157 62949.63244335376
42 160 173012.3067582296
43 1 92882695.29283641
43 4 18882141.011031397
43 6 116216610.09235872
43 7 176955889.5748754
43 8 4784829.929193671
43 10 64350538.211539306
43 13 65073190.821915746
43 14 41527424.43377424
43 15 4084041.092383472
43 16 7059944.6426276285
43 18 1738407.3950292931
43 19 51763772.78776338
43 21 80792119.52144001
43 22 6156304.691430417
43 26 85492078.81265754
43 30 176420500.49590406
43 31 7178577.446109296
43 32 40252350.12229927
43 37 197056112.46344745
43 40 71150482.75183803
43 45 45097026.693306476
43 48 11546206.660708772
43 50 21670556.25475485
43 51 104525571.8345386
43 54 80286040.40252747
43 56 142111977.36431518
43 58 85820151.72425745
43 59 3686085.711568106
43 61 6555675.246440177
43 63 12751410.582979348
43 64 3611396.0641679843
43 65 3818582.318051319
43 66 3146487.8655662527
43 67 20638821.21201308
43 68 5071409.083819435
43 71 150376030.25833657
43 72 8257123.6034098985
43 73 83247369.8524358
43 74 30697168.03256043
43 77 17914613.22206469
43 79 222818247.0865571
43 83 30831447.41647068
43 84 74538809.1904441
43 87 3483291.1728582424
43 89 11649128.888507372
43 93 978270.7866081239
43 94 125401616.25669555
43 95 17328121.784535173
43 97 134495740.24433288
43 98 2850781.964501459
43 101 76572040.99359357
43 102 8346303.374933702
43 105 6417533.6196930325
43 106 7950014.826502894
43 111 15607901.109834103
43 113 52697363.870441966
43 114 125570461.80882758
43 115 35738120.50560361
43 117 70995344.66438766
43 118 21353723.308012042
43 125 27683448.661656164
43 126 13436968.05265749
43 128 1269671.9020888617
43 129 15347218.828243984
43 130 20064387.088039633
43 131 18736239.552593607
43 133 215116035.63323998
43 134 75966712.95747896
43 137 15565264.393204816
43 138 87476305.80867592
43 139 13170920.482673666
43 141 9107712.000952588
43 146 52571425.31648259
43 149 4511659.341536975
43 152 19020688.696175896
43 153 4309786.607900874
43 154 78311597.21356684
43 157 77399553.59290716
44 1 223774622.89378765
44 4 169179032.23322618
44 5 15230375.17493322
44 6 77808745.99088103
44 7 57730705.8882315
44 8 12620724.183662774
44 11 4892796.227679287
44 12 5464773.111178372
44 13 30013770.852402445
44 14 87127233.89069843
44 15 5761080.081611035
44 18 45224519.06950837
44 19 168442135.56679353
44 20 3511344.9133349466
44 21 93739350.55123395
44 22 2785773.3720510253
44 26 75057843.23373264
44 30 107702843.16569188
44 31 6458055.911189184
44 32 122874555.89811069
44 35 1015019.5918875777
44 36 2456064.3152362183
44 37 118550878.00395405
44 40 104199688.6129771
44 45 21473863.08187678
44 46 29662872.666112762
44 48 714592.155185569
44 49 103208587.02294275
44 50 43600760.671752304
44 51 231343280.48221087
44 53 122827.39626635864
44 54 53909710.39074902
44 56 4279102.414536928
44 57 1254219.9301077253
44 58 25790450.373578954
44 59 4618738.667470778
44 61 2039098.768041788
44 63 1263115.8551452225
44 64 33213246.611260477
44 65 47895728.683461435
44 66 5998144.549443723
44 67 15995779.701068148
44 68 97247615.1853559
44 70 77097717.87716398
44 71 90335561.31414405
44 72 170752915.06305647
44 74 87464836.05540219
44 75 57826452.83982456
44 77 26580692.849228878
44 79 7221085.795010117
44 81 2447022.433915764
44 83 22523310.60330995
44 84 35244668.51839076
44 87 9872103.541861497
44 88 146899.01620490703
44 89 28048598.732970107
44 93 5224222.291652112
44 94 113581961.61695333
44 95 522902.1243324903
44 97 10378920.835342484
44 98 170561.98030666923
44 101 31122779.94199503
44 102 118352793.9032851
44 103 3810328.6320352647
44 104 5299708.5331973
44 105 240212776.03467378
44 106 39166928.906911306
44 107 44250481.722124055
44 109 65853144.49539479
44 110 6966887.6673643375
44 111 25541225.36429013
44 112 11057570.547340836
44 113 110619933.4783405
44 114 48723758.449592374
44 115 267935330.5567494
44 116 4729607.086990879
44 117 182709694.6107722
44 118 194415927.63616386
44 119 364117.0589672945
44 120 2345401.913912257
44 121 4569680.483083836
44 122 1153024.9249160544
44 124 2823516.371629966
44 125 10363865.738334041
44 126 4569461.806149021
44 127 9891162.626397068
44 128 2091033.8170879935
44 129 579166619.7165723
44 130 142587511.74236423
44 131 12741193.626775831
44 133 1383182.8831839063
44 135 6771071.180609357
44 137 382778573.8498892
44 138 123332478.62940054
44 139 45164570.08785938
44 141 19628066.022253208
44 146 33390541.441991776
44 147 5712807.000506796
44 149 8438015.884666102
44 150 178551159.11070442
44 152 98960434.6780936
44 153 16468382.335265532
44 154 67499386.18772005
44 157 1575666.9350182202
44 160 1692725.754866298
44 161 33317193.40365577
45 0 3633689.536486089
45 1 149389819.25602588
45 4 101365483.12829201
45 5 4589404.423973694
45 6 28353443.0565137
45 7 254687736.48718697
45 8 101259444.61302896
45 10 14421345.511148872
45 11 23144753.923682287
45 12 7227494.948620564
45 13 78694324.43092686
45 14 99097881.1196667
45 15 1209106.4379164192
45 16 14945765.947306149
45 18 15807277.197365155
45 19 85507068.99650289
45 20 34803922.942325085
45 21 10920480.000798572
45 22 9988534.70964251
45 23 4121583.09315134
45 24 9597966.593169322
45 26 127334104.25686109
45 28 150029.14161806664
45 30 238443044.25024778
45 31 13002568.447174499
45 32 337649460.2450386
45 35 73720753.65602584
45 36 17464502.365948286
45 37 19662139.688102722
45 38 14161383.917057743
45 40 4182711.158949625
45 42 1267367.530507277
45 44 26157656.9969282
45 46 12238904.624959895
45 48 1935893.711610526
45 49 61201158.679785885
45 51 67721346.28652748
45 53 3877270.866487814
45 54 340290058.2780269
45 56 4783431.393955455
45 57 374759.8305433171
45 58 139862494.0372313
45 59 2315799.972262585
45 61 1994154.482685091
45 63 45496714.700420305
45 64 171563540.69597536
45 65 61954035.52087752
45 66 6002562.22935459
45 67 93667829.06547135
45 68 165429178.12361532
45 69 3545254.446660338
45 70 28409642.900525406
45 71 77912034.75010222
45 72 217485542.7510624
45 73 31323223.47228567
45 74 41200881.380072236
45 75 23687967.653993573
45 77 6104492.835896966
45 79 576734539.1992611
45 81 475618.40702681936
45 83 5253008.672723339
45 84 3229148.005952223
45 87 1798684.8138289389
45 88 17432415.47152405
45 89 290105203.3782512
45 93 10951248.943494264
45 94 87081190.13044374
45 95 2241246.5751020224
45 97 4327593.09602252
45 98 6013024.489737515
45 101 201342959.02661312
45 102 15425132.826811962
45 103 2812474.0723021235
45 104 7280343.207304692
45 105 28559688.342247207
45 106 37284041.21197879
45 107 13505941.556860032
45 109 78013784.02429938
45 111 12607829.878892502
45 112 52577509.400081016
45 113 28932233.18835296
45 114 91931760.27323975
45 115 12059329.36230878
45 116 15342566.098428164
45 117 8565292.562677842
45 118 139485156.86078614
45 119 1142735.0885508144
45 120 3308544.090086681
45 121 3264134.0812761583
45 122 2450980.141723689
45 123 167603.23241008172
45 124 3642181.8675890276
45 125 685794723.2123278
45 126 22160817.048863254
45 127 1656370.3420952018
45 128 5440563.305838096
45 129 167660863.10787207
45 130 27153658.868100118
45 131 170097940.99033695
45 133 109605459.48511276
45 134 28407297.831725884
45 135 28401265.544639304
45 137 28182954.83803542
45 138 48276656.69257024
45 139 20984321.999929532
45 141 20192107.880661476
45 143 1058934.8667863312
45 146 113114099.31320728
45 147 243488302.41836947
45 149 2887957.1879133787
45 150 41585275.06754923
45 152 193224226.56758186
45 153 28842176.50361837
45 154 34825711.94635807
45 157 23830399.87830327
45 160 11689679.224128278
45 161 29927011.494908296
46 1 2129152.549025886
46 6 16676950.61174229
46 7 29760328.20050521
46 11 5335724.110630894
46 12 1064456.3856991108
46 13 18667551.505251586
46 14 21056462.44229188
46 21 106074643.80889955
46 26 44913318.260461
46 30 19849699.78431715
46 31 11309735.344453704
46 32 1401677.8710542684
46 35 32714765.44462241
46 37 79167070.46560483
46 40 124587263.18156433
46 42 749720.2846404229
46 45 24738371.914319664
46 49 3730754.2355990135
46 50 9522787.3112767
46 51 7173436.41361724
46 54 164742039.93432036
46 56 42539317.52968118
46 57 431959.6093055995
46 58 497802.627505598
46 59 354207.87078566983
46 61 7751653.232559004
46 63 5646017.413391844
46 64 10143913.721013898
46 65 38871856.5868376
46 67 36942172.38415464
46 68 125536148.39954191
46 70 52488932.35663443
46 71 15820042.756417967
46 72 13455029.037429152
46 74 65442221.30602334
46 75 54285187.86052039
46 79 43044049.637757815
46 83 5793571.641159797
46 84 9400383.35026355
46 87 3121902.3342551887
46 89 29949803.10028759
46 93 17953975.87278355
46 94 34689549.22937894
46 95 20991231.44771943
46 98 12284129.390958915
46 101 112033267.48804219
46 102 128509947.84191467
46 103 12543492.712169262
46 105 48313230.77142943
46 106 20056191.831463635
46 110 13297306.20026356
46 111 31780069.806169216
46 112 128740236.60318588
46 113 29312339.214811094
46 114 4920094.831224663
46 115 20358730.06006406
46 117 15658631.654366696
46 118 72590261.6675233
46 121 1299045.864252729
46 125 12139815.030391743
46 126 113828.25345522031
46 128 1791745.9349272873
46 129 12190746.683222437
46 131 18389487.033160344
46 133 3701365.217238672
46 135 49663906.861989535
46 137 12141764.688604558
46 138 43004882.60230122
46 141 16246184.639079705
46 143 2985130.2837388134
46 146 44713643.181002825
46 147 22789285.514611226
46 149 6525511.275489625
46 150 51585215.47517285
46 152 5416895.772663167
46 154 148421798.8003248
46 157 37730519.28925715
47 6 21643720.24030821
47 7 159258333.42034045
47 14 79143730.09668912
47 21 46898895.565543495
47 23 1810469.180652591
47 26 186789895.54053447
47 38 10917799.283047086
47 40 21143528.243100837
47 49 7317167.939391986
47 51 15102473.321786331
47 54 47330795.50408958
47 57 543231.7375256127
47 64 59273042.00471632
47 65 46326706.118854575
47 67 33101804.63816439
47 68 15252081.901424421
47 70 33575159.43722823
47 72 90554966.94258876
47 74 25761562.205598887
47 75 17164040.797491375
47 79 194508062.10333157
47 84 58192393.7715947
47 89 5374945.672827928
47 93 4403339.665025498
47 101 2361863.1597158974
47 105 1807919.2391249232
47 106 25815252.185998753
47 117 117746205.79583284
47 118 63899503.850831434
47 126 20816067.469651885
47 129 15997561.721403282
47 133 6186134.121067939
47 135 8025812.264504664
47 138 100235379.74722932
47 150 17016654.38030409
47 152 21020217.957616918
47 153 9720268.539101025
47 154 94002427.74103597
47 160 19361973.651175976
48 6 21312466.49290504
48 7 14769535.209072335
48 10 30567716.986011073
48 14 9206334.972983124
48 16 5111991.087618753
48 18 12075254.076378819
48 21 14695474.527138785
48 22 802666.2165362556
48 26 4325018.753523907
48 32 15410084.356238885
48 35 2634059.1950370115
48 37 26895141.912002064
48 38 1867283.2576024216
48 40 8109894.299184806
48 44 4077578.766569833
48 49 38831212.66015676
48 51 1122521.727135959
48 54 4641201.926437286
48 56 19698976.035757504
48 63 9442525.002573352
48 64 7799524.991665119
48 65 17789926.78633708
48 66 3284343.2531418316
48 67 2759248.584423929
48 68 20676620.329065282
48 70 1616694.6872795196
48 72 975480.2449962146
48 74 191369.7255411044
48 77 5263970.877491639
48 79 38365742.7780541
48 84 18680430.388998955
48 89 17483628.590574358
48 94 1028395.7380723681
48 95 16444668.442014063
48 101 20542160.220886037
48 102 4061253.963046915
48 105 2043914.018299661
48 106 8633516.48899399
48 113 768317.5419363389
48 115 18300592.94859602
48 117 2897008.2481477545
48 121 439885.84557399194
48 128 1463121.9428828217
48 131 24638628.91284869
48 133 8096752.9831397515
48 135 9323680.765184823
48 137 13120619.56428685
48 138 5450355.311297063
48 141 996152.6493348451
48 146 1144704.5515657763
48 147 2840537.1548437085
48 150 4040018.4106082856
48 152 3229832.0606261035
48 154 5376429.002649516
49 0 27572475.00026126
49 1 61492031.90787708
49 4 17826007.296429254
49 5 8067353.431867307
49 6 518517027.37729216
49 7 391576309.21428615
49 8 54664773.17005468
49 10 27524303.488517385
49 11 93379774.60038911
49 12 9197410.923488444
49 13 205273690.0443652
49 14 309437902.36009943
49 15 3319632.783923138
49 16 2695491.8144919625
49 18 16540386.067355916
49 19 306832125.58579665
49 20 78349910.59184775
49 21 74192502.65706195
49 22 17454517.747993402
49 23 1432802.6405791757
49 24 1824360.5397796337
49 26 310513480.632228
49 28 1351036.2596144208
49 30 251565158.06104955
49 31 382913918.3593821
49 32 71707100.46639611
49 35 41792720.85563828
49 36 23564560.85656448
49 37 213737822.72861087
49 38 68163684.34633751
49 40 449742830.64606446
49 42 1091576.8997612821
49 44 11522023.485406587
49 45 74993658.78061315
49 46 2375534.347667622
49 48 1611489.413109638
49 50 43818231.47387082
49 51 727102343.3649249
49 53 87590.47784376278
49 54 2616133519.5537176
49 56 106750961.59292495
49 57 2062526.9790470384
49 58 88689740.8745283
49 59 4271665.690035581
49 61 8579064.317160958
49 63 47906571.699106626
49 64 3279130015.875011
49 65 929213280.2205389
49 66 30247268.745856464
49 67 519337907.6205524
49 68 882149843.2531883
49 70 463994449.10296154
49 71 264196212.00350812
49 72 1167026413.625688
49 73 109526634.50291242
49 74 943259750.2621479
49 75 66761427.78619028
49 77 12963129.950158244
49 79 2434594922.5768237
49 81 7390162.131013409
49 83 52673649.765428536
49 84 34412593.52566932
49 87 7186903.321910266
49 88 6554999.342443686
49 89 271926678.7115669
49 90 7160957.877317403
49 93 94171690.20072396
49 94 1984363188.1216938
49 95 10954865.10322796
49 97 372545930.3112717
49 98 5295374.079679887
49 101 1588870644.8718715
49 102 510983005.56515944
49 103 13740854.942983057
49 104 1750544.5649919577
49 105 22991066.431343473
49 106 4487841.199208228
49 107 181833290.39380458
49 109 11110832.699867144
49 110 19885432.442286525
49 111 59493291.78430448
49 112 63855629.09679893
49 113 828497018.9285883
49 114 598221309.8112963
49 115 83543832.00312886
49 117 816132900.988037
49 118 24506963.08488805
49 119 1084165.7457342986
49 120 318545.4164510676
49 121 374715.4256263247
49 122 1570613.7434687135
49 123 1580268.6333696744
49 124 34648.148515653505
49 125 290659289.89179885
49 126 33605396.818583585
49 127 7354437.960886838
49 128 4094586.873518451
49 129 102603377.33303028
49 130 508314119.350817
49 131 265246516.23013467
49 133 439493227.34830844
49 134 43936501.023661025
49 135 5172151.48641346
49 137 1876237130.1845615
49 138 899951033.6393286
49 139 110307912.53747956
49 141 8942429.174321365
49 143 3414586.329539048
49 146 574146280.3482032
49 147 926959047.6463549
49 149 1021228.7153276415
49 150 117992091.90073413
49 152 1000529791.3189257
49 153 6158793.954309301
49 154 1112750661.9811993
49 157 352594344.23781806
49 160 28445688.11279405
49 161 4688227.988312645
50 0 421069.15964860487
50 1 8148957.175544024
50 4 2927278.9048327776
50 6 7872194.9401868805
50 7 1065236.0746632474
50 10 2628649.770023765
50 11 12694921.083789757
50 12 4221859.22827619
50 13 1429212.5686271735
50 14 4284587.518140104
50 15 11676998.872187018
50 16 1262561.6065194122
50 19 1174532.448469891
50 21 3287726.889948226
50 22 458994.5620376707
50 24 8556650.956427917
50 26 6284303.537454325
50 30 5835172.975247585
50 31 3821750.659184267
50 32 3544055.2788857673
50 35 28591.445949728684
50 36 11255375.036404287
50 37 3062172.3340931875
50 38 17779938.389027074
50 40 3102625.565661396
50 44 2576975.68374999
50 51 11588856.168649616
50 54 3833349.7513831942
50 56 9837537.107070468
50 58 3142003.1291452195
50 63 2127087.8330853553
50 64 14218248.948875166
50 65 16053361.136946544
50 67 6836599.972770945
50 68 4994536.9614209505
50 70 3698087.9894364965
50 71 6024204.560256089
50 72 3916346.763904507
50 74 231785.28845399353
50 75 3297924.050351871
50 77 1626929.7350635827
50 79 8650391.446599485
50 81 3645386.76748183
50 83 2438359.575068015
50 84 853330.5618418821
50 87 3840454.534799841
50 89 624833.8188222254
50 93 8960870.425331373
50 94 6475464.067888012
50 95 2244828.7995057353
50 97 677077.9275096802
50 98 351835.66665738897
50 101 12287768.972334376
50 102 17808037.62730929
50 105 16504271.853455422
50 106 4827500.451532113
50 109 400720.9121830804
50 112 5201172.911615091
50 114 455750.11529073946
50 115 3046722.489094544
50 117 819710.5301586395
50 118 509633.03359592316
50 119 1621202.4226447414
50 120 581318.8207803308
50 122 434915.097075414
50 123 669433.6454470601
50 125 9419399.959376773
50 126 298572.8783397642
50 129 15655446.561428333
50 130 15833176.44340682
50 131 8663861.401368888
50 133 12532941.797737774
50 134 756283.474028551
50 135 622478.4095239759
50 137 1958800.3702772886
50 138 3264458.5022071674
50 141 3973484.442116451
50 143 620908.542882172
50 146 573268.9935687021
50 147 8722257.53365525
50 149 1641747.6835958867
50 150 5917748.028165938
50 152 1940816.181374671
50 153 14923677.689127566
50 154 4817419.186024883
50 157 2692043.59623105
50 160 2035419.5596144123
51 0 20122471.29708046
51 1 32552627.806901414
51 4 545184158.6630932
51 5 1833447.4002970024
51 6 887505145.7985401
51 7 730501812.1594152
51 8 54761471.96722023
51 10 72344751.1123791
51 11 59985571.46779269
51 12 3546472.427031558
51 13 254380473.10275567
51 14 391424773.02431494
51 15 3330119.259356531
51 16 39102473.78251699
51 18 6727193.404243101
51 19 2559105168.8743415
51 20 1607320.4058941389
51 21 321280170.9439571
51 22 9626277.176748242
51 23 2242721.608099426
51 24 31131266.85648639
51 26 32281031.816113293
51 28 1281663.130156293
51 30 516625331.87783736
51 31 24837773961.170692
51 32 329164708.5989194
51 35 144865526.7609306
51 36 5528638.382450536
51 37 9168893.410970395
51 38 16082164.591506045
51 40 68552757.35472026
51 42 768372.0437326083
51 44 129993693.33407795
51 45 296520148.055673
51 46 238014182.22119293
51 48 16670648.622412518
51 49 1176179826.152873
51 50 2420122.0736677046
51 52 122380444.81211412
51 53 4897892.950833101
51 54 26112072786.578075
51 56 570314819.2039477
51 57 2396037.487783896
51 58 355693880.3119983
51 59 6802868.746690953
51 61 3476774.71709976
51 63 110859584.61811751
51 64 696200094.1912762
51 65 176278353.6233833
51 66 15146819.519422974
51 67 248127094.29186973
51 68 363707031.83444446
51 69 545837549.8448217
51 70 2331405312.3280864
51 71 1874783381.4132547
51 72 21905331269.20551
51 73 52644097.156479344
51 74 53439004671.61075
51 75 50312956.34420353
51 77 26679833.98014682
51 79 2759912223.102462
51 81 8855113.378343921
51 83 212429551.05246451
51 84 46351582.34708344
51 87 599845.1164846676
51 88 1325156.8667003915
51 89 1347404078.6923473
51 90 1054932.1012239326
51 93 28200015.569302112
51 94 15225680876.393858
51 95 12438849.351196699
51 97 339581791.4427585
51 98 14627750.314839061
51 101 20548543225.132965
51 102 107297076.06986442
51 103 42476144.9333967
51 104 3306145.6023656484
51 105 157215957.90383968
51 106 138090078.92288384
51 107 128306650.56188963
51 109 105378633.41439459
51 110 31673515.03724299
51 111 1731376.1556991593
51 112 282473422.0255426
51 113 1311465200.9197533
51 114 2256850333.7493215
51 115 66148210.11418529
51 116 122135916.66947249
51 117 1693108979.6995113
51 118 1100784429.8040447
51 119 1419529.1804417623
51 120 4967635.859733579
51 121 1874680.5299981066
51 122 1500298.2830670427
51 123 1459469.4101940265
51 124 550739.9349227403
51 125 22072449.17679262
51 126 60828205.53970665
51 127 14930151.103963867
51 128 12750942.528155774
51 129 4948157238.022689
51 130 195441455.63324392
51 131 147158585.48916057
51 133 4417965170.81827
51 134 43716194.350380614
51 135 12694259.364500985
51 137 384151219.03530127
51 138 2313738363.2116246
51 139 73581909.9895547
51 141 15862003.717267493
51 143 789324.8816673032
51 146 197668344.92542592
51 147 520353958.33487266
51 149 6815360.4392177155
51 150 268100841.57117763
51 152 7930559869.324298
51 153 16999642.508598913
51 154 6091524626.45094
51 157 49358030.396408275
51 160 11215334.079804232
51 161 75050969.81119934
52 1 18830172.245066848
52 5 22528143.100302607
52 6 94648279.68907441
52 7 15335928.345345646
52 10 44001568.806337714
52 14 87523134.20178546
52 16 9370116.08429364
52 19 19318266.365512766
52 21 20856269.246946055
52 24 11951957.054255981
52 26 10183801.532192433
52 31 225115582.79755232
52 32 18278595.06170808
52 36 32050902.281159874
52 37 1482595.1344398162
52 38 200414.02446416102
52 40 91671282.00806715
52 45 15934418.365924777
52 46 3168943.4526718375
52 49 99919670.79787514
52 51 41453603.71523626
52 54 45392153.58958117
52 56 33118789.156436775
52 58 36253499.289076105
52 59 12740870.495313754
52 61 38441907.456460275
52 63 21005057.252522826
52 64 1173801.8823441882
52 65 31568811.3929905
52 66 14550976.562207794
52 70 54631188.411560714
52 71 187850150.4050871
52 72 3981453.651708142
52 74 56144137.802126355
52 77 9180285.92881526
52 79 37610406.429492615
52 84 38912781.08216584
52 89 100510880.27890542
52 90 1067865.9044923417
52 93 24280572.516986366
52 94 23328389.094240125
52 98 6469033.376865548
52 101 62251807.112639286
52 102 13226723.437020458
52 103 30449386.706984792
52 105 56136289.6404482
52 106 4255319.944336123
52 107 18031918.43133155
52 109 36317911.19469531
52 110 3861324.649120801
52 112 13706064.730982376
52 114 83478794.2451983
52 115 987476.6435375526
52 116 617178.44420242
52 117 8873933.803185364
52 118 75952094.46688348
52 122 881496.9471675202
52 125 41349841.19728763
52 126 10944503.448639797
52 129 32669047.904238466
52 130 22501340.441664364
52 131 23200306.338992897
52 133 68786345.5530628
52 134 49366867.67301714
52 135 1879984.4520258775
52 137 37063590.2484982
52 138 79514571.03335828
52 141 14015401.522383926
52 143 6736164.069691242
52 147 2373122.0808134484
52 149 12635585.238197185
52 150 15515495.242269207
52 152 42506803.300625
52 154 3505035.929974548
53 1 1048854.6061845843
53 6 267881.36059817503
53 7 75769.98435804447
53 12 649979.32287608
53 13 1054945.3980551835
53 14 423401.0411922742
53 19 882406.8181482836
53 26 159586.90405526911
53 31 347441.55512977566
53 32 116452.4100683002
53 38 1904445.448126842
53 49 63283.39634893544
53 51 689981.2638067867
53 54 933977.3497904802
53 56 353684.0923318651
53 61 267100.9695183823
53 64 528504.5974515674
53 65 821723.1045041415
53 67 901873.1351327725
53 68 444630.35780038516
53 70 291989.5932709834
53 71 201829.96119750905
53 72 709350.4613529812
53 74 690195.32924948
53 75 79683.59486410985
53 77 101481.16993193919
53 79 702199.3106914143
53 87 124300.79450368111
53 88 1801261.7722115526
53 89 137567.33211556784
53 93 934332.5600195017
53 95 589058.5767626134
53 97 355885.07212780474
53 98 167608.19711203687
53 101 1409161.7929071716
53 102 715283.1123636549
53 105 388403.02616890456
53 106 896771.8115358967
53 109 55915.28064235519
53 111 219854.24197117003
53 114 358297.94467516785
53 115 1153057.097295913
53 117 619300.3402297859
53 119 930109.367514555
53 120 160280.90526231664
53 123 2247757.982733225
53 125 386516.862098186
53 129 1403449.924499411
53 130 1184085.8185146034
53 131 445560.3542115583
53 133 52257.95452972019
53 134 515571.16154291667
53 137 1304046.6149177752
53 138 1148412.16663984
53 146 2694774.796018717
53 147 270428.6825197957
53 150 138449.9585970824
53 152 94128.73465700791
53 153 80596.02399013612
53 154 1388594.6110291851
53 161 406694.80894988193
54 0 8630355.533328399
54 1 632684890.9680603
54 4 258877922.94942993
54 5 23000885.875664856
54 6 1266911490.4492037
54 7 5680137060.173726
54 8 24180818.469771683
54 10 35704054.73196387
54 11 723423325.748187
54 12 272121.216800886
54 13 75835131.45351128
54 14 295594456.4912277
54 15 856650.8417041649
54 16 1994687.782637918
54 18 1873194.9151828743
54 19 50326372.41364455
54 20 6773357.219920876
54 21 75758488.3458535
54 22 8822582.519571807
54 23 3294692.293803211
54 24 25351468.419616558
54 26 2842591627.528079
54 28 146369.25080752472
54 30 228958755.8762132
54 31 11501592106.86949
54 32 405582151.44804245
54 35 281859678.81450444
54 36 28632645.127782363
54 37 1799675.258924561
54 38 54374715.73737216
54 40 1970016950.7459936
54 42 4419461.408824989
54 44 880214.3032681737
54 45 262964515.27002603
54 46 103932380.03503226
54 48 11215844.887476923
54 49 1330682638.7454855
54 50 7309837.231803113
54 51 20200505381.571285
54 52 69803798.0369051
54 53 2744356.7909597713
54 56 570803145.8573644
54 57 400775.23011555406
54 58 5604772.935273303
54 59 68306.29708127838
54 61 2112034.008672584
54 63 66941292.99976691
54 64 19276341706.300205
54 65 495320854.95174736
54 66 10265763.60444165
54 67 757933460.917557
54 68 211489924.22204933
54 69 281453039.05512816
54 70 925825027.0981876
54 71 1253828914.5062737
54 72 56982849122.0691
54 73 55596546.69902688
54 74 4046052644.2996693
54 75 23262829.85761005
54 77 8086491.983340707
54 79 10134928737.779387
54 81 9785273.81663299
54 83 29440882.615938567
54 84 96845970.06526767
54 87 8032005.652048175
54 88 395085.81156048336
54 89 2162435337.193506
54 90 9601388.254066555
54 93 18271544.149254113
54 94 3789252689.4737406
54 95 8806075.792750765
54 97 92036859.07487737
54 98 6158221.152923748
54 101 163682050.62753257
54 102 298110269.5142871
54 103 2501146.6696945745
54 104 6188715.942444534
54 105 229673088.61160696
54 106 156232208.76722416
54 107 228123414.03973684
54 109 15376958.398608357
54 110 20960409.80668928
54 111 57171656.29628451
54 112 292022724.81152636
54 113 89622949.93760292
54 114 2435876935.120808
54 115 867089795.5632117
54 116 75855802.08365358
54 117 115436478.67711203
54 118 64752028.81678369
54 119 6220951.684058309
54 120 903272.382812783
54 121 3752987.123171534
54 122 784367.1241691188
54 123 2943907.2297059195
54 125 1604920542.9858854
54 126 11883024.717261551
54 127 890427.2006561349
54 128 5818667.244837632
54 129 3540657214.285978
54 130 282813148.4494988
54 131 857031639.0222958
54 133 5559826368.1032
54 134 146471479.83624327
54 135 10415988.517255958
54 137 1066840105.6709021
54 138 137882928.09113666
54 139 154619792.95629007
54 141 13877547.815059884
54 143 763033.1383400502
54 146 45794026.97649562
54 147 2114763988.6316574
54 149 2922867.4515578435
54 150 60237942.944878586
54 152 43232087860.14554
54 153 27671397.242218938
54 154 10157999035.76106
54 157 107924230.35863954
54 160 20153437.248668674
54 161 15352509.300100544
55 0 4057194.816240529
55 5 28751603.93035627
55 6 6608615.171241395
55 7 6632097.551694314
55 8 19703685.775646158
55 10 6326762.729063266
55 12 16948979.79033175
55 13 21120651.206426106
55 14 10045627.683432413
55 15 3622177.2421160466
55 18 12961486.337972209
55 19 6823849.30653252
55 20 15913276.222240066
55 21 10151320.09012214
55 24 8119867.629141438
55 26 47648861.94852086
55 30 29585250.528101463
55 31 36144158.390180334
55 32 18718887.368371904
55 36 4475668.672542895
55 37 10290494.550105685
55 38 11826635.315938551
55 40 22928124.533189762
55 42 652115.7798361956
55 44 9853384.354801219
55 45 12843273.968106905
55 46 31811310.651666455
55 48 21494009.611069653
55 49 8181530.6030645305
55 51 35810857.55893715
55 54 501514.72448530025
55 56 15629402.198630257
55 57 1918393.1472087975
55 59 1011736.3886367147
55 61 12237550.345991004
55 63 1342701.4898535423
55 64 32760581.880643196
55 65 1262726.470488043
55 66 4941063.482212361
55 67 13219854.501419552
55 68 3741984.0589245865
55 69 17395674.951982144
55 70 9153177.025760423
55 71 14021403.767122908
55 72 23667459.31915085
55 74 3791421.2681734525
55 75 11590357.714110035
55 79 4175971.2006507027
55 83 15644155.501169859
55 84 1257382.9789259618
55 88 5117177.561199841
55 89 2301449.3842384834
55 93 6396049.356092191
55 94 10639906.570913589
55 97 9885321.190153837
55 98 1555756.747875931
55 101 6479044.298317607
55 102 2821439.977912245
55 103 556342.9103227195
55 104 551949.9800816636
55 105 3656660.50757911
55 106 36583488.37127003
55 107 3314590.7586199027
55 110 1264725.9392443448
55 113 2732527.8998389156
55 114 49856559.00917144
55 115 2848703.5774885654
55 116 2584997.62043596
55 117 9858449.64807879
55 118 8148356.594411243
55 122 210609.12679731016
55 125 19097607.405366223
55 126 23815507.72597961
55 129 17171626.97493095
55 130 8056301.814257969
55 131 11653480.610586848
55 133 62573807.77415487
55 134 31850430.166042242
55 135 15157531.264816245
55 137 22572615.099565007
55 138 35530894.41053974
55 143 3209226.658265242
55 146 59362263.73410445
55 147 1125394.089462211
55 149 2321628.6833372335
55 150 16779339.414370023
55 152 2301742.229165857
55 154 10575115.886194224
55 160 6623628.283298694
55 161 5653583.634377469
56 0 18281432.470166095
56 1 106662771.88177814
56 4 58443213.41057996
56 6 92810568.03788377
56 7 128622834.10641468
56 8 21609889.463318717
56 10 133827839.50789471
56 11 52777854.67092001
56 12 4257064.898863942
56 13 55093244.504033275
56 14 369170831.0771063
56 15 2647600.1789231002
56 16 14355767.711005187
56 18 7845095.871390664
56 19 90876869.76876442
56 20 2335814.153245435
56 21 275146200.5184073
56 22 6495710.560535173
56 23 1070720.9600276884
56 24 9488693.330509027
56 26 998898959.6265132
56 28 1402213.3963098426
56 30 681196185.5905265
56 31 134769428.57065013
56 32 136318588.2743882
56 35 199838554.02110454
56 36 5799538.4529312765
56 37 36894868.03997033
56 38 16233064.046129767
56 40 169813654.91270134
56 42 169943.21837735377
56 44 31813264.144332334
56 45 21279838.26789156
56 46 50576926.78072917
56 48 5382037.768381842
56 49 9762392.104054248
56 51 268200767.21094006
56 54 97573162.23130885
56 57 2368318.838617305
56 58 111445096.579404
56 59 9071861.39317043
56 61 312963.05609122023
56 63 18905316.903671563
56 64 132655080.6449141
56 65 86762170.23421206
56 66 13111769.566552268
56 67 38352315.02275971
56 68 22087522.893060084
56 69 248235363.45228496
56 70 210169574.77034152
56 71 260648130.79581416
56 72 69073582.56337848
56 73 7899380.422795815
56 74 70514005.3908498
56 75 87997085.22274573
56 77 16568478.114249209
56 79 486699109.08093363
56 83 7601974.123557818
56 84 247446250.4808276
56 87 22313437.490867905
56 88 12845803.833193514
56 89 293762059.1044235
56 93 2248990.58047771
56 94 364604948.1923758
56 95 1181152.9976739895
56 97 16443494.81859099
56 98 546911.0704813146
56 101 68508058.78280908
56 103 25749075.70908127
56 104 7572778.512120921
56 105 102429038.66219226
56 106 377276377.00262475
56 107 5927382.293867703
56 109 27866614.926238727
56 110 258001.45213295144
56 112 147519033.0823874
56 113 15748438.089224782
56 114 108415069.20886005
56 115 314195533.81868845
56 116 3551312.775395075
56 117 131404168.63808495
56 118 204041520.5087619
56 119 314794.6784147103
56 120 3483286.4049584353
56 121 550671.2852479619
56 122 1471430.2320827777
56 123 394963.5472519469
56 125 10251165.498652032
56 126 47191964.29907607
56 127 7544849.988688923
56 128 10723405.771314597
56 129 347285196.84268796
56 130 2125088.262370797
56 131 121079530.53814097
56 133 90957566.13170716
56 134 6531416.867779831
56 135 5866855.837978605
56 137 246938335.14660263
56 138 189027449.54759067
56 141 15794773.54266853
56 146 126301124.97568035
56 147 566757968.674093
56 149 4181220.655746348
56 150 14749665.045182474
56 152 14279326.442050448
56 153 58791130.85244992
56 154 311105072.6497629
56 157 348967596.48942363
56 160 2747778.6646964303
56 161 1584904.6993344745
57 1 103647.32822744786
57 6 1130809.2353107058
57 7 1683308.02610432
57 12 2095253.7107356845
57 13 188827.60622852424
57 14 702715.5482610856
57 16 194972.37447949694
57 18 157520.24314910718
57 20 1949017.603215216
57 24 456104.2025234906
57 26 60383.632307729145
57 31 1707834.9183925218
57 35 4434263.798379462
57 36 458535.58917614294
57 37 582640.5413438993
57 40 2273218.1229040227
57 45 2254336.544540205
57 49 2167915.983510566
57 51 487288.16302481084
57 54 1354593.3601628179
57 59 1817443.8414777522
57 63 678098.8185125473
57 64 1321603.4899914823
57 66 345184.97508924693
57 67 685485.6725310038
57 70 103018.21886920126
57 71 135028.5345527241
57 72 1386195.6218722037
57 74 419883.5942723996
57 79 114425.43001462756
57 84 823521.1451693514
57 93 554014.7069429102
57 97 1943670.659196335
57 98 69283.09368009103
57 101 853431.5735512151
57 102 70216.19581088758
57 105 734387.4338095213
57 106 2125136.372707165
57 107 52143.86829560662
57 111 2790772.351476478
57 112 321788.48700175824
57 113 1088712.8198530425
57 114 307307.9495378847
57 115 944205.4100885685
57 117 514538.66318192455
57 119 1641741.1967640733
57 129 2056377.7457336986
57 130 859216.5189551249
57 135 171793.91745569775
57 137 109754.98722884576
57 138 827838.5186945304
57 141 1336657.7058253414
57 146 24200.099488903765
57 147 235527.11445090445
57 149 1393717.000520865
57 152 1015436.9590092116
57 154 55778.142788923586
57 161 797466.795395472
58 4 20212258.75734635
58 6 70771425.78491767
58 7 141660212.23235598
58 8 22058245.691474795
58 10 660061.5736140218
58 11 5812609.819598142
58 12 445498.03970483516
58 13 20241429.315034732
58 14 31097017.675416104
58 18 12378328.90949245
58 19 122894120.05532202
58 21 42531536.02719058
58 22 13256509.743538395
58 24 24614793.928593855
58 26 81020952.11497751
58 30 143946345.04066375
58 31 30575464.74507951
58 32 46814182.83845582
58 35 61530362.65107834
58 36 42961579.889349766
58 37 14760049.52650685
58 38 38386676.34095089
58 40 11355155.801515331
58 44 12552762.981718792
58 45 581752.7820115136
58 46 14995324.276549183
58 48 3696826.039114823
58 51 4764631.801260091
58 54 46760092.73127948
58 56 15145937.698907176
58 57 6529773.467028348
58 61 12751847.421863474
58 63 48806711.541606605
58 64 72213382.65999076
58 65 7589986.879048604
58 66 23996807.366198283
58 67 87782904.58394045
58 68 130296676.41854845
58 70 5066348.326474876
58 71 247060388.75176588
58 72 119702137.7606096
58 74 22410609.67620581
58 75 1690663.7111896828
58 77 41647468.14147429
58 79 8436058.094037697
58 83 21195797.692496527
58 84 29332476.941519774
58 87 9648840.046580626
58 88 8436378.95726581
58 89 128729687.90793456
58 93 24483088.728749916
58 94 25886003.942663517
58 97 138122465.96703616
58 98 438058.00258914626
58 101 37810534.186384656
58 102 91013857.82268533
58 103 6654068.421616899
58 104 2961477.901230086
58 106 88808511.00979032
58 107 46579864.10411492
58 109 20521652.25813714
58 112 41581692.68122729
58 113 19394936.8264617
58 114 90958660.34725522
58 115 238823978.8541908
58 116 28059216.31207754
58 117 21101991.1024288
58 118 26235457.1325074
58 119 1295517.5267488374
58 121 977289.7527931546
58 122 69450.62382385138
58 123 8002608.808775887
58 125 421736464.27937317
58 129 73432287.13992234
58 130 128468742.70725614
58 131 39188933.114318125
58 133 207666688.96089962
58 134 6116970.607789136
58 135 20773079.70870783
58 137 121469733.6274988
58 138 25498866.803758167
58 141 31641184.079554304
58 146 63231651.16987629
58 147 41184027.058399186
58 149 7010534.597539218
58 150 149296866.73009542
58 152 32725574.82276031
58 154 18265308.787606154
58 157 35759181.159848444
58 160 5512517.972448391
58 161 20830410.658372868
59 1 7536071.856053389
59 4 35484497.51760374
59 6 3480902.5710934526
59 7 1037757.7278969
59 10 674592.2982487422
59 11 22041710.970322076
59 12 4505086.008184008
59 13 58587.8967610545
59 14 11388573.8891747
59 16 2027565.5684962065
59 19 4173690.0751264864
59 21 11352191.691561922
59 26 7895108.163775446
59 31 11630115.23180043
59 36 4044078.712708987
59 37 37028793.04451189
59 38 9737015.310478032
59 40 17497925.251331717
59 42 801245.3742377238
59 45 76153.39363377614
59 46 8997388.721662458
59 48 2818713.4874945343
59 49 19627982.414526965
59 50 5138930.582525213
59 51 1404857.7062998882
59 54 10790190.74893437
59 56 41079524.5437147
59 58 41520538.150462426
59 63 6388477.584202815
59 64 6908055.72522318
59 65 46337902.840555
59 67 38485388.741867155
59 68 1206100.4210591067
59 70 13306164.118791692
59 71 793927.4669832935
59 72 57673950.56306524
59 74 17730932.409376644
59 75 5822168.92148284
59 79 12713599.827848462
59 84 44340612.71337048
59 89 6636757.305179234
59 93 1477244.0212356003
59 94 19425983.366508517
59 97 24991156.67471758
59 98 3483640.993377562
59 101 3068597.5048087924
59 102 52499564.49801926
59 103 410559.03601689887
59 104 2545354.9133430608
59 105 1036444.9711810468
59 106 3394027.104167668
59 107 7031951.440029755
59 112 7731273.221158857
59 113 1730370.0950823221
59 114 2652592.769412661
59 115 10433944.89378087
59 117 10119230.841413623
59 118 518497.0385570155
59 125 28848866.65261959
59 126 1101891.3112117723
59 129 4598441.760467739
59 130 46806495.308554776
59 131 8198302.5175496405
59 133 3981047.285186608
59 135 6243206.935699251
59 137 6681734.808791959
59 138 13466319.78963296
59 141 438479.9240066396
59 143 2051130.084732538
59 146 14671935.147388496
59 147 1247688.3515080973
59 149 9252739.496483838
59 150 7692057.276488395
59 152 4425583.6310592005
59 153 17754466.526885774
59 154 11474882.35713793
59 157 37054049.381538324
59 160 3432379.828663092
60 1 670262.9339762675
60 6 9579624.719026184
60 14 2017267.5488638158
60 19 1401406.7395605873
60 26 2860701.930313943
60 31 648640.8374769151
60 40 1147443.9364793347
60 44 6333076.82865145
60 51 2997108.575515566
60 54 1342739.5554683954
60 56 252510.49786856805
60 64 2780815.6512570004
60 70 3334664.052836093
60 72 3597174.0643378356
60 74 4218406.0882458845
60 84 1475138.8579589392
60 89 3346760.152628485
60 101 143815.17363459288
60 115 3188362.5746722165
60 117 2311628.3072796576
60 118 142003.3432630223
60 133 3798083.337734195
60 135 922363.3927127079
60 137 631873.9901891086
60 152 5066002.99663686
60 154 511463.9479483163
61 1 14901859.542028014
61 6 2449967.0943103814
61 7 25199261.64297956
61 11 2434423.9766808874
61 14 5004623.88990901
61 15 1063864.2623540296
61 16 264068.2153544728
61 19 10888158.256975705
61 26 4732658.990605177
61 31 16498293.19451732
61 32 3751916.6810911875
61 35 17262323.972016487
61 37 6402747.895774835
61 38 7504584.849523261
61 40 2611130.38571086
61 42 42801.63977016375
61 49 1150437.7116350771
61 50 9171732.223892242
61 51 3675129.6225163536
61 54 79795.31884700293
61 56 9652909.504971264
61 63 32395965.29582462
61 64 7156628.563537709
61 65 10112669.815998115
61 66 3533197.0635699406
61 67 170332.44584708582
61 68 6948404.720078111
61 70 26043743.48800833
61 71 4434510.2014849195
61 72 8080109.0723081
61 74 10900135.320896327
61 79 16999186.64540843
61 84 2077705.0029005986
61 89 6387900.231643229
61 90 3796479.8002280565
61 93 10433094.63092473
61 94 2422802.035652144
61 95 5981518.381379686
61 101 12409102.37312295
61 102 10027159.528130757
61 105 2694930.298347224
61 106 2712191.4323883457
61 107 2432907.6446393793
61 111 9485897.689820103
61 112 7932046.576002702
61 114 5450825.543388385
61 115 1133248.8941822082
61 121 483080.5890489542
61 122 3076907.9983064607
61 125 1674945.5910927749
61 129 2102788.213162453
61 131 5407363.765631229
61 133 312479.4624307973
61 134 366364.83806207665
61 135 23899992.723251756
61 137 4239738.603149213
61 138 1409816.431052156
61 141 25442857.73673994
61 143 1145466.6925885968
61 146 95524.77546775753
61 147 4466309.159210024
61 150 9846982.23328906
61 152 19889295.53924663
61 153 631514.1242413616
61 154 18639113.71483081
61 157 15643650.226641927
61 160 7911583.234052321
62 0 2527859.01860333
62 1 355497.63400926604
62 4 5602210.789162891
62 6 1315490.0189459429
62 7 933456.6277873399
62 8 6411963.449717995
62 10 2583657.1459443998
62 14 3726096.7360008685
62 15 557737.5343722278
62 19 4389764.772334995
62 21 755904.9467194189
62 22 4554342.9823959
62 26 251368.2090003048
62 30 8319466.293151584
62 31 8831102.680000218
62 37 882534.2639124546
62 38 1791725.8778363836
62 40 620891.7618795326
62 46 4645634.194591446
62 48 6579722.420339517
62 49 851121.3016947808
62 51 7969065.360661386
62 54 1335621.7480317678
62 56 7883376.2579455655
62 58 2650575.8715113266
62 63 8050900.800533166
62 64 6677242.23985514
62 65 572593.1475479216
62 67 2948448.261276583
62 68 5857630.413971509
62 72 1381930.8912118052
62 74 1403833.565559443
62 79 856403.1010730029
62 83 610132.8551577837
62 87 4997657.629604451
62 88 646736.8363909742
62 89 24316518.33208415
62 93 5733820.936730962
62 94 703800.2081567073
62 98 2438174.122007597
62 101 32514401.82860842
62 102 12097507.4646865
62 106 7120170.842816218
62 118 420292.38429853495
62 122 1589999.128353681
62 125 3641625.098260144
62 128 1491674.1044790617
62 129 30991.228844019948
62 131 1183290.1617405987
62 133 5105628.998896482
62 137 653405.1719579978
62 138 8804652.680154532
62 141 1683720.3232018747
62 146 2207656.4791185637
62 147 3442065.9975854466
62 150 2461984.697968674
62 152 15401769.00759866
62 154 1565036.8892519963
62 161 1286128.8708577177
63 0 4821955.5320513295
63 1 14230547.352460958
63 4 32248804.108244147
63 6 268769667.6216576
63 7 119188471.522883
63 10 72230756.43626027
63 11 5403729.696110299
63 12 31614114.87332856
63 13 29534392.52195679
63 14 135774735.46960592
63 16 5872037.166244749
63 18 15116196.129465291
63 21 7895770.499641128
63 22 3961224.915058869
63 23 4446114.546238616
63 24 5391305.91495726
63 26 156172743.76031634
63 30 165698205.76948047
63 31 113446986.30444244
63 32 3786089.294637994
63 35 21950606.88933336
63 37 28309928.25880967
63 38 61956331.176641606
63 40 76129856.86878194
63 45 176461323.36000478
63 46 14332590.059838064
63 51 97170899.23828715
63 54 258630.62186116262
63 56 379287304.458616
63 57 5656382.302537015
63 61 3001207.6681278865
63 64 17827213.709626377
63 65 152698190.94961464
63 66 10092774.134903293
63 67 50392810.43447066
63 68 168997505.5862621
63 69 62479138.71227103
63 70 47344846.76103407
63 71 289879110.687361
63 72 80287012.05516851
63 73 141166842.86815447
63 74 163248716.9964022
63 75 33638621.226684734
63 77 142597130.26974475
63 79 16253229.674467906
63 83 26514471.965507068
63 84 54791615.579412006
63 87 4952796.170624007
63 89 48630326.40751497
63 90 34026679.29448757
63 93 1980135.50775817
63 94 416562953.4669801
63 95 9334619.359935643
63 97 83238043.85167976
63 98 156064.0330423426
63 101 2010158.666184397
63 102 22193077.444860727
63 103 803671.9062986587
63 104 882768.661671132
63 105 22776954.563300207
63 106 80385708.90990193
63 107 100645755.38723817
63 113 49574680.086096704
63 114 91661493.11661817
63 115 64676378.75397284
63 117 4333493.904984621
63 118 10737392.332347251
63 119 2751718.438494996
63 122 3487954.8442964735
63 126 16401298.760136578
63 129 31599648.15393654
63 130 13504043.438099531
63 131 23420863.955204945
63 133 10505647.396154478
63 135 14407422.40804682
63 137 74230874.04325584
63 138 135494423.78953472
63 141 16935250.549993426
63 143 1155026.300350233
63 146 68039767.1976552
63 147 168877452.84535396
63 150 103775870.83257711
63 152 71735662.78984655
63 153 13547249.399969945
63 154 144931333.93622217
63 157 25978985.92158134
63 161 37467786.38178065
64 0 5416607.883269085
64 1 158015310.841057
64 4 146948918.51887926
64 5 5660999.900108462
64 6 268912676.19115615
64 7 142416031.2844715
64 8 5453485.806484795
64 10 18808843.17253657
64 11 236003311.6219603
64 12 20945969.85916508
64 13 181481386.85093382
64 14 56497762.34491398
64 15 2163664.363397794
64 16 15899392.151818505
64 18 12784516.278065499
64 19 62829160.91996627
64 20 4180248.9436492077
64 21 29212895.444308735
64 22 4134309.5044721984
64 23 418063.604571244
64 24 80071715.47167073
64 26 587864569.6152678
64 28 191378.81593678892
64 30 115080561.45594504
64 31 92813729.85852316
64 32 222262918.72722957
64 35 136666716.83108583
64 36 47757352.27299429
64 37 179303433.65365562
64 38 16534822.047574187
64 40 252271257.79268068
64 42 274919.6717042897
64 44 146232294.9562197
64 45 176368889.96821442
64 46 48092741.58893505
64 48 29324017.337145925
64 49 56727596.63052209
64 50 15785625.892525978
64 51 1109002574.817292
64 53 3630032.7470773067
64 54 2384447111.477807
64 56 181077718.41414124
64 57 2816363.7336918428
64 58 50742499.98359982
64 59 5816376.856368113
64 61 28110516.48833593
64 63 53433954.09145909
64 65 2208391907.7145205
64 66 77210339.73437595
64 67 289756786.76227856
64 68 875135204.9408044
64 69 633086587.766856
64 70 5383294631.194376
64 71 1070062536.8102132
64 72 2942173841.912015
64 73 29071238.203966644
64 74 156516230.85154724
64 75 316818.1816265353
64 77 15873866.858325545
64 79 527549691.49552095
64 81 4374690.19517528
64 83 10941027.2250278
64 84 22877298.17151789
64 87 2800583.5797584415
64 88 29671691.79755808
64 89 789241937.7150689
64 90 35547104.96515573
64 93 66065112.60744904
64 94 640549073.3016887
64 95 11347217.492073227
64 97 234425045.4508381
64 98 10615854.103077406
64 101 1454339419.9212203
64 102 4532308.097596902
64 103 66395384.22812002
64 104 6564222.1351733925
64 105 1948088.1890137906
64 106 739713030.1651115
64 107 165768738.96842498
64 109 11798806.406497793
64 110 9378071.267379612
64 111 32156297.548475746
64 112 101209612.02610864
64 113 151076372.22410217
64 114 1410204996.5136232
64 115 831294151.8721546
64 117 925922355.6617862
64 118 308831002.39003795
64 119 5699078.640561974
64 120 2254492.495633544
64 121 11168775.530424748
64 122 1545066.05688287
64 123 4452377.4441487985
64 125 656554089.4301022
64 126 7915041.742127687
64 127 2691594.610749969
64 128 1884596.2371667456
64 129 1363177897.9346154
64 130 197720143.51697534
64 131 43859316.10948578
64 133 1240906084.9758139
64 134 6201441.84902503
64 135 44622901.79318128
64 137 895953007.6804985
64 138 2983795419.231604
64 139 31250440.70982247
64 141 15689735.911291998
64 143 8649943.070744677
64 146 566054294.3343514
64 147 35522559.50199577
64 149 20322728.77248686
64 150 274536868.8276665
64 152 586625957.8729757
64 154 203227430.37880707
64 157 383360318.8399939
64 160 29380756.009627942
64 161 1735769.3352277593
65 0 5486945.140058762
65 1 395295581.40885115
65 4 105618300.34628406
65 5 6521734.465177907
65 6 31628968.69434199
65 7 307262215.2758262
65 8 18637618.00871591
65 10 99804698.57841781
65 11 81366730.46749364
65 12 16228990.030833108
65 14 748585270.5133897
65 15 286139.40146146424
65 16 4027030.435649991
65 19 698477230.2969793
65 20 21496459.00055836
65 21 67752768.43057308
65 23 310703.0117137768
65 24 6035895.600980789
65 26 66980948.334366426
65 30 495925669.2334112
65 31 388974114.1692357
65 32 99728565.6505337
65 35 335727452.5319334
65 36 27476711.288133927
65 37 56041569.55702675
65 38 118170458.04980305
65 40 409176109.99336207
65 42 371755.62312086235
65 44 36563114.32338276
65 45 18016388.80446401
65 48 5098299.0100351805
65 49 792038724.17335
65 50 10747843.594981717
65 51 611980846.7006718
65 54 2399267265.3642774
65 56 117971542.68037722
65 57 379683.26920622395
65 58 318199991.86100644
65 59 842994.9616528265
65 61 730319.275510172
65 63 41020406.663416766
65 64 28344768.39183524
65 66 53982284.90999559
65 67 840118116.2287179
65 68 5498921.875586545
65 69 221644115.68975687
65 70 938376364.8379251
65 71 486591025.7478814
65 72 1290845506.2138298
65 73 29070910.193824943
65 74 370613222.03323865
65 75 603862.1718906178
65 77 20347369.508057676
65 79 3050899451.8326864
65 81 1456691.2397701659
65 83 153140745.5565165
65 84 56632002.348901674
65 87 9688940.014562445
65 88 5771493.39853861
65 89 124502126.29040898
65 90 3002450.346660862
65 93 43267846.48676094
65 94 349310941.47342885
65 95 2204824.3513431125
65 97 233554475.48005834
65 98 344986.0662258016
65 101 354444727.4171215
65 102 496266527.15068716
65 103 12152725.874742165
65 104 6629149.885434756
65 105 178230116.01746902
65 106 27509674.51346177
65 107 119183254.89423104
65 109 3000974.6361246756
65 110 54562910.24634044
65 111 15174445.06057885
65 112 62743491.83659839
65 113 839102696.4977471
65 114 1265796278.1226768
65 115 311509814.4389617
65 116 51028654.936382264
65 117 857205726.2538071
65 118 223587695.30786517
65 119 2996829.802357975
65 120 10688105.746470593
65 122 2465454.676952211
65 123 4515303.037573538
65 125 649935124.3935045
65 126 28351298.445419636
65 128 9941016.363663843
65 129 306081358.15093905
65 130 258855663.53807583
65 131 18663682.31843768
65 133 1834149697.8491132
65 134 23416928.824487522
65 135 11285709.54934311
65 137 1618781815.7041214
65 138 474291765.7821573
65 139 59330283.050716564
65 141 2184431.2362604565
65 143 7294466.765859974
65 146 33666089.661048576
65 147 2260169211.8568344
65 149 18796050.99669021
65 150 21673866.774869155
65 152 344000699.7370892
65 153 30871250.214599952
65 154 2967309725.618226
65 157 205637842.99476162
65 160 3770336.0410236497
65 161 7926692.919022186
66 0 9882958.097194046
66 1 3181940.933102952
66 4 4737169.3098676605
66 5 6930464.733078079
66 6 5033414.7150541125
66 7 44616654.270988375
66 8 1833018.8645407197
66 10 618783.4560737868
66 11 33522103.193730578
66 12 7129604.110984666
66 13 6455833.762879379
66 14 24187867.182283476
66 15 1303607.1461209324
66 18 15434719.894087689
66 19 3423300.4093507463
66 21 4159755.069752473
66 22 2911945.260348742
66 24 14949414.189031508
66 26 23246408.917036705
66 28 1199164.3092435948
66 30 41743114.47097568
66 31 2234445.8594381423
66 32 87910971.1796097
66 35 17179494.819782708
66 36 39530427.463636234
66 37 92747047.72342011
66 38 1715040.8413173046
66 40 8347025.55013716
66 42 2975865.197564998
66 44 3017770.8878723984
66 45 88037939.07275409
66 46 21526756.211979147
66 49 44840961.04855221
66 50 2657164.466191161
66 51 14459335.211105548
66 54 3078094.813036465
66 56 5531796.423705054
66 57 680958.4059652536
66 58 14739535.098337118
66 59 15802702.985222027
66 61 1238363.2175725885
66 63 25149158.992272153
66 64 18917767.483161632
66 65 10038496.371219205
66 67 6668343.005385481
66 68 2326892.5352536156
66 69 31433283.13052506
66 70 65771762.93217697
66 71 5757495.845415679
66 72 25845965.898862686
66 73 8713101.315574497
66 74 6356508.95761279
66 75 12705199.151403883
66 77 30820852.303938888
66 79 3074069.7699557133
66 81 10441349.222215015
66 83 11283321.336130394
66 84 16570937.069870614
66 88 5548039.626084811
66 89 14483324.00197241
66 93 35792016.91054313
66 94 6805130.920279949
66 95 2548974.34725985
66 97 16648672.708938487
66 98 2373489.179989453
66 101 17046190.297727276
66 102 28681964.177183025
66 105 13612697.989574758
66 106 24001618.982791234
66 107 37000.808877443356
66 109 65489705.81877179
66 110 8725991.337117188
66 111 191153.95836367426
66 112 27528212.95931319
66 113 36263663.13400777
66 114 14653420.153247124
66 115 14429065.61350059
66 116 1686854.10738492
66 117 57833385.320013314
66 118 943682.7007447085
66 119 693338.3487110008
66 120 119135.54015029054
66 121 2768626.260826625
66 122 2260318.721381394
66 123 859509.6656449577
66 125 27614428.581771936
66 126 13240342.579558495
66 129 30623332.63016292
66 130 25326995.246253617
66 131 30310856.659885406
66 133 55672335.73251369
66 134 31613564.056059673
66 135 48025979.58520434
66 137 8269659.950673162
66 138 6150138.604468848
66 139 10535285.241518976
66 141 912947.2861492042
66 143 804650.1322777127
66 146 8712692.294129288
66 147 39155511.79334452
66 149 11700957.298102487
66 150 8208549.580222493
66 152 35385185.05222009
66 154 35200409.20461002
66 157 4996961.41839571
66 160 2640052.868679339
66 161 37439130.566254444
67 0 16043756.379317975
67 1 164185988.04499486
67 4 222327569.11653993
67 5 23946374.747874036
67 6 395892457.99685824
67 7 387924748.54934376
67 8 29655141.211306445
67 10 62637193.04990379
67 11 302844135.7931115
67 12 1672768.078120016
67 13 212809954.6014548
67 14 908836931.407229
67 15 1176837.6979037498
67 16 1638068.8426167783
67 18 30305515.280391622
67 19 1115136506.5806339
67 20 24492238.774786927
67 21 8912761.550859964
67 22 4830354.551973169
67 23 1023062.8425529206
67 24 8461545.79625628
67 26 1840196578.2219918
67 28 462953.70653732546
67 30 34752205.25714017
67 31 3081164067.4103293
67 32 381500931.5759773
67 35 119014713.2242965
67 36 47504503.52909784
67 37 204583551.1986739
67 38 109142954.80781624
67 40 1421711353.5897229
67 42 1577958.081234814
67 44 72060525.55710983
67 45 11196081.858214634
67 46 41036478.81170899
67 48 2797884.1572993207
67 49 411653421.3694912
67 50 1660802.1257499775
67 51 414174599.48318255
67 53 3228928.1835546107
67 54 2423987601.985152
67 56 86841454.75296447
67 57 5466402.284040979
67 58 320846987.7370339
67 59 689235.4440368322
67 61 3761240.14449791
67 63 17240936.19036691
67 64 1031941095.469731
67 65 724883093.5935614
67 66 1967606.8718425536
67 68 128675065.53062506
67 69 739188343.7730953
67 70 51793661.182675526
67 71 163237316.5811168
67 72 5164654671.812285
67 73 61241369.67658678
67 74 486567572.00376797
67 75 174031818.78363222
67 77 9675023.404469328
67 79 3301909486.345344
67 81 5651749.688450835
67 83 43465280.96375987
67 84 223324224.36841926
67 87 3345924.9585429756
67 88 1719809.699844046
67 89 590548715.9038874
67 90 8137482.273416199
67 93 4869520.460190111
67 94 1303560743.0088334
67 95 10097883.665038964
67 97 267164302.9981328
67 98 3058775.030377623
67 101 106681069.46939902
67 102 136093039.4615919
67 103 13807674.80844824
67 104 1251241.1450177
67 105 78809180.17908525
67 106 263252866.97393057
67 107 18703686.353290785
67 109 53980562.02443151
67 110 68609798.39076881
67 111 346473.9960648851
67 112 175886883.66596028
67 113 487816859.7377424
67 114 272570488.092366
67 115 993791163.2935425
67 116 113032897.12827413
67 117 471455420.104597
67 118 132453002.20787218
67 119 2327178.126967969
67 120 12598.807055066798
67 121 8549961.766590038
67 122 339893.20897517
67 123 8416708.346856184
67 124 1660219.4618771903
67 125 379510056.18243843
67 126 15316082.845216999
67 127 1612371.1739024278
67 128 14573903.336129386
67 129 4370414145.267112
67 130 13079049.51886473
67 131 122067347.70181471
67 133 1257758727.1322036
67 134 80847848.788438
67 135 15291753.835497573
67 137 3603597651.8264084
67 138 56015698.95710446
67 139 52384799.57903482
67 141 47360366.45649532
67 143 2538601.326363634
67 146 282442803.8732908
67 147 378832040.4843891
67 149 13058685.508572616
67 150 202415428.9957455
67 152 785058802.9948028
67 153 58868420.61778099
67 154 6692485214.260206
67 157 85719851.55140978
67 160 1010471.6936685425
67 161 60526958.22922572
68 0 4146401.3683251077
68 1 158465107.24248198
68 4 183193304.24225938
68 5 1811039.075055986
68 6 1173776256.7517276
68 7 1065945312.0546134
68 8 10801903.408273453
68 10 11830649.17013491
68 11 152814831.84701213
68 12 802997.932186439
68 13 168686868.3310812
68 14 751312290.907169
68 15 1281263.0485544673
68 16 7144493.567883378
68 18 19423379.2751559
68 19 839746614.3346975
68 20 26204055.271090228
68 21 57683586.49808009
68 22 8725217.448496655
68 23 125090.60244995405
68 24 10077632.78345076
68 26 6839525367.614068
68 28 412293.8377383422
68 30 477892972.6536608
68 31 968339628.394349
68 32 222109229.83895794
68 35 300614298.34826547
68 36 63039986.79897644
68 37 65316894.796426155
68 38 65274874.41340913
68 40 528731265.40543514
68 42 2419506.202097064
68 44 65862787.44534446
68 45 117084319.25094923
68 46 62308378.48303564
68 48 3538848.320684617
68 49 73739193.87780325
68 50 3492136.9405933693
68 51 4775117094.652279
68 53 63508.65725681099
68 54 608330708.710839
68 56 957043323.370021
68 57 5029335.13280375
68 58 230987898.4210444
68 59 1825412.9047382718
68 61 13140812.22847099
68 63 39438316.81171949
68 64 600240520.6739136
68 65 199549404.1779859
68 66 4345724.275869792
68 67 666814824.4528885
68 69 170017301.9674163
68 70 92447428.87454855
68 71 90208546.36837737
68 72 55516508.87491792
68 73 77364265.82476339
68 74 469302.4977199951
68 75 79409795.05986324
68 77 18414291.885128003
68 79 2578616697.881782
68 81 33877405.45786672
68 83 2712462.368007301
68 84 43304755.64246425
68 87 814330.6946127394
68 88 897003.0721533606
68 89 4690988048.899557
68 90 2168130.553720235
68 93 10535405.403564695
68 94 4522495209.579986
68 95 21003949.493546627
68 97 42344169.78163168
68 98 4441797.1637891205
68 101 78035567.12609787
68 102 41688804.25512136
68 103 872188.2631627324
68 104 2833249.7553964104
68 105 134702697.5728265
68 106 2601154065.112698
68 107 7393159.954435342
68 109 7740400.290436453
68 110 16660665.165082935
68 111 33817238.98506108
68 112 147605854.07766372
68 113 675007382.5789771
68 114 1307763491.2633057
68 115 2769628928.061994
68 116 319127619.11175746
68 117 3840806.8924230835
68 118 3018390756.974443
68 119 2300645.694907572
68 120 3496259.6877198275
68 121 3270476.7506183046
68 122 6737119.977057223
68 123 16292963.052874906
68 125 133336743.5038269
68 126 42257985.90381525
68 127 3572399.288160931
68 128 8875225.855951417
68 129 5844227410.237356
68 130 135665516.62551346
68 131 27650525.188966963
68 133 1724878474.3342984
68 134 68169047.37847203
68 135 60593199.918234326
68 137 326428147.17943674
68 138 570716126.709103
68 139 95204068.45831372
68 141 12834262.826573426
68 143 3615130.252685213
68 146 134045336.78168175
68 147 577968173.515336
68 149 22263223.93906968
68 150 450760499.13079566
68 152 2842831304.2015824
68 153 2223460.969991843
68 154 1913981720.283036
68 157 370860347.29771584
68 160 4897594.504552213
68 161 32106240.90774297
69 0 424182.8209366772
69 1 110201373.88488862
69 4 118995631.67441839
69 5 12921548.330603823
69 6 584112223.0214278
69 7 18971370.767824218
69 8 13698166.50044522
69 10 55519652.03157496
69 11 178910761.2972687
69 12 28419466.56302147
69 13 101816930.17972009
69 14 911205559.9235488
69 15 4850582.002694871
69 16 703830.7276414649
69 18 20090465.855639797
69 19 123312168.66704006
69 20 33607356.578228846
69 21 59707014.28811669
69 22 568959.2940320779
69 23 696923.4485747645
69 24 23421893.867837742
69 26 85562302.95096189
69 28 397758.9855350712
69 30 335792191.77245545
69 31 325739753.3712831
69 32 20225107.784727003
69 35 1773106.8766733706
69 36 5070246.794929762
69 37 61134050.60757462
69 38 65194740.26374231
69 40 213360929.5583798
69 42 5971369.773151002
69 44 36692417.12420401
69 45 265299915.67770413
69 46 38264427.66871234
69 48 9726840.484880095
69 49 151126912.4554946
69 50 13161517.697668912
69 51 1187056169.0300615
69 52 17699965.913721014
69 53 1466422.8441993163
69 54 226083998.34677705
69 56 184712863.39483938
69 58 33703118.325075746
69 59 15396307.477290753
69 61 909357.8405638502
69 63 18409519.634294275
69 64 195436745.95534807
69 65 128290623.77157512
69 66 35829615.63178743
69 67 984592839.7379066
69 68 18930938.402781446
69 70 644770560.1044695
69 71 200486181.12587222
69 72 152469189.1214507
69 74 209515056.0157803
69 75 153745445.12342516
69 77 114811922.84257832
69 79 221637156.7808043
69 81 10714087.318287242
69 83 6903932.514685175
69 84 66036669.655608445
69 87 3668615.8590335418
69 88 6483183.157135398
69 89 97329127.05509712
69 90 2628357.811854167
69 93 6131980.980386272
69 94 282732188.5646026
69 95 17476616.5580306
69 97 576086.0014839399
69 98 8512568.413883839
69 101 204607252.10286236
69 102 240543489.79133254
69 103 3030701.839791844
69 104 12434878.243541205
69 105 109264006.01543103
69 106 292278993.24680674
69 107 113470211.96168661
69 109 3850200.1940345555
69 110 23218306.098749273
69 111 3444382.918578259
69 113 75178624.366317
69 114 150292044.25073656
69 115 929755524.3519194
69 116 6357400.576994569
69 117 56115025.68641256
69 118 942493084.4964885
69 119 405612.3371314311
69 120 2485888.68886959
69 121 7175233.594439443
69 122 4983502.972164696
69 123 305313.32208374527
69 125 196708135.32806936
69 127 5628941.395888876
69 128 7511563.984808047
69 129 476961073.46062946
69 130 201170535.22379714
69 131 52629599.86189763
69 133 111288418.12231082
69 134 10417150.710188378
69 135 20593581.344400782
69 137 444160379.9027267
69 139 111365153.24580641
69 141 26943687.998216163
69 143 247321.57219519993
69 146 3346178.1195190772
69 147 102368192.2321969
69 149 5968871.338074193
69 150 61156551.334726185
69 152 232908431.56537083
69 153 3554125.369105858
69 154 288055045.4269202
69 157 65338491.587417826
69 160 5759847.120743672
69 161 5082690.344683313
70 0 1546178.2971279835
70 1 41196143.67989378
70 4 100725550.87224518
70 5 38474546.619416706
70 6 1720391867.2830126
70 7 2339509611.181132
70 8 14120013.358803645
70 10 32712735.82306375
70 11 10276722.131475842
70 12 1903434.171494188
70 13 140710025.34597403
70 14 257176918.7656164
70 15 12781117.270636966
70 16 8545727.014810422
70 18 24302200.770273555
70 19 1276593010.814978
70 20 6716763.636370057
70 21 211067235.43803924
70 22 2604112.92497607
70 23 654334.5135670063
70 24 33477761.611306444
70 26 4592891532.090459
70 28 1200370.9690547714
70 30 499773380.7302085
70 31 6679143415.187376
70 32 318292467.4137692
70 35 58129909.89666541
70 36 5463455.242761724
70 37 85623177.45239279
70 38 10877477.239547156
70 40 490629701.8705687
70 42 929576.1143933666
70 44 130193372.97477596
70 45 37953949.18549676
70 46 54535490.715518996
70 48 10349972.425969722
70 49 562095015.7777255
70 50 38196565.19745195
70 51 851427253.3662076
70 53 989436.6598464304
70 54 1882101783.5123496
70 56 610559443.4246554
70 57 140788.50245096258
70 58 21873870.653587505
70 59 3753337.32432488
70 61 3034394.673588609
70 63 4991520.449063525
70 64 4452383528.128272
70 65 661289036.3532811
70 66 2973204.531180245
70 67 2037943219.948146
70 68 1477437481.6900363
70 69 137328037.87226602
70 71 14751296.09466699
70 72 521527329.87474036
70 73 86494206.67986427
70 74 1456906091.1109967
70 75 6799385.307846018
70 77 106202304.82907166
70 79 767260665.865544
70 81 8739840.998763649
70 83 10210156.248849642
70 84 46660805.48986762
70 87 5331119.856769814
70 88 1456164.8721521404
70 89 1456787540.2530246
70 90 3560683.423697726
70 93 27293745.239288975
70 94 295491946.85294324
70 95 6942647.317505459
70 97 56813506.11491808
70 98 8506441.443688093
70 101 803434785.7754043
70 102 48459895.17220117
70 103 64620158.54577013
70 104 26687011.14823775
70 105 164873602.12803015
70 106 143867836.93617904
70 107 1724265.1804081404
70 109 87037953.19440833
70 110 1561606.7301161517
70 111 8857133.82550527
70 112 11070677.927511677
70 113 639118581.9638722
70 114 1126465327.1609035
70 115 8077327.677928534
70 116 22439779.197603233
70 117 534505547.0372919
70 118 136074222.44068936
70 119 7083863.036826792
70 120 1169997.5687614253
70 121 4718120.907134196
70 122 356255.4962448112
70 123 1955298.821250166
70 124 794186.2457138079
70 125 498879820.4075315
70 126 1692535.279793936
70 127 586057.9646910112
70 128 4429589.116033508
70 129 2772101572.536165
70 130 142751571.847895
70 131 125147500.99215017
70 133 3730810556.5376086
70 134 32542159.033229057
70 135 41534590.97919655
70 137 32283752.146894667
70 138 1717092295.929797
70 139 297054920.7751553
70 141 17436500.881547313
70 143 9982993.255689444
70 146 7192890.058203011
70 147 4246960208.67331
70 149 2277598.8191810003
70 150 148389665.82517743
70 152 6245773825.708516
70 153 6630751.330944814
70 154 5039018266.573068
70 157 32821601.538891483
70 160 5068770.825565878
70 161 2315421.937195433
71 0 1525835.9645266752
71 1 1900862.0393265989
71 5 575886.9609549725
71 6 54943516.195210524
71 7 289157714.0309699
71 8 38471649.38571475
71 10 60614354.57467593
71 11 113319176.01035509
71 12 8340828.367716742
71 13 114214924.19399615
71 14 353630033.60989827
71 15 5458985.842653481
71 16 16419206.626378026
71 18 73482132.77056067
71 19 1205031310.2726715
71 21 87053105.37104322
71 22 2049297.3296604876
71 23 1132289.9693790805
71 24 21663394.4307728
71 26 1140754966.928799
71 30 529141055.6521531
71 31 66209838.418176755
71 32 5522818.941350881
71 35 271677993.8209599
71 36 26615149.71421984
71 37 135038738.52294397
71 38 55923770.411359675
71 40 163577487.84720236
71 42 2534849.918063861
71 44 560668.5304584998
71 45 285355472.80113006
71 46 79400430.19407149
71 48 3689127.509854991
71 49 158312663.49292797
71 50 10467157.189472606
71 51 1875174142.0109248
71 54 491313415.5472756
71 56 21013391.03878935
71 57 1595560.7665603168
71 58 119389327.33018996
71 61 5996435.410412382
71 63 45428106.68004445
71 64 80198621.53288803
71 65 26658192.385317728
71 66 29304446.286091473
71 67 709993655.2433331
71 68 38903535.71887066
71 69 150131875.56175944
71 70 107323573.24232946
71 72 605036343.5453641
71 73 49930148.04229451
71 74 146512710.7704387
71 75 12951251.922926404
71 77 34530529.09582907
71 79 900685478.2421362
71 81 7330200.744840446
71 83 6266577.541624021
71 84 50984573.62029028
71 87 3103688.7866035188
71 88 225336.89415427513
71 89 857835197.1294193
71 94 871093674.5952996
71 95 10298442.958702393
71 97 14481623.518419439
71 98 7660715.822484051
71 101 695370141.2798594
71 102 31951210.772671722
71 103 2674772.4243982737
71 104 4041741.7322601597
71 105 91220508.514312
71 106 78522289.59480168
71 107 29980613.51593339
71 112 412619975.6962894
71 114 362873613.00717497
71 115 596261440.1962937
71 116 88408818.68553646
71 117 13536933.178680636
71 118 866899418.3161343
71 119 2874528.5855040113
71 122 3995510.367321916
71 124 1687054.578330766
71 125 65780927.82161021
71 126 3244149.8893890916
71 128 4708279.706225382
71 129 240197523.28646392
71 130 41340790.66610088
71 131 80220071.23027803
71 133 436871412.90605193
71 134 69927647.99788985
71 135 14074978.594394444
71 137 589165862.3628764
71 138 216599483.26286498
71 141 13927239.528773542
71 143 1744322.5538343824
71 146 191830684.97715554
71 147 663398388.4253023
71 149 4718313.490600597
71 150 3223817.441922399
71 152 1012239041.328027
71 153 66063795.52307266
71 154 88284821.89631863
71 157 12353750.033004709
71 160 1523240.8570698486
71 161 49212176.43220231
72 0 18485522.556121603
72 1 76621930.82568859
72 4 1532905.6066234363
72 5 20406143.944355607
72 6 3304870293.3655996
72 7 5129866411.5763
72 8 13464841.223138023
72 10 1270433.355314994
72 11 113606453.7678719
72 12 17003269.826903984
72 13 59110077.525898665
72 14 16831739.059812646
72 15 665023.0497692624
72 16 2507054.073545088
72 18 59459841.89750595
72 19 1571629785.0917442
72 20 5305609.035040499
72 21 95780353.23934162
72 22 12349210.778017165
72 23 1685783.5461506639
72 24 26567897.69432299
72 26 34981248350.57707
72 28 216958.34796548146
72 30 132054817.30235174
72 31 4599288628.843832
72 32 76839871.83172159
72 35 6525375.222886493
72 36 201410770.46164972
72 37 168546221.86109462
72 38 102216931.7704231
72 40 1407319885.5303922
72 42 1093429.4448582556
72 44 182185995.90033507
72 45 147301165.00404927
72 46 107311951.72223875
72 48 275328.27819813765
72 49 623855327.112507
72 50 5177737.886151374
72 51 36862166849.78635
72 52 46376541.11588269
72 53 155559.37458105397
72 54 29182701068.73354
72 56 43248058.28742759
72 57 3018159.093467713
72 58 189466178.02525336
72 59 7273635.3583219955
72 61 5408363.173099691
72 63 19575546.464595128
72 64 10369323109.79891
72 65 302032394.40884846
72 66 13177203.426070822
72 67 590858049.485981
72 68 676407004.022442
72 69 113970666.39325808
72 70 1489620448.006462
72 71 512395156.88188756
72 73 36457534.736160025
72 74 2102237576.6480849
72 75 83674202.91890584
72 77 41296533.69348767
72 79 5106734195.9435215
72 81 14374121.419973265
72 83 279688585.39521074
72 84 177998649.3889307
72 87 7781730.866429325
72 88 6984913.926613494
72 89 58493192.95016971
72 90 4087651.5404239385
72 93 51292411.077387124
72 94 159223162.24843618
72 95 164443.97234258612
72 97 366900873.0292222
72 98 8268976.731482627
72 101 14359881321.456938
72 102 68381957.58120184
72 103 29854609.663539074
72 104 4691373.280991964
72 105 131484830.67251942
72 106 201011139.64277208
72 107 11725782.991067303
72 109 25220730.54652398
72 110 48753806.28799297
72 111 23567837.14712491
72 112 33426132.75792961
72 113 1469058844.658601
72 114 1597930678.8839195
72 115 511139235.3210737
72 116 16120360.259407984
72 117 957976561.7484415
72 118 2808254762.046567
72 119 1620309.5047066957
72 120 1147079.032510797
72 121 5767473.326765331
72 122 1065369.9659112354
72 123 197523.3008702327
72 124 1030651.7332457948
72 125 1562063224.7039952
72 126 4766437.291822528
72 127 3285522.7652865904
72 128 2094724.0663465704
72 129 3522185018.478964
72 130 396335560.94580525
72 131 566795313.4124465
72 133 6586560330.591709
72 134 36018966.7544513
72 135 12778030.483059287
72 137 72031741.68148883
72 138 332372888.298455
72 139 62751894.71662188
72 141 836980.9704955183
72 143 8584061.273852713
72 146 227125299.97137275
72 147 1115792806.6188104
72 149 4795474.535177228
72 150 125564373.05227073
72 152 27458348984.654026
72 153 12126479.342455104
72 154 79817305951.40971
72 157 64262676.942109235
72 160 1738965.756314439
72 161 14672230.596497897
73 0 3152666.554412595
73 1 2087549.7308935751
73 4 15229676.378909118
73 6 15948575.541683739
73 7 1151784.2164669232
73 8 23042451.144947756
73 10 3376297.494535558
73 11 5750438.898835532
73 12 8895081.481161453
73 13 1199200.0053000834
73 14 14043995.390463375
73 16 226990.40049452335
73 18 1545123.9730951008
73 19 7111549.962652678
73 20 3730664.732160757
73 21 36073635.50267901
73 24 26008952.6258234
73 26 2455089.515714786
73 30 14259779.233330091
73 31 13070731.71787764
73 32 1199344.1273035994
73 35 326791.6964778504
73 36 3805868.535606801
73 37 8413965.500505669
73 38 4914381.277141732
73 40 2906576.0198909226
73 44 29372355.360965353
73 45 20389630.316494975
73 46 11416808.169835335
73 48 15850196.097298138
73 49 12948433.974201152
73 51 15974187.143867318
73 54 18836848.404636715
73 56 22116847.627378207
73 57 1928398.2829264996
73 58 43781226.2975071
73 59 1501245.9745701738
73 63 18649394.05135037
73 64 39340366.24316544
73 65 1038739.2737894541
73 66 333678.7344920134
73 67 3666955.199430034
73 68 10063473.70279806
73 69 2924964.809983398
73 70 31486855.331009813
73 71 10913017.909626197
73 72 5325425.416517644
73 74 84238585.41104966
73 75 20794123.554701243
73 77 19440856.456612114
73 79 45824747.49460828
73 81 1050669.6513905947
73 84 16270230.257926723
73 87 7220534.360027545
73 88 14929081.49914468
73 89 31620287.013945766
73 93 4654750.838647382
73 94 9677375.824042497
73 95 7339036.165165979
73 97 32583986.66644253
73 98 2057377.9553874962
73 101 6637183.074636221
73 102 3000616.288428937
73 104 12806924.768718079
73 105 9260708.704299117
73 106 13317408.206130002
73 107 27816008.32563013
73 109 32675630.428797826
73 112 11911234.770674985
73 113 25614955.16889273
73 114 4097244.2276351666
73 115 3273521.9142933954
73 116 26114673.52022843
73 117 17204174.580733955
73 118 18086.884183918628
73 122 2043930.2840345856
73 125 6029807.607342017
73 126 14167313.45045475
73 129 31349483.644152887
73 130 41551812.448270604
73 131 2123776.7198426644
73 133 8680824.385666637
73 134 98871.69386402896
73 135 3831571.8773363
73 137 47071836.06133623
73 138 39923980.81963854
73 139 8108173.149422033
73 146 1346701.071571801
73 147 20938864.554540824
73 149 25059822.791099153
73 150 15665513.463838587
73 152 14518582.276982225
73 153 4982324.849757825
73 154 36338769.36875917
73 157 32338137.606584225
74 0 50570215.32710618
74 1 212536500.84190285
74 4 211123727.79909557
74 5 8461126.098752758
74 6 1014612611.6111538
74 7 2538355515.572944
74 8 10605183.92268116
74 10 26922267.224044863
74 11 324695987.257707
74 12 9705295.815126266
74 13 320887.5553094891
74 14 114017965.29455914
74 15 4948195.154976717
74 16 1253945.6007990341
74 18 9158436.880024243
74 19 5423310916.16271
74 20 19520298.311479166
74 21 179014939.5725619
74 22 6651648.561690793
74 23 4063042.1712167826
74 24 18108463.888755046
74 26 2660737062.4499865
74 28 628777.742794022
74 30 592052375.5409498
74 31 1128327185.2857199
74 32 243041526.31238636
74 35 32982044.329417177
74 36 52613120.04131839
74 37 254126807.72484097
74 38 3391809.3376522674
74 40 1092372978.7455585
74 42 1093922.017993693
74 44 103720183.19649434
74 45 221011753.42297578
74 46 183534631.18638703
74 48 10102681.172341567
74 49 1465243298.9972684
74 50 5885419.964437888
74 51 2432536749.3805532
74 52 8410858.314461691
74 53 437585.4702757834
74 54 20586291678.131584
74 56 5000909.433899229
74 57 199767.15327491015
74 58 3149691.7333945306
74 59 494133.3409512712
74 61 3231836.4609625987
74 63 33062040.61447113
74 64 370573704.5435823
74 65 421898247.40881175
74 66 21545326.659666024
74 67 72419908.97627337
74 68 335290322.7817633
74 69 8977843.196386345
74 70 644812904.0479003
74 71 1050071055.8728939
74 72 639538294.4211057
74 73 424673.6044943572
74 75 98008824.65992352
74 77 31860151.484933298
74 79 1900601084.544301
74 81 9028338.954136817
74 83 128196183.36000662
74 84 50059069.21270158
74 87 295498.0910779411
74 88 2095619.6292051752
74 89 431740264.5166355
74 90 5349257.329668698
74 93 688581.458124621
74 94 8393329815.664039
74 95 16518592.577062396
74 97 36128305.66764417
74 98 15383879.968284134
74 101 10691813322.172625
74 102 93587515.99926294
74 103 14841984.816540206
74 104 4849657.261935562
74 105 386710624.80179596
74 106 14617881.254257303
74 107 30162007.03157914
74 109 12080351.629895518
74 110 21499944.511934713
74 111 26279578.44577098
74 112 130642989.3816821
74 113 1122525986.0336301
74 114 1070121347.3018278
74 115 1196177080.2617579
74 116 13473691.154918091
74 117 202790335.31534922
74 118 178604308.11282945
74 119 4327570.902485977
74 120 5173701.24328535
74 121 6164210.896719988
74 122 2749794.1016123546
74 123 517635.2581590561
74 125 2314982550.751656
74 126 81389431.35233006
74 127 556917.1694505102
74 128 1566965.245077883
74 129 9465469657.861547
74 130 251854286.26193637
74 131 827944022.3090973
74 133 4800595819.441648
74 134 139269320.20394418
74 135 7014284.378996348
74 137 1702151783.1122375
74 138 2632775227.4120207
74 139 61498475.06182341
74 141 1325281.0024706651
74 143 3296885.396342394
74 146 190951634.30014032
74 147 9024620490.212793
74 149 10908774.508450523
74 150 152377965.36507598
74 152 33943725687.018063
74 153 1001820.9368584569
74 154 36871153538.27909
74 157 106848905.47768345
74 160 23024463.4163693
74 161 1400562.5968527226
75 0 283147.7054647924
75 1 6062502.496722046
75 4 5403296.063625033
75 6 5115666.947313106
75 7 9606084.731484389
75 8 1254494.062679011
75 10 10259322.585916251
75 11 25809021.26728303
75 12 1214554.5984945016
75 13 30489032.057021983
75 14 9876136.163075084
75 16 4200534.174627922
75 18 9855909.31555261
75 19 676654.239781337
75 21 1216729.4298070294
75 22 8376836.641954541
75 23 1629387.653788261
75 24 497155.25235806755
75 26 21564079.998122767
75 30 533223.4229813663
75 31 16051302.662861144
75 32 8123363.888477042
75 37 3002371.149549978
75 38 1864975.37873684
75 40 3448496.5285586356
75 45 36529078.8660325
75 46 106188.88849915283
75 49 8376771.954651357
75 50 531348.8698163542
75 51 9029122.446102025
75 53 1099773.781952033
75 54 2866100.6220676955
75 56 2039536.521637614
75 57 258252.99793878623
75 58 22039513.11634627
75 59 281587.19689053844
75 63 4422647.855358255
75 64 20898426.833389252
75 65 36874427.10538245
75 66 8607806.428295454
75 67 17695468.023800094
75 68 2626819.5281929607
75 70 18768430.47742896
75 72 12526738.296921674
75 73 7498812.809678069
75 74 12026250.35867077
75 77 23197751.93081895
75 79 28660433.991978023
75 83 3913234.3397936854
75 84 3837491.9520550175
75 87 1239746.414479439
75 88 5897412.713926565
75 89 11273299.396464186
75 90 3215968.077834395
75 93 5963230.248524027
75 94 3085290.657550225
75 95 6821918.602720818
75 97 513854.8796707061
75 98 4621659.138844749
75 101 19184348.646570116
75 102 8171345.19243376
75 103 5281203.3238545265
75 104 1386822.8806399805
75 105 7536131.919506774
75 106 107853869.46678561
75 109 2066205.1272394788
75 110 5993933.735136487
75 111 42738.678807819015
75 112 2975363.444314786
75 113 82071034.77028908
75 114 16623978.515657362
75 115 5027421.635314348
75 116 14114013.102438238
75 117 27262111.314092916
75 118 48382592.86444314
75 121 1425543.5664974623
75 122 143000.8935162875
75 125 14448234.237062603
75 126 7111996.052003917
75 128 10257334.389972253
75 129 71112086.85713255
75 130 7062272.397333421
75 131 33596701.52645056
75 133 35226620.652297445
75 134 5364656.412275744
75 135 17394696.031666435
75 137 24098347.298231464
75 138 32636557.107250907
75 141 1336143.9759901646
75 143 1707345.2906276337
75 146 1876730.2731398505
75 147 67867280.73735723
75 149 12787226.10332647
75 150 32073601.65285559
75 152 7500901.4168844195
75 153 957284.9728198546
75 154 46596779.72163661
75 157 25036952.571649387
75 160 5892888.440009501
75 161 7047138.810080461
76 0 6779129.751115138
76 1 110643566.37209405
76 4 22216563.259887975
76 5 432875.17929784604
76 6 12549480.933377827
76 7 647312049.9790556
76 10 112301894.08018687
76 11 2852802.078582019
76 13 16591350.840332
76 14 123356535.62951371
76 16 5989273.659151104
76 19 218385215.20108673
76 20 66235224.32322125
76 26 8344817.035861013
76 30 129084133.4807412
76 31 80443119.1560411
76 32 122061931.38625284
76 37 146037556.83624595
76 40 474445724.137885
76 44 65194364.97473203
76 45 63827367.07972317
76 48 1804558.213866067
76 49 5756539.011697799
76 51 223470742.75275433
76 54 772134931.0475411
76 56 64374450.03841316
76 63 5244257.381531282
76 64 146717517.86789453
76 65 23952394.347541045
76 67 323144382.5239459
76 70 127088926.52881147
76 71 160838524.8942126
76 72 141240753.30919078
76 74 1172067878.3095627
76 75 72329018.49105807
76 77 98197414.99490674
76 79 252299338.82037392
76 81 3922924.2974973917
76 89 139254943.0169767
76 95 17849185.353721898
76 97 42155970.786629185
76 98 7017644.649831356
76 101 206552592.08701238
76 105 23824892.32863525
76 109 1717406.849036773
76 112 54095620.12738314
76 113 36482073.80866202
76 115 58667410.134914964
76 116 106915093.59740612
76 117 276359935.1591783
76 118 7776410.601206199
76 119 2278801.657421533
76 121 177530.9509802446
76 129 162338669.88460574
76 130 2659127.5336493007
76 131 17900316.867499318
76 133 402174665.94691455
76 135 14008636.526381101
76 137 97848723.86647958
76 138 30960408.262157317
76 141 14584486.69604249
76 143 2862384.27055842
76 146 49894444.25869997
76 152 87423689.98839161
76 153 18297535.741375133
76 154 48561579.44520194
76 161 6860850.143175817
77 1 21680886.713407975
77 4 22791488.27891547
77 5 7741852.361280618
77 6 13915293.654706778
77 7 3003242.516338033
77 8 1474801.306796552
77 10 44411944.287921995
77 11 7422532.289587849
77 13 38252983.28569949
77 14 11040439.897429353
77 15 9782667.342341146
77 16 11966880.574180989
77 18 4757647.854364977
77 19 74909888.29588275
77 20 580227.2280964227
77 21 28300453.607411277
77 22 3678146.633003063
77 24 3190938.1391736544
77 26 18419693.63106614
77 30 16761062.73805672
77 31 26622467.291517276
77 32 30817156.945614144
77 37 18788941.449642982
77 38 19250309.210476067
77 40 13967793.805862961
77 42 622474.2676095496
77 44 3026838.8436154854
77 45 28234956.152582932
77 46 11129329.77902186
77 49 2387185.187442452
77 50 3087170.835079572
77 51 24991693.077242628
77 53 2559249.6402387735
77 54 21157271.871865008
77 56 21685606.633406576
77 57 2371813.0591919776
77 58 20239589.54799307
77 59 11704473.348812439
77 61 15920316.530041836
77 63 8542761.193815976
77 64 25950175.417325668
77 65 3507926.561775081
77 66 10551397.527047567
77 67 86327051.36072512
77 68 16721609.524980457
77 69 33803736.223131664
77 70 31862708.2651186
77 71 1831327.3482962246
77 72 91539924.82924905
77 73 3185453.363064529
77 74 29535690.213789515
77 75 12706858.047080085
77 79 35442546.68656495
77 83 2466721.787463239
77 84 60020431.74205111
77 87 2155927.381744069
77 88 10525809.770457534
77 89 6337712.610945064
77 93 493795.5935978805
77 94 32803347.575278684
77 95 221625.28415180554
77 97 30302546.183553398
77 98 7462066.486363901
77 101 28466465.924506135
77 102 16924960.480718065
77 103 19203243.728219166
77 104 4002090.4395126877
77 105 43424317.25233774
77 106 154035955.57999408
77 107 41522602.74572685
77 109 45059678.40320224
77 110 9428215.353589965
77 111 13563838.398580022
77 112 42897955.78168337
77 113 23717536.44404574
77 114 28415596.66198283
77 115 47467782.09415351
77 117 23708305.636150267
77 118 31183328.48160828
77 119 384549.0114611553
77 122 2413621.774397756
77 123 5569568.624993461
77 125 8584744.341760121
77 126 10420568.263618467
77 129 11612647.18043244
77 130 39193045.0960196
77 131 43263564.201689444
77 133 7723935.100696431
77 134 84011822.06465836
77 135 9431455.990612585
77 137 86094592.12312265
77 138 1830570.679791969
77 141 15394411.911514724
77 143 6402513.143669207
77 146 47536102.87964341
77 147 141115.682885308
77 150 222669.6958021303
77 152 2785688.3257248774
77 153 3781594.149767386
77 154 6875030.355991337
77 157 6174039.724285848
77 160 16538585.895330934
77 161 1677147.3043829864
78 5 1642273.4915758658
78 7 1763514.2527610373
78 11 20999.919149872745
78 14 428085.8649526413
78 20 226220.0228327793
78 21 716889.1280661019
78 26 785674.5033695131
78 32 430283.4357441664
78 51 1774555.312679187
78 54 743485.3379392411
78 64 174353.22066197582
78 65 1808141.8828196647
78 66 1457233.346197707
78 67 1779810.128248473
78 68 305871.23991138587
78 70 962309.3233317385
78 72 107588.88823534807
78 74 710210.9660241844
78 75 401051.7337825657
78 79 854773.0966820804
78 94 325959.81050370075
78 97 424209.4368569651
78 101 82750.28093437427
78 106 179254.40402673124
78 113 103493.08125239276
78 115 3485118.9054087023
78 129 77474.48866437089
78 133 576999.7814605375
78 146 533524.9624424492
78 147 293601.583436104
78 152 231916.34934579884
78 154 991506.3236793089
79 0 1786866.8761471764
79 1 693809821.8224382
79 4 135827308.08808175
79 5 4536734.093886588
79 6 259212003.81001323
79 7 1270010901.5637445
79 8 3707363.629549711
79 10 52691450.521230154
79 11 76945839.95310776
79 12 8209711.446804031
79 13 86342354.68111415
79 14 73497654.62185608
79 15 34563.45713992382
79 16 4842832.304262189
79 19 2963043977.2343884
79 20 13207349.727668814
79 21 79835415.95112132
79 22 8937015.59538913
79 23 205627.47347729467
79 24 4496950.8613029085
79 26 4064420351.4930654
79 28 727799.180370191
79 30 201275642.16463333
79 31 3561559711.609936
79 32 104087281.35966633
79 35 12897383.932268316
79 36 6508113.034421872
79 37 208679447.21732983
79 38 9913267.3303512
79 40 3800941756.7694407
79 42 204495.11361218477
79 44 49835468.90072838
79 45 56702001.40865254
79 46 49428332.99627654
79 48 889656.0828712584
79 49 1502665535.1678877
79 50 16761547.779230228
79 51 954237585.7581007
79 53 3974661.0999967414
79 54 7138605385.0725975
79 56 1649782060.5873032
79 57 2412863.845823173
79 58 16867665.23421411
79 59 17222244.12923721
79 61 9013803.074868113
79 63 38995585.78998518
79 64 1883755712.3687444
79 65 873186967.8347235
79 66 47572774.041016735
79 67 726100785.7627866
79 68 783579356.3188756
79 69 219723607.04961205
79 70 1737900962.6710093
79 71 138903852.48952615
79 72 175268946.32135078
79 73 176455428.42384544
79 74 12962687903.349056
79 75 69276301.81637731
79 77 34356129.9028038
79 81 4346561.634288763
79 83 280510150.7811306
79 84 16988746.31937064
79 87 8041270.39970787
79 88 5705230.7620399725
79 89 188293101.58085153
79 90 1670283.6030167462
79 93 21771907.49192571
79 94 6042162933.654015
79 95 9987268.64310701
79 97 83946536.41459794
79 98 3952208.1099533574
79 101 19077012601.96064
79 102 220785197.46303496
79 103 3346754.410300949
79 104 704067.0635758853
79 105 123487978.95921053
79 106 680565112.9050436
79 107 55282493.954281524
79 109 81110885.61303449
79 110 30704175.81123833
79 111 55045078.58601862
79 112 139198455.93349156
79 113 215214429.55168748
79 114 364321586.6302081
79 115 1137809166.1578956
79 116 34370002.35620396
79 117 510471121.7418675
79 118 1321411848.2458262
79 119 8433687.491069485
79 120 4028579.48623042
79 121 7094474.883274961
79 122 1170528.5176983615
79 123 910920.5795425654
79 125 65600957.752864055
79 126 6300983.725893532
79 127 3734295.086328444
79 129 339610145.0711134
79 130 334045970.2517079
79 131 303286249.60674644
79 133 8113982243.199815
79 134 6369510.99809254
79 135 7836726.250427966
79 137 139325368.08144096
79 138 154937475.1905247
79 139 96229281.99940377
79 141 19627742.057624552
79 143 72186.83929064439
79 146 583597942.2606283
79 147 884568433.5115254
79 150 764293313.8096495
79 152 2275437382.193014
79 153 173482623.80804732
79 154 1842113044.5833876
79 157 106638698.202389
79 160 5964654.37471819
79 161 37480004.857931435
80 1 253701121.80999732
80 4 107688622.94854166
80 5 9834353.47142286
80 6 376664766.9855126
80 8 9737872.678142143
80 13 143493747.72873303
80 14 562700316.5188606
80 18 31700572.629465282
80 19 3411016.9714978244
80 20 30044571.733053107
80 21 202419622.0579319
80 24 12224875.91484973
80 26 335118766.8604839
80 28 52849.976474461306
80 30 43292030.14888916
80 31 135534673.0529475
80 35 98550166.28904521
80 36 54371657.38702837
80 37 68739578.80758792
80 38 35006027.04236398
80 40 711864570.7929075
80 44 172129132.38530532
80 46 91236584.60940337
80 49 108883890.70469461
80 51 546923621.7341908
80 53 1029046.7543931484
80 54 427008605.4010507
80 56 85663134.06711365
80 58 51592598.443616346
80 63 7344635.273588664
80 64 455859742.1121418
80 65 284197393.57091707
80 66 4547698.0868862085
80 67 61345395.595274515
80 68 127349032.9054508
80 70 412517190.72545654
80 71 95898098.22966518
80 72 128879779.29897289
80 74 22528986.45527168
80 77 43807002.143530644
80 79 255475907.3926568
80 84 75216613.31308614
80 89 376110787.3714134
80 90 1469424.489359375
80 93 10130328.97563172
80 95 16809255.961626433
80 97 152788080.885715
80 98 2239294.595133099
80 101 46095555.90822202
80 102 26846734.134106454
80 105 16863247.845363233
80 106 201033666.00360742
80 107 162053012.24446884
80 110 2516262.9998382293
80 112 16982536.282889098
80 113 159718453.69009146
80 114 5226591.046408013
80 115 285792312.5143378
80 117 572239810.4122558
80 118 1298461036.2180643
80 119 7810808.71602026
80 120 6023620.119969335
80 122 1473429.9485504222
80 125 129097826.80943614
80 126 55567677.41718786
80 127 3781992.4217743664
80 128 864676.7345030353
80 129 46859635.45413265
80 130 16149650.905868856
80 131 293773629.721799
80 133 97967088.31193916
80 134 34192831.61070226
80 135 18726625.122951005
80 137 70755906.21551596
80 138 864231710.367426
80 139 29055767.809000693
80 141 8860469.453589285
80 143 8109878.598968199
80 146 196951129.95131654
80 147 16114090.493105704
80 150 12623683.743267864
80 152 113180609.35442784
80 154 80254426.98872676
80 157 59029470.91411514
80 161 35486603.61741841
81 1 20873.083101081527
81 6 8396942.344370684
81 7 725512.5939292046
81 11 2238889.479489318
81 12 1071529.74262324
81 13 13502812.252691388
81 14 14016562.275190908
81 21 8789256.684635516
81 22 3209911.3719965313
81 26 12231490.523009919
81 30 10028385.583825177
81 31 9178478.406903813
81 32 2833516.445719541
81 38 792410.02037037
81 40 2319706.714336578
81 45 880488.913336195
81 51 9731837.115134837
81 54 213126.12320405658
81 56 6436048.231803571
81 63 436291.8663267621
81 64 2711366.9797440274
81 65 2261899.0479045114
81 67 3178.7362579910587
81 68 7071790.0907998495
81 70 483689.1768607205
81 72 222224.15408745297
81 74 17251713.18935325
81 79 4376496.9510969
81 84 24809724.808177784
81 89 4541608.907960074
81 94 9515662.812221855
81 95 956837.6916461871
81 101 1250141.7638973666
81 102 7592151.532277979
81 106 2385920.4191433415
81 110 4007924.0632783407
81 114 5317298.046824738
81 115 26170.066043550232
81 117 2777302.6015940886
81 118 1752417.5020731415
81 126 4034312.7340412983
81 129 24258136.230292324
81 130 7572927.562247726
81 131 2703961.2308068615
81 135 3360397.9213946196
81 137 724940.0745775498
81 141 1427431.0912382116
81 143 1475729.6848462962
81 146 3995680.003211912
81 147 809802.7958128405
81 149 1050308.1181940045
81 150 10221084.232761662
81 152 1884249.806360581
81 154 8251141.623708408
81 160 3974295.0050467434
82 0 770222.6266556471
82 1 2099608.110761965
82 6 38827.68959839226
82 7 1672556.9290958578
82 11 1337532.3436270924
82 12 1524097.589258545
82 14 1834134.5532833885
82 16 721463.8579787425
82 19 1875399.3306660128
82 21 1183651.564688317
82 26 7146673.077297129
82 30 447345.64012482564
82 31 189026.16401412577
82 32 3835509.568387665
82 36 1906151.5748286326
82 38 637415.4928378189
82 40 1790095.8974881275
82 50 3920497.480524455
82 51 7718403.10336417
82 54 874970.1256222709
82 56 4580689.115556374
82 58 49757.02526680355
82 63 1706077.0543170169
82 64 2477476.1599856326
82 65 4440330.678553969
82 67 367015.2529830058
82 68 1306080.973399846
82 70 2851733.0688545243
82 71 483055.12588743377
82 72 191899.74334169045
82 74 8170192.746945632
82 77 2016620.6248257596
82 79 413794.32312290743
82 83 1041751.315703376
82 84 1988560.5791569324
82 87 2228668.137661529
82 89 3180172.4851082107
82 94 1966721.3660091904
82 95 1719534.2855876773
82 101 5142412.792608594
82 102 712318.7504146876
82 103 3924644.1412698
82 105 4383109.222128722
82 106 141613.28338742192
82 113 2627179.1880110153
82 114 6136529.87121102
82 115 3995952.8557337644
82 118 6289349.593964775
82 125 1149034.9868661813
82 126 278140.24296675524
82 129 725455.0358285081
82 131 4635281.493548174
82 133 2352964.533546267
82 137 5410181.3707185825
82 138 6796642.908953087
82 143 2982215.2455246625
82 146 2228763.7407941767
82 147 1376262.861492106
82 150 1036920.0361674319
82 152 3655866.904490553
82 154 5066796.977843317
83 1 828405.6935328535
83 4 55068733.15586658
83 6 10139263.931448944
83 10 16806936.27664864
83 12 38533255.80959779
83 14 1795453.404980811
83 19 55706561.03245295
83 21 12633353.426328171
83 22 5212603.078634276
83 24 2258129.724154561
83 26 150272544.49676695
83 30 4760102.434872825
83 31 9747022.619682457
83 32 9155666.29705451
83 35 162458227.42961162
83 37 2837130.6121851443
83 38 24979085.569306634
83 40 23927120.29456237
83 42 1843802.1448053324
83 44 94080384.74787661
83 45 28523689.6303063
83 49 18775193.786048982
83 51 44790142.024550654
83 54 46380266.970411904
83 56 87286110.6928612
83 63 15267692.685131686
83 64 116619076.33710177
83 65 29827927.421525717
83 66 27055851.466459855
83 67 889610.0745908938
83 68 14050358.931778872
83 70 15361899.642227806
83 71 26868069.296855785
83 72 36370429.57692739
83 74 68253637.13536997
83 75 6571030.674719776
83 77 4043374.9769599508
83 79 10399681.843108412
83 84 70956217.38079159
83 89 64400490.20811924
83 93 47125408.60414997
83 94 125819163.2351909
83 97 92457716.47315861
83 101 135813777.30597815
83 102 16228710.547380159
83 105 167315809.2859009
83 106 48428523.61581738
83 109 14897420.904648783
83 112 1433310.5948613188
83 113 2520922.0187841146
83 114 571879.8257923177
83 115 21306565.12858022
83 117 19022834.015213087
83 118 14998147.379554851
83 121 2025440.0947065523
83 125 41054265.98358225
83 126 14431168.29815564
83 129 8462482.11406585
83 130 166956009.12152395
83 133 18797557.833867714
83 134 227844.5677454599
83 135 657770.1603568264
83 137 54921706.85339203
83 138 18493805.9749285
83 141 4160728.8767751283
83 143 1546134.1229916632
83 146 110355995.40079744
83 147 40163385.7275534
83 150 1397543.8369981213
83 152 82669407.09228271
83 154 12330870.329644704
83 157 32944743.874524757
83 160 23123311.365729995
84 0 5697255.552245738
84 1 12720930.500817211
84 4 1012713.8670474194
84 5 646797.3359888735
84 6 25551984.20149615
84 7 18107447.701225504
84 8 11564571.55704152
84 10 2608157.585959516
84 11 1385751.1151937076
84 12 138402.50663716788
84 14 10662604.373512262
84 16 3699256.2290497
84 18 6687167.699926009
84 19 4383315.1021323865
84 21 5551930.607366546
84 22 1132001.8132448117
84 23 2438530.6576876678
84 24 12878984.754132818
84 26 5501554.40944632
84 30 12307970.402602544
84 31 5577434.278314394
84 32 5414579.249964905
84 35 2279412.029715845
84 37 1308063.8739108087
84 38 1114387.0174928736
84 40 6347315.282286908
84 42 4071808.2186333556
84 44 3418086.7701688753
84 45 15372819.250462774
84 48 75053.64749159831
84 49 16552964.06523559
84 50 776726.3586451756
84 51 18174543.322511133
84 54 8240999.003403417
84 56 19075644.48839217
84 58 11789869.84649593
84 59 19018064.46133814
84 61 3496342.91150162
84 63 6240827.104564413
84 64 2297158.777252023
84 65 10577238.528172081
84 66 11996930.869777964
84 67 13496239.62836746
84 68 4491348.292287801
84 70 3276811.569117218
84 71 33772770.58740647
84 72 5647791.479263973
84 73 3430912.9726279816
84 74 9037217.58161452
84 75 10947880.19204847
84 77 23771878.1560074
84 79 1116771.9574254937
84 81 4627467.575256258
84 83 18100143.730287228
84 87 1846477.132889451
84 88 783343.2814431546
84 89 976781.1739506304
84 93 20338869.762711897
84 94 19476404.60401368
84 97 11136822.608380068
84 98 763668.0323084971
84 101 14308906.871369002
84 102 7438243.2120936895
84 104 1357014.3013531533
84 105 11276155.59359454
84 106 19926231.39153969
84 107 984593.215986286
84 109 4056590.0056361635
84 110 8480587.061715268
84 111 6632816.629656106
84 112 8608540.510974659
84 113 15338472.314722585
84 114 20721681.690846335
84 115 5681340.2124724975
84 117 7337052.255245265
84 118 26676966.057066962
84 119 254952.06134222218
84 121 133258.73475716045
84 122 1522740.900919401
84 125 2435992.6993783056
84 126 24654624.549415197
84 128 6389401.199417517
84 129 17006897.856570765
84 130 9261530.571062217
84 131 3803865.686929323
84 133 13051527.948666163
84 134 21664126.199479908
84 135 1063209.9055286308
84 137 579038.3260595683
84 138 11155429.153869536
84 141 5055550.277778665
84 143 376095.84690644377
84 146 29855748.78914682
84 147 30230752.998626497
84 149 1356097.323124105
84 150 61896301.81859085
84 152 4768010.844800784
84 153 11083907.571284758
84 154 314907.20719565573
84 157 32884744.04210008
84 160 2166987.229060873
85 1 9900672.487922927
85 6 99746436.86189027
85 7 22066818.71312842
85 8 9457719.500715652
85 10 20629810.229414724
85 12 8966349.208860863
85 14 92633075.3483655
85 16 3529513.734536172
85 19 76165274.51941009
85 20 84429404.6658395
85 21 2313858.746282386
85 26 173438258.33126497
85 31 53523600.28751665
85 32 264966130.56330183
85 36 2253403.5518050357
85 37 190734972.4708204
85 38 8730463.677762968
85 40 96492503.24779277
85 42 1213615.3772291015
85 45 276776136.3064396
85 49 97160146.50507797
85 50 27733629.34124224
85 51 29060909.870723736
85 54 59170816.00497525
85 56 164745427.46541217
85 58 36376217.44263784
85 63 33508532.045198385
85 64 136365564.8635374
85 65 120093137.2064446
85 67 9907626.872674286
85 68 306065882.3837741
85 69 70405565.876936
85 70 42803938.97852168
85 71 172996139.01563537
85 72 83972750.97245057
85 74 199801878.67625362
85 79 274108190.55193776
85 81 7279352.153068448
85 84 34790759.36115843
85 89 55191724.605197266
85 93 12610040.674371932
85 94 175695740.21144658
85 97 98909838.67398764
85 98 7308643.645426896
85 101 483193619.3809021
85 105 3076129.4986664234
85 106 15363952.295263192
85 110 2754948.095681995
85 112 130057759.5507679
85 113 562151042.3239803
85 114 102674340.60564837
85 115 76941406.75025733
85 117 50234285.36501519
85 120 3145266.542981397
85 122 325521.1734885731
85 126 4306710.162637048
85 129 95482665.40495747
85 130 25569676.178403217
85 131 5705072.462148948
85 133 332344482.00317377
85 135 64534925.156819835
85 137 44802606.127349086
85 138 223771754.07118586
85 141 16558119.792927524
85 146 80063266.00486882
85 147 487444.96429319103
85 150 34573669.101337746
85 152 128532078.85425048
85 154 66162143.82659041
85 157 252593603.73287925
85 161 1153417.1680586983
86 0 4484911.164836233
86 1 68552717.07908691
86 4 16760324.009612951
86 6 4279560.8420912605
86 7 26903877.2187227
86 10 12444984.329022488
86 11 94758376.22052848
86 12 5828273.684360256
86 13 86638589.41178387
86 14 71105420.11729829
86 16 5134765.400630965
86 18 4734582.188762141
86 19 65124988.1258015
86 21 56624053.81697869
86 22 15928147.824880444
86 23 1583785.4894894548
86 24 8873227.544725249
86 26 10702855.637511618
86 30 8412210.530576034
86 31 101801430.58242208
86 32 91150185.4469766
86 35 58640931.74317895
86 36 37698468.49613813
86 37 4174427.690366485
86 38 1592827.3911127236
86 40 153963479.14196247
86 46 50826458.96218363
86 49 80948538.6865485
86 51 28007440.630628787
86 54 3801905.2623195993
86 56 264848567.7363292
86 57 4664145.549025765
86 58 53469557.573132634
86 59 9109305.212661443
86 61 4373343.6675722115
86 63 9979990.10319372
86 64 185638541.21303388
86 65 13554918.310137484
86 67 67156084.7265815
86 68 99496898.79952024
86 69 115499698.81575966
86 70 29099370.641978417
86 71 32279133.695900768
86 72 26363145.332352754
86 73 17706518.20220818
86 74 12671011.737795541
86 75 4592201.004647241
86 77 38667251.57001057
86 79 65674639.06484472
86 83 121943517.34185879
86 84 42304319.50827894
86 87 4138756.3300370406
86 89 25010359.848113418
86 90 1878058.4644086189
86 93 3238011.3915369054
86 94 468944.74973082385
86 101 144541903.90721974
86 102 9801928.576862961
86 103 49695140.40796878
86 105 74416105.52305038
86 106 134605278.16915056
86 107 80364179.85676257
86 109 27797950.81976068
86 110 16322190.624175554
86 112 28366565.139138762
86 113 69827405.94835977
86 114 61237655.31975295
86 115 133500798.69276877
86 116 44893643.337256946
86 118 202119946.43459114
86 119 431413.1079248962
86 121 3085538.906993083
86 122 1705383.589166337
86 123 849434.9935004333
86 125 94681815.57672241
86 126 13719953.194428587
86 128 321455.4959972498
86 129 70371328.53267764
86 131 109247817.91569857
86 133 563004973.1586584
86 137 167530239.68644282
86 138 5274414.54894285
86 141 15783379.967191389
86 143 5065424.564259849
86 146 18548159.05493872
86 147 76514350.41409625
86 149 18427052.663348496
86 150 92593414.70013626
86 152 153682604.47803414
86 153 21331242.637518086
86 154 25362032.334567547
86 157 49200984.91651627
86 160 16469612.061162326
87 0 2991545.0166943083
87 1 2931042.2279126425
87 4 3978086.8207697
87 5 236663.24878166747
87 6 11024078.288250547
87 7 380298.5076799295
87 10 1711888.8466844817
87 14 27638879.204847336
87 16 3274176.14544418
87 18 12114523.206914196
87 19 26103084.76236622
87 21 6220651.69893024
87 24 782085.1701810271
87 26 12242648.421603907
87 30 2486824.3651337936
87 31 23294418.52373855
87 32 2105456.2381090503
87 35 1241076.6386116962
87 37 13802634.196328439
87 38 4219848.870655113
87 40 1217655.1530744229
87 42 691817.5715946386
87 49 4138910.7353584156
87 50 14720303.572501427
87 51 1129642.7650853079
87 54 10965724.775397994
87 56 8196372.843076817
87 58 17732319.02260392
87 61 849369.059045776
87 63 10674458.160169814
87 64 2296807.5243801973
87 65 23372140.49382665
87 67 14698704.064654876
87 68 8418803.751502587
87 69 22654779.944356613
87 71 15974538.444288755
87 72 6932918.29681031
87 73 8754921.546248695
87 74 3010501.342787026
87 75 10489481.193489289
87 79 1720599.186955007
87 83 5322885.874514078
87 84 34145002.003709994
87 89 13916625.030522058
87 93 4744378.994603476
87 94 13110125.702161023
87 95 6805674.596091903
87 97 8568379.294691147
87 101 9441187.465344753
87 102 28707264.523392264
87 104 1032867.1636786337
87 105 28768607.77430954
87 106 31630360.695177488
87 110 2533319.153539919
87 113 6748463.200005315
87 114 96890.75185181948
87 115 1424452.4890335782
87 117 12538940.37459253
87 118 3001389.401393297
87 119 4230052.109860114
87 122 884999.1621853587
87 125 18201838.342590038
87 126 1008196.6046587352
87 129 1735270.186680744
87 130 3016167.842777329
87 131 7922270.902458364
87 133 2111389.643100034
87 134 2415232.0923591233
87 135 5531323.002183453
87 137 9036959.944075277
87 138 7082592.0221005455
87 141 8567830.201216089
87 146 14504861.940879393
87 147 59616626.2997215
87 149 5879262.983968559
87 150 24614966.449717548
87 152 29034248.299686164
87 154 19306265.05189092
88 0 1904107.602226207
88 1 10013373.777725935
88 4 1118538.6274315976
88 7 2201469.3789902763
88 8 673624.3186970395
88 10 2152695.9446561392
88 11 1187782.8036158967
88 13 17511975.919713624
88 14 4541388.663874536
88 16 3990963.855840374
88 18 6986753.932897191
88 19 16772368.26044511
88 21 1707352.423391471
88 22 2856.69500469135
88 23 282209.1832700395
88 26 1907616.248916449
88 30 247931.22071069755
88 31 5748652.14108647
88 32 2174364.4659311688
88 35 3084310.632000249
88 36 69749.64829216251
88 37 12233772.400132934
88 38 586848.4231638064
88 40 2888275.053836155
88 42 16283.100694387322
88 45 635049.222854921
88 49 6751182.030548194
88 50 1074633.509959004
88 51 9549638.368126556
88 54 484029.58958225563
88 56 4637368.548325239
88 58 713908.0780872899
88 63 2146008.316712239
88 64 7424509.721471386
88 65 1028464.8333026113
88 66 5432266.299641421
88 67 11429642.222622227
88 68 2865729.8902477133
88 70 8367706.202660383
88 72 9124043.47279476
88 74 507223.91455554013
88 75 17110171.481659338
88 77 2185985.4191953517
88 79 186807.4082271464
88 81 710317.2376659631
88 84 1844084.0950095633
88 89 4499843.31750214
88 90 1698458.2248331166
88 93 10207533.723646523
88 94 1123373.9537354447
88 95 11878837.929939732
88 97 4604586.249087694
88 101 9170799.167895248
88 102 16960404.88284761
88 104 151686.15831920962
88 105 7048967.760120496
88 106 9641080.807759482
88 112 19232230.713837907
88 113 3980980.9724757816
88 114 3024707.398739277
88 115 12141375.03681858
88 116 1370713.984152786
88 117 4911994.394366068
88 118 1854283.7944756146
88 121 747630.8096224123
88 126 3198312.439079231
88 129 924736.8323851456
88 130 4696996.010820666
88 131 6835424.573867225
88 133 16632589.598067394
88 134 7844651.34539976
88 135 1536160.8337970583
88 137 16472247.317885472
88 138 2638469.4467797684
88 141 8113132.902052476
88 143 546716.193307442
88 146 7420167.282047315
88 147 15909495.752475265
88 149 1316063.511785085
88 150 5453550.527796746
88 152 4059467.4306784677
88 154 4443918.281485258
88 157 515232.77655365487
89 0 15294172.597045537
89 1 187056155.0573739
89 4 36148001.721177615
89 5 13166065.22684538
89 6 514502194.5351165
89 7 194004454.82620254
89 8 12685566.136133203
89 10 15098087.210587468
89 11 332048327.3835321
89 12 2453354.5188737493
89 13 268044549.64424092
89 14 70341711.08358267
89 15 10685088.852981186
89 16 22055238.432069726
89 18 6058258.293446338
89 19 450776928.3285476
89 20 8784332.45917208
89 21 242351010.20249787
89 22 6147205.511706562
89 23 3390007.662747277
89 24 22003122.604836114
89 26 1042511000.4275074
89 28 3441906.5160138933
89 30 433935325.90514094
89 31 8587988136.636331
89 32 274074855.6311184
89 35 187068082.32264063
89 36 13914070.571037887
89 37 27965314.77094363
89 38 68501643.30026306
89 40 909506892.120291
89 42 1779891.976852567
89 44 124892172.70675704
89 45 4762836.399781966
89 46 95321346.30668294
89 48 6294637.176840781
89 49 6087910.533858772
89 50 1991232.8934349574
89 51 440054582.0572206
89 54 969836280.8536204
89 56 422497292.5125252
89 57 324065.23295897385
89 58 26919675.389055982
89 59 9808419.015994588
89 61 11269135.799674883
89 63 2275951.225106121
89 64 1836709150.1443362
89 65 384654633.97100645
89 66 53117727.20992847
89 67 894664010.2018037
89 68 1033779358.2486428
89 69 450029477.40071887
89 70 3957507415.76084
89 71 931333706.4748167
89 72 53722233.99440039
89 73 118801191.11440387
89 74 762935538.3508193
89 75 8146734.291674597
89 77 4571520.901792729
89 79 5502257957.032295
89 83 50797832.035495326
89 84 232409958.743259
89 87 851536.6283852727
89 88 1369112.9140825751
89 90 2615705.4190420117
89 93 74459265.3872718
89 94 1458905545.2442172
89 95 12552810.709748764
89 97 68592249.14400698
89 98 4802104.103044551
89 101 3760271228.234945
89 102 142804438.53367117
89 103 5275249.870359448
89 104 4753272.619682686
89 105 166393862.1223939
89 106 309045087.8752341
89 107 805534.7372897461
89 109 121426313.04453902
89 110 24662524.077766463
89 111 12209244.132812517
89 112 236043912.34151095
89 113 2460264682.373962
89 114 934683719.8419224
89 115 2246849740.468798
89 116 31866727.165014714
89 117 260170331.45129856
89 118 460885361.622271
89 119 871494.811220243
89 120 2055351.496708641
89 121 529053.5241114026
89 122 3356268.5465110065
89 123 66709.58285362337
89 125 63424674.133633755
89 126 116183287.9720395
89 127 1274811.169711454
89 128 932352.525625653
89 129 3241962519.0554023
89 130 6812462.91327786
89 131 482053053.09357935
89 133 3457683520.5132704
89 134 67335733.42824185
89 135 38402342.24005899
89 137 1391073144.6099825
89 138 3447142728.6709523
89 139 16052789.110002192
89 141 17822040.26304814
89 143 4082492.840362462
89 146 125778342.26224187
89 147 161027927.33994323
89 149 11809680.090499109
89 150 7751973.790703117
89 152 2134188691.382304
89 153 6741429.102981662
89 154 4765102721.431054
89 157 191437316.4914096
89 160 20843465.139250983
89 161 421315.6817587078
90 4 1772778.6702235222
90 6 2092242.4249079379
90 7 2379876.472720774
90 13 2267197.5138863754
90 14 4204896.980203161
90 21 1973270.3670644537
90 26 1663462.0528720715
90 37 8188293.962270952
90 40 6226441.309315198
90 44 788695.8959805823
90 51 8520283.485542407
90 54 7431612.966952894
90 56 192880.69857428176
90 59 517404.23242349573
90 61 3153702.965766496
90 63 2411726.9464787184
90 65 3587573.366724648
90 68 1449800.2583064653
90 70 2510240.971021229
90 71 5911091.26547645
90 72 3956568.7416018867
90 74 8796889.304501692
90 79 2301430.5715909926
90 84 2747339.8216180243
90 89 1065973.8298170783
90 98 187380.2164538216
90 101 6533360.563210104
90 105 121249.99199244012
90 106 9912982.041543748
90 107 3962813.474697889
90 113 862503.4974839183
90 117 4390744.823807183
90 118 2546959.569972151
90 125 314338.7578598978
90 129 410760.38259005983
90 130 430157.27603203827
90 131 5073496.358394651
90 133 8760653.030872831
90 137 1855316.3101359135
90 138 2348346.7431338076
90 141 1142229.6198409898
90 147 11294234.602637732
90 149 3766872.0963004883
90 152 783077.1866456195
90 154 2205627.608948882
90 160 9356483.707052985
91 1 2501632.5618814365
91 4 1558507.8542167193
91 5 1276684.1234999513
91 6 4357120.185829478
91 7 886274.5155509467
91 10 1684515.8046943105
91 11 1058372.9046414408
91 14 516732.8050487871
91 15 8190904.879894772
91 16 1552430.0468941627
91 19 7807397.698201528
91 21 5457117.450952498
91 22 3174931.696093922
91 26 2745290.734171428
91 31 1434644.1416642196
91 32 4066240.8860962535
91 35 8500550.91887614
91 36 6585064.288896043
91 37 1039280.5299769643
91 38 1245893.2514515384
91 40 1150422.1077553758
91 44 629749.911237382
91 45 3356154.7925599404
91 46 96592.97669620466
91 49 2593406.6792820673
91 51 3240606.902028838
91 54 1970537.5418521068
91 56 1107853.16206896
91 57 356185.5210790689
91 58 3331817.925005573
91 59 1280246.8932430753
91 63 1576094.5776897287
91 64 2061264.105798286
91 65 981845.4664495639
91 68 2616951.8784350823
91 69 63567.7534512516
91 71 4948135.1907065
91 72 967533.1662146809
91 73 1204954.776075512
91 74 636292.4970777656
91 75 3742376.025762892
91 77 1648726.0427158508
91 79 6910803.3209349
91 83 1033915.4963825322
91 84 834966.197781638
91 88 10198506.390619176
91 89 598308.4737254637
91 93 4515124.480011288
91 94 7752227.041212712
91 97 4300859.667374299
91 101 3900448.973630926
91 105 155140.23525136366
91 106 677046.151730301
91 111 1006118.2522960772
91 112 555563.3018594582
91 113 8605331.184080662
91 115 3047138.9286006945
91 116 3761999.0109067746
91 118 4653482.873482559
91 120 2080324.2462386223
91 123 1287750.5124305815
91 125 326813.6602812578
91 126 954522.0476045143
91 128 1470944.1405115128
91 129 889599.0780048756
91 130 3893352.358233913
91 131 1371734.4969888423
91 133 4516279.676704503
91 137 3458965.630965529
91 138 10405575.488101583
91 143 1032463.2423410823
91 146 5144916.755045454
91 147 903201.5284008906
91 152 9484957.133238789
91 154 4800635.481193432
91 157 851006.7663402393
91 160 894061.7399426043
92 1 10422112.313800186
92 4 5696287.9238201305
92 5 27496359.810947433
92 6 11875190.70616446
92 7 10140314.594627682
92 10 21517446.48279937
92 11 3922788.3273040014
92 12 3998596.42501998
92 13 16222585.830056014
92 14 419936.8368404004
92 19 3512961.442890264
92 20 2066952.6964781599
92 21 400517.83255304286
92 22 2615421.742157911
92 26 1686919.0519347254
92 30 5824822.113369328
92 31 4210910.5182819385
92 32 9957014.914676545
92 35 13684994.293521382
92 37 5472434.954264704
92 38 7572595.981971821
92 40 1342936.8489207253
92 42 2097269.0725955423
92 44 14253751.446882369
92 46 590243.2990917444
92 49 11526230.171350516
92 50 6374617.546349886
92 51 5878194.064346482
92 54 7034887.325930454
92 56 14551240.618030937
92 58 6921899.542639495
92 63 1276577.8866825772
92 64 6588257.164277172
92 65 40688226.15778822
92 66 434420.851498079
92 67 1850123.6408117912
92 68 3933404.9803348165
92 69 16385732.575489566
92 70 6514999.35259832
92 71 4331871.064900466
92 72 439417.25008119806
92 73 3688396.225370993
92 74 757436.4196152425
92 75 12415269.023636729
92 77 2816937.1787828878
92 79 5044907.819371006
92 83 7716421.895471273
92 84 2140139.4500115667
92 87 1433038.5772386712
92 88 1817305.6485518508
92 89 2907672.4984071925
92 93 15847172.762588527
92 95 14871566.067225758
92 97 4706652.439699038
92 98 3126282.3262158814
92 101 10923333.175543286
92 102 20220610.742096193
92 103 18181957.224867065
92 104 3024726.11924086
92 105 7705958.533565275
92 106 6799954.366341325
92 107 19732845.670087297
92 112 7030351.341039348
92 113 1630820.5452086106
92 114 936706.4100810909
92 115 2921485.071527735
92 116 14811727.079187538
92 118 989301.0268752178
92 122 199376.25615215392
92 125 6120460.477078947
92 129 970914.3575878355
92 130 6272532.513695765
92 131 7572285.875023867
92 133 9386944.439618075
92 134 8541351.287098631
92 135 9680391.138230264
92 137 8667450.803786762
92 138 5671082.212656865
92 141 13440097.820310194
92 143 4285501.862486283
92 146 162714.04864674076
92 147 2146277.3530604998
92 149 1199840.9152767963
92 150 3322948.9945846056
92 152 803013.7157840654
92 154 3775631.0275353747
92 157 1485081.7151678558
93 0 3562085.300180138
93 4 25392495.297479913
93 6 46851031.76937576
93 7 21246438.93062375
93 8 144973.3345742999
93 11 16604363.848412525
93 13 1784030.941019346
93 14 5422903.035483534
93 15 386984.3296225503
93 16 9959499.24737363
93 18 7096075.572046931
93 19 51112375.33188776
93 20 1557167.7837862927
93 21 39016693.025372624
93 26 4915844.822960158
93 31 107068045.94037801
93 32 21085167.11170761
93 35 7019065.80022283
93 36 336128.4339866754
93 37 8475985.880625926
93 38 7220934.763431084
93 40 7816697.731538497
93 44 1710639.3900544278
93 45 14414862.42414228
93 48 3673274.372828865
93 49 8952872.330467857
93 50 15241147.824412568
93 51 9029594.021531563
93 53 2028336.1819213906
93 54 5499359.574204448
93 56 3728489.169380983
93 57 968312.7666851031
93 58 7879926.162035755
93 61 7128301.451898598
93 63 22618493.55248718
93 64 16412955.821511215
93 65 18263314.08810335
93 66 13927500.693859551
93 68 3362569.3385221213
93 69 12553335.796207879
93 70 32466818.025770877
93 71 100789407.34777544
93 72 22879860.162999436
93 73 10060001.91729096
93 74 6722345.9813366085
93 75 24858291.95146299
93 77 8378356.489910799
93 79 17136678.06308597
93 83 4085846.3878252185
93 84 69918837.59164117
93 87 5488166.45054245
93 88 2900373.3433200265
93 90 1186519.739871094
93 94 578909.9969324549
93 97 13983972.420352662
93 98 15398826.396763232
93 101 76199.54575529924
93 103 2511217.301001238
93 104 3310285.405658439
93 105 2949797.3825996406
93 106 12523256.36444843
93 107 3864741.4623257644
93 110 9565321.97901727
93 112 14990385.122776276
93 113 136988410.00459203
93 114 27227894.395866122
93 115 1927318.7513337792
93 117 17782641.103954446
93 118 146756422.9418903
93 119 1070736.065337663
93 120 5267793.235002817
93 123 409170.56802686374
93 125 19396535.625449542
93 126 17926362.699135516
93 129 11050052.907629844
93 130 79650806.12703428
93 131 12786268.153591758
93 133 13231383.939831093
93 134 11564789.63612388
93 135 11514103.420124095
93 137 7869937.744864938
93 138 2927162.0360524547
93 141 1724726.6105320205
93 143 4497303.258146557
93 146 15091706.600709887
93 147 31361833.515619244
93 150 328531.03993324883
93 152 69862017.99589294
93 153 3357668.774184666
93 154 8193434.867810514
93 157 32625317.062018886
93 161 6568377.968925652
94 0 41791133.09786929
94 1 1166524395.407276
94 4 278673866.5994635
94 5 8868527.254521273
94 6 3425545969.245808
94 7 957869935.158657
94 10 14577437.970756425
94 11 130418670.26080304
94 12 1802079.944341889
94 13 85798422.9952255
94 14 112041768.89163275
94 15 1005255.2881133724
94 16 36520069.97921045
94 19 728173534.6023421
94 20 5751248.311285126
94 21 30592853.324735638
94 22 12616258.963772729
94 24 2605583.2475097626
94 26 1964496970.2440262
94 28 695424.567974562
94 30 71892724.83109318
94 31 262411305.65495667
94 32 36766059.44617009
94 35 94605546.70050704
94 36 2820272.8448237516
94 37 137435207.37180388
94 38 29910510.31091062
94 40 856651545.5512521
94 44 113423619.95634048
94 45 9346537.764893787
94 48 6910012.150114151
94 49 422462438.98667777
94 51 4262409211.3061647
94 53 24540905.685979668
94 54 2768605750.6919875
94 56 942539595.226959
94 57 2235154.483763884
94 58 2672075.111182058
94 59 4072896.838820458
94 61 1021912.9660635086
94 63 14814106.523872072
94 64 4640431886.448088
94 65 1395836580.6335673
94 66 8335252.309098174
94 67 929161763.2268778
94 68 106384121.87449616
94 69 477208213.0165975
94 70 2157590784.72564
94 71 1216070448.547848
94 72 9069404106.937222
94 73 9309569.689036604
94 74 5392833333.398059
94 75 90411042.4127429
94 77 39524109.17988099
94 79 47905698.46551039
94 81 16119461.166936357
94 83 22890557.835924264
94 84 26469137.679182038
94 87 30146727.11954972
94 88 1566967.2479048683
94 89 1710923895.7297683
94 93 8041826.506702279
94 95 3727886.204365571
94 97 345280439.0829859
94 98 661051.2346519019
94 101 42061625.26953978
94 102 540496908.4546462
94 103 41486863.95005539
94 104 640442.7460613963
94 105 370361470.0418228
94 106 938906779.9232894
94 107 83233790.66133225
94 110 5437820.694569676
94 111 32060200.568884518
94 112 264288032.83195847
94 113 562918795.4611295
94 114 2840521161.1932516
94 115 514933475.54735255
94 116 86292782.48682672
94 117 227874153.55337375
94 118 1687717323.6866815
94 119 2033072.5038571344
94 120 1153264.0408561411
94 121 7595618.401128618
94 123 1882896.1427948445
94 125 318099221.5186196
94 126 6477957.266637298
94 129 3113194520.0287113
94 130 205061447.78305572
94 131 6150234.240438075
94 133 1598054844.7107005
94 134 24865227.055202853
94 135 42856067.49079475
94 137 1426406021.27491
94 138 322374487.3535168
94 139 5927591.371555282
94 141 24793903.66946895
94 143 4181038.279373435
94 146 105843833.18700583
94 147 117187049.01207224
94 149 13719740.765567904
94 150 209925281.3610298
94 152 2124629093.074427
94 153 9308532.932757907
94 154 2620657290.933933
94 157 611319857.9779109
94 160 8954544.25677705
94 161 1384996.2962182872
95 6 28733772.14313851
95 7 26735169.68839513
95 11 17266798.33624506
95 13 9903138.066333348
95 14 4055362.590001992
95 15 4910324.937132819
95 19 7198808.91352055
95 21 1040899.6649714818
95 26 40628183.28122994
95 30 5810306.788128691
95 31 9085129.45999158
95 32 49869140.83974372
95 37 13853273.961415034
95 40 1138626.3806840563
95 44 4991392.620026666
95 45 1526312.087034295
95 48 8370405.629744548
95 51 49327727.5349972
95 54 1585874.0669503172
95 56 9424882.402603691
95 58 6045066.088307645
95 65 27565016.867636275
95 67 17283065.568989836
95 68 3813828.3740728227
95 69 57661452.682096705
95 70 2870062.9988807696
95 72 6066946.960454363
95 73 18959328.534836777
95 74 47708438.722177826
95 77 21548687.9214569
95 79 3455481.8754860144
95 83 4747227.939617607
95 84 14016381.035246348
95 87 4258188.476679819
95 89 5719931.863498597
95 93 5810245.898879111
95 98 4877850.146332876
95 101 53524798.375207484
95 102 30410270.626234047
95 106 23754059.54522392
95 110 819386.6767684106
95 112 25792150.714477837
95 113 10653664.446922844
95 114 25178659.46951567
95 118 6404216.453585721
95 125 6223693.424364474
95 129 31977347.43744341
95 130 65571477.65718227
95 131 8592186.106680656
95 133 3414828.4644805244
95 134 11242999.193422439
95 135 517841.94818366313
95 138 76115321.62167221
95 146 1921997.5046316443
95 147 8291017.968196375
95 150 8165079.605195759
95 152 1954665.4361809224
95 153 30917353.45137346
95 154 15075083.063417446
95 157 8958293.275532136
95 160 1424638.8247799603
95 161 8517605.657921655
96 7 1508881.8173594282
96 11 20569068.591789678
96 12 2088473.8026362185
96 14 1513992.768784929
96 21 15679994.41693173
96 26 2060723.5721601213
96 31 5182959.299353247
96 37 2412694.5063482584
96 38 10694414.187002769
96 40 3445788.604010695
96 46 11516558.857796129
96 50 20067507.938583456
96 51 3116360.8033462237
96 54 1874597.5197670064
96 56 435179.1385634215
96 63 499360.0212296711
96 64 5516958.356127111
96 65 5693053.330424193
96 67 5161648.316685565
96 70 2141491.796807272
96 71 7213052.868379309
96 72 6800672.691055395
96 74 5039682.034561038
96 79 7451694.214622216
96 84 32798361.52942021
96 93 8225653.843414543
96 95 975147.2817858974
96 97 14546339.498357378
96 101 8465500.469961265
96 102 7185593.938552512
96 105 1221309.242112709
96 107 29862895.81768734
96 112 9190154.641831169
96 113 11542033.625911273
96 115 4174385.1190379034
96 117 4000015.842266109
96 118 403020.8923649219
96 125 7463671.841410793
96 130 4139255.9689323236
96 131 12927178.673606593
96 133 6689412.922253342
96 134 4145505.819185433
96 137 2322794.2214297918
96 138 23130301.68885818
96 146 17664500.799016614
96 147 488254.1465247404
96 149 917938.8299235931
96 150 2065096.6996458673
96 152 21705970.002084937
96 154 15115926.78272824
96 157 9201663.138325298
97 1 19909462.42423398
97 4 132781806.70979011
97 5 11282479.868923662
97 6 516746467.3882222
97 7 152959110.20486027
97 8 42340543.31265795
97 10 18753109.26645956
97 11 134086190.86912236
97 12 2731856.3581808824
97 13 331447559.40098906
97 14 134475346.12356445
97 15 6826469.167588535
97 18 66298133.59119141
97 19 302316553.2606778
97 21 44966247.93448349
97 22 2406433.7082591383
97 23 5181938.61901211
97 24 26470303.019160565
97 26 463152174.4604315
97 30 6090212.662259665
97 31 60437898.67986401
97 32 41317316.18072095
97 35 27837457.773260243
97 36 34139602.13003542
97 37 154497855.5906172
97 38 21421586.888294715
97 40 111522859.31083693
97 42 942878.4932178443
97 44 85911391.81464142
97 45 6484224.476688248
97 46 37016597.177671246
97 49 27337349.822181974
97 50 7340891.942859582
97 51 42316590.58478783
97 53 697975.9704933398
97 54 228560502.78286633
97 56 167435301.86648414
97 57 703245.9222975202
97 58 36662296.46642388
97 63 61998932.59284617
97 64 93573030.48303737
97 65 161574595.7300287
97 66 30676109.708447166
97 67 162417208.66228357
97 68 10152161.67435544
97 70 81128985.02674186
97 72 152393871.8790752
97 73 1968430.7050166929
97 74 361962843.0654317
97 75 26331037.428158276
97 77 640603.7787785196
97 79 57157585.03537918
97 81 1006486.0098766738
97 83 21170360.36293089
97 84 93267002.9827651
97 87 2526573.936745601
97 88 11735295.569114067
97 89 253322300.82906103
97 93 7781320.962993384
97 94 1294584.2191705653
97 98 1277726.7320102209
97 101 128456015.39094213
97 102 214957292.25273615
97 103 20272427.165660568
97 104 5249556.374067254
97 105 31872853.20808362
97 106 47367192.343886755
97 107 106604948.60805139
97 111 65707315.46224883
97 112 62749006.35857039
97 113 94367196.13758034
97 114 21776655.13701186
97 115 246066884.6087699
97 116 109280195.5019166
97 117 29581345.481836453
97 118 365207616.0858233
97 119 470700.7601585847
97 120 2199403.6287427363
97 121 3454406.3485172554
97 122 1492416.923954714
97 123 2657935.08554738
97 125 34961702.31752493
97 126 11385988.769290162
97 129 5590863.7886838075
97 130 13028814.896712556
97 131 20614020.604789373
97 133 151493068.51605436
97 134 52891637.92334694
97 135 62959060.60222978
97 137 88888367.98757577
97 138 75083330.15586717
97 141 55855139.88422116
97 143 278610.2047972661
97 146 30642931.89714664
97 147 2307868.889760795
97 149 10411764.810554553
97 150 74491419.34791897
97 152 121671415.60760218
97 153 48221807.72793938
97 154 352055247.62357354
97 157 4428601.520116638
97 160 41617952.2445345
97 161 6901893.443423219
98 1 241879.65415663822
98 4 13907084.093103113
98 6 13134197.813881997
98 7 15025350.777244927
98 11 13666443.422928628
98 12 17725131.997595046
98 13 13599522.30465817
98 14 10523722.558350593
98 18 970010.8561552409
98 20 734700.8634358633
98 21 65173698.03134954
98 26 153981.41385737612
98 28 242664.20518960903
98 30 194924.39640846648
98 31 39333253.48207104
98 32 21615226.41752178
98 36 3283636.659134785
98 38 4830981.340566555
98 40 22164667.448668025
98 45 13841460.718957268
98 50 12684797.614669947
98 51 1268395.2308091086
98 54 29414883.760104846
98 56 6097304.614250454
98 59 4274229.145144969
98 61 1744769.5544694816
98 63 1126351.632455315
98 64 3217015.0752517083
98 65 52744187.606289275
98 66 13833026.177269913
98 67 15610911.401504004
98 68 45665074.52415436
98 70 19840143.813863132
98 71 1136408.7497111473
98 72 6529618.837377618
98 73 27546794.231218398
98 74 57940799.81961276
98 75 3558185.2775572995
98 77 14939803.6311609
98 79 686649.8924673485
98 84 6624177.374806505
98 89 52181486.385090016
98 94 46830387.333044015
98 101 6041311.918457005
98 102 34074785.130404554
98 105 3691379.4505859353
98 106 8750459.811259905
98 107 19195667.049471926
98 111 6395568.476346956
98 112 12877822.36324401
98 114 10896940.94184592
98 115 18221502.95078726
98 116 15717448.894519448
98 117 12218150.29593032
98 118 4955284.599803239
98 125 21406851.553441
98 126 32646578.53271369
98 128 4879187.220860006
98 129 30758388.927790668
98 131 8781010.933717206
98 133 24370027.48793926
98 134 4047361.7747033727
98 135 16412210.941327894
98 137 2456977.1692760857
98 138 48779841.9349436
98 143 4751648.857831089
98 146 3078373.1310149166
98 147 1439902.7543848571
98 150 21029589.844302576
98 152 5785525.084256993
98 154 59255688.484468155
98 157 37391084.028110996
98 160 1817053.0874244599
98 161 22979132.405285314
99 0 6407594.640859071
99 1 103971830.23314065
99 5 13427083.539220033
99 6 30823002.30000204
99 7 6635549.435759404
99 8 12224610.041164761
99 10 21961100.727354296
99 11 36953725.5842206
99 14 9615256.738720842
99 16 3717795.91865628
99 21 32003002.075850394
99 22 1694920.4401460749
99 24 3152751.4851663196
99 26 3044186.9822714874
99 31 18172982.980263308
99 32 8241881.058143293
99 35 8655909.464997506
99 37 11771334.151825743
99 38 32303823.734753165
99 40 9259103.839204652
99 42 2448054.4232497993
99 44 5483760.64959535
99 45 51998260.87241147
99 46 20590559.992605396
99 49 67394740.87490462
99 50 10985097.317609185
99 51 56161652.9545546
99 54 46125454.48200394
99 56 13480881.145293564
99 57 589858.635402107
99 59 5795178.867857361
99 63 322549.2378814682
99 65 80884503.37856944
99 66 689307.4104179717
99 67 24506389.62415661
99 68 93567644.76950175
99 70 14618289.694205727
99 71 23316176.50930254
99 72 11773710.799518172
99 74 81986193.37896626
99 79 10860630.091053708
99 83 77098483.64594167
99 84 69805995.57743481
99 89 17962696.36229062
99 93 5020651.7200893415
99 94 18318565.46977136
99 97 29436433.914460767
99 101 120045149.52548364
99 102 9069515.105730565
99 103 6045405.380451236
99 104 1757633.1989946524
99 105 16525062.206410602
99 106 3807031.3270222438
99 107 22162661.842672314
99 109 387276.31797965744
99 112 7100116.3885600595
99 113 55300080.12351106
99 114 11530619.063826755
99 115 11876241.183626246
99 117 25743114.90766782
99 119 980510.2910635575
99 121 4730584.994637413
99 122 1442739.7831252085
99 125 36079262.355595805
99 126 6110789.392217182
99 127 3089287.967771551
99 128 11293894.877726423
99 129 10684445.038819453
99 130 77204087.47517115
99 131 44446710.11930787
99 133 25507312.106583755
99 134 5661856.200039153
99 135 5074379.231212626
99 137 29167152.457363173
99 138 45776576.09005675
99 141 46569065.33991099
99 143 13252773.244326642
99 146 4625332.400561649
99 147 46725738.94509549
99 149 9918610.322042152
99 150 19204181.823792405
99 152 593853.8145812356
99 153 14191255.27465902
99 154 2426200.838563057
99 160 1842187.6836647661
100 5 2485219.732117777
100 6 16609103.28456109
100 7 4424544.51757191
100 10 1137263.3061421993
100 12 1502604.2776054891
100 13 3128879.4603167716
100 14 40062262.12582917
100 19 1237969.8832766502
100 20 5390647.177618356
100 21 3103962.347167472
100 26 3831352.966657811
100 31 504486.9583953394
100 32 2875545.6004710677
100 35 5408758.597761629
100 36 4034477.274587014
100 37 561280.7987375925
100 38 4604985.803091916
100 40 11795997.950524695
100 44 6411333.453825145
100 45 762722.0441070099
100 48 127403.57933345089
100 49 515337.95087269176
100 50 11467991.066679403
100 51 1628584.2012162332
100 54 8766655.01765405
100 56 756271.0932052371
100 63 7100502.344290402
100 64 3110396.011456505
100 65 32796646.98268783
100 67 17540548.42683737
100 68 13695688.32465411
100 69 1605997.9066993883
100 70 10819828.027378751
100 72 22232598.561071377
100 73 5026333.63023975
100 74 1462949.4887485665
100 75 5328636.511402012
100 77 5486993.1246732045
100 79 9630967.759541633
100 81 11903090.774026344
100 84 396785.19509045593
100 87 165764.9054317946
100 88 3050756.886305076
100 89 1277527.852058403
100 94 4403662.159617577
100 97 2211820.638482697
100 101 2525206.583571003
100 102 9875194.644710971
100 104 1772992.0514039723
100 105 4761192.396030859
100 106 5193159.6516796
100 110 2706871.368953279
100 112 5599210.0945418365
100 113 28342262.73607011
100 114 3211480.651799621
100 115 8604352.282436302
100 117 7737817.1494939905
100 118 41719973.09125039
100 121 4885869.727534379
100 128 5297922.565391714
100 129 2413456.090467771
100 130 7371582.297758581
100 131 14362955.678449765
100 133 9460673.76185111
100 134 12529239.393132415
100 135 5307578.132601746
100 137 480645.4210825857
100 138 1406988.6756822772
100 141 13955593.774624772
100 143 5482335.735074416
100 146 2299498.443732313
100 147 17989916.695179164
100 150 14339394.013303272
100 152 1548666.308743524
100 154 3225925.518450384
101 0 5953331.039039921
101 1 1007994446.6297302
101 4 121547184.77410406
101 5 4672876.253890082
101 6 2312685261.8510594
101 7 109982896.15136352
101 8 37232025.90654457
101 10 38935064.953153774
101 11 291532347.64285696
101 12 2001684.8996402223
101 13 236153917.3997626
101 14 173317178.10383666
101 15 1842731.0575169565
101 16 11638252.871445505
101 18 108555479.5906008
101 19 1939076125.9112802
101 20 12477852.457158756
101 21 16246857.299900884
101 22 2654481.5038483646
101 23 3447552.5437838887
101 24 14601169.076350257
101 26 3894867807.509328
101 28 1113480.1294676305
101 30 672925776.3118765
101 31 1562079908.178449
101 32 44501562.20642196
101 35 3858553.4911507987
101 36 36424443.501825124
101 37 129639053.7830281
101 38 95617296.61984563
101 40 2235527632.741396
101 42 1761788.088128564
101 44 192806301.91609195
101 45 128283731.90932679
101 46 7083436.365361293
101 48 9291295.542193666
101 49 114697833.29471345
101 50 12288062.94298123
101 51 6142107683.994653
101 53 449235.06247451337
101 54 13935420101.9469
101 56 843652496.9798571
101 57 571203.1883317725
101 58 238418864.9910328
101 59 1094083.1999184724
101 61 7087017.3981869565
101 63 5784475.040768148
101 64 534122640.32530254
101 65 649546238.8903974
101 66 6183102.521080609
101 67 1885106958.0035155
101 68 8649797.699836815
101 69 302642775.20556146
101 70 2755036337.1508174
101 71 1450570323.0879774
101 72 16181555462.987658
101 73 4413840.535682103
101 74 7049893931.913962
101 75 155944187.3557745
101 77 54975369.76639022
101 79 6797896538.226957
101 81 263426.08653006406
101 83 119059540.0228556
101 84 19323809.42183386
101 87 4081993.164706893
101 88 1441116.2795413802
101 89 3517051976.0457196
101 90 4112532.551064632
101 93 30978278.526471313
101 94 4963509081.842015
101 95 327872.85964752734
101 97 60420771.726514116
101 98 622923.7453199575
101 102 188267468.89293015
101 103 3543399.810127909
101 104 2349629.132140004
101 105 216965193.99429876
101 106 727592274.4594278
101 107 53332693.87930278
101 109 21670584.801546313
101 110 6079786.2302374225
101 111 12496070.136443507
101 112 20813652.224265426
101 113 889418030.9825735
101 114 857840960.4127176
101 115 986768525.2167037
101 116 18941499.058949128
101 117 714106902.1043783
101 118 217495876.90888137
101 119 432502.7247568556
101 120 259378.00518671624
101 121 387856.7539036962
101 122 42649.68599994009
101 123 763718.3320208488
101 124 4222675.810104935
101 125 28282387.44196591
101 126 15618206.506717827
101 127 3313248.5823912458
101 129 1353477023.862066
101 130 136542538.95336065
101 131 22658982.33758624
101 133 1834917891.9174352
101 134 194266403.64869803
101 135 48300739.165949166
101 137 481564266.4067312
101 138 194057155.65487146
101 139 19838120.786643572
101 141 12681371.808626737
101 143 65470.12355142166
101 146 176491495.0917269
101 147 1131664.7345577753
101 149 14617801.453954918
101 150 187155401.1225624
101 152 23457106726.041756
101 153 27367327.174719464
101 154 144537978.28820798
101 157 55145946.08454049
101 160 29952182.76975791
101 161 31002199.465993512
102 0 7698926.616980769
102 1 229140287.48424846
102 4 229666992.68825072
102 5 5147352.381705138
102 6 134918789.64872843
102 7 84224447.80994636
102 8 17508662.590203203
102 10 20505456.387022354
102 11 112290336.55904871
102 12 7466678.825380438
102 13 47432896.38917106
102 14 36902085.37167618
102 15 1161915.3877492726
102 16 11372576.760524854
102 18 9182951.095678588
102 19 72022366.50993678
102 20 43241752.1102509
102 21 134085081.44088681
102 22 4834535.209207865
102 23 2069981.8110729842
102 24 20540419.899380498
102 26 477456764.6986629
102 28 92954.79120866013
102 30 175567069.57248747
102 31 490536066.69870925
102 32 4740139.794638372
102 35 5266428.956465985
102 36 34570179.064585835
102 37 36016047.87167715
102 38 34816215.14597755
102 40 474653775.12765837
102 42 1247536.9515191943
102 44 27523447.364954986
102 45 88844677.22483075
102 46 6064932.3763621515
102 48 8572219.92437441
102 49 110400698.87066807
102 50 4522524.967349598
102 51 356215932.58117443
102 52 13917174.010687524
102 53 1468411.8103163622
102 54 24644130.066779997
102 56 27112185.220270127
102 57 1159562.0546883075
102 58 31839837.15244818
102 59 20904438.16708895
102 61 2130423.53384258
102 63 5978754.754187897
102 64 277964226.5992052
102 65 400782846.51650214
102 66 13268851.982201904
102 67 528235408.7680289
102 68 354726204.1025428
102 69 326563794.50396645
102 70 309822962.93235415
102 71 292652059.39469033
102 72 162197961.8244454
102 73 84381299.2247977
102 74 207125874.0502936
102 75 50412542.22273945
102 77 94737907.75701103
102 79 88968054.04173887
102 81 13009274.274761189
102 83 29367645.416901197
102 84 15012720.7769985
102 87 6117880.011539481
102 88 4776422.056791309
102 89 578849443.5628035
102 90 5625310.28266386
102 93 49357307.21789902
102 94 205842601.91101828
102 95 5018030.62992244
102 97 76019423.30648673
102 98 6299609.182791248
102 101 1116001283.9750993
102 103 49147779.804490335
102 104 16904799.827571668
102 105 73094803.41530554
102 106 85898967.94198526
102 107 59599959.67244051
102 109 30722901.382615626
102 110 3460872.5378942974
102 111 54524244.14039249
102 112 97444078.83757879
102 113 329409017.94065535
102 114 71413388.1582251
102 115 745091874.8629838
102 116 9379912.758833919
102 117 339024706.1991256
102 118 356267426.2486131
102 119 4177041.4526180923
102 120 2003713.9721123904
102 121 5589606.446449999
102 122 1901111.872775462
102 123 2845991.780792712
102 125 203507531.2005949
102 126 28934370.239607163
102 128 36737.52227476663
102 129 678170709.431872
102 130 185286202.56685254
102 131 96001635.47852962
102 133 679119901.9068758
102 134 144274807.6192378
102 135 7090894.305757528
102 137 141423265.2481923
102 138 524302589.2377494
102 139 420334761.50156045
102 141 13250220.225287275
102 143 2679478.1263992493
102 146 132897739.11177638
102 147 8301662.079140562
102 149 5423483.492858552
102 150 286830776.1626963
102 152 1191084307.0072353
102 153 30722092.3882286
102 154 41133484.65190994
102 157 83248398.17186227
102 160 4527503.6417753445
102 161 656120.7104363798
103 1 16102330.096958196
103 5 1323123.7496953604
103 6 7476431.39141844
103 10 5270794.777047832
103 11 14093035.327309398
103 12 5045135.352402866
103 14 67377001.99145792
103 21 20739712.06470623
103 22 3845520.5312223495
103 26 11206999.41995111
103 30 14673498.276088648
103 31 12007022.24591878
103 35 6558802.581477272
103 37 20131854.736417666
103 40 8017044.060717042
103 45 7896133.50069045
103 49 6429556.615739495
103 50 18184372.931290057
103 51 19657954.3219524
103 53 2290440.035974492
103 54 51659039.42082691
103 56 39887006.41268576
103 57 12325636.4581602
103 61 565270.3996328824
103 63 2531853.957459033
103 64 15137330.853306128
103 65 4670801.04178018
103 67 9221007.700053684
103 68 10242610.97136311
103 70 104841523.86676185
103 71 9580000.61763043
103 72 20746166.281896953
103 74 26664698.663218763
103 77 8296599.440895647
103 79 440951.2767681972
103 83 36025672.65441871
103 84 578255.8631426609
103 87 8569881.9791651
103 88 5076670.415039413
103 89 36926069.30691745
103 93 4077338.1916627395
103 95 4408505.692065397
103 97 25635231.42934322
103 98 9359545.840692125
103 101 12948880.825199293
103 102 31398159.734113947
103 105 47149922.22495934
103 106 43876664.67602042
103 112 25858705.622156616
103 113 10126642.655082302
103 114 2042681.1221321416
103 115 15419089.155642416
103 116 26031288.894615218
103 117 23714519.69042721
103 118 13545362.35300416
103 122 1718349.288416342
103 125 40470164.50311885
103 129 20572007.12969397
103 130 848547.1479575546
103 131 804364.3605006884
103 133 67875803.19820495
103 135 8861687.838708067
103 137 51101201.48316162
103 138 8402170.667023858
103 141 11240728.237248963
103 143 4858028.162507171
103 146 8338783.012165878
103 147 5201899.840589416
103 152 2175459.7957503046
103 153 10812241.75211305
103 154 48652338.91283754
104 4 3025829.2847075607
104 6 2744871.740968924
104 7 611410.2551236766
104 12 982441.7454321128
104 14 8080097.578409403
104 19 1638319.7325459064
104 20 1540298.8042425332
104 21 1073109.130432598
104 26 148479.94798001013
104 30 312568.03415665426
104 31 1213848.156531647
104 36 5282392.156070305
104 38 787677.7102859077
104 40 1194123.1209598933
104 51 318676.3359605692
104 54 472432.74371601816
104 56 787254.5593292558
104 58 1498342.481352449
104 61 27917.815683468358
104 63 2221066.1269802023
104 64 1327466.915786812
104 65 83660.6169590394
104 67 138476.13011094532
104 68 1631188.0833436046
104 69 2538410.285678617
104 70 1227415.5513495323
104 72 853932.2774808956
104 74 8338.701004490902
104 79 1501730.4130791305
104 83 728486.372476077
104 84 63234.15312734475
104 88 800915.7311215221
104 89 662461.5559044841
104 94 1156768.6797082536
104 98 1174112.918816302
104 101 855602.343030128
104 102 121897.94749436971
104 105 1159911.1092273341
104 106 192277.58387214417
104 112 398605.72450431733
104 113 484484.51704835927
104 117 11577529.085156009
104 118 3757292.299101521
104 125 1584941.5036720315
104 128 1378027.4163229757
104 129 447849.40689788666
104 131 5851613.549448918
104 133 1198501.0710181124
104 135 413811.17822040233
104 141 44060.55840619251
104 147 2168542.78954326
104 150 578809.3889325674
104 152 692369.4306196491
104 154 86742.80239161567
104 160 2972462.3569096965
105 1 22041207.182093043
105 4 38855745.72914146
105 6 68187548.37534724
105 7 185357399.9727387
105 8 20454650.49181583
105 10 58128935.60174197
105 11 54060668.181082875
105 12 1674926.797810894
105 13 39865416.011239104
105 14 45898495.292870335
105 16 22413564.219954092
105 19 18360544.683065265
105 21 49264831.075341254
105 24 9927821.303110491
105 26 97902582.28711067
105 30 13591303.665850032
105 31 583096395.6230353
105 32 43928120.90565732
105 35 126785407.24100624
105 36 22165238.573490243
105 37 51521831.89222902
105 38 106538.06120876051
105 40 258149900.88787493
105 44 18846587.26218613
105 45 395128110.36729056
105 49 2245846.545202717
105 50 9104028.125289397
105 51 123208844.59340829
105 53 482538.7968364899
105 54 346937147.54524523
105 56 450911394.3924481
105 57 4001438.007652373
105 58 47683871.3346757
105 59 3490679.2182133035
105 63 15833425.003303112
105 64 338532833.8149667
105 65 73218412.1188715
105 66 3766814.643514926
105 67 641378815.5509602
105 68 124943684.09127021
105 69 395986490.0396417
105 70 40868640.29588727
105 71 354833817.5469438
105 72 4288154.492856927
105 73 44459406.734396376
105 74 233131075.08806038
105 75 7955735.20223145
105 77 22384405.6865634
105 79 698374728.5728148
105 81 5737441.957402924
105 83 32613012.880249243
105 84 48593253.95263412
105 87 2787006.50824191
105 88 2436954.1116885794
105 89 257950569.54486817
105 90 5660708.439367013
105 93 2261917.701430171
105 94 171800108.29807946
105 97 73882106.27241859
105 98 3580291.161561791
105 101 223558318.8090591
105 103 33055421.86098189
105 104 5172463.553731071
105 106 186297691.0404891
105 107 15586265.486165062
105 110 37672962.34086363
105 112 3487062.282625069
105 113 298695860.64939135
105 114 452966749.5962542
105 115 384930904.85834223
105 116 43116551.35965376
105 117 104604184.75642945
105 118 121692599.69209032
105 119 1194366.5556981955
105 120 5130232.064243916
105 121 341769.36933033733
105 122 762394.5356164029
105 125 175395616.11596775
105 128 4250587.257057242
105 129 258673712.80551097
105 130 763371.1296180491
105 131 54776727.319621265
105 133 3752083.6278326665
105 134 2601573.7900972334
105 135 29005128.519460868
105 137 280163370.42138374
105 138 27406992.827236824
105 141 2675949.9753284403
105 143 3512198.199935138
105 146 245092083.33174872
105 147 177574813.0535751
105 149 3596950.101313014
105 150 44912026.82032926
105 152 406621736.0617912
105 153 10926873.604866698
105 154 1055266960.6895477
105 157 121479221.62039796
105 161 23783014.96749226
106 0 32931935.27341419
106 1 112084369.12452444
106 4 20006758.53983596
106 5 28371893.57499208
106 6 1628546474.8153243
106 7 480045725.95104545
106 8 3911200.7291259225
106 10 2283881.2135188426
106 11 122364042.7867785
106 12 11789649.414215982
106 13 182916439.17947817
106 14 548417634.3398508
106 15 612984.848942379
106 16 41958152.98875065
106 18 11730108.563435877
106 19 1925891331.3523042
106 20 12670564.79819074
106 21 12453143.862233443
106 22 6340532.686816401
106 23 343206.1275510622
106 24 67730753.33132541
106 26 3395918726.8746557
106 28 477032.26090642385
106 30 78132037.8208014
106 31 886482336.5532569
106 32 144809708.92216578
106 35 199814359.36867175
106 36 12157727.55743471
106 37 98877569.86801773
106 38 126527809.3105987
106 40 154598868.35899743
106 42 105737.64795432978
106 44 34614194.86820261
106 45 1707232.7808781853
106 46 74489222.32082562
106 48 729533.3919116694
106 49 137171076.21942744
106 50 29978849.51787283
106 51 2299762187.9481883
106 54 1532266691.4557328
106 56 692535397.6541219
106 57 1057442.4097279084
106 58 96779969.83626232
106 59 6556284.478546935
106 61 10039777.137850964
106 63 85565710.30015878
106 64 1878500693.8983448
106 65 1802507410.1699202
106 66 14932599.001800137
106 67 74797706.97453153
106 68 169635937.00144765
106 69 178940822.12123483
106 70 835625831.8268446
106 71 1477920118.0969465
106 72 1888706039.72809
106 73 59054292.87780729
106 74 4329893993.846602
106 75 42301573.334221214
106 77 5535026.4281713
106 79 2347774728.024646
106 81 1908961.2135701254
106 83 16836120.843676567
106 84 100373862.95017904
106 87 6311015.409661675
106 88 20405649.51176191
106 89 619126858.3275285
106 90 11632940.298373653
106 93 4939148.656966766
106 94 518782881.95115614
106 97 187956367.4128938
106 98 639452.464659861
106 101 103251114.25227262
106 102 275058374.95075285
106 103 1729130.5012881176
106 104 2006084.4853127527
106 105 54420312.13523448
106 107 44454000.81626009
106 109 137163516.98038027
106 110 2438191.398687221
106 111 13353468.51392026
106 112 41069705.13216459
106 113 372579184.2086343
106 114 190363641.3209727
106 115 131706656.17708445
106 116 53077224.02395355
106 117 97812334.36989734
106 118 591712965.7361158
106 119 3865564.9677321725
106 120 7090678.460308699
106 121 3938337.365663788
106 122 3961491.3108797
106 123 1902314.8716885762
106 125 841050400.7976555
106 126 10552894.068202887
106 127 4255045.074860795
106 128 3487736.455882816
106 129 1153225213.6576715
106 130 488679692.90219283
106 131 351755618.9240867
106 133 477728193.07808083
106 134 7345163.136386305
106 135 15923397.620209798
106 137 1808429772.9825826
106 138 349506007.60980374
106 139 341375023.51351833
106 141 13241199.318562562
106 143 528006.0193424772
106 146 86944874.92235966
106 147 712824388.5066106
106 149 8869974.03409358
106 150 267642902.6168258
106 152 1841137690.8281174
106 153 11957824.13259338
106 154 245748872.37239859
106 157 49498068.83709819
106 160 35240669.55160239
106 161 25851613.12453141
107 0 3619457.429519627
107 1 17838755.054591
107 4 75493614.05577725
107 6 398022949.9614504
107 7 66282424.70631407
107 10 30904460.50403391
107 11 64577547.6848686
107 12 151290.62486431922
107 13 28877380.94021703
107 14 7297556.144515615
107 15 14761190.051437305
107 16 1798403.3122628536
107 18 34394908.078178085
107 19 83987307.61493666
107 20 22720310.98945713
107 22 13805150.194494931
107 26 19749751.042066313
107 30 9432456.658863256
107 31 119062716.92366306
107 32 36391628.08038895
107 35 120115937.94285524
107 36 20080988.028416507
107 37 4234034.451112378
107 40 23309683.93190962
107 44 15519843.81547128
107 45 43990407.38835014
107 49 29032422.139633864
107 51 384168870.80430967
107 54 80711956.24303019
107 56 7161405.392770467
107 59 3188895.18844273
107 61 833577.6514410917
107 63 11932569.633802699
107 64 277214980.52284783
107 65 35637170.36989944
107 66 16449932.975516327
107 67 394181217.818401
107 68 17117736.379961256
107 69 65660127.568992734
107 70 17993276.69490582
107 71 181097892.91319454
107 72 105844375.30024949
107 74 129215044.85506369
107 75 4519319.82056995
107 77 7120902.520953438
107 79 668144702.2786223
107 81 1606.3666219917657
107 83 79094543.18425186
107 84 43532418.16146588
107 87 5680390.068716404
107 88 3386683.184732285
107 89 103024026.29737547
107 93 9308922.154899145
107 94 20091974.028836872
107 97 66932127.802747115
107 101 135455998.72331622
107 102 102348504.2081143
107 104 3073280.8140298524
107 105 33009803.73843721
107 106 22748837.9397525
107 109 53993033.162413
107 112 199957939.66379583
107 113 189700181.10991916
107 114 281188228.2459606
107 116 101978669.98196629
107 117 179259310.21246284
107 118 309437586.59599924
107 119 335474.09352226974
107 120 1714495.358885031
107 121 1511506.2668143031
107 125 252880718.8519965
107 126 23939237.320114307
107 129 282339455.41767
107 131 365118177.19022465
107 133 26601833.68427396
107 135 8297506.676720015
107 137 254476004.38395804
107 138 56526204.11663777
107 141 4033337.0658794986
107 146 34090490.18325299
107 147 9395921.582667049
107 149 11584408.53771872
107 150 32407246.333302964
107 152 10907879.53653615
107 154 80229132.93966696
107 157 60712529.23966273
107 161 28797081.525042433
108 0 147928456.13526902
108 1 58339755.748856924
108 4 48800695.8078972
108 5 20909752.481493544
108 6 44963940.53754426
108 7 291889638.3964046
108 8 19249670.83646346
108 10 15223445.46955159
108 11 19575636.344077803
108 12 3586909.2712246026
108 13 242342655.3773795
108 14 39109075.08098783
108 15 5115485.775162044
108 16 6571978.804947668
108 18 5560862.189940136
108 19 161795412.8280032
108 20 10249988.830406759
108 21 21899002.04602316
108 22 11838512.22299035
108 23 234475.97182145
108 24 14743329.821473932
108 26 182016043.56952655
108 30 105034126.8564497
108 31 248645906.99248648
108 32 9261689.243485797
108 35 58989342.00318001
108 36 50152137.09953676
108 37 103061538.20761624
108 38 161900997.27143902
108 40 63021596.3097033
108 42 413564.8016278837
108 44 167673612.9376006
108 45 82493694.6448317
108 46 105968181.1583161
108 48 10268593.286893385
108 49 132234850.26194641
108 50 253420.4476268587
108 51 534256206.5191958
108 53 8345615.490769377
108 54 141949338.18526888
108 56 39986359.69184937
108 57 8779283.649166198
108 58 115537695.37327172
108 59 1615812.5702466534
108 61 504575.2334454734
108 63 33493050.168046303
108 64 522148518.07217807
108 65 173441043.48226622
108 66 48095556.81232618
108 67 75809515.19554286
108 68 284255463.16617817
108 69 68565696.04746895
108 70 166989069.49176577
108 71 336142898.74063873
108 72 100617098.63955083
108 73 77210741.2691148
108 74 86106276.9934779
108 75 120512574.02839941
108 77 9107672.087874431
108 79 6380909.713979408
108 81 5490731.029015421
108 83 9931881.8660655
108 84 14099555.66032661
108 87 2819515.421284693
108 88 4383314.322335211
108 89 383393791.44596463
108 90 3773586.201356894
108 93 30874767.10212993
108 94 43488960.75073909
108 95 18691704.022711538
108 97 57096708.31375243
108 98 646859.4082850937
108 101 388921078.44522065
108 102 164757386.67374638
108 103 14294653.759585347
108 104 2756763.7966118897
108 105 16656955.021648627
108 106 23058421.661114927
108 107 21713078.218099114
108 109 53712368.6193832
108 110 1599204.2705863821
108 111 58819623.09167873
108 112 16334033.099462586
108 113 10090773.478384474
108 114 522341439.7140558
108 115 19563925.491765086
108 116 46768410.599919446
108 117 267882359.77536225
108 118 209007722.75073794
108 119 309487.4926138918
108 120 1301143.3754943688
108 121 1667268.137689799
108 122 988562.2865315591
108 125 42883529.86472362
108 126 19596702.895883866
108 127 814456.511201973
108 128 109059.28527394301
108 129 294360062.7134257
108 130 42896882.16877225
108 131 8875681.280516187
108 133 1025392881.5649266
108 134 41955.02525080967
108 135 66151981.42666066
108 137 710714006.7211976
108 138 137675496.1688548
108 139 29811251.644776974
108 141 28726330.3435607
108 143 17501750.895823695
108 146 21925816.25849648
108 147 328804370.8831806
108 149 14074323.185004333
108 150 248110724.9803725
108 152 367688527.57602316
108 153 133832447.1969977
108 154 723481126.0642811
108 157 93561307.93255574
108 160 2515175.860385465
108 161 11570155.503977187
109 0 20123797.103458147
109 1 66114907.11610574
109 4 48969115.48624284
109 6 4150050.656650619
109 7 19922711.451630384
109 8 31187679.08415485
109 10 63194714.423980236
109 11 24659626.664200235
109 12 19955353.899084914
109 13 2321032.8169005783
109 14 3950167.6067404156
109 15 2214253.603532543
109 16 8705262.366870686
109 19 72333841.62833561
109 21 27971556.328900963
109 24 13441805.975818116
109 26 42569269.22312503
109 30 16813011.358822107
109 31 21883343.823658206
109 32 788426.9904023103
109 35 1238053.4568834323
109 37 14486957.60834852
109 38 8554628.992975375
109 40 10556125.341017477
109 42 684668.7059225774
109 44 23178591.191492524
109 45 2168091.3863878767
109 49 16352773.724882945
109 50 12084671.055839973
109 51 14812714.355747346
109 54 7945382.8965259995
109 56 35529946.38609284
109 58 2847857.7363813524
109 59 4595099.751037688
109 61 3346082.1374830697
109 64 62716619.257676326
109 65 47611263.83901882
109 66 13488061.80090297
109 67 110793403.39065251
109 68 7714630.588183257
109 69 128640831.42170717
109 71 39717003.83889555
109 72 10927319.55485465
109 74 77527707.76112093
109 75 31513346.450760946
109 79 2371216.2533068466
109 81 7602355.720980944
109 83 5262817.875680687
109 84 3731374.23787252
109 87 6765650.069868523
109 88 18204413.64586267
109 89 22991916.60199319
109 93 20667348.772268336
109 94 20699926.416580822
109 95 8895365.938487483
109 97 243756665.17451385
109 98 8903539.650930366
109 101 19126214.39500657
109 102 27407631.08967344
109 104 411252.7103296361
109 105 6320307.197764935
109 106 41159353.29156584
109 107 20425403.764839474
109 113 47984009.641760066
109 114 17544352.970972616
109 115 36201459.46271321
109 116 28763610.806322467
109 117 30926040.346907526
109 118 16940689.193093244
109 119 599933.9327078152
109 120 2625844.543961406
109 121 3951440.399744454
109 123 684849.7737937355
109 125 14500190.399521286
109 128 26430.247506718475
109 129 86684686.92387974
109 130 49546580.825666636
109 131 13267453.353541538
109 133 57851637.7524408
109 134 925295.5381869464
109 135 1223918.944751308
109 137 49998036.77319745
109 138 48348958.13000379
109 143 1077230.9834718874
109 146 28515620.405602127
109 147 9932711.410636581
109 149 8775874.935323112
109 152 10234143.891535783
109 153 2891667.916204728
109 154 278750999.26750976
109 157 54463046.613521546
109 160 6426758.932196152
109 161 1576385.0589625847
110 6 63618295.055047296
110 7 12158242.440617492
110 11 25006750.06983614
110 12 3216472.9729227163
110 14 18855330.266710293
110 21 2916913.82770173
110 26 12442191.580224337
110 31 60036686.56415122
110 38 46002454.431085765
110 40 32742573.41305568
110 42 681402.4131394393
110 49 10930161.043311518
110 51 3419120.869785767
110 54 1220630.5449058937
110 56 65756004.77039066
110 58 9871518.069535607
110 59 12186667.641118871
110 61 2316255.9439624487
110 63 113185151.88500878
110 64 5339390.213792595
110 65 29574410.293486763
110 66 509925.77308854164
110 67 29999530.297892414
110 68 13967113.846438907
110 70 50688578.75938105
110 72 7227356.582344867
110 74 50816270.71238276
110 79 26460573.645344313
110 81 5172262.256087061
110 89 11112045.21020681
110 95 6261190.9573142305
110 101 40960314.20676315
110 102 9062654.82157181
110 105 6531004.119222076
110 106 66034227.01087805
110 107 26996948.32684011
110 114 19651660.87169284
110 115 40441741.092469044
110 117 73474420.46984917
110 129 19198403.86453299
110 130 989046.7283470023
110 131 43398191.159804545
110 133 13773517.685244523
110 135 10643192.039949441
110 137 65380282.3555351
110 138 61533050.31078306
110 141 287137.7118030316
110 143 5611662.567696655
110 146 30880574.22668632
110 147 6627898.418291189
110 149 1421666.1400578532
110 152 15416106.855274849
110 154 53909002.09638336
110 161 417055.5878444356
111 0 9381806.679172318
111 4 2027755.219345215
111 6 3582541.873633013
111 7 12037187.572749162
111 10 3709188.4791147816
111 11 16830382.969614234
111 14 15048752.658745259
111 18 12923038.050046789
111 19 23688261.727770336
111 21 19566416.319587823
111 24 17661024.026440237
111 26 8749322.68952277
111 31 2082734.2633069109
111 32 7550385.100732697
111 36 15749394.54445446
111 37 97118160.39375107
111 38 31690688.050203424
111 40 24908083.36797781
111 44 30229016.205332223
111 45 5192937.908181598
111 48 9018338.70216302
111 49 12110074.491951574
111 50 6905778.007417171
111 51 32660698.95110055
111 54 9718191.356650377
111 56 36921414.46383166
111 57 1120379.7087539812
111 58 291900.0441095201
111 63 3086524.037710493
111 64 13963615.117799226
111 65 5453152.917419517
111 66 10537639.097618999
111 67 31787332.517680734
111 68 36691670.15556419
111 69 37564218.69144132
111 70 13158934.643391358
111 71 38091916.678932145
111 72 54669963.39362921
111 74 5700800.857514128
111 75 2627907.2094304017
111 79 31670341.373418197
111 81 12314099.620956682
111 83 814629.2603503724
111 84 5050447.178666512
111 88 22002645.311858784
111 89 53081114.10449665
111 93 3039231.480061983
111 94 13114759.79684313
111 95 5902345.097154107
111 97 13591314.984189684
111 98 410834.816945695
111 101 2228185.661598089
111 102 20315781.41261356
111 105 549457.266218259
111 106 35531691.40723441
111 107 20160813.691754915
111 110 11253814.234335417
111 112 13432025.032474907
111 113 8233650.219987928
111 114 12339871.445766557
111 115 9922787.775660295
111 116 841118.549930198
111 117 5589332.874693373
111 118 846415.313077529
111 119 3651389.5855271914
111 121 1635408.3555124782
111 122 1306840.7697993864
111 123 1427306.1474723315
111 126 18456721.12252391
111 128 1171147.1009162446
111 129 14099574.71193273
111 130 112528.45188512816
111 131 1895147.5001244973
111 133 2123004.1140752435
111 134 22347654.112844355
111 135 975021.4579279588
111 137 43221186.1198557
111 138 10974494.060476013
111 141 7406831.182356446
111 143 3397264.7088921256
111 146 6256933.123088508
111 147 5794683.426686452
111 149 5304176.875186739
111 150 2345486.867322826
111 152 20007832.705390394
111 153 31037899.498203468
111 154 46558486.0734
111 161 10399243.069302458
112 1 77433736.2613151
112 4 17910499.62413844
112 5 17201963.120246697
112 6 68721257.97162223
112 7 31174645.16879036
112 8 21305471.822901744
112 10 22122470.660766657
112 12 3571410.26809541
112 13 10244143.722220551
112 14 12059840.516405338
112 19 34343427.20763669
112 21 27124512.66233456
112 24 3034873.250950481
112 26 80636044.62679254
112 30 16518610.956303189
112 31 1742072.748097663
112 32 30672318.875070907
112 35 62108773.80774273
112 36 9989579.155472768
112 37 70350092.31630468
112 38 6309301.838827194
112 40 38407504.788686134
112 42 630512.1496696526
112 44 52599101.95501189
112 45 10839265.76525255
112 46 68984081.36303638
112 48 7476149.609548649
112 49 20102272.104221124
112 50 34875073.26029004
112 51 3730170.1455667955
112 54 299344521.6103195
112 56 100687629.87672931
112 57 55259.59868387992
112 58 29697915.246769153
112 59 14585696.518216705
112 61 3644482.668097096
112 63 30431351.689389616
112 64 234368963.03512484
112 65 24904818.231842913
112 66 35139971.20687706
112 67 267223489.85942876
112 68 210953744.89138374
112 70 38321042.554353096
112 71 84212633.79189496
112 72 71898557.10373777
112 73 83740954.77542996
112 74 29727977.819091782
112 77 9756027.337035205
112 79 156008979.33888662
112 81 39163696.290460385
112 84 51650659.971449785
112 87 3457257.527314167
112 89 136134713.033501
112 93 52827037.183085024
112 94 171865356.33040282
112 95 3851355.0954524875
112 97 113859175.1113959
112 98 4138803.995680216
112 101 119475268.49299732
112 102 26706711.114163227
112 104 7625061.888922179
112 105 8913531.061756508
112 106 100719330.77054231
112 107 82720981.64151333
112 109 12405705.58508353
112 110 6922483.116859468
112 111 20838522.871858712
112 113 58748231.90732105
112 114 517112050.4289215
112 115 117709358.01448372
112 117 163799128.62443066
112 118 231091653.46408597
112 119 7290521.001314186
112 125 108375931.09521997
112 126 19959295.75209357
112 128 2585509.396354483
112 129 126933032.43610536
112 130 196568199.43521947
112 131 102546880.56277494
112 133 115451064.2049576
112 135 10229633.765568562
112 137 166344633.78123716
112 138 229283145.3248475
112 141 1732669.5561178667
112 143 852591.8507028788
112 146 4911415.827874128
112 147 39619310.04625728
112 150 189629610.3603002
112 152 134767864.7582477
112 153 33844445.61012912
112 154 28629358.220375434
112 157 1605444.214001903
112 160 13213487.35381546
112 161 2431051.546801105
113 1 96188542.38786523
113 4 36272474.61183612
113 5 272793.0311277854
113 6 353570082.3552359
113 7 298171353.7765148
113 8 6426815.86219821
113 10 69807740.07566045
113 11 294512145.6732677
113 12 110.84909087713326
113 13 101744707.21266404
113 14 15245772.356600568
113 15 935808.3717534943
113 16 8608255.092433648
113 18 71480374.16801096
113 19 1150480559.2273884
113 20 69590385.8435558
113 21 31575949.93834737
113 22 10115272.81333858
113 24 10754110.775519723
113 26 913839329.9134899
113 28 972041.8671445615
113 30 552766.2837924024
113 31 988854131.1174858
113 32 91418214.46357995
113 35 124626476.37077516
113 36 60729277.43489738
113 37 85522750.62405086
113 38 15789349.432652507
113 40 370590608.5513182
113 42 241939.0628562464
113 44 513191446.86435634
113 45 124148479.92329298
113 46 189747475.1362792
113 48 424411.33740098175
113 49 1171497646.2905984
113 50 39824536.15763879
113 51 95122954.23803322
113 52 117526989.99638228
113 54 1976276826.4321585
113 56 300169321.47453487
113 57 2233620.2561897943
113 58 224189269.08958426
113 59 3974947.7642338388
113 61 2985933.2356976154
113 63 60956454.09128684
113 64 300575851.27730125
113 65 341232381.45040965
113 66 66376120.10116406
113 67 398293475.0939305
113 68 1053483264.4446999
113 69 69939451.07655129
113 70 1715506505.0606828
113 71 149756782.98487815
113 72 547626470.2679049
113 73 24149853.788784478
113 74 751888389.7036486
113 75 29160349.488693222
113 77 12117815.92600835
113 79 579917876.7950422
113 81 3242918.0615429287
113 83 18756293.0539181
113 84 182030199.17486703
113 88 26746521.63403242
113 89 415519294.4187955
113 93 22261093.563488398
113 94 395840617.10811436
113 97 18501417.551023655
113 98 6137071.688764703
113 101 1048561079.2230364
113 102 94674559.79852785
113 103 9124955.459497921
113 104 651552.1267372988
113 105 526722.0087081103
113 106 102298753.04607108
113 109 82859102.94572057
113 110 743367.7819991288
113 111 9012900.2916084
113 112 36927349.07559749
113 115 129892672.30469826
113 116 1286305.0260177697
113 117 423008190.3618312
113 118 1186699782.3976974
113 120 336418.31771460705
113 121 11914811.765680237
113 122 2926064.6655170512
113 123 1340925.0233798574
113 125 535463410.2092037
113 126 16415682.298418343
113 127 252355.64594138786
113 128 1878153.919477661
113 129 2014387492.2160318
113 130 157920185.36719546
113 131 191576283.42257124
113 133 1161920392.617332
113 134 26706862.518269837
113 135 463489.4498684826
113 137 80409346.82152204
113 138 2505893197.3295693
113 139 125991611.26602596
113 141 8203638.742268746
113 143 2465273.959907759
113 146 94170616.86185762
113 147 151874074.51507682
113 149 13385499.956563795
113 152 1121229247.3254526
113 153 4128551.049517095
113 154 167990184.84054768
113 157 295502326.2374642
113 160 9909564.944310416
113 161 1534242.05679433
114 0 385929.99157045747
114 1 264969973.94559902
114 4 338210924.77675056
114 6 2339288874.322729
114 7 891681332.7575607
114 8 14085499.871773308
114 10 39992645.78873118
114 11 56881901.59622971
114 12 3029700.9601866016
114 13 133353051.53876708
114 14 124091853.77901895
114 16 79193.16352410939
114 18 22179011.001318194
114 19 813918452.9651186
114 20 3711080.353234377
114 21 22858392.326065436
114 22 2273431.2138091163
114 23 317762.02534626535
114 24 15146509.596300093
114 26 36663546.52675374
114 30 1114865034.9819212
114 31 869767622.5434681
114 32 259853379.13848242
114 35 96701381.64582169
114 36 43832573.18667878
114 37 1681670.6784861959
114 38 45483641.00047157
114 40 251748070.61702865
114 42 352630.6550562057
114 45 237606869.3556594
114 46 60159851.0550659
114 48 12830970.444755744
114 49 306080966.5966752
114 50 18951657.406127166
114 51 985165189.4386652
114 53 2631109.014762288
114 54 308077903.02108747
114 56 384888762.8057041
114 57 2323939.7543572816
114 58 69310161.03895712
114 59 15885104.563217409
114 61 6229251.662930004
114 63 26874865.769987084
114 64 1936919602.2645702
114 65 117389709.64244312
114 66 1699657.8711542187
114 67 1239251905.6246245
114 68 71389799.75110845
114 69 441477079.4910089
114 70 965558927.6612579
114 71 41321905.87880846
114 72 19756449.790596858
114 73 26056639.513684865
114 74 1954044958.8686852
114 75 57008630.28380647
114 77 57603817.51995495
114 79 344330899.55330837
114 81 6913806.11647301
114 83 82529680.78575656
114 84 157638206.15794477
114 87 10850330.319015592
114 88 1563839.057669105
114 89 722525621.1894702
114 90 1876195.6732144163
114 93 15449941.623582354
114 94 1774418276.8988283
114 95 7467393.583821229
114 97 49085728.29660476
114 98 20237661.975619707
114 101 314166918.4204269
114 102 37579272.21274115
114 103 764500.1093151382
114 104 1019920.3054439928
114 105 95135416.90770078
114 106 738743516.2285655
114 107 6698823.860864329
114 109 32406861.500799716
114 110 8369482.333778618
114 111 22491336.90263743
114 112 153368296.03346324
114 113 148536314.07412112
114 115 71975914.12880367
114 116 128087524.88538855
114 117 284588966.08080995
114 118 120592502.41253829
114 119 2825119.8753044354
114 120 1488885.9385770815
114 121 10358534.54473757
114 122 290122.42315639614
114 123 4541558.544959881
114 125 32936378.529850274
114 126 8089906.976509725
114 127 1461679.9494652152
114 128 3018911.7371353596
114 129 1337982211.4120653
114 130 283317994.03516036
114 131 51207061.68128533
114 133 953463463.7506467
114 134 117316082.15513206
114 135 23275963.814121984
114 137 157964558.99435836
114 138 3837843624.426375
114 139 103176217.63132814
114 141 38943132.66559386
114 143 9750738.629087292
114 147 472049237.90802985
114 149 12857390.53304772
114 150 203634544.31450674
114 152 665287210.6877537
114 153 51694711.19540238
114 154 1035530395.8871715
114 157 300811246.7118236
114 160 14316824.693215486
114 161 10282158.12262033
115 0 12776257.511801384
115 1 79318550.40400293
115 4 56900052.26502197
115 5 3462893.5048758844
115 6 207106239.67457318
115 7 606895017.2140388
115 8 1086265.3477354425
115 10 59204181.452392586
115 11 13660011.195653088
115 12 1098484.899419205
115 13 22116435.901534356
115 14 75378321.42598785
115 15 7085866.254496216
115 16 1759663.5923767413
115 18 34201631.82228118
115 19 30716471.95475367
115 20 41563342.018446565
115 21 22843901.476867154
115 22 6244384.614412649
115 24 5948705.762761188
115 26 10227955.13897128
115 30 362079024.9438987
115 31 701098506.978404
115 32 29686434.2648787
115 35 179051326.81581497
115 36 96674026.46272078
115 37 38465250.12785179
115 38 3279177.704254421
115 40 471328121.7104536
115 42 950417.801788535
115 44 445233541.4500321
115 45 9092623.910856454
115 46 23886048.450530075
115 48 7136341.7088935925
115 49 172194027.95910606
115 50 3208081.003799178
115 51 3276535051.1249022
115 54 722956148.4489949
115 56 33996718.31058052
115 57 343732.7123144944
115 58 30200316.46526042
115 59 13289330.58813514
115 61 137851.90976493063
115 63 49725804.63524896
115 64 144067404.26372066
115 65 744612661.1613029
115 66 12235643.600135973
115 67 171611202.5294572
115 68 207147658.48776832
115 69 20856353.341957066
115 70 168154.06193474412
115 71 925936672.8259727
115 72 330239443.10596746
115 73 60997072.95378227
115 74 897612020.1016042
115 75 47028830.17598013
115 77 763922.9580580316
115 79 1827245627.545291
115 81 2029307.0172530524
115 83 66998943.09738898
115 84 74291749.30900945
115 87 2111280.2494849325
115 88 3654366.046793732
115 89 540323742.1279505
115 90 10496236.336786246
115 93 8119400.445215123
115 94 439340986.7607335
115 95 15893622.995627552
115 97 87710592.99998531
115 98 3758611.702128211
115 101 691067403.5949466
115 102 188523224.8761851
115 103 93870341.90576048
115 104 3415188.8867274984
115 105 157260575.13167173
115 106 19949768.218730163
115 107 1951049.943498622
115 109 22644390.331152003
115 110 5388912.666633853
115 111 1037497.2690938782
115 112 80649216.56463216
115 113 204150147.64781037
115 114 360512132.8962814
115 116 15783671.853376929
115 117 272870359.8715182
115 118 460216473.8811796
115 119 893522.5210038195
115 120 6556163.116176716
115 121 3666119.096124856
115 122 4328370.549797603
115 123 3248238.9845157987
115 125 601713178.6311789
115 126 38745127.96588613
115 127 6492688.516386289
115 128 1819699.9646429608
115 129 426262408.5234273
115 130 57632193.631316654
115 131 140318344.05917838
115 133 300278847.21753734
115 134 30223413.711593635
115 135 16545512.722541817
115 137 76094817.21842597
115 138 769060676.4496481
115 139 39515899.56852129
115 141 12307575.48264403
115 143 3017734.2113758926
115 146 10137280.555430137
115 147 73645123.57899776
115 149 5315925.359803276
115 150 341315055.0967728
115 152 410915195.6430312
115 153 13138499.807479214
115 154 254191564.56456652
115 157 73970368.41120934
115 160 4981274.017072138
115 161 50979197.67161118
116 1 2614141.305671785
116 4 23273288.065603953
116 6 292075627.11694676
116 7 18433997.37503888
116 8 2416715.15245488
116 10 48955780.383322485
116 11 55711900.43815716
116 13 4106720.0666413084
116 14 50893384.73641603
116 15 1358916.881555297
116 16 49858137.83019122
116 18 89904541.5973666
116 19 18077257.12234138
116 21 496389.00348437694
116 24 34675908.78305566
116 26 38373386.63444597
116 32 247976646.82073903
116 35 48197466.823243745
116 36 18334811.7834809
116 37 2711232.3989194166
116 40 7703312.401351793
116 45 118706088.89711957
116 49 181329778.67951864
116 50 20786542.88280989
116 51 72229535.46986371
116 54 49262604.20235515
116 56 342133784.5650235
116 57 5944367.279402576
116 59 5141574.405296034
116 64 114833257.20153187
116 65 92801849.00759813
116 66 789470.5889425887
116 67 116689794.46562368
116 68 109654668.42386974
116 69 73575733.9241697
116 70 124816403.11819315
116 71 23943576.43084858
116 72 70570208.0501984
116 73 138015327.5077744
116 74 23779816.863071684
116 75 21150672.630753215
116 77 28570203.72254309
116 81 3423883.445331245
116 83 21998371.662844084
116 84 12052432.630056953
116 89 148215769.96675304
116 94 210316371.79589
116 95 29195865.89671903
116 97 249586503.27108544
116 98 4866397.383785794
116 101 29608012.372254133
116 102 232483438.01534888
116 103 25680495.57783949
116 105 174681762.74200895
116 106 352475541.33048046
116 109 45952133.34815031
116 111 93596.33046752437
116 113 66483727.41676554
116 114 98899609.3169594
116 115 175994335.94247752
116 117 26481340.77622145
116 118 188046627.93804225
116 125 95740303.8590958
116 129 20795275.30544305
116 130 285718042.32119226
116 131 108873027.14953771
116 133 211610930.2780145
116 135 50325401.474001944
116 137 31460039.322862916
116 138 16543857.727694506
116 146 15832660.819551611
116 147 36249595.677709065
116 150 32380729.317207932
116 152 54294194.88413924
116 154 91009762.33793908
116 157 25113691.029234823
116 161 25022727.662756212
117 0 9423188.831618523
117 1 380572545.88328856
117 4 25139256.389361475
117 5 14656358.9310041
117 6 71805911.28011101
117 7 14888107.918071523
117 8 125880044.6221664
117 10 15143828.38522614
117 11 59504464.656111255
117 12 18551655.279242393
117 13 177860509.06905127
117 14 234259491.63481215
117 15 3003358.613631592
117 16 9084893.675023444
117 18 3497149.8481287924
117 19 290969075.55481845
117 20 14570459.992455892
117 21 77682088.30674323
117 22 167778.61094121815
117 23 149098.34054907312
117 24 1334824.2933807175
117 26 4694353.176805989
117 28 342855.6661542789
117 30 896920380.6989914
117 31 370882612.4060958
117 32 240942013.7957248
117 35 111292376.59486778
117 36 29182378.125983477
117 37 63039079.14926852
117 38 51951182.00070569
117 40 565166412.9452629
117 42 491382.5219009421
117 44 358937913.906752
117 45 52729148.05988021
117 46 83023543.41229956
117 48 10174965.612759992
117 49 86075951.41568683
117 50 1052761.680705045
117 51 26360975.613456737
117 54 1420337436.429393
117 56 454076062.84092337
117 57 66108.51161467115
117 58 6083072.375495466
117 59 11527524.334867183
117 61 14476599.562692266
117 63 3517078.141723119
117 64 283734743.0883029
117 65 15505478.977736115
117 66 58990836.34058566
117 67 587733167.514594
117 68 85429894.67716384
117 69 203637631.10355562
117 70 359613935.381489
117 71 306268358.3900798
117 72 28181963.59756282
117 73 75200416.19528067
117 74 659568641.5766526
117 75 46160273.48500799
117 77 47031923.59742547
117 79 397560999.74416095
117 81 8258102.178776795
117 83 13018565.280427348
117 84 200677727.15049905
117 87 3040190.7557601733
117 88 3288710.642645606
117 89 33795865.27642597
117 90 20907874.40599058
117 93 5122155.102337947
117 94 135291797.79871568
117 95 510011.1213114277
117 97 193218559.42231917
117 98 4758686.308478419
117 101 892781753.4617993
117 102 182796883.03979632
117 104 5648818.597689619
117 105 46291684.392318495
117 106 203863194.77469316
117 107 160355123.34044623
117 109 3148896.573413796
117 110 9488238.737562694
117 111 10203422.091682693
117 112 24624286.054472595
117 113 91184598.35292916
117 114 623225515.3201736
117 115 20071473.246291075
117 116 8365599.790125886
117 118 321578620.4010797
117 119 1243832.628524741
117 121 5351464.55991413
117 122 3564312.586270785
117 125 738648025.332768
117 126 27111516.092952743
117 128 2352964.654693246
117 129 19075140.05303077
117 130 23242142.910914794
117 131 126785667.26461415
117 133 189642767.58639643
117 134 4780821.340889367
117 135 5962557.2107082065
117 137 84572056.81080869
117 138 569570966.7954305
117 139 66445185.63830183
117 141 3894790.1020861412
117 143 922954.3016326409
117 146 69845711.71693943
117 147 298238219.65756947
117 150 182200901.2693261
117 152 370128934.1486784
117 153 65560734.20841179
117 154 82141000.6217692
117 157 100101083.22357874
117 160 3418416.8878607987
117 161 17512222.785564512
118 0 63478976.00130011
118 1 758334038.200238
118 4 227044372.28760734
118 5 2624000.2646689443
118 6 270805380.69706076
118 7 4162330573.981621
118 8 19885553.096707024
118 10 99501918.96477824
118 11 180642004.2066562
118 12 9390685.46021983
118 13 25298852.0978368
118 14 134307624.35232517
118 15 665653.406300489
118 16 2016910.8144717927
118 18 8292421.906572849
118 19 724516368.2352241
118 20 24321272.67699088
118 21 47057552.709695555
118 22 996379.3777649772
118 23 538230.2160447979
118 26 1397969028.3916376
118 30 396328629.9740841
118 31 2348625087.8417835
118 32 411661755.0652592
118 35 212420875.4978697
118 36 46076675.783786505
118 37 269295948.03661615
118 38 7704175.12073687
118 40 595396138.8090823
118 42 935873.0542248484
118 44 41874258.02013338
118 45 184937271.18307552
118 46 23019947.194221772
118 48 6068311.451137284
118 49 1267300011.0643365
118 50 8919705.909163378
118 51 5755965316.563621
118 53 674628.3571870086
118 54 4725304824.712892
118 56 521065518.93325734
118 57 701489.2278684726
118 58 6911779.260214588
118 59 1960116.4713635962
118 61 19031705.76382128
118 63 17084778.036342066
118 64 1041944279.5082017
118 65 1349094278.4154384
118 66 9138812.556307273
118 67 135296103.74007505
118 68 617141742.2960984
118 69 403336849.78018045
118 70 1828869559.3521404
118 71 1307118894.0812716
118 72 5974738772.79677
118 73 7319670.488480809
118 74 8737451063.644588
118 75 93542522.17499201
118 77 876979.956633021
118 79 1133445204.822032
118 81 7481361.520373543
118 83 172756154.86878872
118 84 222893117.00034407
118 87 28433.161714401067
118 88 11868144.48364004
118 89 163138774.99516466
118 90 2575955.1730034086
118 93 57712549.729807556
118 94 3148853170.3915052
118 97 305832511.6680864
118 98 6548105.154408001
118 101 6641126547.481254
118 102 213703657.8100376
118 103 44674104.37012945
118 104 10033149.501180565
118 105 17397029.553087033
118 106 458411538.67175204
118 107 69221347.99014543
118 110 2083449.5838433101
118 112 245762688.59048805
118 113 257179851.40689737
118 114 461558043.0506825
118 115 487885038.00348204
118 116 171091197.76256192
118 117 483473830.5678391
118 119 4834336.792455539
118 120 1286845.290838159
118 121 7694428.446875904
118 122 1788648.2911813424
118 123 1343787.8032134182
118 125 462939612.11412996
118 126 8023244.504688033
118 128 1869814.7126461857
118 129 1236301234.7444837
118 130 257055866.57203376
118 131 10222841.480038738
118 133 16850059863.942734
118 134 97600794.86056505
118 135 4132919.201926522
118 137 4761720264.935661
118 138 1290358642.1647818
118 139 100391154.6829841
118 141 5453321.574129696
118 143 9822235.534286292
118 146 229065782.77076837
118 147 17753130.500594273
118 149 1548542.1372998229
118 150 406236762.94501626
118 152 10579013955.436264
118 153 27563105.886406932
118 154 18218794820.14979
118 157 35210596.292901434
118 160 2169101.957824267
118 161 27816356.02056925
119 6 7063761.714915172
119 7 1152312.2023256354
119 14 4814440.990046665
119 19 5651350.267554646
119 21 527515.4411066135
119 26 892801.2717517412
119 31 918810.9896619638
119 32 2096093.1943487006
119 37 1473560.1151837336
119 40 2044252.0823099685
119 46 2074406.093734406
119 49 3555342.1805063947
119 51 834567.8433651394
119 54 406817.30315688206
119 63 400928.0982780016
119 64 2486857.842538689
119 65 490501.4261941187
119 67 979522.2369882175
119 70 3542255.579259548
119 71 4311052.476237956
119 72 173670.6841804726
119 74 435436.416837993
119 77 179265.39279357158
119 79 2242511.7549786335
119 84 620987.5266248033
119 87 587262.1846656309
119 89 369380.77374976303
119 93 24636.57346482012
119 97 2207345.8341062916
119 101 3562401.1446518633
119 105 1766669.1949617106
119 106 916532.7155785802
119 112 508777.78931179555
119 114 374363.94488606905
119 115 835204.8047879855
119 116 3718363.4954128056
119 125 1618305.8330018236
119 128 662071.2648461864
119 129 430152.4894088784
119 130 2297992.8428414753
119 131 3364441.605625449
119 133 10685596.045597484
119 134 1906105.930054833
119 137 2488327.1720711635
119 141 585293.4436420627
119 146 2967860.05737631
119 147 437381.7274029521
119 150 2926930.595286206
119 152 2491211.618613025
119 153 4348449.328539622
119 154 2187068.951203277
119 160 3640861.8200751687
120 6 5828617.465189316
120 7 3389571.073402906
120 8 5242697.059423171
120 14 703459.3878738575
120 18 344154.8340922573
120 21 662163.6613686741
120 26 3828256.206174834
120 37 3498031.23277549
120 40 379856.74364488234
120 49 991121.2402812821
120 51 254095.08156375808
120 54 660228.6763800147
120 56 1503317.5361685979
120 63 14779.367480089306
120 64 1511302.0692399666
120 65 76115.69435128414
120 67 452996.05397560645
120 68 74397.58891107421
120 71 2822038.5863651256
120 72 486657.95018476306
120 74 402202.3283202533
120 75 661915.6724858258
120 79 553389.3613335356
120 89 384439.9278989856
120 97 2219110.1720133373
120 101 425529.1484693397
120 109 757676.4420356845
120 110 38991.84163661739
120 112 1702270.8183488243
120 113 1915544.3289372677
120 114 1116369.3219154354
120 115 105442.86577544452
120 116 1600336.15085047
120 117 11477217.818007644
120 119 459234.3280765594
120 130 1228943.3504747532
120 131 218358.1957047278
120 133 1707749.468054639
120 137 142024.13577279728
120 138 950578.5579365431
120 146 2345445.8111147126
120 150 12081.634818709175
120 152 6320211.916999757
120 154 2920160.0231461423
121 7 7487477.139442837
121 11 1905570.2300360585
121 14 3636130.4005215853
121 26 1621308.6112586334
121 40 1698912.0127726693
121 44 530672.8217434409
121 45 7015346.543878192
121 51 671751.8676394919
121 54 893954.9408068806
121 56 971834.8973507618
121 59 660400.0701195728
121 63 5664611.493967173
121 70 975955.0671553836
121 72 2828017.930744195
121 74 4482823.372971304
121 79 2879462.6675489577
121 84 705810.5854700105
121 94 1808165.3960372808
121 97 1348143.2753928152
121 101 2123318.7081814515
121 106 1254579.4995426515
121 113 2361787.375600371
121 115 62294.27666772291
121 117 1280424.7642315277
121 125 3924272.2567643495
121 133 2039944.8853246288
121 138 1510048.424688285
121 146 843140.987568433
121 152 1027793.0973559683
121 154 2705213.527887382
122 0 635014.002405137
122 7 611205.7216707442
122 18 3325752.4359016563
122 19 6354324.289150696
122 26 88112.98100138645
122 32 2883380.933351377
122 37 9556518.023872154
122 38 2098651.4756599506
122 40 2549062.2533529564
122 44 772228.3463983588
122 51 6006143.42209332
122 54 51745.10254105805
122 56 4660469.730795468
122 59 440146.9655688948
122 63 4548236.05652917
122 64 3600939.0978103457
122 65 3363403.3799455063
122 67 14024013.345164951
122 72 3683767.4248534366
122 74 1209844.6289968814
122 79 1877582.7070996019
122 84 8581104.222737731
122 94 7295573.16984839
122 95 2740018.8494195137
122 101 2307197.3666665717
122 102 1021676.7079412497
122 105 460036.75710016186
122 106 9479908.65718035
122 112 8354422.489432791
122 114 1224552.3220059052
122 115 11138241.003958534
122 117 244174.69694192312
122 118 1752706.6105210518
122 131 2251146.886397686
122 133 6345299.521894166
122 135 2373301.8627167447
122 138 3522008.081679328
122 143 1796409.3596817597
122 146 3892579.0021586246
122 152 3538659.566154236
122 154 350140.31920305855
123 4 2754361.1708722515
123 6 1671206.1002693782
123 7 1511148.3225997617
123 14 1070490.4166226403
123 19 865894.564561795
123 26 355217.6164466831
123 31 140994.182392686
123 35 2722228.7382915425
123 37 812603.5646206667
123 51 1185375.6246630922
123 54 517382.0398438638
123 56 731114.3752482022
123 65 653608.927956956
123 72 598936.4846575287
123 74 3180534.435973206
123 79 467599.79631886433
123 84 256641.80591006926
123 94 501667.0474906861
123 101 139652.76597282678
123 107 1368962.613712462
123 109 465479.5512931645
123 110 177639.21531731111
123 112 97061.40410837119
123 114 105948.93595360138
123 117 1333118.681372158
123 118 523831.79710982816
123 125 384353.31726636493
123 130 829174.9066847303
123 131 123207.21625939828
123 133 1296.1224599656302
123 138 226709.02533327095
123 152 419170.43064126105
123 154 1307452.5267704076
124 6 12569.070093873172
124 7 401981.71913436666
124 11 343680.1867570155
124 14 12054.035788625159
124 26 144527.2288411789
124 37 599575.2373349469
124 40 131000.10387983895
124 49 655204.2457233171
124 50 154158.34839109227
124 51 2664491.4676954253
124 54 162995.9842880671
124 56 375052.17444110796
124 63 320049.44387912634
124 67 66309.3273566072
124 68 931880.7570984728
124 70 479973.4784831988
124 72 23472.484124082843
124 74 365971.65457028855
124 79 67596.9103161619
124 84 221151.04695613458
124 89 325731.1329315735
124 93 259998.25588657917
124 101 133844.152959646
124 105 1623876.1146634992
124 106 1029246.2006150181
124 112 1145407.0795065605
124 115 873036.3805417451
124 125 88072.36450101624
124 129 434674.3336509616
124 131 108648.24557064893
124 133 188938.94357931783
124 138 125418.82020948413
124 150 319405.7662299477
124 152 106825.62851356083
124 154 142665.5020717356
125 1 127607778.2845638
125 4 21689210.780769475
125 5 9605050.200201837
125 6 535771172.1456548
125 7 3599024643.263586
125 8 36541244.977336854
125 10 6150493.041090825
125 11 11653237.367987609
125 12 2044982.6492055662
125 13 46296947.12376379
125 14 634636278.5073956
125 15 1540752.3490771907
125 16 4073080.194745724
125 18 17531471.15381582
125 19 477029566.8635287
125 20 8760331.71973227
125 21 131136.4105150294
125 22 3799984.0129674724
125 24 5161830.210694248
125 26 1379302612.7272632
125 28 51319.41658887189
125 30 961666802.3745137
125 31 1368284028.6893232
125 32 83818802.90477985
125 35 82352881.00907396
125 36 11324041.218800358
125 37 157255109.62786484
125 38 183174007.68779957
125 40 1585786257.0664752
125 42 157077.66636309106
125 44 14025352.109010505
125 45 9274817.010325586
125 46 96076081.08763967
125 48 13056158.6030113
125 49 1449097172.4398217
125 50 7901701.834466621
125 51 1723252835.3532217
125 53 982145.9789591064
125 54 582754081.453768
125 56 1847013111.7594314
125 57 97113.06193538234
125 59 10964892.280980088
125 61 339436.81148010696
125 63 441135.04874897643
125 64 152148934.1841278
125 65 695663242.7844106
125 67 622311477.873228
125 68 83236900.31704222
125 69 487855346.7015501
125 70 159011525.0980984
125 71 830514778.3986375
125 72 479953703.95587254
125 73 35112215.59559185
125 74 1475602905.3057263
125 75 16222050.500707604
125 77 28438033.649401933
125 79 2528069190.183224
125 81 356122.4302166908
125 83 5562043.085590538
125 84 4548608.539045017
125 87 430973.72716664907
125 88 44222096.938149154
125 89 370634119.3764298
125 90 2056988.828732629
125 93 18754022.624042563
125 94 341397059.47213405
125 95 3041437.294987682
125 97 459103674.4053366
125 98 784118.1100108664
125 101 2371117661.3781185
125 102 509777651.15272605
125 103 20874255.320680987
125 105 15226408.550791178
125 106 299820934.46598107
125 107 9661593.975787539
125 109 14199569.64278488
125 110 8867051.685477607
125 112 4874045.550572187
125 113 496147119.1323965
125 114 64307759.37632152
125 115 1574941179.5183165
125 117 218201315.93452176
125 118 351850220.6671972
125 119 2651899.4741319036
125 120 14070.832234437636
125 121 2475325.8747273604
125 122 5314868.169633011
125 123 921176.0296988202
125 128 6496955.610261907
125 129 122099565.19137792
125 130 317988055.6231834
125 131 70562979.85418826
125 133 3090001742.991903
125 134 40923766.15922937
125 135 26487741.99090927
125 137 1821832731.387062
125 138 1299384951.2431176
125 139 111282585.38561685
125 141 4571341.863680571
125 143 757567.4160188272
125 146 55553338.90388295
125 147 305407468.2224025
125 149 47545143.55441232
125 150 3569750.6849283474
125 152 71039105.6948832
125 153 44585951.453011364
125 154 564310267.6796157
125 157 196185119.30809966
125 160 12830729.562305773
125 161 367923.14362854074
126 0 2373153.0652569556
126 1 3034616.8110861806
126 5 1765934.2023840786
126 6 5477234.123396439
126 7 6601615.5864368025
126 10 3664918.1672698543
126 11 7537935.560253088
126 14 878774.966600161
126 15 1291002.5423011878
126 16 235656.90063803465
126 19 6190403.146490991
126 20 7652048.811677405
126 21 512781.72152909177
126 22 2060072.6185603745
126 23 4644489.191669924
126 26 12994707.181446513
126 30 185560.52454841565
126 31 3590192.7188715977
126 32 9496366.191843513
126 35 13243608.906846592
126 38 13272508.768063085
126 40 8016210.965813898
126 45 5475216.976523328
126 49 2913891.710916201
126 51 784187.6944252886
126 54 12128087.904238172
126 56 3987521.3258820954
126 57 747141.0322840128
126 61 2614259.7657730193
126 63 5519351.377553777
126 64 8483340.948163586
126 65 15605446.269297162
126 67 4024485.5804950898
126 68 15691390.035653394
126 69 3485964.9805148025
126 70 3291198.746457552
126 71 4657032.267847404
126 72 28081001.968365844
126 74 1439596.3167802852
126 77 2841359.1754285074
126 79 8462199.708466265
126 83 12609128.607921936
126 84 7119567.807975233
126 89 24757283.851408254
126 93 7193079.75708826
126 94 2220766.95031721
126 95 1727671.9333450375
126 98 3095355.2137152776
126 101 12712267.466257136
126 102 16075567.078101704
126 105 10420159.734856691
126 106 6151872.220284271
126 107 8273059.916806086
126 109 7390207.597403467
126 110 1154778.681999054
126 111 14751.7006207898
126 112 9091977.195557144
126 114 18899263.14390252
126 115 3843726.489111049
126 116 14338984.99919519
126 117 15402374.941091768
126 118 561329.8054283471
126 120 3063175.312290828
126 122 723381.8701762813
126 125 1439834.5064851164
126 129 7589736.364333233
126 130 5332014.881861645
126 131 9403732.52677908
126 133 8447847.648632597
126 134 8991286.678816369
126 135 22233943.998851605
126 137 4405576.180634722
126 138 4965761.61153381
126 141 2498343.530361813
126 147 4410872.376401691
126 149 2754135.288239934
126 150 1915770.230204221
126 152 9442408.43846414
126 153 20380387.682498515
126 154 5377837.24161675
127 7 4786388.797218354
127 11 7607174.452702582
127 12 1846547.83400716
127 14 8625796.646624818
127 15 186420.56206189728
127 16 5511016.788780732
127 18 19548315.69498982
127 19 2435302.164496156
127 20 1650393.4355142897
127 21 1799358.1955617627
127 23 866173.6892797424
127 26 9156121.573207045
127 31 10257370.289608976
127 32 1758476.8830596167
127 35 13969891.706541602
127 36 4757057.838852934
127 37 4171734.680043398
127 40 380846.73497734894
127 44 602995.3595379619
127 46 863658.6204744553
127 49 1827824.9943671585
127 51 1122211.9289495016
127 54 5521881.969146021
127 56 14200332.843546182
127 61 1068727.8620114794
127 63 5860879.849949288
127 64 806567.752139205
127 65 714789.7493382893
127 67 14683535.63295206
127 72 1348687.4892284307
127 74 1166211.4803277946
127 75 1757774.0000236128
127 79 3760218.909661614
127 84 281239.00744371285
127 87 426698.4673787643
127 88 652116.3487272658
127 89 631606.8847188249
127 93 5629231.742958315
127 94 5224372.874715808
127 98 609284.9841834831
127 101 550309.6297448117
127 103 657307.7835574846
127 105 2154053.980058032
127 106 9848509.122983892
127 107 3217699.1689464296
127 112 6432236.836920938
127 113 462804.9148654077
127 114 4010108.1805108855
127 115 783090.9547920817
127 117 1984976.5446009962
127 118 696348.791153921
127 120 465101.8361471398
127 126 7771693.364938342
127 129 223574.50324884822
127 130 12430385.483450204
127 131 152199.04533686972
127 133 4620880.962680934
127 135 3403360.0343631264
127 138 6558337.138656345
127 139 2506822.6325218524
127 141 2081537.2342964136
127 147 4404661.54839211
127 150 867646.1452099255
127 152 2139632.594801276
127 154 2526865.6640534475
128 0 571800.5613331735
128 1 966773.1978270786
128 4 3329709.1852313597
128 5 963.5677462997671
128 6 950612.4702678579
128 7 953366.9438710705
128 12 734847.785317828
128 13 5189725.584677427
128 14 313548.57851143234
128 20 1296777.2911477264
128 21 2307082.830344805
128 22 577043.7339206043
128 24 222454.3829086942
128 26 1886522.3052419405
128 30 830550.6794227839
128 31 4779638.092876152
128 32 124924.4060964151
128 36 2122433.143453213
128 37 8724363.120098755
128 38 3267687.8855217686
128 40 1058404.3497395408
128 44 357111.9051447392
128 50 68350.45937447442
128 51 150359.3546446699
128 54 718819.3621399924
128 56 386861.6775304499
128 58 2077117.5485900247
128 64 398835.0126810746
128 65 2842334.1929431953
128 66 2777424.3518846403
128 67 4349667.452884401
128 68 1754390.2977114774
128 70 1071335.947366674
128 72 2911071.6807127153
128 74 1202092.0722880042
128 77 3817154.037326962
128 79 2718869.796038491
128 84 4787645.5169060705
128 88 2097387.1790177976
128 89 23299.361007741576
128 93 4289947.764734007
128 94 295059.1066288846
128 97 3514602.4352385295
128 101 1822275.9161044604
128 102 4135596.9401797606
128 103 2327996.8547874484
128 104 1605829.2513410097
128 105 2635634.803741388
128 106 922127.194520916
128 109 2840236.7452173857
128 112 567048.8499391248
128 113 209419.23359891036
128 114 2495248.156299746
128 115 1102454.3102975527
128 116 2043723.7595177414
128 117 198195.98733455627
128 118 355774.02616915264
128 121 2271155.4383567395
128 125 3472402.10504304
128 126 2443405.9252602635
128 129 183982.17978311426
128 130 1131786.574412214
128 131 6221380.9920973955
128 133 7235894.6819595415
128 134 10503607.13627769
128 135 461991.3024729755
128 137 728456.6015469986
128 138 1369890.8719761109
128 143 771069.987125741
128 146 707388.7176031036
128 152 5172180.596245428
128 153 1466683.3311233378
128 154 124312.95729807453
128 160 806041.2708289985
128 161 459767.7981071037
129 0 11935841.381976504
129 1 844785128.7294388
129 4 183925593.33749422
129 5 4587620.887402969
129 6 546674589.3378763
129 7 1086138394.9056654
129 8 22768381.786439374
129 10 7645079.255763245
129 11 65895150.67256559
129 12 15857887.586501908
129 13 427248367.2591921
129 14 293794285.4011762
129 15 208120.51586611746
129 16 13623158.24405582
129 18 17548384.381232124
129 19 1140224837.3600454
129 20 634753.0924245863
129 21 64431010.53119333
129 22 2780013.612151135
129 23 1477790.167539968
129 24 12115321.528030861
129 26 2290913684.6255207
129 28 217953.3340753755
129 30 195109339.04678315
129 31 7666913494.549563
129 32 154730595.86920345
129 35 210228511.04173723
129 36 10027082.877707552
129 37 18931461.739079967
129 38 18373335.137863085
129 40 182579700.7306891
129 42 2343647.7086184113
129 44 25137865.339344915
129 45 22012740.342170786
129 46 463715.51526458235
129 48 14056621.28072148
129 49 32172048.991528757
129 50 28131085.72695538
129 51 15167074739.994905
129 53 683922.504172102
129 54 7930773799.951103
129 56 445610719.79458934
129 57 3122694.847717223
129 58 139685027.85183948
129 59 11012625.69968348
129 61 10200220.346922524
129 63 721279.2643914312
129 64 1710741861.8686516
129 65 135575921.27914295
129 66 123131049.22779815
129 67 736254913.797895
129 68 2761844420.246785
129 69 1030225545.6911765
129 70 326483443.84565115
129 71 5375135.991458331
129 72 1045982500.1871316
129 73 119189601.79495238
129 74 2048986246.2918818
129 75 35368440.640423596
129 77 139662537.84163085
129 79 14958314352.397692
129 81 1263935.3911415404
129 83 58612371.05991904
129 84 2296009.433352502
129 87 1180614.5965538456
129 88 240006.2265186541
129 89 142809207.0654648
129 90 188669.92827543445
129 93 6552301.67736444
129 94 199599000.22411567
129 95 4440033.218082244
129 97 57433074.2029351
129 98 2897442.4589060545
129 101 882781075.5634857
129 102 35132687.42970934
129 103 1973576.2709086658
129 104 7372936.961693738
129 105 85223991.27798119
129 106 1237238569.5272915
129 107 30594281.47788188
129 109 46874820.92604051
129 110 20332787.550685965
129 111 31159726.657110915
129 112 45176901.57962689
129 113 17602392.924199384
129 114 231808052.45789477
129 115 468102251.9898834
129 116 90823988.03579761
129 117 334981203.4481212
129 118 822498678.3367568
129 119 1630297.6937633008
129 120 5194681.622962912
129 121 2967149.426510543
129 122 246995.29276410336
129 123 5669013.418099196
129 124 1756647.578292756
129 125 594242274.9157665
129 126 64931792.000154935
129 128 17717671.13562073
129 130 28800059.122705564
129 131 6805450.659025192
129 133 17395290806.094902
129 134 73178157.47109106
129 135 17281201.559823576
129 137 1091514880.6400926
129 138 1350776760.579356
129 139 103926418.86399284
129 141 1586386.038426935
129 143 3092163.635946031
129 146 87958960.60152757
129 147 1616808099.228687
129 149 52962919.86641925
129 150 67117839.35590371
129 152 312848384.2667543
129 153 70205464.20834778
129 154 295221395.74440014
129 157 55175945.52629903
129 160 31202944.881181814
129 161 16626752.134417942
130 0 6754525.011303663
130 1 12972579.630956054
130 4 316468370.6129637
130 5 5106973.59428053
130 6 146048719.20861548
130 7 140568872.25988185
130 8 60616828.8958365
130 11 48287400.44565842
130 12 4358967.321863424
130 13 28964156.782082874
130 14 181269027.73662823
130 18 13323439.199033005
130 19 402588087.5568875
130 21 5281397.923279398
130 22 6935842.403089094
130 24 6826133.067403155
130 26 240342706.9831639
130 31 22439312.190859273
130 35 209953875.61154473
130 36 6161297.191937954
130 37 180199270.93047288
130 40 5874333.606492674
130 44 14542879.0024824
130 45 140563173.4539594
130 46 14224804.704438996
130 48 5676760.626999564
130 49 69106311.64530791
130 50 29972696.595964223
130 51 102438782.07796398
130 54 607415543.5394679
130 56 602141375.8573627
130 58 120924901.57188432
130 59 10192861.5668892
130 63 3593137.3709889045
130 64 64998296.22293267
130 65 208517277.6215431
130 66 27561663.962856308
130 67 17943322.460286334
130 68 41091952.21368359
130 69 201094085.95311487
130 70 915551.5626518955
130 71 317864726.2118673
130 72 656731687.2235475
130 73 62868675.0473648
130 74 62212988.13574522
130 79 9066856.033771606
130 81 13179728.2270387
130 83 12122367.14910172
130 84 99119469.91294628
130 89 1143430042.5497425
130 94 136774876.85242906
130 95 12746544.675979882
130 97 208419840.5860794
130 98 4467416.316836237
130 101 67280531.41398826
130 102 10834739.346485287
130 105 11923614.492905257
130 106 125158613.12399738
130 107 80637643.69527744
130 109 2932763.5591720818
130 112 1382159.96255333
130 113 147491123.74864802
130 114 213313738.31726256
130 115 470997404.0875689
130 117 3218125.539595332
130 118 83346522.46142307
130 119 5363774.522950553
130 121 863961.0902118199
130 125 60386081.91228984
130 126 16068618.183667166
130 128 5189908.197537335
130 129 249318312.14370716
130 131 17738857.241059
130 133 479046903.65896094
130 134 58948605.28059836
130 135 48130466.87685954
130 137 64696411.1698895
130 138 32403023.786398694
130 139 33005655.81012763
130 147 111173606.52592576
130 149 8426379.53833179
130 150 52060499.96710954
130 152 601209406.5985882
130 153 8428999.577195661
130 154 139622223.74130902
130 157 48944350.356410846
130 160 16577705.565358272
130 161 3865106.3017568868
131 0 7734938.623057405
131 1 93279506.91904029
131 4 42580215.698857576
131 5 26920547.015732262
131 6 61785699.884500295
131 7 2158187201.4207926
131 8 1411331.3874688412
131 10 11056265.882480225
131 11 208645106.4884981
131 12 96681.3765064419
131 13 137198498.35581088
131 14 194409400.4680708
131 15 1712814.7407244805
131 16 4014660.202874246
131 18 4824977.4092108095
131 19 300174750.1301777
131 20 49253166.382038586
131 21 3114668.609730982
131 22 2132879.4714102834
131 23 779368.9306755445
131 24 35600645.62438409
131 26 177208929.8926498
131 28 1864066.0781713964
131 30 430046461.28076553
131 31 623649197.0082723
131 32 46521069.994165614
131 35 411371244.94705015
131 36 89525706.01998755
131 37 38847668.88223187
131 38 48266836.75918967
131 40 5852297.70277591
131 42 1135876.5839820246
131 44 67114007.19372237
131 45 230058895.70603287
131 46 101572616.4402573
131 48 7739935.298912489
131 49 352563097.61559737
131 50 42906205.36254646
131 51 95299054.37146628
131 53 10312778.361569043
131 54 102246040.06719317
131 56 368405737.0105717
131 57 1056511.2856991156
131 58 34677432.77163871
131 59 2521348.6194612687
131 61 1724005.0272580308
131 63 63594942.03849567
131 64 725644530.4857293
131 65 293415211.74893147
131 66 4378391.342535496
131 67 283357608.81273264
131 68 304663528.44725704
131 69 142770865.08105707
131 70 914903094.1320146
131 71 382523004.22144866
131 72 321559599.2349089
131 73 45699850.769798696
131 74 188530263.14572877
131 75 15582223.112315098
131 77 1798796.3054933157
131 79 577530822.1771526
131 81 8251576.059905787
131 83 55754615.6661638
131 84 17554884.11712861
131 87 8682310.260977985
131 88 14445533.982127106
131 89 877649881.3272779
131 90 11980386.249317076
131 93 22900016.90693872
131 94 1032921383.6238143
131 95 2643739.934441393
131 97 286342684.8983761
131 98 11962101.747719664
131 101 7852214.391746556
131 102 118824689.7031256
131 103 49672093.06256752
131 104 20974903.542943157
131 105 50256200.84947354
131 106 1220667415.3649578
131 107 31267849.084549088
131 109 18517368.594748892
131 110 919526.9457544042
131 111 45165973.64282246
131 112 10084823.558053734
131 113 234190632.9917332
131 114 102482336.05918822
131 115 317431914.8538071
131 116 3121489.2286810293
131 117 126244516.98949553
131 118 316579647.9602275
131 119 2428331.054093602
131 120 2599685.570081
131 121 2878243.0237031253
131 122 1014887.4373386785
131 123 1407916.9647855393
131 125 312083946.612702
131 126 8174248.923396407
131 127 1685890.4019414051
131 128 5192489.894843012
131 129 307033670.14585155
131 130 59957260.43526715
131 133 1220892205.9699447
131 134 13486405.744537113
131 135 16052663.80682541
131 137 211473301.0836724
131 138 684110795.2472001
131 139 21504044.797415722
131 141 35771924.79710525
131 143 1307256.5073866965
131 146 685549869.8732836
131 147 356570746.4420286
131 149 5501325.899024199
131 150 13392085.697300998
131 152 88654178.44391872
131 153 16961373.218432873
131 154 430561783.72220945
131 157 51606703.36409735
131 160 14756992.323962105
131 161 149006.7336435025
132 6 1570812.775122968
132 7 7896083.280171488
132 11 1257483.4646156225
132 12 2714023.9769697487
132 14 573255.8378815047
132 19 9638833.407565847
132 26 1446099.700950489
132 32 432976.9068948176
132 35 1896456.9912413151
132 37 1127049.2394257647
132 40 9327499.014405822
132 49 2788471.8422181043
132 50 1484640.4355341082
132 51 3666128.31915793
132 54 1427448.007567445
132 56 4818333.09667272
132 57 2538474.7219325495
132 63 28755.451785507696
132 64 3879809.0143368305
132 65 831982.558698836
132 67 2091069.1342669984
132 68 801535.2233177719
132 70 546153.1117816828
132 72 1684478.5720268867
132 74 375380.2614575624
132 75 814684.6321774408
132 77 3897381.9109549876
132 79 403226.3871562701
132 84 3176592.4361748183
132 94 1781572.119055821
132 98 1090307.701673582
132 101 10673987.66546645
132 102 487699.9790486414
132 106 3204117.4803190883
132 111 5166293.425162895
132 129 1312856.6620293902
132 130 536172.4620065353
132 135 2548141.502615073
132 138 3346177.6334317913
132 141 487591.49896934757
132 152 54539.40499418681
132 154 1476015.7217011175
133 0 33658165.49674934
133 1 132839161.24815246
133 4 138247243.0917301
133 5 1074903.9994018537
133 6 4048184963.5615015
133 7 813882854.3285235
133 8 12751594.669658331
133 10 115407414.49282864
133 11 71884479.64497957
133 12 2452750.735158063
133 13 169847866.35358158
133 14 832104996.2508049
133 15 5396440.076019139
133 16 23299832.55847397
133 18 8519764.997095041
133 19 2324727955.4931455
133 20 29422232.964951403
133 21 9910532.493795933
133 22 1380905.2464167008
133 23 3389697.518141517
133 24 19783251.077342395
133 26 1736278952.4531252
133 28 446982.29101003066
133 30 41161666.18459322
133 31 3660848149.5333657
133 32 114150542.70582515
133 35 181722821.05122524
133 36 39552718.505096875
133 37 104713555.42154361
133 38 19410899.247705266
133 40 227867781.40657604
133 42 328382.51065205294
133 44 230232485.7703162
133 45 476979443.7349382
133 46 79041915.53603356
133 48 8198549.893054015
133 49 1133732008.1839242
133 50 11067787.103256397
133 51 1108884248.0697627
133 52 111653092.46385016
133 53 64205.4945179201
133 54 35001823398.44878
133 56 325050673.3217103
133 57 8961980.965646064
133 58 158619910.0788272
133 59 3216560.531978709
133 61 20812168.5005214
133 63 11035704.33041487
133 64 2528489354.837174
133 65 1418834022.2255113
133 66 97514712.61529654
133 67 2057208783.0598547
133 68 315316318.6732428
133 69 57834849.32537183
133 70 1153815451.0172136
133 71 912613425.3439318
133 72 959962046.2241707
133 73 128722384.98884785
133 74 3018695585.8430796
133 75 98572848.22395469
133 77 14113253.289212504
133 79 364669220.4002279
133 81 7587814.989312938
133 83 222338685.4420581
133 84 36720755.22899251
133 87 19264083.202053703
133 88 12086662.64420055
133 89 677165206.2430019
133 90 25587565.295629036
133 93 5784535.774430161
133 94 8529491264.604226
133 95 997493.2567462616
133 97 119126466.8174039
133 98 347264.4482199226
133 101 4357329670.422587
133 102 297755403.4164909
133 103 42992610.02933399
133 104 2192195.67738491
133 105 350007455.3840402
133 106 453242005.61467814
133 107 247788811.92309824
133 109 22742038.431478254
133 110 9482438.940319551
133 111 9979792.21141688
133 112 46466842.55286303
133 113 869994085.1313984
133 114 462473330.2078571
133 115 182783701.781537
133 116 25655339.934914466
133 117 547629149.8758883
133 118 399630409.73629594
133 119 4260675.276994806
133 120 1620650.1893139477
133 121 6847339.4082120685
133 122 4286709.879220068
133 123 4066248.503299823
133 124 4979968.1563782925
133 125 1871766065.7938135
133 126 5555901.916575983
133 127 674596.698146156
133 128 2360441.287234121
133 129 2598497517.1849594
133 130 269361927.41478896
133 131 224237189.1105761
133 134 17015197.351218197
133 135 14744556.349828873
133 137 4371032973.331458
133 138 8261993707.2826605
133 139 120192447.49136443
133 141 3962266.855520866
133 143 318238.54607134644
133 146 54168147.24643429
133 147 4746546596.797721
133 149 2257932.780938733
133 150 637122445.6899662
133 152 2300162580.3466887
133 153 43942492.5126329
133 154 30709128437.979275
133 157 246404002.91603893
133 160 6840310.757074426
133 161 8330232.075432731
134 0 28281583.075399872
134 1 74324103.71897545
134 4 25190182.3008863
134 5 11042208.350889355
134 6 18560596.81271017
134 7 14956176.574674133
134 8 28141895.678768676
134 10 21347195.42699886
134 11 77123862.43178754
134 12 2397739.056810583
134 13 1920986.0310885438
134 14 91877686.47675572
134 15 403589.9905795193
134 16 5488627.738768332
134 18 18944051.200216357
134 19 22992245.197223283
134 20 1621563.1915857405
134 21 4799817.230322535
134 22 3750443.736263258
134 23 663743.5139766575
134 24 5322025.152432555
134 26 47291030.93640628
134 30 44008154.08436118
134 31 21298204.817132615
134 32 33668411.1580919
134 35 36289500.793952234
134 36 20463082.009541534
134 37 50212534.76105636
134 38 7817455.555044771
134 40 65506447.67148927
134 42 130703.4498320232
134 44 107662135.5155943
134 45 10140718.207723316
134 46 776390.2855927511
134 48 25055906.008573677
134 49 55296977.14052877
134 50 15858893.84503074
134 51 108748674.93647058
134 53 989938.7170428331
134 54 95283961.92544903
134 56 92410844.61681277
134 58 16455055.361220278
134 59 9872643.069649052
134 61 10535352.247089772
134 63 11527262.044826552
134 64 99753223.33780645
134 65 60070887.16346398
134 66 10022040.898311932
134 67 10537166.605575569
134 68 33751915.201953284
134 69 125398489.75443774
134 70 54287200.47783003
134 71 118123711.55638763
134 72 102055640.07603201
134 73 95044444.48571543
134 74 203991717.41696918
134 75 1189746.299674077
134 77 85474574.66178387
134 79 49837415.15541913
134 83 34617208.573746555
134 84 30013570.956649948
134 87 1437229.8854218218
134 88 6293738.783746723
134 89 88883466.88543296
134 90 13105878.68542201
134 93 9567710.351326484
134 94 236882521.61659682
134 95 33021162.0507051
134 97 12970156.359980982
134 98 2691892.8583686035
134 101 110054686.57500088
134 102 12955952.884343714
134 104 720989.0279073536
134 105 7519503.5004700525
134 106 104925918.246065
134 107 24877290.137860425
134 110 8147274.496956869
134 111 836165.0024253908
134 112 121508179.80848666
134 113 48514187.55482388
134 114 19487383.030317213
134 115 117169661.98492907
134 116 17986640.329307508
134 117 46001489.35590497
134 118 29414572.142471436
134 119 5611227.750665845
134 120 1120271.4932362488
134 121 3903891.8348506787
134 122 46270.52316737647
134 123 8466438.350441946
134 124 2011183.3894795917
134 125 240024815.41245732
134 126 20740130.591908753
134 128 2001371.2533842449
134 129 91145011.41867594
134 130 27778447.38004086
134 131 13218266.681614006
134 133 30013964.313702974
134 135 1521918.8540548426
134 137 46057728.799138226
134 138 4101790.479062121
134 139 58686336.30450254
134 141 13338033.308323879
134 143 2915607.135647644
134 146 71145925.78664891
134 147 4550532.95428521
134 149 33095698.465924554
134 150 194327820.96169186
134 152 66569506.98158912
134 153 9415058.32640069
134 154 175943729.71141735
134 157 74580044.08905311
134 161 76294771.47869003
135 0 2279509.295965324
135 1 25070789.32704391
135 4 7133682.572313582
135 5 9987451.728137253
135 6 71731556.07765265
135 7 177782888.32288617
135 8 3819724.9404300125
135 10 60725619.82686886
135 11 26612392.74652114
135 13 129249623.81914385
135 14 22364685.84043642
135 19 62375200.94892988
135 20 10486949.060774568
135 21 28387584.755783156
135 26 26546824.07668705
135 30 16984406.089868512
135 31 37140716.6341149
135 32 322824.9594532592
135 36 29906251.30828294
135 37 7272422.943794664
135 38 4489507.428168854
135 40 23240281.893050957
135 42 688203.0313694653
135 44 11365827.383871406
135 45 8475590.267497776
135 46 4820167.1139242295
135 49 13597026.959687598
135 50 11135262.462523298
135 51 34721228.41627335
135 54 57552081.6442754
135 56 1060240.2103675734
135 57 2678523.097999639
135 59 18578087.404753696
135 63 77591904.719702
135 64 7719428.656280007
135 65 22577757.726652358
135 67 48429719.45541033
135 68 193725731.1890737
135 69 15177758.39804123
135 70 12435888.305758467
135 71 2223685.6733330195
135 72 4761950.556229542
135 73 30112846.087313466
135 74 57969614.827258565
135 75 6403204.600214325
135 79 18707297.216750488
135 83 16430905.613776105
135 88 9029112.196445743
135 89 156462.63258979307
135 93 54081584.2675453
135 94 26446527.535769176
135 98 18326195.57046485
135 101 5166709.213225406
135 102 7155799.058671732
135 105 6189310.986975896
135 106 10319504.712646943
135 107 880741.8191988211
135 109 284501.8614324918
135 110 21757020.378409553
135 112 7253252.912257104
135 113 19716069.525683258
135 114 29486214.482966628
135 115 36599713.71134045
135 116 21393401.457274158
135 117 7066297.575341024
135 118 89654311.06269039
135 119 1253639.9505079428
135 122 1738240.2546237775
135 125 4406187.187213476
135 126 66451220.22082576
135 127 5436815.479159683
135 129 1896146.9530654869
135 130 1478697.896704128
135 131 34612105.54042307
135 133 93660217.31900758
135 137 24880171.12634179
135 138 68176842.63679062
135 141 2147148.2632904304
135 143 3447400.2323302873
135 146 14281529.559577126
135 150 8344145.3368960945
135 152 21203694.009573244
135 154 41649463.4115495
135 157 72996900.77986676
135 160 2830231.20211034
136 4 5321026.46414078
136 6 4442763.548887688
136 7 4476329.005580352
136 8 3433894.3333078735
136 13 1041420.5238356316
136 14 764420.5628279862
136 16 11052068.245906865
136 18 481225.5697409171
136 19 14499738.443751704
136 21 5156571.038733806
136 22 1209252.8540478616
136 26 4332306.675845998
136 30 3152362.974226138
136 31 7331736.604780851
136 36 12321796.693521252
136 37 17168193.383398525
136 38 9629090.878230765
136 40 1378094.2197166274
136 50 6146716.083718761
136 51 4085391.881597097
136 54 8596609.425909935
136 56 10626126.563824434
136 63 2389620.976669195
136 64 2712436.150503493
136 65 4362170.532569279
136 67 3758515.9774402096
136 68 31336014.702882305
136 70 3189424.387228021
136 71 6531371.364582963
136 72 3607102.588841972
136 74 761777.7915803398
136 77 3083199.8777504736
136 79 10070501.976719407
136 81 1946593.1520424811
136 84 7021250.951195163
136 89 1491842.0876561452
136 94 2091408.3538809752
136 97 7594994.822817934
136 98 2141342.4295284017
136 101 6247276.3305698745
136 102 14842719.827115033
136 103 8596226.440610612
136 105 4368526.517157535
136 106 2810745.015893152
136 107 52514.44565990523
136 112 6056744.507712801
136 113 7052698.1086523
136 114 1214370.8748429092
136 115 1349146.8319956039
136 117 5415204.002532194
136 118 13491021.210863272
136 125 4694402.879623694
136 127 233183.45124148534
136 129 5544771.99531959
136 130 5855550.311990754
136 131 340638.7315935836
136 133 921139.6984579237
136 135 4353228.376968437
136 137 962273.3119800353
136 138 8609129.772755044
136 146 330755.03381026775
136 147 8465255.841325395
136 150 22924852.73364428
136 152 1134745.440391244
136 153 722371.3870900001
136 154 10018801.108255941
136 160 5150511.113382933
137 0 10855599.84397771
137 1 41513251.608190425
137 4 185010052.46773288
137 5 4200784.610003636
137 6 995142941.9915799
137 7 69719189.62318802
137 8 9642473.34692084
137 10 29140923.118725967
137 11 247996221.28194088
137 12 627442.3367870505
137 13 37120030.24120566
137 14 442204379.33128667
137 15 2513053.138530363
137 16 583025.1620428714
137 18 2950332.632766232
137 19 2898680206.556187
137 20 36617567.37482743
137 21 179293562.12802345
137 22 1223811.557892925
137 23 20074267.258889772
137 24 3241293.244069686
137 26 1352443780.3011525
137 28 1513751.7852882363
137 30 17015760.92396877
137 31 1963187859.416673
137 32 626285861.6754217
137 35 45164398.81586074
137 36 4508945.869774917
137 37 92416892.00561602
137 38 158061616.57355452
137 40 185173280.17770767
137 42 1619284.7881159757
137 44 157811888.43380356
137 45 350554922.7915608
137 46 116583748.56496209
137 48 5591098.91211082
137 49 2084938907.57254
137 50 48175219.61115859
137 51 2538614567.610794
137 52 18419761.755343627
137 53 2287018.7591777374
137 54 2067785612.309158
137 56 635957170.960181
137 57 266695.80821118125
137 58 19613083.10456192
137 59 11780773.35931565
137 61 1254704.766592808
137 63 4940864.9417684395
137 64 1131594194.3017716
137 65 763073474.7900277
137 66 66067021.70170655
137 67 908560216.3064528
137 68 699121045.7219024
137 69 236960966.9926082
137 70 1207083770.7789307
137 71 388798296.62543714
137 72 2137930780.321675
137 73 82527294.33060826
137 74 1034001715.615113
137 75 17073293.386951115
137 77 12726312.589959975
137 79 5263737141.821679
137 81 5806226.003384995
137 83 25365846.048491683
137 84 64443495.541638725
137 87 2697706.5449985377
137 88 1368945.486133676
137 89 3199675824.105177
137 90 2567795.5964889233
137 93 10576968.216766492
137 94 1096751627.3327255
137 95 21265527.117607743
137 97 46090009.835380234
137 98 907892.7608866662
137 101 2684872440.7404695
137 102 94311725.79723324
137 103 1013320.4628880717
137 104 206422.1072325947
137 105 6424005.14284586
137 106 28287126.19856554
137 107 394981093.2918609
137 109 15273685.001064138
137 110 1946406.4904029362
137 111 7831367.924097386
137 112 132767046.54501016
137 113 445025981.1283706
137 114 110354014.78575228
137 115 643759365.6181496
137 116 59831418.92096039
137 117 97556409.22982079
137 118 2004014197.937269
137 119 734226.1086000733
137 120 47849.40586923534
137 121 239608.2901497351
137 122 1257265.7191521314
137 123 1284372.0963669952
137 124 112563.7303885915
137 125 4874008.0065047955
137 126 53654463.2501149
137 127 6030493.954053293
137 128 1410754.7758123733
137 129 2126129379.7201536
137 130 97403902.4354186
137 131 226724967.53650418
137 133 107195638.70924415
137 134 83844425.97665592
137 135 4806821.208222509
137 138 283795728.12204057
137 139 49529746.03508702
137 141 27601447.137780268
137 143 5334522.1303515965
137 146 95965109.78984678
137 147 398237165.5148672
137 149 726384.455135791
137 150 884842525.8866076
137 152 1828197536.4181457
137 153 84646543.65324116
137 154 724413059.6775007
137 157 22464962.546301678
137 160 7619390.035950514
137 161 4357376.100630743
138 0 8594275.565831102
138 1 475653823.4809121
138 4 188536054.68867165
138 5 1891201.0708994635
138 6 1135778775.6336157
138 7 816627852.4402252
138 8 2293680.1861307495
138 10 25732388.12669134
138 11 221109672.68171984
138 12 18644589.372702733
138 13 361577750.90093637
138 14 38557068.85268118
138 15 7768549.166259475
138 16 4740883.684785636
138 18 35407905.5486174
138 19 545987121.606922
138 20 12023202.875848083
138 21 14367785.717743566
138 22 2802708.4281014875
138 23 3244638.262473329
138 24 1457937.2997627659
138 26 1442767681.0426667
138 28 452455.4094543782
138 30 120833489.86692168
138 31 4774329809.106271
138 32 460595981.31570005
138 35 70875015.94953285
138 36 42615887.379927
138 37 42910280.45605431
138 38 24913160.304021455
138 40 1985542275.57775
138 42 317968.52426983125
138 44 320390253.9320303
138 45 25737921.915153656
138 46 77679326.06925109
138 48 7274676.707348047
138 49 1440017129.0665536
138 50 42671116.98748293
138 51 4598717194.001992
138 52 15492179.226890648
138 53 6205754.489347865
138 54 7222457811.234307
138 56 1703103817.8416233
138 57 1950660.6502889094
138 58 35337297.0155798
138 59 18173596.155432127
138 61 7223377.708420323
138 63 36430177.45297907
138 64 226479810.1435754
138 65 414875339.9387337
138 66 37665875.38752251
138 67 1357279981.928007
138 68 429421584.62758857
138 69 444110283.60702133
138 70 131435811.56252041
138 71 2486659.41829701
138 72 3497777180.26394
138 73 3553268.9636580623
138 74 4288493230.0829873
138 75 36728020.877431475
138 77 920251.559577161
138 79 383240260.8114485
138 81 175946.4699516689
138 83 33908188.093143344
138 84 17673771.150833137
138 87 1706963.7808908897
138 88 513776.37890963675
138 89 2482760968.3119373
138 90 7091588.481277913
138 93 99366916.70215647
138 94 2971646477.125122
138 95 7072921.147307806
138 97 18877840.92143466
138 98 2445106.574376945
138 101 133502715.10457872
138 102 61889753.14695361
138 103 18876220.04451586
138 104 6899108.174531772
138 105 294931603.6118454
138 106 567902707.6083224
138 107 242663961.68076372
138 109 6015176.944544692
138 110 153616.94255750932
138 111 14244522.275772976
138 112 384552499.4270053
138 113 65118295.01509136
138 114 624066490.0541039
138 115 2436935141.173281
138 116 19930322.477132387
138 117 217907075.35235006
138 118 241619731.49947387
138 119 1717116.3270358387
138 120 13401833.110121386
138 121 3982958.8803675957
138 122 2847577.892242001
138 123 2752605.7679603104
138 124 2356427.478970675
138 125 112183995.85559744
138 126 13857028.628378745
138 127 3057798.5021035997
138 128 12729588.277601535
138 129 6502659527.904147
138 130 64313903.71875117
138 131 233065688.45037848
138 133 1349239092.206505
138 134 384898312.0080409
138 135 110668355.94328257
138 137 751370164.1808395
138 139 47160496.93155686
138 141 6937979.151259037
138 143 8697954.121729102
138 146 2072426.1517717438
138 147 1910165982.1976097
138 149 9738127.117542969
138 150 1259616424.161765
138 152 713936411.069362
138 153 38356263.667675346
138 154 4010120866.682991
138 157 417752833.4604666
138 160 7695835.987479299
138 161 54327353.52732878
139 0 29546004.07160051
139 1 164949712.0558732
139 4 47296403.53698708
139 6 77233897.25455107
139 7 134185058.00218168
139 10 32272189.4086944
139 11 138292320.79284182
139 12 22047956.20898317
139 14 88922116.60119843
139 15 2663308.48881857
139 16 4817172.461093526
139 18 3614962.407762577
139 19 92874010.08136642
139 21 94087993.84978376
139 22 15420341.14839756
139 24 17429959.057517327
139 26 39309530.324693516
139 30 69409844.60583892
139 31 93132675.03953853
139 32 11213966.326153893
139 35 32149551.12484119
139 36 65971892.2468526
139 37 99421124.02349253
139 38 121321259.71457951
139 40 36994192.92255605
139 44 21899562.148100726
139 45 58445649.86256913
139 48 5303165.475448646
139 50 16182735.798554527
139 51 65241860.3212635
139 54 159475200.27162087
139 56 66460311.17652004
139 57 191219.67927945615
139 61 4278674.488654697
139 63 9886376.159037128
139 64 37488615.03133002
139 65 17283961.85536838
139 66 5739794.066395008
139 67 45149644.85721936
139 69 128293370.28979696
139 70 91026132.44052045
139 71 22167678.268670373
139 72 12447193.080978494
139 74 301366288.92046684
139 75 14513168.395167366
139 77 66575770.83983109
139 79 49463549.02700921
139 81 1227175.7165259677
139 83 18046156.00029349
139 84 31932967.167927857
139 87 2215852.6712686704
139 88 1692997.1311437574
139 89 73143994.21428739
139 93 29590413.63577835
139 94 115538841.3830206
139 95 9291336.417846164
139 98 7610059.583605495
139 101 87768227.65691157
139 102 1944118.3858381286
139 103 8402896.04988964
139 105 47514805.11577804
139 106 127953747.97312324
139 110 1524963.1843861642
139 111 6773658.331984373
139 112 34816002.26739036
139 113 150388252.50354138
139 114 56700484.38330584
139 115 11529265.664506674
139 116 107005656.98727052
139 117 78345271.74454382
139 118 357865453.00579953
139 119 165586.12902454808
139 120 3644176.1856350866
139 121 4888417.212041958
139 125 666765979.7269496
139 128 1518601.419556152
139 129 2407813.7007921967
139 130 11339754.61046101
139 131 9786792.921385337
139 133 39358816.95952065
139 134 77020334.5098858
139 135 7808007.429759898
139 137 362654084.0145231
139 138 162189620.44643027
139 141 12296096.803316275
139 143 185746.10597093453
139 146 24690574.903094787
139 147 90057031.89072694
139 149 2359645.87606092
139 150 48184945.94720501
139 152 156453524.08822864
139 154 7498294.456367358
139 157 210371691.70311394
139 160 20874619.607691526
139 161 91975.5829380994
140 6 15911296.880083514
140 7 2648647.3846701114
140 12 2570285.975698454
140 13 3083005.181263805
140 14 6009694.605847748
140 18 15031652.0627907
140 19 403226.0574013288
140 21 2811001.7668931587
140 26 3069417.4317387533
140 30 11423618.400145939
140 31 8408952.439055627
140 37 4406658.138686364
140 38 5231017.338000776
140 40 11022378.057605574
140 51 5774889.828052721
140 54 24318587.889267676
140 56 24637888.614191122
140 63 6443518.095413315
140 64 4597281.592857301
140 67 1525940.554175084
140 68 464899.16069540783
140 72 8001456.365769597
140 73 7602095.794777552
140 74 46152643.83346253
140 75 1629820.890476911
140 79 5515624.985209902
140 83 6482204.6550720045
140 84 24310703.629881486
140 88 5347153.829831778
140 89 9937854.603315312
140 93 4495263.101263538
140 94 8099892.041467875
140 97 5484385.433644369
140 101 2902910.9378204662
140 102 1296243.0772597957
140 105 14628413.35202352
140 106 10185699.248233112
140 111 20068832.45304352
140 113 6197163.715801829
140 114 39232307.41124489
140 115 17673556.917924903
140 117 3083751.351225695
140 118 1238759.0651325178
140 125 33193088.448272273
140 126 1516982.2718652522
140 129 6162470.8548847735
140 131 15587961.612633247
140 133 9638344.40599129
140 135 4665147.214339597
140 137 4243090.147095668
140 138 459180.39993006055
140 143 86379.78102773051
140 146 6970527.646068226
140 152 6124083.108702751
140 153 27318598.07241469
140 154 6902150.482013123
140 157 6307148.281013454
141 0 2113801.480926091
141 1 3122134.867955034
141 4 1383806.093245816
141 6 9703944.019315496
141 7 7894030.850283468
141 8 194755.21307852844
141 10 191221.98783943534
141 11 3736465.0359441848
141 12 12974357.374616504
141 13 6733925.5945818685
141 14 471080.37683651026
141 16 4701565.516897275
141 18 10581.91873529488
141 19 6421950.884141843
141 21 937046.4962542295
141 23 156411.74621676948
141 24 1628567.2742883144
141 26 18357238.089462493
141 30 9030637.31254467
141 31 5017603.7782973265
141 32 1687182.9749042168
141 35 6618515.901534615
141 37 11324932.303876953
141 38 12461817.327083949
141 40 21003229.8860573
141 44 7131000.873755901
141 45 12722709.93447291
141 46 534437.2050695238
141 48 152688.6414875784
141 49 10362331.051056605
141 50 1411569.664390281
141 51 21306506.644410137
141 54 5491278.367620698
141 56 7547605.235872631
141 58 25858524.40256617
141 59 3794189.664161614
141 61 2318913.2655207207
141 63 308996.9987891386
141 64 25901507.49919644
141 65 2823797.6216498055
141 66 378616.0514269896
141 67 3066951.636347522
141 68 13223484.410890166
141 69 2957906.7462811293
141 70 12195034.288979454
141 71 9518170.594561735
141 72 2669723.890795509
141 73 426140.0960529702
141 74 3221383.1534269964
141 75 6904009.0309909005
141 77 26384513.129563585
141 79 9048454.61784366
141 83 8501499.806900622
141 84 10338149.439557321
141 89 11697878.456918973
141 94 2955377.0778643717
141 97 3340535.567333156
141 101 6633990.7474034885
141 102 4960737.898651918
141 103 2567348.3813572736
141 104 2520268.4147871872
141 105 20673787.63287713
141 106 4611459.38634232
141 107 3152523.4409811236
141 109 8006401.491398322
141 110 11591396.756333694
141 114 7047188.532050179
141 115 582284.6595557142
141 116 7017425.144827066
141 117 14774983.425387122
141 119 2022611.6197487419
141 120 1186138.5203118399
141 125 8887261.326621074
141 126 2303703.136188001
141 129 10068448.53400416
141 131 13336698.59200244
141 133 24616958.936048493
141 134 3815552.547146846
141 135 427151.5023131522
141 137 11062910.710465746
141 138 21839094.37172433
141 143 6461528.024726512
141 146 6569944.996875978
141 147 20482640.072975606
141 150 8598479.020710887
141 152 4664305.839612354
141 154 10265006.961715939
141 157 2457154.355239146
141 160 4972074.010524197
141 161 6421747.656371237
142 0 2017198.3727205547
142 1 108779725.14511476
142 4 78416353.28187127
142 5 39857146.601849094
142 6 2515780318.417392
142 7 4397734118.5161085
142 8 23668831.805308156
142 10 74892365.89176051
142 11 2354831.65786559
142 12 43453689.70082438
142 13 79097663.57246253
142 14 1670976021.145209
142 15 2392257.295990369
142 16 9548449.341280218
142 18 19384343.660987437
142 19 171198348.41680977
142 20 21236362.743267197
142 21 35058376.2024792
142 22 3040736.6600726354
142 23 232642.86256465164
142 24 3752174.6333726724
142 26 1147297845.6695905
142 28 1215682.7090097035
142 30 795907329.076587
142 31 6205266394.1316185
142 32 11505912.113831948
142 35 37587828.44013677
142 36 31559323.668992057
142 37 347935149.7981421
142 38 30127252.48938107
142 40 1628343610.0689697
142 42 390406.5762144007
142 44 132572107.42336306
142 45 11229547.849390328
142 46 85321127.83500504
142 48 5606636.832734744
142 49 1042447421.0791904
142 50 26426262.287891123
142 51 5347820363.418963
142 52 113745478.94351089
142 53 3318004.926118824
142 54 12389921778.254267
142 56 1872706725.2704668
142 57 1294887.4358261055
142 58 41077790.12689446
142 59 10025412.884154577
142 61 18381246.666902073
142 63 2288238.210017937
142 64 136522609.94630525
142 65 1434128306.4039953
142 66 2921323.164082147
142 67 1288195397.5299475
142 68 793507328.2496272
142 69 297369134.57616127
142 70 1390626125.447136
142 71 103567054.6566346
142 72 1874266492.395326
142 73 89748823.53918722
142 74 3647584684.9897833
142 75 24918555.182040416
142 77 51976725.44876612
142 79 1794620641.5607545
142 81 6849742.748658711
142 83 93216415.07101265
142 84 21400253.08375924
142 87 10144518.530354675
142 88 11995099.173973635
142 89 1014405956.4830512
142 90 26127083.923004754
142 93 16374022.927359356
142 94 1790922949.2196646
142 95 13770170.521337068
142 97 164739525.7284824
142 98 2819803.5770106073
142 101 677798778.9049488
142 102 37682847.6869554
142 103 8093320.102144088
142 104 9576842.454666581
142 105 34471751.04797583
142 106 50938578.36898074
142 107 301761879.9021331
142 109 3642340.4868650297
142 110 2097879.366120673
142 111 43636432.23208455
142 112 216412460.08108723
142 113 1287324363.4616299
142 114 1105042283.0418394
142 115 738279346.7384844
142 116 24641065.437953264
142 117 414350802.3780862
142 118 157909400.49655294
142 119 642595.549943226
142 120 1034501.6620560503
142 121 3168555.3017106354
142 122 6499557.625332269
142 123 7748558.224499005
142 124 1762877.428040046
142 125 2211160679.426204
142 126 1095697.8696560794
142 127 2569600.511389885
142 128 4870264.401104983
142 129 4320681663.594473
142 130 782795304.107501
142 131 479364875.9797324
142 133 1408769167.7093859
142 134 15611621.29306222
142 135 36098950.979725406
142 137 2332988278.579673
142 138 1914377421.5418448
142 139 7220855.777381131
142 141 46114434.510196224
142 143 3239371.101597334
142 146 292732682.9834545
142 147 30614016.262031645
142 149 6956354.55010843
142 150 164270552.52924934
142 152 3205576519.7430806
142 153 1679661.0561778224
142 154 4594008179.90252
142 157 114121058.76051712
142 160 14816208.723837687
142 161 4931017.583152295
143 0 4322109.223913312
143 4 327519.48473196
143 6 309442.077340134
143 7 4817169.536655033
143 10 3413515.186215892
143 11 46660.564520023014
143 12 4726333.165173586
143 13 3829756.0214828965
143 14 3370735.698761541
143 15 2142563.686389357
143 16 1520363.841238645
143 26 1394127.2060551904
143 30 5248269.046332773
143 31 695065.3710189388
143 35 4162610.4154771436
143 37 2434027.2527554785
143 38 2380923.703612122
143 40 8674350.216743832
143 45 6261760.216397155
143 46 6339280.509086227
143 51 532673.7236141288
143 54 206853.6977624833
143 56 4940119.119356699
143 57 19456.360902208777
143 59 112063.90816763864
143 63 2307731.5719149862
143 64 6277053.845097561
143 65 968964.6199828028
143 67 4185254.9114557896
143 69 9311180.733238555
143 70 1903210.8721094122
143 71 1083293.7055846464
143 72 1798967.00791697
143 74 8935595.504579835
143 75 2895735.296066528
143 79 677635.0062435218
143 83 319571.17345225025
143 84 874046.9412338827
143 89 510919.0944183315
143 93 2855892.47369848
143 94 6590604.565851379
143 95 2943123.7211890267
143 97 865715.5754377791
143 101 1630411.0076033918
143 102 6316582.358592753
143 104 219361.56945933978
143 106 5565364.524204624
143 107 87740.56612999567
143 111 2042865.2507168725
143 112 2605909.3203895125
143 113 5285227.104637934
143 114 887573.5635146699
143 115 9196504.88759383
143 117 6350266.263043161
143 118 430987.5991489572
143 121 368647.5629001022
143 125 961781.9747830824
143 126 2040163.625253435
143 129 6895715.428645269
143 130 362167.92726689385
143 131 5563453.223041574
143 133 4009008.5580080156
143 137 2616354.402034559
143 138 27748.11183194752
143 141 7162274.03007898
143 146 678485.954720817
143 147 5988333.8652722
143 149 650001.2291197852
143 150 17584500.52188239
143 152 1245770.040874452
143 154 617528.3170678942
143 157 755769.3080309521
143 161 4043216.248895969
144 6 607192.7708091013
144 7 2355377.2736541866
144 26 553730.7846103238
144 40 653645.6281076028
144 48 3989588.1484827143
144 51 445128.05355642457
144 54 522156.74265933566
144 56 1601190.5360237188
144 63 1329237.5323909766
144 68 1393873.7480407187
144 72 1082660.984017939
144 74 34931.30942358062
144 84 4774456.916711704
144 95 461007.0672764806
144 104 1314684.4915963341
144 106 366715.296641007
144 112 1001480.7476615203
144 115 912738.6383631431
144 117 604659.8222640118
144 129 684533.1536444542
144 130 674524.0997386106
144 131 115522.1139649999
144 133 257140.7387502015
144 134 315737.26944910147
144 137 2408894.6794663994
144 138 4130143.3184420555
144 146 414192.6439351231
144 152 1050988.457769092
144 154 2593784.1921280273
144 157 3494550.1614154526
145 1 237484262.32893038
145 4 129459711.90325099
145 5 9919453.990719875
145 6 119396122.5281412
145 7 1916367.58710733
145 8 29674075.559696727
145 11 11908254.215481926
145 14 8423819.42971105
145 19 381848787.27307206
145 22 1180463.770295223
145 26 203380517.4724786
145 30 8352184.244639333
145 31 12968721.560952226
145 32 7732779.769729287
145 35 33266297.08031645
145 36 26650054.36726947
145 38 90353828.50029594
145 40 50616875.02172975
145 42 768801.6302465493
145 45 132873939.41716033
145 46 20756680.79786705
145 49 12703015.54436517
145 51 39782341.95760126
145 54 8967711.933592139
145 56 15711785.020117426
145 59 16532594.86008526
145 63 7183485.881537234
145 64 19957965.910815816
145 65 88506945.48443942
145 67 200985301.46243286
145 68 38225690.990728684
145 69 56849274.95150765
145 70 106944583.35665667
145 72 117217542.67860979
145 73 42476007.02313413
145 74 19260869.66381409
145 75 84443064.93231463
145 77 26908056.44627266
145 79 35063258.691562764
145 83 27811487.101211794
145 84 43111418.72935848
145 87 3662050.3589644423
145 89 70013149.79108806
145 94 96835733.43562704
145 95 17595286.21458997
145 98 339991.6493501777
145 101 151736235.01840362
145 102 10123580.294927945
145 103 18517741.112926338
145 104 1420106.6608492602
145 105 208432815.2893613
145 106 142288197.0921253
145 112 81440135.9437291
145 113 73172685.32106179
145 114 47124828.87740624
145 115 47649261.83479048
145 117 192738826.88530704
145 118 70134724.27060604
145 119 1409838.9284047522
145 125 107996791.828424
145 129 264752135.94083345
145 130 40690201.35153725
145 131 66775242.26589423
145 133 6298965.295473667
145 134 1575375.3531128948
145 135 34588753.48197993
145 137 96640882.7729265
145 138 264925972.11834085
145 143 1892268.2050237604
145 146 17886623.69273168
145 147 98821616.62113658
145 149 21855445.634470224
145 150 37506519.50024725
145 152 3160105.9734851765
145 153 33938685.210192405
145 154 21094442.253386077
145 157 118339565.8430328
145 160 24100860.339411393
145 161 32617192.97131481
146 1 18097210.965919342
146 4 32196984.6423778
146 5 13409314.805728443
146 6 194689556.3331413
146 7 45103260.65811419
146 8 9681726.717762858
146 10 80849133.77951677
146 11 68756382.33640222
146 13 126491235.44985475
146 14 149335453.9026777
146 16 4951578.045975317
146 18 6725655.628630147
146 19 2729896.526756054
146 21 18168289.504032772
146 23 2804730.333895992
146 26 446835609.405338
146 30 24566916.348558687
146 31 15873905.44198605
146 32 46412591.54867649
146 35 113358889.93105033
146 36 4853163.826179294
146 37 21561864.363236208
146 38 2304670.417362422
146 40 103668577.64065373
146 44 104263153.66672236
146 45 10516687.837696556
146 46 44774762.50450265
146 48 3910266.8387123565
146 49 16733276.07191918
146 50 972902.3974082673
146 51 17970794.368617732
146 54 36297748.06461551
146 56 11429261.59519231
146 57 2017536.3097565877
146 59 11738902.417643463
146 63 16575435.286614876
146 64 63564580.8956078
146 65 75419843.76934926
146 67 16558800.37467982
146 68 27878047.292049017
146 69 197906608.55071905
146 70 46198979.88254494
146 71 68925430.28373468
146 72 126777757.74111374
146 73 35556707.81018546
146 74 47259518.48243837
146 75 43477595.75824032
146 79 21416119.447713684
146 81 2980260.15171956
146 83 110513735.88053122
146 84 20272062.626295898
146 87 2308816.8158290344
146 88 3112805.532989344
146 89 177649138.2609001
146 93 60704755.98962715
146 94 194561685.4642611
146 95 203818.35425117912
146 97 28147114.845253855
146 98 16123808.178382177
146 101 11891793.498875124
146 102 13439481.699386701
146 104 12052548.870775025
146 105 28985026.1619817
146 106 7338516.184228427
146 107 16952220.19414391
146 112 2381192.2526751226
146 113 596977.5899034152
146 114 124323460.19368425
146 115 59113322.76823476
146 117 33262342.278465964
146 118 31450051.56091593
146 119 2840790.164705955
146 120 4722334.386951219
146 121 1435015.0113141509
146 123 5343155.47466298
146 125 15239173.342179744
146 126 34395204.64671576
146 127 3668773.376831897
146 128 6511410.959113892
146 129 369081766.8950574
146 130 63726256.235629395
146 131 318010297.16867405
146 133 97127243.00785714
146 134 9767468.735202063
146 135 9641238.434165552
146 137 226627891.6881328
146 138 39139654.767093934
146 141 4926449.09262167
146 143 8094270.41385903
146 147 28034289.81919144
146 149 16520427.020527538
146 150 230832867.69949546
146 152 143482504.2097074
146 154 150290016.8203454
146 160 518053.8192889282
146 161 15170505.077825764
147 0 21692848.50658971
147 1 142018380.12396502
147 4 203881050.49363604
147 5 23192699.317264013
147 6 104476161.24211346
147 7 1775340041.828513
147 8 16611673.687656678
147 10 10530673.327731889
147 11 215658986.79029533
147 12 24410497.343654703
147 13 426437831.0872067
147 14 191901738.15204024
147 15 9620608.885036686
147 16 178161.49960856407
147 18 19870208.967572384
147 19 1869203596.2051947
147 20 19164412.186366584
147 21 29897871.06632716
147 22 4981778.711654769
147 23 581939.2261495693
147 24 67257204.80400227
147 26 1334137444.1206863
147 28 1265600.8798685598
147 30 7605937.607770892
147 31 964087461.1135135
147 32 7987411.901015146
147 35 68183029.27276112
147 36 7597480.506976031
147 37 71813785.32543574
147 38 14403287.823742341
147 40 1216854756.1393197
147 42 1084781.3395413698
147 44 4761200.293780661
147 45 55125857.64934303
147 46 12346847.042155761
147 48 10751297.57655803
147 49 271704697.82138
147 50 41977203.18690808
147 51 330632290.50764143
147 53 10644742.317874333
147 54 307981918.55314386
147 56 618366881.4121445
147 57 1582728.2236750312
147 58 143965532.49100602
147 59 3057303.7034068652
147 61 6873476.170323384
147 63 4693087.559944546
147 64 161848292.17745176
147 65 321910584.84062815
147 66 72512737.97348666
147 67 504708590.0061645
147 68 72513974.38235162
147 69 94408616.69627616
147 70 414645767.9108217
147 71 276482404.4302892
147 72 122180115.87299038
147 73 57427879.40951445
147 74 404681141.3829249
147 75 46558115.36013365
147 77 4219416.172501252
147 79 720497424.9872007
147 81 1045006.8117732945
147 83 81269659.60024492
147 84 16607707.672413727
147 87 6448591.574404457
147 88 1568448.6293400985
147 89 3546873088.821523
147 90 12980689.457741342
147 93 3806487.602293196
147 94 542500196.4035386
147 95 1858613.6007763692
147 97 85155679.9777598
147 98 2365155.176387991
147 101 1693917743.1994648
147 102 202610121.74246725
147 103 61061859.50879773
147 104 26221840.739194013
147 105 152979350.26384124
147 106 182471514.1704138
147 107 57587184.18718017
147 109 22433019.80726788
147 110 2931530.407977121
147 111 3552240.8923881412
147 112 4639056.524518411
147 113 436229304.7426374
147 114 175835517.9494737
147 115 11396968.965011979
147 116 13475662.723638153
147 117 409634862.1920505
147 118 384408404.97649926
147 119 70628.27131923895
147 120 2809301.4827905134
147 121 8087923.167626632
147 122 5867455.124477975
147 123 1240447.4172454996
147 125 1544491633.6121228
147 126 49204955.88411659
147 127 153122.91660515248
147 128 1639455.792455725
147 129 61814788.79087192
147 130 544278084.4569905
147 131 79455230.79060274
147 133 323814875.61653405
147 134 155049992.57776326
147 135 27938754.625501722
147 137 1338123102.2218435
147 138 253739478.09101623
147 139 26309913.481293276
147 141 5171149.005580496
147 143 230663.1460710166
147 146 121775577.34605543
147 149 1554213.6497753947
147 150 769902081.8462217
147 152 123582227.36235961
147 153 35578154.2770626
147 154 251670593.25403672
147 157 238860038.83074945
147 160 8882873.676971782
147 161 22592430.378540415
148 6 88520490.42716901
148 7 115491548.64250937
148 8 4607055.7212258475
148 13 39475720.03085516
148 14 32111537.990763053
148 23 635963.956059592
148 26 49316507.85086608
148 30 20538975.535495583
148 31 7452391.278566505
148 37 37914901.55631037
148 38 47731901.67098963
148 40 38682591.14528908
148 51 118453288.23853499
148 54 145935148.30006322
148 56 29872097.97820737
148 57 3482866.0479817786
148 63 3029432.258096376
148 64 108579246.41682972
148 65 117317599.62114069
148 66 23598445.416378576
148 67 22657990.66262062
148 68 3692853.279031929
148 70 28739061.875091016
148 71 13797123.480528548
148 72 37831302.450329095
148 74 45391589.83670468
148 79 184412735.84901255
148 87 5007027.801053792
148 89 109742303.85801454
148 94 33757908.820394374
148 95 7802002.501895467
148 97 58196997.95476498
148 101 87566025.95427422
148 102 103289332.04467905
148 106 60150045.166989766
148 110 3807989.734394896
148 115 34997029.077123374
148 117 10997546.404991867
148 118 83925171.84874481
148 125 15756156.995063594
148 129 219127267.87790948
148 130 56598775.05195247
148 131 36096910.95741561
148 133 69535020.75025378
148 138 80322760.49027124
148 141 10072463.428726356
148 143 1276030.281262205
148 146 117718262.89729074
148 147 15661022.321027305
148 150 18504853.654961944
148 152 89060450.7146108
148 154 82145527.3014786
149 1 2905759.2555205333
149 4 8213423.75339235
149 6 3557367.3586674538
149 7 9851042.730599262
149 10 755777.9832180444
149 11 2331409.7492716666
149 12 3994503.591933321
149 14 1729085.836438349
149 18 3909416.0462150825
149 19 387132.28276603227
149 20 466965.74190756836
149 21 234155.5148740287
149 22 3230472.465648994
149 26 647985.1601969104
149 30 4120297.666341213
149 31 2413154.6060598916
149 32 8120902.09362121
149 36 336903.8900145428
149 37 3510898.0868244343
149 38 134482.6286628834
149 40 1797535.98487289
149 44 3283043.19065903
149 45 10194971.824344171
149 49 6573347.155148668
149 50 510920.7119243754
149 51 926128.5538535566
149 54 2994689.3730782876
149 56 2182292.892674838
149 59 571938.8528964092
149 61 6765515.771416081
149 63 312325.6701242641
149 64 7148372.928728706
149 65 11454554.983246867
149 66 440332.5709815711
149 67 1274808.0127380972
149 68 4702646.652121751
149 69 10723302.45645792
149 70 181581.9816276128
149 71 1873808.2393998727
149 72 8228005.968906399
149 73 1724017.2027702255
149 74 7971697.987958496
149 79 15419806.483720478
149 84 5347669.172373095
149 88 635695.8210170965
149 89 1001452.3598600578
149 93 16709938.244253904
149 94 1817496.0793034693
149 97 16731348.458982352
149 98 1326003.8253533365
149 101 2181172.7726020687
149 102 15671302.493028061
149 105 10693799.828216579
149 112 13868357.421871994
149 114 296811.6919165651
149 115 5971969.258697935
149 116 8310385.186406488
149 117 2651004.5165333916
149 118 4829686.568389459
149 119 1218251.8255226125
149 121 434294.4232230208
149 124 2680656.324474742
149 125 13477909.554392401
149 126 2030257.924178175
149 129 4916727.986610654
149 130 4558711.604639594
149 131 801921.9981826472
149 133 2857792.295929331
149 134 13803202.105382627
149 135 3516031.077514055
149 137 2377793.0620619073
149 138 6135552.434966299
149 139 5245194.446291488
149 143 3143871.015413863
149 146 715712.9255479623
149 147 5276076.592244586
149 150 6379121.981591079
149 152 946983.2641003993
149 153 3455912.308793928
149 154 6423351.665314016
149 157 12946098.261588134
149 160 159270.72158719166
150 0 34846624.30276401
150 1 11481592.635403408
150 4 57128757.68873578
150 5 199240.3137037725
150 6 222180687.4060268
150 7 656856105.1470752
150 8 20569755.98825108
150 10 31432180.723283034
150 11 37381100.17515209
150 12 35410954.77583468
150 13 22234123.90693531
150 14 178043125.75202167
150 15 6195440.964056143
150 16 574606.1966385992
150 19 239415332.7361691
150 20 112168079.5368094
150 21 34491069.508847974
150 22 11449687.798417099
150 23 576621.6731981364
150 26 1009906081.720954
150 28 2599042.3814631193
150 30 2009236.0782682374
150 31 260263756.1373729
150 32 263117218.57183594
150 35 1598460.8819272763
150 36 2817156.590395125
150 37 97082673.46284375
150 38 87792579.60842921
150 40 150468141.4090708
150 42 2517239.934477369
150 44 157980351.77944648
150 45 35784986.38515917
150 46 26135174.0775855
150 48 2646371.6048642467
150 49 61841682.78865087
150 50 16200825.31827986
150 51 1301447645.7051563
150 54 27602980.875843
150 56 43028802.53675993
150 57 1784895.7133171798
150 58 96932397.7954041
150 59 6754072.441336329
150 61 8716330.198690455
150 63 16051706.034291053
150 64 467459135.2702674
150 65 408739897.49974483
150 66 6705182.10309584
150 67 309804766.93960744
150 68 154294929.0463979
150 69 447400284.08264303
150 70 405165284.561504
150 71 145569195.69463035
150 72 554947430.5084406
150 73 149606117.89155322
150 74 64501692.27530304
150 75 124611598.66329318
150 77 29173990.926875755
150 79 108283963.72584812
150 81 1783305.0504208214
150 83 127916987.52111804
150 84 93834589.38347785
150 87 1605140.7277355716
150 88 12805878.708270006
150 89 576328209.8380756
150 93 22940027.081472542
150 94 149437925.96626303
150 95 31319166.51245833
150 97 44029350.32153099
150 101 270983312.30565363
150 102 87240045.05260536
150 103 9296713.70348016
150 104 530725.2564451483
150 105 72068952.7798613
150 106 105149751.58437419
150 107 7883761.532521938
150 109 53489890.07901572
150 110 532871.8590743958
150 112 162885919.75472894
150 113 305478806.1541057
150 114 336806944.9897251
150 115 461443276.34823006
150 116 22403065.260711994
150 117 118357138.74277306
150 118 58282978.58619303
150 121 1894970.299969848
150 122 626651.2515945731
150 123 134804.98944130473
150 125 168193716.14353627
150 126 36009276.18109929
150 127 6255497.514422763
150 129 127915962.44228509
150 130 165147089.68852073
150 131 260722478.1005121
150 133 578820611.122215
150 134 35679672.54317871
150 135 4174257.3711586324
150 137 36561243.60201124
150 138 10234916.786093349
150 139 7611949.907066767
150 146 140130347.06163508
150 147 27474780.700792413
150 149 2095818.9011757553
150 152 631959042.9621958
150 153 49153666.28778783
150 154 27338962.466587976
150 157 282002897.6259684
150 160 21628171.860119797
150 161 641204.8686794699
151 0 16532583.282396609
151 1 19483777.08913912
151 4 180002733.3632208
151 5 20789864.04185818
151 6 167945792.99453077
151 7 1328101735.927557
151 8 30187880.216444667
151 10 38360019.85180533
151 11 119984366.94071354
151 12 29145966.92856558
151 13 143500226.37280428
151 14 208842718.55734727
151 15 189870.93386974037
151 16 12882731.788635561
151 18 27185969.12359556
151 19 481739360.3092378
151 20 4975556.902333141
151 21 463726091.5452693
151 22 13702316.785699679
151 23 1637576.4738139745
151 24 4133289.610692403
151 26 598830954.7965788
151 28 298914.0019869088
151 31 178537802.91597366
151 32 492256511.7021029
151 35 62121092.96013204
151 36 15011268.383590534
151 37 31298162.781071685
151 38 101180340.1389977
151 40 431416108.3354743
151 42 765868.11047223
151 44 147270825.7616668
151 45 99645105.03147638
151 46 116516283.96449079
151 48 9459446.830947988
151 49 599775104.0950906
151 50 10586860.750254735
151 51 312683604.281141
151 53 2396182.052344088
151 54 93808496.32029618
151 56 428432387.69915396
151 57 736608.276989722
151 58 87036623.99156258
151 59 16010297.194481146
151 61 923482.5040005711
151 63 4697401.506541112
151 64 355191237.5625287
151 65 234198367.19628587
151 66 2154504.046050756
151 67 544780555.3473043
151 68 304024603.36936355
151 69 7524458.496446296
151 70 284921506.32469076
151 71 1705902196.373343
151 72 343096143.5228554
151 73 34613307.314139195
151 74 293045301.5975397
151 75 50019860.97648393
151 77 32654392.896962874
151 79 112186942.06005815
151 81 4861076.792987252
151 83 30251675.49810515
151 84 33200558.527411394
151 87 502915.82669269724
151 89 28329531.045564085
151 90 18192768.21648115
151 93 37832934.102785505
151 94 856291259.8600056
151 95 8064855.033234789
151 97 118377136.1219811
151 98 4769853.998451168
151 101 255611272.88191384
151 102 250663194.71394297
151 103 2323500.6335472967
151 104 10749056.372727001
151 105 34314957.94771198
151 106 27087397.48010962
151 107 89670907.5024946
151 110 8232805.903996508
151 111 45191436.37845666
151 112 25369086.55934811
151 113 296465885.36265385
151 114 301321176.0245708
151 115 1154535005.856165
151 116 44495197.05067151
151 117 188588415.26245865
151 118 204822636.93687013
151 119 2987562.4073607605
151 120 391792.26373420807
151 121 1189941.0467120465
151 122 7946819.955035379
151 125 298235876.3912145
151 126 20638268.717788186
151 127 12518599.747234711
151 128 2053810.8617973006
151 129 834277323.4044111
151 130 54866541.524339855
151 131 9351962.597357292
151 133 739173547.0265275
151 134 41127009.37435127
151 135 9216403.193781743
151 137 1235726103.696222
151 138 33219369.056869093
151 139 1557586.0626236328
151 141 1277083.2980814357
151 143 2805922.5006300434
151 146 64362201.84925517
151 147 658559143.0964907
151 149 14108787.206039075
151 150 79996104.20261343
151 152 819889592.6502227
151 153 17483983.382951904
151 154 382905365.23898107
151 157 338650971.0626615
151 160 4652022.984260756
151 161 4582276.978667303
152 0 7309980.410651045
152 1 50671911.55935497
152 4 541932613.3679403
152 5 12764413.477528453
152 6 1134119824.2609766
152 7 433717469.38008016
152 8 18517491.12000078
152 10 12829212.376230177
152 11 130414818.63370658
152 12 2108489.3043595618
152 13 7353138.822372526
152 14 1549132957.2028322
152 15 178831.19780886985
152 16 18295467.308400556
152 18 14733522.359386966
152 19 2168203510.87081
152 20 26002532.14176158
152 21 187359507.85156816
152 22 10598383.07011309
152 23 157015.3546938371
152 24 15772410.141198402
152 26 16473974540.070635
152 28 1234806.9632693024
152 30 865768235.6584316
152 31 1054063565.0463982
152 32 221099302.76447725
152 35 109200909.53136022
152 36 15242390.002249125
152 37 50811375.972030126
152 38 5409468.802003677
152 40 3270796384.9560575
152 42 2336428.4827808375
152 44 71035175.04548204
152 45 57737995.6399994
152 46 128407805.33811752
152 48 10346701.85966978
152 49 99166153.73594254
152 50 5400695.028609835
152 51 4879793258.933345
152 52 64054835.63757717
152 54 4076870713.895039
152 56 191661599.91631478
152 57 795965.3875573267
152 58 19769844.099025894
152 59 878215.4323834864
152 61 5008573.074346132
152 63 4044858.677032911
152 64 6252362724.459776
152 65 72479326.62503518
152 66 16403397.788267571
152 67 295173720.35386926
152 68 942769328.1907656
152 69 462802365.24422765
152 70 740495826.803896
152 71 781487364.8160113
152 72 535772583.00080615
152 73 116024569.09757215
152 74 8356988048.99912
152 75 48241966.33578488
152 77 20167540.6641314
152 79 6154083023.955055
152 81 6276065.435283489
152 83 37982933.71533118
152 84 24756320.95600282
152 87 266389.2408677086
152 88 12421674.922310214
152 89 364489689.1847876
152 90 1712532.2798328574
152 93 41737407.48304572
152 94 7506939806.578189
152 95 131344.6792918925
152 97 25435906.24738849
152 98 457727.42375228525
152 101 5150730647.794115
152 102 248096075.37554386
152 103 24797819.882929232
152 104 1309214.1064771782
152 105 177329470.51465836
152 106 360863396.9052318
152 107 113493372.96703951
152 109 51966366.103037335
152 110 19775148.871517617
152 111 12934326.99935681
152 112 47359374.00177813
152 113 730693795.3179405
152 114 1807984056.5306475
152 115 2460916993.6151066
152 116 7996060.424287842
152 117 160196302.23730877
152 118 1170432168.3206363
152 119 110630.82620155878
152 120 1931178.5592841788
152 121 7433633.985313646
152 122 2240528.1192273167
152 123 1195034.815107653
152 124 361570.81702528696
152 125 1878414543.579405
152 126 5494531.958014409
152 127 21018852.802585118
152 128 6872124.055111606
152 129 2671407907.4061093
152 130 22004404.677538086
152 131 139803529.97046986
152 133 5752673374.592554
152 134 18142699.271794032
152 135 45532527.75313387
152 137 4052194301.2521067
152 138 6214134519.537747
152 139 114665109.5944107
152 141 25174894.285342623
152 143 2065210.8262508335
152 146 214360531.52005097
152 147 1152543673.2946491
152 149 7703531.973207925
152 150 40914492.76433953
152 153 12060990.634688636
152 154 196368904364.55658
152 157 3405594.596923025
152 160 25174532.898032367
152 161 14194504.482583817
153 0 760971.9992020242
153 1 28462878.47403251
153 4 12092436.716814363
153 5 1015192.1782952613
153 6 17428075.04886565
153 7 23209098.694149677
153 8 9552444.134466838
153 10 9222281.274522295
153 11 6076473.474179603
153 12 4002277.903922005
153 13 22088238.03490677
153 14 728975.7032385201
153 16 11850398.957594665
153 19 961878.4326155309
153 20 8935751.140316067
153 21 48715270.47637652
153 22 7788151.047054627
153 24 15867473.301082192
153 26 135143233.94917366
153 31 29993295.28578204
153 32 14570468.676773075
153 35 907283.7120592111
153 36 11953155.9988107
153 37 3130499.1522281244
153 38 23255404.749496654
153 40 26821470.628162764
153 45 60443837.02811132
153 46 15835686.94516507
153 49 5194760.117315525
153 50 8477771.109168228
153 51 40243154.069860294
153 54 39893224.610485375
153 56 42616232.75238669
153 58 11789690.470831858
153 59 19180187.446496777
153 61 4476582.226462907
153 63 49700326.84602764
153 64 138719699.44759104
153 65 81983899.81481458
153 66 1134118.5680418888
153 67 36027473.91442682
153 68 10836504.002570376
153 69 9447919.255183034
153 70 6124978.828942634
153 71 7439877.5839519445
153 72 4638347.489362365
153 73 32963562.75275041
153 74 135236679.88562354
153 75 29515601.01071802
153 79 9046633.823482389
153 83 20637081.907879677
153 84 25968145.11503264
153 87 1137854.79799141
153 88 2050905.662264103
153 89 86379115.39175211
153 93 478095.8786353369
153 94 4343182.2998319715
153 95 3495788.5089494726
153 97 10573467.627768707
153 98 6591759.2288211025
153 101 52640564.95048323
153 102 22039194.396667417
153 103 1455395.0136043634
153 104 3546007.7362327203
153 105 113297211.32266925
153 106 9595292.487454847
153 107 83269227.24671182
153 109 22351772.11684886
153 110 9767437.356994728
153 111 48227873.380583785
153 112 22027557.857039265
153 113 13129942.143040126
153 114 48508247.485572346
153 115 12618793.763561787
153 116 3204624.549170665
153 117 10925292.251462383
153 118 48251282.329162605
153 119 2528429.717145117
153 120 127565.70371342637
153 121 7265395.969027675
153 122 4672359.998347319
153 123 3026678.3975584027
153 125 10564270.47303427
153 126 41506500.00574977
153 127 1847598.752079697
153 128 349115.6928724683
153 129 59621186.954028025
153 130 2712057.1357723074
153 131 66180934.69697503
153 133 6967832.784601571
153 134 69699724.3710934
153 135 1421917.9661176815
153 137 37168760.275895916
153 138 3138665.3641505293
153 139 65541377.54715574
153 141 2415048.0349161704
153 143 2252213.039716631
153 146 61607244.811049104
153 147 25435414.810815297
153 149 5797104.76101643
153 150 46599625.04206627
153 152 2302227.2058100156
153 154 20585734.920615565
153 157 21201102.15142284
153 161 20435143.55044421
154 0 32436086.634650998
154 1 126419183.1791351
154 4 117373568.34333315
154 5 12017482.461443944
154 6 1632423429.8856864
154 7 1883635733.4748545
154 8 78041106.24238864
154 10 1555190.9336817095
154 11 34070890.86523027
154 12 30292672.58550239
154 13 3070145.497575527
154 14 300091100.653103
154 15 1838114.1306733596
154 16 14718110.067477794
154 18 30530060.141571052
154 19 2741005611.444732
154 20 21706588.8163345
154 21 116125325.56556164
154 22 4883969.243850932
154 23 993763.9168971657
154 24 14603238.372363359
154 26 25085397286.286125
154 28 628734.2623098522
154 30 24988796.112482134
154 31 15400595705.472948
154 32 1287336003.6231096
154 35 9914427.751197642
154 36 87694139.05230148
154 37 17059556.410254765
154 38 1861411.5663372136
154 40 2558322619.3177886
154 42 3480919.9382993397
154 44 29417442.330635633
154 45 317275950.4358483
154 46 127981002.18504995
154 48 809621.3263596917
154 49 639265736.8860989
154 50 5842251.413750353
154 51 14488332635.326223
154 52 64180617.037045315
154 53 4864000.945478697
154 54 217770527142.46207
154 56 26844127.14160638
154 57 2447740.917076807
154 58 358030847.81728816
154 59 1909974.8518620443
154 61 19191109.784830052
154 63 1075456.5761609538
154 64 23564221466.08052
154 65 713231852.0715883
154 66 48996689.87721126
154 67 604922861.1895561
154 68 239638800.95567998
154 69 174137173.56428534
154 70 654987044.6786375
154 71 738991482.1239337
154 72 40948325746.482216
154 73 48339750.4327069
154 74 26140520076.718113
154 75 51798768.33834427
154 77 83409779.34979461
154 79 2279579991.314172
154 81 1792277.8575345476
154 83 108685369.82317007
154 84 389006851.8568294
154 87 7211018.406000241
154 88 5334164.574544586
154 89 4385576699.105032
154 90 5108608.672200101
154 93 11065825.924187556
154 94 1053288516.5787237
154 95 77199411.01330413
154 97 354900986.29583144
154 98 6888213.541869046
154 101 4788805896.615113
154 102 179598749.62284324
154 103 26322230.811146617
154 104 644971.7534186988
154 105 283233000.04047894
154 106 413628184.1669978
154 107 208534541.80117267
154 109 91329599.77953193
154 110 891728.8646453039
154 111 19763196.691240534
154 112 57315720.65965384
154 113 419336058.7772152
154 114 1456778209.0603347
154 115 1485468504.7116873
154 116 40461221.50872584
154 117 386542532.37979114
154 118 2029709511.0809596
154 119 5578122.825507787
154 120 7696581.8166658655
154 121 11134056.504300393
154 122 160839.30403378606
154 123 2426599.020244352
154 124 817587.2737237955
154 125 1623536701.8652577
154 126 23242115.780574467
154 127 12632044.54814667
154 128 68275.82893214017
154 129 2483544229.7226458
154 130 2574994.8253263975
154 131 120057351.33069743
154 133 8058952794.34915
154 134 118794518.40242237
154 135 91622210.25771679
154 137 682635788.1356103
154 138 10554347816.906227
154 139 32857831.14118735
154 141 6387462.125287834
154 143 7690585.732127042
154 146 3269107.6012922665
154 147 1003420271.2007414
154 149 12221776.772867773
154 150 385465438.4883147
154 152 39594643916.440384
154 153 85894346.95361255
154 157 238835546.98530114
154 160 5584616.5766689805
154 161 28568391.613079138
155 6 22184476.130194914
155 7 28500561.240843005
155 13 25680913.548145745
155 14 31219772.078725398
155 18 12964793.314827785
155 19 37828694.949958
155 26 115186472.54834886
155 30 14014265.601178888
155 31 19135874.32438459
155 32 37755903.18059256
155 36 10004728.568533929
155 37 3244808.9441555236
155 40 10161641.818555634
155 48 1713488.088864366
155 49 37874177.3391652
155 50 941254.590810818
155 51 15641007.165755061
155 54 25508886.871981863
155 56 31321440.055248667
155 58 4459511.343171042
155 59 383365.8562049521
155 63 7221683.837336238
155 64 22461466.920431588
155 65 13428637.442289831
155 67 61626553.84649914
155 68 61467676.41181577
155 70 9830761.168193419
155 71 870639.4517801346
155 72 37029897.99333613
155 74 2977000.95470181
155 75 25041300.919252533
155 79 75586340.75028794
155 83 68467972.24951936
155 84 1151542.0115955472
155 88 9146391.634522893
155 89 95432719.9976709
155 93 17635973.770870015
155 94 6409206.2957167635
155 97 47315472.19471284
155 101 25302643.119236887
155 102 17379110.87674988
155 104 4425204.829004288
155 105 16767530.529388111
155 106 12075860.355925037
155 107 10730193.169425515
155 112 48996270.81397776
155 113 20532550.2347586
155 114 48768344.18628673
155 115 92483712.74341306
155 116 12067445.224389961
155 117 36962463.4018775
155 118 62444843.397366114
155 121 111897.60916295472
155 129 18337342.842999514
155 130 37036654.94231203
155 131 9096397.913466929
155 133 25028502.557033394
155 135 29273875.81894843
155 137 40120611.10232105
155 138 18140862.670096364
155 141 17886562.074382592
155 143 7129876.778707575
155 146 13794113.860362658
155 147 37432155.73259396
155 150 24345840.678316686
155 152 62374123.9560907
155 153 2181972.220218527
155 154 14944957.612858241
156 6 502577.84249380766
156 7 19477.585185463027
156 12 404325.51918724825
156 14 785910.8360883874
156 19 99138.00226785555
156 21 169582.42815047802
156 24 161890.21269943303
156 26 333467.9966013059
156 37 3166169.0735109556
156 40 1640277.1815135113
156 51 1686944.1625701878
156 54 558302.305415432
156 56 727037.273029866
156 58 407534.89137764357
156 64 1191288.7386390439
156 65 1053628.6321333442
156 67 819567.8615661868
156 68 583441.9009730387
156 72 1228542.5736936964
156 74 1727521.654560616
156 79 193874.70906779842
156 89 2921831.805894422
156 97 283822.1147668734
156 101 926061.0823788879
156 105 1316455.748258877
156 112 210265.48929790777
156 130 2152453.8814873663
156 134 2067401.8804112975
156 137 578126.4355894374
156 138 5773066.379135394
156 146 647645.4487854766
156 150 1891225.0647925092
156 152 727151.3854753734
156 153 684002.3948693054
156 154 1765859.7004326438
157 0 26775405.42479496
157 1 53287489.386864424
157 5 13687811.508627469
157 6 187256958.84840494
157 7 73780653.21474865
157 10 28049076.682702422
157 11 101607846.83627118
157 12 3437115.301280095
157 13 6354793.213194113
157 14 221666207.1222546
157 16 394303.30286862777
157 18 17214045.68342683
157 19 51739252.55287398
157 20 3161566.851607398
157 21 83578362.55772035
157 22 1072433.6942813585
157 24 19112285.30073688
157 26 817023816.8235819
157 28 1133740.579374845
157 30 71701980.63702458
157 31 59172002.84728191
157 32 280564532.7474863
157 36 11504283.645544259
157 37 64261796.84850395
157 38 25191351.891962647
157 40 6250013.416708936
157 44 42260440.93661553
157 45 13804846.369812628
157 49 235286491.35035616
157 50 55863153.60583369
157 51 448724554.28443235
157 53 3232713.649742187
157 54 513600764.07829607
157 56 131566774.16542211
157 58 96793654.60793628
157 59 4082464.1218875274
157 61 478067.7623862249
157 63 922507.7222519494
157 64 2245068.8822165276
157 65 176928891.00167462
157 66 38988895.0785758
157 67 335954466.4903401
157 68 47664940.702972285
157 69 17820503.844515864
157 70 117798128.30445261
157 71 66741481.60334001
157 72 72665627.98586933
157 73 24936562.123053167
157 74 188976773.47239682
157 75 6431474.031339306
157 79 426340314.6489528
157 81 1539777.1829296108
157 83 210940010.31644475
157 84 29483533.262805205
157 93 73214795.74713513
157 94 2005381.12997603
157 95 4759013.765966802
157 97 234286531.61537576
157 98 2555553.827850869
157 101 58328506.30142372
157 102 1998119.4667107943
157 105 142029856.30603692
157 106 58141392.56434205
157 107 78868517.08846429
157 110 2362798.249268393
157 111 7014106.14034076
157 112 179603268.73378044
157 113 766203481.316045
157 114 385933715.72777176
157 115 166525108.62789488
157 116 45331333.63165077
157 117 120947308.28492072
157 118 30531715.792935856
157 119 1667858.2088435763
157 120 876671.284426695
157 122 810071.0217446097
157 125 54098104.2087606
157 126 11835297.23680314
157 127 3419468.886914382
157 129 265236360.03989625
157 130 24953562.305748224
157 131 14733363.285710266
157 133 141502233.29917064
157 135 24557736.46532774
157 137 113864432.54039651
157 138 38970815.46270159
157 141 5448979.159987384
157 143 3761759.1847262704
157 146 25203744.89559092
157 147 227482873.15049636
157 152 5391792.596554577
157 153 5068951.347835859
157 154 208337814.1315764
157 160 3966345.4289575214
158 0 23167090.60180337
158 1 57069605.91794611
158 4 256655435.52593866
158 5 1819053.5260798791
158 6 150073220.95486876
158 7 232842516.32153872
158 8 46825.66895954278
158 10 53828537.57872097
158 11 73060768.93046093
158 12 829430.8748035982
158 13 109832948.92283516
158 14 525329358.66451085
158 16 25230729.867828254
158 18 8650956.720757117
158 19 33448205.40358957
158 20 36346928.03251224
158 21 46540108.429096915
158 22 7692793.173736858
158 23 2656284.8395238956
158 24 37681988.503313914
158 26 374094597.2421976
158 30 298444860.99031377
158 31 204865803.05396008
158 32 67977579.52513222
158 35 161199790.0176752
158 36 26812116.008294918
158 37 67386466.20831881
158 38 601554.348157041
158 40 153023799.40378016
158 42 3042588.164123477
158 44 66900411.41085252
158 45 28140235.441615313
158 46 19279319.664385695
158 48 5446050.261769501
158 49 110421726.37239395
158 50 1107712.2847236348
158 51 4580540.54766417
158 53 2661111.464096212
158 54 447358360.40621525
158 56 207214838.25605023
158 57 949454.493862574
158 58 191789894.14880002
158 61 9116763.759670205
158 63 22703033.10438265
158 64 379394520.8425287
158 65 369016500.2372434
158 66 5138958.616860694
158 67 155029758.20555642
158 68 28566916.675267924
158 69 381172661.7052219
158 70 144205497.6013729
158 71 164494575.5506448
158 72 555465608.0355226
158 73 36194315.563204706
158 74 1170319745.972114
158 75 30344672.26169985
158 77 86211324.9384219
158 79 1773950239.8539221
158 81 10858110.207682831
158 83 72370097.27267009
158 84 9034623.491215993
158 87 13721998.623449149
158 88 11896563.384054298
158 89 686472865.9753202
158 90 296992.77399697615
158 93 3892828.7038090727
158 94 1539292060.2568994
158 95 12332.814565514096
158 97 44590885.59243281
158 98 534794.6505725736
158 101 39710038.393012494
158 102 178635609.74729756
158 103 26275796.276149686
158 104 136821.32251604862
158 105 31810499.776849348
158 106 66115271.67290325
158 107 34198044.143038735
158 109 12159550.30576109
158 110 2692564.3457967667
158 111 66393819.506640606
158 112 164538791.10147482
158 113 410348693.36689323
158 114 28788873.219375093
158 115 393956379.31527215
158 117 115434745.71045274
158 118 164309961.0215006
158 119 2461581.4749584952
158 120 7767521.774140447
158 121 1639439.4427141538
158 122 528016.5187134204
158 123 1117566.521218924
158 125 15623502.478854124
158 126 19730359.282127026
158 127 1178725.050512955
158 128 6133989.93490385
158 129 676367451.4687446
158 130 154826307.87199524
158 131 266678347.46937296
158 133 1381053964.789126
158 134 75199160.408218
158 135 7569747.988053659
158 137 75395728.62864408
158 138 263204678.25619674
158 139 114379745.64625677
158 141 28480324.643893026
158 143 941438.4133234218
158 146 135744966.865725
158 147 516625489.8409138
158 149 3676789.704652988
158 150 277280506.60923576
158 152 120491796.10349193
158 154 131957084.2970278
158 157 11450174.566611681
158 160 14782089.603796646
158 161 11791288.63968979
159 1 20266861.920588303
159 4 423122.75290541543
159 6 52735861.94214224
159 7 46316179.71781477
159 8 3202132.4390818602
159 11 7181926.618422196
159 13 1395773.5838709236
159 14 31604720.078916933
159 19 22186544.35782683
159 21 9323192.81600255
159 26 44050588.462902024
159 31 18322071.27528334
159 36 1393250.5425958303
159 37 3503619.129400754
159 38 25037107.610418007
159 40 16342683.026199678
159 45 30683195.247099094
159 46 41493222.11597519
159 49 28008607.636549436
159 51 116598267.72805317
159 54 20198354.541249428
159 56 5696420.813448007
159 61 16935309.201087974
159 63 3058941.3428666866
159 64 6470638.525230718
159 65 56557599.76641803
159 67 9181158.804660466
159 68 2089771.4469185502
159 69 39221850.605690494
159 70 9222238.81697233
159 71 39437792.33850264
159 72 18826975.488393866
159 74 59191587.57057821
159 75 5231298.608081141
159 79 52313582.6974721
159 83 30670728.937107477
159 84 12252997.340654396
159 89 44117762.74709876
159 93 44647131.093041144
159 94 44422475.69713929
159 98 1747137.0420547917
159 101 45352702.936654806
159 102 14468784.534783866
159 105 32839458.437710267
159 107 13716215.171890613
159 112 122737425.09024593
159 113 37739185.85246475
159 114 54295675.768045716
159 115 6446978.0397172505
159 117 7207362.102920198
159 119 1298351.9880400982
159 125 44467336.86971371
159 126 9420549.081171723
159 129 26250883.391344905
159 131 70896058.10562292
159 133 27918593.608666144
159 135 11980169.802699532
159 137 102638564.7716996
159 138 127678724.58495803
159 141 1931687.3810700737
159 143 1752796.3597332502
159 146 49610413.80081267
159 147 3233287.6483636126
159 149 4841733.554703701
159 150 2675977.803302855
159 152 28874214.918639652
159 153 3851448.6384504307
159 154 89780377.73983592
159 157 10272439.132081736
159 160 8549340.685220806
160 4 24654499.83930964
160 6 25088369.817622036
160 7 14398952.726773908
160 10 7163698.112810222
160 11 9076215.574035391
160 13 12672560.411304103
160 14 148733.67473341
160 15 9606260.576288396
160 16 3649413.3500246825
160 18 1277229.7966923232
160 24 3070750.5800436228
160 26 3151285.7455229964
160 30 9290034.654845746
160 31 1312062.3211333829
160 36 20094536.47188161
160 37 20249398.532393366
160 40 12553104.071616827
160 45 548359.7646234715
160 48 5334397.844166362
160 49 5811743.409512547
160 51 6109554.515131194
160 54 8412609.248694438
160 56 4999548.289655238
160 57 6927037.94233951
160 59 653057.4781253815
160 61 1208804.1967334803
160 63 3958780.160503469
160 64 2358352.444438347
160 65 9890633.647238739
160 67 2732610.925446972
160 68 11979848.748398315
160 69 10175781.106293088
160 70 4975107.262952967
160 72 6170986.249662115
160 73 5612726.3349079415
160 74 4022500.687759891
160 75 18429211.70143742
160 79 12656442.685245667
160 83 22723977.693417978
160 84 3588025.306080198
160 89 5552283.538843278
160 94 3745073.36628417
160 97 2234397.5617341436
160 101 203892.062014754
160 102 2868031.855990881
160 103 7583493.712770619
160 105 2438667.917219856
160 106 3714275.8204978956
160 107 12311315.903263157
160 109 8276131.18349015
160 111 946939.2085687992
160 112 762009.2645800512
160 114 19126374.124392286
160 115 25586571.215718806
160 116 5071414.546410018
160 118 468033.8794788371
160 119 1808307.704657988
160 122 1039488.3188908992
160 125 10919929.571940463
160 126 1403452.5885369102
160 128 4564502.279617359
160 129 9091685.811709076
160 130 3445689.3956353725
160 131 4399950.751694294
160 133 2869166.818541075
160 135 8160253.900130904
160 137 3683824.81327975
160 138 5672568.39666319
160 141 10240424.018412694
160 143 38585.33524008401
160 146 33897398.349636175
160 147 6119453.271924067
160 150 9759628.127589298
160 152 2054728.4088582618
160 154 27061735.6509362
160 157 2434869.463669966
160 161 3975085.335468247
161 1 40890208.93001803
161 4 21449271.046817224
161 5 23529825.872385085
161 6 1080537.2168822663
161 7 14499078.766651232
161 8 3274451.3861382743
161 10 10314899.51252861
161 11 22527.719340740474
161 12 2393643.806370048
161 13 21103831.06656662
161 14 34162419.34453472
161 16 11221688.138994971
161 19 7243143.903602941
161 21 23150268.991796024
161 24 1456380.3278329077
161 26 25612043.3120274
161 30 7702708.930776969
161 31 21246938.83406351
161 32 5770134.619223619
161 35 1519383.8825867416
161 36 19731230.26816471
161 37 5643908.334434843
161 38 1664359.8694144685
161 40 3631277.029185453
161 44 3569582.8534327014
161 49 22692648.176543206
161 50 23240088.586624738
161 51 22066519.064042237
161 54 24322748.164750606
161 56 54397430.64108439
161 63 10301558.88458524
161 64 86204231.01196565
161 65 27428511.589318637
161 66 7445447.8087158
161 67 2211870.2071007676
161 68 118147854.92135231
161 70 90226022.29112092
161 71 13275748.930586495
161 72 6130481.19953376
161 74 1057279.3238272592
161 77 10526425.612753332
161 79 18975819.867393214
161 83 62893642.20312341
161 84 71026880.20630044
161 87 2043563.856579589
161 88 16251818.521835044
161 89 2755093.4937033863
161 93 12697161.404386742
161 94 43764744.97200893
161 95 3734736.24883835
161 97 13538123.917678611
161 98 9837627.93180823
161 101 21150199.438215453
161 102 46088350.59157961
161 103 6984583.086360869
161 106 8841824.307389304
161 107 6653880.289937779
161 110 1395463.4078852043
161 113 17287449.634005938
161 114 994152.1736319837
161 115 18510278.40637901
161 117 14131221.628623214
161 118 58278750.3458174
161 121 325614.9875104019
161 125 70887348.06266582
161 126 14982793.63737423
161 129 16705823.993207954
161 130 58480126.23593346
161 131 21134988.16495164
161 133 1167065.4755298789
161 134 20614209.10854443
161 135 9508304.570146294
161 137 611756.445759391
161 138 2707961.0335849193
161 139 24492916.272205602
161 141 3596704.075633885
161 143 1015123.3882832748
161 146 16300296.38354801
161 147 27846961.69445037
161 150 14997621.897367349
161 152 70459381.23151332
161 153 35927024.76795838
161 154 27280689.162425097
161 157 221035.6713054043
