0 4 6086546.381102621
0 6 9370926.047993891
0 7 717384.7020966273
0 8 3684266.211828733
0 11 840834.8207534316
0 12 8795472.442559838
0 13 8220912.659759249
0 14 651385.5257901624
0 16 1172834.544033107
0 18 1009661.4762376125
0 19 1543122.1025353635
0 21 6779215.528708878
0 23 4199747.0018368885
0 26 16962701.897452984
0 31 5669267.893431117
0 37 3293687.9570547994
0 38 1091964.4291096437
0 40 7075013.467728668
0 49 3052741.065500927
0 50 7536265.7920345375
0 51 2929811.3604017543
0 54 4334054.886843186
0 56 276704.06383556
0 58 1258060.7171051458
0 61 1354165.7920439665
0 64 1289653.3370941896
0 65 13526638.619214138
0 67 790117.3173942162
0 68 700149.5921967373
0 69 10001914.720008278
0 70 13012498.382708428
0 71 3202017.4819097403
0 72 5168373.132197297
0 74 28808524.487625252
0 75 952517.0103185322
0 76 433008.8460325248
0 77 682098.7913315376
0 79 2136775.718486235
0 80 1275397.3305831822
0 84 1664784.617897177
0 86 16964673.726457726
0 87 3042057.4227375076
0 89 1375937.3371699736
0 91 341398.9832374551
0 93 2289203.129527636
0 94 22799556.53771426
0 95 302960.31273674604
0 97 3694432.8556503365
0 101 7045193.89899822
0 102 693655.173560936
0 104 339988.0458963543
0 105 7007521.900499923
0 106 13466379.08505562
0 112 3340593.6655927035
0 113 3500991.0206470606
0 114 6425438.427768335
0 115 2787364.5323074115
0 116 6664651.9268822195
0 118 1380943.2278006582
0 121 1391830.1952925802
0 125 332917.43051827385
0 126 5928069.539286246
0 129 7443867.772398459
0 130 437092.34108322236
0 131 5262868.214824337
0 133 2163915.9701640788
0 137 9748285.320438856
0 138 1301483.3991461648
0 141 356266.6832306697
0 142 508166.3031836329
0 143 2284230.1238010856
0 145 5651814.003773837
0 146 422408.94092060794
0 147 13064499.153708784
0 150 6506646.479544696
0 152 1339649.3029851022
0 154 5024549.115681766
0 157 401091.0777763855
1 6 172225397.95456135
1 7 133044437.52407052
1 11 67174274.69904692
1 12 675286.7767943076
1 13 68360717.7820227
1 14 227989171.76983488
1 19 339093646.18925893
1 20 5381591.860989858
1 21 184214552.30229256
1 25 8622539.542013954
1 26 622019494.7052349
1 30 437285221.6397031
1 31 369948845.12176955
1 32 1009809505.0422852
1 35 168770977.49298236
1 37 68595636.78963178
1 38 63662421.16651526
1 40 219472590.44903058
1 43 34006449.140542746
1 44 50289615.99714329
1 49 190340226.8431953
1 50 35571424.99574706
1 51 347753579.6900219
1 54 320588914.2088065
1 56 61858406.58840774
1 57 1981304.175461185
1 58 41377210.254907355
1 59 5886092.031309385
1 64 1955992870.172083
1 65 537978878.0008824
1 66 22904322.63135368
1 68 647191231.620603
1 70 148396234.29868463
1 72 474872784.4958801
1 74 136699528.8652488
1 75 232542943.54068753
1 77 52312721.82414936
1 79 187844446.2543768
1 80 6886473.835617121
1 84 70201098.43119077
1 87 11518197.193181358
1 89 102741011.37983838
1 94 58338245.32471214
1 95 1949725.5088403441
1 97 24441870.36930665
1 98 5407854.97345253
1 101 2350270386.4341955
1 102 43928092.282237306
1 105 20130944.388711378
1 112 144331833.54655382
1 113 55426503.47620898
1 115 1948149029.4669893
1 116 56191795.36891342
1 119 5263068.317784037
1 122 124794.10698534928
1 125 43006889.30494132
1 126 33145940.889600087
1 129 191062323.21201685
1 130 70702966.11357425
1 133 431935266.4075002
1 134 31281395.81416783
1 135 9545865.931478892
1 137 47413350.059205
1 138 371470135.08414006
1 141 35498509.947418235
1 142 1012454459.2727363
1 143 1582976.8059356147
1 145 185559474.00800633
1 147 30934073.4889722
1 149 21366811.813546497
1 150 118598419.75735913
1 152 317771344.9194206
1 153 6280624.063247264
1 154 134304903.2846981
1 157 164311801.48958746
1 160 11446649.744472459
2 4 312172478.7392465
2 7 28144696.546818584
2 13 29550222.282675646
2 14 76539032.9553012
2 15 346049.88276265265
2 19 165180102.04255894
2 21 99922954.65921058
2 31 92043701.22108246
2 37 33013669.33228541
2 38 78627346.29904476
2 40 172581653.09916836
2 44 45570273.84583998
2 46 36141098.722425334
2 49 161910877.8894366
2 51 93026410.6226808
2 52 15564047.38617451
2 54 83261057.41852123
2 56 337084853.9689235
2 65 56655015.08625258
2 67 74842043.95514481
2 69 78002620.83607662
2 71 27683469.715134252
2 72 1706642.4338620843
2 73 14873592.802516764
2 74 206254548.0158766
2 75 317738.47193442076
2 76 95532726.63348146
2 79 61579892.274089985
2 84 254266732.19091576
2 87 4708455.768830654
2 89 1030993.554297091
2 93 10931546.128766779
2 94 10356085.981950767
2 101 178750648.9473618
2 103 29289488.008152448
2 106 23699385.54899364
2 112 35241827.23990596
2 114 117246785.42734265
2 115 36731778.67411474
2 125 228007367.82818246
2 126 29541388.54762954
2 129 15234744.647974258
2 130 9353278.301018054
2 133 92646830.38023274
2 137 14794383.947421102
2 138 149373347.73971087
2 142 156360180.50779104
2 143 1201369.8263724148
2 145 42478326.77525258
2 146 21819727.84667619
2 149 9924167.583581647
2 150 16377387.695791915
2 152 21896914.544333365
2 154 165381720.88954914
2 157 55316250.55146574
3 1 614692.2585592918
3 6 5159747.932948717
3 7 3402053.9044774417
3 12 5239709.688423368
3 19 3608627.7493316387
3 25 5060412.8619167125
3 26 2627587.8315905463
3 30 1436169.4314560713
3 31 803053.0567281228
3 32 2770514.9945040015
3 37 12876726.106017599
3 40 3739311.880994307
3 45 585525.6321264537
3 49 6763118.173465717
3 51 1702631.2879532177
3 54 2572772.9779160754
3 56 2513908.5222037914
3 58 735294.3654662913
3 64 3261395.344659486
3 65 292096.2936900583
3 67 442188.74784504366
3 68 2123516.69767189
3 70 5115288.942650931
3 72 4345951.832358315
3 74 5092681.867439484
3 75 19646695.172647215
3 79 2734153.7809388856
3 80 5834943.186615381
3 84 2012863.5689851386
3 87 15750931.0247259
3 88 3387786.8064591237
3 89 160939.73562408544
3 91 503414.3777727533
3 94 6554038.987462019
3 96 1614674.3069271995
3 101 3990204.186272175
3 102 592917.5855841313
3 105 3922653.1614845796
3 106 1275319.7620600923
3 107 3186398.557247289
3 110 4038162.119251405
3 112 4022941.192480477
3 115 3361260.4595262003
3 116 9652531.654368417
3 117 6007125.0873138625
3 118 1593620.154968148
3 125 432611.0705036862
3 129 4489514.23247068
3 130 598165.7411129841
3 131 5626424.0736929625
3 133 3896440.811260272
3 134 4482785.0158497235
3 137 1720951.6759126335
3 138 5553521.200915474
3 142 4872366.090004169
3 147 441577.77577110357
3 149 1590540.8934977935
3 152 677341.3798748086
3 154 395872.42415703094
3 157 568142.7757220957
4 0 13272715.698109264
4 1 37131350.56049149
4 6 777951208.5130591
4 7 879802854.0578735
4 8 21820859.973355968
4 9 20685870.12524563
4 10 11602054.599145062
4 11 98075341.56775106
4 12 256050.93751991703
4 13 26397865.672989935
4 14 11000604.234563757
4 15 1068171.208192916
4 16 7786764.533493038
4 18 14500154.352492085
4 19 339717585.34118783
4 20 19520492.080465548
4 21 61799717.72273413
4 22 844262.724910649
4 23 209239.7171835415
4 24 4519579.420720319
4 25 28235443.298873972
4 26 1592602814.957521
4 27 10480869.662594082
4 28 473211.5193325818
4 30 179296589.3458468
4 31 1233250844.454537
4 32 34153623.50126951
4 35 13532125.419701543
4 37 258753022.71240348
4 38 2875983.681237988
4 40 174151586.6563597
4 42 2827380.826031475
4 43 21165063.007600505
4 44 29967598.06722169
4 45 355181201.88291943
4 46 36479827.76421791
4 49 1066416253.8744326
4 50 16968480.29112536
4 51 230219808.2819549
4 52 28968944.10687638
4 53 2980533.663836014
4 54 1278149163.4854825
4 56 903704.5058093516
4 57 1371293.7200216989
4 58 25097299.254492287
4 59 18416921.195198026
4 61 16380855.849372298
4 63 68519609.50948416
4 64 133645950.84695794
4 65 1096573689.2510655
4 66 63550516.15951873
4 67 176044735.9457857
4 68 5275038.328655066
4 69 409401533.71369755
4 70 58331666.561174855
4 71 133932513.38410804
4 72 299364337.1241237
4 73 22419929.598486237
4 74 1739033566.4365387
4 75 243121503.25626883
4 76 303658335.5387736
4 77 20097773.603390764
4 79 100652963.04616469
4 80 18054872.547196303
4 83 52617914.042915754
4 84 109595092.72572322
4 86 115091761.02597265
4 87 4140482.7974937805
4 88 11263046.31387613
4 89 687016516.303073
4 91 5327707.359501419
4 93 44987083.896264136
4 94 861488231.0917745
4 97 61648042.58441916
4 98 8079491.990845062
4 101 518402564.34596497
4 102 20795534.71284358
4 103 5053512.611625207
4 104 3100426.2049857117
4 105 6505861.538939418
4 106 318862091.68119186
4 107 103796421.1425529
4 109 46463820.70703636
4 111 12498405.122045847
4 112 7199432.416759798
4 113 344694727.8589389
4 114 902797712.8956608
4 115 1634857927.4586778
4 116 237367747.24914026
4 117 267785067.69792405
4 118 216033807.37500647
4 119 1241210.1682516504
4 120 1850487.4095233136
4 121 4597014.343444921
4 122 3156993.4835964884
4 125 72531909.86669712
4 126 41976365.72400687
4 127 5370357.78315749
4 129 453069864.3579718
4 130 7409041.64006454
4 131 281178156.2533464
4 133 728208666.864731
4 134 97350501.3803666
4 135 22167962.790388476
4 136 8897861.148956915
4 137 2098725892.6250618
4 138 143795995.67764595
4 141 14919409.202471692
4 142 382747474.8797571
4 143 2929077.5004455955
4 145 33234174.348236114
4 146 155846890.29486564
4 147 162206500.38231838
4 149 13523696.743975038
4 150 332262025.01267636
4 152 979942390.3110582
4 153 35052261.84822347
4 154 697006261.0979801
4 157 163200597.88845178
4 160 6305348.268155146
4 161 6923352.867821959
5 1 9688171.269572325
5 4 64547.96341141397
5 6 2308806.5277102464
5 7 1991826.9936056065
5 8 1775722.8852914504
5 10 2769246.561122012
5 12 2806247.021987863
5 13 825808.3551482687
5 14 4470031.029999858
5 16 1602987.3818724067
5 19 7068642.965561317
5 21 2754895.684474112
5 22 3140421.564903009
5 25 2213619.7336606486
5 26 3181296.2241861206
5 31 4468100.621355324
5 35 1744087.1490886197
5 37 1422090.7422851997
5 40 6611898.067147627
5 45 1689629.223120515
5 49 11756893.278131071
5 50 680497.9671474403
5 51 3164604.121469277
5 54 1944291.7996966979
5 56 1275447.4094188
5 57 124749.914578962
5 59 1151940.1790275981
5 64 8043928.479017296
5 65 138719.99835386514
5 67 37425463.97546769
5 68 1785466.4123004482
5 69 7907455.178007643
5 70 478383.76698079245
5 72 522383.50371631945
5 74 2399571.5854033506
5 76 1141066.2873057513
5 77 689205.5799671196
5 79 6954172.115686401
5 86 3468071.8863807344
5 88 1713908.973798333
5 89 4401857.298961507
5 93 2826457.790582277
5 94 276889.2157906603
5 95 1335573.3181322198
5 97 4076033.039285914
5 101 7304378.327728379
5 105 3903495.5600821716
5 107 4546162.743093534
5 109 7250501.682669063
5 112 602777.1229876331
5 114 4591105.85699713
5 115 2524347.7417016053
5 117 1346048.025314862
5 118 14449529.872419331
5 125 2122048.788658234
5 129 42939.48739930471
5 131 1206676.790722123
5 133 5614622.53498106
5 135 5543715.161807193
5 136 3602463.711082995
5 137 1102150.3809244032
5 138 898588.004769069
5 141 2098766.8420208558
5 142 35304291.274098165
5 143 738003.2616723377
5 146 5237382.572488419
5 147 3110247.0353353275
5 149 1152785.8350780914
5 150 16196377.245217979
5 152 2526980.95442408
5 154 129891.84859276788
6 0 5766549.931194059
6 1 38161741.71331817
6 4 479314539.17030877
6 7 99264979.19362943
6 8 49664193.158899255
6 9 4133232.2947109966
6 10 74705370.47131526
6 11 21980468.536152292
6 12 12949584.789496224
6 13 107425443.17048746
6 14 154728178.07936928
6 15 8703391.894276336
6 16 4443768.001543722
6 18 43165161.12829682
6 19 647941492.8252512
6 20 15276508.628410853
6 21 51075447.719361335
6 22 2143982.734717018
6 23 798797.2315331552
6 24 14520554.359101813
6 25 1431177.4203136216
6 26 635662033.1308564
6 27 9301671.599204754
6 28 2080302.1330970328
6 30 253143223.36891854
6 31 5742586162.921468
6 32 800871900.2051288
6 35 173151714.10593042
6 37 57676204.84275348
6 38 44315970.1619685
6 40 20568777.129246157
6 42 510654.3037829264
6 43 30581409.78050122
6 44 160299465.92146733
6 45 122571804.95026866
6 46 127252411.38093595
6 49 853313303.2115017
6 50 50988239.682017475
6 51 3257558165.145928
6 52 13353498.400816562
6 53 148707.56099285596
6 54 608694190.0951817
6 56 119199725.93308748
6 57 143797.08914047922
6 58 37505891.93284053
6 59 2731768.6725084316
6 61 8181452.572822152
6 63 57401024.399295785
6 64 1403365073.1306396
6 65 280924645.4372895
6 66 1217148.5211165438
6 67 195426095.70905536
6 68 247316906.04849103
6 69 1115467244.6015358
6 70 845929604.8357385
6 71 93289851.49227342
6 72 3861409297.3082576
6 73 104834511.87162353
6 74 3540735532.809453
6 75 25544799.188381944
6 76 90473856.11372581
6 77 70022679.62462142
6 79 1573147740.50582
6 80 82839986.49199228
6 83 15568168.911839548
6 84 27081150.823384266
6 86 46773302.815165944
6 87 1565066.7115546598
6 88 12053760.73359777
6 89 844871904.9965534
6 90 8869073.046944503
6 91 3013249.408740296
6 93 35211619.46040359
6 94 1682364665.3212676
6 95 1194917.5604496533
6 96 2566845.84789891
6 97 227169414.44619697
6 98 4534529.17698624
6 101 823682057.9130795
6 102 56182265.813382186
6 103 16099877.717373602
6 104 3555170.9771358334
6 105 29669467.711376805
6 106 703723896.6596628
6 107 159707327.56296426
6 109 42508734.83411903
6 110 2638952.807006751
6 111 50785467.90791311
6 112 57639651.31799692
6 113 795612141.7840964
6 114 1847851929.8394036
6 115 1159776248.4972508
6 116 3638893.614432123
6 117 397370486.4010374
6 118 67016437.31156231
6 119 3899197.8616153295
6 120 924827.9141628838
6 121 5652345.140825069
6 122 185683.92754638407
6 123 683164.2071213609
6 125 59203560.14786196
6 126 6301208.974513309
6 127 14102167.825289251
6 129 717097306.1209185
6 130 152466404.73896912
6 131 80491523.6815801
6 133 1176835959.5475717
6 134 38512011.40861271
6 135 2482635.8695489145
6 136 13840418.824161202
6 137 766971065.6738592
6 138 238038785.1826087
6 141 84481865.75333264
6 142 1343778611.6269495
6 143 2017856.9235630261
6 145 14428869.9564901
6 146 54826491.18488884
6 147 1522145147.153299
6 149 1708720.2632216162
6 150 843290011.6853056
6 152 1432500713.1840749
6 153 18456768.873763822
6 154 3277153191.4050717
6 157 8155194.94317945
6 160 874352.883864366
6 161 59582827.616707124
7 0 4770899.954152268
7 1 409929876.4354338
7 4 556423777.8124241
7 6 51528063.27415472
7 8 5720910.139646859
7 9 17491527.906974353
7 10 37972790.892732054
7 11 138473575.7407159
7 12 32178056.093911298
7 13 182568900.22202513
7 14 218160814.61080158
7 15 5457138.288808441
7 16 7179520.612435186
7 18 101187396.10177617
7 19 571568562.0827644
7 20 15921101.659050794
7 21 219225168.56926623
7 22 60703.29876507027
7 23 1827448.5126479208
7 24 48730125.12159639
7 25 44565786.08905404
7 26 3637702275.062107
7 27 336902.9912667546
7 28 271135.4336210349
7 30 91629102.60766241
7 31 94013890.0306462
7 32 1590260527.2958813
7 35 132356280.78711498
7 37 54256010.04966929
7 38 6855614.25625394
7 40 83818029.59350663
7 42 3883077.102842312
7 43 28402831.101997327
7 44 92250121.13380013
7 45 115467351.10332192
7 46 90804347.09056999
7 49 796302882.7711762
7 50 2888498.8975790595
7 51 388466100.90074235
7 52 48454973.36631621
7 53 1052090.5469574365
7 54 1194217586.1099994
7 56 606783532.7461361
7 57 1130460.2187136998
7 58 78988916.43167393
7 59 7974653.290882458
7 61 1602172.0252006818
7 63 16528109.316212958
7 64 112008696.76648113
7 65 1110442730.2686036
7 66 34133940.38746336
7 67 150114134.9864666
7 68 729718667.3993049
7 69 158167175.80619192
7 70 139105832.80281603
7 71 661738450.2081909
7 72 5365487358.078045
7 73 9835474.229729988
7 74 1405434561.2307963
7 75 61746621.51154705
7 76 26595256.801086783
7 77 9277011.163242497
7 79 480170362.0582517
7 80 12962402.394335682
7 83 26288155.085713647
7 84 151965622.0781155
7 86 1768386.6506275532
7 87 9908361.450015832
7 88 18824435.644855265
7 89 811359376.2467973
7 91 6384944.023683823
7 93 16218219.746045763
7 94 222558993.84808233
7 95 288361.5244784534
7 96 18008324.068641916
7 97 42971434.15663269
7 98 11575157.535079844
7 101 1881072022.388786
7 102 48488774.21743136
7 103 25274061.082487907
7 104 2180747.015517555
7 105 18802318.493156265
7 106 202997061.56006262
7 107 114085908.20538545
7 109 14180942.057663148
7 110 6476690.686202383
7 111 16376978.433823226
7 112 212074112.97010124
7 113 222654271.53123647
7 114 650990772.6836826
7 115 181414545.97285905
7 116 9840474.588442748
7 117 77404346.10291809
7 118 138944892.76495972
7 119 5110633.125470023
7 120 1003784.7343988266
7 121 1145102.2491734861
7 122 1408302.4032179338
7 123 1424518.6376671202
7 124 3291014.712456049
7 125 685180641.8292439
7 126 11140068.501326483
7 127 3681070.5921477485
7 129 5672311804.988887
7 130 178045564.0149892
7 131 70053199.1658274
7 133 1540078984.1263463
7 134 449571423.5957135
7 135 24295566.640006386
7 136 2099473.852302782
7 137 1865062840.549568
7 138 962705282.0003574
7 141 14045168.801657073
7 142 2649065.322676986
7 143 7751597.991615901
7 145 26904643.177655015
7 146 11790372.064902112
7 147 1818040524.2003467
7 149 8164413.016834848
7 150 931028822.6853837
7 152 8346849656.835904
7 153 22632894.815091863
7 154 3639179049.029564
7 157 12279222.540084962
7 160 34977522.701639004
7 161 9173869.080746684
8 1 14323962.932914067
8 6 14048518.383778067
8 7 7755368.679642395
8 12 4098785.8824721007
8 14 1847321.5094451678
8 19 16045526.087338723
8 24 2901263.2808364904
8 25 8891845.816067796
8 26 39385230.4635534
8 31 84452724.41888587
8 32 14676435.65207392
8 37 7119193.459958018
8 40 54049134.029258445
8 43 41630705.13874255
8 45 24963883.578954875
8 49 1883285.6283412578
8 51 51680782.37087981
8 54 34482804.93936785
8 64 29318914.65117175
8 65 61824177.65890937
8 66 50761185.05133966
8 67 10177400.210256845
8 68 11380487.51269178
8 70 61101265.07117945
8 71 27027799.46315076
8 72 211753.2048481803
8 74 23713389.432489462
8 77 30964253.9952813
8 79 5405031.612035919
8 84 14151724.110118967
8 86 5976149.8701670375
8 89 31601719.3463266
8 93 8244777.1030549
8 94 8927757.166930547
8 97 7403430.127414588
8 101 7999089.047336475
8 103 11710100.978571398
8 105 2887322.7493027756
8 112 14946168.856544813
8 113 9781656.633360814
8 114 80397149.26088887
8 115 7492212.156088265
8 116 91368858.60916176
8 117 39775441.189234465
8 119 312593.8708079908
8 120 3818431.2837083787
8 121 2945947.088945424
8 125 52629147.791701175
8 129 1198295.9662015734
8 130 74477877.52496918
8 131 33627408.56649529
8 133 65076578.97547351
8 137 2247674.3333310457
8 141 987908.1020228291
8 142 19917083.635255694
8 143 412052.2890632564
8 145 35715246.65932895
8 147 59458401.81394862
8 150 11519758.595400792
8 152 29232478.16490139
8 154 58233256.43760799
8 160 864187.5107930292
9 1 3681094.972826222
9 6 19726548.86119924
9 7 765250.5350094334
9 10 23655295.84741171
9 11 59410788.28409615
9 12 4070228.8919925024
9 13 41391.24328915656
9 14 9168024.495043509
9 16 7861846.366887553
9 18 5420099.838251972
9 19 12508727.949465761
9 21 2798940.9737220407
9 22 5024993.947150198
9 25 6115789.953979939
9 26 11478658.139746053
9 27 2302171.9765376337
9 30 50172565.90242231
9 31 16183227.218967455
9 35 37280935.697010614
9 37 8761799.780726813
9 38 20746666.237999197
9 42 1136963.7243842143
9 43 9337801.452509377
9 44 7113362.632058663
9 45 2377283.4185214783
9 46 2429079.96927642
9 49 10166104.697080864
9 50 7715245.818600882
9 51 20878685.707598995
9 52 4784620.834258869
9 54 20064337.96147414
9 56 3009020.813282185
9 57 6077098.7699402105
9 59 2947524.467909155
9 63 3725787.801196118
9 64 46132541.09631249
9 66 800601.08921822
9 67 625176.7938524144
9 68 4255151.504107546
9 69 2286301.0179990325
9 70 15388241.569703607
9 71 3263906.533939068
9 72 17870487.94647736
9 73 15677816.25158084
9 74 347278.0082267101
9 75 19603549.86673375
9 76 1559044.4794724756
9 77 19591963.181788143
9 79 1122656.1752431435
9 80 39932417.13080019
9 83 10828739.207864266
9 84 28168422.332214393
9 86 346462.66153276846
9 87 357985.08348839346
9 88 400953.891861155
9 89 6466856.694859488
9 93 1668770.7291289729
9 94 7240236.989196271
9 97 10026835.690492976
9 98 6976679.8223685725
9 101 5261370.008461055
9 102 700988.0026275626
9 104 3870994.394597415
9 105 4234069.42399159
9 106 57495392.57223684
9 107 1327355.5906414306
9 109 14664987.233998112
9 110 19856311.205504995
9 112 4458938.674838312
9 113 4902070.883604896
9 114 5004271.392852514
9 115 11858677.2071734
9 116 21999583.14361075
9 117 5123796.209388648
9 118 891943.0361033075
9 119 3762707.9574054596
9 121 664183.2991952295
9 122 1129232.9203490238
9 125 4482130.034486696
9 129 4887243.68819502
9 130 2561760.224142601
9 131 1021404.7454925609
9 133 10106562.099726638
9 134 9484295.299100427
9 137 10201588.994314315
9 138 20811138.3386932
9 141 3358000.081720636
9 142 1934284.364957448
9 143 799398.7305758575
9 146 8076599.071151392
9 147 18872848.5948053
9 149 5982096.791858466
9 150 4178707.1905119703
9 152 4210312.570074915
9 153 5268521.447863627
9 154 2378573.6221864684
9 157 12720188.692068107
9 160 3316573.6514789592
9 161 2489130.6773782307
10 1 2592406.1535695484
10 6 1875956.861065058
10 7 48222892.062967755
10 8 2728452.3046190785
10 11 6102481.208062844
10 13 63961436.862381585
10 14 3908357.729597846
10 15 837983.3392495684
10 16 3827081.377307622
10 18 23406606.52058284
10 19 28603985.28704464
10 20 6192990.7238929225
10 21 62460071.42383941
10 23 505595.08159894997
10 26 9528782.01833728
10 30 19696473.244385872
10 31 8286585.119455552
10 35 8600665.41790637
10 37 84011094.11481895
10 38 6093840.526190483
10 40 26995166.73570889
10 44 27799680.7707718
10 45 41781396.24418642
10 49 12263832.108449668
10 51 23277569.08156452
10 52 3282842.377112938
10 54 71610235.4181292
10 56 83864809.32296611
10 57 27709.091448651252
10 58 36242072.29908792
10 59 2455531.715971957
10 63 6185464.150082243
10 64 25372210.05315643
10 65 24453769.185671613
10 67 7684835.457998988
10 68 64114083.28884405
10 69 3982955.761436296
10 70 65948062.62468417
10 71 11973531.994061086
10 72 3252489.544542613
10 73 4596824.887582196
10 74 10685911.307651099
10 75 9037196.615016755
10 76 21520577.461726945
10 77 32156756.94574134
10 79 148225905.55301672
10 84 57269363.799113296
10 89 22171778.059333768
10 93 2099271.191450223
10 94 224403031.9663568
10 95 589373.7560883026
10 97 36855963.32074719
10 98 1539232.9058478368
10 101 83429196.11484428
10 102 1605938.7765782143
10 104 12408757.534525977
10 105 1061823.4011998149
10 106 21476442.39966919
10 107 7442636.492775623
10 112 28398439.813799802
10 113 24308824.955074474
10 114 19294993.77837967
10 115 84002794.66498925
10 117 38392764.316994116
10 118 80882023.1462932
10 120 6120146.54156797
10 121 134403.0191133287
10 122 342562.26953362924
10 125 15801710.520027576
10 129 27617355.178838056
10 130 47624087.73562319
10 131 29963340.656055897
10 133 39342787.94424627
10 137 46470776.42970466
10 138 41719892.55610583
10 142 16482479.853304705
10 143 1513433.1280301462
10 147 729189.8261318287
10 149 31698513.874771435
10 150 24949406.16219081
10 152 16656166.501045726
10 153 11451568.515092507
10 154 13523480.219486399
10 157 61146932.61908421
10 160 43041267.90431533
10 161 5126242.53808106
11 0 13245244.01190305
11 1 82803782.69574338
11 4 229963439.48755088
11 6 12407779.809358811
11 7 28720360.637296837
11 12 5107177.823480674
11 13 10112775.366030624
11 14 76297218.86544141
11 18 5322110.102372307
11 19 117051851.166371
11 20 5175617.817875383
11 21 62973196.818968914
11 22 2898031.0153346974
11 23 1603117.6916031088
11 24 748565.9266497408
11 25 37041890.28266254
11 26 3907575.554613468
11 30 30448178.41903824
11 31 8824857.98400731
11 32 18465260.799343057
11 37 13765834.649765754
11 38 192616.054328886
11 40 152711775.0841043
11 42 579453.2174455903
11 44 51677149.060692854
11 45 45237060.01351193
11 49 124981174.46006311
11 50 12246155.616827475
11 51 32217889.478286725
11 52 10237139.11154256
11 53 1441633.399544445
11 54 143226394.1974201
11 56 163521745.0646889
11 57 446263.9563222911
11 58 105235851.40376548
11 59 5917033.941899016
11 63 59707899.38369923
11 64 272629666.5740742
11 66 50475357.08030275
11 67 66606479.87110558
11 68 69783849.32520469
11 70 200438132.40357518
11 71 18394546.806838043
11 72 108249851.47852409
11 74 105381142.72542825
11 75 31397976.10347098
11 76 62167445.36804732
11 77 27593567.152467776
11 79 14103570.315749949
11 80 15066239.018778209
11 84 19975885.861849535
11 86 7141147.372389419
11 87 10126503.985125188
11 88 2619680.6096177488
11 89 95800814.03999229
11 91 7938363.364720713
11 93 6194294.256560148
11 94 14878765.253301822
11 95 16404920.250490934
11 97 199074447.70409667
11 98 699213.2338066504
11 101 30813141.30431082
11 102 111345967.7722462
11 103 14830495.854966983
11 104 2719334.116702318
11 105 44096977.27835441
11 106 140332573.7518356
11 107 55110180.982968934
11 110 19620559.69294453
11 112 1592142.459066511
11 113 84025262.72775081
11 114 110869764.96278134
11 115 296143098.1493384
11 116 1321486.3533265789
11 117 79245413.91043463
11 118 205855280.57252583
11 119 1983899.9580005738
11 121 12465975.92662892
11 125 36677084.72638277
11 126 10863023.824151905
11 129 15290966.610062486
11 130 49071679.253837086
11 131 16685026.015721466
11 133 35418814.60714941
11 134 4742010.80185222
11 135 802954.2202574078
11 136 16877228.721701168
11 137 52265789.352203116
11 138 54215668.91114875
11 142 38400946.8845489
11 143 178071.98089790152
11 145 14635546.598069154
11 146 20321437.859214842
11 147 32353778.017237313
11 149 7624121.168005605
11 150 71075465.25676988
11 152 215536770.2959595
11 154 175584857.8579001
11 157 115518056.00638944
11 160 11433063.034754166
11 161 8206027.612794591
12 1 119549.98879692666
12 4 2338947.8112308257
12 7 2960426.031281288
12 11 1698503.295320702
12 13 3315619.7033998403
12 14 3437189.471667463
12 16 12436302.448375847
12 19 12190961.73790692
12 21 13763238.747794745
12 25 14512924.60745287
12 26 12161967.235355802
12 27 17633.84168618515
12 31 27549218.67718024
12 32 2220595.110493429
12 35 832089.823001435
12 37 394719.98412927985
12 38 1782833.1760776148
12 40 5183642.0025678985
12 43 262962.14750122366
12 44 249620.14558698976
12 45 569542.4238783971
12 46 858243.0428513015
12 49 14965885.180935618
12 50 5296946.056936752
12 51 6071601.630451119
12 52 5605084.464875907
12 54 686222.6283067343
12 56 6778307.521650741
12 57 769582.5822219545
12 58 284181.1256493429
12 59 1551585.5039094544
12 64 8280966.280154004
12 65 14386484.764835628
12 66 9472131.250901738
12 67 4683082.575354269
12 68 1536112.5530086404
12 70 11514931.052152723
12 71 1044883.7473051104
12 72 2726991.472866756
12 74 3466812.5232437486
12 75 1571266.3590654288
12 76 4516422.897052681
12 77 7914410.559948013
12 79 4005966.846577054
12 80 23428958.74180579
12 83 6421410.872187278
12 84 4427519.352665183
12 86 5843010.098409988
12 87 1191620.6763715146
12 91 2260898.8132619
12 93 248735.11837761133
12 94 2788352.4939805376
12 95 6670199.034115665
12 98 3001104.2031267034
12 101 1359755.9146068248
12 102 993261.6095386508
12 104 236984.72267431446
12 105 7615302.823202337
12 106 6434860.342120254
12 109 3251660.583067841
12 110 1319217.5666332482
12 112 4768088.065679641
12 114 9541860.58819623
12 115 21284783.825532757
12 117 1459483.5437043312
12 118 13330021.530221585
12 119 961131.0926803062
12 122 1959751.6866962847
12 125 308166.30354122294
12 126 1035004.8474303599
12 127 169242.25042667304
12 129 6375756.207809887
12 130 2937932.1706908676
12 131 2444559.244790381
12 133 891763.4800970469
12 136 7466377.336482817
12 137 4464398.213720362
12 138 3499050.4414669066
12 141 1054079.146114204
12 142 2284065.9198048324
12 147 2522605.807996138
12 150 4651023.801027045
12 152 3224550.379419409
12 154 8721881.272401776
12 157 1724938.520605219
12 161 2373035.6761575085
13 1 47167308.359145746
13 4 51510720.147763535
13 6 200133786.2405433
13 7 44669567.8290309
13 9 3702746.406878732
13 11 42085044.10582839
13 14 20013913.320601504
13 15 1825653.7865002356
13 19 6849579.789833219
13 21 2717882.890522479
13 25 6660170.2232081555
13 26 12291766.680357303
13 30 14473093.135734988
13 31 202354177.8774402
13 32 9294427.531675335
13 37 26613092.32992715
13 38 47673961.38789399
13 40 144096063.425294
13 44 125899493.8405664
13 45 71954468.49769132
13 49 219936890.42578474
13 50 5143204.135366147
13 51 57759363.15690672
13 54 279070241.26561433
13 56 65366459.87726861
13 58 8643461.093768392
13 63 17193096.805116117
13 64 7307302.069791901
13 65 25842770.817396846
13 68 503455.02270697145
13 70 205802395.7420299
13 71 105503659.50441246
13 72 103924032.41118535
13 73 18147952.281381283
13 74 227898886.29013452
13 75 24025081.306672614
13 79 233556624.4247664
13 84 51739805.575602084
13 87 5915750.625720473
13 88 2284302.128814558
13 89 375408056.2107048
13 91 1631578.3695836638
13 94 41301238.315650225
13 101 134573397.72135252
13 102 23090188.875776686
13 103 1316862.314451468
13 105 56219477.62961517
13 106 46796354.66560435
13 111 39212188.79047532
13 112 48037875.616931975
13 114 87747393.05923302
13 115 36967929.985672444
13 117 303300580.6752166
13 118 327499563.1238084
13 119 2853991.0425065206
13 125 226622696.35776114
13 129 71116380.02502988
13 130 76646978.7188134
13 131 53055547.000162885
13 133 93437163.4672875
13 134 19629481.760092687
13 135 10160703.518086875
13 137 28301869.075518735
13 138 280194832.7287221
13 141 18266310.749282546
13 142 79143702.32524776
13 143 3021184.9410933387
13 145 3626404.6210727356
13 146 104594205.93209197
13 147 255521219.8685897
13 149 8286816.344117405
13 150 142050687.12808958
13 152 40724339.9499022
13 154 940990879.7969211
14 0 13945858.763729464
14 1 136760617.86701328
14 4 263902556.51038304
14 6 1208364254.2053292
14 7 963135244.382183
14 8 7302576.07039663
14 9 26775177.79981826
14 10 33897401.04660891
14 11 420791445.85539365
14 12 18773970.185371645
14 13 122313652.89366812
14 15 18420510.41808295
14 16 119875.80345817473
14 18 5201067.537431144
14 19 208792218.35759968
14 20 2943476.9398652613
14 21 30658029.169088975
14 22 14866160.459433088
14 23 918430.7927603504
14 24 6768965.266552847
14 25 16177178.288656786
14 26 1082621008.6726942
14 27 5128902.653956508
14 28 791403.5366108005
14 30 375864121.36051595
14 31 999443524.1366997
14 32 261867972.73911873
14 35 142109177.49196458
14 37 440214265.15911096
14 38 68861051.64246976
14 40 470593493.478934
14 42 368233.59113493544
14 43 57208887.343955934
14 44 132796242.09184398
14 45 385307846.2325379
14 46 44065410.3767546
14 49 235503383.96673492
14 50 35201287.13426816
14 51 584267433.9188014
14 52 3600303.4772929405
14 53 3256870.548838402
14 54 11066663.053326039
14 56 96644901.15965453
14 57 1303617.8318555856
14 58 39338298.912665576
14 59 550228.3507457789
14 61 3814719.8069844283
14 63 11577683.195103629
14 64 820767895.4461966
14 65 564602834.2932688
14 66 7297424.382644604
14 67 231162278.73173732
14 68 837862025.5775074
14 69 424205941.9591586
14 70 1465221300.7760246
14 71 11144628.555484593
14 72 901301954.7834764
14 73 54772574.171485424
14 74 224409571.75884378
14 75 59199914.64206171
14 76 4194545.331203109
14 77 45507405.524295665
14 79 949746435.7489095
14 80 21561152.06248146
14 83 1680097.6271271603
14 84 201298101.36277926
14 86 82143533.8676446
14 87 23060322.55516635
14 88 3028612.142504451
14 89 682137667.5024322
14 90 6630499.142517535
14 91 4613239.301004072
14 93 4142819.145078462
14 94 804303999.2244688
14 95 6733514.648485166
14 96 3576597.1353756795
14 97 53759483.472857095
14 98 1408290.1528059463
14 101 20749526.916284524
14 102 104562984.71063079
14 103 866679.3330373102
14 104 7406039.201356897
14 105 76004408.29039249
14 106 70620609.50349714
14 107 63510697.85536046
14 109 85717102.66385868
14 110 61170344.296055645
14 111 17941703.07968039
14 112 142699108.6746705
14 113 319787346.8187713
14 114 89269949.73886923
14 115 256306556.80388114
14 116 99728705.38155043
14 117 78089470.55551451
14 118 85233971.50220683
14 119 1505879.3064158242
14 120 1726363.364790006
14 121 3248057.0686611133
14 122 4501302.008013318
14 123 1207800.711870703
14 124 270844.11893148447
14 125 189344630.25642017
14 126 10226681.52722463
14 127 5314747.199662287
14 129 832587578.9650795
14 130 112714926.77494319
14 131 56689952.333121836
14 133 2254253921.747775
14 134 9408345.590825
14 135 26511789.502776567
14 136 2177645.238573147
14 137 63063627.86050496
14 138 2396856007.7406316
14 141 5812244.312731105
14 142 712664023.6054759
14 143 602340.2495391539
14 145 55389804.15341282
14 146 171019722.69523504
14 147 823684665.373041
14 149 1852245.4319111286
14 150 329141800.467355
14 152 119819031.48756798
14 153 12633196.383015148
14 154 47553447.22747417
14 157 32911158.07997985
14 160 344502.2742279707
14 161 1580971.7234015896
15 1 6527121.58137385
15 4 5777759.659765203
15 6 45710.16100992419
15 7 1107422.2325695567
15 10 5413778.976841712
15 12 1267497.3350122992
15 14 6499203.4384181285
15 21 4947238.997761329
15 26 9043524.545117034
15 30 6877038.042048204
15 31 8484240.993926222
15 32 297800.62931059295
15 37 1645978.7694625892
15 38 242637.08066824786
15 40 2241195.9366967473
15 43 9050919.643382458
15 44 916614.5902562412
15 45 6469248.514201094
15 49 5466502.884808271
15 51 10574429.03319417
15 52 448107.88280946104
15 54 2842278.1416118694
15 56 3983667.6313595786
15 58 1363174.2998322952
15 59 3191680.9236762547
15 64 11131325.854156315
15 65 505748.9633128524
15 66 4150251.959569315
15 67 12361986.948728867
15 68 8893796.825440563
15 70 12290081.875093328
15 72 362785.37991918484
15 74 2126596.2997892397
15 77 377486.958161105
15 79 2560331.1165475575
15 84 1815057.6438854777
15 86 1925354.7022326086
15 89 991555.5885809979
15 91 1307014.51243159
15 93 5384069.856007073
15 94 705733.04773735
15 95 1036264.75292
15 97 6336921.784061216
15 101 7468346.871143813
15 102 997277.2883157636
15 103 1563944.5093887155
15 104 699486.0638448601
15 105 347584.7850924581
15 106 2849849.764183573
15 107 10104736.489730394
15 110 9192382.350845912
15 111 992500.2775804538
15 112 2992356.2884765984
15 114 1610949.8631165805
15 115 3261143.007015883
15 117 2882510.828598119
15 121 26409.186550673192
15 125 415829.644498317
15 126 245385.7994516061
15 130 7471085.555890248
15 131 1155978.8702836393
15 133 3393897.7515295562
15 137 13572388.33850456
15 138 7019958.432156188
15 142 1971388.9635184174
15 145 660440.8376786886
15 149 7620897.588052414
15 150 8124505.236599057
15 152 1077850.5490686963
15 153 2091767.8079790683
15 154 10402705.898827188
15 157 1343515.1246162027
15 161 4240695.989821166
16 1 15512781.325334325
16 4 9041224.777828291
16 6 13213313.18544013
16 7 17750799.098275926
16 11 9040418.26096298
16 12 7395521.060079928
16 13 6631518.421284834
16 14 5110448.451352971
16 18 10259685.988370672
16 19 1791251.1144522352
16 21 38121481.86233545
16 25 13715774.621116677
16 26 691958.2775826178
16 31 10412396.383980079
16 32 14292332.16143166
16 37 64381365.01179116
16 40 6881435.173504824
16 49 18464526.464135006
16 50 14713052.76137988
16 51 5476225.92726768
16 54 5197526.388395011
16 56 6193796.307390208
16 59 4477092.754769028
16 64 3479771.844662734
16 65 11980137.319528382
16 67 7173827.299128694
16 69 60011.226959544285
16 70 12661713.153704181
16 71 15417643.044421425
16 72 21376545.920261927
16 74 10981688.04102289
16 75 7673666.987060481
16 76 23540133.25723359
16 79 34797661.046943225
16 84 7885782.3992712125
16 87 657562.957541527
16 88 4547802.381108371
16 89 5621902.270301183
16 91 3007640.9720929447
16 93 27568406.762967173
16 94 21709665.181708224
16 101 20337906.169448107
16 105 13209192.225718006
16 106 19785054.24987003
16 113 31320051.915961847
16 114 43885.34345704159
16 116 6285474.633843223
16 117 27052871.88591826
16 118 5160786.852322385
16 125 5749683.984822166
16 129 21110479.007278603
16 131 1400273.995283426
16 133 29244945.23327451
16 137 3040307.916425555
16 138 2217748.1728806593
16 142 7222004.417317745
16 149 11548117.676986102
16 152 2834496.3963374975
16 153 4821812.567261092
16 154 31788683.14770804
16 157 1064576.4259059299
17 6 2219590.84529252
17 7 1387938.4707133442
17 14 1569193.5481560342
17 26 581139.6538326028
17 31 240266.24513363175
17 32 321953.15256377915
17 49 947922.1117446964
17 51 575428.1102204289
17 54 665088.3084872962
17 57 285318.71800601884
17 64 479690.26226891275
17 65 1725792.8322792405
17 67 230524.96812906032
17 72 1124282.2328848992
17 74 131915.64948830125
17 79 3089182.5004657134
17 84 395428.963746796
17 89 1714587.7645470975
17 97 4193022.4274994144
17 101 336594.67065727874
17 106 421882.13765041425
17 113 245744.83788856567
17 114 1292382.7129197295
17 115 884834.548049309
17 117 1767725.89249114
17 130 395762.9386908059
17 131 21429.25408596021
17 133 25066.84885074859
17 137 271235.18005906005
17 138 1800750.8781396274
17 142 994716.7684749138
17 146 1133017.757487221
17 149 962719.2805449918
17 152 472436.62203628686
17 154 655507.648684682
18 4 1939793.8981072952
18 7 1508139.927269558
18 8 19579641.454469986
18 11 17272405.06562467
18 12 1734871.4286795917
18 13 16726687.565778323
18 14 30996464.003324445
18 15 1066237.6141588476
18 21 23683991.703251805
18 22 2783200.5307988278
18 23 93062.92187083342
18 25 1758150.9558327855
18 26 11305284.56494235
18 27 2950426.162611828
18 30 1061491.2239362544
18 31 3462748.41802995
18 32 13660995.672323594
18 35 16795492.81103005
18 37 5156221.052742889
18 38 20768438.031354923
18 40 5313325.228225334
18 42 2652727.9174908064
18 43 2971647.987423144
18 44 27662199.27595595
18 45 9500144.87563252
18 46 30306995.95223406
18 49 3092774.3367496505
18 50 714416.1091460129
18 51 11091713.699822998
18 52 4633881.525851698
18 53 579858.904457658
18 54 36357938.60623104
18 56 12697839.348916417
18 57 1882734.1289908385
18 58 12596033.997250149
18 63 5529504.4132074285
18 64 20044237.794045564
18 65 13362338.850042041
18 67 28124275.429475937
18 68 7996656.821897717
18 70 6298624.268559284
18 72 1027667.4728377588
18 74 66187499.136975765
18 75 29903287.393366214
18 76 7767627.525561146
18 77 6380378.5921356175
18 79 32249945.09142131
18 80 21523783.781747058
18 83 10966885.936910458
18 84 676277.6852424593
18 87 13476550.65189352
18 89 15738982.661537293
18 91 845534.570306376
18 93 3560797.8705685358
18 94 38261825.61609505
18 95 3962442.791388016
18 97 1277544.7349969367
18 101 25744803.147530455
18 102 18559602.463099927
18 105 4646865.242409757
18 106 9683446.984624417
18 107 13993977.702791497
18 110 3575399.1516231853
18 112 40715310.673668765
18 113 1903604.274056809
18 114 7639620.894953959
18 115 18805554.424044125
18 116 13480247.469711551
18 117 15828013.152471676
18 118 10523120.383563958
18 119 1330432.0112987652
18 121 6639582.79176722
18 123 52825.05246141905
18 125 9529125.29137029
18 126 15518286.954360692
18 129 706415.5404288191
18 130 7735993.079203285
18 131 11890203.659111788
18 133 30101344.417626552
18 134 45985411.91135642
18 135 16152987.155722981
18 137 8414680.629348874
18 138 11770549.742488692
18 142 10893587.339748515
18 145 24457820.069456503
18 146 4447140.252963568
18 147 10607994.496620364
18 150 14842079.085840845
18 152 1554057.4197798402
18 153 6157942.396118083
18 154 6914264.654317809
18 157 3960597.1481310036
18 160 2216513.207312686
19 0 2439978.5242176396
19 1 124172068.58703786
19 4 60320492.61185441
19 6 236486540.1846908
19 7 1978961802.575878
19 8 14254142.824668549
19 9 7233315.709245689
19 10 10809688.096366432
19 11 116816452.19212767
19 12 8577840.59170468
19 13 147180475.61611572
19 14 759614320.9679081
19 15 4767865.990459027
19 16 1674376.935629104
19 18 88002986.745692
19 20 8076102.97263507
19 21 135598512.07002196
19 22 52277.08799164939
19 23 8682464.484852321
19 24 9210373.92106991
19 25 35699263.46125333
19 26 3776224330.6706934
19 27 84181.48521587517
19 28 435124.5057095606
19 30 41348650.48939495
19 31 5841990652.83938
19 32 158617500.9012029
19 35 70669703.9567706
19 37 26480486.73276114
19 38 28462960.748547666
19 40 65045286.545132
19 42 486987.85001784377
19 43 3624874.1416414175
19 44 115069881.40696096
19 45 29838282.69843192
19 46 173093762.3328406
19 49 629464059.3824039
19 50 38866778.25662103
19 51 58864129.11010605
19 52 2447698.795224692
19 53 279968.5799756849
19 54 927544123.7920681
19 56 2254417030.4013724
19 57 6114277.420528369
19 58 279802675.26994896
19 59 8078574.766210302
19 61 7283781.593969156
19 63 47061028.9555134
19 64 404099479.1631686
19 65 20365162.482850686
19 66 63877749.493968695
19 67 458138021.76385784
19 68 1215820918.0558252
19 69 815875455.7407202
19 70 2139322321.3762
19 71 472262684.12342244
19 72 5034996768.938208
19 73 8959669.812381519
19 74 1214224786.9350672
19 75 25479826.80150767
19 76 103500947.64409135
19 77 150360823.75555593
19 79 4198906068.742704
19 80 40305419.897138365
19 83 204321252.63973287
19 84 89840570.57020386
19 86 9732582.01160075
19 87 3510061.5204736814
19 88 7315353.614711875
19 89 1276013445.3980448
19 90 9719508.415254824
19 91 17333820.284328178
19 93 9079103.635715537
19 94 1169374562.3912609
19 95 17454130.60231353
19 96 18925103.10301363
19 97 171445318.82435396
19 98 2572278.135642043
19 101 2292837081.9958153
19 102 74235397.10923497
19 103 6905154.624041746
19 104 2550794.9154741955
19 105 510401492.7135047
19 106 478312567.96602184
19 107 249704385.6055428
19 109 43465247.741680734
19 110 21804518.72549864
19 111 66220324.699581616
19 112 53128472.853418924
19 113 388362470.58797085
19 114 24926023.613343395
19 115 1624093996.4814267
19 116 37642564.276671655
19 117 122980685.98012821
19 118 2290489084.2996545
19 119 2002959.7728283622
19 120 4429386.49205027
19 121 829225.652463217
19 122 4851910.919266256
19 123 545737.5308522477
19 124 1600860.0179003135
19 125 354060209.08031815
19 126 30360401.912117396
19 127 5646864.117518075
19 129 2170247000.45641
19 130 96053432.20098664
19 131 33993481.37239449
19 133 376093019.2591684
19 134 79635618.69783859
19 135 26569017.92539206
19 136 1818225.7074852723
19 137 1760093030.721222
19 138 311759674.7867309
19 141 14963155.720794918
19 142 1399920562.1692095
19 143 1452765.330772974
19 145 6212022.624409872
19 146 134092960.74590884
19 147 386034275.08343697
19 149 14161369.005959535
19 150 327208792.054838
19 152 8325020260.578088
19 153 172601584.89482507
19 154 3767087115.2066965
19 157 155195746.98788667
19 160 4201109.01235017
19 161 37424498.208737716
20 1 5477355.475682999
20 4 49965321.250792906
20 6 39579123.85159814
20 7 9008500.919114927
20 10 122627002.6686964
20 12 3906086.3194501633
20 14 289326414.7554749
20 26 10969457.815705879
20 30 35607119.52844664
20 32 13849751.291635815
20 35 8321436.41899408
20 37 184929483.88091758
20 40 19146627.547633663
20 45 26343976.449276164
20 49 2371236.1206443342
20 51 48122153.57444604
20 52 9494624.070037285
20 54 60278704.67362511
20 58 4696628.52353764
20 59 1458702.7793437254
20 64 45622132.619001724
20 65 330461466.06009126
20 67 125947263.62170322
20 70 64228825.740422815
20 71 95452356.80252098
20 72 246791185.37755492
20 74 721765218.4432355
20 79 182525264.75800955
20 84 130675328.29623377
20 89 234753263.56506085
20 93 49045757.09324605
20 94 24338488.038500912
20 97 285806470.1332267
20 98 2060006.572372454
20 101 433909070.7715457
20 105 104659075.90696764
20 106 241338507.2994923
20 107 53631924.45355939
20 111 15979878.84776676
20 112 117820095.94075288
20 113 98296895.9560157
20 114 51839936.66332924
20 117 48802450.79212092
20 118 50419078.465335496
20 129 134964699.6871981
20 130 64779560.01555441
20 131 14963827.930595424
20 133 259540458.86213043
20 138 53681555.24264769
20 141 26944042.424200494
20 142 26535556.097613703
20 143 1720977.0125289059
20 147 5232093.431667698
20 150 10323178.671997972
20 152 242542808.47356376
20 153 27901722.84778111
20 154 19834359.076445177
20 161 1457900.6620244503
21 0 12757840.764763592
21 1 126777885.81048714
21 4 65524023.80381477
21 6 13630799.646845732
21 7 36024437.100314274
21 8 10329632.748587077
21 9 20097381.017233253
21 10 73925963.429714
21 11 35974178.83973996
21 12 14216497.564506417
21 13 4628539.035179209
21 14 13143970.377540367
21 15 3051111.162279209
21 16 1402801.265885678
21 18 42773168.885095656
21 19 241201516.73317507
21 20 22112858.807802565
21 23 918663.0187590105
21 24 12325993.995638378
21 25 3579059.984339358
21 26 69378591.34835993
21 27 6423497.063616155
21 28 172303.68171879233
21 30 8216957.31805514
21 31 57372744.54531101
21 32 18196613.17031671
21 35 10892427.602045316
21 37 52901218.221286945
21 38 7917299.2878084835
21 40 13090711.394848956
21 43 25659989.53061663
21 44 14387802.180980248
21 45 14507341.735932948
21 49 57298243.51002157
21 50 24052205.846592378
21 51 30626112.716428522
21 52 421714.7640790194
21 53 348976.3558842131
21 54 130269484.99651293
21 56 95789116.34597798
21 57 1733227.0092772234
21 58 36199353.689183794
21 61 8587774.475594725
21 63 11278622.962750038
21 64 153261813.5194426
21 65 36062784.39172067
21 66 67509912.90231413
21 67 20187734.6924349
21 68 31537914.20013856
21 70 105651441.08566593
21 71 123206717.97779293
21 72 89582838.97113486
21 73 4745374.244021128
21 74 64632621.31861586
21 75 72879271.71344472
21 76 7885731.625126605
21 77 8516369.35069198
21 79 44165699.688766554
21 80 78055341.30308238
21 83 21300504.129095063
21 84 49766383.38886015
21 86 27670442.741525467
21 87 4565589.364995112
21 88 874808.002306954
21 89 7546264.930912148
21 91 3384343.0430429843
21 93 17879815.866485704
21 94 53445030.14430388
21 95 482571.0890760153
21 96 11008040.57182606
21 97 14839710.794611916
21 98 5501282.564070851
21 101 34249661.98478094
21 102 25710907.7191385
21 103 12774987.468715616
21 105 35109569.87801224
21 106 87793078.74975522
21 107 1794833.3659178286
21 109 34811635.26033637
21 110 13459445.437882021
21 111 6503062.986861347
21 112 147935152.50145558
21 113 135806293.0056627
21 114 10670145.417879065
21 115 75005718.48972549
21 116 46484.34514840218
21 117 166197679.68264902
21 118 65230267.47392346
21 119 299686.9685281969
21 120 2194995.9029331743
21 121 3836509.9759983546
21 122 2356228.089284144
21 124 1087545.6927264738
21 125 13956853.681025622
21 126 50873986.84187014
21 129 40645510.08257166
21 130 142657322.1191774
21 131 38206126.184282616
21 133 10146871.267172238
21 134 31065750.399336085
21 135 44712485.7983528
21 136 2015832.353599621
21 137 78003199.20269874
21 138 287181185.6104975
21 141 896051.8589906129
21 142 103687557.60650128
21 143 2738166.25846889
21 145 12703468.229371859
21 146 34474676.9345271
21 147 14190815.843588557
21 149 1054341.6404568919
21 150 81926572.15482862
21 152 138920471.63362783
21 153 5874231.70311943
21 154 328404954.2494514
21 157 22041773.510526314
21 160 34912063.181902856
21 161 10542526.138166388
22 1 1313897.9117242452
22 6 5869337.2851805715
22 7 563626.1387467482
22 13 12199830.566228176
22 14 5700587.105380018
22 21 14497275.538924376
22 25 5926058.6947314115
22 26 1207689.1900412028
22 31 1059562.745688609
22 32 6513513.656321192
22 35 8416419.621392421
22 37 1589944.7725687106
22 40 1580462.1405897823
22 45 3153341.8610945735
22 49 706931.7492743037
22 51 7004910.3934022635
22 54 5291190.427352035
22 64 14604561.569771469
22 65 4144831.301185189
22 67 1685921.342622699
22 68 973288.3626526727
22 70 10079392.136440676
22 71 27438.098141364135
22 72 2283093.332280197
22 74 3861572.80340773
22 77 11678796.14703247
22 79 2586488.1694264105
22 84 9853739.114364358
22 89 989146.6406834992
22 94 8116366.315571276
22 97 1845566.1954059035
22 101 17809957.671163294
22 104 1432853.0186730332
22 105 509315.3086999883
22 106 3773111.127512163
22 111 2505145.8767551803
22 112 1946757.3781526082
22 113 7622770.471430782
22 114 5389584.071706789
22 115 920460.1242280313
22 116 546359.1223387285
22 117 399180.0369242222
22 118 2193420.5002701776
22 124 647340.8269660581
22 125 9299031.223967526
22 129 375443.3148230208
22 130 1687820.3259933596
22 131 1391372.9374512034
22 133 5656771.656985687
22 137 1855628.124963014
22 138 3828262.5164719475
22 141 10192514.013385938
22 142 4094218.0786430454
22 146 1045834.4791095778
22 152 8284506.187027779
22 154 5961377.257459183
22 161 5134727.724100482
23 0 148558.22302166332
23 4 268278.14917169564
23 9 211455.74743802223
23 14 581887.3379817269
23 16 420385.2519055153
23 19 1386810.2940525692
23 25 133411.80557945126
23 26 1950056.920986205
23 31 2152643.0028025513
23 32 236918.76883261415
23 40 12141.744395869426
23 42 779594.7606095509
23 45 456294.66708019486
23 50 542838.06019067
23 51 261773.5513827557
23 54 1477079.4179257036
23 64 1121248.2208360385
23 65 151838.27100101742
23 68 637320.9811836773
23 69 210040.8057692429
23 70 567610.6953114914
23 72 946254.4557386144
23 74 218739.58180570835
23 77 668150.6821140373
23 79 254100.8968706741
23 84 724225.3352857702
23 88 76073.66007397883
23 89 183430.30684448383
23 93 351145.8622997956
23 94 547595.9026914401
23 97 164816.09629615513
23 98 1021683.8631263227
23 101 2034641.9019271645
23 105 1239830.3331881934
23 106 107919.9940373743
23 112 1339411.2777144408
23 113 1872751.288045189
23 115 239698.26849086877
23 117 1320547.032046273
23 119 179027.1381488586
23 125 18628.075313598638
23 129 609828.5206640383
23 130 343633.7361078401
23 131 1141155.3897241687
23 133 935524.9352161064
23 137 269274.8830010936
23 138 262968.584470636
23 142 1319073.0894084647
23 146 1392116.6009082901
23 147 872063.5852421467
23 150 252692.70545622762
23 152 203026.0478258829
23 154 252405.18682853904
23 161 873624.8393109526
24 4 11194336.806965832
24 6 16001949.648092289
24 7 30493196.211970277
24 10 42195717.351707704
24 14 4478636.529012088
24 18 12659426.846561827
24 19 125072572.85451642
24 20 8554197.794301467
24 21 2646392.654311053
24 22 5356842.850793374
24 23 321842.2280489034
24 25 54248990.6365454
24 26 30516195.228791926
24 28 182421.35291894025
24 30 46686088.40579065
24 31 99823913.7838521
24 32 35113011.61361594
24 35 11053302.683306012
24 37 8900150.359679047
24 38 28230520.12054593
24 40 39483036.85925942
24 43 13639898.852864498
24 44 27949403.316062786
24 45 44241078.07092779
24 49 2119290.266073898
24 51 6607596.114541083
24 52 6263136.784202814
24 53 726506.4182757147
24 54 8683145.333502784
24 56 2218413.0378887695
24 57 2851511.493283076
24 58 21660029.943194415
24 59 3534353.9362590387
24 63 8499942.944318725
24 64 3976946.992115456
24 65 18754772.57738947
24 66 1873682.207701664
24 67 31180678.56897543
24 68 78312080.26199871
24 69 16829853.318916112
24 70 4140885.9442606014
24 71 1454133.907286856
24 72 4725938.902784603
24 74 46612368.78232397
24 75 12354153.828940667
24 77 65348654.74956822
24 79 17986067.549389854
24 80 15056933.944506906
24 84 33895962.42812079
24 86 34488465.64446814
24 87 2584927.1413543453
24 89 16069690.67764155
24 91 1952877.8426183877
24 93 15912430.080160646
24 94 40127146.46910334
24 97 5087361.5969742965
24 101 3352455.2040337813
24 102 7279014.039375506
24 105 42850081.49801694
24 106 7673437.987015345
24 107 23163526.860189945
24 111 6757236.273707928
24 112 12538903.324603751
24 113 583500.9705778187
24 114 52493166.44603679
24 115 19395263.16082883
24 117 13958748.549323047
24 118 40887541.774135716
24 119 9120842.19066751
24 120 405225.57361815375
24 121 4378708.05499797
24 125 63245041.416815914
24 126 1541582.5015194942
24 129 34945354.461628065
24 130 8099235.8171008695
24 131 13382165.967540095
24 133 4169954.947675397
24 135 330845.0517745656
24 137 662977.6198213638
24 138 8018443.7034505615
24 141 4692304.0992639875
24 142 24082036.2005128
24 143 842937.0573604169
24 145 12124138.462559186
24 146 265752.1752872194
24 147 90745499.60364984
24 150 9907930.610636309
24 152 33936702.596442506
24 153 20355171.08917708
24 154 1022490.8577455614
24 157 43004339.96625069
24 160 23359922.54080365
25 0 18022290.360162906
25 1 5212496.305217205
25 4 10015820.000175191
25 6 54450969.15228911
25 7 36048418.037802964
25 10 3083159.2028655126
25 11 365135.59465817746
25 12 19291382.126914784
25 14 2642647.9590347884
25 15 4655032.459555441
25 16 3812910.7742196764
25 19 23496899.289930355
25 21 17654190.8547694
25 22 9202095.037915338
25 23 395179.7537432226
25 26 11468950.351055657
25 28 2416966.9173058555
25 30 21500688.831868056
25 32 20612081.084045976
25 35 4754433.976810313
25 37 10445203.560443608
25 38 8082283.212902954
25 40 14086774.301447522
25 42 651016.0013672004
25 44 10409961.782003975
25 45 52115571.305870906
25 46 11691937.822919983
25 49 25447735.90935128
25 50 15273684.282804599
25 51 4917999.255881298
25 52 1283081.0808076467
25 54 34397895.35530467
25 56 13707238.398958258
25 57 2497018.9268166535
25 58 20045630.347063657
25 61 19012462.52279389
25 64 23183332.326029927
25 65 37403658.97554645
25 66 8876260.122250311
25 67 88314889.16000782
25 68 23692499.26863665
25 69 6677170.5123695675
25 70 5266918.579816994
25 71 41696674.19695273
25 72 12279016.39713085
25 73 16398078.683490986
25 74 115412965.57065065
25 75 8691473.68863741
25 76 7444201.629474458
25 77 25969716.93273441
25 79 13779137.87331412
25 80 10603239.6226271
25 84 33827614.09713235
25 86 115036120.64537212
25 87 1793206.8154628496
25 88 8155732.356664003
25 89 51073410.08635967
25 91 879578.7695598927
25 94 92534913.24917689
25 97 32420974.40453212
25 101 62074104.84035361
25 102 13695412.801141541
25 103 7294196.577169817
25 105 2244693.868673656
25 106 14501462.118387006
25 107 11237328.174185792
25 110 15208849.775431696
25 111 59893164.98629123
25 112 8020104.0162551785
25 113 4454385.6026259195
25 114 52967934.38372143
25 115 65729611.775683835
25 116 7408432.318951615
25 117 21853285.85129154
25 118 66747528.6382407
25 119 1193738.3954030857
25 120 239754.3456147691
25 122 5593374.127148971
25 125 14687769.750362076
25 126 15320112.898575403
25 127 7155218.458457978
25 129 2737255.4166312497
25 130 2059986.0922840189
25 131 7307810.270950085
25 133 158890336.67030314
25 134 18857097.576492682
25 135 17192551.264321074
25 137 36716104.133359455
25 138 36167648.347249866
25 141 226198.499181428
25 142 45868589.38034352
25 143 1003035.0295333688
25 147 475713.57183973276
25 149 6338580.201979014
25 150 19904058.476784747
25 152 18869481.844644565
25 153 4351376.561353607
25 154 16007451.999985998
26 0 5077314.704858444
26 1 279689356.1182706
26 4 376625043.036515
26 6 315965857.10645837
26 7 6783016291.9622555
26 8 30057079.00516984
26 9 30484548.831542198
26 10 23024867.250249
26 11 30753309.56629909
26 12 8217633.021599265
26 13 605331495.1982559
26 14 625176055.5047157
26 15 12270630.217239114
26 16 17298668.205637645
26 18 13845441.9639913
26 19 2078961906.345127
26 20 18682608.141446304
26 21 132974046.4394728
26 22 8457910.700135952
26 23 943550.5767405716
26 24 2597496.426203118
26 25 21465922.30683188
26 27 10297091.50011436
26 28 403505.0712711275
26 30 99991974.27924097
26 31 6609060972.273708
26 32 68684383.19033594
26 35 184918221.90827376
26 37 131979544.41613257
26 38 23621212.80834836
26 40 1402172560.4923534
26 42 214913.1410267472
26 43 7383734.239962874
26 44 31384286.169657685
26 45 17063575.73665221
26 46 43933880.56608501
26 49 2196455288.0697393
26 50 928584.50875969
26 51 4757740863.486523
26 52 32214046.305717554
26 53 772074.3679342819
26 54 301502196.08280444
26 56 365693606.11275053
26 57 644077.0142083806
26 58 253261.0559461059
26 59 8235737.216509211
26 61 2277847.4207976116
26 63 11542271.81792694
26 64 3929751791.7530847
26 65 432001653.4931003
26 66 4715280.808203988
26 67 138369061.3080529
26 68 270362152.04206324
26 69 173500777.88595754
26 70 1456194664.3600512
26 71 195774903.79810736
26 72 3542255677.510084
26 73 129784321.10747486
26 74 820003089.6894834
26 75 39857960.0113008
26 76 65371064.234683156
26 77 39648831.74776306
26 79 2900875558.2162333
26 80 44180461.54276891
26 83 54517917.092815734
26 84 101061662.30230026
26 86 173515676.0661548
26 87 18050626.94442961
26 88 2685483.7203224064
26 89 3782061736.950053
26 90 6646117.994212866
26 91 2617333.031127747
26 93 2662547.8864204222
26 94 1825279538.7300053
26 95 10055433.579553146
26 96 17724335.725011963
26 97 223919938.52764568
26 98 679898.447451426
26 101 6265339107.367488
26 102 84378567.26427776
26 103 13725644.451056218
26 104 2598214.7879283135
26 105 244074802.2301637
26 106 1381424339.3262951
26 107 105056280.81460223
26 109 86792619.08200401
26 110 11730441.089433838
26 111 39274158.940511696
26 112 83163748.36379501
26 113 1099723965.8726263
26 114 2549337434.306399
26 115 846716051.1067363
26 116 169568960.1585161
26 117 272785955.84447503
26 118 1171922873.6011178
26 119 2605937.5313658174
26 120 2996475.862994981
26 121 1147103.6461069402
26 122 5258632.084193607
26 123 1202328.8745886052
26 124 1175198.9180614115
26 125 1397643093.5390043
26 126 51486780.29051537
26 127 90818.02829686315
26 129 754380730.714009
26 130 235339454.92527458
26 131 72594847.77991226
26 133 12089024582.043354
26 134 113458481.81756142
26 135 5134083.2726318
26 136 2839424.331410088
26 137 5375153531.946552
26 138 2155436755.761336
26 141 35173087.237382546
26 142 4482642223.42581
26 143 527990.6300876163
26 145 26243511.945986252
26 146 56831487.22287852
26 147 128791564.47412494
26 149 2183103.815072922
26 150 139266212.78459695
26 152 5005422530.209574
26 153 111324804.2427723
26 154 4930864239.601887
26 157 639715131.5520756
26 160 12478066.610534195
26 161 9897024.99863317
27 6 883318.2006910568
27 7 103453.12684632158
27 10 317020.9518504341
27 14 514379.5204039048
27 19 173476.5344497981
27 26 179473.5870630057
27 31 653478.3514684103
27 40 329704.0452709107
27 51 930561.6926238886
27 54 192933.46348854323
27 56 367161.72639502
27 64 90874.42490589424
27 65 702829.7051019715
27 70 887491.0200915248
27 72 2976.9123783726736
27 73 19009.15934496833
27 74 408284.2372132494
27 80 740267.3097313978
27 84 349118.4223551474
27 89 59749.01332146109
27 91 161137.4227225819
27 93 35924.511858148544
27 97 89244.08736006611
27 101 572957.9531482938
27 102 273526.021012207
27 106 510827.606443571
27 112 345651.3346028025
27 114 13135.627476389465
27 115 90392.18023015941
27 117 91324.51521551628
27 129 647744.1312081079
27 130 34065.125025857895
27 131 201056.25555207336
27 133 561978.6061333525
27 145 48745.61209468952
27 146 890212.8343734641
27 152 91683.95195332628
27 154 386914.752010146
28 4 994093.8692770369
28 6 3401392.0020604217
28 7 4895064.535282129
28 8 1394325.343961512
28 11 156707.39725812202
28 14 3252224.007819551
28 19 5158443.809782737
28 22 261574.62759680432
28 25 1074675.264179734
28 26 199729.10289324095
28 31 10600514.777894598
28 32 4869080.093128899
28 37 2347504.2829501606
28 38 763688.8819332281
28 40 78699.5478002836
28 45 1821367.5051381635
28 49 3365260.9317758544
28 51 970312.7525594137
28 54 1530120.0586875947
28 56 2498384.532910657
28 63 1945132.950532136
28 64 767692.9749199518
28 65 2511520.179706889
28 66 285054.98819923657
28 67 10436.175506861107
28 68 3469359.6237149406
28 72 255443.00579885545
28 73 1205961.2584682012
28 74 1824449.6301102058
28 75 4876642.194799336
28 79 748846.6898101737
28 84 1370115.5960219163
28 89 212014.64886313133
28 97 519920.8846370559
28 101 961451.0340068912
28 102 1050190.2615268002
28 105 2000455.196263753
28 106 2625515.607398565
28 109 3373996.4361565346
28 113 360337.17674646276
28 115 1104392.0874523253
28 118 5233151.525092085
28 125 65877.3046306639
28 130 382943.87420011166
28 131 36146.70158243326
28 133 150136.75081728274
28 134 1819123.2591352141
28 137 4399767.212484722
28 138 92027.77427935283
28 141 3586897.3527150466
28 142 7944596.459719835
28 146 815787.504038366
28 147 146616.0060923567
28 150 852953.7611656004
28 152 2355571.0800412446
28 157 850603.9227323924
28 160 394351.4939892416
29 4 1903509.8342854462
29 7 1744744.8611904946
29 12 2545098.314570518
29 13 1911152.213617902
29 14 1458919.9643627098
29 25 4149363.0863544336
29 26 7233275.373332838
29 30 868234.2423923918
29 31 305892.37866223184
29 37 5270890.254045448
29 40 905367.762979617
29 45 7053231.490307426
29 46 99524.21910100146
29 51 2517109.6209507836
29 54 443491.9305039903
29 58 3873647.9834391796
29 59 118765.99031944969
29 63 3605217.357616238
29 65 1243030.4403830557
29 66 905464.055760337
29 67 4624152.304269645
29 68 914928.864059848
29 72 573334.4247107055
29 73 2419472.4466038616
29 74 281304.1107264254
29 79 4128908.4740891326
29 84 696782.3788369109
29 89 813753.1757473045
29 94 4444680.422381582
29 97 691491.9540886361
29 98 830395.9364853849
29 101 228901.72064784836
29 103 3809705.4041157486
29 112 605506.7347432117
29 113 60091.01536624335
29 115 2004849.9288297598
29 117 6755500.666219983
29 118 155205.6798723578
29 125 319608.21727035276
29 130 675096.7069678084
29 131 3846486.841507587
29 133 7475041.290127589
29 137 2181498.82050641
29 138 1302805.7653582748
29 142 6297107.637101364
29 150 752682.8777106389
29 152 161061.3167100016
29 154 3574611.52505232
30 0 3456364.8355323886
30 1 77399101.1920621
30 4 682890715.0698757
30 6 455273696.73882073
30 7 25931510.318339948
30 8 3805567.647408699
30 10 101341174.0088551
30 11 18517985.276732776
30 12 9339024.653202515
30 13 43516470.95069972
30 14 153835006.85644633
30 15 948200.4866037789
30 16 2903672.060107953
30 18 6008393.372426864
30 19 232972080.85524178
30 21 151575102.66064385
30 22 1277906.8873633607
30 23 1569516.1261170069
30 24 34868662.76631306
30 25 11962394.360880768
30 26 217559848.40153322
30 27 1891944.9390793804
30 31 111410153.35261892
30 35 117970049.70246314
30 37 29446443.377823725
30 38 10920187.725715049
30 40 1065648209.7267773
30 42 2010860.3356981506
30 43 112986853.72270976
30 44 39271906.42351146
30 45 217305366.02582005
30 46 24163578.00192851
30 49 245879548.07582
30 50 20027822.895448744
30 51 132909219.96763887
30 53 955140.5277009071
30 54 1003200603.7961072
30 56 296429211.36185235
30 58 6288532.930370969
30 59 7257286.996392445
30 61 221667.84665927643
30 63 31168645.898997195
30 64 84202856.17546082
30 65 408600161.7630978
30 66 89620241.1912845
30 67 354882522.9398104
30 68 277378481.42955446
30 69 106007473.05005316
30 70 663248032.9548553
30 71 1751331835.357188
30 72 168757577.5398601
30 73 101572156.92431872
30 74 714035712.3171269
30 75 17739797.17907121
30 76 188118614.71157172
30 77 88118264.43963641
30 79 283395976.51167053
30 80 41317806.31349643
30 83 98788789.56482708
30 84 50439393.4134936
30 86 12324176.807959406
30 87 19371017.31164124
30 88 895112.4840097409
30 89 339709001.7388777
30 90 7445051.912623285
30 91 22478379.00595741
30 93 2217295.455139785
30 94 186091596.8354878
30 95 5565669.887528368
30 96 19925276.482462928
30 97 50748376.95397687
30 98 4077097.170805806
30 101 835425898.1638123
30 102 105327843.454375
30 103 102247060.40051161
30 104 2150191.2443920695
30 105 12758173.696265148
30 106 98098393.65887594
30 107 1566983.6592106137
30 109 195884505.96328896
30 110 31314773.234783843
30 112 91234949.79182734
30 114 407235284.0741844
30 115 168243952.88599378
30 116 40558339.84098814
30 117 181086479.988956
30 118 291043231.7650463
30 119 13395212.835777475
30 121 5767309.368028933
30 122 7026247.866753548
30 123 5322613.747844303
30 125 398113405.39175224
30 126 8483807.10777761
30 129 490781569.6398978
30 130 26782236.466192067
30 131 68406054.41240554
30 133 46539116.12228823
30 134 30607388.624530274
30 135 11843647.652536102
30 136 233706.72284972202
30 137 468626362.5217334
30 138 252065581.4444809
30 141 4137685.2307451856
30 142 27773052.909811195
30 143 2053938.2188418636
30 145 62245744.357195675
30 146 33967986.463537246
30 147 118034464.98484662
30 149 1503540.674201463
30 150 65053453.64121839
30 152 611875527.4578565
30 154 286288320.8511897
30 157 311014684.35672116
30 160 16117195.455864063
31 0 2289805.816690818
31 1 125191989.26903588
31 4 49556843.331712395
31 6 6034313107.410414
31 7 3254746770.092327
31 8 55105001.429032974
31 9 119729142.71462677
31 10 9769096.233864568
31 11 115971874.62975183
31 12 3188739.1734478986
31 13 673312772.5160823
31 14 456630941.213645
31 15 9639010.794534469
31 16 4882019.858286999
31 18 24745558.35401527
31 19 1632831012.6679883
31 20 5019070.310044588
31 21 142624450.95220533
31 22 7880480.2522796765
31 23 2860835.897787282
31 24 13177843.877538608
31 25 3511918.622573454
31 26 10460882623.20716
31 27 8703756.69685485
31 28 997737.497463995
31 30 315877376.939689
31 32 273568818.48130256
31 35 34180545.56167502
31 37 161664577.3805104
31 38 168406524.35098058
31 40 751701585.126245
31 42 2603396.022911151
31 43 21645801.29701497
31 44 6419148.623026831
31 45 153083066.66272348
31 46 184508794.47834155
31 49 1208306673.602967
31 50 34324721.65516917
31 51 14946507179.954912
31 52 631213.9894854189
31 53 1156299.3863702079
31 54 1119372226.6606631
31 56 537798366.5288858
31 57 1920167.2916207577
31 58 58753908.017408065
31 59 5523027.65212478
31 61 4197689.45349573
31 63 21016914.826037064
31 64 218679036.36546123
31 65 549248139.5853195
31 66 61553661.23047725
31 67 432236487.83886623
31 68 87338323.94434135
31 69 49591895.99142862
31 70 1437367940.2593944
31 71 1374282197.4056056
31 72 16427192104.55513
31 73 918965.0722992208
31 74 76409007764.76854
31 75 43126723.34593197
31 76 64312124.46967053
31 77 71039629.12433828
31 79 1639349230.2560177
31 80 432170837.8928693
31 83 94352511.06750175
31 84 49053013.7759455
31 86 316057935.5292144
31 87 8470485.253951877
31 88 6132020.53381075
31 89 321970148.95475286
31 90 25742788.908518117
31 91 7543610.650825808
31 93 12837314.74583185
31 94 6158033167.021575
31 95 3539895.38728771
31 96 8826235.299449803
31 97 629638806.8129979
31 98 70446.53144198841
31 101 30030860304.830433
31 102 28155732.76920966
31 103 60508971.893687144
31 104 7505555.515391894
31 105 42918643.656935
31 106 3091760415.698434
31 107 58731174.498087205
31 109 20479171.09558222
31 110 11277492.671778738
31 111 48343668.75181677
31 112 81299792.31329264
31 113 309642140.2396166
31 114 721517299.6029327
31 115 1890431559.1724453
31 116 27639885.054039948
31 117 41959100.08695262
31 118 243292125.503255
31 119 733911.963404042
31 120 683724.6294736146
31 121 2503479.466737737
31 122 1185262.566891842
31 123 587214.1237942674
31 124 639548.1928695281
31 125 2066614196.8035138
31 126 41091265.9345512
31 127 81272.84655073452
31 129 84846898.74144189
31 130 2784883.15073108
31 131 138639894.5608019
31 133 4008487376.198978
31 134 52229629.40309182
31 135 50411813.97812307
31 136 3773406.6289771716
31 137 977996511.043457
31 138 1326809739.396937
31 141 19929604.91308588
31 142 6011204123.284569
31 143 5057285.694003636
31 145 128413958.42881107
31 146 50665412.56511035
31 147 898863963.9594482
31 149 15986863.20101413
31 150 998323279.6174499
31 152 23388019504.815994
31 153 11399227.044924896
31 154 171230268298.45032
31 157 248133322.5783904
31 160 8344595.651264458
31 161 4595159.265461611
32 0 36042534.857509516
32 1 11801048.179089447
32 4 184431009.91525415
32 6 17761330.23699307
32 7 106952580.67201626
32 8 15707911.781420346
32 9 24854963.61126928
32 10 11831430.086639205
32 11 50960375.29970833
32 12 12031976.69948396
32 13 344483623.67104024
32 14 136161615.84142056
32 15 4333177.295184362
32 16 871031.5611405468
32 18 46307104.33637904
32 19 72514837.2700845
32 21 178933176.0784361
32 22 2694761.520514676
32 23 104250.55324731607
32 24 36179109.43891673
32 25 37931474.25728068
32 26 196295218.24194947
32 28 110819.82637500847
32 30 740491379.1218832
32 31 747344.689453421
32 35 7879045.634169811
32 37 97995433.4803423
32 38 4251986.863112959
32 40 9747180.733566659
32 42 613219.2227187095
32 43 51370607.53063774
32 44 78667624.2479527
32 45 25144167.793700118
32 46 40842676.87794197
32 49 3790670.443563182
32 50 3502609.5524106985
32 51 39139150.65923064
32 52 56866.47859839
32 53 2936794.1864572056
32 54 294665521.60192734
32 56 115981636.18893832
32 57 33326.45988305214
32 58 36739329.95586388
32 59 12459669.799777191
32 61 3158665.2166960584
32 63 85889190.8046144
32 64 319001103.0804255
32 65 204467977.57724145
32 67 325162019.9015596
32 68 402534463.5183536
32 69 231475259.59894663
32 70 827973290.5681676
32 71 25009794.015916385
32 72 387042153.23296547
32 73 94942624.41860493
32 74 34461125.42818336
32 76 124945078.16609572
32 77 8975626.301012507
32 79 198693842.9230625
32 83 29896854.138395656
32 84 39211387.98790438
32 86 161127527.59312037
32 87 4527883.559820666
32 88 12934871.217914447
32 89 33558844.487871245
32 91 26681129.328170527
32 93 25688489.838817433
32 94 274639232.5053947
32 95 14624072.84733436
32 96 10256905.963661155
32 97 21397397.184281204
32 98 684368.0526371967
32 101 76446783.19237138
32 102 37880974.8337833
32 103 8646885.001273034
32 104 456698.41754726064
32 105 74956864.74711896
32 106 338481517.66426533
32 107 63072377.93946956
32 109 2045409.4013465645
32 110 23783933.71182338
32 111 42223334.31596601
32 112 15528419.562919457
32 113 255136910.64455783
32 114 21920022.75365899
32 115 142996278.1087581
32 116 45622958.97881094
32 117 171800209.72277468
32 118 233252157.50484595
32 119 6509059.855812378
32 120 5314723.648919248
32 121 8131840.611709291
32 122 720380.6465932833
32 123 5063484.235997683
32 125 201920040.9521124
32 126 24127933.674320094
32 129 157766370.896318
32 130 263799849.88444483
32 131 18875644.23190314
32 133 567452398.6254187
32 134 20285269.630899806
32 135 37458964.92071633
32 136 2289522.0504909474
32 137 65284315.25472607
32 138 63103318.53068692
32 141 8637543.523756359
32 142 1086144936.1119974
32 143 11175487.680648087
32 145 21339663.773567364
32 146 116496496.36960296
32 147 27566753.86542227
32 149 10959391.958772838
32 150 469747581.2759336
32 152 27804041.98473795
32 153 28686133.601425022
32 154 215703313.34671944
32 157 121728260.183185
32 160 23545352.827749282
32 161 508924.15177651984
33 4 2517503.296261568
33 7 1437209.8018340082
33 14 1650582.0805067406
33 18 736979.7144098878
33 19 602896.8757533204
33 22 225324.21888009796
33 26 24222.088372893784
33 37 1506749.4571851469
33 40 1694531.2048868453
33 42 454879.42460779374
33 49 511935.5995481202
33 50 120181.87587712913
33 51 447064.62636464805
33 54 212272.3539290479
33 56 1827995.6196949447
33 64 697053.0429098798
33 65 14184.953225283809
33 68 1012609.9372468555
33 70 72431.54545896401
33 72 1134952.110551256
33 74 2511667.7005173448
33 79 1852263.9032165708
33 83 944039.3245384466
33 84 65279.729032468895
33 88 1372983.5718484009
33 93 2460140.2301515806
33 101 1016654.775469685
33 105 831282.6028606325
33 106 77851.07006147692
33 118 80725.11382867432
33 119 516728.9125462611
33 125 659397.9224045583
33 129 70228.74824870209
33 131 168082.72603063114
33 133 733582.0710640792
33 142 252603.5759798777
33 147 504144.7168818126
33 152 100224.49348611273
33 154 102586.9083046046
33 157 489150.98421092017
33 161 502758.8407220253
34 0 3909321.3262228738
34 4 13511125.759846395
34 6 13738240.738518536
34 7 3815854.2059337785
34 11 53873812.92282631
34 12 15035668.977470806
34 14 5178682.79036189
34 16 3054806.252779501
34 19 7116944.38702975
34 21 10016735.478333531
34 22 1497763.9553067398
34 24 2814947.332936309
34 26 29748488.531118017
34 30 13918326.053158492
34 32 51489092.56913496
34 37 29235583.577147115
34 38 10225873.803248059
34 40 17963921.19511796
34 44 857428.2824890228
34 45 28403762.25527962
34 49 34846923.69946896
34 51 43847789.90206218
34 52 1094141.9104534984
34 54 11088740.483193558
34 56 10271153.003803724
34 57 2506762.0671364567
34 58 6718377.328619748
34 59 9374255.120757192
34 64 46349802.36419599
34 65 66522688.38498486
34 66 13542906.54291246
34 67 169452013.19698793
34 68 23203228.721119583
34 70 24086077.27013056
34 71 18083349.124705408
34 72 3734410.286022207
34 73 19240160.097884256
34 74 43955251.15878171
34 75 50683286.19403829
34 76 16237574.4512241
34 79 27913369.715313863
34 83 3340088.705865913
34 84 10367764.523626663
34 87 2237161.624274027
34 89 421351.81087930605
34 91 5635806.427521098
34 94 5632568.920216558
34 97 1254321.218962101
34 101 147331087.2468086
34 102 2438749.390134739
34 105 52484976.00609605
34 106 19815159.31556802
34 112 28144857.034854937
34 113 11876238.645114895
34 114 26905039.983294714
34 115 10702799.081374303
34 117 11827051.135768423
34 118 39863868.96839866
34 120 2267813.3617568254
34 121 4276075.682758344
34 125 11675499.390018446
34 126 28326582.091771614
34 127 7384387.054544589
34 129 15344109.981224516
34 130 3041161.114112365
34 131 68539486.77869807
34 133 69194004.01895174
34 135 32078661.183681924
34 137 2383241.9350408358
34 138 19958884.622780837
34 141 535761.2226914527
34 142 2080780.6352855728
34 146 7553932.539373331
34 147 32935318.471059393
34 149 2167295.7744231713
34 150 27979777.392920014
34 152 15932906.37604527
34 154 15957690.670183983
34 157 7278956.839085486
34 160 1134806.327263768
35 0 32614407.248690613
35 1 23058516.954845253
35 4 10482814.058727358
35 6 9945266.48711092
35 7 26080974.197595257
35 11 72429109.77551714
35 12 4769774.393621205
35 13 9341680.348335722
35 14 60938301.71278881
35 15 5128502.407704304
35 16 17953502.744835317
35 19 54711573.10993253
35 20 4373390.736655117
35 21 16233533.269770963
35 22 1299708.2945798796
35 25 3705832.699590366
35 26 96101484.97479051
35 30 243525719.8239032
35 31 90732712.14134055
35 32 99055757.84064247
35 37 247462492.16414592
35 38 44482728.73630279
35 40 38048209.04590097
35 42 4452525.151082817
35 44 36854768.28610051
35 45 147919254.25526097
35 46 19459374.693067476
35 49 115391683.87893353
35 50 15392544.813543139
35 51 55676413.93636397
35 52 2033419.300188215
35 53 3818969.4092163453
35 54 41101383.17991259
35 56 101785607.71945934
35 57 3237849.856883625
35 59 5466211.9908125615
35 61 378359.9219642624
35 63 14453216.801757015
35 64 30360404.42088721
35 65 4122989.9267698326
35 66 25885186.418924954
35 67 157874834.7009685
35 68 1871848.6210146723
35 69 18761972.734001145
35 70 167072855.19602355
35 71 7774262.087620344
35 72 36165763.79760443
35 73 48642930.42342636
35 74 44217862.290859245
35 75 17541523.154965058
35 76 25584538.384144675
35 77 53878955.316070035
35 79 51628989.89755323
35 83 33219222.164887138
35 84 32737998.86207669
35 87 1971764.144899927
35 88 3566538.801356654
35 89 80220159.64357461
35 91 9905476.143758005
35 93 24711992.10469143
35 94 50829623.95107848
35 95 11884587.575763809
35 97 30649790.45011222
35 101 425140679.7978348
35 102 4114180.889388466
35 103 24953488.469843417
35 104 1492876.6916136565
35 105 32514329.204327717
35 106 93834151.77880199
35 107 1509955.596953124
35 109 68663389.29990181
35 110 1750570.8263633624
35 111 44546462.86984341
35 112 20123699.6557656
35 113 128848798.25131822
35 114 10931526.095647076
35 115 24815241.11651508
35 116 70119227.46518846
35 117 18688249.788473256
35 118 128590779.33408034
35 119 1526124.589505563
35 121 874793.3082596988
35 125 13808241.979268627
35 129 10565901.09131188
35 130 49019198.241037086
35 131 26087593.2293251
35 133 140999615.748914
35 134 20528708.398298033
35 135 27781644.42868848
35 136 9569789.315686008
35 137 19430214.439741302
35 138 51823161.36679225
35 141 12329669.755144376
35 142 259120593.97246754
35 143 2493402.446808106
35 146 41135782.856777504
35 147 127492117.13367952
35 149 162803.34615782494
35 150 14992581.788614076
35 152 43026345.78911058
35 153 803541.5976525755
35 154 36453736.01870608
35 157 72948777.8341163
35 160 13507455.911776181
35 161 14749811.80383817
36 1 37079141.41168833
36 6 42020112.737729
36 7 107846415.73366307
36 8 3555115.6081832075
36 10 16381556.675749386
36 11 44464628.33811209
36 12 6076726.561153671
36 13 32217402.006312694
36 14 1904793.0786490813
36 18 17893361.331662774
36 19 10861794.152751276
36 20 16838876.09813767
36 22 1038966.6910842875
36 23 78532.26970469531
36 24 13664266.237551322
36 26 132071132.73525648
36 27 7690677.415173631
36 30 19411530.59414145
36 31 77738399.41787973
36 32 79427800.96672237
36 35 27706288.307137415
36 37 12404653.009000206
36 38 5682703.976985253
36 40 30444150.355141215
36 43 24047527.71520495
36 44 10162092.306357993
36 45 7157650.839100218
36 46 41166122.69793672
36 50 20663970.410679404
36 51 22799466.488662213
36 52 239148.15133928976
36 53 1296963.034585944
36 54 60682908.09339699
36 56 1313395.0073554856
36 57 914720.7569315607
36 61 2118403.0277451226
36 63 9725695.173804216
36 64 46654700.90507225
36 65 225498079.67140344
36 66 2776158.5322781107
36 67 100351643.16264753
36 68 4026829.911085289
36 70 86384385.14384665
36 71 25495203.53914784
36 72 21782612.598865405
36 73 22581678.394174837
36 74 9852954.19794037
36 76 41244464.20732844
36 77 88683713.33012107
36 79 16931662.08266801
36 80 11190047.873924024
36 83 18983852.42346968
36 84 1232895.37017391
36 87 5617636.99517359
36 89 38874953.7399662
36 91 16692557.965842688
36 93 14760262.367145449
36 94 58785128.01809131
36 95 506083.5849620946
36 97 3551377.7979902835
36 98 1328227.7927531179
36 101 102724321.02672173
36 102 168918358.43033192
36 105 6863338.213203183
36 106 28630180.825033564
36 107 43098808.3075813
36 110 19443632.12463749
36 112 13561106.655309232
36 113 5811098.261201308
36 114 62231.35741027801
36 115 45165720.59052547
36 116 13663570.150908621
36 117 40164540.500361204
36 118 232341680.72313306
36 119 1282339.8083397206
36 121 4984728.739384495
36 122 1577678.6525595349
36 123 1054766.3228005252
36 125 116215779.33463591
36 129 73843648.05271855
36 130 73097458.13129403
36 131 42818784.8864071
36 133 2278348.8898716667
36 134 35513378.48083326
36 137 16578433.349809973
36 138 387842182.5299674
36 141 13458310.793743199
36 142 35840052.16424124
36 146 44891801.66739972
36 147 206633796.35731688
36 150 9065810.311463866
36 152 29209439.598651033
36 153 968626.2529803629
36 154 54517712.037006184
36 157 72086098.05797294
36 160 11270275.89219253
36 161 29581391.13793261
37 4 32508643.748720367
37 6 15911710.603685878
37 7 73658263.02136257
37 8 4784247.29467282
37 9 395864.8866179043
37 10 620448.871562863
37 11 19727118.836779397
37 13 99169047.22189035
37 14 36916253.544615
37 16 2165823.345394324
37 19 8939156.270724015
37 21 49363853.3925112
37 25 50627464.64771298
37 26 77435062.79965332
37 30 55699052.79239492
37 31 135808659.02240652
37 32 26007989.96953009
37 35 6448845.306235609
37 38 6664627.06731722
37 40 8720473.545464471
37 43 17341986.89388651
37 44 41703509.01678499
37 46 50521773.06024474
37 49 1120081.4787759774
37 50 17027935.00444634
37 51 12981249.128006216
37 52 14220338.868005464
37 54 104112383.20713513
37 56 43424226.75642621
37 59 12468885.044124074
37 61 945272.1204052496
37 63 18546166.84527581
37 64 70403268.64980744
37 65 39070738.00920406
37 66 19759783.39689715
37 67 16553840.644952605
37 68 104764909.42216444
37 69 50111907.9755133
37 70 35057386.44244118
37 71 95482643.27284765
37 72 5718318.72264702
37 73 322959.96076129953
37 74 188069164.90475082
37 75 26681397.765885107
37 76 1669633.5521562523
37 77 1440816.9768255288
37 79 160688759.3897786
37 83 16164176.188202817
37 84 47224346.262115985
37 86 13907430.407326104
37 89 23489318.74483607
37 91 37986131.89431382
37 93 24449760.69503256
37 94 65816719.92892297
37 97 113101574.43645334
37 101 25601336.487219103
37 103 36939497.656229794
37 105 27160784.77848245
37 106 100283574.0738997
37 107 48284516.06661388
37 109 11854156.242602935
37 112 51269263.82177428
37 113 15590497.554527292
37 115 33152658.66366032
37 117 33379574.945590045
37 118 150242225.3334377
37 119 202666.70908035245
37 121 409272.4299964336
37 123 2830856.2850062437
37 125 55577533.56295595
37 129 123924323.3441877
37 130 53550607.1071186
37 131 47790563.34370226
37 133 75822294.7202347
37 134 32466835.88132728
37 137 29768708.18159818
37 138 79231838.44920042
37 141 14042627.080904385
37 142 87773384.36044025
37 143 443456.55417871004
37 145 936434.9222240922
37 146 106005267.1503992
37 147 94133455.8436434
37 149 20350494.56417018
37 150 314210.64094616595
37 152 212520138.13320556
37 154 2913350.685369209
37 157 89747658.49383548
37 161 13468227.182692217
38 0 24402540.338680625
38 1 386074.750676701
38 4 16291363.427432071
38 6 710543.4581005203
38 7 9348203.36232116
38 8 15386343.377866047
38 9 9972324.609346004
38 10 8393707.161819328
38 11 8357888.503094954
38 14 12274913.888369549
38 15 2219010.2635877524
38 16 6555002.637828984
38 18 7377163.497534497
38 19 1274721.1877225388
38 20 2686840.938726651
38 21 3352752.881801924
38 22 457985.2064275833
38 23 6620461.878861503
38 24 7624331.659595247
38 25 18878047.011562545
38 26 3421914.4627247127
38 28 211308.79585720267
38 30 432690.0524684474
38 31 1145836.006444609
38 32 1427181.827391088
38 35 15163360.139812144
38 37 33771468.92185926
38 40 24000564.290284093
38 42 318376.6643738992
38 43 647064.2797205313
38 44 18698408.893707223
38 45 8286873.729367874
38 46 49113895.35357707
38 49 21946091.647899743
38 50 8017243.104572232
38 51 40540271.169530675
38 52 4815211.625817188
38 53 1047677.6659512835
38 54 10585919.478775075
38 56 10341639.06222238
38 58 3939077.238986915
38 59 3529114.105717375
38 61 1400336.0371398753
38 63 13107365.267788865
38 64 1955621.526042136
38 65 3781299.3416198376
38 66 1682197.9194917057
38 67 21675450.896035578
38 68 8743970.985695133
38 69 1806262.8580109063
38 70 2052141.7307260016
38 71 26110127.66433248
38 72 3299217.2963515054
38 73 262362.5099409218
38 74 8579349.310722494
38 75 4560764.703019926
38 76 7238228.757816582
38 77 11065783.38927661
38 79 2786226.4031163766
38 80 6151896.023732742
38 83 1896544.179980034
38 84 8299280.719137875
38 86 858447.4070792557
38 87 6377697.569336841
38 89 7716895.009832812
38 90 169494.86977224067
38 91 2142209.440297115
38 93 8423422.72043817
38 94 6644542.069514664
38 95 1641800.1323940759
38 96 10462600.433785982
38 97 3934407.816141545
38 98 1121921.2919578848
38 101 2563582.2033352777
38 102 86850.97367401923
38 103 774383.2162798567
38 104 157900.87210904548
38 105 4660915.874040883
38 106 26770700.99323199
38 107 10539906.417296695
38 109 6623032.417531049
38 110 5477751.67892851
38 111 6562145.282759487
38 112 48028.63614500168
38 113 2423439.6758623286
38 114 5357243.086992269
38 115 10564679.205659213
38 116 5998981.13123509
38 117 4651415.627466425
38 118 6901855.71872574
38 119 288651.1945912295
38 120 849965.6904529657
38 121 4635405.074195034
38 122 3476624.1732409913
38 123 536706.809858972
38 124 344651.67477039585
38 125 30273778.126610942
38 126 27287120.164490927
38 127 308626.20998775144
38 129 1878834.2320458654
38 130 18667834.6340956
38 131 10070430.35710284
38 133 13313118.403928304
38 134 32491188.779710412
38 135 892415.9886638959
38 137 5959033.506029905
38 138 35543660.48993429
38 141 6106898.978383899
38 142 14718444.41922808
38 143 1143392.958345711
38 145 15460704.014559627
38 146 8246276.839709202
38 147 99360.41460602943
38 149 19961941.92195938
38 150 22992180.574585255
38 152 21278436.614288248
38 153 2419281.305194227
38 154 15041822.74380432
38 157 1986385.8166003576
38 161 10824427.144459462
39 1 5020476.513971156
39 4 603891.3268789051
39 6 15933720.313179687
39 7 20560686.187276315
39 10 29346301.014819793
39 11 1425984.9946049177
39 13 11634288.407803057
39 14 122131.20810425394
39 15 4989362.451700943
39 18 14194266.010683764
39 19 3919061.8972514034
39 21 4891912.450624838
39 24 1663194.753049536
39 26 11431778.699862763
39 30 2168407.3762225434
39 31 10725408.347676313
39 35 17762356.933161076
39 37 13362498.715751348
39 38 58057.8750481823
39 40 23578445.025248062
39 51 2066505.9995991034
39 54 11570490.886626828
39 56 4449458.184054758
39 58 739011.6437225962
39 64 3186900.409915229
39 65 11074581.643847512
39 67 239828.58820607152
39 68 8697466.151982125
39 70 9552898.336787255
39 72 11700959.436078927
39 74 13572024.982315991
39 76 7743380.293306201
39 77 358591.4625463271
39 79 20286874.027355142
39 84 479964.469744466
39 88 1395426.3536671898
39 89 5874161.754307625
39 93 7267875.380898451
39 94 8492358.572120544
39 97 16223644.53474494
39 101 8859599.16934151
39 102 26990812.32730027
39 105 20140535.227335364
39 106 13717758.746524194
39 114 1800542.1884327754
39 115 20167480.320487835
39 117 2830258.4925382915
39 118 5734320.634049009
39 119 4464291.566846684
39 125 14561169.786909016
39 126 15333174.996491442
39 129 7915800.748465916
39 130 442333.9464439486
39 131 6235527.620416675
39 133 9943115.720098635
39 137 417681.1473520922
39 138 6692718.619074235
39 142 2447622.014269282
39 145 6475807.445927285
39 146 1926338.2855508905
39 147 4321983.62018902
39 150 15597772.526411375
39 152 1088341.6837633403
39 154 119803.92975810441
39 160 121934.3806234599
40 0 27428969.693017654
40 1 720390953.7178202
40 4 435506058.883455
40 6 2335328330.2347164
40 7 5992485686.25012
40 8 22562563.487182632
40 9 65800781.21338251
40 10 19053690.098173466
40 11 57575510.590700015
40 12 33994589.679641426
40 13 30391568.29705089
40 14 108174318.97013782
40 15 1651674.7889130737
40 16 10345945.011049401
40 18 15487479.721746426
40 19 147986643.16772845
40 20 327752.7593541007
40 21 49809321.68035356
40 22 1516243.7147751874
40 23 3573896.4722821396
40 24 50770936.45655432
40 25 9825734.722964944
40 26 245938484.94522122
40 27 2128604.8338702954
40 28 3022473.9379654946
40 30 128226129.49933001
40 31 2700331621.059292
40 32 736518887.373258
40 35 168665473.95834804
40 37 194238662.62540087
40 38 13994007.788314097
40 42 3325553.391108046
40 43 14193480.213593671
40 44 273144413.60498327
40 45 154247193.0023442
40 46 28842980.777305137
40 49 956052477.7774975
40 50 91392067.57725766
40 51 2953307029.6689053
40 52 8334059.82184642
40 53 109993.44335459283
40 54 1506991545.7337182
40 56 1416992510.519167
40 57 445313.0913686129
40 58 55985348.1046057
40 59 5506716.936216675
40 61 5827789.484951731
40 63 20797767.786872044
40 64 154245901.09409153
40 65 647545304.3199443
40 66 77217100.20249803
40 67 330769537.8993383
40 68 529399076.8768827
40 69 161225587.33451915
40 70 1943503192.032228
40 71 251336712.07524094
40 72 289831148.7417177
40 73 10812902.471677436
40 74 1857715876.3113108
40 75 28264613.199565873
40 76 86777187.31853259
40 77 123341065.36005628
40 79 312395705.89575267
40 80 8677815.493205104
40 83 44873923.160358734
40 84 279223786.3414834
40 86 81245483.03507583
40 87 3558960.1437109136
40 88 5496144.362310597
40 89 103324027.55041566
40 90 19344390.707303923
40 91 422079.5266689871
40 93 11356470.363468539
40 94 1940733895.86792
40 95 32661600.491719823
40 96 2516784.958183996
40 97 446879459.8134896
40 98 6994503.725875897
40 101 237904273.8678205
40 102 401778229.55060554
40 103 6177704.455108743
40 104 1161241.1625423457
40 105 138827606.29894486
40 106 731895071.3433192
40 107 17179458.56630985
40 109 5619419.750132425
40 110 14336587.038642785
40 111 29525665.322329044
40 112 3908406.8922524177
40 113 66095555.23668008
40 114 1422343546.2771726
40 115 182500658.02188903
40 116 109801599.89875354
40 117 165555742.46679738
40 118 429220169.6043218
40 119 684810.9731506064
40 120 4402710.386842643
40 121 3339828.9480795963
40 122 1563497.605938866
40 123 1483610.276913464
40 124 348073.4339352482
40 125 192184386.07944515
40 126 8103742.346082541
40 127 13899845.481801912
40 129 2211810316.925086
40 130 213323584.5377535
40 131 67038009.56767673
40 133 114649586.11599414
40 134 289712809.57994825
40 135 61584843.88367937
40 136 25028105.58488953
40 137 2363218937.6391773
40 138 699435998.4682789
40 141 16011753.980801644
40 142 880363449.8258119
40 143 4757006.240051283
40 145 193898337.29050425
40 146 118458595.5642032
40 147 10854173.127156714
40 149 16607774.44177547
40 150 52764935.166760646
40 152 405902462.1123721
40 153 13159625.011369143
40 154 783634208.1693596
40 157 37225877.75856963
40 160 2621036.420557117
40 161 21018194.16313734
41 1 617124.1716153802
41 4 391543.7240804385
41 7 705106.7485692254
41 14 776751.3459435098
41 26 432716.18588520243
41 30 761627.2052473254
41 32 215370.50540425847
41 40 1419029.3882205733
41 44 32857.519866566116
41 45 841329.1341308454
41 49 547889.9125575781
41 51 174387.61066172572
41 52 447128.23487506254
41 54 552880.6943160701
41 56 369501.2578470955
41 65 1428208.1915860947
41 66 749697.9482947729
41 67 866462.5692389021
41 68 2728579.0409912756
41 72 3039160.983003091
41 74 702243.3133964199
41 75 174151.32139215816
41 79 119636.59241052909
41 84 190231.36475852103
41 86 2983885.172784973
41 89 1464178.737784884
41 94 813794.4134896616
41 97 2250131.117589794
41 101 183363.81652387843
41 105 1429614.2385965018
41 107 599233.2789494246
41 109 3476299.327264033
41 112 854081.7389586702
41 115 3302092.32203121
41 116 1190887.2585693465
41 117 1050164.8418044716
41 125 1861023.116598602
41 129 573985.5660544796
41 130 2194641.65213786
41 131 605664.2628827763
41 133 24628.58653897254
41 136 501490.15482903656
41 137 1111730.7743568213
41 138 765001.454294319
41 142 896573.9998583046
41 147 2376810.8301075445
41 150 900949.5314234843
41 152 395152.32981073915
41 154 839148.8464965767
41 157 609585.405840262
42 7 360018.5035733447
42 8 1048640.5876832863
42 9 1483891.157030618
42 10 1187363.329856606
42 12 1106899.613567076
42 13 286501.2187996439
42 14 1123690.6034344195
42 18 275836.52620147064
42 19 391620.0589623012
42 21 53472.15617944704
42 26 468291.1110022197
42 30 801462.0351331886
42 31 306284.1483457386
42 32 624012.2479377829
42 37 949564.0984209272
42 40 1208472.3431245275
42 45 1563792.3790205163
42 49 23663.134080535976
42 51 58438.54435626772
42 52 990676.545233593
42 53 405800.7068288375
42 54 185751.9601267783
42 59 906120.3451169572
42 64 680400.8790404914
42 65 464635.53176197165
42 67 52352.216749255465
42 70 1406758.9193372154
42 72 36506.54553819903
42 74 3577792.082636616
42 75 886028.8252256815
42 77 720215.5597531055
42 79 468739.9490071279
42 84 749681.2692054062
42 87 268208.91279750393
42 89 2623247.5092918673
42 91 632990.9100711918
42 93 78771.41046221257
42 95 3927025.451966947
42 97 1267200.6551727285
42 98 413973.2868037739
42 101 58715.21418736131
42 102 2308441.2804970094
42 105 696370.6841089632
42 106 3933988.579998214
42 107 2206005.9772478687
42 109 4479.00883344969
42 110 18443.623942541722
42 112 1964137.2750446687
42 114 934296.7852779963
42 115 268970.8539412945
42 117 160332.0895906224
42 118 2271847.9449850926
42 123 495399.05806803395
42 125 97309.53627192735
42 129 416740.5512569802
42 130 4458092.170749666
42 131 1717061.6591268987
42 133 171013.58469046152
42 137 2859234.625370843
42 138 999744.3139761019
42 142 5338618.301439388
42 145 1083838.668926128
42 146 396600.2074661051
42 149 2233363.952050778
42 150 296174.69364326407
42 152 800152.4712010692
42 153 611375.7359790488
42 154 2188302.5894740615
42 157 8891.54862929411
42 160 37109.305073190335
43 1 12912679.021522388
43 6 105377276.514371
43 7 105125198.45710701
43 10 37287563.32754112
43 11 20930896.823656183
43 12 3965384.66099421
43 13 150872090.52715728
43 14 124941751.13854381
43 15 1442882.1803855647
43 16 5836052.968932433
43 18 23771041.94134953
43 19 46298581.71049627
43 21 9954252.415425682
43 22 6153489.651784775
43 23 2058637.4618313198
43 26 97648631.97215548
43 30 34429083.32066026
43 31 244156501.38017443
43 32 47599269.50134053
43 35 40711027.23129008
43 37 14889209.25488641
43 38 26620292.417167224
43 40 240010990.57271433
43 45 57739386.90332308
43 49 44618433.66400312
43 50 13900133.481607402
43 51 31777560.989207853
43 52 5124440.315925189
43 53 1868028.5474609542
43 54 46148396.31519264
43 56 46925013.18904306
43 58 16683695.42013227
43 59 7166216.081620451
43 64 51103282.51628344
43 65 8651062.726451991
43 66 10451608.052178767
43 67 15001653.360761821
43 70 41653187.451335885
43 71 126525466.80978762
43 72 140385503.84085038
43 74 26116561.78261387
43 77 30485557.929862283
43 79 22709575.14711733
43 80 25827923.567472264
43 83 24700970.4801867
43 84 83683688.276467
43 86 52169133.14707037
43 89 125177016.17711633
43 91 4593028.733662654
43 93 43039235.49781471
43 94 118657728.98996049
43 97 64892468.56098006
43 101 38988610.20235821
43 105 19116210.153569944
43 106 45713258.49621728
43 107 15680468.816294253
43 109 3417900.6704299105
43 110 17072345.1519573
43 111 25308741.680083446
43 112 19887036.075752396
43 113 35743733.20646255
43 114 35541823.62086496
43 115 21039948.941329006
43 116 123782787.90564741
43 117 105842464.71446326
43 122 14003.832421261435
43 125 24843478.424388696
43 126 17325494.569057077
43 129 58522187.97272158
43 130 21620944.75381798
43 131 62063171.94524471
43 133 300269183.07412714
43 137 28028129.62287611
43 138 18291506.28638841
43 141 15062051.388609583
43 142 72737548.27361026
43 143 6417496.747368923
43 145 28960447.78128363
43 146 209321562.85622668
43 147 68882113.21133164
43 149 4890747.640591906
43 150 77387280.08074775
43 152 171463193.62634355
43 154 30236789.358982485
43 157 163192015.29386282
43 161 2070119.1597526993
44 1 4588472.003691072
44 4 16773485.742484849
44 6 23093238.19980831
44 7 172084489.02749148
44 8 42637865.412717015
44 9 5395036.887924004
44 10 19554214.208797097
44 11 33608398.44019893
44 12 41139666.89531974
44 13 233065371.84637597
44 14 62227235.57614427
44 15 8828346.59672944
44 16 1074815.0453225793
44 19 59798710.91641771
44 20 6123419.461211263
44 21 107726492.84544072
44 23 629565.8205967246
44 24 2446216.4746964555
44 25 3775468.21140181
44 26 106841686.58209394
44 27 2998022.7181235324
44 30 171544716.02675557
44 31 85793724.89623764
44 32 11203138.484999608
44 35 73872750.26701452
44 37 74406932.33590798
44 38 28433143.57728068
44 40 40407225.52901578
44 43 49074713.82273669
44 45 623276.1408922921
44 46 19551318.122373145
44 49 37694741.459259145
44 50 45524606.92665057
44 51 20743579.15242835
44 53 135477.3414346141
44 54 2183666.3521657027
44 56 39371709.73208017
44 57 2627606.9469676875
44 58 11101410.28361973
44 59 1550988.908294023
44 61 14087491.565441037
44 63 10543413.179776954
44 64 296586792.42536086
44 65 142049085.91440418
44 66 25895101.134707894
44 67 30715344.81016998
44 68 74696288.93733616
44 69 52196786.266274475
44 70 25561146.752850845
44 71 156476754.8291287
44 72 77306121.73256959
44 74 84189598.84191519
44 75 30894904.13665294
44 76 75662881.15070622
44 77 28238871.753677122
44 79 57569411.04076616
44 83 177187252.61210003
44 84 17828246.5998241
44 86 83354044.17719969
44 87 3111740.1347730397
44 88 2346683.3571678805
44 89 87989571.87289235
44 93 10080291.516008535
44 94 1793560.7759346666
44 96 12368080.301216608
44 97 103408474.45448673
44 98 3672403.4612675
44 101 185428681.42036352
44 103 25374971.843452465
44 104 1216731.9171877124
44 105 53694845.520187
44 106 27633662.296351675
44 107 12385784.185314294
44 110 21928960.193363864
44 111 11192107.270930871
44 112 124623568.90454274
44 113 129239274.27649003
44 114 29010717.928845607
44 115 49998700.62336745
44 116 7911935.22871655
44 117 33265879.0324674
44 118 71230859.32827696
44 119 5280591.003480395
44 120 2361575.983323851
44 121 513413.73582916486
44 122 7643271.450275088
44 125 190325280.31219468
44 126 2463704.547479732
44 129 93134946.78262004
44 130 23765003.10670447
44 131 48970430.22653294
44 133 11742495.532982001
44 135 36517717.63962305
44 136 3349779.971234412
44 137 106157344.16153929
44 138 21773187.691766046
44 142 118134311.43843353
44 143 7536597.793657068
44 145 32462605.40199346
44 146 82718529.57713713
44 147 5828252.042155322
44 149 1333021.7705163178
44 150 1270638.3759529726
44 152 10686577.696436603
44 154 94352577.0170255
44 157 9121612.662215188
44 161 12283362.698868552
45 1 195196016.25768492
45 4 77378929.03109659
45 6 2660316.63736118
45 7 12796740.471268374
45 8 53899.20441691893
45 9 36448783.50780805
45 10 7943039.967480552
45 11 75142855.3091148
45 12 374813.9855318752
45 13 12084546.05837363
45 14 81358161.13524623
45 15 8761492.224868681
45 16 5684622.848130029
45 18 22230273.12108563
45 19 90360318.8522795
45 21 14777942.30515509
45 22 11689630.367082901
45 23 27467.612171844103
45 24 12384019.33984347
45 25 10955499.268388817
45 26 69439910.50099654
45 27 1252798.9852387267
45 31 123116335.80918746
45 32 6141874.307277065
45 35 94268294.8085533
45 37 41449039.608550675
45 38 52627453.02503892
45 40 65235422.65438788
45 42 1467206.2528858283
45 43 12451445.768022342
45 44 3842107.612237815
45 46 55598978.53309372
45 49 30443992.849959183
45 50 21638674.62288363
45 51 48159595.284389265
45 52 32189115.41228147
45 53 4917870.293382978
45 54 7933602.397636856
45 56 29286900.95049334
45 58 60240366.367119186
45 59 250392.245538998
45 61 10123276.395081028
45 63 19696190.20088707
45 64 70588236.68034655
45 65 106061475.4533589
45 66 23160749.524291147
45 67 46472362.78933945
45 68 78331478.77790944
45 69 770773.1678687072
45 70 484720578.08694065
45 71 216070593.85241362
45 72 39005061.00575337
45 73 75105892.72976014
45 74 38817406.23702967
45 75 73933591.24663895
45 76 222328936.73914266
45 77 26886669.640912905
45 79 225628651.11918995
45 83 3055006.816836692
45 84 16249350.808603724
45 86 3334730.509121487
45 87 184047.06493254635
45 88 2837317.3598594056
45 89 113353573.54816014
45 91 13704783.361708554
45 93 389254.1095699007
45 94 66492292.87728186
45 95 4310353.134749358
45 96 11124831.517199282
45 97 169106696.85651705
45 98 3109972.5718366182
45 101 267136789.91354373
45 102 2669130.5457660714
45 103 2871256.785479165
45 104 3425401.655931897
45 105 4617926.481273884
45 106 139246245.3892575
45 107 2106285.5753176063
45 109 45431758.50191284
45 110 1000329.9766707427
45 111 90192998.5557141
45 112 13213017.27803508
45 113 197664803.3436282
45 114 45969238.235711984
45 115 90601524.71920446
45 116 37602902.52022967
45 117 106730117.66793269
45 118 9181576.365850158
45 119 2209762.913773225
45 121 6652023.63487616
45 122 4396179.754264655
45 123 1678750.7146569625
45 125 67368198.05154459
45 126 21755554.370151795
45 127 652459.7163510015
45 129 85152227.25744481
45 130 26477156.09659619
45 131 100997296.92605616
45 133 13201376.965567848
45 134 1813651.3787264398
45 135 13995025.463635549
45 136 4174070.186770219
45 137 34556558.62884338
45 138 285398636.1353007
45 141 86628709.52503939
45 142 82956927.79051761
45 143 1700371.4664083042
45 145 53487588.07714547
45 146 18765228.334507473
45 147 16863810.061877023
45 149 4059936.8342411565
45 150 22603609.313389953
45 152 22072522.539601423
45 154 53153440.360319756
45 157 18615656.980840858
45 160 53643118.021983795
45 161 5151746.130870976
46 0 15367365.407723397
46 1 104963147.6319422
46 4 51491604.740230225
46 6 27229579.521459725
46 7 20992931.934521575
46 10 70253369.12427893
46 11 40880687.832169995
46 12 15756850.56319586
46 14 137279958.7202897
46 16 2908893.0795397847
46 19 39973785.45982495
46 25 12389834.152236247
46 26 33844551.98340683
46 30 444047.43113189423
46 31 54245081.42836229
46 32 59985445.00686763
46 35 46511750.66136003
46 37 28717189.96186264
46 40 45041719.53387918
46 44 30728592.284167044
46 45 46916363.38464194
46 49 36098073.97940897
46 50 37081056.75030148
46 51 107296676.843148
46 52 5944147.721806997
46 54 31557004.115023226
46 56 33220110.526315495
46 58 15096842.125624945
46 59 3554399.381602825
46 63 56550508.52333615
46 65 134033677.41817944
46 66 18547312.722125433
46 67 42742724.23536087
46 68 4530197.10293255
46 70 63273614.61998032
46 71 27087970.527077608
46 72 22376806.171685982
46 73 14152314.004755074
46 74 55829775.39981302
46 76 1395662.2980644482
46 77 8046550.598119754
46 79 118145324.55086374
46 84 41990955.99164738
46 88 3097409.1106634606
46 89 2397798.385903794
46 91 255342.862721031
46 93 28329850.774263583
46 94 18048529.725881163
46 97 3657446.425144763
46 101 24416946.32015733
46 102 2800646.9731559358
46 105 41130565.73818312
46 106 9896374.935327629
46 107 2974323.1288552755
46 111 29235260.06146432
46 112 19119012.695004694
46 113 27952934.050810117
46 114 228165681.65973014
46 115 1619153.610472261
46 116 2594923.1732673855
46 117 1986582.3493733308
46 118 19135786.601576403
46 120 4046912.2649576906
46 121 463566.75890670886
46 126 19132039.427801874
46 130 32937527.090746168
46 131 5443767.6944937045
46 133 129500520.72993857
46 134 74876937.6149631
46 135 34099511.758938424
46 137 16482926.221404446
46 138 24196772.151518505
46 141 26782562.80127639
46 142 64000444.12339067
46 143 303709.99267475243
46 146 86731313.0670247
46 147 11688396.001056649
46 152 32138365.358132377
46 153 16253616.913836429
46 154 91324000.55853544
46 157 46144995.076718695
46 160 5323049.826587318
47 4 50696255.42209997
47 6 27000214.289830904
47 14 11525182.889979526
47 19 65408072.97669097
47 23 1555244.528287358
47 25 6144198.019091691
47 26 148329902.23680684
47 31 23923505.744632494
47 37 32443135.154287055
47 38 31228677.80109349
47 40 2584751.300481591
47 49 69474714.04865353
47 50 16992733.762513146
47 51 43406945.65314797
47 54 130780417.9431908
47 64 36557060.153284915
47 65 19847842.471825663
47 68 19822904.413663376
47 72 50581401.456395894
47 74 12348272.178792428
47 75 43358159.28424981
47 79 1038717.0033897398
47 80 60529095.250893585
47 84 85154964.40243667
47 86 28746983.541707307
47 89 33559788.73630824
47 94 3183795.4751637327
47 101 19428071.23813945
47 106 161200782.63471442
47 114 106201736.98911755
47 115 88922746.82778886
47 116 104729534.82442294
47 117 44110231.64357137
47 125 92353377.07088852
47 130 18198083.681262493
47 133 81101659.22161737
47 136 144305.64772012256
47 138 56997066.44657837
47 142 32773007.2924521
47 152 24750138.978900313
47 154 185623770.234811
47 157 28793029.691691585
48 4 4604817.707003015
48 6 22984933.144177906
48 7 54566351.08650378
48 8 6322702.132625553
48 14 5232966.551228363
48 16 5614296.999372144
48 23 1797728.9929346463
48 25 94035.207518487
48 31 3237537.3012151197
48 40 15397861.144454032
48 43 13092087.334176885
48 50 5514572.254466149
48 51 3514658.4257812914
48 54 37247477.68855351
48 56 3750533.173556953
48 58 674641.5076855074
48 64 12897832.490557306
48 66 8427798.55771314
48 67 15738747.898192601
48 68 1914666.9994456484
48 70 1124560.080598508
48 72 5106627.331329229
48 74 7604542.929208883
48 76 11309862.174853029
48 77 13498383.925581995
48 79 23010675.364800114
48 80 419036.07374626433
48 84 197717.8664744626
48 89 9848506.941618748
48 91 293403.4430717486
48 94 520734.55409793294
48 97 25614214.917499106
48 98 1439866.9019068193
48 101 6173605.307652098
48 104 3985892.166335139
48 105 10669269.795116568
48 112 2566949.4292294458
48 114 14731772.5732097
48 115 15759509.495613286
48 117 8713324.095305426
48 118 3837825.1734546465
48 125 22927351.653744716
48 129 10699844.28116573
48 130 13128393.743577216
48 131 9064702.573066795
48 133 5432565.530332086
48 134 33026263.868825134
48 135 7450809.8515754985
48 138 12026338.218386427
48 141 38743835.13615236
48 142 5396084.441002686
48 147 53728953.39672141
48 150 5595469.133610008
48 152 465740.3963422658
48 154 910966.1083796058
49 0 5095492.029257983
49 1 46326756.81368072
49 4 1831464371.3944576
49 6 1346331783.8837159
49 7 988694369.0873089
49 8 8399713.728220187
49 9 111492789.10918117
49 10 116760961.58846591
49 11 45946668.00594544
49 12 7530370.081500382
49 13 44807953.77125775
49 14 341557866.98468286
49 15 3121230.5247724485
49 16 5782432.916616543
49 18 33474070.155406628
49 19 2110126379.87543
49 20 7799241.079624629
49 21 55421795.220924266
49 22 2847412.675168498
49 23 1316419.4997206565
49 24 11243826.260678083
49 25 13332221.4974728
49 26 1901152764.667734
49 27 10268843.556937471
49 28 455349.7240928192
49 30 568643776.3028709
49 31 975279385.5364928
49 32 15452184.364062538
49 35 96186521.90153605
49 37 218591461.0464333
49 38 73101172.52339448
49 40 975399242.7264994
49 42 116123.64419499322
49 43 17058606.756990723
49 44 19846560.6454141
49 45 47466839.286222965
49 46 29020136.28055672
49 50 16622393.166010572
49 51 558341246.1975654
49 52 12621337.725329462
49 53 728817.555879705
49 54 139191472.606308
49 56 79366710.88423263
49 57 900287.0164454161
49 58 249906216.46966296
49 59 4274997.094360908
49 61 12250953.19734985
49 63 14794171.991144758
49 64 220874929.55508795
49 65 21497637.690472376
49 66 10333423.357922364
49 67 473833693.70682037
49 68 688252290.4852266
49 69 24820100.112385467
49 70 364583633.1761613
49 71 573058508.9804195
49 72 286392724.36520547
49 73 101939478.9927205
49 74 2106526246.3429048
49 75 65060687.92360625
49 76 12679990.644318832
49 77 763717.1542150831
49 79 4282749961.2139153
49 80 109758448.96356764
49 83 69852388.81319295
49 84 43040601.45879452
49 86 28571944.945509706
49 87 16168533.214730732
49 88 6982942.198143046
49 89 2865448532.4450073
49 90 382172.3496326719
49 91 2652977.1222432884
49 93 57886621.12854115
49 94 4683651443.329051
49 95 24668478.079133227
49 96 6889881.533470476
49 97 205895687.97067183
49 98 7459847.644212295
49 101 683782828.1134306
49 102 300265124.15327907
49 103 51551293.24824618
49 104 4776762.6190673895
49 105 152527623.45255214
49 106 336589751.730827
49 107 7210736.114632122
49 109 7920667.144526578
49 110 923255.9846433551
49 111 7437810.1192164095
49 112 6902774.456909522
49 113 646971347.0480381
49 114 547439204.9619511
49 115 300010009.17912346
49 117 434907459.932532
49 118 85929549.67523278
49 119 7694007.366020389
49 120 2061653.2574651712
49 121 103167.39489490916
49 122 280743.56843967986
49 124 2872074.6612325357
49 125 86826208.0518573
49 126 42951884.0180968
49 127 1991936.8263056532
49 129 404125233.7269405
49 130 112901037.34415548
49 131 412841858.30360633
49 133 3322057572.635057
49 134 98957075.63730253
49 135 1456774.4559465656
49 136 17917448.083277237
49 137 2197118024.179681
49 138 1143836530.8298235
49 141 9338810.146592842
49 142 482047599.9987874
49 143 10598721.044308059
49 145 87756797.8073674
49 146 234367348.8726412
49 147 4130420.367541208
49 149 6079956.661510025
49 150 321686654.02218807
49 152 1253102138.098314
49 153 4878988.589359322
49 154 929451139.5012535
49 157 98874038.17515853
49 160 6491141.041974704
49 161 2941541.523092287
50 0 2392735.0769514404
50 1 1008116.6984436691
50 4 3116897.1978968275
50 6 1121658.9562557153
50 7 1333066.46327619
50 8 944026.0724461477
50 9 6865670.717330061
50 13 207464.90278455653
50 14 1896926.638356882
50 16 1365367.2080666171
50 18 2528546.3385493113
50 19 2925872.145988247
50 20 5659260.212480485
50 23 225340.53233234206
50 25 1243266.2120986034
50 26 335286.98616422655
50 31 2413172.192991469
50 32 95727.09234603407
50 35 3328132.007686206
50 37 1374578.7161152754
50 38 2328690.302421758
50 40 1353438.7127839304
50 43 495590.9108598191
50 44 4549666.392542521
50 45 3336482.1695368644
50 49 3898373.682785241
50 51 3848812.299709136
50 52 1307643.0058154052
50 54 589560.8641723674
50 56 2367458.167584268
50 61 62182.90451701376
50 63 5274822.927768764
50 64 10138642.819678428
50 65 2945868.4050522754
50 66 139092.34732596757
50 67 359282.44361557503
50 68 2222548.0181043134
50 70 6382565.67574199
50 71 360862.0083673043
50 72 13911711.118412014
50 74 587208.8175737053
50 75 4945792.966022036
50 76 12992557.95438843
50 77 8889031.593775736
50 79 1587977.4355790466
50 80 6285534.101514124
50 84 3854535.3245735676
50 86 1492526.8347986669
50 89 725406.7574305617
50 93 1332026.2835262385
50 94 3505658.4617581125
50 95 1345209.0174409836
50 97 840644.9129015484
50 98 360194.9627502609
50 101 354280.93601202173
50 102 1066979.427296051
50 105 19842245.780035038
50 107 4359616.195222562
50 109 1653736.1745131311
50 111 220623.7687454955
50 112 354572.34819529037
50 113 6756433.2252340205
50 114 1879479.2961521358
50 115 10193238.490813028
50 117 10303832.04642109
50 118 4813677.690021921
50 121 488226.7158564567
50 125 723339.8256259682
50 126 5667205.595773367
50 129 1008739.4953053901
50 130 10628591.523179345
50 131 3059366.436089459
50 133 6189767.522563651
50 134 6428360.830459204
50 135 4989625.9134992
50 137 2345325.6863036444
50 138 2520599.3278317736
50 141 2763300.3376322617
50 142 447134.7909901989
50 143 160092.3829402686
50 146 3409179.7451873776
50 147 8343444.667100848
50 152 2099083.1231364487
50 153 2464504.977042685
50 154 8806184.745121853
50 157 8691728.426997581
50 160 238552.69619098972
50 161 3380084.8419245062
51 0 87020148.05541018
51 1 700194925.830054
51 4 214668002.47606826
51 6 389980068.1701349
51 7 10679476481.75988
51 8 3841464.125979283
51 9 17739765.559732147
51 10 22873798.76708941
51 11 39194477.942014165
51 12 4797761.79825313
51 13 198571003.49407965
51 14 442380492.8119131
51 15 14328215.218395583
51 16 3420721.104576419
51 18 19900057.17111779
51 19 699225061.4243202
51 20 53333306.202925995
51 21 30409505.26294992
51 22 5538840.468038296
51 23 2021888.8741037913
51 24 45192279.84597939
51 25 4873107.98074536
51 26 9770384090.993105
51 27 1449619.5945467374
51 28 1377941.1816529941
51 30 315339663.4855058
51 31 474651955.9115103
51 32 108185032.82206577
51 35 64811828.157684445
51 37 29159106.615182687
51 38 54764498.148108065
51 40 2673481047.1233764
51 42 4759832.777917234
51 43 42552175.39674347
51 44 252181779.95809022
51 45 69297949.96356532
51 46 414691052.23092
51 49 2910170784.364917
51 50 1439029.2598797998
51 52 2311965.2957061767
51 53 1792854.6907561447
51 54 20684819418.521797
51 56 229555841.86424276
51 57 1233740.1149329555
51 58 18985027.1771517
51 59 7418031.370258905
51 61 2408211.823338098
51 63 49749752.04291406
51 64 11159718371.843744
51 65 238075864.29974088
51 66 17514274.27228988
51 67 329689539.6185938
51 68 299443712.58763427
51 69 661210462.0520108
51 70 2393561425.176827
51 71 2007129549.5882537
51 72 13336169852.265877
51 73 24728790.152614154
51 74 6060735327.349
51 75 6238738.761538722
51 76 50938530.157269455
51 77 18162597.099567242
51 79 4846354105.576888
51 80 223304959.73265302
51 83 27281853.184704084
51 84 7585948.21359053
51 86 75286780.39477533
51 87 14190.17540264088
51 88 12170906.027657535
51 89 2324438282.001401
51 90 6193855.094099666
51 91 2446009.172660741
51 93 10889398.392404411
51 94 10062299738.76587
51 95 4846754.172432705
51 96 12401534.066634465
51 97 58827611.55206256
51 98 8273980.268248931
51 101 1964464832.1369436
51 102 170517821.90716454
51 103 1769447.5695652736
51 104 764922.2693348364
51 105 39619360.92637633
51 106 23898259.6531061
51 107 214936323.92728278
51 109 15948914.869643435
51 110 33826948.93634135
51 111 58695828.87877626
51 112 83415773.78969981
51 113 872196553.9435601
51 114 2963926542.5534315
51 115 490609923.57727766
51 116 81111247.62264101
51 117 471349769.0917778
51 118 2312752888.79374
51 119 1777836.291430364
51 120 553329.6534515872
51 121 8239175.919556641
51 122 29906.592621563745
51 123 1742687.8565570924
51 124 712778.7865529899
51 125 169189912.62732634
51 126 107443526.516991
51 127 7098245.255106937
51 129 6360828474.655861
51 130 165462941.72596312
51 131 24292767.70203301
51 133 11916269660.884878
51 134 109547357.50211856
51 135 6851488.147083427
51 136 711026.9136444198
51 137 1191604030.7088501
51 138 15028542425.470963
51 141 23328627.71834121
51 142 250800652.14374793
51 143 2021052.9886430907
51 145 61284707.392731585
51 146 113803855.11236306
51 147 1943884203.7922342
51 149 29976261.964072984
51 150 161032121.2977125
51 152 7134555311.520163
51 153 68711947.86892799
51 154 37990275865.07969
51 157 45571798.55655545
51 160 8268623.554840282
51 161 7023423.779945445
52 6 44854108.97665556
52 7 28571896.873998553
52 9 9122706.390372701
52 10 113827013.99856561
52 12 141748.2541547132
52 13 19474075.66174248
52 14 44294963.499195635
52 18 2764400.1082530506
52 19 19322846.08584177
52 21 8567004.579600874
52 26 133062435.50362122
52 30 7707496.992331669
52 31 105772843.24675159
52 35 7946547.628007449
52 38 87398032.8253717
52 40 19072118.96714849
52 42 1407509.1974558819
52 43 7172616.62257997
52 46 4278740.471049225
52 51 181459280.24451968
52 54 196256.84608243007
52 56 83981686.53257573
52 58 29298312.909626655
52 63 14027648.241342649
52 64 47757230.66259273
52 65 52062979.22181223
52 67 29571738.669620436
52 68 64772923.37548796
52 69 50174339.97906697
52 70 69133707.7216684
52 71 6040474.764293963
52 72 43303906.864354126
52 74 52434582.825853646
52 77 24142456.0903945
52 79 46484175.326391935
52 84 58069377.25041394
52 86 17912921.720117126
52 89 45934354.367364645
52 94 11164693.75941246
52 96 14976967.61365166
52 97 14711589.538030589
52 101 36357309.6486024
52 102 13593947.9120926
52 104 7967180.233772058
52 105 55352158.63593532
52 106 15858771.90183671
52 107 106693410.16909234
52 109 44268015.69111013
52 110 31521516.589899115
52 111 19929284.593894534
52 112 11426633.323158195
52 114 53091423.054786995
52 115 10591599.57278319
52 118 25009250.572069608
52 125 31095059.50288139
52 129 5610149.526020616
52 130 12448719.794122154
52 131 16740261.526747357
52 133 44486002.19722809
52 137 132079073.9274976
52 138 123906246.8201992
52 141 88775235.94812489
52 142 6668854.950258504
52 143 1256481.5474476672
52 146 27661773.20192595
52 147 42840940.948260464
52 152 51580517.202654295
52 153 6882107.409379493
52 154 30003795.598378003
52 160 21408032.28198475
53 1 309458.9402780577
53 6 142409.45430342818
53 7 107454.39733730513
53 14 786879.0544457312
53 16 217404.05246314174
53 19 148990.15027544653
53 21 232229.02522200783
53 25 295570.1964549626
53 26 49454.627753167326
53 31 1407260.8990942803
53 32 140631.44465060733
53 37 505712.5889343371
53 40 259819.3962484923
53 45 3087635.247789139
53 46 146771.1337105681
53 50 210015.99969676076
53 51 856920.8500470151
53 54 1062216.6914625054
53 56 473064.50898812845
53 58 402363.0003276396
53 63 68499.0764104981
53 64 138549.78166151748
53 65 99845.319372303
53 66 357119.7744416538
53 68 355008.87876955327
53 70 733143.18059891
53 71 554662.1046408744
53 72 116053.26129210387
53 74 412055.8244048012
53 77 1586420.0339284483
53 79 702052.5254646952
53 80 221906.25217907282
53 83 262167.88457092753
53 84 736171.0218218046
53 87 30938.706660847503
53 89 503917.8400473388
53 93 401911.8076465926
53 94 503528.5935447172
53 97 70805.04663283414
53 98 93322.7341472704
53 101 310663.4490457658
53 105 793477.7319807672
53 106 698671.8501236782
53 112 318135.86796182196
53 114 200385.4929511039
53 117 979336.9214578967
53 118 82143.41922356484
53 126 901211.3084145846
53 129 431941.41391814034
53 130 2685061.3362980965
53 131 188278.8931501042
53 133 157183.55885001345
53 135 2718.516981515332
53 138 271126.4373633494
53 142 836957.5196282169
53 143 455328.8232605581
53 145 436570.5152316205
53 147 201968.85512638956
53 150 119189.25203448783
53 152 1232157.1394451996
53 153 196549.8955424336
53 154 1043725.439951082
53 157 360232.0889362851
53 160 1461133.738644745
53 161 115910.79564093138
54 0 7318649.151228185
54 1 481809437.4689915
54 4 754829451.555679
54 6 2986576222.106961
54 7 3249885577.582095
54 8 3710651.6431536535
54 9 46329149.69456019
54 10 60164216.350057796
54 11 207140151.07737935
54 12 4851576.985007869
54 13 109303386.2762777
54 14 185974981.7449771
54 15 2152375.583018317
54 16 3772079.9571057837
54 18 51252735.14382589
54 19 823472684.0719905
54 20 41301989.11425839
54 21 184534658.05478162
54 22 581091.122185102
54 23 3386156.431034426
54 24 4775934.662668489
54 25 20204412.726074245
54 26 2387411582.7593117
54 27 523953.80913406616
54 28 2218440.1395304617
54 30 234684991.14032063
54 31 26038800232.3137
54 32 51049061.85459983
54 35 10446734.963153815
54 37 119010043.59278013
54 38 15354436.210304307
54 40 659732987.4859809
54 42 3977921.8763307747
54 43 87445162.45202984
54 44 171832188.58242038
54 45 58027247.45938006
54 46 241358900.41755512
54 49 2559234114.644553
54 50 2699248.499451814
54 51 23117447927.897194
54 52 12783361.861390548
54 53 2917408.430678371
54 56 53265194.21459216
54 57 2730671.710296678
54 58 4250026.226620183
54 59 1563827.754196696
54 61 3747611.83532118
54 63 39193102.45985302
54 64 1317514316.5091476
54 65 479273408.87893957
54 66 51561347.603080004
54 67 1272652575.6573527
54 68 1207541862.3603785
54 69 355904966.42690337
54 70 1026342870.006424
54 71 812120542.1024761
54 72 540030948.353092
54 73 52534189.26513227
54 74 6897794906.592708
54 75 59245813.018299855
54 76 186644587.3955652
54 77 1018353.161085153
54 79 10360659266.792492
54 80 29477064.123331703
54 83 18181575.21047146
54 84 182129424.57765895
54 86 213887095.94511417
54 87 2498545.739625137
54 88 4868641.139160748
54 89 534387075.76646674
54 90 7044132.283366505
54 91 5150494.283737367
54 93 110042385.82561027
54 94 8645412636.18772
54 95 2242756.3298325147
54 96 10152292.123062223
54 97 128362734.65166268
54 98 404595.228943323
54 101 35616816968.38929
54 102 559288526.7867508
54 103 18201668.575746488
54 104 10550714.534388429
54 105 5081252.840743789
54 106 352906341.15645355
54 107 67342102.13935015
54 109 37488772.83135002
54 110 28658742.33086349
54 111 20836476.457485758
54 112 1836298.3690392557
54 113 644076238.1665665
54 114 1673872479.1109571
54 115 705795250.9055145
54 116 26624950.42252454
54 117 44658190.58180474
54 118 119049620.9011179
54 119 2243506.2347234497
54 120 6360104.56091862
54 121 9555544.25908977
54 122 9627.184770461967
54 123 16356358.85280577
54 124 575696.7403792009
54 125 673165815.8466083
54 126 3864935.0723322877
54 127 1570081.3349643932
54 129 7159353623.878225
54 130 83603821.2853267
54 131 21656099.35531669
54 133 20768070552.19137
54 134 1124532.4316536053
54 135 16899939.132293537
54 136 3492700.872535396
54 137 1225028569.4956095
54 138 7303298799.620541
54 141 10683030.500448044
54 142 3868217260.7198215
54 143 11972793.628058149
54 145 17496254.02477546
54 146 86454184.17773592
54 147 2332122165.7748547
54 149 8353752.1689083865
54 150 45821845.95720067
54 152 22921754044.056423
54 153 22469218.127186473
54 154 228797558596.3771
54 157 151656245.10749927
54 160 30566996.115931585
54 161 45984689.49701866
55 1 13300739.998318473
55 4 24042174.45694889
55 6 9353124.57833959
55 7 2516714.5829251213
55 10 12812499.188744731
55 11 37342936.86959938
55 13 78644835.57715224
55 14 68301068.96190651
55 15 8837033.685430482
55 16 170728.38750625963
55 18 2056158.2653574164
55 19 3428860.3237638045
55 20 35057639.5837108
55 21 14533658.340862274
55 25 2717324.715020839
55 26 19052781.00923342
55 31 58988312.56392844
55 32 88831290.08372593
55 35 32398161.350204498
55 37 19865350.54290921
55 38 1630626.374871317
55 40 20516569.717333745
55 42 25586.500235079584
55 44 12307988.147842567
55 45 5001587.98709496
55 46 16216060.515295817
55 49 10478180.092110027
55 50 29627793.654764675
55 51 13767768.684475387
55 52 2014333.6636582576
55 54 15548280.847285142
55 56 13913789.427812872
55 58 34024703.97897659
55 63 24193309.09010533
55 64 7472142.181738035
55 65 15855829.576140393
55 67 37754784.18063981
55 68 741421.1232250485
55 70 7553436.475716528
55 71 6260891.209543305
55 72 3193078.712354369
55 73 5722282.8338450985
55 74 16915602.386845678
55 75 1378196.3715728116
55 76 25036178.51220176
55 77 6226186.886130155
55 79 29832604.35107002
55 80 41440551.88619645
55 84 26847319.337300982
55 86 58544101.85351099
55 87 251650.7862107526
55 88 2739207.786582592
55 89 32692308.56866817
55 90 3503697.0261154864
55 91 2691866.1081107846
55 93 10721066.020895945
55 94 60286788.582067356
55 98 6047923.666255171
55 101 52710399.347263426
55 102 32178402.72040617
55 105 25579985.27082856
55 106 26641178.807454027
55 107 43603826.190184906
55 109 3017399.98074148
55 110 5963582.993542835
55 113 4627383.474192488
55 114 3218175.500552482
55 115 6216742.9231458
55 116 2705285.725852058
55 117 10385932.460072255
55 118 2866556.2876462885
55 119 987319.9324528835
55 122 2895275.65477459
55 125 6166741.918741259
55 126 7623422.79039888
55 129 22933436.867883254
55 130 11096953.308000555
55 131 11499981.69121294
55 133 22447245.946261678
55 135 927574.1861190116
55 136 13909820.968121702
55 137 10309560.358840093
55 138 6941211.864719861
55 141 4102934.90123532
55 142 26924193.373413008
55 143 2273835.4673648984
55 145 5589114.30405505
55 146 2785041.258609844
55 147 28551979.15708796
55 150 7249823.054160105
55 152 28991798.703847665
55 153 53982465.20550741
55 154 27041492.72154601
55 157 2265763.6545641604
55 161 5184444.821940788
56 0 3516216.4006436765
56 1 98670519.58757322
56 4 80487469.52270015
56 6 162154394.53159755
56 7 183784560.10666174
56 8 14458810.365846938
56 9 40281120.828930534
56 10 10649143.382180119
56 11 92410773.35335545
56 12 2908448.351908852
56 13 5733712.697298586
56 14 150087341.97795376
56 15 12784386.415968308
56 18 8535940.065753665
56 19 370411980.37751985
56 20 20046436.757417448
56 21 32491173.34398491
56 22 3890450.1027936502
56 23 1796259.6440687357
56 24 1721340.3835968736
56 25 4712376.452399486
56 26 89953655.91292395
56 27 5703960.663078835
56 30 37909616.3626226
56 31 432941345.3923278
56 32 56851520.37354291
56 35 263479041.9792437
56 37 28124009.00831207
56 38 18275129.788190838
56 40 176107166.97554857
56 42 1739709.590847211
56 43 23321561.19247997
56 44 64086032.4483139
56 45 76467477.2265791
56 46 84606023.75517373
56 49 10714256.74158117
56 50 10973852.083504463
56 51 93418450.50823106
56 52 7575242.1982654985
56 53 2776447.026565165
56 54 300842303.909987
56 57 976121.940202199
56 58 9982124.103174968
56 59 1786516.4775301497
56 61 1830329.4554562343
56 63 13800679.41846612
56 64 365527747.0344002
56 65 39570559.034281395
56 66 8606507.990254331
56 67 265028583.25979778
56 68 223647426.9945142
56 69 148993145.46364003
56 70 447047251.3437434
56 71 113405607.89565076
56 72 21168118.34199421
56 73 3422091.754068245
56 74 406082490.9155158
56 75 10894753.783267265
56 76 150452103.01243377
56 77 8266046.672741005
56 79 413199208.9682061
56 80 150622034.9370155
56 83 73103447.84750575
56 84 55881990.52400833
56 87 978597.4269256206
56 88 1014136.0856268721
56 89 45994679.976088546
56 90 166706.8181904344
56 91 3138431.0704399403
56 93 63496230.84986601
56 94 178540155.7545005
56 95 21552202.677844368
56 96 764732.7867437121
56 97 123779982.91701688
56 98 1718722.2294445143
56 101 265105909.8522311
56 102 115719059.84393544
56 103 14870877.197413752
56 105 92047731.29407138
56 106 663246820.3021848
56 107 10634119.539856017
56 109 1403268.5474076192
56 110 1510451.87980375
56 111 172870747.95005938
56 112 254046397.3076891
56 113 701997.916430529
56 114 169393431.10538366
56 115 277834037.71080804
56 116 105413509.53333539
56 117 245231228.4310671
56 118 25484621.42213364
56 119 6088792.3385317465
56 121 1281726.8408154396
56 122 1196251.2204720278
56 123 324662.9337398586
56 125 144514922.38942322
56 126 38825009.56693803
56 127 5358010.157207925
56 129 266923645.73784953
56 130 344056.8050325667
56 131 98190683.61682501
56 133 15962051.6950608
56 134 98070425.39437403
56 135 18091898.482980564
56 136 111297.25947144834
56 137 362510690.19064933
56 138 123465707.27946576
56 141 3216810.125420483
56 142 28307120.723696448
56 143 9254827.68031678
56 145 12747141.064019803
56 146 30705103.861604348
56 147 13885310.199093817
56 149 7629.728023746039
56 150 259321559.7705556
56 152 67419507.11218089
56 153 69772.67817787855
56 154 323089512.74871075
56 157 73790422.90595515
56 160 3173209.2194453427
56 161 4021204.4070573985
57 1 218111.3969311335
57 4 1537967.394202928
57 6 1649427.7583527027
57 7 3884185.5228374247
57 11 131210.49701726736
57 14 1395206.7908452435
57 19 280337.3068925276
57 21 22543.46249244123
57 26 2845234.397503461
57 31 1564977.7905586406
57 37 2605439.3017961313
57 40 982330.0000800701
57 45 36127.54851066748
57 51 545986.6990635613
57 54 4329110.440016191
57 65 3520295.015652294
57 67 142472.53109791974
57 71 381321.1765465962
57 72 30645.909472509094
57 74 220124.19740754837
57 84 90899.30876534949
57 87 2683249.3071103487
57 88 2527431.623805776
57 89 1000126.8517545856
57 91 2115539.999047871
57 97 124566.1001583305
57 101 1369212.4064685886
57 105 284281.47870276123
57 106 678507.7440500146
57 107 761507.1021693579
57 113 1018592.0458790457
57 114 127484.36682440285
57 115 1147350.887589338
57 116 66762.96298002481
57 117 714181.0532528686
57 119 515618.994102296
57 120 4511.577548989279
57 129 300031.7468259234
57 130 1347984.1366806866
57 133 871195.743575807
57 138 887663.1920637485
57 141 7429939.432353595
57 142 102919.26472759596
57 146 797984.069246743
57 147 2358862.6857732967
57 149 1405741.9006737773
57 150 402292.6344678189
57 152 116553.86053846359
57 154 846378.0553111668
57 160 167406.70925441806
58 1 16536508.885076094
58 4 99358719.19875637
58 6 108813499.86456843
58 7 44476566.2203005
58 8 35897845.448342115
58 9 82006.99402825574
58 10 26102289.00503192
58 11 35138927.77093226
58 12 7872741.606812848
58 14 27994293.16369958
58 15 12060807.422433743
58 16 12774142.147599446
58 18 9228182.004174128
58 19 6644772.200234964
58 21 10644478.053983498
58 22 5130417.492668975
58 26 7086832.506524096
58 27 11964130.88156631
58 30 22633817.40317758
58 31 96822779.71937342
58 32 178542600.2952621
58 35 911318.7154566026
58 37 3176845.5758865685
58 38 9644717.009752186
58 40 29925750.262418233
58 42 2994262.032254096
58 43 2668470.8650844917
58 44 101476617.39004716
58 45 36265823.66154025
58 49 13113583.285951434
58 50 3355186.5587342028
58 51 80248658.38074692
58 52 2925238.085974328
58 53 627208.2686895897
58 54 209628331.80294925
58 56 16738749.399022998
58 57 1133148.667610392
58 61 4626785.247873734
58 63 12432810.083502745
58 64 63612941.77866125
58 65 29455518.017786603
58 67 4958311.035867944
58 68 21197206.664502233
58 70 10712282.984253103
58 71 279380543.8691205
58 72 192839398.22237155
58 73 5723669.539282155
58 74 169163054.95132348
58 77 7707253.975333752
58 79 12935532.636455666
58 80 11614677.461594917
58 83 33604267.930203535
58 84 19794639.32696946
58 86 133344102.36130053
58 87 6509324.486710994
58 89 76844667.64501698
58 90 10597249.055968568
58 91 591595.1498303049
58 94 145690935.14955524
58 95 4448091.583710436
58 97 7003294.562151586
58 101 14884272.145508535
58 102 54379953.90739701
58 104 1095891.5369213505
58 105 65432283.60814294
58 106 166373224.65062025
58 107 47357097.2541814
58 109 36520135.87078914
58 110 1678283.3692869935
58 112 121363415.99140012
58 113 69174820.22954582
58 114 76904898.57742205
58 115 30336704.21711339
58 117 17222323.74007452
58 118 119186474.19484861
58 119 5005971.335981276
58 121 849191.5476891679
58 122 1517678.398153961
58 125 101879848.98359895
58 126 34700691.82283513
58 129 117021609.84386523
58 130 187380553.35464412
58 131 27781998.132839374
58 133 173097730.54531392
58 135 8307498.769206164
58 137 81936006.2722678
58 138 53152225.10005391
58 141 1637537.7195248427
58 142 4184592.5475039994
58 143 367045.33371344546
58 145 8263745.611760418
58 146 16643773.050566649
58 147 76908021.50530611
58 149 7495354.681149842
58 150 17409279.90933311
58 152 225192214.70371127
58 153 22091439.957449436
58 154 41741452.32862105
58 157 15360316.578810759
58 161 15686976.72171739
59 4 1945332.7790038611
59 6 51727601.23986393
59 7 62701.69414035805
59 10 12240454.333186451
59 11 28485160.330368016
59 12 2209838.917935621
59 13 31426010.198155493
59 14 36766057.70061456
59 19 36305921.97836451
59 21 7988469.309418532
59 23 133601.8085485985
59 26 1037770.3202890211
59 27 1801275.2018016584
59 30 47001799.25668511
59 31 10063430.40190012
59 32 1476909.3997307012
59 35 13941077.606850684
59 37 33794946.07234851
59 38 3538498.081273456
59 40 6124121.001240077
59 43 7241188.164697728
59 49 14247417.54754272
59 50 7857924.793069699
59 51 16942487.276296023
59 52 274971.3595710817
59 53 4681116.171561937
59 54 3503948.7373824795
59 56 9118437.708553482
59 57 2900355.3633770845
59 58 21571490.96947419
59 65 3933311.9511825386
59 67 6998650.347025837
59 68 3551430.304833588
59 70 15685729.766736086
59 71 4334737.585927579
59 72 13611575.089760335
59 74 34511039.3613049
59 76 448976.505659323
59 79 3682786.376336708
59 84 7353356.601042673
59 88 5534329.917313643
59 89 16315946.850327333
59 91 5207890.447087885
59 94 31430708.01531125
59 95 960143.4322281902
59 98 1372320.815122908
59 101 5190827.368594835
59 102 1793640.3003975924
59 104 518268.5482860429
59 105 1815220.3154688606
59 106 14872322.518377248
59 109 6272232.774506032
59 112 14226985.734310968
59 114 15385233.000382164
59 115 3658079.0398733625
59 116 15269437.62183481
59 117 18852872.422615737
59 118 38248181.96242477
59 119 2361993.3373522176
59 122 262961.23798508174
59 125 1358545.4344602118
59 129 20168077.49214951
59 130 909654.1553334763
59 131 1428727.3222642567
59 133 10027767.094127316
59 135 3495364.779807181
59 137 2706205.7339642653
59 138 1109755.9128706485
59 141 292943.1338127293
59 142 40149220.21798104
59 145 25134298.914839573
59 146 7821552.99754302
59 147 2303254.1352399625
59 149 3967751.757193471
59 152 1760251.043098431
59 153 14078186.201210333
59 154 37401190.05917918
59 157 17354413.199967947
59 160 28094973.26327101
60 7 79175.58457322333
60 9 16147563.330639085
60 14 794126.3594658232
60 19 809644.3078485909
60 26 2040476.920249384
60 40 3930742.7507662056
60 45 1869984.526995158
60 49 170444.4192773171
60 51 667144.0357041222
60 54 2177390.000789271
60 70 243811.20136491832
60 72 2742511.7644078573
60 74 1178173.955539231
60 101 1809898.4688313832
60 115 8206232.569813587
60 118 3070552.7632894493
60 133 1653963.601855346
60 138 245055.41500665408
60 142 1900908.3627549077
60 147 3547312.2132865763
60 152 436526.6421463659
60 153 514913.2699908299
60 154 3006684.5253203823
61 1 6373591.210050189
61 4 3504452.5576138985
61 6 16770666.231686467
61 7 653632.4386717627
61 8 605546.0331846889
61 12 8119464.034123004
61 14 2288755.1636498086
61 18 2279733.263283091
61 19 665949.1649422393
61 21 17442608.34745583
61 25 3900972.6933078
61 26 3234884.025316247
61 30 4334228.9479684075
61 32 1161774.7407863785
61 35 1336720.348489368
61 37 2224608.6925637
61 40 2661480.506767345
61 43 4175477.038887538
61 44 11646066.95666022
61 45 315994.6482895344
61 49 10813807.388601149
61 50 31447362.255563598
61 51 17466482.51063372
61 53 454590.688969566
61 54 15580748.77905482
61 56 13786533.012681935
61 59 4316823.996289145
61 63 16235746.339679781
61 64 1230694.6802076804
61 65 4113401.0668072975
61 66 4891553.832355922
61 68 14215767.559334358
61 70 3076848.222405289
61 72 37347959.83213448
61 73 4259953.517719544
61 74 358129.8710476126
61 75 1781206.1217353006
61 76 20850354.786316834
61 77 8012965.5736747235
61 79 592956.7783523289
61 83 23285980.462388866
61 84 2416784.452502828
61 86 3195747.963813229
61 87 6219298.907623156
61 88 1969701.9760228908
61 89 8046410.640471677
61 91 6071676.073442322
61 95 22212994.642065898
61 97 13032618.144533308
61 101 13900513.529206734
61 102 1520429.868915128
61 105 1918924.5012487974
61 106 31144688.944269896
61 107 7410543.9420169955
61 111 304963.1506368961
61 113 1483581.808152059
61 115 521876.4116462943
61 116 5608442.001089474
61 125 1442564.6338939003
61 126 4944303.6157622775
61 129 4587732.964417701
61 130 5506140.500092659
61 131 4349378.756464663
61 133 42406.05015611963
61 134 21675314.41941995
61 137 50735313.65670002
61 138 6767670.357314988
61 142 1513557.9605811865
61 145 2133434.960528754
61 146 10674346.221491568
61 147 9350862.799169047
61 150 2015201.5050299808
61 152 3552137.321945571
61 154 1165522.8861769473
61 157 2087314.5278171336
61 160 12075.488899462012
62 4 3276916.7678556773
62 6 499735.1513144565
62 7 11308415.250618802
62 13 2394620.9731387612
62 15 426822.72275459993
62 20 448997.87648637494
62 21 4232941.982528365
62 22 5661358.713656328
62 26 6172905.331840857
62 27 6571923.972153759
62 31 11906495.047272148
62 32 5197157.057793808
62 37 1829362.6986119084
62 38 10973136.052687949
62 40 1420945.790706882
62 44 1856109.3425114916
62 45 3833538.146659515
62 49 7221926.079670075
62 51 2635636.2247329904
62 54 5094782.904633003
62 56 3190322.2918711775
62 64 1083612.357929508
62 66 7152962.554819994
62 67 1894738.3011715468
62 68 4114951.980226363
62 70 2434890.507206744
62 72 4389984.953080005
62 74 1162924.9610880893
62 79 1333346.8003371777
62 84 4365729.668921125
62 88 898684.706898334
62 90 416933.1470364425
62 93 16843030.31605839
62 94 2179213.8668885273
62 97 967176.9382271366
62 101 1449602.24506985
62 104 392710.5529000787
62 105 1536343.5127587717
62 106 3204567.0465949387
62 112 903656.5262436275
62 113 38585484.02076172
62 114 3806230.7576339236
62 115 137365.40016470075
62 117 7946557.371553157
62 118 932963.9715094148
62 120 1967813.4680460056
62 121 1108215.3082036732
62 129 965972.8804526905
62 130 2795836.9998189677
62 131 5827803.388138163
62 133 11992393.33188514
62 135 443757.6639430521
62 137 7741156.67851125
62 138 5143676.252331107
62 142 1930066.4271839352
62 143 181904.72761801773
62 147 1219028.4842315102
62 150 6563740.380974615
62 152 1618897.6180308321
62 154 3364563.845557803
63 0 25718015.80812232
63 1 5291116.3377084965
63 4 145035431.26617706
63 6 8526950.565516012
63 7 28876137.232901916
63 9 25250980.39506935
63 10 6145841.79345548
63 11 117463584.17679705
63 12 23834975.2457753
63 13 71705438.29652478
63 14 251430.31937741433
63 16 1843729.600738728
63 18 6904212.582958832
63 19 97649173.77632128
63 20 41052985.57594541
63 21 107999451.50779183
63 22 19643684.157141317
63 24 24808687.343026496
63 25 11029764.257574871
63 26 229170611.26750237
63 30 71423116.03976138
63 31 29233453.427205622
63 32 9924874.20526479
63 35 19739267.79772986
63 37 49660077.58482434
63 38 5194001.693598392
63 40 35502559.08490504
63 43 26705642.387164064
63 44 622055.4301490318
63 45 57133622.31515126
63 49 45832947.365874685
63 50 26021297.230591252
63 51 55980808.37569143
63 52 7493479.955194896
63 53 8174344.734522782
63 54 99070016.68981391
63 56 7876521.328957536
63 58 6694777.12023275
63 59 11236756.08146142
63 61 3070831.0513302716
63 64 94670099.9567272
63 65 76593977.94712785
63 66 17349532.495585233
63 67 60724694.33229436
63 68 62765909.58819157
63 69 15627614.65564221
63 70 32431592.038388763
63 71 245400638.93743044
63 72 8882880.244253842
63 73 1056764.1599225795
63 74 96455458.19701405
63 75 68345351.04473783
63 76 12750762.62432533
63 79 132710391.60742193
63 80 34599583.203200094
63 83 4920832.333716147
63 84 46717633.78078938
63 86 22605023.531467434
63 87 13357368.935320463
63 89 66518923.57140741
63 94 45873031.16761393
63 95 12495986.302135315
63 97 99764427.99182114
63 98 4857659.08577267
63 101 5337334.167730341
63 102 41685394.19989371
63 103 26443912.259721365
63 104 5145334.689409579
63 105 62218158.33995304
63 106 39106838.945338294
63 110 18930656.13134748
63 111 2552140.6572563793
63 112 31739927.577336937
63 113 28405543.17204213
63 114 76263030.73678556
63 115 63575692.49467972
63 116 2182690.6800232837
63 117 153163497.8549325
63 118 183891805.87515727
63 120 1425570.3751258873
63 121 860054.842876893
63 122 7879227.917557768
63 125 40443156.25582847
63 126 17035008.516523916
63 127 2203025.149232399
63 129 44172542.88308577
63 130 20077215.83798132
63 131 30911172.748039734
63 133 223920179.85285193
63 135 42243560.5957039
63 137 1535314.1334461537
63 138 28316376.21491954
63 141 6001503.649509091
63 142 211685798.39444464
63 145 31269008.87131264
63 146 51519050.87443435
63 147 76851336.67126448
63 149 38692512.9101006
63 150 25766994.199539695
63 152 16822590.83466311
63 154 3614890.957354151
63 157 38818845.34631287
63 160 5626728.5182307325
63 161 3706951.1658824156
64 0 7789735.548968005
64 1 120176506.65078591
64 4 407267641.43217486
64 6 214425800.06704938
64 7 1363230503.2167234
64 10 1627642.650997682
64 11 12480999.757632526
64 12 12065718.399864864
64 13 140890682.03652623
64 14 292263094.988842
64 15 24880982.72868597
64 16 2974149.7058587563
64 18 45510116.64033088
64 19 1017907246.4600106
64 20 7748396.42464977
64 21 6124952.114004321
64 22 2803810.641948367
64 23 372521.99895876105
64 24 17666647.680363774
64 25 68567219.18621819
64 26 1842150520.1233876
64 27 14752314.731219871
64 28 398150.24828510487
64 30 665091297.1577228
64 31 435726201.78478384
64 32 60035235.26225576
64 35 6153311.352343524
64 37 930780.6865376967
64 38 157197562.86671132
64 40 847572448.9977247
64 42 929501.0092199142
64 43 38896723.85203195
64 44 6755739.738139721
64 45 323670237.18174046
64 46 17325366.78391352
64 49 933171666.8289893
64 50 38562331.230676234
64 51 262395085.59042472
64 52 11580579.898369888
64 54 108285367.69275936
64 56 412429499.5574137
64 57 5146579.354359988
64 58 3599506.1980639943
64 59 651839.3293537314
64 61 6589219.304381725
64 63 3784883.140199143
64 65 548564310.85492
64 67 256147146.32030755
64 68 598122171.3408914
64 69 60299074.66340517
64 70 1305306250.5926874
64 71 1108600816.7965035
64 72 5726850108.520868
64 73 2501935.2404418834
64 74 25028667.040329758
64 75 15083275.706222761
64 76 75220518.54390775
64 77 17926070.968337115
64 79 1010712879.9092638
64 80 9165995.52629698
64 83 11045295.83554468
64 84 23699622.53621492
64 86 11756596.314479642
64 88 3078514.6367358947
64 89 417228016.2585657
64 91 1796842.2185755784
64 93 328448.88574241643
64 94 674535617.8380531
64 95 29808616.781096444
64 96 9990437.527268277
64 97 410304595.56298214
64 98 3683615.7748746895
64 101 301623644.0060382
64 102 9945620.761111945
64 103 5978334.091047853
64 104 568355.4935054703
64 105 225374248.56244546
64 106 129282859.13068499
64 109 45878941.30930482
64 110 18287225.81578891
64 111 30618667.55599635
64 112 37374421.14023082
64 113 118240084.18056615
64 114 188824382.80179724
64 115 238676627.87854156
64 116 35588019.354208924
64 117 513803758.1376126
64 118 321551220.97926134
64 119 815586.0962060281
64 120 1591502.6255571737
64 121 740648.0135626757
64 122 1986760.3284767396
64 123 325007.29817892035
64 125 3397352658.393152
64 126 2243361.473997739
64 127 6978138.916178739
64 129 1572239350.4492948
64 130 8208309.967528299
64 131 121369709.75686562
64 133 2019195073.817715
64 134 63650893.451615594
64 135 11533643.189649366
64 136 5746187.70355014
64 137 855756992.9272889
64 138 1275883401.7510111
64 141 11615980.290254543
64 142 999880776.0696054
64 143 1482356.8443141754
64 145 10716975.402508244
64 146 13402545.825304646
64 147 2528991501.7171254
64 149 3346983.7858184646
64 150 152320254.5320642
64 152 2593408653.5737996
64 153 2171311.4418986426
64 154 436915843.2876044
64 157 73280215.06545503
64 160 5964583.0482776705
64 161 26095701.77182021
65 1 206024625.1819913
65 4 453247029.1977029
65 6 471925082.77030736
65 7 187390251.09779033
65 8 1583459.110658999
65 9 144931128.7182866
65 10 45367422.22938872
65 11 57656948.44876328
65 12 12290978.334681803
65 13 96082182.64961238
65 14 188377466.9867174
65 15 4550326.683805475
65 16 5844163.051457986
65 18 21857825.043139625
65 19 2716618216.4198313
65 20 14067694.606497489
65 21 13827583.73335189
65 22 3047446.429485993
65 23 2185699.043982427
65 25 14610434.07909167
65 26 1783766706.1293218
65 27 8794349.913328651
65 28 121906.26970305662
65 30 197830214.5361168
65 31 2825379881.6525774
65 32 88076823.06002851
65 35 38523681.98980144
65 37 139804720.59421104
65 38 18881770.6440308
65 40 853694816.924798
65 42 2187823.498823309
65 43 21737195.30642613
65 44 107848964.10900882
65 45 92431902.69076756
65 46 137625646.32130665
65 49 163332638.5774882
65 50 38202695.213449664
65 51 357871405.10270715
65 52 8837219.622668069
65 53 4838306.578109763
65 54 312371433.0164162
65 56 266386660.20264858
65 57 2037570.8613278351
65 58 40213239.164587155
65 59 3649941.7963951873
65 61 7827397.544550835
65 63 58004437.53590899
65 64 240105884.36983874
65 66 48248816.86762273
65 67 635072436.6742721
65 68 365017365.76025313
65 69 1963965906.1095889
65 70 2827772485.678893
65 71 833866174.500328
65 72 443540726.50080377
65 73 10624523.560156642
65 74 374237648.33294713
65 75 43306803.58561058
65 76 17502916.127259556
65 77 23351807.09928383
65 79 1324762868.1669052
65 80 43741919.72105411
65 83 3689315.0784831247
65 84 1758687.2012492705
65 86 217797479.70672107
65 87 16401342.413181597
65 88 11024461.913794799
65 89 318239778.0073478
65 90 755346.4519147726
65 91 18038080.165809087
65 93 22890872.319226407
65 94 814372133.2834826
65 95 24343558.680880215
65 97 576064409.0360905
65 98 663716.5032043224
65 101 1960885165.8057837
65 102 359245730.40078264
65 103 3621467.8710671295
65 104 8993595.210453024
65 105 36896558.61865791
65 106 745401830.4226558
65 107 64346867.25007932
65 109 64188604.12206511
65 110 7506486.787517063
65 111 31118770.200748906
65 112 103965508.93481772
65 113 743951055.1290112
65 114 291940838.3995057
65 115 419544952.7684573
65 116 4337332.413877011
65 117 21754804.103939332
65 118 76005319.85281458
65 120 4841028.221939888
65 121 2454161.988497328
65 122 4058042.823730635
65 123 1801581.7233249524
65 125 76410143.74028617
65 126 16939320.667019386
65 129 171911230.14588436
65 130 425686297.9849754
65 131 60679193.540179394
65 133 89804084.00698563
65 134 95826995.87912364
65 135 47478038.06199977
65 136 10897627.516415516
65 137 263544492.2948825
65 138 2472166521.7398562
65 141 8176721.421820496
65 142 966066581.579133
65 145 107411306.85545005
65 146 175587075.3663375
65 147 427411507.50763106
65 149 21337143.411926366
65 150 105638281.04379827
65 152 521358793.70318
65 153 89026432.76045147
65 154 2294966609.310333
65 157 96171538.34927987
65 160 7986872.966162465
65 161 12850708.072584327
66 0 10496410.711798845
66 4 11471234.26299913
66 6 14794748.291511495
66 7 9831992.455007134
66 8 11563919.413138991
66 10 1610074.828400492
66 11 21587255.979137827
66 13 14910425.647273159
66 14 50949090.02998257
66 15 9643138.989487743
66 16 983235.9719133596
66 18 15572422.176622134
66 19 4339921.740133054
66 21 44667601.200289786
66 22 2704850.1287610997
66 25 23347256.716063976
66 27 3222140.1115624206
66 30 7406483.11223367
66 31 688125.8293625728
66 32 5713978.1830926165
66 38 23901091.513735414
66 40 70426522.51262105
66 42 1698584.1820354701
66 43 19748731.59994354
66 44 5683104.3743735915
66 45 5395733.881300959
66 46 11606591.89364891
66 49 115403120.5519881
66 50 6174269.687465624
66 51 26952584.93567853
66 52 9107806.584334804
66 53 150499.65918319428
66 54 90501733.42603195
66 56 51060829.5701124
66 57 3241750.464187152
66 58 1446805.051163533
66 59 2227519.9715232668
66 61 14392526.388175601
66 63 42737404.86433274
66 64 34216591.81186635
66 67 53780192.42093408
66 68 10312150.940869149
66 69 11167503.945858097
66 70 11698250.526324304
66 71 26430813.504767906
66 72 13928043.518932322
66 73 63215311.641400866
66 74 20963315.451062325
66 75 42552.717275092524
66 76 2725442.941345376
66 77 17456163.56560235
66 79 40746921.08822128
66 80 16860269.370997675
66 83 51911386.15098273
66 84 2363224.6830683015
66 86 14317488.736713901
66 87 6300874.476849527
66 88 12683832.515471404
66 89 5796052.767097633
66 91 519353.6324822816
66 94 201471399.52892473
66 95 12806680.569972884
66 97 19081591.9961748
66 101 11067402.573033327
66 102 289698.60411140043
66 103 4698420.375103521
66 104 15351635.871270953
66 105 3340487.9388108887
66 106 30521110.791495703
66 107 9564079.231669314
66 110 5703744.975310847
66 112 2716665.2764180284
66 113 17341125.94369914
66 115 4651079.435855313
66 116 74906613.71949056
66 117 4216770.4140448915
66 118 7567553.924845499
66 119 1884283.7756419063
66 120 4126394.573212687
66 122 3745632.7788816807
66 125 2924477.131263475
66 126 8804729.082938746
66 127 895163.6794004956
66 129 5648394.454160972
66 130 253443.65139131615
66 131 2307282.8817596016
66 133 6680233.747983885
66 135 37240884.44954977
66 136 11642169.197521476
66 137 21423908.352036394
66 138 43969870.1553465
66 141 4731038.086996391
66 142 37580976.010962255
66 143 520567.46700871096
66 145 2023046.773672721
66 146 52777070.78962595
66 147 32337927.993949708
66 150 16576286.58251837
66 152 11088008.408406178
66 153 10966863.27142674
66 154 69817785.90130623
66 157 65265960.84945419
66 160 12901482.263885828
67 0 1131065.098529478
67 1 821913984.855762
67 4 303683975.6434336
67 6 342932417.6146359
67 7 1548935713.1887138
67 8 13339785.955528006
67 9 17986005.5009022
67 10 70778016.48893742
67 11 2956684.7773033613
67 12 12182339.41983091
67 13 6118520.110617282
67 14 503648891.72443134
67 15 1308986.702162407
67 16 4609940.19159631
67 18 7127564.24762954
67 19 1028082640.611502
67 20 10498875.969032176
67 21 52320655.840801425
67 22 15278122.37455927
67 23 2297959.1861626566
67 25 69119271.41538075
67 26 1713018955.0565264
67 27 10256255.378400061
67 28 1736760.374905054
67 30 62348143.59433029
67 31 589138398.3280833
67 32 370935990.41394573
67 35 4913843.906214248
67 37 282170368.9943838
67 38 99679347.9549121
67 40 1921215082.0282972
67 42 2618266.589562994
67 43 109500144.28065407
67 44 43832214.3695727
67 45 33626183.066701114
67 49 40517182.585992485
67 50 2232591.5361529263
67 51 1158287234.030825
67 52 13504311.660643702
67 53 150605.2223840884
67 54 1245111884.517122
67 56 895745766.7042465
67 57 2920039.3310673814
67 58 67147528.96463281
67 59 12900155.603851326
67 61 6573889.47240764
67 63 61145552.813904166
67 64 4341394360.091635
67 65 477636331.414774
67 66 8729092.253565308
67 68 153005621.10384065
67 69 5294161.991876605
67 70 635459932.2747031
67 71 1165293272.2178342
67 72 208273436.3590358
67 73 78841656.43989599
67 74 898647642.2120936
67 75 65339813.663148664
67 76 115702388.11830764
67 77 15889915.008154465
67 79 719177134.8627532
67 80 89696912.83409809
67 83 4005529.802499378
67 84 2157882.532459074
67 86 236953929.92589393
67 87 7348862.7014439665
67 88 12003036.100075256
67 89 1175298409.0948555
67 90 16489204.406485938
67 91 3822611.0186487134
67 93 68583812.15089005
67 94 405527432.09483296
67 95 1894190.082656656
67 96 14345986.749784216
67 97 101513533.6689171
67 98 1089335.348099347
67 101 2388806375.11975
67 102 139018059.3999768
67 103 1294651.035007415
67 104 9062358.428430056
67 105 5437268.072904928
67 106 214518023.15438536
67 107 210730157.19111058
67 109 7420509.35441551
67 110 9162349.633189356
67 111 33398376.21913982
67 112 70290291.79770306
67 113 10660780.269253442
67 114 964214057.8581712
67 115 4591261315.394116
67 116 93885846.188316
67 117 22180879.046673466
67 118 891589168.1713448
67 119 986720.1856534666
67 120 10227.933835852265
67 121 769683.3837658017
67 122 1220328.550216837
67 123 4641786.590216357
67 125 2058223216.1207595
67 126 21854467.78353376
67 127 29276443.54894355
67 129 135801308.39425153
67 130 49918256.99131427
67 131 191838127.36341485
67 133 932893761.7879188
67 134 10248581.259503106
67 135 23612382.64320824
67 136 1714078.1948719758
67 137 1053493921.4761785
67 138 594465386.0114883
67 141 26753885.088971257
67 142 551717432.0953193
67 143 623160.1257783207
67 145 44363528.62721109
67 146 155020513.05839214
67 147 311557023.525994
67 149 5184022.964914448
67 150 47820580.44458931
67 152 1252293860.2882864
67 153 69410994.38100262
67 154 1790165731.5514722
67 157 25322255.950327646
67 160 11167270.850522706
67 161 31809747.79316753
68 0 46849008.13217093
68 1 188886526.4427556
68 4 365444.0196417671
68 6 121859507.5897454
68 7 700012857.0192732
68 8 4617886.337815695
68 9 61391182.47123121
68 10 38309272.859955214
68 11 6794441.016203261
68 12 35535341.52678631
68 13 110900845.17032543
68 14 836370698.4836966
68 15 3750700.2892044573
68 16 3747693.5339876646
68 18 20440096.282570515
68 19 2415407868.1100936
68 20 2329669.9225651864
68 21 88175288.02200948
68 22 19430230.709899504
68 23 2987310.06551551
68 24 18840393.035214063
68 25 18221801.90376859
68 26 1257770628.03899
68 27 8304936.51738569
68 28 333265.1902840299
68 30 15594886.81949013
68 31 711933552.8025949
68 32 256494520.36541635
68 35 57645050.62088168
68 37 15056136.09283372
68 38 39679234.511898175
68 40 39051667.39149757
68 42 1543642.841201218
68 43 39060879.48069994
68 44 17769177.650192868
68 45 177217482.93943125
68 46 7348851.088678156
68 49 137369820.0057471
68 50 18048992.067788884
68 51 235990107.3227667
68 52 10175896.673983503
68 53 770573.4636373463
68 54 617396974.689932
68 56 113684193.26562956
68 57 1923886.1384568398
68 58 91472728.08933058
68 59 9789410.026510749
68 61 2434269.2734307055
68 63 19859043.312962294
68 64 2477459030.212524
68 65 563411151.3361605
68 66 34357775.435815126
68 67 544639965.2886345
68 69 88233225.10196494
68 70 842034286.1494703
68 71 1315091518.773836
68 72 74291528.26379609
68 73 37026702.19764908
68 74 2434139665.1131334
68 75 16719669.297378354
68 76 133534720.14680262
68 77 34304751.551692024
68 79 1926137582.2466068
68 80 122114195.22712149
68 83 110652656.56661995
68 84 88289625.48633692
68 86 28835240.897336576
68 87 11318294.090400092
68 88 5190467.275536516
68 89 757186320.9236894
68 90 8512608.26470463
68 91 3784069.106582196
68 93 17152103.952465903
68 94 3205946555.7544613
68 95 3667395.047909063
68 96 16268858.205799356
68 97 282203724.9416734
68 98 7489633.955799217
68 101 3091946783.27564
68 102 60858455.95827287
68 103 13351102.180671616
68 104 3875837.2021928737
68 105 44710325.02673172
68 106 426972062.0790723
68 107 66533781.46163861
68 109 15282655.383108998
68 110 36290119.707808584
68 111 56336457.70464836
68 112 49126087.55760246
68 113 2283004980.164041
68 114 3287421528.8922324
68 115 241603226.1314643
68 116 55675939.011692375
68 117 153942550.63028798
68 118 538292411.154708
68 119 2965261.3624367667
68 120 13188770.130225686
68 121 1614688.0014360654
68 122 1824700.4688412219
68 123 10017595.636938501
68 124 700873.3232776859
68 125 412646728.825004
68 126 80531.88555740948
68 127 4243011.45780182
68 129 470793783.9815035
68 130 266365622.10838887
68 131 61807198.95765151
68 133 226474461.01735413
68 134 131263214.97445384
68 135 12112709.273768341
68 136 698727.4508801065
68 137 1353449368.4910436
68 138 230838697.37710074
68 141 9189453.53268666
68 142 47112760.611379206
68 143 234695.80735803916
68 145 13565500.573268656
68 146 46250015.651244156
68 147 228372052.02559188
68 149 19967933.238367226
68 150 8744579.73220436
68 152 3767188099.930167
68 153 134969970.8118037
68 154 4149714221.6688895
68 157 343190182.8584562
68 160 38090734.84240755
68 161 47798387.16445566
69 0 11967709.784754585
69 1 149712001.41705438
69 4 111920463.66359131
69 6 4903073.410163526
69 7 238145441.49649402
69 8 5823732.0861658165
69 9 5832307.05803629
69 10 21221855.73555307
69 11 25427017.017874446
69 12 477713.8959353154
69 13 144918291.19853774
69 14 7950160.546370647
69 15 3110576.109899184
69 16 11769809.14908509
69 18 14357839.047414145
69 19 16477787.928812133
69 20 2126284.245926846
69 21 155246523.0403539
69 22 8814356.728534508
69 23 2692818.845065071
69 25 7537433.623720229
69 26 610184906.5173485
69 27 2749133.4559804685
69 30 153428625.08970997
69 31 192165598.51148197
69 32 305859164.7310756
69 35 67798187.9279157
69 37 173402025.96580115
69 38 38738310.03220269
69 40 915587186.3617964
69 42 200560.78889343134
69 43 51755433.49058861
69 44 22356441.535505887
69 45 212421154.03184614
69 46 35013456.08677214
69 49 478102662.21174705
69 50 57951884.87541644
69 51 70431470.85521941
69 52 2168627.28415115
69 54 900546257.6684613
69 56 182962057.77197313
69 57 3918650.9555656593
69 58 204437528.53385693
69 59 4134395.906809744
69 61 288793.66824546625
69 63 234526785.69729173
69 64 71975384.59399377
69 65 107248483.16813526
69 66 49923326.87634284
69 67 560334447.1379408
69 68 224151255.74694607
69 70 346815344.8443299
69 71 272268518.99127424
69 72 253575074.5537265
69 73 8164033.220517728
69 74 30770091.60921872
69 75 25087538.959054545
69 76 56958444.1720558
69 77 49104306.91762535
69 79 52381510.455900244
69 80 10818190.860505639
69 83 25227331.147815913
69 84 73905414.26737878
69 86 228630346.03519532
69 87 16315125.701247223
69 88 483226.34601322736
69 89 183514909.88882443
69 93 1209294.8382737145
69 94 182748196.8381112
69 95 20317309.182559513
69 97 135021863.8727723
69 98 7281413.3034287505
69 101 1165390607.9742582
69 102 85574696.99173503
69 103 7258931.515458862
69 104 1844894.9663235547
69 105 8266361.905773608
69 106 531300039.47631246
69 107 16666874.71471228
69 109 16245801.114092676
69 110 7589655.222837278
69 111 38683688.64663785
69 112 66084134.2367626
69 113 477523697.16234946
69 114 262164493.69024384
69 115 17551535.17276624
69 116 10196164.995398307
69 117 40688960.49340484
69 118 4247558.769368173
69 119 4024877.5791787477
69 120 639127.0477232778
69 121 9216732.0887819
69 122 853995.5023719993
69 123 448196.0730784126
69 125 401959196.42819774
69 126 6875641.658546089
69 127 2996113.4656857466
69 129 112923248.1598694
69 130 380559423.5901439
69 131 74775118.1457778
69 133 400842088.6597048
69 134 10376300.159200786
69 135 19696701.771465853
69 136 2243218.4471297394
69 137 1341732787.881261
69 138 147383164.13095164
69 141 40351573.73147203
69 142 1975236505.4737592
69 143 3017058.222273046
69 145 4326840.317399842
69 146 226272165.39204273
69 147 116188969.74060452
69 149 3393041.5786015023
69 150 163729.36028344498
69 152 417154993.3837571
69 153 118632048.00080341
69 154 25321026.117692105
69 157 311583430.7133663
69 160 14494512.3434237
69 161 19091085.662375133
70 0 9401266.082642863
70 1 33914940.25055495
70 4 62563432.495490514
70 6 3303084854.2821856
70 7 2409426957.112182
70 8 11922806.510807222
70 9 109377865.31692718
70 10 47706727.23854992
70 11 610259366.0215441
70 12 11207216.515684761
70 13 104459736.47219093
70 14 120014522.8870112
70 15 1768744.2834441124
70 16 1929715.2109609405
70 18 31770254.29812019
70 19 3678039496.5319624
70 20 3873441.5568286455
70 21 9174904.395759935
70 22 560760.150177053
70 23 4661188.805622038
70 24 17819973.31424426
70 25 11252795.389490316
70 26 988000488.0102811
70 27 2533923.9996260446
70 30 142776062.44971105
70 31 2090568750.907133
70 32 375935195.4534018
70 35 67088163.45577424
70 37 341216986.1853092
70 38 112542791.69156636
70 40 615870735.8083979
70 42 984854.5336780595
70 43 5318027.499000253
70 44 133296873.90127222
70 45 145302128.2325842
70 46 57161223.66157797
70 49 2954393175.026448
70 50 23549505.98653236
70 51 5117586456.95467
70 52 15874952.514126834
70 53 1699021.5983356948
70 54 8802087644.247505
70 56 147071161.69323236
70 57 7619.174273796171
70 58 101471387.58288133
70 59 13312918.64456941
70 61 562142.1353132261
70 63 62813588.10593445
70 64 4150023742.771467
70 65 105549223.61565384
70 66 30681406.47335396
70 67 1690979.2136483835
70 68 1302058300.1191554
70 69 614258953.5172164
70 71 934358272.6303451
70 72 1543623819.2768688
70 73 12320747.74725623
70 74 1212339592.1150663
70 75 38785381.90470716
70 76 95383047.34797187
70 77 87897832.97744879
70 79 3515860601.507986
70 80 1902054.9242583746
70 83 115206506.69705407
70 84 27672672.82249732
70 86 9057994.340266244
70 87 1170883.8291849995
70 88 4611838.975321222
70 89 3148647300.219866
70 90 28567330.044643942
70 91 13401040.047239019
70 93 44994363.331449375
70 94 3053205469.9901676
70 95 22615333.577886965
70 96 2991986.5395969194
70 97 364688100.3162266
70 98 5279692.999574854
70 101 3405420566.4699173
70 102 4845119.594308654
70 103 56843927.171590544
70 104 7061418.5649958225
70 105 32995083.851897065
70 106 72030913.81715362
70 107 3528190.6021163
70 110 39165826.773724206
70 111 38946422.35242128
70 112 45474754.62933737
70 113 780454655.0974277
70 114 828583370.1234006
70 115 579674767.4978445
70 116 5031289.328952791
70 117 737265268.5906676
70 118 2622459408.046647
70 119 247328.10023704806
70 120 3231132.7877413766
70 121 2981509.4313254626
70 122 2299485.850342867
70 123 1672373.5695718601
70 125 100772141.73991652
70 126 12870756.125753822
70 127 14444576.724448612
70 129 5478651390.578074
70 130 237845332.79466602
70 131 19131253.25198528
70 133 864177288.5631976
70 134 18337189.69963532
70 135 9028912.0148764
70 136 793796.4262904703
70 137 2124987541.2970488
70 138 2757368561.534156
70 141 4998480.2111605555
70 142 944586031.7598964
70 143 4698778.670873097
70 145 164922311.46130866
70 146 218505333.03503224
70 147 3419338318.9383893
70 149 1494100.346540385
70 150 238473574.10990918
70 152 4991408086.816257
70 153 23912893.423223987
70 154 1674814070.6364067
70 157 123008498.97020859
70 160 27788607.27150028
70 161 18081308.027498946
71 1 149074012.80079317
71 4 407608459.9092348
71 6 1037422744.4774039
71 7 499962394.74987435
71 8 25101873.99585325
71 9 13350075.46186852
71 10 50324197.58155943
71 11 184273586.56473836
71 12 15046927.010381455
71 13 77670516.32590118
71 14 249011580.55273396
71 15 26158738.503219508
71 16 5803795.230288061
71 18 401081.6419627766
71 19 463286112.14405704
71 20 15084742.273518609
71 21 87153103.49666266
71 22 7529726.066393116
71 23 2627684.1357037663
71 24 25407714.826959133
71 25 23795171.060720712
71 26 322817823.34904826
71 27 464958.0726209484
71 30 69758801.50761458
71 31 386355092.3050433
71 32 60559518.48988317
71 35 37230648.34181401
71 37 70995004.77396017
71 38 39654460.76062104
71 40 510808439.17337996
71 43 156797283.50298673
71 45 67982806.77975331
71 46 16860026.513779223
71 49 469847696.19163954
71 50 1168709.3142335475
71 51 254895536.48803866
71 52 10781570.515705436
71 54 140287769.81115025
71 56 1025184880.9546144
71 57 924278.716402575
71 59 16152470.145828165
71 61 3326620.266247014
71 63 13749656.547506183
71 64 712403622.6125196
71 65 30619568.561796416
71 66 3420434.1938269585
71 67 28823687.5703202
71 68 480640651.9135873
71 69 230366356.0702003
71 70 161652771.40161577
71 72 563301345.0122453
71 73 105271693.5919619
71 74 1606487352.1364045
71 75 22042785.509967096
71 76 110234206.23534518
71 77 26005949.30260279
71 79 2035182880.5323792
71 80 68201558.44144303
71 83 41896584.79988936
71 84 113854289.44332948
71 86 116804066.74717799
71 87 3201416.0688605835
71 88 1437871.3975606046
71 89 9983543.118952401
71 90 1046419.1413076089
71 91 11983051.127535785
71 93 55592094.81991044
71 94 570260838.1619288
71 97 112434274.40637308
71 101 147400843.8996935
71 102 107803699.11431402
71 103 84763.96841431106
71 104 9743042.320879275
71 105 110390522.15758272
71 106 1488434602.4353528
71 109 7721503.629856419
71 110 22221832.07736957
71 111 1628689.4945623344
71 112 5866904.385569633
71 113 78145039.39283061
71 114 206284938.3410177
71 115 418848948.87845045
71 116 7557628.063878048
71 117 34486341.7997991
71 118 302928749.3398767
71 119 2124612.978228198
71 120 1643767.6488037505
71 121 4216714.451677988
71 122 873904.8126321312
71 125 25071933.50128447
71 129 195096549.07328835
71 130 272081232.8477287
71 131 74544707.59243198
71 133 313609073.8050434
71 134 146141187.5911534
71 135 106652193.33165509
71 136 33582567.1860595
71 137 409200965.8625347
71 138 130003183.31316842
71 141 4354824.175582459
71 142 889563450.9541911
71 143 5468509.514590765
71 145 66506172.38051725
71 146 70142323.05836643
71 147 24401377.49604965
71 149 6962100.209831526
71 150 487554979.07801056
71 152 66988459.878034934
71 153 21820535.5396862
71 154 1920042908.5556989
71 157 120387482.06529544
71 160 6727121.909886901
71 161 1374540.8322289365
72 0 20623620.42196769
72 1 61418000.806395695
72 4 547324236.8716664
72 6 266471220.70316485
72 7 1015662014.7056909
72 8 12048864.254634624
72 9 7742838.026926663
72 10 168451952.31030044
72 11 30132557.670031726
72 12 11037749.254963132
72 13 23894168.401579883
72 14 125631367.43216535
72 15 111938.05653960354
72 16 2548282.1313507957
72 18 18089817.039675307
72 19 3535764843.79371
72 20 40392222.26605637
72 21 31627440.012829777
72 22 4733738.494327573
72 23 8407530.727532327
72 24 7905716.546393674
72 25 23901628.067035347
72 26 8923307898.74299
72 27 8538278.590949006
72 28 821163.4298747487
72 30 26935325.408008914
72 31 34130425531.148563
72 32 97209962.79243046
72 35 303748866.6663824
72 37 75055968.21572341
72 38 23005023.71220611
72 40 505803211.45554465
72 42 295989.79988759244
72 43 113459128.19905348
72 44 52603741.84112704
72 45 567043847.1723949
72 46 3732399.2819962734
72 49 533339226.2189333
72 50 3657030.312287787
72 51 12454029452.725157
72 52 944138.0712937778
72 53 2961741.7526444877
72 54 17380925771.331253
72 56 203003308.21627438
72 57 200208.94421032228
72 58 7857454.252614907
72 59 4619741.397415333
72 61 12101699.011673054
72 63 12028302.665030245
72 64 30509913657.76004
72 65 237122232.2492523
72 66 40227574.33430446
72 67 268945659.031309
72 68 1914237289.6847665
72 69 159694300.31044325
72 70 1807190405.3208964
72 71 49105771.76571312
72 73 69386099.44904268
72 74 10277296487.123375
72 75 90098065.61488155
72 76 12783666.606994059
72 77 380029.3973138219
72 79 8061985143.160787
72 80 4314085.640315559
72 83 7090880.878068971
72 84 71209309.2241389
72 86 137318727.2621286
72 87 4467414.67388191
72 88 7803936.500550754
72 89 2096930567.3369322
72 90 1805055.2274880635
72 91 5950338.509121418
72 93 2364369.036142178
72 94 601523811.7011229
72 95 6811941.195311245
72 96 14009554.705397246
72 97 37246357.61833446
72 98 4249865.290555444
72 101 3375696983.3872466
72 102 17132789.013532553
72 103 20207297.94227805
72 104 1761449.146111394
72 105 28886887.162107285
72 106 849447082.2035192
72 107 38586275.835316285
72 109 2699041.2526408993
72 110 56970754.15458068
72 111 73175300.71887685
72 112 15851852.374872806
72 113 1814899262.851868
72 114 573381678.4195966
72 115 828577809.4449213
72 116 4525556.273202509
72 117 4380423.288431819
72 118 1399110714.4151773
72 119 13654611.148158604
72 120 2410316.593446793
72 121 7304066.336565387
72 122 2514893.567602689
72 123 1681336.3076614488
72 124 1409369.1183802993
72 125 471006683.86540085
72 126 22180925.062097836
72 127 4182635.27440101
72 129 5758123837.404137
72 130 23345860.51029052
72 131 104953651.34917867
72 133 9038379533.520374
72 134 99960723.46995936
72 135 16178960.932527553
72 136 347967.7239156223
72 137 105619912.15178193
72 138 46761499.0121505
72 141 28486852.092864685
72 142 384568932.855232
72 143 2009553.1867289802
72 145 40141475.25205581
72 146 95092475.15586047
72 147 7151156859.679488
72 149 4163397.9767602393
72 150 42749785.30282461
72 152 46923406861.58302
72 153 59378076.72892585
72 154 10689081710.76461
72 157 500394012.3359419
72 160 53204011.001526676
72 161 2926081.3260698565
73 1 40347271.98793701
73 4 13417906.009718109
73 6 23933966.443538662
73 7 13276030.304049615
73 10 3729852.8029768043
73 11 22792675.78441672
73 12 1909443.8255542472
73 13 30915186.850523997
73 14 10787268.715394612
73 15 14400679.87418721
73 16 7300525.570032373
73 18 9662686.47682991
73 19 60610335.26920947
73 21 14044406.444127312
73 22 1512488.3399681675
73 25 2419291.737630996
73 26 25806036.269722685
73 27 6901154.339993519
73 30 16655558.30908759
73 31 49786971.00919305
73 32 22920193.12605945
73 35 7941240.817248099
73 37 41882047.717645235
73 38 12862403.301580055
73 40 5417970.2694714125
73 43 58505720.589452766
73 45 3131487.052631466
73 49 2617410.2096061446
73 50 10066022.705150763
73 51 33746230.0413533
73 53 487234.5369608249
73 54 1574003.5234398132
73 56 1704947.390492363
73 57 2198746.2880950635
73 58 30097844.02414423
73 59 3872793.5039395434
73 61 5109516.087568067
73 63 29627778.01313332
73 64 8174421.874716435
73 65 9471192.7816378
73 66 1984337.4238583527
73 67 36749068.036986254
73 68 57001537.2020546
73 70 43986482.57641867
73 72 27241845.431079373
73 74 46065208.33425503
73 75 38046851.75273698
73 76 4485850.124138647
73 77 5648558.869733511
73 79 13918233.953423355
73 80 299286.7584176603
73 83 7870585.053059219
73 84 29345730.84765223
73 86 3725555.0404075524
73 87 5622977.027627514
73 88 5092127.769000078
73 89 30314828.01817652
73 93 2097725.588435067
73 94 2960691.0783908
73 95 3325866.280271509
73 97 18879325.99854154
73 98 6789583.611916245
73 101 10294685.950316252
73 102 14670853.888197111
73 103 128146.67826820855
73 105 20358371.320335466
73 106 17649615.84820589
73 107 3782869.7985663633
73 109 7586200.463227548
73 110 9381896.675996212
73 111 35494027.471143305
73 112 10658162.166296858
73 113 16736356.809217358
73 114 13638893.35148602
73 115 4137034.1349494928
73 116 2765032.636645863
73 117 49246725.032648616
73 118 9833135.239573013
73 119 1256744.8418586017
73 121 1728370.6178131464
73 122 1076182.8897571836
73 123 1345871.5939469542
73 125 18036675.853338107
73 127 1228075.9256831403
73 129 3996448.244497461
73 130 15685484.585694404
73 131 2356766.983691227
73 133 25135480.449845925
73 134 172243.96293434262
73 135 22273528.69116447
73 136 7240235.176269124
73 137 14425514.181205891
73 138 16166696.823737545
73 141 5261167.745592771
73 142 2022156.105411926
73 143 6097022.492970041
73 145 10633126.984832132
73 146 7490119.49610155
73 147 11843426.026729073
73 149 5925014.118684189
73 150 16587965.037098467
73 152 12731831.811604565
73 154 23342273.583105985
73 157 46727213.22148755
73 161 8091377.108021807
74 0 3650512.7879568245
74 1 213456412.24354663
74 4 651819201.8561027
74 6 2644383223.1510544
74 7 632176124.7576083
74 8 79438890.21328904
74 9 1780639.9027523282
74 10 10840443.714083353
74 11 112291547.42832775
74 12 4120748.4781210297
74 13 152228301.5352957
74 14 2595420300.7536473
74 15 370634.31531707133
74 16 6902861.29406604
74 18 15471071.454824446
74 19 13404812.962553173
74 20 17523362.8267746
74 21 58485273.89477924
74 22 11862120.836222706
74 23 2675712.268431638
74 24 43238929.10625192
74 25 3570311.1326250527
74 26 13894633976.131361
74 27 841603.6880089722
74 28 3231362.7317276266
74 30 572629764.8972629
74 31 2864817399.9080224
74 32 34807319.10039119
74 35 114604347.90236697
74 37 556867800.5790026
74 38 8314844.774923752
74 40 489486846.6063519
74 42 5052351.629389685
74 43 4858805.487977724
74 44 10216085.284128211
74 45 14857506.72022487
74 46 97960608.90098974
74 49 450095581.516419
74 50 26482990.23993036
74 51 16873151870.584955
74 52 13863547.768002337
74 53 4085026.782414292
74 54 21284198496.035957
74 56 44999328.2538587
74 57 1193714.2325089767
74 58 131081432.42468783
74 59 6166076.117062086
74 61 1039502.6510951682
74 63 11919399.598159142
74 64 5094590116.281826
74 65 1049804785.7467539
74 66 3383267.151101272
74 67 1084082199.403788
74 68 1392535482.818303
74 69 104923799.48565738
74 70 1043683577.3511648
74 71 818760638.8788155
74 72 10151942779.835972
74 73 31460382.009079978
74 75 60155294.773132
74 76 31653983.391946353
74 77 16654857.533701256
74 79 1035159660.6082987
74 80 152377988.60681653
74 83 92947753.2353603
74 84 153398343.0420527
74 86 46977594.57676664
74 87 6469580.319648379
74 88 1551109.1547253558
74 89 2514479773.226608
74 90 12926903.910405496
74 91 387287.6406553224
74 93 1934342.8796205402
74 94 13897283908.975372
74 95 3507548.5486378977
74 96 1795363.3848818373
74 97 7648148.9621290825
74 98 5874130.271489224
74 101 14210406346.40338
74 102 26937498.154219057
74 103 75597765.76169997
74 104 2252197.072589442
74 105 446588251.09910786
74 106 353666338.07095915
74 107 90400173.82813029
74 109 61057068.4797461
74 110 5438663.123612898
74 111 19478152.10407262
74 112 40310433.90345947
74 113 2403327780.5840664
74 114 18312534.120458823
74 115 524458836.5108602
74 116 103828281.0124379
74 117 353593926.60418653
74 118 2089050373.5333564
74 119 10445335.40100152
74 120 1387705.6917219977
74 121 368945.64166726335
74 122 746229.886141835
74 123 765061.7143564248
74 124 99636.41953479944
74 125 91928542.43865333
74 126 7626712.615995714
74 127 699467.5340687857
74 129 10055804326.415342
74 130 22451502.01005821
74 131 561794175.003229
74 133 38845952052.36839
74 134 1520931.7466580449
74 135 12459754.849999368
74 136 17935082.80790402
74 137 1181864803.103553
74 138 44251927.916070096
74 141 14209590.459033553
74 142 653668590.8044688
74 143 3881332.052406371
74 145 15556638.735271355
74 146 370052739.8331328
74 147 4457960580.238069
74 149 17811633.933540132
74 150 634599866.6452132
74 152 24437977025.815304
74 153 87516491.30297916
74 154 13693908429.245955
74 157 440317117.5628188
74 160 2494312.5588695663
74 161 21111747.624472097
75 0 9781857.2891198
75 1 4510391.374876983
75 4 2760642.8863491924
75 6 3527178.864339642
75 7 15441167.085381491
75 8 15512597.664843585
75 10 10814038.928953497
75 11 17984691.322120003
75 12 1744285.6712384475
75 13 1090470.3709352883
75 14 8000707.955966653
75 15 5616395.197564138
75 16 1767534.7808327167
75 18 6696099.385239099
75 19 38534843.28355207
75 20 994373.8538005453
75 21 14446829.019537425
75 22 1569755.0279330646
75 23 3533173.066081767
75 24 3910082.8208486256
75 25 1913538.8380019208
75 26 40351284.699598595
75 27 1021018.7014767857
75 28 3136505.2099766294
75 30 2251004.7046559723
75 31 11858762.217986232
75 35 50896002.05751095
75 37 18856501.463567127
75 38 10451914.909013983
75 40 22980881.06928956
75 42 2771819.654904927
75 44 2172935.0836248193
75 45 10978234.090611972
75 46 13100383.33771322
75 49 2049110.661325752
75 50 369964.0868844511
75 51 21374555.690272808
75 52 20026219.473737977
75 53 75051.26998819095
75 54 45259818.266606204
75 56 22170392.660568003
75 58 25532835.411853075
75 64 17675088.815411776
75 65 16762440.72862957
75 67 5547066.488441006
75 68 1309392.485826998
75 70 37380609.60855731
75 71 5056872.019301742
75 72 31259396.786876883
75 73 6225077.459326695
75 74 2809627.338409891
75 76 2725151.1357157906
75 79 4040387.844329493
75 80 5022424.068435608
75 84 6713090.079286765
75 86 12496147.545660216
75 87 156540.16418017316
75 88 1637213.995085285
75 89 10021204.795427911
75 91 16469379.04835424
75 93 6635064.26325866
75 94 20577456.362503484
75 95 3707984.243561486
75 97 35647310.52929962
75 98 1035068.3979870846
75 101 10763449.786496012
75 102 1325481.4459324072
75 103 11910939.480989816
75 105 3139174.44955649
75 106 13421677.529319756
75 109 11540078.22299082
75 110 1229083.7735890406
75 111 3944106.176626986
75 113 26605331.244765405
75 114 317792.3964498775
75 115 31837437.696289185
75 116 67862446.249549
75 117 17067649.09249894
75 118 16522362.837295152
75 119 986905.5404000052
75 123 259562.7953668265
75 125 1271763.1846534181
75 126 14810851.69106877
75 127 2858511.708134652
75 129 2010927.0272838764
75 130 642305.1922582127
75 131 35423904.90890784
75 133 21293677.53901154
75 134 89635522.85897836
75 136 1038821.4070396582
75 137 2937742.9172428665
75 138 14404341.624442305
75 141 6497330.4268819485
75 142 1696827.2505956804
75 143 3292700.1232062103
75 145 2770622.013695714
75 146 23466524.908133145
75 147 8963736.17718915
75 149 974240.1394106939
75 150 2159912.8994169766
75 152 12452492.762571804
75 153 8105452.47398544
75 154 25433615.996543307
75 157 12959108.428743089
75 160 12238825.406191176
75 161 298288.3591522468
76 1 118485418.21370353
76 4 132227655.46037026
76 6 180525093.8440212
76 7 31475127.426700693
76 9 3509342.217336087
76 12 17317584.978482235
76 14 58989878.95290844
76 16 110070.04385161892
76 18 9486477.378007798
76 19 385698131.7731688
76 21 34109813.59866318
76 22 682520.9835354614
76 26 47696105.4787807
76 31 92385380.57597436
76 32 22658765.25949745
76 37 71462246.3972989
76 38 15616557.51102775
76 40 154186698.13628447
76 43 77740522.43737043
76 44 8985257.78329941
76 45 12344091.302738328
76 49 145890323.58194432
76 50 8604537.554669512
76 51 143017654.13265702
76 54 49572342.17696647
76 56 255963724.60292313
76 59 17357212.26346917
76 63 7149783.102913323
76 64 654989523.3764104
76 65 139192570.14063552
76 67 48398719.7184981
76 70 6580634.244541416
76 72 43405148.21057809
76 74 6046387.900159486
76 75 24193760.822680216
76 77 26856989.96309011
76 79 106501773.83690006
76 80 26828814.81837125
76 84 29756083.63756763
76 86 47508870.29345192
76 87 6430538.376068751
76 89 27133423.991220914
76 91 1143526.5746207412
76 94 91635497.44059005
76 97 51677003.42791977
76 98 1688851.4636442317
76 101 41894509.703441754
76 102 77490909.48992428
76 105 106010740.09393568
76 106 10976476.776439808
76 112 11782943.678562718
76 115 142185159.57616618
76 117 36445530.736305
76 118 227422509.61349675
76 119 3232436.3499557246
76 120 1374866.8309447381
76 125 144910251.71342024
76 126 11888200.426818695
76 129 305731411.4352745
76 130 7618155.59172098
76 131 99031046.92079306
76 133 32211633.73564687
76 135 63574492.686946556
76 136 2209798.9951515403
76 137 39732574.53412062
76 138 116156812.37480131
76 142 47864402.35630918
76 143 926056.7581883939
76 150 177831104.40982008
76 152 245049002.52458686
76 154 94378590.00360109
76 157 191822319.80399808
77 1 397803.1489058781
77 6 23625796.670357596
77 7 40639461.02897902
77 8 3859891.2637531008
77 9 32156397.81798305
77 10 87087132.52813987
77 11 23581397.85220506
77 12 674400.9004830344
77 13 12460125.825992702
77 14 13924217.862956418
77 16 3955617.5455464236
77 19 1253922.8098575824
77 20 14153827.864218557
77 21 30932937.44242389
77 22 93870.04399530496
77 23 99124.33640908104
77 25 6065644.630722651
77 26 2168456.988301205
77 27 573035.3664800123
77 31 37471792.58063519
77 32 8509396.75759117
77 35 5695982.813761631
77 38 225792.70380241468
77 40 43343213.756654195
77 42 2820578.1183442506
77 44 27637942.28588207
77 45 42111753.11946923
77 46 23820364.62606469
77 49 24072255.63843519
77 51 17428159.888469756
77 52 3899437.322181686
77 54 18356675.01586801
77 56 34703721.66193005
77 58 7050556.160510008
77 59 9446524.8580185
77 63 23913782.68760379
77 64 6587033.415128383
77 65 8631250.069580708
77 66 11616779.389136562
77 67 6742915.798766391
77 68 1120827.1094541035
77 69 95910520.64173502
77 70 10045070.64335019
77 71 4448101.194250637
77 72 29984579.482014395
77 73 11844854.670876041
77 74 18433821.21413224
77 76 28661891.368834246
77 79 25437875.335315485
77 83 19506808.9794335
77 84 62244203.53049371
77 86 52591021.09915312
77 88 6026673.648644114
77 89 5042253.194902522
77 91 6976536.957610145
77 93 7622978.697483974
77 94 32898063.03815022
77 95 10798448.4026825
77 97 4177777.0725144437
77 98 451748.89592796465
77 101 546067.0586461117
77 102 5212697.411845454
77 103 47441547.44118824
77 104 2893432.6413163333
77 105 23245274.164904367
77 106 58145166.605504364
77 110 19400236.407127526
77 111 32455757.043695766
77 112 9433149.658521378
77 113 85827678.3988502
77 114 26463687.72451359
77 115 19706431.933090698
77 116 84803772.30594033
77 117 24986590.08692088
77 118 10949190.93072135
77 119 586419.4590488129
77 120 560188.6580324409
77 122 814445.3847220836
77 125 18806325.172144644
77 126 5386529.986514109
77 130 6768397.519773211
77 131 21788234.44888929
77 133 39250641.616944864
77 134 5528389.311961363
77 135 3910180.1360428045
77 137 5428477.458209226
77 138 38773107.82535763
77 141 13010085.134273056
77 142 50338768.42680462
77 143 1891451.0053484056
77 145 22375386.69654195
77 146 17305401.41646364
77 147 7766151.565293165
77 149 193754.0378313691
77 150 18856027.43268589
77 152 14140781.655793753
77 153 1160354.780035538
77 154 83378692.79392155
77 157 48390439.66510929
77 160 9305808.749201532
77 161 11738372.402701693
78 7 363338.998835814
78 12 1986257.4726905075
78 14 332400.8294873181
78 26 568341.5683655174
78 31 439910.25770719984
78 40 38085.21479036072
78 51 720036.0451774279
78 54 336429.20294322976
78 64 1477652.337848971
78 65 2089516.7003738314
78 70 335688.4707821976
78 72 981707.2747271548
78 74 2475420.487488791
78 97 639436.1128459744
78 101 2013570.2750359366
78 115 6434.60655750225
78 116 447657.2604843073
78 130 100738.85132557612
78 131 2518346.7373754974
78 143 3201173.625427722
78 147 656427.764760631
78 152 182362.94548581843
78 154 426958.2810958407
79 0 53959563.712533005
79 1 420119736.02939034
79 4 614703287.0343386
79 6 3518840100.0066004
79 7 2662405638.39126
79 8 17833682.946281247
79 9 13940159.592681037
79 10 75451156.8710794
79 11 153888692.22212362
79 12 3442966.8421058725
79 13 54162776.42270518
79 14 77602540.38993841
79 16 17089404.70245538
79 18 23169331.096238997
79 19 263874801.68046105
79 20 3204962.70730737
79 21 108375510.51322308
79 22 2609893.5364161017
79 23 2325476.9747429043
79 24 33397120.398882385
79 25 31640868.531086605
79 26 18253258348.903088
79 27 2032253.0991186362
79 28 655721.9941903881
79 30 875796017.3202516
79 31 3090689678.4485884
79 32 245676007.0002363
79 35 24283396.70531186
79 37 202274401.96605432
79 38 5882961.832112989
79 40 264258410.48789072
79 42 338026.47445706156
79 43 22579765.381490096
79 44 19160659.28025067
79 45 2434852.3738154755
79 46 21245961.239043307
79 49 430286944.0454339
79 50 42696611.64477409
79 51 3789705050.9637814
79 52 1662727.046393516
79 53 2298373.5115708527
79 54 7109395999.190759
79 56 121705062.52937943
79 57 3300170.35995013
79 58 84870631.47156483
79 59 2145706.1090493263
79 61 10380758.421855778
79 63 7863946.41645489
79 64 6255403256.306417
79 65 2160096840.106389
79 66 8929065.214989133
79 67 245581747.7115175
79 68 375898323.22593737
79 69 444889560.13185155
79 70 6194823569.865798
79 71 783461830.9729388
79 72 3144339186.551877
79 73 2708569.3421526724
79 74 17756771543.678684
79 75 122478425.68567526
79 76 16053281.765105596
79 77 80761965.42546
79 80 551743270.2741811
79 83 38803987.44446525
79 84 351166059.5288933
79 86 231154921.57161677
79 87 13461763.748034151
79 88 45625374.62841693
79 89 64492469.64550027
79 90 3525145.327579356
79 91 24147941.433245525
79 93 35155689.18994436
79 94 5781116000.7797985
79 95 6702077.0214046575
79 96 14340324.150231766
79 97 753556501.942226
79 98 13896345.070216373
79 101 4143206402.943262
79 102 196192966.91587514
79 103 813576.4324120105
79 104 2401508.5328701977
79 105 441152656.43582314
79 106 359988162.40087634
79 107 150832999.27883387
79 109 19972624.18219222
79 110 1306658.9558279999
79 112 19259218.450477146
79 113 97687616.15025337
79 114 1920099924.022608
79 115 2001810470.1621914
79 116 7666767.180329854
79 117 99024136.29086949
79 118 1583361390.6999693
79 119 1111772.6931173147
79 120 545215.1251663726
79 122 3285954.9318853063
79 123 286109.8378108217
79 125 618031775.4390945
79 126 88652902.79419953
79 127 1213295.2451527899
79 129 995856282.6721234
79 130 19003506.958833538
79 131 218002846.7271452
79 133 5637664006.660258
79 134 132524811.21362309
79 136 1271960.3767123308
79 137 3110868535.4432073
79 138 102628862.15519668
79 141 14790037.36178042
79 142 512194409.5573131
79 143 2511514.5652470067
79 145 73579779.20894668
79 146 121394252.77374494
79 147 2149102811.9271407
79 149 11140829.075287426
79 150 68456110.97013268
79 152 14059262564.301838
79 153 70898447.81192997
79 154 1695481833.1511805
79 157 770000787.7927781
79 160 7346810.7247762745
79 161 7556760.006577805
80 4 967721140.8043005
80 6 90264279.56045382
80 7 511954099.4519732
80 11 117560820.32049227
80 13 105933389.47273245
80 14 64560392.925797924
80 16 3510715.370562335
80 18 539506.4560572724
80 19 263632555.06498247
80 20 19088589.24538158
80 21 99423756.40247487
80 22 8562683.822385278
80 24 13776759.607469253
80 26 635730827.1334544
80 27 1950619.6599879707
80 31 303293841.5699638
80 32 56682684.11225099
80 35 22709023.569543403
80 37 117223532.27109186
80 38 5172359.866910099
80 40 12976533.377468424
80 43 21408528.98288192
80 44 54414329.60581792
80 45 15744507.938801462
80 46 45285904.056419544
80 49 234031311.37000462
80 50 774909.4374114061
80 51 115194859.51353285
80 52 508840.5356213648
80 53 152065.84614927619
80 54 476262649.15665704
80 56 329300798.7139279
80 57 1330919.5979872956
80 58 16689974.80990677
80 59 8453233.543535177
80 61 5189845.90581681
80 64 73729362.79576614
80 65 470373725.22851133
80 66 17779853.102296684
80 67 134339160.54665235
80 68 170358838.90926793
80 70 427303421.03503215
80 71 18816871.75230198
80 72 186474995.26932967
80 74 21395302.20786385
80 75 50292066.78367841
80 76 33364693.526911985
80 77 64936841.85176193
80 79 579502342.6777797
80 83 18612509.4169371
80 84 83414542.29325785
80 86 2044407.3723310137
80 87 11217622.531601412
80 89 123824124.41578054
80 91 5639992.534777649
80 93 9389457.326303795
80 94 37928576.63755387
80 97 201213485.50999847
80 98 839228.1271871391
80 101 40581267.83738452
80 102 287209461.3009617
80 103 34552081.13783312
80 104 6878060.0067500025
80 105 82847132.73386998
80 106 383640077.1804367
80 107 48192234.40170714
80 110 70776775.98874003
80 111 23765708.75952744
80 112 43065912.972047806
80 113 46025539.50892593
80 114 565101086.659406
80 115 62072443.30177551
80 116 32657987.596657712
80 117 46171931.611451395
80 118 121459332.5921255
80 119 8163979.8695192095
80 121 2453674.0804338525
80 125 306218474.4681622
80 126 6648888.331765647
80 129 86178656.70276171
80 130 29878752.62745822
80 131 91992737.04806148
80 133 321631966.20862865
80 134 916838.4219371594
80 135 79081860.814827
80 137 235962320.736711
80 138 814869655.2963096
80 141 17817041.20317786
80 142 310264824.30020577
80 143 4078620.3268073597
80 145 38805758.71820053
80 146 19555951.176008057
80 147 101657994.29571648
80 149 16970571.881692346
80 150 18678192.856528588
80 152 280831297.7781948
80 153 100005671.93693115
80 154 265630356.4335386
80 157 339776977.54420304
80 160 406729.36722201953
80 161 4364102.537101053
81 4 3686214.705994933
81 6 1299708.714552504
81 7 23965548.562026266
81 9 3296065.519353039
81 10 5310013.3602926
81 11 4982193.220934814
81 14 1288674.1180052685
81 19 928057.4468040481
81 21 8750390.476186104
81 25 6067395.415422459
81 26 1359251.0881816142
81 31 1028628.5111350319
81 35 303570.99544296745
81 37 1424360.8226316106
81 38 9119940.056139052
81 43 154482.5518490943
81 51 611237.0792967648
81 54 2286483.3763735937
81 56 779019.7597419097
81 58 4475875.377503499
81 64 8958862.919744225
81 65 642247.7413790525
81 66 16671849.53258293
81 70 2023903.0496645255
81 71 2558513.708880658
81 72 38804083.36170436
81 74 2299951.547068481
81 79 11183850.3294947
81 84 2087532.0908173795
81 89 3214173.7553827316
81 94 1171966.3295406809
81 97 11554850.790991772
81 101 1817208.1848665
81 102 235405.41545715442
81 112 11140538.323485076
81 113 1146206.4723091167
81 114 17007431.714402635
81 115 25075461.549667403
81 117 3934355.1368308845
81 118 10132520.695644801
81 119 749294.1750227449
81 125 1782572.8899186864
81 129 6368877.0194757
81 130 12989081.461086728
81 133 23242382.457915045
81 138 10967404.021349786
81 142 4406714.126159357
81 147 7056745.814592107
81 152 22356565.466330685
81 154 4634189.1768088555
81 157 3758048.0693589766
82 1 704194.7769951107
82 4 3957466.312105953
82 7 7007573.830751276
82 11 3026552.225528591
82 14 4940829.713548476
82 19 11041113.06783172
82 20 4123234.0330544254
82 22 2378530.895495038
82 25 7720861.2176254615
82 26 2842160.912341469
82 31 5069430.365486616
82 32 1432906.7855231008
82 37 1063725.073042666
82 38 6249509.884483631
82 40 6454055.424767404
82 46 356615.9149126583
82 49 1429520.1177971985
82 51 4037588.440018444
82 54 2925085.461738092
82 56 6058671.069640203
82 58 4935135.405288405
82 59 1996244.1875854414
82 61 568325.3946292939
82 65 2471009.5072734673
82 66 13638073.246177495
82 67 3087583.160546256
82 68 5552877.365470444
82 69 2278882.940445284
82 70 4271271.452012816
82 71 6042419.668486857
82 72 2354419.8501972393
82 74 9341463.248189868
82 75 1758537.6000051107
82 77 7749079.752313333
82 79 14898.583602577135
82 80 15627022.97531754
82 84 5396604.092307409
82 87 3084486.6044265735
82 89 451981.40447066864
82 91 2524676.7260150462
82 94 3942890.500163245
82 101 1562879.9058656194
82 102 8569208.985040136
82 105 7458196.808625691
82 106 2459795.4487126614
82 110 11692303.129375955
82 113 342607.7224869797
82 114 488218.48229988443
82 115 16277.657046405951
82 117 2116990.451524593
82 118 5672150.306862372
82 121 1574597.569520718
82 122 2355644.9757886077
82 125 531037.6517201428
82 129 5673042.4114562515
82 130 1474629.22861079
82 131 392006.19138419285
82 133 7675049.318726102
82 134 3125618.976280141
82 137 2666378.9816552466
82 138 856408.6805045491
82 141 1715036.114191527
82 142 2180442.6942854207
82 146 1282032.4654089191
82 147 1675539.2443858075
82 152 1024726.1109160738
82 153 15109895.046190223
82 154 3974880.377486805
82 161 1415257.674302609
83 1 11694857.00057502
83 6 25606074.10545402
83 7 3924095.735223927
83 10 42655170.69658344
83 14 108083167.61690132
83 15 1671384.251585645
83 16 3955381.694793116
83 19 3347195.9512090255
83 20 11620824.990543647
83 21 10020507.937187226
83 22 6064824.442348941
83 25 5695653.719195553
83 26 101069581.92796327
83 30 26725842.53767374
83 31 44701466.2946987
83 32 8213158.84841896
83 35 19870296.04190941
83 37 45874448.34011542
83 38 23959009.62386147
83 40 17248257.557284284
83 45 24513232.412379004
83 49 54794192.01108315
83 50 6675005.972688285
83 51 13197912.208735367
83 54 12995668.36471785
83 56 96349998.38752879
83 64 47061687.50943695
83 65 86633048.13601178
83 66 11665660.06261483
83 67 119881551.37056446
83 68 24502042.645565577
83 70 179705724.38646457
83 72 27487360.88238464
83 74 43155379.26422922
83 77 43869702.05005431
83 79 65362661.823512465
83 84 28073067.62910969
83 89 14275449.15378055
83 91 34608301.104553916
83 98 695817.9085732906
83 101 71756152.29894485
83 103 29092668.30865202
83 105 30155216.594146058
83 106 193139580.75506383
83 107 63340367.457620345
83 109 12051761.412225788
83 112 23228266.940839548
83 114 29947888.195724636
83 115 94020192.9642781
83 116 83890820.67009854
83 117 41127724.1481819
83 118 106857586.77936706
83 119 207550.91896162272
83 121 3874902.621095417
83 122 1222284.7013777473
83 125 47877198.897838816
83 129 169030612.3205414
83 130 76265800.60412423
83 131 13904952.828573747
83 133 46555298.59771916
83 134 32092810.502924163
83 136 716085.6679890184
83 137 25670549.582357954
83 138 245371226.86839437
83 141 9706232.147453494
83 142 10784588.35076541
83 146 26117886.735563282
83 147 24598489.21881859
83 150 17172333.005369566
83 152 53429791.390992925
83 154 40701000.87351028
83 157 8000466.794146146
83 160 26379568.635371845
84 1 9406787.606475666
84 4 18851952.53462253
84 6 10585755.00882796
84 8 3550232.666718664
84 10 5714911.119181129
84 11 12589689.293085886
84 12 26341926.712107617
84 13 5083184.580976394
84 14 2496494.302979364
84 15 576840.5439791259
84 16 263851.75275017746
84 20 3472499.297918625
84 21 3906331.901948329
84 22 3845557.1350324275
84 24 581719.0063484932
84 25 3962891.4022644744
84 26 19460225.53873826
84 30 7902121.355073563
84 31 558451.8430888902
84 32 9923527.372041957
84 35 4869728.027205098
84 37 1923604.0284722573
84 38 1747918.1628318634
84 42 422807.2842448322
84 43 10152188.972680436
84 44 10026936.247396382
84 45 9945715.15559795
84 49 4438174.586097735
84 50 356595.71001328493
84 51 303185.9858107071
84 52 9614667.037670054
84 54 3645566.1947821295
84 56 5640281.641771669
84 57 1129035.1134984794
84 58 5166639.846297389
84 59 2362088.661528939
84 61 6466213.091945521
84 63 3546910.715542664
84 64 1870050.7559711665
84 65 3884869.787560434
84 66 2360008.9420373016
84 67 15493203.195448875
84 68 35221357.11326791
84 69 2090222.031691242
84 70 3616158.3707559234
84 71 22568944.60631043
84 72 3677520.2385127894
84 73 1826694.8355689812
84 74 5624140.9608434625
84 75 1737762.6454559376
84 76 11092708.384400498
84 77 5298444.972736223
84 79 5723321.308488165
84 80 743227.132999971
84 83 7467812.403671873
84 86 16747088.459926486
84 87 812900.1561913935
84 88 700575.2549287981
84 89 559843.2771823835
84 91 2969822.2872014204
84 93 6455768.128805508
84 94 12680422.270506382
84 95 9062926.098082375
84 97 3931639.807984598
84 98 6257988.343224374
84 101 11231132.689743822
84 102 3585950.22339646
84 103 19403295.771065813
84 104 8316767.194699787
84 105 816058.1682362315
84 106 624650.4023976028
84 109 7630667.25582018
84 110 4702155.403286698
84 112 29634988.105091784
84 113 2969807.509201566
84 114 7740620.554498092
84 115 8152254.775428446
84 116 780251.74343319
84 117 1403726.6717176582
84 118 12262214.185813878
84 119 3308048.4034919487
84 121 2257118.974463434
84 125 16295686.173725178
84 126 2281562.900195104
84 129 17061867.09447736
84 130 4253734.076202161
84 131 7396659.862660657
84 133 10353755.924309129
84 134 32147073.460773695
84 135 504799.03037385904
84 136 5596880.702215646
84 137 803557.7437519815
84 138 8402435.702909373
84 141 15218716.909296539
84 142 11321265.083881173
84 143 96301.36529649394
84 145 4320883.650139819
84 146 34477379.36221958
84 147 1660208.337364002
84 149 2474232.271599558
84 150 7818669.011229773
84 152 11837376.613217298
84 153 820975.6115657585
84 154 7981981.571312759
84 157 3145130.304512889
84 160 3008488.020952023
84 161 3247452.517809391
85 7 180106869.2575379
85 8 30653665.293394636
85 10 69828100.37615821
85 11 85625152.89630911
85 14 580844365.274007
85 19 586508050.1067364
85 20 9690638.421582622
85 21 162257003.85149518
85 26 63302709.45176255
85 30 138440068.8931255
85 31 138649773.8042744
85 32 11063219.045407178
85 35 76731861.73924467
85 37 23745797.203714903
85 38 10596120.465871839
85 40 93388620.44723426
85 42 601246.0489437623
85 44 21469963.201472327
85 45 5560291.564932542
85 49 75979207.6387232
85 50 8261954.068300429
85 51 127817769.73818667
85 54 493661847.87374663
85 56 111994054.908769
85 59 4368723.25861234
85 64 234049425.13210326
85 65 57715032.47756413
85 67 856758639.7823898
85 68 657207792.4735409
85 70 195376911.40433627
85 71 4250209.384200347
85 72 114370646.54007475
85 74 85116720.93638085
85 75 5287461.4875034895
85 77 69872773.2282224
85 79 46053560.0198618
85 84 19467799.143257476
85 87 25741497.978654474
85 89 86134753.11095142
85 90 10588419.289910818
85 91 9058856.58436095
85 97 19745760.82460321
85 101 159232255.04588494
85 102 96587925.2737428
85 105 114498432.02811234
85 106 316531634.2139371
85 111 1325934.717258133
85 112 104376702.87846099
85 113 203577527.4435979
85 115 67422928.9005501
85 116 23333745.367978368
85 117 1725442.082932489
85 118 127352281.96067892
85 131 194753924.7468024
85 133 108673338.6599573
85 135 12319115.661317617
85 137 58370422.45088014
85 138 130687082.97087719
85 142 105098878.15339477
85 146 6452260.999653583
85 147 26203070.52657295
85 150 249703394.08016372
85 152 140469392.66473892
85 154 38303957.97811038
85 157 5504262.688030069
86 0 8299017.396512256
86 6 81002913.12529893
86 7 203039033.26103443
86 10 3525315.8883357164
86 12 29901503.151415028
86 13 73339763.77615663
86 14 109073079.38947244
86 16 1052702.8675852993
86 18 9373373.778678458
86 19 13987943.665966198
86 21 97694458.38051322
86 22 2404445.339578193
86 24 73846742.0296175
86 26 47352499.76191794
86 30 93962632.39808632
86 31 333876819.94367
86 32 231758273.33616155
86 35 74584031.0316251
86 37 66535408.04298982
86 40 1630052.5929956296
86 42 1562221.177568736
86 45 43573530.15473157
86 46 166857044.59470174
86 50 8337062.502442846
86 51 166497617.0515008
86 53 267650.9221126897
86 54 41046280.850349195
86 56 119693908.62141949
86 57 3984201.6456890986
86 63 38479866.51521315
86 64 22418221.945459172
86 65 41329560.40245702
86 66 33497908.971251335
86 67 65873228.84145642
86 68 99396465.92643918
86 70 84511634.24200721
86 71 74602389.40758865
86 72 119581630.26770334
86 73 25335220.926595256
86 74 80307243.22158584
86 75 157006457.96348724
86 76 13905766.970244175
86 79 30292840.4406299
86 80 8188909.943989618
86 83 6460859.7534829
86 84 308200371.95099705
86 87 15548648.511920897
86 89 23803446.74511296
86 93 7983200.112731161
86 94 5478772.075488898
86 95 3900721.292553698
86 97 4933228.116507141
86 101 222532748.07053283
86 102 10188061.755588632
86 103 11340265.349167544
86 104 2751893.288425278
86 105 64834523.72185729
86 106 27104341.917816874
86 107 10720306.383209618
86 110 3777888.4241419714
86 111 9318195.6396828
86 112 101791020.47554219
86 113 67786226.88987
86 114 73697523.7882549
86 115 26991577.581117775
86 117 12026305.295244034
86 118 40137331.3230994
86 119 3187240.5243027825
86 121 2650900.856269445
86 122 2237060.693905107
86 125 110862662.02445386
86 126 21570292.719619926
86 129 94353117.0526155
86 130 13401610.441687066
86 131 8812290.358794829
86 133 101397292.0970799
86 135 1140216.8738041634
86 137 58718695.48096748
86 138 102834725.87625805
86 141 6871144.927767709
86 142 38455587.8386226
86 146 30827617.285178725
86 147 247181044.98353153
86 149 22561551.990362998
86 150 62106572.403001435
86 152 147477147.1446489
86 154 229381167.8213741
86 157 92962227.70589824
86 160 11111237.91963878
87 1 3442238.15289861
87 4 33107613.635483477
87 6 5096816.96843186
87 7 5568693.295289715
87 10 20093152.921630807
87 11 11800052.66507215
87 12 9533731.304030761
87 13 14835741.089810077
87 14 7209458.624518889
87 16 288891.27504723205
87 18 4304732.752458617
87 19 2341562.1982881497
87 21 24704082.400699798
87 23 1217480.5479777332
87 26 10200689.522973172
87 30 32360610.571395807
87 31 20056931.408560432
87 32 5112798.666841219
87 35 11254401.475235967
87 37 20221777.24080452
87 40 14974612.84892853
87 43 8823843.034188492
87 44 41376999.48684164
87 45 21086659.346929763
87 46 15188162.442269545
87 49 2688312.170174948
87 50 4263822.892716209
87 51 7438599.001136829
87 52 6400816.3014795035
87 53 443169.79927343474
87 54 14734021.071898228
87 56 2965387.9055372053
87 57 9067935.459772475
87 59 1484359.9936578681
87 61 8806388.568736292
87 63 473068.5673610041
87 64 2611162.674724801
87 65 29591677.559465595
87 66 7132318.945435714
87 67 22704378.083196733
87 68 15768134.119237982
87 70 1319021.31287396
87 71 1186858.3506228796
87 72 47249705.826698326
87 73 14709514.538405087
87 74 11270290.08131007
87 75 5592052.216435935
87 79 462734.82172808575
87 80 10167429.148308316
87 83 19803796.13178976
87 84 19497316.230860278
87 86 2435407.986329514
87 88 9193374.585185247
87 89 6413052.101025966
87 91 32623555.199415084
87 93 29246.211771547572
87 94 15861492.057248536
87 95 9806536.42731166
87 97 53520501.13448674
87 101 53701568.65899396
87 105 11736073.82691049
87 107 25368780.685135182
87 111 6564280.6375192255
87 112 3800910.1834485037
87 113 2383330.1049021366
87 115 1315603.9669632874
87 116 8152112.64595541
87 117 8168044.881747858
87 118 16696865.679453101
87 119 2553838.047213906
87 120 2178927.8627884686
87 125 19150403.974856608
87 126 11495194.001308044
87 129 26020260.143250052
87 131 6357443.068088723
87 133 17359996.035174012
87 134 4915351.369286726
87 137 67747658.34147692
87 138 2568614.090598172
87 141 10272664.721169062
87 142 22377924.653984994
87 143 1539437.081752113
87 145 63707.08094605649
87 146 8501594.437960122
87 147 29982608.43641391
87 149 14552656.059140159
87 150 679099.3765709096
87 152 17109790.1902899
87 153 8961512.317021439
87 154 451598.2880584893
87 157 14249372.837142624
87 161 2119269.6475329073
88 1 6517147.060940462
88 6 2415164.1746939938
88 7 9728683.173043564
88 10 9974875.381078862
88 11 10877373.042626234
88 12 120529.31434835897
88 13 11316809.051074026
88 14 220470.94965715622
88 15 318365.12892992585
88 19 4278365.991988693
88 21 7600892.668465664
88 25 1741407.7074165822
88 26 17125823.713981748
88 31 2618658.910490343
88 32 7660507.529242443
88 35 334286.463108812
88 37 10520973.556143593
88 38 3724868.7692816933
88 40 5175050.2726789685
88 45 8582388.834732002
88 49 11428525.653806863
88 51 10278181.180431573
88 52 8083538.156552719
88 53 1422577.0692250396
88 54 4402895.306052898
88 56 2310365.7203811463
88 58 1732180.573757141
88 63 12255408.146772098
88 64 15714266.035726257
88 65 264431.3937381888
88 66 5701717.009989227
88 67 48235.25565577004
88 68 7426652.779808806
88 70 3087277.227577549
88 71 3909940.3738765544
88 72 20388640.429185253
88 73 6107711.465651498
88 74 10618442.454246502
88 75 3985637.070942462
88 79 724334.381183902
88 84 3999857.4840117474
88 86 7927980.456213868
88 89 2806955.6962240734
88 94 6383401.724983269
88 97 4010554.2472222988
88 98 448782.92579077376
88 101 860187.2330062476
88 102 13391188.70807354
88 105 5559284.124307072
88 106 18212347.411286514
88 107 837449.5485402971
88 110 3189088.604113721
88 112 9401358.702374382
88 113 1844703.9821646493
88 114 2171777.272583934
88 115 26995592.244269967
88 116 562714.8013289244
88 117 935062.6090736287
88 118 9478299.743463062
88 119 2133695.2143781604
88 121 1289825.5819769055
88 123 2042570.7337606403
88 125 2151117.0340677314
88 129 13674554.060837729
88 130 3268835.7233016947
88 131 3116497.199587237
88 133 14148863.462390184
88 134 10490554.479079641
88 135 2108988.259134518
88 138 4144800.5106824203
88 141 2537837.261016596
88 142 1485597.0942258153
88 145 2305999.318334767
88 146 4337597.06680703
88 147 943371.6577931491
88 149 886093.786372886
88 150 6047726.396419056
88 152 10895001.736049375
88 153 6479945.793097799
88 154 309278.7181548336
88 157 6156569.669378559
88 160 2144260.7552041914
88 161 3112819.440991892
89 0 21231540.347207986
89 1 88099630.77815706
89 4 115532183.606472
89 6 531050127.3592186
89 7 1541633983.1619892
89 8 25312043.71673018
89 9 24420018.051013958
89 10 78808354.16947822
89 11 13074901.48426611
89 12 680692.2961951309
89 13 35124536.74924019
89 14 265460563.1465976
89 15 15453071.067767445
89 16 6242229.98703686
89 18 55735198.74499146
89 19 1342768195.4464233
89 20 54059048.20571723
89 21 70109627.8927745
89 22 5128887.916195943
89 23 5394729.113713216
89 24 38790611.691532016
89 25 5087010.61482643
89 26 1086873816.4710217
89 27 2927433.432354381
89 28 220117.92800380412
89 30 29460723.162899334
89 31 2175002133.510661
89 32 46914277.57841239
89 35 7513414.017511021
89 37 48472953.321024045
89 38 37009716.383365594
89 40 227307688.68583214
89 42 8999.9711672818
89 43 69643740.36792445
89 44 31629660.94723159
89 45 485774721.4574488
89 46 157256727.93302044
89 49 2011160.0629673789
89 50 7769343.662474609
89 51 3199069913.248612
89 52 2029038.2917725048
89 53 3078472.7825679267
89 54 146613200.85883072
89 56 68588851.55096644
89 57 544843.9894653271
89 58 40488211.233455084
89 59 508008.32458703715
89 61 12056221.16085617
89 63 4296316.399110326
89 64 1652342259.646641
89 65 457912542.3947499
89 66 611088.3072785196
89 67 920910682.3986553
89 68 749672729.4224234
89 69 994435232.4664263
89 70 534806435.0768814
89 71 285989286.67461914
89 72 3030096573.271854
89 73 133974152.15607215
89 74 589102873.4779638
89 75 1115972.1416088745
89 76 44763821.81283118
89 77 40624245.69372058
89 79 5004543205.694718
89 80 214074327.76391542
89 83 119862050.91765352
89 84 989562.8910524833
89 86 77979499.41299008
89 87 6217711.36505647
89 88 5302278.624286595
89 90 16257346.898359407
89 91 3811195.8062139195
89 93 11689773.653256968
89 94 361440973.72965443
89 95 2292601.568787248
89 96 21850097.35708485
89 97 154575483.69832155
89 98 1075930.5703225075
89 101 105184246.81926551
89 102 104861795.68029773
89 103 3681734.3822740205
89 104 4975163.510631818
89 105 102951801.311337
89 106 210865440.84532732
89 107 203108467.13159928
89 109 8652066.13458105
89 110 73774969.17673722
89 111 9786999.598609207
89 112 185529712.32489
89 113 2411606168.3611164
89 114 1603732163.1143563
89 115 694797720.087963
89 116 26743813.859271035
89 117 181628800.579323
89 118 382979896.131278
89 119 641964.712366457
89 120 1664583.331123847
89 121 4806341.482418931
89 122 155321.18812881992
89 123 5139748.380564869
89 125 328968801.8540806
89 126 42041865.4875882
89 127 4210812.655145249
89 129 895757742.5752105
89 130 144254634.0311552
89 131 58839584.87020661
89 133 4786781863.092889
89 134 74196418.88855034
89 135 5890935.10960741
89 136 1756228.1463061194
89 137 82822257.18084042
89 138 534837496.16491556
89 141 7773106.31665423
89 142 1357691872.1114495
89 143 87221.82274364785
89 145 178150517.67999506
89 146 27021100.84250898
89 147 288253224.71338576
89 149 2320712.9743768023
89 150 473270037.24214196
89 152 5475459386.627373
89 153 21675800.70910779
89 154 1701457815.611364
89 157 356816509.6917293
89 160 25302622.538710035
89 161 6232309.915840415
90 7 891504.5860595539
90 11 1882981.2270978768
90 12 1770997.294068527
90 13 230817.4287199637
90 14 5044376.321304068
90 16 452495.58142509795
90 18 177963.2393239025
90 21 1420900.5780058627
90 24 1974586.9115475805
90 25 299859.1417176635
90 26 1498259.5843373137
90 31 954956.4085351764
90 32 1298645.8781335675
90 37 1479883.6276575925
90 40 1599512.894429908
90 43 1190252.9494291071
90 45 1384184.760570417
90 51 1861818.9155679452
90 54 6757872.39610666
90 56 8437319.60015956
90 58 917149.3319995306
90 59 1353454.705334464
90 61 5287664.064401202
90 63 818829.6501018181
90 64 2428514.541326168
90 67 2649298.5627472578
90 68 2016460.7436096263
90 70 2438712.6522868974
90 71 7019892.801525856
90 72 2713707.1709130667
90 73 2429150.5815325575
90 74 2312348.7589812684
90 75 165435.93191789585
90 76 632512.216973241
90 79 333571.8847306429
90 89 4213403.029786298
90 93 1810072.8092101242
90 94 1250737.654848119
90 95 14981406.660201654
90 97 2596701.5536242956
90 101 1629957.6292022362
90 102 4505599.480499116
90 106 1541585.9717153367
90 113 2906818.458931214
90 114 1670347.4630786222
90 115 111895.86665629152
90 116 1198007.6201356084
90 117 808439.6496437814
90 118 3542255.1672854843
90 119 2254005.876879818
90 125 3123325.709219057
90 126 2075912.6461015118
90 129 9749835.608895328
90 130 11120491.868845787
90 131 3314250.763626434
90 133 2542093.566342998
90 135 2896690.5080418475
90 137 3973204.349465405
90 138 2942311.944449116
90 141 1190871.5806695889
90 142 4189929.962834273
90 143 939721.8832004657
90 146 4872042.096545167
90 147 2705436.8555550757
90 150 4362704.785820485
90 152 2099730.5862290803
90 153 2452320.7926068334
90 154 4512966.857312694
90 157 8557446.634712854
91 1 286384.0162098078
91 4 10777457.25144334
91 6 1903292.9318075613
91 7 1823891.1891941705
91 11 2913351.178142903
91 14 2908757.6300329566
91 19 1460352.3930968768
91 21 4077355.160681572
91 22 567368.5075829391
91 26 1741513.4485250115
91 31 11874890.862024508
91 32 980446.9743303091
91 35 10075254.770031841
91 37 1259837.111304232
91 40 12838687.544150835
91 43 12210818.662341716
91 44 14680190.539395904
91 45 973148.194725509
91 50 2906419.152185971
91 51 3057690.6252878616
91 54 528264.3567388263
91 59 3591559.030705667
91 64 1337706.9100910672
91 65 5897584.131315535
91 66 4442983.80370149
91 67 3068295.440743414
91 68 2419304.6066035205
91 69 1050644.620397476
91 71 2156519.731535425
91 72 1982101.930207422
91 73 479.6234882658885
91 74 36861.769966395834
91 75 12206385.061886024
91 76 8269428.1490544155
91 77 2647967.6189355464
91 79 2702668.9729389874
91 80 6352650.766160672
91 84 17271841.39165123
91 87 4110580.2520210203
91 89 16424688.901168935
91 97 3075933.480591892
91 101 6068956.21718526
91 105 2549483.3615772235
91 106 14761370.805374503
91 113 9065612.273070514
91 114 1488204.9130337518
91 115 340251.01820505946
91 116 2845231.8538920227
91 117 6829506.80197901
91 118 380327.27776379103
91 120 112055.7667694181
91 125 6119872.199254384
91 126 727072.8554882951
91 129 1034808.2210701259
91 130 3796237.424767411
91 131 1315393.0072003403
91 133 2246944.9703098466
91 137 2016078.9212384745
91 138 3349930.4764544223
91 141 4958726.231055318
91 142 4644453.274891573
91 143 698160.6157638433
91 145 1504489.0355446942
91 147 982239.7504627835
91 150 1824859.0072767674
91 152 2013808.5176020272
91 154 6974944.465042211
91 160 4631306.432626485
92 1 20782870.348881472
92 4 11564001.934478356
92 6 2768482.6122017065
92 7 11690307.249034235
92 8 1180512.2028211392
92 10 6252301.882610428
92 12 13115532.61475768
92 14 3097111.7439981154
92 21 3832098.479605178
92 25 53367.79782226568
92 26 3298872.9635166763
92 30 4116649.4641466564
92 31 4330251.392807823
92 35 6872275.620852722
92 38 10865136.808344545
92 40 234364.44544178183
92 44 5232412.840311427
92 45 4327479.319962322
92 49 751920.7314610485
92 51 31350926.054472957
92 52 1120695.3679415402
92 54 176422.84328969516
92 56 123333.71978033485
92 58 5081741.306661312
92 59 3402804.9345108857
92 61 10138688.96601941
92 64 6268793.295378121
92 65 5436387.607732275
92 67 7237215.265043449
92 68 10421967.651049318
92 70 1579052.9029098854
92 72 12699058.536881624
92 74 3903028.3544526347
92 76 1550988.0128297962
92 77 8047459.698213739
92 79 33402895.599871814
92 83 8449577.372148445
92 84 4059259.0481906096
92 87 7306326.377967752
92 88 4697013.086101443
92 89 461808.83837087837
92 93 1387483.5863509974
92 94 8401851.048053246
92 96 1086221.382856686
92 97 1440320.606075115
92 101 15667875.091816157
92 102 4877187.428432775
92 105 8024759.116208602
92 106 4957030.923201246
92 107 61582.146730143766
92 112 17697573.840543147
92 113 8815748.069468057
92 114 6377892.927256935
92 117 6122043.113139762
92 118 1815216.9537622451
92 125 22077066.041150235
92 129 5541504.018814236
92 131 203967.9397683698
92 133 3207458.929181015
92 137 7538016.741325657
92 138 1507306.4245832395
92 142 10704850.96848704
92 146 1376676.3197301235
92 147 3547080.554930311
92 149 461500.7843630529
92 150 5533606.518352093
92 152 2920843.3136065877
92 153 368108.2298921669
92 154 15818123.003640471
92 157 5269993.835355735
92 160 1998329.2305738905
93 1 5517011.527075683
93 4 62793468.69100457
93 6 1491897.439061182
93 7 4646495.327946715
93 10 33782715.74868752
93 11 21886174.062858798
93 13 16860722.317359783
93 14 5354978.930486788
93 15 4565211.112951482
93 16 2658984.612480152
93 18 14815096.173806235
93 19 32901403.18856549
93 21 5597560.599648547
93 22 4230153.89779849
93 23 2270503.3281027544
93 24 4911475.205538782
93 26 13160011.429268932
93 30 11133499.541954374
93 31 24964.69217461401
93 32 23776020.35241445
93 37 5888462.177205216
93 38 19223186.046330355
93 40 4563128.109128696
93 42 857054.0509184807
93 43 15656280.44266859
93 44 25711168.839588396
93 45 20755537.06795285
93 49 5560159.016779608
93 50 2784337.5876407456
93 51 10089902.231146038
93 54 6249931.532915601
93 56 10806727.517512755
93 57 5758751.67827225
93 61 16771217.260239627
93 63 7117267.329636948
93 64 17689432.858462773
93 65 2803703.0048899977
93 66 10635049.313568246
93 67 38477615.89354255
93 68 43456227.03418068
93 69 4571869.840183533
93 70 53932810.177236915
93 72 19989606.037613098
93 73 66019188.68720503
93 74 37942684.0024944
93 75 23323290.644305985
93 76 34294737.248059765
93 77 58901209.85779934
93 79 14350863.872108929
93 83 6521400.634749421
93 84 33702264.28502531
93 86 1161947.1618019554
93 87 17324405.690283008
93 88 5854703.860890391
93 89 12000975.618792752
93 91 176364.78489904047
93 94 42987229.36272378
93 96 7825631.335198697
93 97 3011799.9854347776
93 98 10145659.79363491
93 101 3850458.4982743477
93 102 14129503.28179254
93 103 6810222.907255204
93 104 459467.68561668147
93 105 42432066.791179396
93 106 8278482.536755455
93 107 3777283.265545979
93 109 8170620.935843171
93 112 11446953.308957672
93 113 2589556.8299623984
93 114 20914767.808706135
93 115 13087646.485157043
93 116 1094043.4749038436
93 117 5689285.895692544
93 118 22727158.81824984
93 119 1413208.0858181152
93 121 4146465.8516774257
93 122 2904857.321805197
93 125 18666523.326494146
93 127 13564147.420232067
93 130 3294018.793948344
93 131 37821419.62369477
93 133 57111890.36303928
93 135 32325151.12038272
93 137 6476705.441631005
93 138 20707777.031103726
93 141 7153030.657519689
93 142 40866094.23632414
93 143 2049517.2778578023
93 145 56245515.894923165
93 146 19399013.316624343
93 147 17513783.49500829
93 149 5981613.350638861
93 150 24856805.8187705
93 152 10133797.332082883
93 154 30029473.791197944
93 157 208382.7326306753
93 161 11261708.755184907
94 1 921262285.3532205
94 4 102900961.03203052
94 6 1285374794.2608328
94 7 1747303686.8540986
94 8 19370859.96632617
94 10 29403566.155299623
94 11 75036515.98404513
94 12 10691050.145142293
94 14 47257081.073619984
94 16 2730700.7113188263
94 18 4384671.254087804
94 19 144579904.35630828
94 20 34298177.41742569
94 21 44999379.07516906
94 22 2348433.193250057
94 23 2789714.58386514
94 24 5375942.206463574
94 25 40501685.90053319
94 26 1025424821.2461001
94 27 3552880.671232665
94 28 3656115.2055386393
94 30 255830338.5528126
94 31 1127817946.3217094
94 32 21577187.433142517
94 35 11622561.379843116
94 37 264811996.21932462
94 38 52108250.95769318
94 40 110179583.2228622
94 42 3004635.8680193243
94 43 27088544.86252831
94 44 116996137.43540931
94 45 4685360.21126465
94 46 99196026.13983053
94 49 315500383.39765996
94 50 19382452.082133695
94 51 4687202277.893097
94 52 13336600.399475686
94 53 660172.9982225074
94 54 2647388662.6007423
94 56 660973909.3525552
94 58 135564384.43999314
94 59 17219555.082882155
94 61 4108482.061660711
94 63 6150015.586958308
94 64 3220454018.5597606
94 65 845120592.9934596
94 66 22078623.176933963
94 67 624532229.2224653
94 68 2396546616.227166
94 69 450362010.4256733
94 70 3710032459.955161
94 71 7228226.877776823
94 72 1287549325.3873382
94 73 14208772.42183494
94 74 2385638346.1512537
94 75 21702181.237076424
94 76 111466956.47358103
94 77 134332165.4515845
94 79 256838056.77334595
94 80 178177640.5720868
94 83 12657543.60810135
94 84 95105385.92894737
94 86 55017765.417144135
94 87 2353075.9544550516
94 88 3120641.7935456997
94 89 972649906.4584283
94 91 25844141.1391904
94 93 2017492.7522133442
94 95 5278981.550690212
94 97 60051832.6084832
94 98 835031.3332693343
94 101 4065395353.024555
94 103 17381207.887940805
94 104 3666053.3508118824
94 105 70165618.45470473
94 106 22537044.427797254
94 107 30859432.53554119
94 109 75273103.57892054
94 110 4355768.12039728
94 111 85129419.79183094
94 112 130565570.01628216
94 113 266330029.2885956
94 114 516642519.0873732
94 115 1381405843.6173048
94 116 12122354.830819797
94 117 470993139.271383
94 118 184751023.98253712
94 119 369536.6619382108
94 120 3740105.432692756
94 121 1999403.4445007434
94 125 911988068.149827
94 126 32415179.190217003
94 129 2378674320.0100727
94 130 111017668.15510623
94 131 178275060.67950684
94 133 4306551717.020683
94 134 19875529.1019594
94 135 14744848.123388667
94 136 7445005.962972365
94 137 1774636955.1944633
94 138 2917908654.7875943
94 141 24402317.767562713
94 142 158055004.92097917
94 143 2778236.111124209
94 145 47916522.44431241
94 146 61385470.533256054
94 147 1556844882.809485
94 150 113032898.76901132
94 152 643624270.7178024
94 153 154057.7466089913
94 154 381542537.29388374
94 157 142208735.17439434
94 160 4746382.977646679
94 161 5804263.696637046
95 1 578818.4308253945
95 6 14424025.543340646
95 7 4980676.021730916
95 8 9634259.530219482
95 11 18365078.57272137
95 14 3849110.366262032
95 18 843862.7104593997
95 25 24090028.85030144
95 26 312011.40429859055
95 30 153124.66255535005
95 31 6876390.479048822
95 32 1037921.8815510009
95 37 34381017.15653581
95 40 136828709.11939707
95 43 35787646.283931926
95 49 10551041.248768738
95 51 16037377.68354809
95 53 400184.82586315164
95 54 47314470.68273593
95 56 8584517.791801127
95 57 2704154.6356402496
95 58 1843047.4289419893
95 59 2227999.1293546003
95 64 1298312.6222642532
95 65 4519014.337529435
95 66 29838156.413852137
95 68 3243478.7444476974
95 70 1081643.0197436274
95 71 6697451.484087826
95 72 13981133.851466594
95 73 23026616.482821025
95 74 27462321.744648006
95 77 156782.66055410553
95 79 17109106.005185988
95 83 3551383.401413876
95 84 28313896.1829858
95 86 36613359.853705086
95 88 5841230.274253063
95 89 9229330.185489649
95 94 43056757.4936738
95 101 12082741.62507552
95 102 10260765.143416671
95 105 67306252.95238313
95 106 537393.0207035119
95 107 329687.8841040337
95 110 19835456.77870571
95 114 42558267.03920019
95 115 4107272.736093396
95 116 4407939.94530781
95 117 18517480.857621204
95 118 27935170.385432336
95 121 2249276.661879612
95 122 2317243.037050185
95 129 59817846.49117151
95 130 19396501.332529318
95 133 66254897.89661034
95 135 8308444.095397148
95 136 132840.54413143345
95 138 4830467.175685496
95 141 34664240.74886853
95 142 19708268.730585366
95 143 1373833.0323342963
95 145 6159921.683478674
95 146 17885304.27627033
95 147 8123653.033038589
95 152 3735556.697267538
95 154 36489195.98434944
95 157 9186875.145604827
95 160 15110108.46812104
96 4 566650.7436969653
96 7 10426648.89549587
96 13 9223978.615421139
96 14 6819184.783048155
96 19 45181.64950033277
96 26 17309923.583828293
96 31 8200183.711543185
96 32 9727550.915374728
96 37 1157238.146154348
96 38 8950181.110888911
96 40 3451403.5218920284
96 43 22582728.80283081
96 44 7387617.773506591
96 46 6509325.814490513
96 51 2269706.0753588676
96 53 1157995.1143064403
96 54 20123403.511854067
96 63 31590192.094267916
96 65 138685.6495687034
96 67 30895096.951494407
96 68 146033.31630430036
96 70 1242734.4773882388
96 72 7794665.658453713
96 73 2656286.2774136206
96 74 2493676.3787035462
96 79 31428668.99131574
96 84 18812170.560508225
96 88 12947844.194511399
96 89 8365808.932932041
96 93 8324939.990700999
96 94 1248544.2429568197
96 95 1472791.557156117
96 97 5175934.097846207
96 101 10012498.439499134
96 102 6437394.286578954
96 103 1999623.9059922567
96 105 4115921.1259653238
96 113 19308459.907649595
96 115 13264358.358749878
96 119 1560347.977586217
96 125 733168.5525280301
96 126 6652468.215074046
96 129 24507239.302178405
96 131 3263669.232423959
96 133 31637101.244118452
96 137 15603844.8758828
96 138 6323234.406535479
96 141 11689059.662614804
96 142 4995863.225705942
96 146 2670061.4983235537
96 150 2451541.405638245
96 152 62035782.94901967
96 154 4584826.212695432
97 1 8414618.53976755
97 4 9717332.426897118
97 6 216337748.71435717
97 7 109160546.5004656
97 8 735593.0168250783
97 10 36532946.841587245
97 11 57602365.92880908
97 12 2215818.126816421
97 13 130795237.79093678
97 14 131214011.12247486
97 15 626016.310456501
97 16 15281024.600067979
97 18 13195822.58049308
97 19 15077523.176739601
97 20 21036516.68883403
97 21 55171287.22914497
97 22 10081227.553044097
97 23 1331248.4285569615
97 25 2790959.9975901693
97 26 63572283.97112953
97 30 135305313.7763069
97 31 31758679.54449357
97 32 108868907.38729617
97 35 97728791.40735413
97 37 142577779.72267693
97 38 29649695.2820427
97 40 225046668.12230036
97 42 40985.65189133826
97 43 21070260.732328102
97 45 68532231.81212348
97 46 49608645.103283584
97 49 86262942.02815019
97 50 60795313.30718344
97 51 17991627.20896221
97 52 29106472.927152883
97 54 249610280.37882677
97 56 396254806.8810989
97 57 9393685.115148326
97 59 1586494.2377889229
97 61 3177772.362417372
97 63 18703530.846925482
97 64 73501476.2204331
97 65 211825513.85706702
97 66 7403826.335508777
97 67 70980971.16232467
97 68 69469403.8253718
97 69 27199535.099017292
97 70 94982622.51581669
97 71 171857878.4007547
97 72 273242083.10382134
97 73 10765887.863067344
97 74 41757705.3916245
97 75 97494674.12922235
97 76 1654791.5200215487
97 77 189781769.14296317
97 79 223742978.2633437
97 80 11613848.707500273
97 83 6854501.251796536
97 84 54089889.68012705
97 86 35851076.33747256
97 87 26256908.02666319
97 88 6636649.243797305
97 89 19074186.373662513
97 90 6529603.7380550215
97 91 1989966.2544305492
97 94 9935604.44552618
97 95 7281452.91810996
97 98 3428427.3941246755
97 101 6566414.406479652
97 102 389559244.29839003
97 103 10758623.554518707
97 105 73278562.29473071
97 106 60703022.74288416
97 107 102261312.23971862
97 109 4148268.3692250475
97 110 12075537.642857844
97 111 19377842.48947166
97 114 137032444.6444661
97 115 121960181.52731481
97 117 188390283.4073713
97 118 116756958.7901389
97 119 658094.2341599549
97 121 8661102.541681454
97 122 872564.7959960846
97 123 227641.14644622843
97 125 29389600.920563836
97 126 3454602.2553867423
97 129 29821824.863697354
97 130 29335967.91194622
97 131 24357794.863355886
97 133 38788483.4646947
97 135 6048719.2702222
97 136 688134.2408512051
97 137 68561351.60261025
97 138 264746242.23419872
97 141 27665515.948829267
97 142 9291652.251993459
97 143 3492628.0217322963
97 145 1339730.4096934039
97 146 136329354.92703372
97 147 68905652.91264927
97 149 7591132.919917071
97 150 264072484.69671682
97 152 242950132.07129475
97 153 36193365.38016536
97 154 61094673.07387067
97 157 2190181.530809178
97 160 5077070.347608014
98 6 2820585.7406153237
98 7 43218999.315886475
98 11 6010212.208225337
98 14 6116593.3600128135
98 16 8646998.938011898
98 18 1671131.248708277
98 19 15681950.065881403
98 20 4046121.3544435063
98 21 2414958.059174357
98 24 10442168.944022674
98 26 3511813.900815761
98 31 13583370.917325296
98 32 61039131.60190084
98 35 17613553.130818926
98 38 1902337.73777575
98 40 12728498.037644554
98 43 2275993.413447918
98 45 5912024.530608364
98 49 6928015.564717512
98 51 10118025.63983332
98 52 25237960.63337803
98 53 660509.5518002735
98 54 8007016.992060341
98 64 6419495.838208368
98 65 14380213.66233902
98 67 2824037.901358549
98 68 2830421.4156741006
98 70 8525656.148198161
98 71 12705461.123485798
98 72 20106813.93127697
98 73 10033.130053276434
98 74 3832159.205257163
98 77 7969770.400041895
98 79 9030205.838129528
98 80 11965630.773121312
98 83 9591573.755945576
98 84 6867868.437294885
98 86 2232123.3889231817
98 89 19527854.741478413
98 94 5834600.113393934
98 97 13028686.441268167
98 101 16803536.46447874
98 102 10905514.957667068
98 103 9120664.284435704
98 105 2864501.6039620605
98 106 1033968.3682795155
98 107 12353865.80926645
98 109 9142474.099988442
98 110 2216489.2304806695
98 113 11342909.400759093
98 114 15973791.42350537
98 115 3739185.607200079
98 117 6894004.14477018
98 118 8306587.934725448
98 119 937293.2081971955
98 121 2219371.7767078336
98 125 1426377.2043760333
98 129 1760653.8632352892
98 130 19563560.24046955
98 131 4753114.558843957
98 133 2720678.288615076
98 137 12211118.4903083
98 138 7784309.5812838115
98 141 5193542.521300385
98 142 5904516.730842113
98 143 3958208.398302205
98 147 7743931.241101613
98 150 9511342.363553429
98 152 10691176.485225663
98 154 7272562.022237077
98 157 3630615.48875014
99 4 36069367.3644786
99 6 14295121.697533552
99 7 38536712.75642675
99 8 46426634.00251399
99 10 4078286.906413157
99 11 10331368.197240226
99 12 294786.8460861085
99 13 208768408.31769818
99 14 5819145.04051431
99 16 10784223.928481758
99 18 1809369.9762097795
99 19 7809069.56825989
99 20 381818.2312079043
99 21 19605413.755509585
99 26 13092615.720887797
99 31 65283252.52168131
99 32 32563874.687149063
99 37 41017071.63073135
99 38 15735475.183189247
99 40 8073239.162665964
99 43 6969647.21065563
99 44 29731427.628210444
99 45 50522035.862782
99 46 2992995.619233022
99 49 65113807.32486562
99 50 17522648.207630765
99 51 22956548.4561615
99 54 33756679.96928032
99 56 16045032.374388054
99 64 27960993.19195997
99 65 63235506.37237407
99 66 10948474.74487246
99 67 10002859.584936334
99 68 10788180.789503142
99 70 11800727.351229949
99 72 74222622.51949213
99 74 30771039.26848729
99 76 60645125.396021746
99 77 3039879.794839812
99 79 21950180.990559693
99 80 1579765.011877676
99 83 3491218.0712365774
99 84 19875935.58852934
99 86 143426020.92982543
99 87 610086.2718759908
99 88 4194707.36661504
99 89 13772856.489658358
99 93 9429035.879794331
99 94 68418645.36903584
99 97 216937724.55213466
99 101 80064585.63222626
99 103 3170955.769673438
99 105 51393612.03195783
99 106 48268326.29390596
99 107 7909861.944658067
99 112 13412576.962339265
99 113 39597920.22010432
99 115 41155276.730836056
99 116 10098084.45655066
99 117 45853375.431247614
99 118 76956.44329754182
99 120 1850437.0653392468
99 122 1878975.2456450097
99 125 79388166.03863323
99 126 3911532.9304196783
99 129 38848256.44459977
99 130 16654152.671622572
99 131 65951357.56816045
99 133 1718012.5232422482
99 137 20300244.63472946
99 138 54254326.63562642
99 141 13163184.152352087
99 142 68189576.26095435
99 143 14111656.97724533
99 145 35436971.41594528
99 146 52611172.5148455
99 147 13177068.178994229
99 149 26532684.271255534
99 150 19014408.634300325
99 152 28608528.187136892
99 154 33670479.064759
99 157 160073773.0489178
99 160 7354945.009666215
100 1 8937154.811297707
100 4 3190997.6403915384
100 6 40921108.893965214
100 7 7268867.013707716
100 8 8813868.878524123
100 10 10828981.51060222
100 11 15200852.410990901
100 14 4740153.330328822
100 16 1011862.143000539
100 18 7104471.465877283
100 19 5699259.991138763
100 22 9438290.872267045
100 23 2239953.691865418
100 26 334860.3754042278
100 31 11335680.372054692
100 32 4415987.076405944
100 35 6976730.865539199
100 38 2584380.5490248487
100 40 13294601.25843947
100 43 10125846.624001589
100 44 5638073.815247618
100 50 77021.5785646739
100 51 2626970.158613893
100 52 2201875.466499056
100 54 16913435.13470257
100 56 35478521.32948615
100 64 26988201.838969227
100 65 36897841.42479205
100 67 13202699.509826051
100 68 5925450.731171845
100 70 430450.9623246123
100 71 4811799.5024981145
100 72 23727951.8846657
100 74 34629362.83977157
100 75 3121290.194876869
100 77 1330538.556272761
100 79 19735754.365816996
100 84 2482122.156562081
100 87 2442031.006544438
100 88 40617.44218361539
100 89 1282934.1713698981
100 93 4786593.640274087
100 97 3009674.292409469
100 98 3098758.8857087484
100 101 1825318.4372102525
100 102 11333938.617113113
100 103 5530500.301471098
100 106 43504914.44980913
100 107 10842132.839895811
100 110 1417441.6146636163
100 111 238104.79148498113
100 112 39815977.5490231
100 113 2590650.2325056363
100 115 10271967.647334427
100 118 3850534.5476949704
100 119 2649880.692645716
100 125 19338495.865657683
100 130 14218100.042896697
100 131 8694808.549993647
100 133 1069966.4787946544
100 137 2268450.2619880135
100 138 14574494.171364771
100 142 3870406.299025069
100 146 6930301.930793315
100 147 1407972.2149264265
100 149 4633710.307949977
100 150 13437169.439449124
100 152 21237965.646357078
100 154 5967169.894222243
100 161 3189281.2212178954
101 0 18925050.1433812
101 1 16771607.416477278
101 4 345533646.1727988
101 6 663164581.968922
101 7 388264004.2320812
101 8 2251754.508097399
101 9 40200114.9349174
101 10 247019222.05521813
101 11 45593933.59913514
101 12 8516589.074351817
101 13 762459097.7603704
101 14 342548938.9765919
101 15 4502481.287122257
101 16 7457058.9130570935
101 18 10165917.876713473
101 19 503964905.6256616
101 20 24439554.66281597
101 21 24214002.760295365
101 22 723010.2910670991
101 23 792452.7815783146
101 24 42371025.90897011
101 25 53403884.86233579
101 26 3412248110.067706
101 27 2051183.9458238701
101 28 426735.0445028151
101 30 382897125.84771484
101 31 1778341892.37556
101 32 331763704.67147905
101 35 187941415.72615936
101 37 15193613.558056287
101 38 57742652.960678756
101 40 178092349.19266495
101 42 3261065.442045708
101 43 47012889.287560955
101 44 25377771.90363704
101 45 19235400.278549284
101 46 128412565.56215188
101 49 490631425.0314059
101 50 17708792.877008416
101 51 13009308464.519417
101 52 5256228.008224177
101 53 82308.81397323312
101 54 9388569005.073286
101 56 1041419043.9083301
101 57 1220794.1247275674
101 58 9021221.81675137
101 59 2240396.022254706
101 61 11707934.78505556
101 63 57884943.41892992
101 64 547734298.4338135
101 65 204847510.15881777
101 66 22695405.39597446
101 67 1167495898.8468037
101 68 124640197.3552763
101 69 138557716.20947173
101 70 170285475.5810324
101 71 1980652238.7170105
101 72 1755621155.73554
101 73 135208479.36268476
101 74 2937546714.737053
101 75 135904916.79750285
101 76 149007215.06774464
101 77 12900850.026433239
101 79 513083312.0692541
101 80 107610617.10694587
101 83 60265568.84052827
101 84 21062335.90203384
101 86 10680612.637197409
101 87 13748861.401971813
101 88 3704994.9591211914
101 89 182457578.4292675
101 90 6204653.379574265
101 91 2303147.564165073
101 93 96642416.90760629
101 94 7449959538.834162
101 95 12131623.417222288
101 96 2349957.3733094805
101 97 51600193.38309681
101 98 5285225.386824229
101 102 393872730.06106293
101 103 8255794.817223227
101 104 5833349.621804316
101 105 18140951.86686223
101 106 955788890.4150587
101 107 41909203.27484171
101 109 26562443.557584044
101 110 23813260.379657447
101 111 3285415.1515915496
101 112 70775465.40730324
101 113 67029556.06967868
101 114 2111101402.851667
101 115 3813639703.1893644
101 116 190947895.2509
101 117 27340901.877413794
101 118 74952644.87784572
101 119 446569.47407887847
101 120 2098255.8008360304
101 122 1322279.6796869943
101 123 5932391.555664091
101 124 3030833.2627060437
101 125 593118693.2565268
101 126 150413.562598882
101 127 3574554.578995539
101 129 1030546466.4295386
101 130 55862540.01200867
101 131 81690911.96938132
101 133 321577984.6709156
101 134 14636524.381989475
101 135 17547845.995471004
101 136 1223668.763151158
101 137 1110804469.5588017
101 138 684280882.7664789
101 141 6592406.595439979
101 142 920450810.7571969
101 143 4738111.129651105
101 145 77024271.51830587
101 146 745412308.4748155
101 147 711819938.4335548
101 149 7206534.193497156
101 150 985491608.396824
101 152 577786725.8728226
101 153 43400538.72717566
101 154 19920984568.60569
101 157 152915583.87904844
101 160 5526125.996327303
102 1 302883283.53005606
102 4 11998412.573466877
102 6 68177314.10883962
102 7 364811496.8853924
102 8 11859560.988298196
102 9 4785172.829166262
102 10 21669173.674369413
102 11 12351143.183604477
102 12 5242049.317945624
102 13 158962163.38206676
102 14 594715147.7434267
102 15 1019784.3019519796
102 16 5768935.102197448
102 18 19123460.124596443
102 19 45757120.02147515
102 20 20376113.510349173
102 21 123179081.13545987
102 22 8828542.563845297
102 23 3798475.4741472434
102 24 10050420.164292881
102 25 5220056.22844367
102 26 28792978.90551643
102 27 2067801.275477935
102 28 1684038.7703796981
102 30 245778664.62881684
102 31 236125842.4797825
102 32 207578817.81295732
102 35 194456517.04219136
102 37 48252147.12830933
102 40 7551286.116339091
102 42 1070007.9713600697
102 43 38438038.852320835
102 44 445730.6376519061
102 45 60833123.41767415
102 46 17150070.033092197
102 49 34170060.74029015
102 50 7132332.725891159
102 51 14941710.456372622
102 52 7012894.065334188
102 53 568809.1646570046
102 54 486285967.37340844
102 56 12933370.529247886
102 57 1946764.368307549
102 58 5571494.474780524
102 59 18634887.89918625
102 61 655738.4091989992
102 63 9403631.818653477
102 64 2116456.510669898
102 65 63818372.45051994
102 66 13109242.188191522
102 67 293565889.1209136
102 68 20649402.66979542
102 69 237790342.60656613
102 70 123927382.60700268
102 71 48643098.206861116
102 72 816806472.2431861
102 73 2858890.2363877497
102 74 27311392.154314842
102 75 2265726.0339980316
102 76 256433385.5232293
102 77 92226072.14227629
102 79 147072056.9915883
102 80 16448800.565011455
102 83 70299830.66751532
102 84 100190149.195294
102 86 138289728.52533278
102 87 9547521.562772198
102 88 12650322.39438689
102 89 651658742.647772
102 90 14378058.73119732
102 91 8153137.384369539
102 93 33368190.353230093
102 94 86660312.77521572
102 95 2767069.3650294426
102 97 111656757.49134922
102 98 232242.7229880543
102 101 139066215.36948088
102 103 30462330.47108694
102 104 203844.7730721807
102 105 179199100.2937241
102 106 51490188.8460308
102 107 15695345.915270435
102 109 15291640.214939838
102 110 58075583.361455254
102 111 43484811.48924274
102 112 25431185.105036274
102 113 75257745.21597363
102 114 250724242.38678882
102 115 145718394.80729452
102 116 57549811.83451585
102 117 725909935.5300488
102 118 8995104.833933085
102 119 323559.088849087
102 120 3402720.556886013
102 121 427645.5330661225
102 122 5667965.78232805
102 125 253585306.76774576
102 126 28937394.751691367
102 127 7987132.065374209
102 129 800142369.9766241
102 130 30876461.13389586
102 131 166097694.1848621
102 133 131904533.6956729
102 134 5518145.334094701
102 135 8211186.882878035
102 136 3976462.4047855614
102 137 318960367.1606555
102 138 216746294.5740872
102 141 24025038.752620336
102 142 332496167.44132406
102 143 2012899.7499228385
102 145 48707621.1341453
102 146 39309437.95253778
102 147 203231192.59800124
102 149 1732136.875444549
102 150 216392806.6906044
102 152 762757714.2088326
102 153 50478621.34275478
102 154 1570386920.4796064
102 157 201745032.105257
102 160 3490323.3045351594
102 161 2057669.9533164345
103 1 30539978.529437385
103 4 31548649.382617798
103 6 29569685.154815786
103 7 32665180.50344875
103 9 6197925.329633028
103 11 15234374.911516925
103 13 16367579.28726757
103 14 9268500.796226528
103 18 7960891.285983218
103 23 148309.37194315257
103 26 3188350.6295636753
103 30 5418217.169510563
103 31 42795703.34459697
103 32 12809529.784388922
103 35 9975574.547460541
103 40 12129793.75919572
103 44 12638297.318021785
103 45 20760927.67870449
103 50 4180992.4349174453
103 51 30674664.038938023
103 54 12289260.523541765
103 56 7153559.333014465
103 57 5773009.192207055
103 58 501945.76595752384
103 59 4400675.883841688
103 63 9538745.508233603
103 64 3428981.8997216546
103 65 53744308.79742167
103 66 21374223.69300602
103 67 282216.4898970515
103 68 18155424.31345027
103 69 6101999.483102516
103 70 137573.8913886545
103 71 23212237.03200332
103 72 1105806.1041342455
103 73 6630520.829856712
103 74 24160860.50557202
103 76 5372345.057076187
103 77 8767499.06407424
103 79 3648426.678183705
103 84 7551494.378725031
103 87 4426328.052098617
103 88 409047.6003492203
103 91 11370829.316777457
103 101 844258.757915737
103 105 12408889.59055337
103 109 65086910.318903096
103 112 5555669.120739467
103 113 1378100.4162695245
103 115 43793584.42061775
103 118 4088958.1100908755
103 122 103933.84146471592
103 125 11508643.508965246
103 129 15407785.540608568
103 130 2639702.6652532266
103 131 2547201.5059912615
103 133 4028390.5079503134
103 134 13751870.646683639
103 137 45960350.7152193
103 138 12857492.37731871
103 142 6491714.244358022
103 143 919454.717826395
103 145 4324291.7250722395
103 147 17876128.043674897
103 152 13812724.03378046
103 153 3211389.418561487
103 154 12428326.41823598
103 157 6136299.375324955
103 160 22195860.41039155
104 1 10386739.41918766
104 4 5393744.153854918
104 7 11083.598679769075
104 9 502743.4347605825
104 14 8307469.73347665
104 16 3455094.5459886314
104 18 3171621.8866479336
104 19 10388013.629362952
104 20 26427.239563568066
104 26 2558932.301849698
104 31 2212826.0138702914
104 32 1758367.3605879694
104 37 6022218.570167101
104 40 8648193.760435037
104 42 179708.34829943924
104 44 6255182.01354615
104 45 332189.4810575224
104 49 1643186.7683206208
104 51 7642165.219464294
104 54 5343144.576968715
104 56 610615.2065579381
104 58 3281771.3141038218
104 65 3497086.472481378
104 67 3137455.4574301215
104 68 12557372.288846511
104 71 476319.4873517356
104 72 4708682.032172939
104 74 816635.3080640079
104 76 13101017.058140263
104 77 5751209.608639555
104 79 814769.4609288112
104 84 198978.2561600139
104 86 1926170.9749673782
104 88 168305.204516374
104 89 141266.75716900066
104 91 7072482.228251237
104 94 8890770.795192374
104 97 7881954.050450467
104 101 9520890.989397468
104 105 88526.07096807347
104 106 4128371.9746638276
104 107 616342.9131943635
104 110 1415717.8579163356
104 113 323743.1023521357
104 114 2697029.7741311155
104 115 3250681.864846181
104 116 3453071.8225595145
104 117 2085827.6605244598
104 125 784399.9714074447
104 127 5935027.413878026
104 129 2682026.9143089056
104 130 3884537.9367387546
104 131 2919067.292777327
104 133 4825350.621670445
104 138 4516001.296510291
104 141 4578110.155418987
104 142 241067.1919124979
104 145 4291145.999761676
104 146 1495012.2268830512
104 149 6674708.33213125
104 152 1736631.3138013328
104 153 10093072.08601023
104 154 4342315.618295215
104 160 2060561.5008079754
104 161 7293981.722937571
105 4 98678254.96217945
105 6 66790803.178109884
105 7 49211580.95293812
105 8 17257551.711457092
105 10 96486711.37096652
105 11 60818237.86854893
105 12 4472189.952872577
105 13 67884125.77627742
105 14 89055816.49151416
105 15 2218285.609065553
105 16 6749032.978529294
105 18 10560671.749087205
105 19 22849490.057907164
105 20 10058128.347520614
105 21 157974835.9809816
105 25 8815161.653727015
105 26 539010387.077165
105 28 851370.0400301473
105 30 54923100.06153983
105 31 196117156.37665787
105 32 132780843.32540339
105 35 157776336.71224487
105 37 6391528.556581847
105 38 2141174.393445399
105 40 42266486.47589127
105 43 12669976.324896317
105 44 86403288.26937564
105 45 4813127.684121399
105 46 1464786.2658609184
105 49 186749854.83810788
105 50 40136275.78624762
105 51 192310088.48234838
105 52 15104499.165536178
105 54 151994559.75071687
105 56 57281984.54724337
105 58 25257651.46673288
105 63 69423532.30705415
105 64 34218698.973548785
105 65 66196118.55535317
105 66 14029387.941693796
105 67 132385019.54347458
105 68 34235209.12700969
105 69 322082482.55881816
105 70 49815895.18620736
105 71 74961109.6212892
105 72 53124558.75384041
105 73 34814642.951176554
105 74 13311810.559400963
105 75 88610443.45041257
105 77 106939399.38061544
105 79 350804994.4322375
105 80 31776952.983562723
105 83 1024379.8890996923
105 84 9115899.989251925
105 87 30816515.510743733
105 89 234852970.49892202
105 90 2830343.890889315
105 93 43179577.426363975
105 94 8122669.552591298
105 95 17560325.4608485
105 97 11541149.977007926
105 101 120313471.74394855
105 103 6942386.572988896
105 106 25222469.168640748
105 107 113713623.30556129
105 109 37181812.80055785
105 110 2256295.560343423
105 111 14405202.273858342
105 112 36752457.38173699
105 113 88999774.64064467
105 114 114700179.02611218
105 115 220169832.72079715
105 116 41216507.34863037
105 117 133495500.64546348
105 118 156496195.29685667
105 120 595901.4042959136
105 121 706151.502512342
105 125 17541400.783557452
105 126 257817.97318526666
105 129 697026853.935261
105 130 68035974.58858418
105 131 2411464.607705887
105 133 146850825.8042989
105 134 37552114.96996039
105 136 3358206.7098029973
105 137 511948686.3328023
105 138 194145233.06173626
105 141 11528554.55949949
105 142 271889462.9155793
105 143 1092111.2046047922
105 145 24568412.459945817
105 146 71860347.22912885
105 147 131522361.57574289
105 149 4207874.932307436
105 150 246700857.27507696
105 152 81364696.56747925
105 153 40901682.211702384
105 154 192988451.1068953
105 157 9966370.80952997
105 160 8491662.73470785
105 161 20464337.224433385
106 0 2114759.0544076813
106 1 105301392.88748935
106 4 180863224.9204381
106 6 95471927.91546625
106 7 347959194.14042586
106 8 1191272.9524369517
106 9 2786909.8197730137
106 10 57558551.15103528
106 11 124393215.48519757
106 12 2702335.948464699
106 13 434870322.49474955
106 14 282979850.9342141
106 15 2215387.3038317687
106 16 3805644.044413005
106 18 3482244.4848189666
106 19 6054722633.332597
106 20 14058110.400773961
106 21 12186564.981873263
106 22 8494406.709432269
106 23 1795316.149531195
106 24 10693744.355928596
106 25 35010209.39083227
106 26 1993563419.5560641
106 27 371340.0551973779
106 28 2156512.098453176
106 30 9360003.265579173
106 31 512702735.55701154
106 32 517238876.8813825
106 35 107773230.319693
106 37 56954554.915100984
106 38 41789963.16960283
106 40 413075638.77500147
106 42 4014420.731927087
106 43 244793142.46986374
106 44 87647388.22660397
106 45 211970632.56842887
106 46 1898253.0103374687
106 49 14187684.470046327
106 50 3284746.184225708
106 51 727143183.7053221
106 52 9291650.811123945
106 53 55820.113108624544
106 54 1037480083.8058254
106 56 250551048.39803872
106 57 10218852.91838817
106 58 51397233.87337417
106 59 17710403.51682369
106 61 380472.17295860936
106 63 59424515.53378779
106 64 264644373.95665476
106 65 1230095570.8450377
106 66 15863103.850277731
106 67 99792315.63608217
106 68 1181889285.5161204
106 69 291055196.34854627
106 70 478148625.56183267
106 71 1600497266.6067219
106 72 136444889.55528024
106 73 5184898.340481796
106 74 33953569.262271434
106 75 31441485.565467156
106 76 21483954.568677254
106 77 75623875.3724813
106 79 682794653.7780397
106 80 224204329.24557397
106 83 3270087.2090396527
106 84 9824977.035294982
106 86 98370488.58821614
106 87 14712300.342810806
106 88 10277213.166380215
106 89 890191302.2971395
106 90 2130769.803769274
106 91 49816501.36686796
106 93 28021444.53621823
106 94 149204999.9528675
106 95 28546538.804425422
106 96 760887.7474954603
106 97 293296017.21318287
106 98 20895767.77594794
106 101 2117388342.3892987
106 102 26867559.073575027
106 103 14093546.314038698
106 104 9479858.620578159
106 105 597779629.5555892
106 107 47405000.45788442
106 109 11907767.99320112
106 110 18993222.71625619
106 111 32151303.980051734
106 112 9409663.366420005
106 113 349150845.1670692
106 114 522800750.63209
106 115 894463466.0363619
106 116 85639306.72631791
106 117 389252365.9000257
106 118 268870423.0317033
106 119 337811.4245174695
106 120 2627874.3418750176
106 121 4433004.078354694
106 122 6089748.801695789
106 123 1338123.333716782
106 125 146150110.15848953
106 126 22944521.332325574
106 127 4793666.442971815
106 129 2610984203.893635
106 130 60754498.18596268
106 131 303827232.4480722
106 133 1638543895.9542646
106 134 44887707.34692176
106 135 23175351.743928257
106 136 8228224.205356491
106 137 2216639808.3872805
106 138 78140029.9796591
106 141 4284477.478395233
106 142 283040250.6303344
106 143 431147.1266891083
106 145 3374768.4144214652
106 146 754142276.297871
106 147 1679296173.990037
106 149 1839284.187615498
106 150 81009157.20011634
106 152 816146197.6854794
106 153 7623425.316883968
106 154 842747572.2766587
106 157 251454202.57760566
106 160 2939161.8049151916
106 161 16498929.778650329
107 1 25002232.46939875
107 4 17063455.70047616
107 6 49978081.27168803
107 7 79453861.96041842
107 10 9787566.463562183
107 11 243054879.720972
107 13 463259516.3751662
107 14 76933166.47906433
107 16 118593.95245751005
107 18 27764821.818517607
107 19 166244835.33218318
107 21 32461740.169212114
107 22 11927694.7371483
107 23 1962210.5051623706
107 25 8589712.869676586
107 26 613735719.1291777
107 27 142772.013765333
107 30 146014743.2436406
107 31 119271393.56437875
107 32 101704571.18258812
107 35 17771265.9747121
107 37 55304446.59903934
107 38 32775113.327472806
107 40 98518789.05753495
107 45 125129136.98288313
107 49 355463327.66318625
107 50 3581834.1213207277
107 51 155861627.57459962
107 52 4979685.197450524
107 54 28746070.606879227
107 56 144338404.32933676
107 58 108418862.50192495
107 59 5650947.716192088
107 61 9900029.488536326
107 63 66531014.01356946
107 64 36278894.852809705
107 65 29084421.12993729
107 66 27458938.64949384
107 68 146557676.97197622
107 70 229473704.8258334
107 71 71898735.21685618
107 72 29714554.066396944
107 73 34152692.104071386
107 74 176952429.63015205
107 76 41165995.66561634
107 77 71276080.66089298
107 79 181466643.48618695
107 80 94533233.53028165
107 83 44296770.02569363
107 84 227414433.14476514
107 87 516833.025579616
107 88 1870954.2865984235
107 89 154519242.72658312
107 91 5695923.027518043
107 93 28362019.775926396
107 94 100953186.75175783
107 95 13857865.452955961
107 97 62284676.54997956
107 98 5725329.63833537
107 101 169389780.2113409
107 102 269754009.796105
107 104 4069968.7441638983
107 105 123265812.44883803
107 106 60787222.583390705
107 112 44533852.306874774
107 114 20569342.771512713
107 115 17022636.27107305
107 116 1137951.7555980345
107 117 10975837.488646192
107 118 2574064.8181819962
107 119 2073805.171699609
107 121 3577450.778159404
107 126 21778488.73461324
107 129 35661160.550060935
107 130 25313906.579052635
107 131 101844371.50374061
107 133 235374053.37342796
107 134 55096326.86259337
107 137 11562728.698941372
107 138 736940238.4474789
107 142 271196895.09775317
107 145 61334585.81881623
107 146 127067879.34880674
107 147 12324250.540865762
107 149 1942918.8494818734
107 150 204526430.45112622
107 152 325498007.7712407
107 153 48089737.576677054
107 154 81851676.05991596
107 157 129909934.46857937
107 160 4994427.391788892
107 161 1374169.503114058
108 0 6030765.114317052
108 1 97386212.43220498
108 4 242912720.6048374
108 6 230873190.86676314
108 7 18193021.053622667
108 8 1205454.4780758333
108 9 29449252.005989444
108 10 110982110.18737672
108 11 159969217.21856037
108 12 33497064.761211265
108 13 35248807.57835693
108 14 114734643.73256549
108 16 9203826.919149237
108 18 25139987.311170816
108 19 421647407.2825167
108 20 12333564.508097358
108 21 34356031.1987047
108 22 1549914.6404964426
108 23 1442719.4537962833
108 24 27987923.71955983
108 25 32893557.680513266
108 26 102877525.07316595
108 27 2909396.698150143
108 28 222864.11756461687
108 30 114099893.76401536
108 31 73721338.80677551
108 32 153427670.27250797
108 35 90353510.37501308
108 37 38279827.24550651
108 38 55078728.89672171
108 40 206488247.82977188
108 42 20460.357732127777
108 43 12368583.508826485
108 44 55817931.66451707
108 45 350570628.6135776
108 46 17793027.105572548
108 49 68175998.58348982
108 50 9952880.018650223
108 51 90898470.54118726
108 52 14556891.930510057
108 53 307891.14788123866
108 54 312899059.7640369
108 56 282759614.31253576
108 57 716307.074614187
108 58 63458579.8866879
108 59 3003165.7523163967
108 61 7296566.954899829
108 64 137365014.15634474
108 65 46778623.499018475
108 66 20273408.260892183
108 67 110515213.92094642
108 68 158139405.54038572
108 69 501548429.80600286
108 70 232674242.59786966
108 71 378211569.5113962
108 72 194232380.55274478
108 73 20709959.091549862
108 74 171116695.42416394
108 75 18020202.35051718
108 76 80836270.46315494
108 77 52377774.65681517
108 79 265399793.15539324
108 80 23462264.520139657
108 83 19876304.881828506
108 84 22992178.162046082
108 86 2276602.6919774828
108 87 30950653.229850546
108 88 1383675.5582209527
108 89 190897936.24375406
108 90 7083856.507141402
108 91 21930357.710327677
108 93 10936933.39992227
108 94 68324746.6770422
108 95 1035147.4847472463
108 97 250230190.4044347
108 98 10774926.617927691
108 101 347087337.3616065
108 102 138524931.8764866
108 103 6242650.990089438
108 104 7768501.879972631
108 105 204748155.1337873
108 106 43468752.71607966
108 107 47256785.37764038
108 109 24198823.127975862
108 110 27503844.44669475
108 111 88856154.72940604
108 112 103403508.44089316
108 113 102682994.03982829
108 114 192376632.41774553
108 115 613614312.9341017
108 117 487782954.3194712
108 118 105069536.74520758
108 119 1864784.443668198
108 120 4286759.4589003455
108 121 1995307.130036933
108 122 4346196.264908618
108 123 3666548.2696005194
108 125 125281640.57626002
108 126 6526639.782913788
108 127 651707.0154263923
108 129 702907068.3088683
108 130 157545514.9835667
108 131 18543164.09766253
108 133 14417696.623362396
108 134 110228387.29007113
108 135 306943.8140804688
108 136 7901402.687555933
108 137 75299630.51477385
108 138 3607361.2418277194
108 141 24736902.187300816
108 142 215211227.3432107
108 143 1215075.746282609
108 145 39169062.19755175
108 146 133216659.85087626
108 147 92175785.6034176
108 149 8541604.017523333
108 150 109220010.77589245
108 152 472155865.1455602
108 153 15464374.89815098
108 154 147124725.50155866
108 157 69535719.94117714
108 160 4327782.1523399055
108 161 24320872.487419378
109 0 48322659.97043649
109 1 21070653.71200188
109 4 230496883.02101138
109 6 29803653.358718738
109 7 3525373.4929174124
109 8 20614184.903375216
109 10 9546890.209179714
109 11 27547816.292296443
109 12 3810844.776805222
109 13 17374711.491546273
109 14 48441124.9478791
109 15 6804249.279495729
109 16 1591016.6486367078
109 18 34388487.35560509
109 19 2733427.0128231193
109 20 2047630.3498449621
109 21 31356294.103088252
109 22 3514327.3934597736
109 24 4486721.303773444
109 25 22090394.713602096
109 26 28387596.540505584
109 30 10864683.294748908
109 31 78091448.57001227
109 32 43895046.297165975
109 35 913020.9653925744
109 37 22533278.827715386
109 38 17648151.460226182
109 40 2378143.5461949767
109 43 7445641.442419123
109 44 10718817.632059727
109 45 6832679.008729889
109 49 30965122.26246047
109 50 11847287.633951578
109 51 134977726.26284158
109 53 747006.2676824558
109 54 44808820.8066736
109 56 1660236.3063912084
109 58 55202910.25022655
109 59 2289842.7347050533
109 63 11105043.840552945
109 64 13900709.619078137
109 65 21182421.792773273
109 66 1403464.2663241995
109 67 3429397.944042062
109 68 4204151.327276987
109 69 5240684.994767715
109 70 57740685.022985466
109 71 8638805.279225249
109 72 50535540.216824725
109 73 36895564.713852294
109 74 4690505.543146538
109 75 8040203.487374256
109 76 22010935.901959393
109 77 16940375.974026293
109 79 163139347.3912977
109 80 64609590.30586162
109 83 14897549.467444966
109 84 66572391.539733574
109 86 43493144.39540688
109 87 7416534.765787949
109 88 1648123.2291904746
109 89 47309615.303372286
109 91 6937995.306827562
109 93 13758831.35969807
109 94 2764684.2429949655
109 95 18295593.032544427
109 97 74134409.4020423
109 98 457303.128677887
109 101 58048150.06408859
109 102 155835112.5813938
109 104 12344763.93168623
109 105 7210971.830716856
109 106 25726198.110878278
109 111 12095833.800724272
109 112 43261172.65156234
109 113 27231721.282206144
109 114 24639858.845097475
109 115 51349963.321442895
109 116 7856773.649607587
109 117 810345.6768118322
109 118 14747208.705683151
109 119 5457203.369090464
109 121 2945000.641486802
109 122 366901.3425087113
109 125 2817462.443511686
109 126 3862021.559471759
109 129 21144752.90016861
109 130 30593849.060663976
109 133 3196929.0401574555
109 135 13015492.36216717
109 136 8547454.072614823
109 137 5972723.732512979
109 138 5170782.754956072
109 141 59911.94162534495
109 142 2758528.1210122244
109 143 2240896.5271860985
109 145 72376668.81019823
109 146 15214377.047109999
109 147 6633036.480315765
109 149 11534759.72166607
109 150 4752550.14999722
109 152 5597652.476077097
109 153 5020312.067826394
109 154 4513470.59199281
109 157 30891808.28775164
109 160 9745610.977380797
109 161 13897168.446788969
110 1 21218983.88608689
110 4 38051625.38275893
110 7 27643104.48541856
110 14 27184901.146971956
110 18 7644359.179693791
110 19 20367690.161111612
110 21 16717809.38569698
110 24 13984426.239851417
110 26 12309687.685629219
110 32 32893966.89013616
110 37 99274378.79606895
110 38 4653293.837587316
110 40 22614041.55941975
110 45 25247607.863994393
110 49 65725899.37335113
110 51 13927796.990950944
110 54 53228622.450001076
110 56 37983021.92624175
110 59 6213681.933015982
110 63 21338735.439555667
110 64 17377782.445384745
110 65 9182982.29649924
110 67 4553068.865684809
110 68 58778133.283174805
110 70 64689022.181583524
110 72 61970547.88556912
110 74 36734383.79796581
110 75 30060880.6852341
110 77 22088686.1982857
110 79 74520270.69546564
110 87 6322955.152690549
110 89 541882.9970423679
110 91 9539425.955696486
110 93 24341725.556069367
110 94 21293118.661792073
110 95 1027298.5647435153
110 97 16327175.983593507
110 101 2586817.0030471883
110 103 9127085.854936432
110 104 2432733.5161564285
110 106 9180959.53292036
110 113 68098782.03418995
110 114 5491428.976261522
110 115 49911881.32654956
110 125 9858186.094257249
110 129 31403584.054428823
110 130 111422934.20677352
110 131 8707724.159876568
110 133 50754961.93531509
110 138 32675241.083694547
110 146 47491553.16810501
110 147 33512958.836664457
110 149 1194905.6293128454
110 150 2240835.7258150904
110 152 29373144.825875204
110 154 26095282.98963579
110 157 5686227.662660881
111 0 3508751.0031278394
111 1 1552125.9585224888
111 6 31584606.15501533
111 7 17860598.21358229
111 8 17866429.900141716
111 9 9309773.207706392
111 11 15350018.489863055
111 14 911957.5067642112
111 18 13976391.113677647
111 19 95983441.6904829
111 21 61734647.192167915
111 23 356761.61931393394
111 24 596842.6955977379
111 25 13275707.730719902
111 26 19054174.42176429
111 27 2096432.0538351908
111 31 23636814.419818133
111 37 51128677.331355706
111 38 98639738.05310614
111 40 13066163.850873183
111 42 1535411.449710134
111 45 11825382.494493777
111 49 9847114.717789795
111 50 22788289.027420953
111 51 47295805.14135198
111 52 2036417.8332470248
111 54 21434532.99783243
111 56 16159767.013884481
111 58 14605799.66270057
111 59 8592378.185913663
111 63 25306526.317615345
111 64 8363228.359369957
111 65 17804887.775922865
111 66 5637682.809340945
111 67 519267.23889726546
111 70 20322642.71893889
111 71 49775693.02659933
111 72 72255463.84532991
111 74 36900073.34903134
111 76 265991.39783020655
111 79 5964267.6506884
111 80 3972568.4308146476
111 83 21994786.24174532
111 84 11103204.402182087
111 86 10769583.659778249
111 87 1374856.4637409854
111 88 3094358.6168229296
111 89 15195145.764747035
111 91 9562724.832155388
111 93 14396396.843623925
111 95 1365242.2871705866
111 97 6329591.357524535
111 101 44394654.21308249
111 102 18920160.268858764
111 104 473261.77643781994
111 105 20544849.193914846
111 107 29651194.66773181
111 110 26671266.710626688
111 112 36120702.866796605
111 113 44215010.33081733
111 114 11405829.003778458
111 115 1389367.411333504
111 117 18942634.471357934
111 118 6028127.177282071
111 119 1560087.805216416
111 122 82480.73768813888
111 125 3645235.7775390856
111 129 3171557.5959758414
111 130 3178868.2482390055
111 131 19119381.37881998
111 133 26561522.28666772
111 134 7411114.594149453
111 137 19783696.982106067
111 138 12693849.450940471
111 142 12862847.892325323
111 143 5434313.530208483
111 145 75111573.69132032
111 146 24303544.981034797
111 147 41598047.13742873
111 149 10003095.188845217
111 150 12389982.045823643
111 152 6650230.53161449
111 154 40626369.87455316
111 157 26400940.107160468
111 161 4035419.3306918414
112 0 9353785.832087344
112 1 38535572.1422214
112 4 49485975.390409335
112 6 74293157.31699403
112 7 129805487.35871427
112 10 7621746.618626608
112 13 13823674.978404261
112 14 88387265.6430388
112 18 464118.8634712114
112 19 119174689.59814197
112 20 18848091.572693817
112 21 13979083.106110008
112 22 14320497.867195562
112 23 1125071.9162089278
112 25 15506826.908143777
112 26 339606050.86726165
112 27 476410.8130336881
112 31 178789967.9449497
112 32 129592114.62688133
112 35 40822906.81351628
112 37 41776860.17352282
112 38 206755817.52115574
112 40 43693991.3092073
112 42 886886.976439258
112 44 82441537.3121562
112 45 58873104.195211105
112 50 19733635.979190614
112 51 28717905.76898776
112 52 1022825.2704445062
112 53 729454.3651218284
112 54 230932497.1553244
112 56 96408081.79163347
112 57 7859380.882119165
112 58 80039227.4501918
112 59 3586629.978855426
112 61 2511053.2934224713
112 64 204109743.69613165
112 65 71539141.40715498
112 66 7821866.4354544375
112 67 181397696.09312636
112 68 151209757.04454157
112 69 85039912.76736686
112 70 52094600.36685839
112 71 53750701.46708327
112 72 15643243.314622214
112 73 6220733.096306519
112 74 88940424.81564134
112 75 14549009.961319502
112 76 80875055.71510322
112 77 89894496.3157681
112 79 276536929.8213702
112 80 23529505.535585918
112 83 150653204.9883506
112 84 20925870.72434615
112 86 70371199.68678385
112 87 3942096.800281593
112 88 9097488.973159943
112 89 30235266.060488164
112 91 6169519.665811513
112 93 7021734.909092356
112 94 30327854.918266885
112 95 19128724.16153
112 98 6255533.862686993
112 101 266813678.3045039
112 103 53813533.0785892
112 104 10731673.450503705
112 105 13481445.576324457
112 106 125086206.66665871
112 107 8825331.570087306
112 110 21888865.494129937
112 113 59963274.825872645
112 114 59657917.62584593
112 115 48681514.804408975
112 116 13898853.822018156
112 117 723816.4411263281
112 118 401977136.3593289
112 119 3040633.5135322213
112 120 419107.92099271173
112 121 1149887.4847829698
112 123 10749740.51121446
112 124 3189093.8276034673
112 125 68275873.56571311
112 126 2033400.0060400649
112 129 52775474.380313545
112 130 8187603.970289439
112 131 28536878.64673534
112 133 127143723.7957493
112 134 121486081.44032796
112 135 38203427.34828304
112 137 291928305.3920855
112 138 69369392.64088662
112 141 5422991.166235458
112 142 29924145.22017029
112 143 5494949.412216389
112 145 28131455.157532755
112 146 71673623.74437387
112 147 23838021.116955463
112 149 94787.9969584637
112 150 161625238.93211448
112 152 169615100.7884211
112 153 4085285.0105336634
112 154 161495117.32371247
112 157 6428249.502636956
112 160 30365980.585742835
112 161 9571728.23505724
113 0 39676071.032943696
113 1 133839831.65151025
113 4 544675651.4900122
113 6 215238175.6391525
113 7 253551322.98392376
113 8 13068486.890290437
113 9 14184973.827080822
113 10 172007969.83797562
113 11 102695941.6625396
113 12 2662383.3370010164
113 13 103393153.59682441
113 14 827368753.7543032
113 15 205472.94562922468
113 16 2116697.604738231
113 18 2164181.3294628737
113 19 278011083.48653287
113 20 1453587.0700300483
113 21 95098439.74750017
113 22 986612.1705228082
113 25 28673069.017471954
113 26 741433550.907583
113 27 3171327.6847057766
113 31 644992874.923092
113 32 298861039.90398943
113 35 74930975.03529917
113 37 58727706.35406075
113 38 117620560.18154173
113 40 843671859.3787844
113 44 29460353.328295827
113 45 69111036.39123072
113 46 115224320.24302939
113 49 377852553.9345205
113 50 360302.4646674034
113 51 387736753.6326354
113 52 12100032.239857303
113 53 757218.9970635793
113 54 722110979.4679909
113 56 140365576.87821576
113 57 2865298.856854313
113 58 208416347.85375884
113 59 11572885.033509577
113 61 2904507.4071177663
113 63 23272039.752295054
113 64 568519066.8451601
113 65 232516959.65214515
113 66 34810863.74044861
113 67 968253268.7902081
113 68 101916239.02793144
113 69 419810311.93218386
113 70 242117150.0243951
113 71 9515733.933820998
113 72 467299522.82166165
113 74 112325210.87481391
113 75 59324185.063569255
113 76 71474811.1969838
113 77 34080554.73143563
113 79 52248961.67490651
113 83 25874388.108855993
113 84 81371888.4308923
113 87 3633168.7841424006
113 88 541300.9281935309
113 89 170134744.41357508
113 90 9540201.7524404
113 91 34137051.164965615
113 94 1215246018.559475
113 95 10230181.669413764
113 97 279730758.0384587
113 98 2383075.940727087
113 101 1183766327.9540308
113 102 200329879.7966697
113 103 2626751.9438421335
113 104 810947.4911496958
113 105 27339850.43038843
113 106 128024154.25341235
113 107 71600225.28034028
113 109 19993269.87924991
113 111 38889328.78454135
113 112 57910243.288795814
113 114 464585901.5823739
113 115 68902092.1889145
113 116 57170926.92269814
113 117 1035445.7524651625
113 118 1030971766.277939
113 120 1195352.72204352
113 121 6528896.024311441
113 122 6042105.886308748
113 125 154113816.65091604
113 126 35093519.93534903
113 127 4625493.44250759
113 129 1904936327.9933932
113 130 42568892.94727326
113 131 419813537.32872945
113 133 748545886.8139384
113 134 72057125.36665119
113 135 16296481.197654283
113 137 206332215.1797043
113 138 1101730937.67579
113 141 24988851.423067465
113 142 82181781.59952961
113 143 479884.96232241084
113 145 42683151.40964763
113 146 819257590.9697157
113 147 1060223797.6732287
113 149 21059184.98605727
113 150 195265045.86751533
113 152 2421424442.761524
113 153 121757490.37141982
113 154 285860902.7360569
113 157 82131607.66743849
113 160 3179449.0057670553
113 161 17506058.558432333
114 0 35836933.51813369
114 1 31379228.32878649
114 4 536095874.12556523
114 6 874108384.8784729
114 7 292128908.895268
114 8 39174494.05256379
114 9 14895485.177271178
114 10 49401231.845942676
114 11 100571232.06887639
114 12 23712613.05329722
114 13 156321261.45096436
114 14 631946461.6324983
114 15 15483189.103520075
114 16 20070409.585196264
114 18 12232308.243331071
114 19 238818942.9867344
114 20 303559.56801692175
114 21 292649574.9778523
114 22 2091831.3470154174
114 23 2692877.8878654493
114 24 43079781.21069814
114 25 23324880.132399507
114 26 357691846.4072734
114 27 10871448.885863025
114 30 798241.9621039231
114 31 1419059640.3482099
114 32 752903310.3028959
114 35 41701187.16840248
114 37 41831437.35237488
114 38 132363907.25259551
114 40 239524017.19395283
114 42 918555.2128885736
114 43 204375254.13955632
114 44 101900944.08030432
114 45 251041515.65897882
114 46 449902.97212229815
114 49 184964346.3440856
114 50 19473879.608284004
114 51 1165264668.5701776
114 52 15079366.486401526
114 53 836055.2110131283
114 54 569222584.6273055
114 56 1065044896.8371229
114 57 6719297.95760953
114 58 179646451.11998597
114 59 1983519.3318275472
114 61 12635244.34452606
114 63 19756943.44128568
114 64 721421782.9102712
114 65 242958341.1627341
114 66 43964904.59387274
114 67 546732053.4957237
114 68 130222421.58611993
114 70 388863553.2764471
114 71 308076960.6927952
114 72 2678894343.9938684
114 73 101539651.48011039
114 74 2162769123.845252
114 75 187655426.80927694
114 76 87024299.89284362
114 77 15875706.49294375
114 79 1239293833.7303553
114 80 151782394.7286038
114 83 16547836.333948422
114 84 1134556.7154662074
114 86 241752413.4955139
114 87 36638911.055010885
114 89 1295132988.4765747
114 91 27910075.719975512
114 93 63658601.65400918
114 94 1433781937.6807609
114 95 32284258.09996998
114 96 1845497.1689886693
114 97 62471435.75672776
114 101 1503546126.503803
114 102 468499622.95402753
114 103 54846094.99049052
114 104 1811346.373703944
114 105 108961681.67599495
114 106 201517424.11325917
114 107 104280288.31293084
114 109 14116363.492910856
114 110 43736902.15798683
114 111 19071733.188962087
114 112 7472156.794280224
114 113 5112058.62829489
114 115 202373149.2965557
114 116 18018639.61989026
114 117 232659458.01393694
114 118 2199597.9327553855
114 119 1925230.1639372006
114 121 5572642.577193857
114 122 4749360.529632265
114 123 14757615.730225956
114 124 3227449.609489413
114 125 1427552357.543015
114 126 13184857.888045369
114 129 417103999.0429304
114 130 196840232.16000825
114 131 26075862.117444444
114 133 307415693.94057155
114 134 49637575.239289224
114 135 9083434.907697603
114 136 13325271.888212554
114 137 1220756753.424456
114 138 498622501.1234324
114 141 15200316.623545175
114 142 2018960688.2124832
114 143 1472607.8866484256
114 145 35519504.13194593
114 146 17900615.82020457
114 147 938358214.6578698
114 149 10037021.44944408
114 150 439461627.68969023
114 152 1000467098.7954088
114 153 10567369.3076911
114 154 2308595085.2176948
114 157 1015873683.5199982
114 160 3992927.2801698474
114 161 2008983.9523547983
115 0 3812022.285854994
115 1 78436392.74851331
115 4 362681469.40554976
115 6 525463246.6934434
115 7 630679027.9884247
115 8 1413761.3406010768
115 9 19533004.81291268
115 10 23039912.362657584
115 11 206227083.20295462
115 12 11329065.31596674
115 13 225396787.87576032
115 14 157019017.0514521
115 15 1181778.1158240288
115 16 7189679.102821221
115 18 629751.2866180501
115 19 231049864.78499448
115 20 5928744.130971774
115 21 32894749.322303515
115 22 480351.4444211583
115 23 195155.91053461152
115 24 2801170.583682311
115 26 312019978.0419281
115 27 1791569.2070539151
115 28 1803505.033073908
115 30 25626577.0113758
115 31 1155294555.2206094
115 32 109957073.41905919
115 35 58906193.30816927
115 37 203027150.24713802
115 38 15760049.517641332
115 40 119077224.18352453
115 42 1569046.0699423808
115 43 82892934.32543886
115 44 231637340.70255938
115 45 51107818.59843066
115 46 46812147.71888131
115 49 383529034.47102517
115 50 4550981.097453662
115 51 601636334.6714176
115 52 16448534.69151191
115 53 202340.29969488352
115 54 283347462.6409662
115 56 26379708.702671736
115 57 57278.868355074745
115 58 82559653.31128797
115 59 756399.4319962737
115 61 11910932.91202567
115 63 3829693.36000043
115 64 45711010.0622978
115 65 6282226.45993581
115 66 6365851.005692736
115 67 302057372.89187396
115 68 15769049.170375738
115 69 52649630.31095949
115 70 1444447037.4671693
115 71 133847088.66020568
115 72 695079411.1999145
115 73 8654130.301103873
115 74 223332289.96055725
115 75 19369203.409719627
115 76 143678154.8401892
115 77 7035047.5962007325
115 79 956279602.2619864
115 80 154367776.4745692
115 83 36520261.54627915
115 84 24402231.895930186
115 86 34636191.16413516
115 87 3411307.3071795
115 88 3793257.6530591035
115 89 13469978.338153755
115 90 8268755.099711739
115 91 18368161.61334238
115 93 25465939.043667074
115 94 178131726.4314178
115 95 1354078.0446789605
115 96 11023794.211574761
115 97 2995154.8792643743
115 98 5495954.990441048
115 101 3267812.6059094104
115 102 190528580.3191328
115 103 27251075.388086177
115 104 1949762.5067513154
115 105 137662318.2064651
115 106 67824050.49205685
115 107 266218379.7375316
115 109 99429239.09804192
115 110 8099604.111234191
115 111 14743671.769939408
115 112 34722550.63114293
115 113 72683710.28601517
115 114 207796092.1555
115 116 29111806.377583507
115 117 369613782.66086805
115 118 10733271.665315753
115 119 11167508.745423833
115 120 9721926.409455603
115 121 3461542.073367026
115 122 2125572.521513174
115 123 2337275.4215473332
115 124 1448913.1988872376
115 125 423569764.5796787
115 126 10097134.852642294
115 127 3324637.8031286607
115 129 431247403.19226444
115 130 66108195.04153131
115 131 123384200.20584291
115 133 461754500.5467253
115 134 26816517.330512714
115 135 22949489.530912813
115 136 5333122.154242709
115 137 998924596.3359522
115 138 328422398.5896151
115 141 57725230.89339286
115 142 529393333.10620373
115 143 2793619.925823878
115 145 128747818.33248508
115 146 56646437.04091455
115 147 697893172.6199621
115 149 1988911.3101418517
115 150 209860982.0048249
115 152 88250817.25877297
115 153 54977812.97083385
115 154 158921618.65915105
115 157 489388651.7953748
115 160 24614021.362803027
115 161 2260696.1220844286
116 0 11784148.907646947
116 1 309110460.3654573
116 4 222328275.81743473
116 6 122989286.27592868
116 7 80382940.90804528
116 11 56459010.48957183
116 12 19089045.759352446
116 13 12272855.276574455
116 14 53764738.835703336
116 16 10461262.97390748
116 18 27171397.958648767
116 19 199465666.62939963
116 20 12358395.522079194
116 21 91584697.43441239
116 23 6368211.30248873
116 26 430507.2154942596
116 30 291888077.0567984
116 31 109515348.60744326
116 32 174352831.37998164
116 35 104585455.62715678
116 37 6736473.287294398
116 38 23115810.33882098
116 40 81156323.94798979
116 43 191887116.07125098
116 44 151694.95287855424
116 49 36776478.31921736
116 51 75729936.28353973
116 54 318340652.53773427
116 56 57920641.986125566
116 57 7232195.161620437
116 58 77565526.44162445
116 63 71320166.4230527
116 64 205406718.5089717
116 65 64247305.64291313
116 66 12526905.40187621
116 67 26286893.539218884
116 68 15871751.048194785
116 70 134190216.76745327
116 72 93570984.56899524
116 73 70836459.18815689
116 74 117525693.8002209
116 75 147051823.07856035
116 76 477029.9670284759
116 79 218603305.8531223
116 80 14043523.977265732
116 84 86193979.05228627
116 89 76894843.78200695
116 93 35296221.517492756
116 94 11818133.84517097
116 95 343672.06900498696
116 97 34329543.75666631
116 101 247306479.59773144
116 102 44168346.41558157
116 103 24816701.10042636
116 105 18594319.619570874
116 106 134481425.35356775
116 107 18745395.431444455
116 112 82088751.62061875
116 113 257944999.91420034
116 114 300615718.77347535
116 115 285361790.55574197
116 117 40908359.42808017
116 121 2958478.1516014985
116 125 23111855.11569352
116 126 55715203.73763318
116 129 263260664.388421
116 130 7022386.116697498
116 131 199769640.74938673
116 133 21792736.857024003
116 134 79896411.88080005
116 137 145572357.7014417
116 138 137626709.6106645
116 141 11076311.514999356
116 142 257991748.07305002
116 143 2834716.631293411
116 145 74174949.75148323
116 146 50984313.80178936
116 147 696874857.7233962
116 149 31784907.74620396
116 150 170642715.80276284
116 152 197115133.2859953
116 153 10985207.955469763
116 154 61438975.121010385
116 160 5793276.2533245925
116 161 65957.77537811935
117 1 3196966.01966743
117 4 260436123.8205743
117 6 167210662.12290946
117 7 130161176.4812684
117 8 85708019.5284169
117 10 10345033.844552962
117 11 187088727.20322058
117 12 2099012.9652885725
117 13 87969471.54793574
117 14 151077669.297687
117 15 5559522.054786993
117 16 2180471.193669937
117 18 1633470.3345202585
117 19 14267302.619644405
117 21 112737111.21367288
117 22 5588951.090106105
117 23 716621.6456487346
117 24 10312835.256941985
117 25 5375092.857023067
117 26 47027176.84036674
117 27 1024531.4641864232
117 28 1057060.3727879243
117 30 40215043.708813876
117 31 119668926.74214198
117 32 92668497.77706832
117 35 2333508.88077244
117 37 210500038.07882527
117 38 9804621.702565078
117 40 244589626.0813195
117 42 623363.4136213065
117 43 52474404.46004429
117 44 3633526.6785875317
117 45 46612796.42874643
117 46 154411285.2045431
117 49 282667873.9756291
117 50 484031.14757073007
117 51 176934269.30345258
117 52 7697836.042066688
117 54 145609734.4554959
117 56 492717752.5036367
117 57 5131853.600668405
117 58 149872947.47013465
117 59 1391781.0240406431
117 61 3567478.9084138167
117 63 34437190.96501989
117 64 6357150.068501189
117 65 717849090.872006
117 66 6208424.9636929035
117 67 4342368.200514604
117 68 9064119.934127886
117 69 20759112.55828698
117 70 28628793.61738365
117 71 252584811.6261275
117 72 531787871.9596991
117 74 419242937.3922399
117 75 30872417.635897454
117 76 134770598.2198258
117 77 15247889.206704983
117 79 69349609.63939033
117 80 84402711.55671403
117 83 4471915.02111498
117 84 55924851.605973974
117 86 304773827.12627053
117 87 25921885.140835237
117 88 1725097.4747064651
117 89 234967683.00621393
117 90 12606099.147249846
117 91 3141457.0397197236
117 93 21836356.860472538
117 94 183493888.0830386
117 95 696164.184807238
117 96 7942085.451351703
117 97 197872712.94591865
117 98 2449978.597149351
117 101 269926265.68061954
117 102 133830050.2704292
117 103 13197444.07252332
117 105 59970239.78412394
117 106 168509359.31892097
117 107 70046664.34304182
117 109 27704924.774136055
117 110 242541.7968740436
117 111 82191217.04290506
117 112 273936197.5918022
117 113 281736506.7083715
117 114 50769719.871041074
117 115 209238724.1248583
117 116 105588553.04422344
117 118 301676667.22634274
117 119 205371.56836238856
117 120 427203.01523387246
117 121 75094.56444979715
117 122 900829.3111781294
117 123 708276.204012302
117 125 255862981.6802729
117 126 36662292.50649741
117 127 1412634.2278141116
117 129 143208256.31588805
117 130 40566535.71427298
117 131 82991615.63178466
117 133 79432431.15575546
117 134 9425092.934214022
117 135 32088414.03380155
117 136 5729115.91643848
117 137 24025678.513252057
117 138 24058853.920612976
117 141 23710966.467650056
117 142 508310004.0206547
117 143 1293909.6362376176
117 145 179746806.10736024
117 146 58135673.910258435
117 147 1099540399.7997081
117 149 2113018.316817512
117 150 38981757.114128925
117 152 324694471.32256967
117 153 62922324.4715213
117 154 122982503.14665708
117 160 12598221.049961418
117 161 14375.7755882848
118 0 25881041.54827056
118 1 21679271.96785086
118 4 326111546.73289657
118 6 745749571.8095202
118 7 157610566.66609
118 8 3300837.1839674083
118 9 766643.0819942142
118 10 51507057.450768664
118 11 191055105.32127875
118 12 2287466.6580481804
118 13 170317324.79711118
118 14 55106433.26957395
118 15 3648391.0651901024
118 18 7799913.078922991
118 19 1335908496.3630364
118 20 12381218.312295152
118 21 195830110.3221483
118 22 23751895.307844695
118 23 3346713.3476261715
118 25 11192854.260679074
118 26 129425241.16765563
118 27 6350364.135065358
118 28 799978.7988031198
118 30 81554901.32915369
118 31 290534512.5541491
118 32 8511009.059757883
118 37 45731726.24492281
118 38 63521641.009125285
118 40 593145412.5785092
118 42 4262775.098122691
118 43 240192891.40898958
118 44 4037859.0712510734
118 45 140959627.20947078
118 46 111586984.71029888
118 49 1779663897.0119731
118 50 19114503.609905224
118 51 7433955553.118394
118 52 8338985.105116548
118 53 2941127.9703919576
118 54 1511554109.4045124
118 56 531307851.2150049
118 57 6426654.0408315165
118 58 192144089.44819632
118 61 7228978.642966664
118 63 54384916.11325761
118 64 260294461.5768509
118 65 2165329478.3250856
118 66 3932513.2119447673
118 67 991314112.1164037
118 68 133325728.00167592
118 69 198240547.8275795
118 70 1115789475.4922426
118 71 1457178951.056038
118 72 5875055514.905762
118 73 18785302.054454878
118 74 5014827920.765966
118 75 34099987.261059955
118 77 24444412.342152033
118 79 2704803059.3733525
118 83 114263949.3283215
118 84 14367084.297150917
118 86 28248264.734410536
118 87 17275072.407485012
118 88 10531850.70427071
118 89 3198869266.30191
118 91 24101520.56910006
118 93 11129204.654367603
118 94 1423662044.3790822
118 95 1605529.8907049822
118 96 15269081.317101855
118 97 448599892.21817666
118 101 3137718562.0691786
118 102 140455353.49341705
118 103 15809184.51107709
118 104 3322714.1085387156
118 105 157296546.27422044
118 106 1152307267.3944018
118 107 81966939.1363236
118 109 16987127.5253825
118 110 1810392.4183367256
118 111 42963471.40931681
118 112 144298817.30170542
118 113 1242999789.2179327
118 114 5824373845.654886
118 115 130832470.03676257
118 116 95497887.40053298
118 117 71057348.00599054
118 119 1634657.0876167568
118 120 3952932.9161020503
118 121 4418354.9084844235
118 122 726465.567431687
118 123 1249183.9735293358
118 124 716780.8163945137
118 125 349399559.60937995
118 126 8919567.575348431
118 127 765275.8800017054
118 129 614757767.8085309
118 130 52859299.08233649
118 131 486789403.68815047
118 133 4601644436.21814
118 134 176384957.5841241
118 135 34729161.18695076
118 136 6621565.897287695
118 137 99760341.06123763
118 138 1306149256.3603458
118 141 10761929.451054765
118 142 2954237210.9658933
118 143 6325904.749537276
118 145 10745730.105313756
118 146 174051568.6037147
118 147 832281389.0343672
118 149 31399980.559689023
118 150 709883125.5043988
118 152 4398294619.600784
118 153 2597873.5969358915
118 154 5749726282.776475
118 157 8026912.794648794
118 160 755550.7154337494
118 161 33257029.963248473
119 6 1319129.586215455
119 7 724225.1590512717
119 14 3016100.6107213884
119 19 333578.7779656092
119 26 1940418.4090969856
119 30 1116161.2613429942
119 37 1692190.228610635
119 40 131043.5931750211
119 45 3605902.7783792485
119 46 621052.3547125574
119 49 10390888.683931049
119 51 151070.647673086
119 54 2256866.087733495
119 56 4095784.0541847306
119 64 701744.3449071283
119 65 2058191.2452180453
119 67 3946709.3697319203
119 70 41679.989185439306
119 72 1063031.648774705
119 74 3746482.8564790003
119 76 3651379.3804496997
119 84 6026137.239004656
119 87 1949090.0619300948
119 88 519624.52752212563
119 89 5526208.317386375
119 90 3094071.059973718
119 97 352516.8897338666
119 101 164561.1992623158
119 106 1405706.1188043458
119 107 1378051.7457498997
119 112 1001812.7845479618
119 115 1945988.633018256
119 125 376716.2350138721
119 126 160920.6231260713
119 129 2778682.9587158584
119 130 2928279.6604901114
119 131 652575.214235055
119 133 88931.14654439823
119 137 203883.22576499425
119 138 250551.67363376915
119 145 2201923.920688861
119 146 782889.240040456
119 147 880087.3366578699
119 149 2727681.48612153
119 152 2219456.8291136734
119 154 4117248.933315749
119 161 3758676.8124414417
120 4 605628.6421482852
120 7 69322.51306800428
120 12 739230.8001800341
120 14 1547867.720409751
120 19 3970827.5178636243
120 21 671332.3075618171
120 22 622832.3154761464
120 26 1139145.3643699014
120 31 2591263.723381483
120 35 389432.012992701
120 37 988755.0580604166
120 49 1817446.6807457176
120 51 244388.01848938764
120 52 1578340.1951825845
120 54 351404.1728670503
120 65 406381.7941907895
120 68 2283865.0728853927
120 70 2037486.398286007
120 72 1328901.264171507
120 74 684775.4204978247
120 77 2719070.9151174915
120 89 1534788.5718895914
120 94 2781308.956273382
120 97 780004.7253273561
120 98 1343484.0639825214
120 101 1193289.1654844908
120 105 489330.25367934385
120 115 3800804.1425219765
120 117 1279432.5505265465
120 118 440692.0276182501
120 125 2929843.7560079372
120 129 3537150.8105385215
120 131 915280.4802421409
120 133 881903.8480199979
120 138 543185.2829919151
120 142 877493.4818425934
120 147 6004079.51417791
120 152 1024168.1648306595
120 154 1226967.0233860118
120 157 2358815.3960960186
121 1 33140.92676696056
121 4 906574.1709475399
121 7 363910.19535992376
121 11 1551009.6183131202
121 14 161216.26588754152
121 18 2175948.1681452333
121 19 203063.6690444168
121 26 1846057.7598627305
121 31 107750.79208458094
121 32 479090.28710295877
121 35 1314613.9285971276
121 37 2594196.86227078
121 40 792237.394374457
121 51 554043.4802310203
121 54 3914835.6787695023
121 56 6580289.555368716
121 64 598076.9326470933
121 65 2056645.9215621331
121 67 342308.36973414983
121 68 2980628.841955782
121 70 346030.6074875818
121 71 10912639.875987852
121 72 780743.2646390696
121 74 1723824.4775147936
121 79 1398977.193945078
121 84 1358310.1664900654
121 89 2929457.507679145
121 94 602950.0390246534
121 101 2227911.2211460634
121 102 860497.2362195983
121 106 949022.4553023445
121 107 1266040.4350145485
121 113 919427.7206953365
121 118 1954770.7146703543
121 119 922200.3954113773
121 129 1069424.511884466
121 130 9590316.867917905
121 133 487030.55199248914
121 137 1189743.6351372285
121 138 112086.31531213288
121 142 4839978.422493867
121 147 2283213.060853797
121 149 447672.4309244034
121 152 935478.3850267809
121 154 465951.5517203099
121 161 728746.7816515765
122 0 4122156.392366116
122 4 566351.0788481296
122 6 2256547.093060375
122 7 2226680.0929079023
122 12 789778.6036215883
122 13 1838258.6213782327
122 14 9151220.533900084
122 26 1140615.728452729
122 30 24420.488357665432
122 31 9303294.436567225
122 35 2039128.1484485462
122 37 2321903.3630874674
122 40 6604170.207562237
122 49 2405076.7284811772
122 51 6346598.027705435
122 54 4261825.677836354
122 56 1335000.5584993372
122 64 3716415.573004484
122 65 2334521.2452098806
122 67 326267.1146548895
122 68 616116.3307435898
122 70 360498.32845076075
122 72 3277712.063410675
122 74 2248278.342541499
122 75 3032275.8094886765
122 76 222290.02404893274
122 77 731863.4281439253
122 79 944201.0594890666
122 84 7817.039121343074
122 89 625763.7913721246
122 94 1072671.6249234641
122 97 212061.17846695118
122 101 3771841.0895103337
122 102 640961.847847121
122 105 8039318.16309589
122 106 2231491.766155972
122 107 162766.22059031556
122 114 4155245.9450318734
122 115 28726.638842265536
122 118 4291749.45691753
122 125 2974597.9820453166
122 130 153763.91854111542
122 131 5251643.103136236
122 133 1849676.6643633435
122 137 268764.3881404736
122 138 2576016.3517203317
122 142 4257498.783768425
122 143 914201.0311419185
122 147 134365.58585467094
122 149 3912604.895756573
122 152 1695057.7219805922
122 154 284321.46538004663
123 6 451045.4077704336
123 7 3063838.5933260554
123 11 3892434.010345508
123 14 756603.3368403242
123 21 1229153.417963947
123 26 346124.04652771633
123 32 3216047.553326997
123 37 1110847.5672895494
123 40 951080.6172903201
123 46 1278706.6081123056
123 49 4476182.838126003
123 51 2161069.089975519
123 54 2596533.833988632
123 58 871449.6144242657
123 65 156628.96051906695
123 70 479597.5484703348
123 71 5864795.7742975205
123 72 1020758.5448003602
123 74 530517.3846680293
123 75 3382455.629684513
123 84 3721800.269067365
123 88 2052845.6603258944
123 89 2423294.6792919575
123 101 3829799.3316040104
123 102 6513283.796375843
123 105 6019906.302493877
123 106 47470.00428146889
123 117 286107.80228891707
123 118 1411356.8366872051
123 121 780053.652368065
123 129 4617705.99945918
123 130 188831.4525042195
123 131 716181.7433300928
123 133 8439180.190075977
123 138 239199.10578677058
123 142 1056106.1295622108
123 146 521822.7690959068
123 147 3020266.368965934
123 154 1991876.8760692733
123 157 1068115.8277455557
124 7 67449.15169255377
124 10 234986.86146479164
124 12 8693.760453202567
124 14 20038.06820741956
124 25 377645.32141320396
124 31 116338.75187799669
124 40 184134.5720505904
124 42 367838.0950579167
124 44 40893.64433871732
124 46 61168.09791150075
124 51 115621.03859978347
124 54 135046.2069398791
124 56 46766.51310421133
124 59 453127.96692249837
124 64 25043.056271988393
124 65 19060.049414634566
124 67 902.9300271641409
124 70 246612.40242077198
124 72 33137.29743588384
124 74 823795.4432722644
124 75 368894.82839161396
124 76 392937.9255070867
124 79 260812.26092495283
124 84 95706.0775976648
124 88 301707.163101527
124 89 25997.059567951826
124 101 348224.3342480897
124 105 562736.985053526
124 106 307191.06698991836
124 115 376322.32471067476
124 116 531076.3572633864
124 129 269641.41105118126
124 130 455662.24549512635
124 133 28810.18484366357
124 134 347651.8584603246
124 137 707226.0653618614
124 138 276166.66637731943
124 141 617810.4761735188
124 142 184576.07901958723
124 147 715343.8983734617
124 149 62055.93952579355
124 150 410400.9167853802
124 152 194479.02739308163
124 153 1469.639239486034
124 154 95584.80795756914
124 161 491743.3739753123
125 1 38393695.200614
125 4 181040933.78446746
125 6 4198136100.718403
125 7 1128372579.2126212
125 8 17333548.39343435
125 10 108384494.48556726
125 11 100887246.51525174
125 12 718609.9616930936
125 13 410654565.57756114
125 14 101461264.37749505
125 15 13102293.138000833
125 16 15266307.878326098
125 18 5044616.202566668
125 20 2805373.846583989
125 21 8708141.268825764
125 22 3441980.153925965
125 23 2160286.083036239
125 24 3234644.275538423
125 25 10228663.95864745
125 26 1038559865.0761454
125 27 6444294.28643271
125 30 306795670.95085996
125 31 48652834.65259305
125 32 33048902.025441896
125 35 30887819.92469906
125 37 65216500.74897661
125 38 8155578.804962834
125 40 38478657.89675833
125 43 58730982.056488015
125 44 135207.96121013045
125 45 187329287.98829895
125 46 45711480.73550016
125 49 659487402.5637457
125 50 36321653.29458983
125 51 207422371.56971386
125 52 19818714.513803713
125 53 2890550.0944418036
125 54 345252535.2101811
125 56 455170347.601551
125 57 419638.7927912534
125 58 56293721.055942185
125 59 8712680.836152524
125 61 12920639.770495716
125 63 27928595.11261867
125 64 1446770694.138558
125 65 933322236.8014525
125 66 15468257.50270437
125 67 158581435.99431923
125 68 159334510.77586952
125 69 211451169.75022122
125 70 1127551579.308904
125 71 728804606.0756133
125 72 1325355177.208504
125 73 18502367.56506038
125 74 31097115.54757722
125 75 111629885.86001812
125 76 195176400.1464247
125 77 11481814.493606528
125 79 319667432.8855164
125 80 258195686.7865195
125 83 123710583.85005082
125 84 65389486.59762019
125 86 26686084.713438693
125 88 2520400.9967961297
125 89 1025379583.441806
125 91 7530740.869715058
125 93 14297754.65503471
125 94 1862767800.1688025
125 95 23180035.19385782
125 96 4124068.109927628
125 97 470714214.6486519
125 98 824079.3193456165
125 101 1810596490.6310127
125 102 72485245.44492127
125 103 1495222.042916999
125 104 2401504.4670833554
125 105 23629232.815910634
125 106 1058817636.9027749
125 107 4386794.557135142
125 109 5574769.620624663
125 110 10471065.668339202
125 111 54543957.86192123
125 112 161790708.0856862
125 113 172370363.45067024
125 114 2173717740.6287293
125 115 703804832.7563863
125 116 5990887.924567012
125 117 240077705.16777647
125 118 109200586.74135607
125 119 354080.93965283653
125 120 10268223.236532306
125 121 5105558.962017996
125 122 822062.4404640831
125 126 4532531.416911688
125 127 12883720.107643476
125 129 1148315797.857829
125 130 152577681.01765907
125 131 130356655.88188279
125 133 1936782310.2430406
125 134 69344290.29987521
125 135 31905897.1622691
125 136 19245143.308409806
125 137 387106950.1150616
125 138 733568062.9381624
125 141 1178967.5231871177
125 142 379535561.4590409
125 143 2081778.3667404007
125 145 13019923.574718269
125 146 491624206.8111018
125 147 2831050608.124233
125 149 4438931.118028321
125 150 197816220.521937
125 152 702068170.5050327
125 153 49028500.40443575
125 154 1301501124.8743083
125 157 1235449554.4931169
125 160 13410608.372102907
125 161 119942834.8856507
126 0 4738932.594825108
126 1 9185139.095681004
126 4 28095651.98061447
126 6 1516332.7547421474
126 7 8213007.478458095
126 11 10654210.315387527
126 12 2451135.0455772057
126 13 11069254.163012216
126 14 7702690.714988673
126 15 7784030.859787071
126 18 2238013.1325594042
126 19 3332143.282507248
126 21 547116.9382277285
126 25 2036261.3557919622
126 26 19048473.37371308
126 27 357162.27071553766
126 30 644886.1658809965
126 31 11713484.440664597
126 32 1306022.8223508853
126 37 1473072.1718995485
126 40 202312.23292859964
126 44 2835520.9306611978
126 45 2461206.7422407623
126 49 13312688.816839898
126 50 963320.7086269546
126 51 20885059.18881381
126 52 4597257.7651637485
126 53 90520.97711907663
126 54 2291860.0168536236
126 56 11443421.76543645
126 58 5968643.297433967
126 64 1300445.0062668307
126 65 3430371.429446161
126 66 4178598.74863024
126 67 11395923.282239227
126 68 18737642.437841125
126 70 8754389.265686035
126 71 17720046.36502648
126 72 1564778.2076473678
126 73 4002126.334548204
126 74 4397474.076856617
126 79 1445803.0707929851
126 84 1643290.9681354288
126 86 3743534.6021723324
126 88 57620.58143118082
126 89 2747511.818010033
126 90 2351792.1928044213
126 91 261839.4568452894
126 93 1507383.2786654995
126 94 49977003.97559063
126 97 13141604.535083856
126 101 22665158.26218631
126 102 13943337.206324754
126 104 7330626.527062995
126 105 732445.3734331282
126 106 1119490.5426202158
126 109 1944459.0603102816
126 110 5311286.253740691
126 112 6406307.222889081
126 114 2366833.0152228833
126 115 34887258.32124752
126 117 32332190.24537261
126 118 11082494.95183627
126 125 6098419.37679486
126 127 2700635.521028803
126 129 10575493.08817526
126 130 8944779.020831225
126 131 6116903.818926052
126 133 948427.9323489203
126 134 1266730.9289959003
126 136 2940518.764701209
126 137 342204.5738170429
126 138 18291177.001785763
126 141 7348987.208787124
126 143 4138431.650449117
126 146 2104288.7431448796
126 147 5974796.739488756
126 150 1616056.4487267586
126 152 8776409.575168114
126 154 9335948.932869913
126 157 36698397.92986988
126 160 18970905.602809444
126 161 2605686.168972226
127 0 1969025.8664988237
127 4 3442608.9879057836
127 6 3048809.7624439085
127 7 4389586.886063843
127 11 4435025.663176431
127 14 712922.7652644068
127 19 24975330.401505284
127 20 15634082.443305288
127 21 11924297.255290527
127 26 950978.1281109136
127 30 11372172.952917073
127 31 4852712.007069275
127 32 357837.02639734984
127 35 4860158.49909464
127 37 668104.3875368033
127 38 6760784.300082771
127 40 1749757.9296782715
127 51 2465107.8850475764
127 54 10428526.313950477
127 61 4137209.948599488
127 64 7395799.3647525115
127 65 2876365.9053221773
127 67 136675.92726904817
127 68 2214104.084834609
127 70 3248143.5429838966
127 71 1151085.8330143348
127 72 3281108.6668743677
127 74 249034.01349881315
127 76 4277981.922890162
127 79 6502149.577808496
127 83 8344418.762910952
127 84 1328280.9326540143
127 86 16394440.306346346
127 89 480723.79875157034
127 94 6787914.200761947
127 101 626898.2892628275
127 105 3016070.4639905374
127 115 545043.336017943
127 117 1573567.6320729542
127 118 39575366.84430649
127 119 3301658.5687670154
127 121 909822.1211859717
127 125 12749710.990845894
127 129 5720701.717229762
127 130 3674624.899612787
127 131 741285.789385367
127 133 1006758.4026322835
127 134 2913994.004354264
127 137 78372.69480246147
127 142 784814.5323739559
127 143 1385163.2771368104
127 145 2563696.531657812
127 147 3351015.6852600225
127 149 860966.4051388646
127 150 2432214.1634848495
127 152 15205830.574646175
127 154 27503.90085095814
127 157 2417803.9161595628
128 0 2141070.538016301
128 6 366170.94027184724
128 7 643052.1415225517
128 10 1023026.3656018219
128 11 3251221.559716635
128 14 121341.91542404192
128 15 963579.4459897581
128 16 1802172.6254487995
128 19 2716297.4659465356
128 21 3193033.5529588987
128 22 465869.5497784451
128 24 818056.5353154441
128 26 4908889.859861385
128 30 2405212.534003999
128 31 539181.1564131633
128 32 832755.2375857043
128 35 1466775.0876798702
128 37 219152.17145308692
128 38 484544.1398750555
128 40 1194248.843766055
128 42 4856822.735039214
128 43 1414801.5296753256
128 45 1994199.1813053777
128 49 1673840.983215333
128 51 634312.4866303611
128 52 702357.1343373514
128 54 267268.9871642612
128 56 561412.4401782962
128 58 392907.75185087725
128 64 553352.0087803686
128 65 91116.94281735382
128 66 591369.0546411641
128 67 480215.3388031293
128 68 2162586.90849913
128 69 423333.8007686157
128 70 4091738.3021680475
128 72 4744669.031698505
128 73 328828.86726386106
128 74 618866.3654816817
128 76 813732.4877229915
128 77 1044260.1428666321
128 79 1401998.3822732542
128 83 1469484.070691463
128 84 181140.8425047475
128 88 324360.51226054097
128 89 1993987.1387922296
128 93 3071584.4476657095
128 94 242391.78820078788
128 95 4924230.865708109
128 97 1125834.6414759385
128 101 2396894.050587824
128 102 540166.7557231836
128 105 2538393.5586818154
128 106 44115.92226315283
128 112 60560.29439787472
128 113 1286291.2938576501
128 114 310569.31309772097
128 115 1094994.118990095
128 117 1884291.0540959502
128 118 538370.7345517075
128 119 1758785.5885232636
128 120 965778.4762198895
128 121 474964.04813557223
128 125 1226268.8515810687
128 126 2135985.214315057
128 129 298770.54402098985
128 130 1157327.7471008622
128 131 2230466.9191206186
128 133 204300.8204165683
128 135 1298499.9579476458
128 137 272020.23938625393
128 138 2143418.5677245352
128 141 1973691.1086420002
128 142 7091023.948290096
128 147 1443059.7633195193
128 152 2168609.125404414
128 154 2862719.5050482233
128 157 1550199.5597181001
128 160 1184115.2530841469
129 0 10702012.960325433
129 1 59616422.41857371
129 4 707501401.3091736
129 6 871281204.4545774
129 7 242078469.87099323
129 8 12157812.588523675
129 9 15144202.233934157
129 10 10452424.89743716
129 11 40381252.63314301
129 12 8310554.344193537
129 13 72874449.27032617
129 14 508247489.35246205
129 15 1549546.78879083
129 16 7925128.1855059
129 18 7997770.339174025
129 19 49436174.575757876
129 20 36275077.259739146
129 21 10974128.14656797
129 22 1758649.044813585
129 23 1831889.1425257546
129 24 64756432.14874714
129 25 34253673.55738069
129 26 1329691526.1936123
129 28 685434.0960209474
129 30 216103331.0251329
129 31 6623752872.726284
129 32 369684745.42365474
129 35 102485339.54356298
129 37 89223791.70986727
129 38 31189803.314813573
129 40 165396493.33434138
129 42 2790175.26988018
129 43 95990705.78122725
129 44 74936685.29567926
129 45 29029764.17899793
129 46 28785659.57315237
129 49 1012348069.1849341
129 50 7741050.816297871
129 51 2011039331.9838963
129 53 245184.85388646365
129 54 274572483.4064286
129 56 265539846.39361262
129 57 2544112.5330937593
129 58 905058.0352001282
129 59 614311.2123796119
129 61 3784659.700262274
129 63 99707874.65757252
129 64 2032631194.1276596
129 65 2023164136.1243684
129 66 35089781.39311403
129 67 3760697341.8506575
129 68 395092701.4100542
129 69 146571215.2277969
129 70 1169378361.636429
129 71 210977248.66394067
129 72 449402072.6006703
129 73 102131083.83661048
129 74 223091529.69627392
129 75 44072738.90442106
129 76 6265140.098904534
129 77 48738309.92052775
129 79 303039026.67828155
129 80 474628746.4296377
129 83 56126184.222801924
129 84 95516350.92828465
129 86 74994929.95095006
129 87 6512560.186941736
129 88 3489188.4127380294
129 89 133135320.7449667
129 90 10496718.508860128
129 93 33928323.90078499
129 94 704527300.6497205
129 95 7231681.062564726
129 96 2841809.282747916
129 97 436421548.9133655
129 98 10423107.824822394
129 101 1180987081.606092
129 102 39109251.81248233
129 103 46814562.396871276
129 104 503861.35471610154
129 105 120226846.70868196
129 106 619725632.1228957
129 107 49578281.10674503
129 109 35728139.65875809
129 110 33754109.651870415
129 111 76389450.47066891
129 112 140712492.14842734
129 113 5774863147.442246
129 114 2132210277.5763788
129 115 154547607.98164654
129 116 23720642.142940063
129 117 34310642.965919234
129 118 246105844.73944736
129 119 525027.9775626493
129 120 3624557.92757723
129 121 3668858.488404946
129 122 2810930.3453557338
129 123 4254041.726187717
129 124 618451.7271694593
129 125 857456749.9409927
129 126 14378696.004946405
129 127 142289.3512577428
129 130 283522278.68638414
129 131 281245658.8033686
129 133 2408888153.0901003
129 134 118166439.00657806
129 135 1149098.8972971425
129 136 8446567.510726094
129 137 114100523.25792007
129 138 1276726409.1688025
129 141 4038092.6797130043
129 142 4249628039.796326
129 143 718539.7496176357
129 145 56522894.89660812
129 146 208298874.74810567
129 147 1429562808.883614
129 149 25999724.343222752
129 150 1178821754.4311564
129 152 4024953469.3326745
129 153 8289167.642348775
129 154 2654258541.498573
129 157 590387155.4154913
129 160 24787566.252509266
129 161 30898118.176372435
130 4 22460254.531474892
130 6 48889754.70913335
130 7 70471570.61000407
130 10 8002964.3032093635
130 12 2190622.9773383406
130 13 108265960.5131064
130 14 526898204.21803474
130 16 631050.9761781765
130 19 67563409.14787415
130 21 178753913.1091618
130 26 16595442.148111518
130 30 114518269.45681024
130 31 184733482.8088749
130 32 94502824.03951369
130 35 44940576.27416192
130 37 4777896.4105358
130 38 82114545.20811343
130 40 338417760.10727906
130 43 16285942.93165694
130 44 36154657.79962359
130 45 6285503.912826256
130 50 39537006.85031086
130 51 403976622.59257376
130 54 24989699.772479057
130 56 164543165.81852147
130 58 193653854.85217804
130 59 107652.30088217776
130 64 52518931.14223231
130 65 40397191.92427582
130 66 20946681.7392492
130 67 43526150.30475222
130 68 41797078.319856465
130 70 54370644.38716787
130 71 422210675.000046
130 72 100897999.75173914
130 73 23854516.1313888
130 74 129632268.54668608
130 75 10054329.712757325
130 76 34114543.66856719
130 77 31724261.755601753
130 79 49253573.40507751
130 80 122980031.16293103
130 84 131048651.35752879
130 86 19380319.550940286
130 87 6192496.474131475
130 88 6337286.222454715
130 89 80522573.87025385
130 91 35841582.8027762
130 94 118883700.83916481
130 95 627288.7147518157
130 96 14271278.009715922
130 97 91115379.92362174
130 101 49160697.32785688
130 102 8325450.441143255
130 103 28632015.578747194
130 105 154411093.4058219
130 106 190844665.5344195
130 107 27349604.899375428
130 109 2712955.3089243937
130 112 562195.8841626928
130 113 139403071.2882109
130 114 7936681.010641485
130 115 62076634.780160375
130 117 86908150.5308932
130 118 20944284.890218914
130 119 462924.6778644029
130 125 125894571.5299169
130 129 43827918.22121213
130 131 87465045.05666658
130 133 118735403.4154828
130 136 9876801.91452194
130 137 31437835.329380445
130 138 121783907.72259533
130 142 132358783.6887945
130 143 221207.5575241736
130 146 115652767.23003095
130 147 190186801.46488148
130 149 1358205.6063907268
130 150 68132520.59455529
130 152 341612999.7396943
130 153 41820967.12799887
130 154 366248538.8855466
130 160 8500158.040593723
131 0 2801038.1692804005
131 1 12089991.710911892
131 4 130273779.2162789
131 6 395636626.4164755
131 7 746324324.683076
131 8 15826665.79430383
131 9 46413865.99965335
131 10 5940804.904981989
131 11 26812200.29713472
131 12 16544753.406275224
131 13 176701951.71686822
131 14 777496699.3989626
131 15 2927195.994186109
131 16 35238228.30565429
131 18 14455590.868905352
131 19 292069396.59115386
131 20 4540888.254349624
131 21 97263846.02433045
131 22 632008.3929482285
131 23 25197.205475501585
131 24 39825255.278416306
131 25 29260336.926077884
131 26 269049378.9833784
131 27 344569.6302183672
131 28 580632.9185635478
131 30 128617414.3206513
131 31 10175313.878295707
131 32 120674726.4715944
131 35 17020767.649118714
131 37 43074852.13463654
131 38 31725783.815590836
131 40 81550852.50678478
131 42 2737862.869630154
131 43 34504441.26835241
131 44 70159829.11712137
131 45 31824404.83842009
131 46 47918798.25744801
131 49 394607388.55825126
131 50 11221929.833057601
131 51 456709363.2761136
131 52 31894965.577070367
131 53 3900067.8738199384
131 54 875236284.8797977
131 56 509337210.61710954
131 57 265138.529486562
131 58 171994328.50135148
131 59 4605407.116617201
131 61 6562542.256348945
131 63 87640936.80303858
131 64 423601550.27217424
131 65 465809420.1504125
131 66 16391124.478127195
131 67 797260986.9458379
131 68 20702392.379483182
131 69 40691425.59916882
131 70 357332889.71469206
131 71 70075637.53028049
131 72 288267911.09709007
131 73 37995879.81893244
131 74 5301557.051391024
131 75 17190137.109443005
131 76 85208438.37679288
131 77 682084.9653528011
131 79 291653343.99613595
131 80 114700889.012147
131 83 28048317.036959518
131 84 143510813.8342471
131 86 78927650.31705876
131 87 6012305.663291867
131 88 1121988.300759242
131 89 386097903.7746948
131 90 1698439.4877668205
131 91 1153151.620757261
131 93 23426968.892838567
131 94 495359613.9099133
131 95 16329955.051524034
131 96 6112740.626949196
131 97 102638736.77993762
131 98 1849648.2242087382
131 101 69855182.7831807
131 102 314850282.12099504
131 103 26300936.75832294
131 104 12180419.13375241
131 105 32992965.781480417
131 106 168067848.52958503
131 107 50512013.26341974
131 109 30698270.61922155
131 110 16587224.48266803
131 111 11573259.807702834
131 112 24720704.97315425
131 113 449558723.7325434
131 114 756033121.9241003
131 115 46912621.84179765
131 116 36476146.760767765
131 117 180252088.89639208
131 118 1662618372.9249706
131 119 25442.304084905318
131 120 2134724.244214028
131 121 1079225.8718715317
131 122 1540694.9077796033
131 123 5483978.61752511
131 124 683897.0125711674
131 125 581093267.007708
131 126 37532725.95410197
131 127 130722.6526132152
131 129 9037463.091817752
131 130 92426318.12650949
131 133 766768848.595596
131 134 85691250.36357434
131 135 11701814.32396939
131 136 1017121.3976141181
131 137 445836221.82690465
131 138 254609863.53667164
131 141 10720025.096036071
131 142 137795162.66773593
131 143 473343.7069709426
131 145 40160212.164360635
131 146 89074223.28392963
131 147 19388411.516093172
131 149 24814111.089772426
131 150 20325345.831953853
131 152 517895554.707011
131 153 22398511.55909973
131 154 293145154.7665606
131 157 690918189.865089
131 160 12254157.047095327
131 161 772742.8447811721
132 4 627092.1835248554
132 7 3166446.910602551
132 14 147210.7353806148
132 26 2131171.371174647
132 30 581692.7820082544
132 32 134138.0803545223
132 35 155295.14649976796
132 40 4456461.79304688
132 49 369044.01449516456
132 51 1119877.6985588148
132 54 3356532.7068388704
132 65 9012303.926754594
132 70 892107.708433269
132 72 11556882.484312743
132 74 2821976.2833347647
132 76 3451807.067982001
132 79 864401.2570050161
132 84 1065249.3672927169
132 89 127133.59669844544
132 97 686920.6952627206
132 102 1795178.4699304882
132 114 6116366.004689243
132 116 1335551.0321439235
132 118 1148430.0010579382
132 130 375849.8615463868
132 131 1119225.2654189372
132 133 1103889.56530158
132 138 1909403.857641383
132 142 2375578.731793051
132 152 544016.7046325173
132 154 1560518.8569120164
133 0 10112832.335191015
133 1 156127728.1014155
133 4 60959222.19726419
133 6 815537696.5984489
133 7 3457839264.1555743
133 8 22634003.859562483
133 9 15228321.1778254
133 10 49950677.50394477
133 11 48234952.146090314
133 12 548662.3164149624
133 13 248988456.6361677
133 14 112947987.4832969
133 15 10585765.653200498
133 16 2404244.6856067134
133 18 35965530.665511996
133 19 6567395760.102161
133 20 8029049.801997747
133 21 3036298.424913234
133 22 17252515.04381158
133 23 1031572.3486074712
133 24 54733845.56390047
133 25 16800813.588888373
133 26 10160696630.759686
133 27 4703283.08913545
133 28 2216765.2211941103
133 30 9211873.929915132
133 31 1861145334.7756274
133 32 56328598.01373237
133 35 16019379.486260464
133 37 12157560.200053945
133 38 1207602.5985631733
133 40 261658858.75945973
133 42 159348.58562966337
133 43 20759435.161047272
133 44 27390134.768840674
133 45 695803034.3161578
133 46 184813217.1216187
133 49 9566143.974756284
133 50 3147113.3619487467
133 51 254369028.62955198
133 52 398154.4498747593
133 53 720427.9591728685
133 54 7961272484.344827
133 56 1745622051.912699
133 57 3117980.549632804
133 58 81771792.56865773
133 59 7271108.4750030935
133 61 2511897.1807828066
133 63 56381766.482999675
133 64 3212070492.748996
133 65 2696509886.3929033
133 66 4309969.285895907
133 67 126901637.61221829
133 68 269889369.886122
133 69 113055438.26442899
133 70 1375279368.8617158
133 71 103027450.16498166
133 72 1094631382.5772657
133 73 31750687.417696036
133 74 506006983.00972414
133 75 48161187.6777409
133 76 3822341.664482064
133 77 85540378.80112475
133 79 376662220.8980366
133 80 22051749.46769049
133 83 33371885.046523303
133 84 104583718.36524929
133 86 118637057.6677112
133 87 10544882.70551903
133 88 150531.47418928836
133 89 316879993.474203
133 90 4208740.101323051
133 91 2000953.3574209819
133 93 36616136.922148675
133 94 10626038879.49395
133 95 11135224.02419151
133 96 20168172.42677
133 97 31599689.42240771
133 98 1400543.8316775598
133 101 2823806320.558635
133 102 272168915.1098161
133 103 23312682.612229425
133 104 4627199.31419576
133 105 15358338.801771
133 106 789032691.9036726
133 107 175362928.01613048
133 109 40928440.49142782
133 110 47748852.93782386
133 111 55333703.50713766
133 112 107934212.71262446
133 113 1155273000.5765903
133 114 118106838.31476
133 115 569126095.3520449
133 116 73544238.64472401
133 117 69289662.17753926
133 118 862722165.6433502
133 119 933963.1531411316
133 120 5353074.386749982
133 121 3750586.592556787
133 122 1013528.3068162778
133 123 1276731.3892587128
133 125 354467184.25402665
133 126 10880368.053482762
133 127 20185341.547474083
133 129 4577243622.782129
133 130 17088080.55087452
133 131 144439589.87336004
133 135 19462379.90716327
133 136 13293943.469021577
133 137 4606986240.214558
133 138 5221653195.631301
133 141 8338838.433325962
133 142 2291816641.8452716
133 143 797750.2793652635
133 145 66429573.164523706
133 146 74439051.92470904
133 147 973270126.4562731
133 149 8037105.6880322965
133 150 581099395.4187651
133 152 131106899.07263657
133 153 94125147.8751484
133 154 4489201520.394397
133 157 274330642.24610746
133 160 8727481.256669099
133 161 33282082.035860542
134 0 1953472.4014880245
134 1 1148437.962236683
134 4 44184030.789910235
134 6 10878522.867145503
134 7 69461958.48684354
134 8 27710922.86393387
134 9 7268253.314680853
134 10 16096279.04721665
134 11 156583561.7482749
134 12 20738132.930580027
134 13 8460805.519592658
134 14 47081730.53611352
134 15 4863938.653002128
134 16 4065485.441141387
134 18 48448961.283317484
134 19 27742635.451602764
134 20 408544.1844404291
134 21 142378065.8879593
134 22 1759090.1691009782
134 24 20524432.295089003
134 25 4833434.3071842715
134 26 20739280.4955038
134 27 4001132.8749972363
134 28 137291.43209091728
134 30 108741436.52542669
134 31 55825446.953877285
134 32 60755220.939542145
134 35 35188342.25748219
134 37 12404366.840545038
134 38 25749306.44967262
134 40 74442476.58686562
134 42 1212357.3453834432
134 43 28287228.707031906
134 44 58617820.90837307
134 45 68303715.59277183
134 46 49117703.48772695
134 49 16283234.439799605
134 50 6423310.870722751
134 51 76369727.77105963
134 52 1409908.8447489627
134 53 82355.24084192661
134 54 56217961.64733349
134 56 117874886.11345482
134 57 5599579.743405965
134 58 20572813.773855764
134 59 2375011.5835799496
134 61 7355610.042448271
134 63 62745258.159572184
134 64 19055714.512926195
134 65 150518818.32728225
134 66 26316840.3539555
134 67 77379732.47131503
134 68 9377866.936664192
134 69 3003043.9225406335
134 70 6762600.902097986
134 71 233685190.62766296
134 72 25864840.388544057
134 73 44671240.72691423
134 74 54549859.64578508
134 75 20693853.655837607
134 76 454622.18758347386
134 77 179896.44428036595
134 79 4255805.071062557
134 80 9885184.860401269
134 83 14221949.011453154
134 84 4733958.610186783
134 86 46721560.265604295
134 87 18675800.29959742
134 88 5769139.320401491
134 89 25967155.46151352
134 90 5085186.700415302
134 91 4999847.718268375
134 93 12087909.750842161
134 94 751584.1734250612
134 95 2615560.0618585222
134 96 1958867.4289026977
134 97 44766997.89564306
134 98 1958525.875169078
134 101 146013336.00679916
134 102 27597930.641023997
134 103 51901220.7070451
134 104 4439605.251738065
134 105 85007995.14189337
134 106 94895704.06696717
134 107 92546508.28244585
134 109 31389058.53428905
134 110 4902604.377419765
134 111 21579383.561477166
134 112 43795247.71716882
134 113 12181419.487580467
134 114 6316563.3385744365
134 115 83410264.8522983
134 117 6221273.609874523
134 118 81718758.84070389
134 119 2069830.7477644086
134 120 5837939.842185982
134 121 2920074.064027259
134 122 3596634.735277809
134 123 1331577.797196088
134 125 32570583.875450995
134 126 2762529.4107080186
134 127 3305501.4484601924
134 129 103741926.07774337
134 130 23255704.24814249
134 131 110068072.97520655
134 133 25722096.008498255
134 135 6579361.101635429
134 136 313845.2979415057
134 137 19381608.141392738
134 138 543732.9962057166
134 141 4621044.473973873
134 142 9391885.872656822
134 143 2298621.8300911947
134 145 18791262.8174236
134 146 46913074.349561416
134 147 43545624.334671296
134 149 39521206.19985042
134 150 106661849.08416995
134 152 51384000.52739726
134 153 2406869.3454373134
134 154 101015387.79496351
134 157 126685076.78491718
134 160 31777112.20950177
134 161 2963663.745576785
135 0 2287090.0936055514
135 1 11738445.67602377
135 4 4745168.0451482525
135 6 48429360.59718366
135 7 5163022.557134786
135 10 39612242.72440549
135 11 4621922.838719764
135 12 5992749.473368329
135 13 50236101.283619545
135 14 1012106.5091481782
135 18 29897282.09532433
135 19 14378569.281971818
135 21 7028090.632015466
135 25 39170493.74025808
135 26 3122765.623157411
135 31 92184603.70137914
135 32 37145896.366811894
135 35 28005136.973664653
135 37 13995859.410257967
135 38 11859530.116092335
135 40 23706008.661302384
135 44 86481427.8587583
135 45 4280876.483135142
135 49 45532602.56165698
135 51 2337461.4723196877
135 52 30272543.74517411
135 53 233559.84301394847
135 54 29774470.386578966
135 56 9535445.89074132
135 57 805128.1490299847
135 58 32459505.476485223
135 61 2702358.7665583445
135 63 34819692.18434805
135 64 6914019.356893412
135 65 8158211.361045239
135 67 3638168.6401425963
135 68 6430744.08084789
135 70 14399093.913627524
135 71 68293002.01754257
135 72 94718901.09726901
135 74 34116346.39609541
135 76 2425818.6881443164
135 77 11727882.806147663
135 79 30257292.168733556
135 83 2634404.95795894
135 84 43287410.64778589
135 87 30605818.928638715
135 88 2025996.6309308053
135 89 30692810.594946004
135 91 36471646.425746046
135 93 18171145.645990487
135 94 9702046.163332917
135 97 5700487.396412396
135 98 2342037.68912705
135 101 8573083.754733747
135 102 55270691.89119397
135 103 1234863.9306788065
135 105 6875809.605732574
135 106 4016022.5854284773
135 107 62921397.385834076
135 109 443757.2267840022
135 112 9069297.199559512
135 113 13240872.667257734
135 114 7010322.365473517
135 115 4466657.356359989
135 116 10919682.446150146
135 117 6341100.164552911
135 119 4557963.009443815
135 122 2608652.769421172
135 125 23967933.281583276
135 129 27109220.57601259
135 130 27360225.053896565
135 131 43886153.603551984
135 133 43900904.62703436
135 134 101110283.15366279
135 137 16479813.82841601
135 138 34689525.45366205
135 141 6458493.350377675
135 142 83306479.21215813
135 143 7442720.092797829
135 145 49423794.27669391
135 146 79193639.06902777
135 147 59907464.00816395
135 150 2452850.54172446
135 152 14582782.937010912
135 154 11281086.305344693
135 157 16522596.506593248
135 160 34023779.245597936
136 1 2330806.837367215
136 4 13733971.37426692
136 6 3551102.815778997
136 7 1792582.0658788802
136 8 1461391.4048168696
136 9 296699.15252205933
136 12 12371296.20199948
136 13 68557.36760020073
136 14 14309571.584015967
136 18 17779523.501397323
136 19 1385128.6792752857
136 20 6593465.646753824
136 21 12071056.634345496
136 25 78024.27598440964
136 26 10597435.2510294
136 30 8314512.429834003
136 31 1135785.304305275
136 32 1436508.2610080366
136 35 1407797.4354468968
136 37 11940664.654241629
136 38 10301059.34593606
136 40 2405574.1600007266
136 44 1699837.207639846
136 49 8807487.945152517
136 50 1225679.8521200938
136 51 727438.8628782952
136 52 2285264.6343680886
136 53 1455883.5724841468
136 54 2835602.941120027
136 56 10858963.435152644
136 57 1503549.890859653
136 58 7495537.74571682
136 61 3428513.194015021
136 64 10913628.223179633
136 65 9988928.955559304
136 66 14061899.137649884
136 67 24881542.786059875
136 68 11690029.791733623
136 70 7371031.688476489
136 71 2149723.8621918294
136 72 1012822.851918962
136 74 18375758.04043175
136 79 1981255.212879749
136 80 13703152.667906314
136 84 10015597.800044652
136 87 20246536.648778748
136 89 5262066.685866505
136 91 408581.66433138086
136 93 10998445.510958204
136 94 792234.1516656006
136 95 1988450.7746490014
136 101 45929667.337167494
136 102 1959245.2968075634
136 103 13432248.702070322
136 105 8670566.127279527
136 107 1906298.8509763882
136 109 5790181.558898836
136 111 2187164.9087646888
136 112 11563854.88741424
136 113 178951.70846462637
136 114 13882807.058777275
136 115 12465451.797076343
136 117 499355.3841624834
136 118 19014038.042452283
136 119 704761.4950800675
136 125 2321796.4112792974
136 126 15297045.906959478
136 127 1952158.424199049
136 130 11768854.696854375
136 131 8027678.677720192
136 135 1921407.9736540583
136 137 3680050.948480041
136 138 6588327.787497001
136 141 3343100.5386388623
136 142 3488354.948054385
136 146 2180474.9430256216
136 147 4295081.036161629
136 150 1238954.1776756062
136 152 1777544.7117462587
136 153 21191190.458666515
136 154 7481267.531701405
136 157 1285135.9773406486
136 160 2458212.843326442
136 161 3596201.8969180933
137 0 12915121.18196646
137 1 30748191.512760874
137 4 153649438.79225057
137 6 1975694722.6839867
137 7 4105946503.624529
137 8 4276257.319842742
137 9 122286339.71127628
137 10 61342745.66578232
137 11 69614114.82634118
137 12 13621142.914587846
137 13 382560369.7476899
137 14 542656506.2419983
137 15 2733024.118049874
137 16 1434603.9599652917
137 18 14886652.330144193
137 19 4033200849.699476
137 20 6490811.949103488
137 21 154743918.00892884
137 22 18673464.030377105
137 23 5882355.05596712
137 24 10759093.01520442
137 25 11813483.230313186
137 26 2222456928.941872
137 27 989741.8558920384
137 28 496734.5447508906
137 30 718213123.9375364
137 31 3594188682.3737645
137 32 132876096.60790466
137 35 218765386.27685642
137 37 91704985.4017515
137 38 383622.4949078803
137 40 1011180653.504537
137 42 665841.8650245166
137 43 46131607.995122805
137 44 76579306.54351988
137 45 159207806.67175922
137 46 8801282.508891866
137 49 1586035949.372748
137 50 3174269.3303247155
137 51 3491749069.414264
137 52 12077685.711750934
137 53 1238094.305628052
137 54 856541723.5785159
137 56 735504961.352324
137 57 7152130.708869697
137 58 14064418.550646946
137 59 6018924.691814377
137 61 1063851.8598800537
137 63 17842558.84563648
137 64 780627360.3747824
137 65 2680128582.5217366
137 66 19020019.86283906
137 67 1527444265.6615355
137 68 895513891.1506311
137 69 147562167.5135874
137 70 782287636.2684546
137 71 645246668.3476002
137 72 130461786.08961144
137 73 64259564.03384248
137 74 1651001389.004974
137 75 85465293.02588879
137 76 276772877.3830788
137 77 7681963.733519274
137 79 7079475586.984433
137 80 253799472.57741287
137 83 22998600.80403803
137 84 266698926.53537795
137 86 3768191.9169064993
137 87 17948813.990742717
137 88 4369752.292584793
137 89 15745565.711088203
137 90 3476605.376976886
137 91 3221698.2720250054
137 93 16977655.0405491
137 94 1642788785.2851732
137 95 11832905.742138078
137 96 9615357.34168719
137 97 534836385.77261275
137 98 7075363.209724503
137 101 5624406491.360113
137 102 510185516.7968695
137 103 26279312.115863886
137 104 2995236.635022146
137 105 21479215.04384888
137 106 1719197232.151812
137 107 68676639.9833458
137 109 8704339.21739397
137 110 1396832.396757573
137 111 34572997.99567267
137 112 69815916.80012624
137 113 1273409660.8538373
137 114 649091905.9871672
137 115 861871282.5433304
137 116 7008464.629834213
137 117 322665407.50831276
137 118 1584443886.4332397
137 119 1245388.2681693227
137 120 2787555.6429556967
137 121 4246936.952254716
137 122 449469.7506117783
137 123 7756742.405561728
137 124 1652767.2283569418
137 125 692181713.6260756
137 126 30880582.992928702
137 127 3430359.3389833756
137 129 1668705023.5191665
137 130 942679015.5239539
137 131 23211976.081593923
137 133 2687359411.367073
137 134 79840164.35866514
137 135 73445254.09674308
137 136 11891823.693568
137 138 1178125987.282806
137 141 2687503.689255887
137 142 744451853.6226038
137 143 9101882.939719843
137 145 9902014.259135932
137 146 93653309.99520713
137 147 145297579.58918384
137 149 6093845.527256534
137 150 98982833.13133983
137 152 933916328.2162699
137 153 41305983.09832479
137 154 285588162.5964942
137 157 1052093980.7316233
137 160 9315875.862003518
137 161 26694082.242557444
138 0 56052701.35440768
138 1 198132057.55378324
138 4 549140351.9076966
138 6 3937746267.4085374
138 7 133293834.337123
138 8 1475125.6455282304
138 9 43485751.03579574
138 10 124622453.36096098
138 11 37310152.62313115
138 12 2277864.040661178
138 13 89352464.23410322
138 14 267409665.6001201
138 15 12524549.007962244
138 16 3093293.845438494
138 18 11633858.251526956
138 19 437224172.42392504
138 20 19695175.073603883
138 21 163986780.51837984
138 23 1254155.7299786317
138 24 12925177.909222536
138 25 33499141.440601293
138 26 1240417786.7128694
138 27 775494.0881261844
138 28 1436623.295166411
138 30 905015216.30556
138 31 1567044817.0932896
138 32 512006439.1800582
138 35 107422842.2867624
138 37 274991547.46626246
138 38 211982934.05117562
138 40 225262493.98130307
138 42 886651.4635321959
138 43 46013108.97556321
138 44 2032047.0387618607
138 45 109760472.73250838
138 46 9421081.937231367
138 49 186025504.62122202
138 50 6044092.613559813
138 51 3116889441.686366
138 52 20330050.5994385
138 53 3901628.452095469
138 54 2997067590.7331977
138 56 264171001.9329666
138 57 1241874.8377518333
138 58 40434577.52223643
138 59 3839478.458535026
138 61 17839675.02014647
138 63 84867157.36723247
138 64 1939598359.9242604
138 65 1140074986.988445
138 66 6939033.42091386
138 67 483706056.71577656
138 68 227610519.96658963
138 69 390684282.4201723
138 70 313416979.996366
138 71 11085272.984972449
138 72 3472924197.5001707
138 73 134327465.21606067
138 74 3824743855.702918
138 75 58277204.994986065
138 76 261985382.614581
138 77 13653218.316451754
138 79 5227058830.316091
138 80 274743.8078000728
138 83 12380766.005624166
138 84 98795574.20970581
138 87 17439312.581118476
138 88 12823635.106963517
138 89 1579772541.6678245
138 90 9982181.92188259
138 91 10784797.764902828
138 93 14944554.373504207
138 94 3789062942.858039
138 95 8304406.175588675
138 96 5224347.18623887
138 97 21837321.141912237
138 98 5197952.923331847
138 101 1062888220.3697305
138 102 273740164.68031484
138 103 10534958.417442018
138 104 3296847.8092017286
138 105 128092785.28418653
138 106 373415122.3706211
138 107 122975259.48572558
138 109 13275799.983036764
138 110 17099975.727195956
138 111 20399329.59448861
138 112 304314289.03921705
138 113 3492487247.3414326
138 114 223761566.93609354
138 115 523661628.39689875
138 116 82254037.25605056
138 117 233984360.93431905
138 118 3840284763.0107408
138 119 1616498.781165384
138 120 3657581.5108003207
138 121 4214367.988045231
138 122 1154115.9556317322
138 123 1951459.0391486604
138 124 4752177.45640325
138 125 1047780404.4670827
138 126 24629269.964800343
138 127 2059091.6832044923
138 129 2011477593.6624453
138 130 206849252.5500891
138 131 124582161.35801058
138 133 1234185474.705861
138 134 58044626.20152761
138 135 10669858.48613593
138 136 756712.0999122737
138 137 1866759329.752158
138 141 68215728.0124008
138 142 973761113.8731778
138 143 602877.0765735754
138 145 15140536.763493026
138 146 67298460.13238482
138 147 285126232.476168
138 149 27911109.805201106
138 150 1823382487.7436886
138 152 10754972959.946737
138 153 11448956.561196225
138 154 11349708315.95148
138 157 7569682.28618671
138 160 23579067.97534568
138 161 24545621.24252702
139 1 163582120.3556072
139 4 218681210.00925496
139 6 146064909.87877968
139 7 701691067.2770327
139 10 11409102.808734186
139 11 24626248.077394906
139 12 2963954.8595405435
139 13 16442493.926163742
139 14 11986747.082919063
139 15 5289443.377218183
139 18 72407808.01668043
139 19 77492634.34869453
139 21 96209828.1206496
139 22 14403207.49620172
139 23 4610255.704255192
139 24 59807720.434438966
139 25 3062490.452115428
139 26 25964350.4162925
139 28 1553186.0787060384
139 30 25254682.645319894
139 31 113144399.2464669
139 32 53003358.49977644
139 35 8268680.899315538
139 37 29218887.214487854
139 38 828475.1260778531
139 40 362108844.27464813
139 42 761486.3186745605
139 43 69158305.00311074
139 44 11471180.934520723
139 45 7290622.101055765
139 46 36410296.59221621
139 49 51955293.31729385
139 50 1793500.453911874
139 51 32386498.79344336
139 52 2215009.996132602
139 53 4840896.592844579
139 54 47932424.568460785
139 57 2054430.0202267196
139 58 9166312.78682979
139 59 23489667.556355085
139 64 180575879.12910753
139 65 19456560.738359056
139 66 3044621.9673269526
139 67 96526999.83278021
139 68 64460664.56421564
139 69 69270156.58296254
139 70 7417614.230835432
139 71 71676046.38655649
139 72 74652347.65837133
139 73 34529753.08933657
139 74 71355751.82287516
139 75 1357184.3700873451
139 76 22721144.79818948
139 77 8078482.246751471
139 79 98387739.4265302
139 80 203395576.49506348
139 83 24014010.152026832
139 84 53947558.28712843
139 87 21003080.06804715
139 88 2413655.416821463
139 89 11792416.871332664
139 90 6851400.932990101
139 91 5143531.953896201
139 93 20370349.62239521
139 94 1041888.3863588594
139 95 5641520.574418395
139 97 80582096.71997179
139 101 102936646.90432924
139 102 8049626.5885559395
139 103 57307869.815804936
139 104 3452389.056883605
139 105 23540678.461971015
139 106 47024025.748297915
139 107 27557380.13982089
139 109 23709442.654276855
139 110 29840484.972476855
139 111 16167775.154795
139 113 16064796.432211174
139 114 154565448.0722401
139 115 83179673.39925231
139 116 44307266.02182204
139 117 15478028.213694815
139 118 109410331.5063603
139 119 851090.2926407267
139 120 868262.6920584469
139 122 30752.894501114588
139 124 417219.2026205684
139 125 821923.0197248384
139 126 48121289.682670966
139 127 11762725.516946863
139 129 19319164.17689411
139 130 116002390.23397769
139 131 76447402.20851403
139 133 114933322.41494806
139 134 1986979.345780417
139 138 21998504.948009018
139 141 1285910.5605657592
139 142 78467616.44207287
139 143 6312632.017988728
139 145 86386480.8934522
139 146 45634184.584604755
139 147 96786035.24553078
139 149 6321730.657641684
139 150 247474810.65709856
139 152 389655088.20187503
139 153 44885962.34049457
139 154 286492218.6400842
139 157 329239.44836963736
139 160 8239012.482605977
139 161 13764779.31340439
140 1 1374482.9066615414
140 6 16411873.664889187
140 7 6653000.168117208
140 11 373712.44131348794
140 14 11594042.370721256
140 16 3243672.7160851657
140 18 8922045.826933235
140 21 10530793.782813486
140 22 3292187.072607703
140 26 16715172.007569086
140 28 967896.006880475
140 31 2648178.5187289864
140 32 30447955.38269442
140 37 3554886.60331979
140 38 6262795.995003269
140 45 25107164.064444177
140 51 5022858.167080442
140 54 10669076.045191536
140 56 9663410.82838121
140 59 267487.7772608556
140 64 1461441.4786117019
140 65 123589.43347408331
140 67 23730284.479698177
140 72 6864023.148705658
140 73 7809480.841929934
140 74 5155524.906864533
140 76 4719474.274367213
140 77 12426257.834821275
140 79 6001693.167648659
140 84 3538446.808010071
140 88 243420.38639768254
140 94 13278341.014842046
140 97 2279963.5656482745
140 98 453249.5738753378
140 101 6611497.341177101
140 102 1825975.6774291226
140 105 35147858.98642574
140 106 13801092.738104193
140 107 6078096.31825038
140 113 4376769.594666696
140 115 2961069.6205557906
140 118 6371285.470731492
140 119 3660312.3798048995
140 125 23518840.259311564
140 129 3803316.832921239
140 130 1586319.6926773007
140 131 7314619.131823182
140 133 2923102.2962422227
140 134 9388122.512133285
140 137 1865131.5840959572
140 138 15540770.863348575
140 141 482552.78626041143
140 142 790928.6311705621
140 146 3585336.528081899
140 150 2786311.149461987
140 152 2714773.742536009
140 153 1350448.7736415775
140 154 3856787.9924056767
140 157 4972634.403731866
141 1 15584177.668164795
141 4 9437418.180819534
141 6 3323003.4162506964
141 7 8990730.371141054
141 10 1578500.6383210367
141 11 8504622.351863785
141 12 1201659.4208054694
141 13 6801582.486934679
141 14 17980270.873774875
141 18 16114469.241552578
141 19 1827477.5787882167
141 20 5730862.219073472
141 21 16191828.870672846
141 22 187264.6456221951
141 24 7207173.79110961
141 25 12412792.051407438
141 26 7394758.373639265
141 28 1035161.9504196605
141 31 10083787.881604776
141 32 6855193.4678699
141 35 3063179.1780672595
141 37 9223459.338352086
141 38 1380409.571858411
141 40 16993738.557024665
141 43 12607762.569277193
141 45 2336905.5744703435
141 49 1168371.6989439973
141 50 4765126.360426582
141 51 1274159.8780006256
141 52 863311.5604948236
141 53 1430165.9495407832
141 54 4641886.015987806
141 56 3706126.4189999118
141 57 1719250.606744042
141 59 961125.1231390735
141 61 488816.70019374223
141 63 10497250.661777735
141 64 2781981.9097231105
141 65 6352498.508703784
141 66 5524393.949969056
141 67 11713904.433587598
141 68 13201187.667932244
141 70 5770922.287899431
141 71 5101761.266826539
141 72 5304687.479620105
141 73 14060113.289380834
141 74 14201652.96858521
141 75 3793999.155564737
141 79 1880202.8424515626
141 80 29870486.499582067
141 84 4809606.575342249
141 86 7715397.5413438175
141 87 2693818.3222160777
141 88 3562555.176745738
141 89 14184738.110372687
141 91 5172897.110790869
141 93 3487481.715178549
141 94 1957977.0507175382
141 95 6950075.43672567
141 97 9045733.13988519
141 101 6484847.95287358
141 102 10159824.373899747
141 105 6468553.831119001
141 106 5060559.497559016
141 110 2371860.642186113
141 112 1714972.406567348
141 113 1869996.5646831447
141 114 4641217.165710414
141 115 5198977.898843948
141 117 5465994.512362225
141 118 7157217.49629213
141 121 1597476.2009530584
141 122 3076123.1584926145
141 125 603669.3823415011
141 127 105694.93397392893
141 129 14895898.7846735
141 130 26134816.51842493
141 131 19907658.144028977
141 133 6409341.251952764
141 134 15619217.36694219
141 136 7052704.5986938905
141 137 9515437.954226343
141 138 22816231.489429407
141 142 19956975.204325564
141 146 15451810.082923748
141 147 334578.94353174145
141 149 13382925.183036946
141 150 33305097.231783986
141 152 39945.259769182376
141 153 9786398.480990421
141 154 3266669.0980523834
141 157 6524383.82904448
141 160 10296417.530375354
141 161 1051807.8893414107
142 0 1187954.7680516266
142 1 122758422.59323303
142 4 229085296.81469214
142 6 1083794133.39232
142 7 2077483999.7402637
142 8 13989929.936037062
142 9 120266101.91221163
142 10 50717330.82101565
142 11 155502065.928649
142 12 12586775.478259526
142 13 23299375.98824502
142 14 54712708.283189826
142 15 308884.015033545
142 16 8693563.747307936
142 18 324843.43386190775
142 19 356668352.0392483
142 20 32889421.092927013
142 21 45857967.05977043
142 22 1211008.4690897795
142 23 1938415.2014102298
142 24 559483.3726302672
142 25 19783640.389234364
142 26 822659197.0519071
142 27 1713451.0107654792
142 28 829256.1641609827
142 30 139209486.94942302
142 31 2878948097.740128
142 32 6953485.486741459
142 35 10668672.718251217
142 37 108735631.7275579
142 38 20879595.81603166
142 40 524853398.58134204
142 42 228430.16543574503
142 43 211322370.69231734
142 44 154289483.15043128
142 45 29825867.314806398
142 46 35656516.818909876
142 49 40145600.346100055
142 50 1078323.689429949
142 51 888420252.7270031
142 52 7019136.814029427
142 53 751898.6938641554
142 54 6667488540.506116
142 56 207223764.0154364
142 57 3022810.467356679
142 58 44755638.320189685
142 59 1069555.625472774
142 61 3170370.8376666354
142 63 9875215.988604827
142 64 1150371094.927616
142 65 792823272.1313132
142 66 34072444.15561202
142 67 427407195.9169418
142 68 961818139.4703856
142 69 551048905.1633929
142 70 146551639.4457037
142 71 978555731.9302906
142 72 1540117508.1483319
142 73 24495985.39046103
142 74 9622709879.350712
142 75 62387741.76268818
142 76 40248530.46895072
142 77 12197069.303201424
142 79 2152188851.592218
142 80 112732256.59828188
142 83 26537872.791181922
142 84 126394611.98975627
142 86 10592430.300833823
142 87 644397.3961815152
142 88 1630982.9159130552
142 89 1036019507.3797357
142 90 24704811.162652005
142 91 3994966.2347512967
142 93 23460564.947721865
142 94 2230557579.716462
142 95 847971.2432940165
142 96 4759021.940944211
142 97 614111269.6963063
142 98 4274093.504354052
142 101 3842083552.259239
142 102 2213749.029872189
142 103 16796084.35401945
142 104 3042103.02147092
142 105 8163577.595504753
142 106 289002416.8025323
142 107 203735709.31578988
142 109 801430.0124842573
142 110 18877421.32316803
142 111 63567501.121753246
142 112 190959446.17894438
142 113 3162647347.1138716
142 114 2794853014.0109735
142 115 453700832.88357323
142 116 259410154.77169457
142 117 814209557.3590437
142 118 1175784940.7170894
142 119 348844.8469456702
142 120 2464145.7394762198
142 121 2806445.5954150343
142 122 556305.4303336949
142 123 8874986.34913206
142 124 171201.64370960428
142 125 768968291.8607631
142 126 3262928.2944660895
142 127 9838561.85446028
142 129 371517563.42069894
142 130 39459652.068353295
142 131 102299032.87134232
142 133 1244400166.1137924
142 134 6713421.424858772
142 135 41284080.597883396
142 136 8221979.321480038
142 137 1238769835.8526409
142 138 7702158013.6240225
142 141 58595931.772371575
142 143 316250.9369872101
142 145 64459780.23641292
142 146 244405216.81655258
142 147 723701024.0742788
142 149 5712086.786760812
142 150 884399441.136517
142 152 1199909609.3198967
142 153 23328632.757285032
142 154 650286198.0721855
142 157 200371159.6386849
142 160 14001160.577236995
142 161 47825032.85464026
143 1 3720244.5552746085
143 4 1678089.717460323
143 6 6026692.7314647185
143 7 2540943.534272416
143 11 3516021.8645753246
143 12 1886552.880964794
143 13 4836952.792986733
143 14 3461386.5273805074
143 16 2624461.6183460224
143 19 7386673.240435319
143 22 3136428.0643811296
143 26 1276924.7335463732
143 30 5312102.0700948965
143 31 4994234.979165264
143 32 1255606.750830538
143 35 11895367.778453767
143 37 11951942.720480485
143 40 8806957.22460003
143 43 8273567.173820378
143 44 18255340.20753627
143 45 12351701.528784933
143 49 3924943.7660393994
143 50 4589400.362270746
143 51 6616600.964163194
143 54 288231.1085502345
143 56 7764035.564920641
143 57 1555620.6058325511
143 58 11623626.332808148
143 63 5298025.338765289
143 64 1298353.993605596
143 65 2530751.400964401
143 66 3473046.3981867977
143 67 69225.75273299156
143 68 1800141.7876940279
143 70 2465966.665466353
143 72 5394197.757626488
143 73 5536299.117488763
143 74 13701804.219447188
143 75 7915743.400316878
143 76 12702385.590266483
143 77 7072973.757629711
143 79 634354.424642798
143 80 4724036.28573575
143 84 6245357.408115342
143 89 534625.4446293799
143 93 166453.5248989495
143 94 1524372.5100393163
143 97 2742543.0398591063
143 98 4082081.249787549
143 101 21314178.725177754
143 103 10476197.148653194
143 104 737095.975844006
143 105 2103843.078884486
143 106 323669.44411675865
143 107 1426486.7967530931
143 112 6671198.435914038
143 113 4271426.5889593465
143 114 12115329.278988864
143 115 16053759.063430486
143 118 6991684.665029195
143 119 282707.309408917
143 121 1107694.8142588043
143 125 778423.2419950998
143 129 11751688.035898276
143 130 29397673.177214876
143 131 7867651.398657081
143 133 5292026.969786549
143 134 2852963.348486959
143 136 1229462.2112294175
143 137 4785797.704027843
143 138 15077745.821787056
143 141 2132244.9642412444
143 142 1647233.0423607707
143 147 6327583.048129573
143 149 1678056.833264431
143 150 11642993.421432503
143 152 8748515.611645611
143 153 15897713.500822969
143 154 711053.909145368
143 157 4384169.124104123
144 7 431904.42143039015
144 12 38136.89998311724
144 14 7142.667780684506
144 26 259808.71509076768
144 40 782922.8858918647
144 51 830869.6212174473
144 54 92719.48795157204
144 65 1495338.076910858
144 67 363883.5430642097
144 70 1028214.8561275111
144 72 1282564.1380599157
144 74 520707.1760099533
144 84 73599.53200214519
144 89 349653.2223946963
144 101 1269313.6635246493
144 112 1425154.9606368516
144 115 158895.29577655965
144 126 689505.3065293788
144 129 598545.4067834624
144 130 300529.94077810616
144 131 2456922.87873959
144 133 229117.99177210577
144 138 331082.4454673185
144 142 446858.91622663394
144 146 660827.7350087654
144 147 871968.266153371
144 152 101174.31618757958
144 154 415447.44372649316
145 6 224620566.33658224
145 7 3422854.7286736155
145 11 3791115.6235074047
145 13 23603452.36656078
145 16 1284300.5029539107
145 18 10294230.71874048
145 19 20934537.979446445
145 21 45633890.07803599
145 22 12904478.486607702
145 23 1805213.8052034343
145 24 17557786.531428445
145 25 4096920.4292690535
145 26 119758200.19344322
145 30 6718691.794362493
145 31 15021335.60971093
145 32 146818711.8607141
145 37 55361536.802890524
145 38 10483408.135083374
145 40 120884316.56222974
145 44 243372.0916946502
145 45 19276397.094525855
145 46 4451581.77958398
145 50 36218463.30263666
145 51 9939297.706590652
145 54 3066184.2488798336
145 56 128242166.8641228
145 59 506009.1763912186
145 63 933228.6960554658
145 64 2028653.5826226082
145 65 67943082.52667281
145 66 32628991.044661824
145 67 118273791.35808897
145 68 205036035.608633
145 71 59992337.016315475
145 72 4797796.0756097585
145 74 64503113.82578694
145 75 13356469.727886887
145 76 75305066.53092727
145 77 40030828.65499079
145 79 53745539.09694718
145 84 73234772.35624109
145 88 118301.60720279547
145 89 99953320.19194503
145 93 4346068.035787769
145 94 65473210.92344063
145 97 44420355.03264513
145 98 405857.6756998741
145 101 109439355.36360246
145 102 51946394.41354118
145 104 7514955.0782591
145 105 122170658.81757325
145 106 22403812.26097945
145 109 13432803.10008591
145 113 44085278.47452977
145 114 51838849.059445135
145 115 37757820.361006156
145 121 504445.69107244845
145 125 54015294.192699015
145 126 9505768.369049499
145 129 32498337.466446828
145 130 22574083.009069894
145 131 89319301.87161419
145 133 47419276.62596045
145 135 10243298.341484055
145 137 38594683.080297895
145 138 29913678.776736677
145 141 89602613.27340087
145 142 7724201.356214354
145 143 704688.4752802965
145 146 22105067.27436526
145 147 38848594.959050104
145 150 207280859.21132007
145 152 18361145.0063874
145 153 126203341.28116268
145 154 22942367.3959706
145 157 18240256.186196268
145 160 1640335.0349142023
146 6 12428312.276283978
146 7 11319364.926337061
146 10 2156554.964814806
146 11 34552347.76958899
146 12 4004620.111910698
146 13 14380156.522930244
146 14 7693373.607912258
146 15 17342637.77975409
146 19 43151358.82919424
146 20 22464517.882530555
146 21 29135322.78753685
146 22 2223876.1460741106
146 24 17970787.22989289
146 25 1005610.854840036
146 26 23742970.12881669
146 27 7045868.7990831155
146 30 16028838.53036822
146 31 154846041.62930465
146 32 320811932.0036784
146 35 2608466.084724103
146 38 22642684.725228745
146 40 17186131.24837628
146 43 72591720.8755013
146 44 159399642.67709905
146 45 254363938.66108352
146 49 950658.5580148308
146 50 15166132.386856142
146 51 140967035.39081123
146 53 1372322.775907123
146 54 92081983.6397973
146 56 163852182.67538187
146 57 965825.2792586746
146 58 10402345.536293615
146 59 6811033.269352967
146 61 2871762.8797009354
146 64 99220420.84502247
146 65 99774473.30684374
146 66 15206907.803800361
146 67 87558790.37833971
146 68 12134596.036941962
146 70 223091382.1508869
146 71 55310915.3414189
146 72 673499804.0027612
146 73 8118403.371984053
146 74 90251225.3170154
146 75 51266346.8394063
146 76 6841133.847705389
146 79 85115534.62151314
146 80 4995959.228056295
146 83 55845972.66944667
146 84 61704973.259494394
146 86 76351020.9059224
146 87 10679916.28423071
146 88 2749333.709342349
146 89 11831258.495200895
146 90 1586858.5169344477
146 91 20484396.971785128
146 93 8055515.818959432
146 94 385016899.364531
146 95 4459476.819440524
146 96 27157257.221890394
146 98 5799310.637452341
146 101 41700842.37059156
146 102 74182628.45214012
146 103 1372188.3618085969
146 104 5939613.827991239
146 105 152778085.7504091
146 106 15023110.21333976
146 107 59067072.992558606
146 109 106427623.91152325
146 110 23556592.419194676
146 112 7840767.903078392
146 114 238389909.31171706
146 115 11601909.280701414
146 116 32188857.71014615
146 117 80351463.48796575
146 118 111098817.80983369
146 119 4719007.797902728
146 121 852912.000124416
146 122 3882119.958506962
146 123 596735.3389252371
146 125 16687032.840219824
146 126 6544545.356651308
146 127 1639041.264047361
146 129 20906006.496631727
146 130 39159332.01795553
146 131 11702414.703311108
146 133 106311922.44205455
146 135 27109340.74272636
146 136 9669726.734554013
146 137 6224277.940003984
146 138 404647777.13797903
146 141 55826838.98774355
146 142 9026256.142147746
146 143 5459873.821019209
146 145 118459735.31540425
146 147 102167394.1177251
146 149 13949261.410935171
146 150 30301281.137470923
146 152 237734057.58591962
146 154 236575432.27364898
146 157 109302178.31249581
147 0 11989263.003270132
147 1 174158413.27743044
147 4 83585751.35043497
147 6 61172524.5186944
147 7 587779057.2245009
147 8 30663766.102708086
147 9 36896685.202091485
147 10 205716247.30887353
147 11 310385264.591611
147 12 7513866.921106695
147 13 123686159.03049049
147 14 79708652.81114581
147 15 14787040.792797374
147 16 10774384.828769427
147 18 12556489.104076209
147 19 2600201291.4135976
147 20 19258038.48182498
147 21 20606326.97692088
147 22 288931.4971977341
147 23 222948.38581229694
147 24 10275996.568739405
147 25 24417354.723515388
147 26 982774017.9539824
147 27 1126646.866408853
147 28 256270.45440926234
147 30 73828504.79674074
147 31 300051724.23612493
147 32 814947487.354878
147 35 243537687.30339
147 37 97557621.76526251
147 38 37943502.048121795
147 40 210203444.69407493
147 42 5161589.779117786
147 43 107392843.0199971
147 44 53971394.999762565
147 45 204244325.94943315
147 46 47066398.73622955
147 49 294800071.05888975
147 50 6035347.640267757
147 51 113546923.83461891
147 52 35183416.25890408
147 53 5064113.618405523
147 54 271822126.9869548
147 56 619240573.302743
147 57 6389409.171403425
147 58 41927712.83760173
147 59 35065467.1394549
147 61 4831375.535696722
147 63 37878169.20572432
147 64 1125951756.1202867
147 65 1112578815.2649977
147 66 21062835.941659257
147 67 984690926.5544322
147 68 138912923.67384002
147 69 33378975.370222066
147 70 1213125180.3864913
147 71 45645041.61380573
147 72 146388620.23784515
147 73 74115747.49536365
147 74 2042565846.8676717
147 75 66492565.304483615
147 76 11757211.637746941
147 77 29263718.301148202
147 79 320977018.2711535
147 80 20585541.10352728
147 83 49768859.0503038
147 84 27258859.093983665
147 86 133776394.3592557
147 87 303880.01471340004
147 88 20019875.52631881
147 89 129511164.18687448
147 91 26342767.839046698
147 93 6661616.8585083885
147 94 2904155867.0106463
147 95 3237401.3399729915
147 96 32702962.732919745
147 97 135075237.48581916
147 98 1052447.2188009263
147 101 1325849088.6459472
147 102 902449513.4662288
147 103 8411866.495004972
147 104 4454861.944687301
147 105 49059629.70568104
147 106 751598618.7444069
147 107 173630364.1335611
147 109 12596699.863392528
147 110 46177979.954969846
147 111 269411.04727065685
147 112 6608011.248401234
147 113 176864389.33382103
147 114 352747687.80337316
147 115 534322970.10814697
147 116 50501550.6874981
147 117 127016197.94806196
147 118 1025568332.8821118
147 119 4439802.481125874
147 120 6308581.699541758
147 121 9056675.688372437
147 122 1191244.4760000517
147 123 3695471.408964485
147 125 369930622.6834836
147 126 32022322.361625735
147 127 513463.7072944818
147 129 486777657.05968094
147 130 262710895.18912387
147 131 142704882.96532315
147 133 134374278.98160005
147 134 114635372.61332479
147 135 66402593.91902171
147 136 1894190.8766230554
147 137 82060830.62571546
147 138 253000581.35076967
147 141 9400463.19563791
147 142 817148067.5074642
147 143 2335341.2437843727
147 145 110322627.66318926
147 146 81098630.36620699
147 149 11361129.23173949
147 150 269377291.48968536
147 152 751544360.3574106
147 153 3645060.177547963
147 154 2154807800.425199
147 157 100164271.74699314
147 160 13862459.784198804
147 161 4585953.272352294
148 0 28800509.929051816
148 6 32883411.4276183
148 7 17751820.529267523
148 12 14856519.143883599
148 14 143518926.7802485
148 16 4237703.483339394
148 18 8291966.486014231
148 19 90576497.40739481
148 21 11904687.070299132
148 26 21735593.57936871
148 31 26094100.63234455
148 32 27294484.14426487
148 40 47925983.62980672
148 43 3024571.5128573384
148 45 128616055.46057086
148 49 28706558.61047549
148 51 56863329.39261301
148 53 2398535.6734716557
148 54 65757449.517175294
148 59 2373276.279806084
148 64 41059389.59809932
148 65 12484591.073932448
148 67 16490372.152333628
148 68 44754838.31837409
148 69 47051234.88244826
148 70 45181005.24827087
148 71 90145532.06508896
148 72 51194522.036140546
148 74 189475649.06794798
148 75 31667130.45067098
148 77 32477486.359392375
148 79 33353851.270509787
148 83 23805967.81963465
148 84 2611958.0314689237
148 89 37621742.52703819
148 93 2578286.7060012403
148 94 4960364.64176717
148 101 3251900.821382841
148 102 21629689.08348712
148 105 6888061.355458171
148 106 56029047.15012131
148 109 28018017.17047741
148 112 20184292.378449626
148 113 77124716.80031292
148 114 8906342.200423213
148 115 63254380.76061657
148 117 62886751.24277198
148 118 15809834.916665154
148 125 73767927.9623569
148 129 30306135.554014582
148 130 43388493.58663763
148 131 21030808.69185815
148 133 39559145.03797687
148 135 10629694.516309176
148 137 307074644.70986235
148 138 29281160.85376406
148 141 6526186.149968635
148 142 5165288.032211028
148 143 2653326.7688137507
148 146 12203649.067527426
148 147 202156164.57894644
148 152 72710744.51040594
148 153 34270766.74500018
148 154 440139.74432019255
148 157 136557345.1304974
149 1 1568614.6833897885
149 4 521361.625043633
149 6 1860816.6457291383
149 7 6365919.994055358
149 10 4138042.7905353364
149 11 4217627.250860974
149 12 2059418.696957014
149 14 899229.0160452541
149 18 2649971.442583187
149 19 4322253.280560407
149 21 84794.17638768598
149 22 5438624.48504451
149 25 9920925.672172304
149 26 6057480.086548382
149 31 9975406.15938639
149 32 1846395.3251116597
149 37 4614503.246122813
149 38 2556090.869889774
149 40 8296752.816996304
149 43 2178010.6625938616
149 49 4389798.183600423
149 51 2310216.421039344
149 54 375113.18719462195
149 56 3035161.555909767
149 59 1366391.9772402444
149 61 6442023.171507475
149 63 4926808.715336158
149 64 2916526.796121893
149 65 497215.9253430108
149 66 138331.70039061576
149 67 4909511.487310036
149 68 5663743.021746379
149 69 1485238.1652241086
149 70 15343170.730101578
149 71 2791728.420356198
149 72 387466.0206348407
149 74 7024952.934622195
149 79 9191365.734704085
149 84 2677359.451184383
149 86 1032334.4054266529
149 87 1540124.068864119
149 89 2480715.7985552587
149 91 4748844.688632903
149 93 1907182.2075705833
149 94 2347096.958710375
149 95 4037807.6178140123
149 98 10762807.38655177
149 101 359240.4298982615
149 105 1159981.2869145335
149 106 754964.8208878475
149 110 1800599.887546825
149 112 21952893.98840412
149 113 1800425.6916152583
149 114 2702466.371993422
149 115 2073809.100274936
149 116 2739335.7834676937
149 117 5817346.2542249225
149 118 3517570.244351858
149 120 290698.715512562
149 122 293350.927591758
149 125 7045445.4235686585
149 129 49308.5367536954
149 130 1424007.986277304
149 131 20969997.804564025
149 133 3365664.6406417685
149 134 1261958.82960347
149 136 593957.3656913202
149 137 16790557.258387905
149 138 852544.2913675583
149 141 3682311.7362556932
149 142 4330336.157563329
149 143 1289038.0784408522
149 145 999134.7882326337
149 146 3056916.415002859
149 147 3407998.168899922
149 150 6971798.547841989
149 152 4339526.094893911
149 153 4153042.613819233
149 154 5435359.424494741
149 161 384709.2808061736
150 0 4150649.2404931234
150 1 206498004.9031933
150 4 40829062.0409192
150 6 352962070.7701616
150 7 85265213.9491344
150 8 19800570.56025224
150 9 4939981.321737598
150 10 5596056.538879055
150 11 9881567.211987363
150 12 15080120.52054305
150 14 12479942.961457465
150 15 923179.1761026015
150 16 28842360.457908936
150 18 10237610.199264884
150 19 274769409.13385487
150 21 33571394.37196461
150 22 4359908.051974296
150 23 545586.3016077547
150 24 5843386.220089828
150 25 27940365.851933025
150 26 39672704.65866341
150 27 1443541.888497752
150 30 90914224.43663378
150 31 168626025.21320492
150 32 144129326.30781507
150 35 13299085.22478678
150 37 36000905.44470113
150 38 86897011.85367948
150 40 603721960.5109062
150 42 406674.81976231374
150 43 39890902.5348583
150 44 215434965.74096626
150 45 15464190.306126738
150 46 22077146.100969464
150 49 212748525.24554178
150 50 2008438.9299222818
150 51 3658442.582026698
150 52 6116740.427634444
150 53 6439272.012790312
150 54 1279043463.7393262
150 56 69189106.90610345
150 57 8668083.783418395
150 58 17273208.491165444
150 59 3388763.895587813
150 61 5620215.6023846455
150 63 36024082.47276609
150 64 21378575.02052034
150 65 404340751.23773575
150 66 6076746.716448157
150 67 387832283.39819133
150 68 40908950.73911291
150 69 15231774.478773462
150 70 168506816.19540745
150 71 264365536.69147593
150 72 5953700.74554617
150 73 28086370.1616725
150 74 95070336.65264766
150 75 61389489.37002869
150 76 4410471.743313315
150 77 11415496.508814763
150 79 1024756005.8394941
150 80 59357481.06279374
150 83 72005018.08005555
150 84 58616237.28652082
150 88 4897439.533780684
150 89 496510057.34890765
150 90 22768642.62984456
150 91 3004570.450832624
150 93 26112073.204130687
150 94 51549332.1132476
150 95 4413833.824220684
150 96 19591854.479597375
150 101 204291401.6307749
150 102 98796029.13399546
150 103 4549036.875605576
150 105 23059205.032637294
150 106 413212223.5026786
150 107 9708622.794546677
150 110 17683707.268592186
150 111 2333993.807499166
150 112 107397012.96889347
150 113 397955011.67982674
150 114 74469919.22328892
150 115 468429445.8193509
150 116 2108815.1835726276
150 117 40545923.71277781
150 118 27901502.040571913
150 119 376346.35728153866
150 120 5274192.38548285
150 122 2579724.549137975
150 125 261070306.58161834
150 126 7528035.342799727
150 127 8667362.336586878
150 129 9636444.737187538
150 130 5470846.062458185
150 131 77544046.53789112
150 133 117548026.85224104
150 134 26306031.331050843
150 135 32050303.955984335
150 137 739158017.4389114
150 138 82067107.4842433
150 141 2956820.106899424
150 142 17544120.055244993
150 145 156252236.36791378
150 146 59445199.51367245
150 147 123143208.39559883
150 149 12052928.566850502
150 152 3928647.645100807
150 153 46185687.40114064
150 154 21172775.067761056
150 157 153246560.23730695
150 160 2909916.9553526714
150 161 18567341.41845348
151 1 43684560.97321386
151 4 119223644.46825895
151 6 573416439.229627
151 7 49488630.20247998
151 8 3326318.58054191
151 10 126152513.81893586
151 11 157381010.58070886
151 12 15850255.715482673
151 13 10971049.041000443
151 14 179439720.525878
151 15 4123244.715958444
151 16 9049407.041229138
151 18 31867136.079710778
151 19 829965693.4655254
151 21 289272995.7189478
151 22 4678055.904950408
151 23 305884.00434628286
151 25 2456534.56500852
151 26 44987256.77973821
151 30 193373639.76862776
151 31 37868738.08189736
151 32 31802427.135646522
151 35 55680780.675633796
151 37 5053308.287659973
151 38 265828140.268028
151 40 399747265.0964273
151 42 2265870.417478886
151 43 31921349.809902363
151 44 47012786.519412614
151 45 208361802.59793192
151 49 144055060.326665
151 50 9504549.275843507
151 51 173523449.962591
151 52 6126889.272096777
151 53 733106.2925754421
151 54 219386057.14802197
151 56 141713718.5831401
151 57 1129893.0262105144
151 59 401408.98436852964
151 61 4529161.646887799
151 63 2098184.7415509843
151 64 352236473.85843647
151 65 175147523.5290828
151 66 17990134.768093936
151 67 402971546.1562095
151 68 150959045.35183784
151 69 13121671.133996053
151 70 703761926.173102
151 71 30942347.790455777
151 72 218394463.20865542
151 73 30999339.715490315
151 74 375911298.1728399
151 75 83368936.92739984
151 76 485476650.61326325
151 77 9464375.409186697
151 79 1165927200.6178427
151 80 263606801.06055298
151 83 3697102.9206273262
151 84 119486791.93690594
151 86 30659871.39008007
151 87 65036.41410122434
151 88 13942928.803340906
151 89 24017295.637519773
151 90 1056831.9834403633
151 91 2956585.9580840482
151 93 9339597.191463888
151 94 324849824.0741108
151 95 15906189.3066182
151 96 247344.75152872692
151 97 634951108.1310129
151 98 24021419.331366915
151 101 233436324.78719538
151 102 145111836.82050222
151 103 44557476.74558193
151 105 22841209.741160523
151 106 229430989.34392056
151 107 87197973.50925846
151 109 15796942.579223787
151 110 3095510.384933316
151 111 12072899.215400876
151 112 3231082.890361135
151 113 58004868.54312893
151 114 157665156.8211837
151 115 195941908.63562602
151 116 33632492.73375515
151 117 19209066.44674132
151 118 359610561.2980273
151 119 3403234.11390105
151 120 45565.398650361014
151 121 3036235.8769396483
151 122 11033086.62169585
151 125 36029768.7341782
151 126 14932062.312065676
151 127 1000812.1050508283
151 129 188358732.06703064
151 130 70500031.84588578
151 131 198266836.0923062
151 133 1563453532.6750393
151 134 10175619.314781392
151 135 24128220.406389542
151 136 9555948.325540984
151 137 1753467723.855143
151 138 1761779601.932399
151 141 18390461.063579325
151 142 695121358.6707386
151 143 976101.3977794063
151 145 30696022.21950817
151 146 134943402.83744773
151 147 283678309.29935443
151 149 2518106.4262006534
151 150 688966338.5399663
151 152 59907746.90008617
151 153 6400532.412478751
151 154 541138473.771544
151 157 189029665.57643268
151 160 9711075.724091616
151 161 11562361.238623887
152 0 21591071.462542377
152 1 8304066.360165678
152 4 229612028.31160632
152 6 2622975898.2779355
152 7 8143459077.249568
152 8 13182943.726068603
152 9 43561227.7740484
152 10 7786400.894917819
152 11 245405285.16152555
152 12 9705297.036593849
152 13 10452846.38958665
152 14 240892951.02687424
152 15 9388000.903067697
152 16 1035722.2854863191
152 18 18326828.663080044
152 19 2455093094.955755
152 20 2770065.4180639656
152 21 65906267.72873289
152 22 6385364.378770138
152 23 318644.6453170968
152 24 20228822.030116357
152 25 18795689.27774749
152 26 177001789.6549057
152 27 425998.70454726584
152 28 650339.607783163
152 30 865733235.4097778
152 31 13355145599.600464
152 32 6273575.548508809
152 35 22352284.342465185
152 37 142552655.91148022
152 38 25332612.38794779
152 40 1310227722.2385302
152 42 3393081.7694547996
152 43 21764251.303728703
152 44 33589797.979141615
152 45 169229255.89064506
152 46 24708503.311095648
152 49 539250413.0184603
152 50 65211943.28195179
152 51 8866773853.04855
152 52 12990340.379707431
152 53 747781.3784806422
152 54 3228744176.510841
152 56 377914081.27327555
152 57 2088047.0278436204
152 58 41354708.84700071
152 59 3910447.078646677
152 61 948755.1226055182
152 63 28250195.2178973
152 64 20070566279.979267
152 65 492920218.5141221
152 66 14847901.976417344
152 67 205790686.3980216
152 68 2178276929.9487185
152 69 360765408.6285226
152 70 2664819913.049589
152 71 197204553.35821512
152 72 9070582975.970226
152 73 121082058.38372146
152 74 11916321952.280313
152 75 94928317.60407211
152 76 117933145.13349667
152 77 103802179.50930925
152 79 673308172.7270542
152 80 40739622.16452667
152 83 49667180.743013576
152 84 142943285.32157707
152 86 38114514.21186734
152 87 22548085.37420024
152 88 31120154.963286597
152 89 2572498442.2048087
152 90 11497026.891500307
152 91 18689932.719826773
152 93 15860640.864764147
152 94 14370013384.871824
152 95 24988936.53764979
152 96 47823139.78964476
152 97 366251470.99826074
152 98 506578.87878771283
152 101 2787364133.9672823
152 102 258477472.7462108
152 103 21834950.096005157
152 104 10393875.80601661
152 105 447393629.7806803
152 106 235779076.04566252
152 107 4252263.147953735
152 109 20413437.963873245
152 110 46901841.96241644
152 111 21089825.396088276
152 112 351737573.1358405
152 113 105783098.69417109
152 114 1348331576.0316625
152 115 2701999787.052736
152 116 604572.3054879175
152 117 102127762.13146111
152 118 2536855039.9748774
152 119 10505273.473203544
152 120 1672600.8415391804
152 121 689380.6747215602
152 122 935903.396792721
152 123 7568313.003004913
152 124 708439.1953197421
152 125 531373509.3777505
152 126 24910854.184718497
152 127 2698046.243254022
152 129 2629300661.419995
152 130 216035159.63956493
152 131 36097549.036518335
152 133 1412910427.5142891
152 134 116547349.04478341
152 135 41956974.28062242
152 136 471747.8626275112
152 137 5113721802.853547
152 138 2459053545.7524915
152 141 48625599.7130763
152 142 5781268991.074783
152 143 5711494.60743569
152 145 108363719.16795552
152 146 1096079737.2039998
152 147 229492044.391291
152 149 4778325.483390129
152 150 46688647.066112176
152 153 4833148.88328473
152 154 77966115967.73944
152 157 267540327.57036284
152 160 700104.3492211275
152 161 36303240.19840644
153 1 25731684.77593194
153 4 21238265.514779557
153 6 14184200.469854336
153 7 9556574.57605798
153 8 2285115.0127833816
153 9 16094065.753474198
153 11 5454394.205160958
153 12 3986889.8039498255
153 14 42797791.721965685
153 16 276544.77409420593
153 18 2753939.829988884
153 19 7931204.171455266
153 21 3253870.698568748
153 23 382530.631547731
153 24 549663.1781729325
153 25 1020333.79469602
153 26 22222454.099897616
153 30 8542595.255892495
153 31 966186.0553008717
153 32 81032771.13397604
153 35 22327697.64371059
153 37 28619156.068531685
153 38 16835361.821756452
153 40 49868988.422271505
153 42 1077277.1309803263
153 45 13576011.878520085
153 46 51568147.38697307
153 49 59657399.726340406
153 50 332243.9989687148
153 51 23443491.807469945
153 52 14577859.732424209
153 53 880388.7041624116
153 54 57763365.640832745
153 56 27093326.0412943
153 59 10791485.206499051
153 61 2059686.216423529
153 63 91053137.04187563
153 64 212811.78786166818
153 65 959563.9538605125
153 66 14534429.696854513
153 67 33564973.19334993
153 68 91404846.52229041
153 70 24010057.044686276
153 71 42130724.65700534
153 72 25774175.77926708
153 73 26829461.423353676
153 74 6799610.677021283
153 75 684217.4358546421
153 76 14990451.54536487
153 77 28756106.474408574
153 79 7822110.754198081
153 80 28001713.445549365
153 83 11108682.277771905
153 84 4213620.85893769
153 86 32396697.297208186
153 89 13318079.93187015
153 91 11204270.994624546
153 93 3830815.0446909163
153 94 12712251.673921224
153 97 6179011.86087987
153 98 6052168.948459852
153 101 63397593.9693415
153 102 29175934.144020714
153 103 2041113.1581537037
153 104 16738285.440259466
153 105 7261698.418078328
153 106 8926565.701381484
153 107 33480083.95630601
153 109 8077700.126090728
153 112 11434599.08518579
153 113 2513786.3678162456
153 114 14505062.5743182
153 115 28893350.220429394
153 116 81138774.7515646
153 117 26354165.131156284
153 118 10077880.753514176
153 119 1231265.9643708968
153 120 1077872.14332332
153 121 3722400.302135302
153 122 520617.8177020829
153 123 4898945.462341646
153 126 11544435.990468502
153 129 24072034.709445737
153 130 36418037.77809584
153 131 14939386.74705021
153 133 21349076.304467272
153 135 3959370.6376632685
153 136 4372500.742764445
153 137 18970600.369688272
153 138 15765060.157330498
153 141 3001986.8171199174
153 142 23215172.22896366
153 145 56676710.39504988
153 146 37744491.813369036
153 147 79901516.28325827
153 149 361189.88010778767
153 150 3895267.510030142
153 152 3312067.685886266
153 154 86805783.08779709
154 0 10919472.480269574
154 1 412378953.54789
154 4 108443878.55751325
154 6 2089441782.7502866
154 7 385791027.0507058
154 8 2234791.9700508965
154 9 2360848.357715492
154 10 69517150.26512547
154 11 407868313.6372762
154 12 9200607.456148526
154 13 66554254.920725696
154 14 168370424.08561146
154 15 10539404.143139666
154 16 27004075.279691774
154 18 1784505.0493574461
154 19 1101201896.661089
154 20 22921721.87105215
154 21 29204303.84314413
154 22 757455.0851628922
154 23 1846142.180871066
154 24 13117426.381028393
154 25 1349611.1273105068
154 26 48441633947.250786
154 27 7295057.53566884
154 30 1072555.8385366718
154 31 19702886420.656982
154 32 55927575.02319571
154 35 34774650.209854975
154 37 428051352.53591603
154 38 9326483.97983218
154 40 986986067.2103918
154 42 1761670.3958942275
154 43 71983056.61605178
154 44 30557611.959572185
154 45 88284670.8046047
154 46 4028570.5423529837
154 49 227777122.63131532
154 50 36811948.22460923
154 51 13758134457.400553
154 52 34971754.305344015
154 53 5751668.207371793
154 54 13999270952.725498
154 56 471430649.1150113
154 57 2799091.396381705
154 58 91490041.01387109
154 59 4632325.876877999
154 61 11572920.87100923
154 63 143100748.3592252
154 64 59895799945.61501
154 65 823897751.6661103
154 66 22506129.78494397
154 67 927263369.9848038
154 68 546669926.2497048
154 69 159529634.0865937
154 70 3536038035.259498
154 71 1547017340.8347468
154 72 130505884130.35597
154 73 58049932.45329958
154 74 20424009338.651966
154 75 6826640.253038739
154 76 75603594.70172457
154 77 95083092.28337911
154 79 4445095188.032227
154 80 224355496.85447824
154 83 92391913.2926577
154 84 175426947.73903397
154 86 60197013.884040184
154 87 13094756.328807153
154 88 15423457.969276156
154 89 2184785555.2424164
154 90 7469416.038507313
154 91 1112321.9957903628
154 93 45090751.31793785
154 94 7705000985.257446
154 95 5487630.003397928
154 96 41661269.03547226
154 97 48648212.336912796
154 98 462721.95473331807
154 101 6541006545.24361
154 102 306114751.15610754
154 103 10252091.868281357
154 104 13238223.270641379
154 105 596533909.6599569
154 106 417447811.5406471
154 107 113994189.74888353
154 109 86810281.3153722
154 110 7578429.958878975
154 111 37318569.65963788
154 112 396868612.54138124
154 113 152195651.0565195
154 114 492665876.87946063
154 115 1480593447.2032387
154 116 11615108.360464402
154 117 571522598.9435561
154 118 289009872.9172892
154 119 12601833.714782339
154 120 3430830.829137113
154 121 693654.6423626419
154 122 1965722.7479132155
154 123 304534.51517612924
154 124 261897.56894461854
154 125 1478210956.5196908
154 126 4944960.326628721
154 127 5137528.641784995
154 129 712206767.6365157
154 130 73902893.69172467
154 131 64954278.07893626
154 133 14874123208.836243
154 134 4841251.705454701
154 135 2339379.667723196
154 136 1759649.8514390024
154 137 2894543473.474636
154 138 1937628832.9174964
154 141 8281978.699461985
154 142 968603219.6797047
154 143 169105.62252389948
154 145 14681523.007170198
154 146 131001615.71736091
154 147 1489908427.7881043
154 149 28742631.64156798
154 150 732919412.4906743
154 152 29635483585.23439
154 153 7105455.550957644
154 157 422945318.3354922
154 160 10225641.496659005
154 161 707451.7529904685
155 4 4205806.373957303
155 6 9417402.585020185
155 7 74093827.047314
155 10 25542648.95521863
155 12 184776.72229477976
155 14 14103144.573561486
155 19 64928169.5395175
155 21 10774805.699606199
155 22 2206065.9746334283
155 25 15774970.538327083
155 26 6830197.2977625355
155 32 119916097.64389165
155 37 7717835.81393562
155 38 12911070.946168479
155 40 12028033.346421536
155 42 918348.237816864
155 43 73734059.52830215
155 45 80960214.04282954
155 49 1955612.2644755754
155 50 26881179.719743818
155 51 115552408.3113464
155 52 3568716.2373372135
155 54 76980649.42688674
155 56 9602140.951962981
155 58 7168148.371454086
155 61 5400050.589636498
155 63 2985915.9770135344
155 64 83988742.47314069
155 65 10190043.36930149
155 67 33070892.621043738
155 68 7998134.834202251
155 70 32302166.949113697
155 71 41948358.50366264
155 72 31533323.531305168
155 74 147927308.21873266
155 76 64175538.997595236
155 79 16206858.903535264
155 86 90925714.80536337
155 89 39981592.62077457
155 91 1040315.4923269994
155 93 3348013.7133908854
155 94 33969535.30058056
155 98 3521369.246751454
155 101 100170058.98193814
155 102 8727234.981548065
155 103 10274824.009704515
155 105 102873125.74759975
155 106 138624743.96421313
155 107 69752363.40953453
155 115 6554029.264448146
155 117 3994036.3067945945
155 118 21498651.33298959
155 125 34148531.8337177
155 126 16221544.86524222
155 129 17244518.013603255
155 130 65965254.88723019
155 131 19723019.680569798
155 133 65604712.77450486
155 135 693171.1924138311
155 137 18558512.107197728
155 138 4892290.122615743
155 142 832158.0401386954
155 146 25632537.981141523
155 147 41574770.94387889
155 150 24088364.329055186
155 152 3263258.0297723874
155 154 5268185.6930227345
155 161 255212.70597896658
156 1 182201.32588535416
156 4 348480.2258994252
156 7 513843.72159290203
156 11 819440.2867490903
156 14 349233.14853733097
156 21 498218.03640132153
156 25 22314.81229385083
156 26 3447738.260441296
156 30 519459.28164368833
156 31 1054206.9107481216
156 37 239941.01644904757
156 49 976618.9878365254
156 51 321410.76917245676
156 54 107645.47923423753
156 56 2136681.365423696
156 63 1243065.728676156
156 64 102309.79688892023
156 68 1106100.8267145476
156 70 876172.8552589142
156 72 1447677.3616959688
156 74 239011.1967223689
156 84 11970.464169729921
156 88 266563.29538739164
156 89 707996.2958241438
156 97 1990082.8591858733
156 101 16824.590476406098
156 106 329266.79982053017
156 114 434760.2174057356
156 115 606664.5784778481
156 117 769729.3509982231
156 125 1743999.145019848
156 130 561989.756510635
156 131 523747.48953366256
156 133 6271.174671851514
156 138 601044.6923611427
156 141 1156380.1024133223
156 142 2021487.7163093712
156 147 1410880.872465173
156 149 2063108.1967828318
156 152 2992813.5417928332
156 154 149525.19764561177
156 157 899755.7436163136
157 0 9423606.61513965
157 4 190027234.94894058
157 6 489972535.4451229
157 7 138165701.52588427
157 10 11627241.624735968
157 11 6641325.369455123
157 12 5589164.366631811
157 13 51467843.771468565
157 14 146467038.48866802
157 18 962646.1182735129
157 19 695841655.4199734
157 21 49063628.02882557
157 22 5774246.156213603
157 23 1196022.101305955
157 25 34231147.698443964
157 26 417467677.28570133
157 30 263778188.26452845
157 31 34053049.95343028
157 32 269102440.2525583
157 38 62134837.6406831
157 40 24343251.358902242
157 43 37478277.57141195
157 44 466617.56127914414
157 45 81132874.99129759
157 46 29422389.941414427
157 49 43857744.32195064
157 50 21044004.366054777
157 51 244308644.47808537
157 52 2764092.3616177696
157 53 2695507.9507255973
157 54 126278981.48839128
157 56 65298448.49404639
157 58 101231548.628332
157 59 5467601.594699959
157 63 20753005.846323255
157 64 24972080.0264168
157 65 43829096.23535545
157 66 89496565.05149917
157 67 42155155.18707143
157 68 1517177.6971292198
157 70 361975227.7979487
157 71 580450785.3549672
157 72 1659811731.9159284
157 73 41529839.15687354
157 74 39675542.407428525
157 75 74102420.41227022
157 76 18046612.21542812
157 77 90971570.15213405
157 79 263865276.62802523
157 83 7615032.5237639975
157 84 69833.62574219736
157 88 7847360.47454428
157 89 176720952.48231003
157 91 12025817.500826016
157 93 24636530.52337041
157 94 94040909.64381935
157 97 1022905346.9402171
157 98 6343887.474634822
157 101 284288459.9668959
157 103 32127504.950342312
157 104 8178509.44557474
157 105 9287323.87257522
157 106 597564255.6912309
157 107 2755401.020747062
157 109 36765767.19413889
157 110 5227117.869796826
157 112 211165420.64175105
157 114 657673014.1384771
157 115 255675811.90285975
157 116 1218093.5479650383
157 117 27736601.851850424
157 118 157043815.69787318
157 120 1128011.7881230123
157 121 2527632.369323667
157 125 584055117.4419338
157 126 50255204.114018634
157 127 3263454.644991649
157 129 283502026.9463562
157 130 840824.2345899176
157 131 10823786.247373912
157 133 61586335.50039831
157 135 4850125.719251775
157 137 179938238.91826978
157 138 43102679.080667086
157 141 9507659.865912719
157 142 36942433.485667065
157 143 9685734.719875477
157 145 45556793.89220348
157 146 232457888.73985815
157 147 66744639.27253265
157 149 9921690.12295205
157 150 88505914.87901355
157 152 284397174.5188074
157 153 113482791.2882732
157 154 66091342.64965628
157 160 45599658.960044555
157 161 47462633.299238406
158 0 33330429.714758683
158 1 168257711.0443859
158 4 273155447.7443332
158 6 56673584.75529686
158 7 1012768176.5337238
158 8 2183206.338509775
158 9 26414964.221080355
158 10 223429090.38164133
158 11 6011808.650872543
158 12 17095938.88370173
158 13 137079446.65140918
158 14 511270244.5564173
158 15 36787.753336686656
158 16 20441011.761505257
158 19 202837848.1255395
158 20 7266569.061154365
158 21 217899640.6892236
158 22 14298140.88102155
158 23 321008.63591531076
158 25 16762408.712336075
158 26 203814733.4865687
158 27 3169312.2958169417
158 30 54131622.23504459
158 31 164104718.51492342
158 32 182169739.00876814
158 35 27111022.7897082
158 37 13645813.644465465
158 38 71452500.08397914
158 40 319723373.61571246
158 42 2163319.821939904
158 43 22665872.80634802
158 44 178053142.47760642
158 45 43700904.38177866
158 49 179256184.63642347
158 50 12043443.476007827
158 51 135209433.52221683
158 52 23641284.911712974
158 53 3830966.6076033902
158 54 483882507.2389402
158 56 520108026.0581219
158 57 2789235.2272810126
158 58 44398086.36258296
158 59 9243322.997221274
158 61 4475953.181366625
158 63 76813645.33520812
158 64 44004622.16815488
158 65 214669712.82332805
158 66 21327892.637320813
158 67 183729882.98726958
158 68 218395433.6861007
158 69 8310829.102569332
158 70 255884508.49052888
158 71 46209352.57666691
158 72 47215173.93159084
158 73 139816591.81237215
158 74 31828581.955978338
158 75 1586714.3283629678
158 76 159687661.7325592
158 77 25819568.8158353
158 79 260532295.99203417
158 80 103645961.07015605
158 83 25578031.528516367
158 84 5849093.791530157
158 86 162640012.38584852
158 87 2442944.5580074014
158 88 226788.5392709123
158 89 11415411.593774332
158 91 3748752.9735819316
158 93 507642.9342098921
158 94 149949011.51897797
158 95 10572763.977169288
158 97 9096226.83489824
158 98 10970056.061211705
158 101 662335309.0568591
158 102 94649739.56775206
158 103 27684501.79420206
158 104 2593432.8666540803
158 105 74777157.20502836
158 106 589042241.1330988
158 107 8431204.734461628
158 110 58823502.32980444
158 111 550411.3217486321
158 112 80985234.25940256
158 113 58348159.55288879
158 114 173299960.85921195
158 115 404808724.4696832
158 116 5360396.563386952
158 117 200198073.60637543
158 118 203052503.07629007
158 119 1004615.9360942057
158 120 132963.26924776996
158 121 996215.4203122541
158 122 2117167.470950288
158 125 612625086.9542108
158 126 56906934.394683115
158 127 12239967.745313276
158 129 114651975.86100711
158 130 79347493.35757181
158 131 123269805.19962366
158 133 306266951.5553819
158 134 135307568.04815573
158 135 65983909.53170242
158 136 8641258.701018052
158 137 363239354.1754828
158 138 139896016.19866866
158 141 54214372.910525896
158 142 65848947.90143557
158 143 2437792.8413048293
158 145 1272962.7727896508
158 146 164253041.30951813
158 147 37431555.89830313
158 149 2377614.435182913
158 150 284577116.79774153
158 152 170844884.80190128
158 153 29798783.397576746
158 154 433999642.4424486
158 157 211492815.91254884
158 160 16889969.046599258
158 161 12059597.777543377
159 0 3595222.9489279306
159 4 32983812.12174872
159 6 62804129.119440086
159 7 23323506.16508748
159 8 22087209.575811584
159 10 11719254.692357862
159 12 3551265.990502011
159 13 117711863.37988281
159 14 23340173.474274542
159 15 6498655.281136031
159 16 4872770.547690781
159 19 36765241.54442065
159 21 154341496.96452194
159 25 278664.92695022654
159 26 21025200.58691592
159 30 8189874.8603265835
159 31 51284647.52339835
159 35 9845710.663931018
159 37 18199566.88268812
159 38 5444355.416180573
159 40 115489801.61356361
159 43 20362845.977897447
159 45 44248985.01236487
159 49 9608133.426611634
159 50 14985.477483637542
159 51 43094658.51990419
159 54 29321220.383920573
159 56 54600115.94168388
159 58 27899356.7874613
159 61 10006813.101498054
159 63 26760850.36568194
159 64 83181419.63162558
159 65 22523142.795601744
159 67 22485623.42838758
159 68 40753506.065129876
159 70 6336240.147519218
159 72 1229788.1077024299
159 74 276509.56414745434
159 75 19484655.86053186
159 79 69534322.67176148
159 80 45719983.02335912
159 84 75500163.61685354
159 88 2520219.197628746
159 89 85033142.6035134
159 93 12953545.183802295
159 94 9574591.868715888
159 95 10622643.806933235
159 97 967000.0984764044
159 101 48738290.288291335
159 105 97431968.8966823
159 106 81709243.5205431
159 107 22429396.0176477
159 112 56642958.4586895
159 113 30679609.597792022
159 114 21160348.80067133
159 115 11404871.601764102
159 117 50368098.31497475
159 118 2498755.439737435
159 119 7351602.273814925
159 121 2748616.863349205
159 125 232480702.58403888
159 126 60476413.605828725
159 129 36672824.70919227
159 131 2824396.4204680417
159 133 61074051.80791273
159 136 2655235.374830471
159 137 44138424.90073499
159 138 115786752.09462324
159 141 11756082.800427163
159 142 62106365.599200666
159 146 48977235.229092464
159 147 29139900.571533233
159 149 13583737.195437007
159 152 2485965.6058919737
159 154 46430960.95761412
159 157 65039362.58234922
159 160 18875427.70440074
160 4 2156364.5234071533
160 6 14257966.35269819
160 7 8253198.802788321
160 11 47364536.84712341
160 13 15192171.910136592
160 14 17494176.03211228
160 15 1722807.0633744646
160 18 993948.1060765759
160 21 15465784.436476123
160 22 2004109.0225813568
160 26 5738651.794524308
160 30 10293145.923754254
160 31 5349794.703815927
160 32 18506218.897177257
160 37 8016334.4012683295
160 38 6317181.726388892
160 40 315024.5246270561
160 44 2818309.1356326914
160 45 6908988.003812698
160 46 1782411.4748900754
160 49 3806654.862129847
160 51 1800395.5802011886
160 52 664391.9002316127
160 54 733992.1964796133
160 56 6624710.850651078
160 58 8340043.037353171
160 59 4999212.579572111
160 64 10013174.597920245
160 65 8189341.523427595
160 67 1966122.9431927633
160 68 20345108.518069264
160 70 24407858.46139818
160 72 5253826.030531212
160 73 10139.228064199513
160 74 7054979.077747639
160 75 8433829.037749356
160 76 1882957.2401864494
160 77 11568380.363209112
160 79 2335183.3963551885
160 80 2064637.556429106
160 84 84559240.24833216
160 87 2525794.243965568
160 88 7184288.952489779
160 89 6635749.437967248
160 90 1913151.0398847412
160 91 7636042.992565486
160 94 7316264.010427101
160 95 1727438.136038301
160 101 11542695.167204794
160 102 14071030.279034365
160 105 9136998.705549108
160 106 9021018.792923307
160 112 9877804.847326694
160 113 12875123.037199862
160 114 1085640.3742697244
160 115 7809096.998738
160 116 18792571.83636529
160 117 9916002.392162379
160 129 194862.3182772062
160 130 7098514.914201183
160 131 3605302.428264146
160 133 5690999.770525916
160 135 844147.1185084385
160 137 3067322.5550045054
160 138 40339588.62072607
160 141 8349600.647686704
160 143 2716541.484785605
160 145 7071201.382800642
160 147 26811494.75718689
160 149 1354376.5148144492
160 152 861955.1067617518
160 153 2063724.4762869766
160 154 2195135.0256063472
161 1 5088420.5123433955
161 4 5258352.549929738
161 6 27726230.45188695
161 7 13162964.852710474
161 8 3622979.9438198116
161 10 8082245.315687971
161 11 56145495.56415216
161 12 15071954.965190584
161 14 12469302.325760242
161 16 2610190.4050220232
161 18 4135728.3209928786
161 19 41456141.05343953
161 22 475359.5550188133
161 25 13276505.739771321
161 26 16352000.904305913
161 30 80515916.94324756
161 31 1182947.3449760098
161 32 15384566.760565355
161 35 12936042.726166857
161 37 14270801.602897488
161 38 2537675.982889469
161 40 10729378.267475868
161 42 2924003.372783412
161 43 32016082.278636362
161 46 24218088.34196854
161 49 16209522.38958946
161 50 2715243.6113561457
161 51 6585814.193694419
161 52 2907132.155535574
161 53 1051150.803292256
161 54 70176027.75501078
161 57 36997.979254903104
161 58 9678401.854057271
161 59 1998013.4061481871
161 61 2142702.5386154153
161 64 15735284.968382802
161 65 37796568.198492914
161 66 65227.28625340475
161 67 19853230.143235195
161 68 45657477.338201985
161 69 25851352.00422306
161 70 16321446.067256212
161 71 18024438.302174233
161 72 108791256.27324356
161 73 3712451.741774339
161 74 20236406.406593032
161 75 18497149.21476172
161 77 24177037.870403364
161 79 68169974.35852994
161 80 40751624.212807454
161 83 13913852.468727842
161 84 47410806.61156127
161 87 196303.91581158756
161 89 3119388.4015105926
161 91 3675410.4822539072
161 94 20384509.903032657
161 97 22670409.990035452
161 101 14048438.935083132
161 102 33238255.299592473
161 103 39305857.170600444
161 105 34530470.276863955
161 106 25919757.42101387
161 107 3196105.759323653
161 109 1150250.1749240656
161 111 4098301.7458136524
161 112 1987312.6360924835
161 113 108967603.44380756
161 114 10531434.6750678
161 115 86842502.66159423
161 116 5939447.784520286
161 117 464268.74034249975
161 118 23091419.170013137
161 120 1366740.2542225611
161 121 4757164.472028711
161 122 5538020.773299765
161 125 60021246.69027513
161 126 11763759.58063204
161 129 18924140.82635831
161 130 9857900.623428972
161 131 2445505.600833915
161 133 27929429.79063251
161 135 6413167.235364352
161 136 10044056.438455898
161 137 19357736.429294307
161 138 4084469.728358124
161 142 12920372.910335418
161 143 2856530.076296151
161 146 7111746.421390052
161 147 9090443.671626164
161 150 23205625.931898218
161 152 2414849.6908375532
161 153 9748252.92884906
161 154 35346646.960089445
161 157 15930654.249952778
161 160 937799.0866461416
