0 1 8823660.602060607
0 4 2639562.4642934566
0 6 8975999.359567799
0 7 9120862.646403646
0 10 2354840.6852221056
0 12 6632061.068795188
0 14 589243.4767908565
0 19 5692596.287285481
0 20 5430676.186737155
0 21 10441296.613628583
0 24 798821.237510174
0 26 8183618.820080393
0 31 10827651.13510724
0 32 2270614.364457533
0 35 8383917.012340826
0 37 377114.6591665309
0 38 2847049.9459066517
0 40 1975510.3033524102
0 44 11024094.051161416
0 45 1141389.1824776698
0 46 7421363.953808254
0 50 131763.67443560864
0 51 9668355.289601944
0 54 1847583.6129368467
0 56 1096847.995697895
0 58 9800656.05098474
0 63 2615348.416663201
0 64 779217.1666167139
0 65 11997667.43829876
0 66 6525045.652894991
0 67 142733.14922309847
0 68 1113518.3376975956
0 69 933886.3365558429
0 70 6237852.151494126
0 71 5384121.142382853
0 72 7140610.864769994
0 74 6022760.371878258
0 79 12675246.34253667
0 80 1541493.885312671
0 84 3781919.9768749564
0 87 11833205.62368483
0 89 2697199.687427194
0 91 6618784.394387228
0 94 7172711.769967592
0 95 3626588.2559024193
0 101 6195656.727318476
0 105 11287099.100132575
0 106 7880410.193493852
0 107 7387344.569951164
0 109 2646696.516360002
0 110 7883125.885203998
0 113 30469628.296196666
0 114 347182.3100455377
0 115 7473734.460200882
0 117 2106214.458570595
0 118 116215.13317340014
0 120 1016004.9098680102
0 122 4039689.1956105134
0 125 2629935.6701269695
0 126 2932837.187799886
0 129 7638006.93992998
0 130 5034207.2878523255
0 131 3816363.838848844
0 133 18677110.686732344
0 136 8268695.824628317
0 137 5753637.259283915
0 138 7041731.870000946
0 142 874059.4249774319
0 146 2178081.3651947007
0 147 1354608.6705725214
0 149 5746855.222142161
0 150 987294.2792148561
0 152 13993098.007327799
0 153 5008330.2819255125
0 154 6256386.264257103
0 157 1221523.7660526065
0 160 8089385.889862622
0 161 42444.156306858094
1 4 197595965.25632134
1 6 130941433.91055998
1 7 200409034.1554848
1 8 753827.7948193656
1 11 162702165.69939747
1 12 12987447.069693353
1 14 217225561.46391177
1 15 10255810.730194977
1 16 1290762.365733926
1 19 130557989.40174302
1 21 135916957.98152545
1 22 1640027.540333915
1 23 1924011.1663022179
1 26 799817417.3494258
1 30 275023712.5407819
1 31 265887437.9389702
1 32 222997402.73007253
1 37 34015994.3590217
1 38 35803947.35463173
1 40 203077768.85339433
1 42 2454107.7293612915
1 43 14331485.154168626
1 45 245737120.03762096
1 49 191933736.78092727
1 50 11698523.117171943
1 51 968020511.7346936
1 53 711830.8737647883
1 54 118574936.19704501
1 56 982902304.0309439
1 58 9565508.801569588
1 64 122080900.69952534
1 65 79302522.88162598
1 66 2380290.917249795
1 67 702474765.9510615
1 70 44961590.024931565
1 72 1770472669.638125
1 73 90803465.60437554
1 74 362147941.41506267
1 76 19911195.250350326
1 79 256795803.68423775
1 80 167402061.3736407
1 84 176825703.74479687
1 88 21563.382657020247
1 89 760330987.2568771
1 94 2114462.4352506907
1 97 101467842.59872721
1 101 134559119.29123878
1 102 95370411.48281887
1 104 2023126.4358291589
1 106 33169340.46382466
1 107 136072392.06263682
1 109 20775904.57607187
1 110 16641561.480092168
1 113 318672181.2921459
1 114 20229169.49075609
1 115 201116796.21336403
1 117 413606485.85416585
1 118 926833751.5785406
1 119 588300.7278606978
1 126 12736335.186994532
1 127 2198283.3598646596
1 129 218074750.30245936
1 130 110545396.78464006
1 131 255259745.15208542
1 133 166622525.6272371
1 134 46049053.248977035
1 135 4955051.22506206
1 137 620525999.5911914
1 138 231186230.83499953
1 141 15321259.91417361
1 142 463891912.9691929
1 145 91519339.61287828
1 146 70363917.62005928
1 147 937782240.7055701
1 149 13532396.466776012
1 150 179327583.77264312
1 152 666285798.4375309
1 154 1083075552.0265396
1 161 20040314.148718633
2 0 37620782.57899656
2 1 138333161.26857838
2 6 14956966.682101052
2 7 22882098.0366863
2 10 67279162.40464973
2 12 1075450.5255429382
2 14 208672311.55343384
2 15 21741630.27203391
2 19 351030752.1052768
2 21 66679797.25456815
2 25 62182083.91147134
2 26 14045120.275947046
2 30 45052280.80877446
2 31 112655136.1109935
2 32 46894618.34677616
2 37 104814845.45513314
2 38 1208954.3533734637
2 40 9393427.149832424
2 45 290643746.2159116
2 50 15839186.184806958
2 51 411188328.824748
2 52 12619233.119151235
2 54 33524652.86132031
2 56 178887939.62319764
2 64 465912669.2782802
2 65 38511897.74556752
2 67 203206939.36808765
2 68 31960559.72959775
2 70 4351072.638195725
2 71 4322471.696460531
2 72 22541172.71490687
2 74 267405353.18704543
2 76 48710453.01608037
2 77 21710212.55136489
2 84 5580568.187998945
2 89 51331404.29564508
2 91 7154274.706624699
2 97 145935846.17534405
2 98 3444065.871935866
2 101 573652897.1535114
2 102 83514974.19617294
2 103 10570588.806355119
2 105 794401.4979279703
2 106 87610271.94373865
2 114 46137994.47949871
2 115 374588504.668998
2 117 6551900.525708271
2 129 160594000.4937374
2 130 19758989.693687886
2 131 17930432.78542114
2 133 429442622.939394
2 135 27872282.941589966
2 137 52273111.012488276
2 138 10427030.293175196
2 142 55289367.74957337
2 147 126482901.60494949
2 149 14918392.970165383
2 152 74092140.9665429
2 154 59301877.34232864
2 157 185623273.85546347
2 160 29858045.26007329
3 0 4827637.868462017
3 7 3388078.7583754635
3 10 1381055.201400327
3 14 504939.5366105492
3 18 887271.8413889725
3 19 493342.71410855453
3 25 197276.11052006762
3 26 301040.0109849098
3 31 1696514.6084972527
3 32 746033.3812816498
3 37 126074.11108518753
3 38 5248106.166095754
3 40 1967419.3813587404
3 45 654249.8292148558
3 49 3874929.1141611817
3 50 706612.9584379857
3 51 165303.24713365495
3 52 3168567.39343495
3 54 255750.4574118881
3 56 3390352.1233248585
3 57 365056.46509812016
3 58 1029468.3632023424
3 59 2293579.825902741
3 63 1360012.0013849149
3 64 3124429.6605144897
3 65 1418745.8388575255
3 67 420156.6426061917
3 68 271651.7082266352
3 70 7378664.518410864
3 72 189521.7790136813
3 74 7674628.377533668
3 76 2455791.4515386536
3 77 1397343.7353193217
3 79 1906058.2770975996
3 84 6651842.743968506
3 87 1453863.8384856177
3 88 31884.56486842378
3 89 5877577.188485407
3 93 896609.8475850914
3 94 358234.94968927203
3 95 3067970.59409671
3 97 11591581.333017426
3 101 1389158.3819314044
3 104 3943860.936959232
3 105 759547.9340254625
3 106 738792.8494476166
3 111 9181405.745590184
3 112 1065547.780185825
3 113 670402.646431905
3 115 2452287.081858875
3 118 219349.45332133808
3 126 3243175.227833529
3 129 1644311.473962683
3 130 2664473.5293865595
3 131 2068973.89960342
3 133 184894.83365491335
3 134 309579.46582568315
3 137 7197248.442798395
3 138 1892383.3475238888
3 141 4766054.316363865
3 142 2056776.3981146133
3 146 2867983.6309948224
3 147 1080241.7206769022
3 149 9319937.6019376
3 152 12123.138841308386
3 153 46640.76648345551
3 154 6042702.850531138
3 160 2323297.0712959305
4 0 3146640.7483033235
4 1 204652797.4669737
4 6 628330333.5420238
4 7 21697092.219234377
4 8 1326805.8969004704
4 9 85972034.43688439
4 11 12855337.032568637
4 12 7489556.183617562
4 13 72866767.77858332
4 14 1493420380.5216775
4 15 6514159.098166561
4 16 13254506.411670793
4 18 58786587.15694052
4 19 101874857.56045821
4 20 10695330.663585616
4 21 26318965.973493654
4 22 2614498.7066973303
4 23 1162101.2948735876
4 24 7999575.006764419
4 25 16677947.748248667
4 26 19308140.122997966
4 31 333947080.2033521
4 32 228920343.48542356
4 35 17210346.390163843
4 37 11234016.850571267
4 38 10303971.706042439
4 40 193183364.81616113
4 42 2683966.8930790196
4 43 112358859.3046472
4 44 58490194.49106497
4 45 179221521.02005842
4 46 223256484.99651474
4 49 26033645.776785158
4 50 29463765.544560246
4 51 627890090.58287
4 52 20232533.084083952
4 53 434694.7731926822
4 54 407989676.8266556
4 56 235874768.72647247
4 57 2024452.7257137469
4 58 91787640.2918006
4 59 17312138.979176216
4 61 4976860.280897718
4 63 12894689.719569307
4 64 524629868.7634514
4 65 62920890.05348276
4 66 2279468.987260121
4 67 6814223.5477098385
4 68 560705110.0629178
4 70 621093114.7425153
4 71 164850836.18009654
4 72 461443530.05378276
4 73 4007886.194999445
4 74 1286945777.0009885
4 75 39333285.47678877
4 76 29781522.314350795
4 77 11266692.1271905
4 79 7038904.809230458
4 80 187140319.9540402
4 83 14350032.363720814
4 84 342624617.9932416
4 86 3298858.1181447296
4 87 4139710.2653390374
4 88 1256159.7905989974
4 89 1696766580.996094
4 90 17620982.61406816
4 91 52732533.20529028
4 93 45283935.36534044
4 94 932268407.1521497
4 95 603577.082223766
4 96 3788267.6444529397
4 97 13260485.690390306
4 98 16188283.9122086
4 101 82814184.6208031
4 102 13597656.976973593
4 104 1949522.0634659824
4 105 50445048.48192486
4 106 349039760.5390189
4 107 3973252.9704204407
4 109 20595312.282038663
4 110 30824225.33211047
4 111 124701766.62793349
4 112 284060246.07934827
4 113 794600878.5406499
4 114 539882930.0261314
4 115 160786895.14778566
4 116 28572578.61228655
4 117 292907788.3384294
4 118 51552710.580197275
4 119 1326335.676544016
4 120 4013415.954411501
4 121 2474495.5495763426
4 122 1897764.7876022034
4 123 1330624.1595855267
4 125 891193555.327761
4 126 6088729.729580852
4 127 222555.76098954436
4 129 4217845.752257615
4 130 7979425.518856876
4 131 135869756.01263863
4 133 524064507.7344886
4 134 5269742.061782549
4 135 10182785.636466414
4 136 2256870.6530125234
4 137 402052001.48462164
4 138 354957913.375989
4 141 28370885.72835854
4 142 1059972128.5198072
4 143 20163645.003472164
4 145 32852032.618580773
4 146 10412648.61758727
4 147 138661861.12984207
4 149 6737468.117809341
4 150 205734130.78303662
4 152 536600390.66399825
4 153 15874527.073265094
4 154 4818443642.5721245
4 157 752831.0804517131
4 160 2680153.4582345476
4 161 1730657.377858319
5 1 505992.15517962346
5 6 516804.0823054973
5 7 3720866.628732506
5 8 10104788.429489389
5 11 2195450.920235348
5 15 1645353.670749693
5 16 2392921.253225435
5 19 596694.8028143989
5 23 21545.014951573725
5 26 5518389.936193345
5 31 3928293.0197361787
5 32 7772095.647322486
5 40 12118625.996605506
5 42 1066504.3276553927
5 45 4490932.130490682
5 49 219074.85726105573
5 51 1673284.7034689365
5 54 2932926.2295433027
5 59 4135746.8143405495
5 61 2701784.57291567
5 64 11390952.465276076
5 65 1476625.9867315704
5 67 2033823.5319494049
5 68 1359923.4853694467
5 70 2144870.653830748
5 71 1384882.6179653045
5 72 3970375.805285575
5 74 8341426.11945422
5 75 8521444.426204268
5 77 4181905.5537698613
5 79 841163.2126608175
5 84 191745.72101510147
5 89 906275.1681669299
5 91 673563.5234503499
5 93 1930449.5263317057
5 94 4018705.06141053
5 95 316378.7253091459
5 97 3727862.8014462283
5 98 9923143.122801024
5 101 3487860.8665750604
5 102 2451973.1939547583
5 105 549200.1023084356
5 106 2897571.6254417677
5 107 6413938.692803272
5 110 1211236.2453905963
5 112 2154385.564076241
5 115 1562521.5657157614
5 117 7855668.531822991
5 119 1168722.000486857
5 130 2971128.691896318
5 131 2619720.8531176555
5 137 2151157.9094156763
5 138 4317549.186449478
5 141 4022506.300942703
5 142 235168.42753964438
5 146 952703.1388565063
5 147 575199.3070554511
5 149 6776265.368671409
5 152 4205622.914835958
5 153 408358.5680630698
5 154 3415615.5032006255
5 160 2913044.5725939856
6 0 6877231.765976107
6 1 202063633.15350512
6 4 342371165.95705444
6 7 779747460.8173832
6 8 11520824.534046639
6 9 20201501.210327018
6 10 145491124.45209754
6 11 110135677.3340649
6 12 18685874.975984666
6 13 266429639.4299425
6 14 332167942.6505739
6 15 6779129.09976471
6 16 1146624.1844290188
6 18 24175588.0145953
6 19 219595990.9942786
6 20 61872793.11869771
6 21 120545745.90973777
6 22 12873635.358121973
6 23 2024469.393260052
6 24 27662694.207717985
6 25 33960481.245479956
6 26 10035452.397773053
6 27 3931978.9429470967
6 28 845165.5330221873
6 30 165482124.7600941
6 31 170892143.6999295
6 32 36519385.61342474
6 35 20786634.474018313
6 37 97675559.53828493
6 38 8652689.844733536
6 40 708467979.3100231
6 42 1084191.7468599672
6 43 121574064.75325754
6 44 11754700.547560917
6 45 176945586.06619436
6 46 25774431.400037277
6 49 1490326791.125592
6 50 29053829.63885184
6 51 366672474.4258271
6 52 3750783.660965654
6 53 12834.84922372539
6 54 2994680760.2561617
6 56 1776962633.6623507
6 57 5651100.346900705
6 58 26698791.369682964
6 59 6947820.328401464
6 61 3747513.4692975073
6 63 32619935.971449036
6 64 4283321080.9030514
6 65 2014787035.081539
6 66 285158.5915648354
6 67 1055565331.4587795
6 68 733668773.3563566
6 69 140329720.20383906
6 70 411130301.35473996
6 71 77624044.53411855
6 72 4271135749.088783
6 73 3792107.4348187884
6 74 750847087.2958407
6 75 41897443.45491065
6 76 102175578.97776902
6 77 104305261.73863202
6 79 3351508767.4926867
6 80 23706698.80741276
6 83 8878011.249076813
6 84 65144501.328169644
6 86 15138666.686247868
6 87 3092628.7996335262
6 88 3607805.1861503054
6 89 39111838.89801694
6 91 559104.9645034524
6 93 22512488.218100537
6 94 59588752.859853536
6 95 805464.6132651963
6 96 21728036.822236303
6 97 80771967.07018875
6 98 4481364.950814072
6 101 1502365454.1012304
6 102 302322298.67294586
6 103 4132691.9570068596
6 104 2923203.4768165248
6 105 159234810.1790978
6 106 660735730.7206078
6 107 256666100.16620228
6 109 2120850.0776458085
6 110 1394501.5904243528
6 111 13017832.022294387
6 112 14971479.213073721
6 113 740852243.9486457
6 114 2923206572.3792005
6 115 340609622.26828253
6 116 9932994.003566982
6 117 264018788.79240033
6 118 1054323623.2147725
6 119 5529814.133402559
6 120 3195176.500894525
6 121 1646286.0259328985
6 122 2807097.8499188004
6 123 1102296.1527762276
6 124 704525.0011052035
6 125 1164484953.1224837
6 126 40680131.35704894
6 127 4066769.6831819452
6 129 2015094482.5727892
6 130 76251542.73729864
6 131 94352658.39611194
6 133 1170762483.1567874
6 134 68689284.4857577
6 135 40295177.17999816
6 136 1525259.6561971055
6 137 462584408.1202792
6 138 349046502.5593296
6 141 15904196.87823206
6 142 737375448.4637294
6 143 1939258.0962562675
6 145 19931901.44535777
6 146 130796688.80193347
6 147 813741370.0864594
6 149 3437433.5713566574
6 150 139479771.34325913
6 152 1160901747.4587712
6 153 10500583.838633277
6 154 1317154940.1794195
6 157 186688318.45821592
6 160 4022125.7336099534
6 161 4861497.537119686
7 0 32881017.084415086
7 1 7216331.4300128585
7 4 58306664.74408105
7 6 217422513.45101207
7 8 21385372.56708717
7 9 9513757.639368324
7 10 1589904.1278373012
7 11 81773726.17809738
7 12 5564528.4061631765
7 13 413831444.7424486
7 14 165898843.051463
7 15 2753176.934545762
7 16 7430159.539668114
7 18 15383153.430573106
7 19 107368437.7386927
7 20 8071220.917319085
7 21 44108872.03868293
7 22 3135496.2648563874
7 23 962423.4113014084
7 24 15480199.738517718
7 25 22544744.154200636
7 26 503506312.82383674
7 27 7892156.564547235
7 28 2733065.9809749136
7 30 1172867195.2862341
7 31 2193015377.337471
7 32 12147184.854484566
7 35 235674744.73524213
7 37 40279930.05751796
7 38 7132959.385249579
7 40 2559039765.341726
7 42 1118371.5564843784
7 43 85031023.56609647
7 44 36179546.87694862
7 45 16115976.941076629
7 46 80243925.31736112
7 49 128229565.59691381
7 50 12223150.855491165
7 51 1033131320.1061225
7 52 1658520.4608941243
7 53 299350.32541027106
7 54 69703317.11945432
7 56 277970288.5238491
7 57 174508.17616791488
7 58 4267791.897402837
7 59 7465488.918249173
7 61 6413328.843212082
7 63 67542203.19857273
7 64 2171425670.6847553
7 65 798321512.3343959
7 66 8641668.579382353
7 67 214700080.93545026
7 68 361230633.148748
7 69 250207965.00095534
7 70 104812023.48826395
7 71 1041830717.2433337
7 72 2296061202.2373133
7 73 123192686.00700855
7 74 444619525.8663489
7 75 58708127.57701263
7 76 107312445.29440314
7 77 135583654.84656167
7 79 211341402.97294953
7 80 82742407.4297204
7 83 7408501.512365298
7 84 92624462.55420731
7 86 311975997.8425574
7 87 3678703.5222663707
7 88 909699.3451836663
7 89 929858437.5654411
7 90 2206020.5442371755
7 91 32872235.76944308
7 93 24117789.70372533
7 94 1526456842.8107471
7 95 3660091.583753896
7 96 16038189.123712799
7 97 75332795.7166667
7 98 11598018.136503233
7 101 2235483416.630424
7 102 866597.2689929971
7 103 7010876.03182976
7 104 128325.14776654477
7 105 263594767.44067958
7 106 309025783.4729937
7 107 18784888.983427126
7 109 31851766.612863977
7 110 10556493.887873586
7 111 16474923.13086084
7 112 110347469.02062087
7 113 1013323096.5860832
7 114 44972884.42365619
7 115 1930578375.13606
7 116 48656167.660126135
7 117 190324295.68073764
7 118 819502160.9584228
7 119 176702.86318991287
7 120 4047636.3753011664
7 121 1073863.106695355
7 122 1057124.5232145523
7 123 3907015.309462748
7 124 1300589.8282740107
7 125 771065649.6459506
7 126 27294600.73113106
7 129 985776062.0725791
7 130 22931318.77018064
7 131 11050175.321238667
7 133 1730026460.7410898
7 134 49884904.928260684
7 135 21471896.13129593
7 136 12066250.80442738
7 137 750347931.6975964
7 138 1409486929.9918666
7 142 2119982866.3324733
7 143 15125827.970087234
7 145 90720313.48152381
7 146 50938281.80055523
7 147 4265526915.0324974
7 149 4336215.67230992
7 150 70132731.17097113
7 152 5288057551.606037
7 153 41094355.67426255
7 154 632027770.0836132
7 157 369379319.002404
7 160 41822111.80885708
7 161 33314094.219671052
8 6 26559914.38666409
8 7 12379869.318157332
8 10 170693.60403359024
8 11 55829662.49943532
8 13 16700515.377330326
8 14 22212980.41279724
8 15 4351986.130800712
8 19 61558204.1237287
8 26 12434962.067039263
8 30 7594725.234360469
8 31 14747185.807006616
8 37 35170088.73590917
8 38 15745798.774943002
8 40 26587383.467994884
8 43 7955326.939565205
8 44 12341850.292889576
8 49 77462125.02374382
8 51 10917952.12177497
8 54 41537669.42282105
8 63 2559908.72229135
8 64 97797.32501650086
8 65 63952978.058082275
8 67 15881291.827175712
8 68 2129152.4336063624
8 70 1193513.3347080697
8 72 5387560.946470505
8 74 3617183.0369118256
8 79 47661943.142053396
8 84 30214332.270741016
8 87 3829019.1280170116
8 89 2390293.385068462
8 93 14028653.261740567
8 101 10249083.812571662
8 102 52370415.01780096
8 105 12082822.227905056
8 107 10178588.500897389
8 114 8958247.603070488
8 117 28012937.958537243
8 118 12325877.496357545
8 125 32390137.31663905
8 129 9249564.555959111
8 130 56160881.90288878
8 131 6484534.693649385
8 133 70157597.90591902
8 138 14910110.509358248
8 141 8575902.875535676
8 142 19858900.58369917
8 145 29586312.7404572
8 147 109767205.29682161
8 150 7973888.553097188
8 152 7703999.838717584
8 154 13886369.80601717
9 4 38004665.65972698
9 6 8497713.201131932
9 7 6923178.922744621
9 8 7744336.910164257
9 11 2606342.4860247946
9 12 1457795.4917744074
9 14 531813.2196931965
9 16 6605864.821509684
9 19 2285747.0702604805
9 20 8348206.303086737
9 21 4912029.757823217
9 23 980069.1910701707
9 24 8104153.225031214
9 25 234802.27944675958
9 26 327001.14795633324
9 30 3744693.6715146126
9 31 48332409.11485363
9 32 11665179.769605618
9 35 191730.14270888403
9 37 4865219.735611041
9 38 9978097.08680162
9 40 4812958.60593821
9 42 3391152.111945231
9 43 1488311.661185717
9 44 117754.52566164086
9 45 33949067.24427541
9 46 7482186.782415786
9 49 5967326.628191167
9 50 459179.9240401752
9 51 6519250.72095362
9 52 8321171.722876253
9 53 4972862.721372102
9 54 40395406.89685104
9 56 5763452.349160756
9 58 6875981.581151335
9 63 5574628.488128111
9 64 1826193.2482682518
9 65 38541726.7181088
9 67 1590307.7329004332
9 68 26464880.16326972
9 69 13964553.06308377
9 70 5772956.616855779
9 71 10792957.10633456
9 72 14140218.810677174
9 73 19213580.641514547
9 74 5900088.4326084675
9 75 13422049.250511248
9 76 20278862.474726282
9 77 12827983.207031697
9 79 10371272.69705503
9 80 5850648.7705568075
9 83 9355519.559826173
9 84 897109.0496687307
9 88 1595829.4784688314
9 89 26040026.14858748
9 93 4152128.9136759546
9 94 14261053.278396668
9 95 160903.5913781624
9 96 1890892.1848028558
9 97 5806816.505774617
9 101 13233700.665612493
9 102 17513231.055289
9 103 2066798.8644429971
9 105 668986.8929819152
9 106 27781713.589246083
9 109 729183.1712502454
9 112 467689.0622061396
9 113 14729352.468541045
9 115 6261277.228401892
9 116 7646400.278729747
9 117 6196056.732919127
9 118 782011.219553843
9 119 1646264.3379886944
9 125 16614499.18272443
9 127 2123858.1833233316
9 129 1161195.8834119437
9 130 50078193.363434955
9 131 44421541.15997418
9 133 22502819.381679308
9 134 1729927.1640496284
9 136 9527473.481020015
9 137 13515365.556109028
9 138 9537512.399861552
9 141 10263540.919533264
9 142 36281141.37037463
9 146 7777601.654121437
9 147 15852612.397549497
9 149 297568.483592912
9 150 19299957.500393912
9 152 2808170.5035763322
9 154 5895207.655450289
9 160 3023262.2543483526
9 161 10760264.468827397
10 1 29771842.09942155
10 4 31318965.75454767
10 6 66237315.8326467
10 7 613676.613652042
10 12 15449473.159526158
10 13 1280093.7503577047
10 14 41005013.97615854
10 16 8411755.156806739
10 18 4949826.678540981
10 19 11321138.665494313
10 21 36236759.7964221
10 22 1261736.090783978
10 26 27596196.041494817
10 28 1800338.0784743575
10 30 35554606.048282914
10 31 29025035.709125273
10 32 47178537.81076458
10 35 23888439.706870545
10 37 12805937.587406011
10 38 5814982.89898085
10 40 209418.32344684386
10 42 29471.87564163752
10 43 67069795.338817894
10 44 79174514.11986274
10 45 13932769.225130457
10 46 2660341.626834082
10 49 794034.4844489016
10 51 96079731.54130583
10 52 9091178.81208291
10 53 591117.1272222748
10 54 41198066.63278531
10 56 9334695.798158113
10 58 25182647.573023003
10 64 1971473.8791761931
10 65 4152217.489385333
10 66 32312209.945179265
10 67 41819976.22127727
10 68 71724151.92199315
10 69 9127793.612032536
10 70 79431031.15040383
10 71 125120493.75959921
10 72 53317035.72546242
10 73 2079983.9489739134
10 74 27538692.44336293
10 75 7894424.499054239
10 76 377883.7402547673
10 77 11983319.908534816
10 79 111150140.89605741
10 80 12956687.021139598
10 84 50868086.9091855
10 86 74867070.275471
10 87 12285375.514776729
10 88 977875.1240643371
10 89 50009257.86001537
10 93 4075806.9283310403
10 94 100699739.61188322
10 97 79850639.89177324
10 101 49208707.428010665
10 102 39053558.57594756
10 103 2776012.6922038896
10 105 5138938.291358594
10 106 68532324.16443841
10 107 24427281.6541164
10 112 84642948.96432598
10 114 39213422.23456311
10 115 91644506.31187381
10 116 13333280.126156721
10 117 90909595.36164384
10 118 4347754.065188371
10 121 7083915.944593804
10 125 13433899.621174239
10 126 52866962.4470265
10 127 260793.409953922
10 129 1369566.9353894761
10 130 37656127.41859
10 131 4699575.267185169
10 133 48745105.28388183
10 134 20987368.725070115
10 135 3548373.1824493892
10 137 5896907.303700962
10 138 7744031.681957485
10 142 45100744.57296
10 146 10819517.358220818
10 147 77598787.04216185
10 149 10164239.049810203
10 150 57254855.160068326
10 152 46319855.55598292
10 153 40863681.735235274
10 154 5692335.510989249
10 157 28485911.40103176
10 160 29300474.45377903
10 161 5129157.480522568
11 1 8813551.718528496
11 4 17042116.236790158
11 6 121200869.77600096
11 7 22928806.358306188
11 8 10232129.071302935
11 9 34935155.43748298
11 12 1841614.9264688324
11 13 19981640.429698236
11 14 95257109.43798134
11 16 30086578.587825794
11 18 40154104.76905549
11 19 77527174.91051628
11 20 3682270.828351765
11 21 35780493.76550109
11 22 784261.3012254483
11 23 124562.8187975311
11 24 35025453.616304785
11 25 3879531.5315722637
11 26 161276906.61321938
11 27 2083492.0924626717
11 30 117265.42746808978
11 31 142208632.29874784
11 32 157260832.87209705
11 35 41241472.68655619
11 37 27661169.95088922
11 38 20586074.866839945
11 40 58097096.954716966
11 42 1985918.8396922448
11 43 64913596.414779894
11 44 13908102.907698072
11 45 152601939.92553595
11 46 9664656.139810855
11 49 60463161.53836394
11 50 5157532.713803696
11 51 82183207.755566
11 52 4362397.835953598
11 54 6349226.319233267
11 56 127600414.75483999
11 57 1777696.0905495854
11 59 6890468.516131731
11 61 7665526.1709974855
11 64 143955159.0001005
11 65 130018267.67398119
11 66 38501402.79400713
11 67 360263052.50259316
11 68 19877872.246186063
11 69 40460774.39460426
11 70 93700483.12903458
11 71 52356966.70039123
11 72 106467179.80879898
11 73 37050738.45515655
11 74 12040346.936652303
11 76 2481927.5057648337
11 77 12635111.859688539
11 79 26956192.20799851
11 83 1813180.1188679214
11 84 807187.1118610617
11 87 12739709.765872011
11 88 4950552.254552153
11 89 27536355.93478011
11 91 4857921.191104382
11 93 20651957.620474517
11 94 64834519.94867028
11 95 14975821.605836628
11 96 22463177.920354992
11 97 9023334.660186842
11 101 166544028.87029955
11 102 4946066.238371239
11 103 43037715.32389666
11 104 910648.6726552696
11 105 30153768.12309547
11 106 307770346.5833758
11 107 198125861.9744084
11 109 85804461.7193724
11 110 1242594.8641062032
11 111 13990924.59408941
11 112 89339631.3742756
11 113 60024854.648006015
11 114 94647173.91071321
11 115 63790768.89428933
11 116 49414147.276492395
11 117 79478867.01208477
11 118 111420929.48079962
11 119 3529851.3694533673
11 120 4530840.775200967
11 121 1251593.7012667807
11 122 497373.72477744846
11 125 88498342.73691687
11 126 411961.33766178327
11 129 157646248.29237565
11 131 4316706.287367532
11 133 115245305.56642456
11 137 166429288.1822105
11 138 55676631.56178039
11 141 20115537.04438557
11 142 30331210.515113696
11 143 6524480.454346914
11 145 35915523.2742306
11 146 1448565.6595514896
11 147 71729533.86856332
11 149 2168763.3467896506
11 150 93725192.27423976
11 152 80069571.53827687
11 153 69349249.44969186
11 154 24007613.823758725
11 157 42535423.65348597
11 160 14530427.158261392
11 161 736445.9357391313
12 1 6600227.904440666
12 6 7462274.074613098
12 7 70862.85280117003
12 10 2822553.550979336
12 14 222465.26106191258
12 18 655848.262906372
12 19 6121712.664112243
12 21 18063.72908874345
12 26 3900497.075692263
12 31 15173776.608801264
12 32 5356507.422343191
12 38 2766029.391274222
12 40 9485987.634567479
12 43 4901063.821913962
12 45 5337990.557374171
12 49 1363409.6095579104
12 51 335753.3124799611
12 54 15946360.895456353
12 56 10666238.355028268
12 58 6822279.954362197
12 64 5426144.555473149
12 65 3429088.868606975
12 66 19340884.73921208
12 67 3867006.134275479
12 69 4422119.985755343
12 70 3265462.0614753747
12 71 12564083.312931973
12 72 10342623.879645277
12 74 2494209.93790868
12 76 3173590.6260578823
12 79 2658201.2747475286
12 80 2826819.0122297243
12 84 256225.0231294905
12 87 1198385.9413135282
12 89 12062895.430409696
12 91 5015286.356955478
12 93 5666422.284008801
12 94 398738.8785645146
12 96 9215658.65477255
12 101 368610.30199039326
12 104 268010.7655989228
12 105 4419390.617649255
12 106 4166664.9830995593
12 107 8600625.814239679
12 112 4366970.276261929
12 113 11895791.171740424
12 114 3772693.3519293233
12 115 10204933.143264908
12 116 1797816.9515764387
12 117 2528471.1926066317
12 118 1122845.73934998
12 119 2014826.857819912
12 122 1299533.5579139038
12 125 1762636.3640000476
12 126 132826.4569778662
12 130 2440363.99265758
12 131 1617604.667255382
12 133 744698.6376412286
12 137 4802205.442408842
12 138 7779350.440148439
12 141 6312410.270819527
12 142 99151.59499128418
12 147 42366.67171452339
12 149 7913291.459482457
12 152 4214719.920927098
12 153 2087817.7866843557
12 154 8482907.165037557
12 157 7479894.053650056
13 0 16480406.983140746
13 6 26984524.523492467
13 7 84718526.12903489
13 12 1039418.6511453306
13 14 86366472.92940028
13 18 2317756.524990231
13 19 68248357.7492128
13 21 205808161.0387199
13 25 16304135.05125069
13 26 458545269.26545054
13 30 126358368.12745571
13 31 11479172.395699186
13 35 178944827.19219753
13 40 165327130.72815305
13 43 31660282.62446682
13 46 60502924.180426575
13 49 513521348.80374104
13 50 20315330.445799593
13 51 160876760.60151288
13 52 21729490.05762838
13 53 821381.7222302215
13 54 33054276.297052175
13 56 11737291.854037477
13 57 786223.6488221518
13 58 14017601.551984686
13 59 1027270.605163751
13 64 312999438.6091816
13 65 13982433.118130494
13 66 785192.9717700151
13 67 36051406.94663113
13 68 193575076.8187576
13 70 1112267.9749432264
13 71 4281103.7511635
13 72 124047924.61566731
13 73 29037161.17367467
13 74 181818304.22098508
13 76 42932918.30886637
13 79 68271687.35202582
13 84 55928789.774628796
13 87 3817382.850104432
13 89 69540868.21254173
13 94 5385814.244193011
13 97 4948590.589678368
13 101 106382849.92644478
13 102 35688190.31246271
13 104 4335634.325902443
13 105 40682071.92639515
13 106 371251579.0150919
13 107 85217170.00193284
13 112 12814878.24050321
13 114 23265625.2916679
13 115 11631737.22351064
13 117 34731530.31290228
13 118 6271670.606840756
13 119 1127235.0820218422
13 125 209199174.06792936
13 126 16448071.766737007
13 130 96902315.7672085
13 131 136554184.9858639
13 133 29366835.543852862
13 134 2885692.8601205708
13 135 13587795.647032551
13 136 2919818.9685727875
13 137 1711023.3315510794
13 141 6736107.95166366
13 142 150680295.15580916
13 145 80174889.49862973
13 146 53385060.94485315
13 147 5633736.8041341975
13 150 5009178.272533829
13 152 8674544.31653166
13 154 81040732.23158403
13 157 139032958.26458272
14 0 12635445.8896911
14 1 190517709.82220224
14 4 5621391.321833609
14 6 1705575148.324433
14 7 192509243.13766846
14 8 14479005.119961102
14 9 32261571.847190157
14 10 89953795.73914677
14 11 21159855.0399962
14 12 28182437.22119919
14 13 283630463.5055182
14 15 965518.786347898
14 16 2054064.3630726933
14 18 60303516.469671495
14 19 635720737.6509199
14 20 14096483.90219855
14 21 121482139.11919749
14 22 12219077.9085935
14 23 3341952.055680301
14 24 20432374.741528288
14 25 22954158.389004912
14 26 252608293.9190486
14 27 1261563.6626790806
14 28 1387557.4503026947
14 30 84652471.75990556
14 31 433703749.2424903
14 32 89315710.23091768
14 35 41779383.8075125
14 37 43203920.66239228
14 38 374960.9568794735
14 40 435259537.25125134
14 42 4353356.793178974
14 43 148349021.80740184
14 44 59336493.81107926
14 45 71359774.33474189
14 46 35652026.94654558
14 49 667471504.2431133
14 50 32991490.20957154
14 51 380461977.12642753
14 52 35234554.43516024
14 53 431735.7089148042
14 54 663019831.4801601
14 56 137720415.02538857
14 57 1208589.60146789
14 58 229992411.80976716
14 59 1083055.410365102
14 61 8683776.43632702
14 63 498151.30182671564
14 64 619334920.7855871
14 65 470015449.0986161
14 66 40871699.722615264
14 67 54667752.37839752
14 68 359495868.51332253
14 69 9739918.4906902
14 70 854107680.4193684
14 71 598985873.4725922
14 72 56413814.597519256
14 73 53230377.197313435
14 74 9140773.165903939
14 75 5094085.2068672385
14 76 43308610.70141202
14 77 10627547.88469331
14 79 802395182.856714
14 80 387122307.1565823
14 83 177710738.7904125
14 84 133893487.51983663
14 86 194474262.37079722
14 87 13342846.899296027
14 88 7590003.824608846
14 89 2987222674.080737
14 90 8991824.018505089
14 91 6847780.398735367
14 93 151947.98151038977
14 94 193117444.20191413
14 95 20357963.85510506
14 96 2696169.563249259
14 97 181129660.4847884
14 98 4488727.724003889
14 101 604626306.4376045
14 102 147557804.26760322
14 103 7943269.3631008025
14 104 1630945.6119965124
14 105 142876128.06451988
14 106 121743883.99320374
14 107 75163881.26389898
14 109 11199040.510700604
14 110 2035154.539331032
14 111 80321079.89015454
14 112 61402333.87911533
14 113 860770216.447698
14 114 20417217.557784982
14 115 239441805.32232308
14 116 19411099.162945487
14 117 151417453.65609452
14 118 134089342.5024018
14 119 4360213.999393107
14 120 2386700.8774022977
14 121 1105721.2121728132
14 122 2571340.4183037886
14 123 2658386.4899639934
14 124 4706456.0525924275
14 125 936992103.4805636
14 126 11716704.138330374
14 127 669025.3504330912
14 129 1607269924.0125632
14 130 156807037.31514162
14 131 45010805.77145932
14 133 2154685137.23925
14 134 57693887.095759235
14 135 20502868.38492655
14 136 2984535.993152117
14 137 210559099.99479666
14 138 122422453.95822164
14 141 3235839.3245918895
14 142 182929915.5054722
14 143 1336585.8356774535
14 145 131144564.4857255
14 146 115099070.43155675
14 147 846850386.0378104
14 149 14540535.61372644
14 150 361633392.3232585
14 152 79937459.94264841
14 153 48552426.6056507
14 154 280511755.6468694
14 157 511422287.3658826
14 160 9121571.14004425
14 161 24907725.15108291
15 1 1945448.5931158003
15 4 6336459.621953463
15 6 2972501.8999084975
15 7 3928742.6490269895
15 9 6130830.893639278
15 12 4336747.816114809
15 14 7254663.733692072
15 16 448823.34055603447
15 18 1619421.984694082
15 21 536255.3014151272
15 23 163069.42049823416
15 24 3036643.2074365914
15 26 12231180.229959726
15 27 111414.91392886142
15 31 3445992.187971351
15 35 6789756.998830211
15 37 2643033.729583498
15 38 327450.0521270194
15 40 841245.2744376502
15 43 170914.61185616482
15 45 6867692.025886425
15 46 3936.5995265649694
15 49 4835797.248127438
15 50 649265.1977832053
15 51 765220.9598790667
15 53 995112.4902908022
15 54 1144510.9861390344
15 56 1095169.220005337
15 58 3032671.684514073
15 63 431688.0405103394
15 65 11196713.673169132
15 66 284299.82253737526
15 67 3981721.284531717
15 68 16264385.814453393
15 70 405075.8882234329
15 71 2134070.5398652083
15 72 1333062.9498293903
15 74 5433436.750256219
15 75 3560988.129568344
15 76 4136464.486332368
15 77 5162057.286113346
15 79 5961402.596904589
15 80 3196429.5782091054
15 84 515743.6008203596
15 86 1550828.6683029362
15 88 4250578.13051479
15 89 3605117.180402699
15 91 508548.8038635284
15 93 189932.29379967568
15 94 2399101.1424946184
15 95 173193.49888103476
15 97 4983682.256497081
15 101 1132575.659888506
15 102 3259245.0869806223
15 105 684704.3372617831
15 106 1660962.0619341743
15 110 1449026.5907495471
15 113 9415520.612768665
15 114 713725.6485474167
15 116 73091.58560129112
15 118 3332626.6101251934
15 119 254347.63930473084
15 125 5542851.781732772
15 129 2008015.3160872366
15 130 5039246.021258871
15 131 408389.65198537934
15 133 256446.74165160427
15 134 721750.474760983
15 137 175454.9036376123
15 138 1745358.249873694
15 142 5103015.920896645
15 143 1061223.1445212467
15 146 102151.61896200784
15 147 6128859.8123164475
15 149 658388.3893628521
15 150 234243.63013362142
15 152 12411559.581700582
15 154 200614.78516718268
15 157 121944.16396958608
15 161 2021927.8004234375
16 1 10056717.426513875
16 6 8368703.294956501
16 7 35166775.12861778
16 10 14620887.720291233
16 13 2573933.2096242174
16 14 180094.49120076624
16 25 33443554.12658678
16 26 447826.50786100974
16 31 17467342.87001218
16 32 4211282.538800001
16 37 8596072.82167267
16 38 16154983.507187601
16 40 8328180.531638664
16 43 37296961.94471735
16 44 8130323.692823005
16 45 36705189.69758943
16 49 40395.760566343466
16 51 16581080.784510199
16 52 13657386.1206825
16 54 5220025.42703071
16 56 36781169.39101038
16 61 598883.4849595604
16 64 3262770.0748612373
16 65 6376323.002381919
16 66 8601944.248060146
16 68 14640318.505615333
16 70 14477994.810471488
16 71 5134875.772613209
16 72 23821854.526064068
16 74 7027035.804974367
16 77 10195120.66139514
16 79 10636367.149788067
16 80 17346613.656539146
16 84 4862356.168510129
16 87 3025900.7313604415
16 89 193070.4386394502
16 90 5586718.343436914
16 94 1653301.8065589664
16 97 11263938.709324392
16 101 15309234.225133667
16 102 15301803.716898894
16 105 59659271.93476676
16 106 4168595.2435223763
16 107 918363.2522459046
16 112 5069232.406821051
16 113 5766770.665243864
16 116 1475409.4028532137
16 117 14503137.251750395
16 118 30207169.182212234
16 125 13515238.600254167
16 126 933122.4750025416
16 129 3701915.8582730987
16 130 5043625.198928538
16 131 15618545.308567582
16 133 7192754.537742329
16 138 11277580.094937982
16 142 2659305.7059851782
16 146 6689037.005277228
16 147 3329004.615456402
16 150 1250784.9564868938
16 152 6605075.227348529
16 153 20153766.80267364
16 154 14750385.799876735
16 161 271030.2288738116
17 7 2308362.5839312216
17 13 886851.5557301077
17 14 860325.7141991089
17 26 365106.1804819912
17 31 917649.6367461095
17 37 778099.3767311962
17 40 657801.5046827045
17 51 773471.6411450119
17 53 131455.27371141932
17 54 466643.37532100664
17 72 494875.96530368825
17 74 1911591.6022457485
17 75 325748.21640633664
17 79 317960.7191452701
17 84 637183.1628385831
17 89 153745.7274350369
17 101 423006.1743850809
17 112 243231.0258091502
17 113 500262.9251575398
17 114 273336.8000599496
17 115 608063.0556890034
17 116 1672405.9110811662
17 118 3706977.9347420684
17 129 786324.0908338057
17 131 377697.5462917001
17 133 36458.41166967298
17 137 145739.770162566
17 138 1154137.324466897
17 142 12772.275420741467
17 152 1678006.3983428504
17 154 582139.61368888
17 161 1422371.5280769614
18 4 12181681.87803542
18 6 16881362.678098988
18 7 30773522.507397443
18 9 9918363.12240977
18 10 27408441.172843453
18 11 10900983.971852582
18 14 3242712.61792266
18 21 10530436.38686707
18 24 4214091.851674075
18 25 6181541.429179537
18 26 7133540.2324569225
18 27 458711.39616933296
18 30 5075115.4931535525
18 31 12073381.809990149
18 32 7978553.932515939
18 35 17338902.412843235
18 37 39513622.44810265
18 38 12141991.90709402
18 40 17869003.502717227
18 43 2887773.8810065095
18 45 68350985.39689219
18 49 12486734.604618762
18 50 28336748.496655487
18 51 3532695.3063356653
18 52 6818792.534806681
18 54 23122693.801931277
18 56 1623320.400955226
18 58 1528240.4323248568
18 63 628064.8042215119
18 64 2937518.8543500556
18 65 28278618.902423657
18 67 1592875.437670434
18 70 26721662.950567883
18 71 22257228.264800258
18 72 41099229.00837823
18 73 39127571.792817354
18 74 121884880.21380155
18 75 17997443.7401624
18 76 39807.235929162896
18 79 16314500.823777921
18 84 29144131.54675571
18 86 6343666.184596984
18 88 3913494.042734764
18 89 1274561.8276214933
18 91 9614396.578067837
18 93 5035870.729818246
18 94 14246172.11564285
18 95 1248553.384454044
18 97 59553715.45096192
18 101 4612348.4531629775
18 105 14201180.790183239
18 106 32708543.78096768
18 107 646828.5681991761
18 109 14724427.848761901
18 112 2010295.1319094803
18 114 2626281.2435075413
18 115 2450120.6561931805
18 116 5582309.921405475
18 118 17573643.580673847
18 125 26834138.902207326
18 129 57415981.17023897
18 130 4022043.896498587
18 131 8318885.729042982
18 133 25795607.403853998
18 135 8515694.656886905
18 136 676210.0074237651
18 137 2070243.8500314471
18 138 1154204.2949671936
18 141 5042822.942144726
18 142 5707553.054020708
18 146 17971301.86015701
18 147 11124595.976563586
18 149 2860117.65287614
18 150 1994106.1682085323
18 152 37052571.075555675
18 153 3567154.794765571
18 154 38781096.25085601
18 157 11367609.274566527
19 0 49330999.79107281
19 1 60442592.09295468
19 4 71082377.39045091
19 6 357044129.75614285
19 7 721850014.5937511
19 8 174197.672787427
19 9 135944356.71430063
19 10 20153462.67794333
19 11 178292109.36428246
19 12 5813645.065916801
19 13 3100777.21661651
19 14 632358630.9912709
19 15 12096619.443306929
19 16 482010.2633771146
19 18 4881518.601188763
19 20 26122098.31874203
19 21 131560570.2132508
19 22 2145233.9257977745
19 23 2931739.5192280808
19 24 32194907.936965797
19 25 38085237.46386195
19 26 1398593519.9721737
19 27 1810159.2140659038
19 28 995989.7760800782
19 30 37777059.37060285
19 31 861593170.1438687
19 32 225653983.25706455
19 35 200811861.95826954
19 37 147980843.665831
19 38 17212665.48871575
19 40 38222194.03901694
19 42 1600869.3020506462
19 43 125247290.13421161
19 44 12908799.712171989
19 45 119190022.43941802
19 46 13260000.179358482
19 49 594895183.5545875
19 50 16244325.594496084
19 51 310822328.10325825
19 52 36784211.85488434
19 53 2891300.1417839103
19 54 217901792.96083686
19 56 665702793.4760342
19 57 1877819.224065357
19 58 250143089.12654245
19 59 8070356.709791869
19 61 310340.44012286165
19 63 61033746.33795373
19 64 592144295.6698213
19 65 447701976.97167736
19 66 38735760.77691624
19 67 539211380.4678502
19 68 237935624.09422705
19 69 317195657.03981256
19 70 68513181.32526897
19 71 256037723.43687075
19 72 1437315931.66628
19 73 21498431.25042413
19 74 380812647.0647301
19 75 10286642.992802147
19 76 363613567.7337366
19 77 36553828.21120998
19 79 378989078.5107367
19 80 215820068.12679136
19 83 238131100.68283433
19 84 54217606.76022689
19 86 104311548.62782116
19 87 17275391.900555186
19 88 5217355.01074912
19 89 1311386409.5571258
19 90 10066899.594778437
19 91 15104125.577446915
19 93 11847456.187023018
19 94 712847640.8174306
19 95 2038591.2657538825
19 96 5186893.860217485
19 97 134935600.51847935
19 98 8335103.585522629
19 101 507974437.7026763
19 102 253273599.84201217
19 103 122135425.40062828
19 104 15758032.835659293
19 105 157133229.06614557
19 106 2495621221.6018505
19 107 8649463.841101952
19 109 10916177.303560939
19 110 94093212.84967628
19 111 48052307.648963846
19 112 7479688.584456037
19 113 569446820.720328
19 114 3155932302.2846603
19 115 1542319405.4016855
19 116 87836061.135311
19 117 31606162.06983533
19 118 381232861.8509348
19 119 749522.007186253
19 120 6541336.7347742785
19 121 542470.2775799682
19 122 7080944.32563468
19 123 9937864.488601744
19 124 1513227.0255518148
19 125 696411779.2240399
19 126 4854368.41758306
19 127 8602589.937771682
19 129 696859695.3292717
19 130 43558996.119745776
19 131 489959367.2416439
19 133 2884140324.125649
19 134 862384.1100056267
19 135 26530865.938334953
19 136 10469219.660482466
19 137 38433512.93861174
19 138 1011283686.1910485
19 141 37361152.694459304
19 142 1232528833.9240234
19 143 10477220.642799161
19 145 57369755.91434275
19 146 194331621.49031487
19 147 2387431210.8288555
19 149 8830055.336982498
19 150 350910941.66971207
19 152 1562180517.1159823
19 153 23449891.2555795
19 154 1664814114.8589244
19 157 245229206.72808766
19 160 8556717.660439517
19 161 37980765.21732318
20 0 18169421.31473394
20 6 46607179.51562028
20 7 102349198.06895311
20 14 46525425.32662222
20 21 14952105.01655399
20 31 149941260.6402089
20 32 29704036.36241225
20 40 152820851.11418453
20 46 37103078.11422672
20 50 20600415.537719004
20 51 56052759.17113459
20 52 3714255.3226536396
20 54 160608461.03193104
20 56 126389907.67646049
20 64 123706476.02482224
20 65 19051920.41715525
20 67 97777198.07312731
20 70 9372919.627531013
20 71 96276158.0345379
20 72 359022776.46584576
20 74 99546634.09697956
20 76 49771707.87401871
20 79 47162811.679261304
20 83 15857685.220161928
20 84 855899.0708770117
20 89 2453473.2570184437
20 93 66686.46157225549
20 94 8435346.221232247
20 95 1674932.8722541442
20 101 54742885.054782204
20 102 59842179.87437281
20 105 25897785.250209473
20 106 14040682.502009865
20 109 20422498.582848504
20 112 39747347.27526439
20 113 143799836.9934418
20 117 4801515.880524037
20 119 6166874.798122145
20 125 294223188.4212429
20 129 33528707.749124385
20 130 20239717.973440133
20 131 15630358.427174393
20 133 96036146.762171
20 134 27831340.498985823
20 137 4748391.095427081
20 138 40634343.90003459
20 141 18989891.931451857
20 142 115528768.27087627
20 146 29272511.341981657
20 147 8571930.889108423
20 152 204717098.65758893
20 154 875026.2347304997
20 157 140250882.41060346
21 0 5038585.622385075
21 1 4950240.329234081
21 4 42413352.88338817
21 6 64857881.378489226
21 7 148658089.29881233
21 8 2590689.6318691797
21 9 4971691.219688082
21 10 20379692.753665786
21 11 35192578.52104063
21 12 7432326.178301046
21 13 15387631.1977491
21 14 7364559.807598998
21 15 7662492.958694582
21 18 7784485.328444809
21 19 32116339.938718297
21 20 23044159.722395837
21 23 1935464.6322879142
21 25 11740573.478685293
21 26 147864542.76115906
21 28 1537996.8924188144
21 30 92126288.85837309
21 31 2999403.4981830767
21 32 132957133.76314989
21 35 17480192.53037328
21 37 127053071.08968422
21 38 34555708.516685344
21 40 7713623.095036992
21 42 1446992.135180398
21 43 27069847.66694125
21 44 10366617.936315116
21 45 68945523.25885841
21 46 39109393.11252009
21 49 284536387.615689
21 50 35498108.89498781
21 51 5762237.123668426
21 53 759056.0353280052
21 54 77918790.25745347
21 56 252455645.10918844
21 57 521701.2468200941
21 58 34291447.7861585
21 59 4302547.97428891
21 63 8363806.49491463
21 64 223825257.68385983
21 65 185514339.76076153
21 66 24025789.040524803
21 67 21552744.34822166
21 68 168738180.6394224
21 69 100538953.25263433
21 70 6930522.463598631
21 71 117206013.49671438
21 72 50990092.10909148
21 73 85458035.34937099
21 74 60869975.76815013
21 75 19840242.969773345
21 76 5875026.127544455
21 77 35285251.4115921
21 79 24639932.971298415
21 80 14642968.044392994
21 83 13168801.212082053
21 84 44915831.699267365
21 87 4137101.2627871106
21 88 5728580.2034100965
21 89 11566511.126568392
21 90 28719580.4284341
21 91 5113823.459076651
21 93 18162693.56914634
21 94 17025746.827308994
21 95 7262598.657408772
21 96 31174842.187795963
21 97 97003423.61561583
21 98 13807137.076649727
21 101 59901517.82164446
21 102 3897382.8161344496
21 103 14390392.072722789
21 104 10153371.130176466
21 105 2413321.9257841627
21 106 9688583.575006016
21 107 90458244.72115578
21 109 24566896.732261658
21 110 6257651.016722056
21 111 20331317.69298175
21 112 57493859.1964538
21 113 473400.8364668726
21 114 66933735.776216984
21 115 2169845.9582736907
21 116 36767534.95914466
21 117 252771466.48815992
21 118 234042409.52729502
21 119 1593495.4776129115
21 120 631259.3250396338
21 121 126615.77640079819
21 122 2910782.098888349
21 123 267018.9579581829
21 125 9087213.743595568
21 126 24772071.391054116
21 127 14793488.71579734
21 129 54059780.36300239
21 130 73765525.22017309
21 131 89634295.41204023
21 133 26809107.104396317
21 134 71649583.20628583
21 135 11262057.951237073
21 137 36723733.839890145
21 138 2055701.1062286603
21 141 3048892.742068912
21 142 92982118.45796417
21 143 1623901.0445458223
21 145 74996196.33588667
21 146 10557340.728254028
21 147 86758319.50901
21 149 1845827.4201581848
21 150 25106704.929714393
21 152 147756734.46850574
21 153 19486123.01747406
21 154 22822003.14578717
21 157 4818918.332974954
21 160 3253382.552593186
21 161 12674609.156948114
22 6 25275.196327903857
22 7 10843385.652819678
22 9 122794.899330412
22 11 2533840.523506788
22 12 1408288.403663025
22 13 8876226.318159552
22 14 1100202.7011513677
22 19 2586318.8316386174
22 20 2466098.2260591853
22 25 2868815.091374707
22 26 5270517.807567187
22 31 6572355.4838098185
22 38 2726258.309211391
22 43 10839057.632485282
22 44 4436693.582328726
22 49 3118360.8385140304
22 50 334623.4567880599
22 51 2396075.7745234123
22 52 280815.00576629565
22 54 3468048.3883418776
22 56 1275201.3025042787
22 63 1697269.6199734127
22 65 11910967.859933054
22 67 3068431.591349317
22 68 197946.40613035773
22 69 4891816.726728133
22 70 1763023.3647370127
22 71 35803.52365780357
22 72 380129.883889121
22 74 621625.7282252536
22 77 4769405.787380736
22 79 3777020.3339912766
22 80 297419.6081137647
22 83 796168.824446497
22 84 3335588.4077345403
22 87 557835.6413145578
22 89 11409457.323694674
22 94 86164.47396965085
22 95 1390582.321221223
22 101 7090634.233221553
22 102 3176532.987695647
22 103 3618038.8817011006
22 105 1162315.047532973
22 109 3440834.7553277807
22 112 460126.834796523
22 113 5754734.432794219
22 114 15167202.073997553
22 115 15158168.031003201
22 117 14912430.627263973
22 118 1294721.0980496344
22 125 4520330.767483315
22 131 5071763.857567575
22 133 203468.35542322387
22 134 597655.1470834854
22 137 2178907.140680551
22 138 11621158.822494041
22 141 1191229.7359609196
22 142 574468.8046286205
22 147 9192407.224977644
22 149 5917929.514832755
22 152 3467556.8181277327
22 153 2996022.437991735
22 154 1633917.9741140052
22 157 8924160.831849523
22 161 2559314.4610118493
23 1 924632.0195561114
23 6 3463512.1778644575
23 7 77665.31792643762
23 14 1396314.5344263888
23 19 490036.7665784737
23 21 804721.3453515243
23 26 999201.8755103921
23 27 377247.6294419868
23 31 46888.484635792294
23 32 1529372.040160916
23 35 1635522.0637630485
23 40 240288.00581542746
23 44 385375.38228809007
23 45 338979.0047924621
23 49 1395431.475111496
23 51 367125.6441682824
23 54 153955.5478719987
23 56 559551.6148151075
23 64 46834.68373883835
23 65 1409.5383216211042
23 67 71856.14800274251
23 68 3703266.3364994535
23 70 390416.61619342846
23 71 976931.2604736345
23 72 223999.72001363998
23 74 364382.6394890689
23 76 9562.977064239793
23 79 198199.67921101832
23 84 573847.0934810194
23 89 301976.7387583536
23 93 1430501.1357995032
23 96 377085.7849983307
23 97 955473.674812335
23 101 35529.647674511565
23 106 62580.2246853759
23 107 950228.099882261
23 112 702158.5938570779
23 113 326175.57274753944
23 114 282427.75436871866
23 115 737193.7965196994
23 116 356436.274281356
23 117 1814816.6471895722
23 125 461311.9643628711
23 131 212362.6025171614
23 133 199963.9688403393
23 137 474128.54032241896
23 138 2904225.4806389115
23 141 558555.6217025911
23 142 983015.3400813157
23 147 131681.85257343168
23 150 343656.4437179299
23 152 2881313.443066462
23 154 503627.37316735217
24 1 13304319.693669168
24 4 52015872.68101226
24 6 18462628.445727665
24 7 29083806.9059129
24 10 52033843.362957455
24 11 24832621.308086816
24 12 11209253.248125328
24 14 6872893.937066755
24 16 7148094.195717064
24 19 22794712.315823343
24 21 14601804.210654091
24 22 1027207.9341951611
24 25 6966095.192382759
24 26 54425072.29233108
24 31 11540929.068070449
24 32 10925395.526315726
24 35 80986985.8211163
24 37 3321018.313990879
24 38 58928362.985740095
24 40 7666369.785103527
24 43 40769080.282832414
24 45 34965238.42114388
24 46 20902425.686657477
24 49 7690540.218737069
24 50 2664733.009770954
24 51 34780628.903600805
24 52 6864091.213112851
24 54 7799971.7546589
24 56 13763046.727438357
24 57 1914403.664351567
24 64 4865072.862965291
24 65 8800596.35695821
24 66 26798288.91685296
24 67 49640000.258329265
24 68 39761686.65324031
24 70 25816525.364534296
24 71 13728889.520006604
24 72 61388072.03222769
24 73 18312482.504163153
24 74 32702515.575050823
24 75 1274582.3748301263
24 76 6622652.657346376
24 77 8843663.472599035
24 84 5573961.997470576
24 87 1403156.0554851647
24 88 5245824.589600651
24 89 40125874.873197585
24 93 3048838.3087493996
24 94 41144359.246534616
24 98 6744636.092389118
24 101 5794897.741364229
24 102 33140648.99231285
24 104 1833405.2424949529
24 105 1579057.7677177654
24 106 44044607.13302213
24 107 58467113.1906969
24 109 36737101.40378296
24 112 22708399.99303388
24 113 27975574.871247977
24 115 21329601.547229826
24 117 44285144.50599401
24 125 15223909.370672539
24 126 3695693.478669
24 129 102299.7445904094
24 130 3556939.5111564533
24 131 21493296.65370001
24 133 649909.2563106767
24 137 5749074.831253699
24 138 16609922.03884118
24 141 14693364.879652152
24 142 4106394.064173294
24 143 8367418.977148966
24 145 57287132.422563545
24 146 29513673.16683905
24 147 19266573.144762155
24 149 21366459.887455247
24 150 3870658.739082705
24 152 20520680.99529372
24 153 18900322.658035174
24 154 22785654.64125206
24 157 27664346.256813176
24 160 4103701.403898069
24 161 8041558.563299312
25 1 3652444.7000731356
25 4 20340721.07086353
25 6 38820798.85102651
25 7 118540855.28586484
25 8 7462823.671361314
25 10 46119874.00596828
25 11 21551041.016326252
25 12 2368226.867570106
25 14 29574988.485666256
25 15 313846.6642839914
25 16 1950447.404823426
25 19 8693618.649987074
25 21 841520.900186624
25 22 2170994.16119689
25 23 250221.15857450667
25 26 5602780.540572343
25 31 21724604.5833508
25 32 6869871.533741739
25 37 4978661.878514068
25 40 45247365.31779481
25 44 4936254.652861933
25 45 3317920.7939961255
25 46 24234292.79530898
25 49 55748907.42550052
25 50 3512109.940989932
25 51 30160598.83584377
25 52 1116067.3971842201
25 53 2096608.6177675265
25 54 49467103.858114265
25 56 57634055.82504058
25 58 37813629.87727364
25 59 11862767.88441289
25 61 1277304.7788712538
25 63 32614826.805506617
25 64 15985072.804963032
25 65 80252720.79073323
25 67 13266538.02188579
25 68 6342107.711651551
25 69 39836449.95880197
25 70 130589574.01336174
25 72 132329517.58131212
25 73 26614234.479655083
25 74 1026267.3348189346
25 75 55794453.34080315
25 76 89699833.95067818
25 79 75801713.91110209
25 80 6616148.853780117
25 83 498446.00564595556
25 84 14832060.330394944
25 86 45975798.38899275
25 87 81333.1275993563
25 89 887507.8967665727
25 91 14677900.284182042
25 94 798103.657737208
25 95 2020200.3796316183
25 97 38335946.12721697
25 98 218684.63473285825
25 101 43846759.65181918
25 102 83226058.0413651
25 103 3529038.3382705776
25 104 1386910.7490832226
25 105 6882164.098390171
25 106 37091960.96255674
25 107 1619619.016765947
25 109 19900920.95116042
25 112 48057602.49650696
25 113 12430730.636593806
25 114 38217485.814569004
25 115 1803986.716876753
25 116 6400431.4310763115
25 117 8840200.05554134
25 118 150015006.92557287
25 120 5738299.949180643
25 121 1464925.3689889463
25 125 34597119.705178514
25 126 43738866.45367688
25 129 13474111.809380323
25 130 392190.0943758206
25 131 21249933.061667856
25 133 7853027.868077996
25 134 40247128.10337338
25 136 26635.185301017034
25 137 2969210.578113279
25 138 40998616.20037936
25 141 27210653.047328983
25 142 50351772.40914726
25 143 1445576.7919641586
25 146 3309564.3940305584
25 147 9298186.280075438
25 149 19476520.649854057
25 150 12127056.337989677
25 152 122003825.9860007
25 153 9630660.693838041
25 154 35654788.87558527
25 157 46218366.017449096
25 161 12768881.444309728
26 0 25990586.596225064
26 1 42101464.00645994
26 4 290019666.5163466
26 6 3985479959.6898327
26 7 2437437776.0661554
26 8 23507971.252505332
26 9 28143871.417165447
26 10 65233969.17243059
26 11 322230004.12168086
26 12 1232329.0430986555
26 13 696610887.498189
26 14 546702219.8620906
26 15 3107623.078209571
26 16 1821303.294528874
26 18 329823.13978582714
26 19 1303157060.0114858
26 20 3676348.3334626574
26 21 7308085.916243513
26 22 30545988.292799916
26 23 3194890.504684497
26 24 10270117.917342914
26 25 8568958.968559638
26 27 261458.61946160241
26 28 1080297.7036275142
26 30 402307733.79591125
26 31 2490777639.1445446
26 32 96987767.36669448
26 35 17127765.833023675
26 37 6572710.945968499
26 38 93135086.68451743
26 40 2976538001.0628767
26 42 731953.561995617
26 43 27059162.954282507
26 44 142301392.32112798
26 45 40371942.24569276
26 46 85460925.56774285
26 49 185728650.5626714
26 50 34313600.06355474
26 51 2043537056.7029316
26 52 308745.18751571403
26 53 423672.5313927536
26 54 202151600.64578214
26 56 225995007.91115552
26 57 295478.5025191618
26 58 49058154.449191496
26 59 8699466.084223596
26 61 1919779.3212381506
26 63 37273033.5647802
26 64 653853646.8221275
26 65 505924249.1064597
26 66 68035485.95170441
26 67 705931834.7962182
26 68 939895277.2875589
26 69 445713926.74282163
26 70 1255122930.225834
26 71 105575637.95307994
26 72 2717027757.973303
26 73 10925387.463982834
26 74 2008043926.6227245
26 75 129510843.63354783
26 76 16290171.542861981
26 77 16759491.649455978
26 79 1104305082.0479727
26 80 35055782.2793935
26 83 16844273.78107918
26 84 178619209.5335557
26 86 64540079.64674588
26 87 1561955.910629614
26 88 10978555.238652868
26 89 1049705973.0579913
26 90 2740827.3315516193
26 91 39031.57941521939
26 93 53007643.92434133
26 94 2667054829.8610926
26 95 2694974.5873208595
26 96 25219790.439958967
26 97 340546753.63580644
26 98 10483572.183658121
26 101 2324194244.388035
26 102 220099880.83216897
26 103 67251857.9116148
26 104 5618117.128967045
26 105 244307267.6712161
26 106 497159619.92529434
26 107 23053644.67525964
26 109 98802109.71783093
26 110 2513657.673576307
26 111 44861938.98284848
26 112 68537304.4003872
26 113 184133478.20355153
26 114 1514923754.0196683
26 115 1877805308.5727172
26 116 1982820.571246933
26 117 271137377.3695192
26 118 1127282944.9249196
26 119 1962344.7883442792
26 120 305059.9187441047
26 121 1307731.9328615447
26 122 2152633.6640542336
26 123 962070.6497098171
26 124 1617942.6497656938
26 125 2166799635.1595984
26 126 16712874.952133983
26 127 493238.29345479846
26 129 1890620678.3376572
26 130 244617287.05192742
26 131 68652970.84803033
26 133 2274668862.544494
26 134 57925613.66079721
26 135 36210423.01720742
26 136 1361431.278088553
26 137 2300362615.139395
26 138 200827743.3812204
26 141 7093831.729516379
26 142 1185160653.4294348
26 143 24845.336669777218
26 145 82241221.48981114
26 146 238020862.87805435
26 147 181966296.64528233
26 149 8601143.973653624
26 150 495271604.62934035
26 152 91721049.90862048
26 153 27608552.09097514
26 154 10558573156.357098
26 157 628484832.7342315
26 160 11925451.594431954
26 161 6462134.702103088
27 7 26947.14329691385
27 10 237859.10674028948
27 11 642547.5653607198
27 14 144215.626318516
27 16 290334.8180199456
27 26 674958.0658267812
27 40 198489.62554610925
27 46 121417.88605246032
27 49 412613.6784347013
27 51 268016.534316826
27 54 77120.07874900072
27 68 89092.02556485837
27 70 534104.1589636556
27 72 722080.0483171553
27 74 446168.7106015916
27 77 1236687.8575983136
27 89 953305.4025557342
27 93 1557672.6481301521
27 94 290628.8993310161
27 101 97237.29400917493
27 114 156740.59893883823
27 115 111524.19150495945
27 125 260914.10636867702
27 130 337651.75162266596
27 131 206937.070575479
27 133 923871.9649661648
27 137 418133.8467642255
27 138 648379.6415085417
27 142 266967.7764857502
27 145 13061.544958600149
27 146 832989.7397239152
27 149 275873.0692220574
27 150 1666315.2656580235
27 152 103798.93214345412
27 153 1229712.021120577
27 154 65930.3451816767
27 160 41027.28189140483
28 0 262488.5385175379
28 6 688636.2216829945
28 7 258994.98626911992
28 12 21334.87719163559
28 13 228831.20579437257
28 14 94585.21618747895
28 19 2039501.5592150486
28 24 720749.6668229357
28 26 343433.3789013193
28 31 1454606.2394914858
28 40 798119.3477105168
28 43 6153699.003188166
28 45 977730.8610185827
28 49 3202412.992705702
28 51 2746324.223110956
28 54 2652572.3242714824
28 64 1884312.380392718
28 65 313396.31044666097
28 67 34138.34748017062
28 68 2595299.8323887326
28 69 812642.7620443039
28 70 1927788.815320742
28 72 378508.1022805084
28 73 734233.1481704876
28 74 6424499.8463664865
28 79 40503.88571435842
28 84 1065090.6660084794
28 86 3412928.8394955103
28 89 11116.00332051703
28 101 764894.9912323253
28 103 505649.6735783185
28 106 271515.07157503476
28 107 1151727.3827584994
28 114 453944.7168346662
28 115 374091.0226843452
28 117 4641933.500744411
28 118 1275500.7928179807
28 125 3492287.598698399
28 131 225549.0367260078
28 133 277488.7739536099
28 137 1534170.1641228052
28 138 45678.42928661643
28 142 577215.7833319446
28 145 929540.1313906381
28 152 4468029.187827918
28 154 548772.3040037882
29 0 2229985.567805147
29 4 6440204.372914355
29 6 4489253.59634149
29 7 2160749.1282854513
29 14 311171.05226353556
29 18 736138.4487072793
29 19 4061731.6707464852
29 22 2558122.549836363
29 25 2806.5003090775244
29 30 817045.9138829397
29 31 4254757.183511857
29 32 1711188.9046242072
29 37 4364609.019794365
29 38 40157.277406365974
29 40 1293731.4579024736
29 45 6087698.171937483
29 46 6320983.919254803
29 50 555073.4090638706
29 51 7520640.575975369
29 52 416305.9349594798
29 54 3780621.6727985097
29 56 173353.40333082684
29 64 3367393.309744296
29 65 228120.41967016226
29 68 995087.200457966
29 69 6668956.534048438
29 70 105574.12846889364
29 72 276236.8221739683
29 74 9129413.28921563
29 75 1271121.9957050884
29 77 1179185.117907982
29 79 1286437.0855497587
29 84 3161145.474601844
29 89 4299508.23159423
29 94 8352970.6890013
29 101 3942464.8552692067
29 102 1834063.3727845848
29 105 1230047.4571804851
29 107 803577.0247455123
29 113 3659022.9329696335
29 115 1718867.1247129908
29 118 4650375.153830237
29 125 1572581.0397854273
29 129 666904.1411568265
29 130 965813.3475446808
29 133 2302162.842103512
29 134 132786.71117767243
29 137 3124219.6220291406
29 138 1660642.9431994995
29 141 1067644.753104773
29 142 9754985.343979988
29 143 1401945.3783647872
29 146 2429711.111688486
29 147 3920899.7980236183
29 150 297053.7800022059
29 152 1147661.8304389638
29 154 1926449.4248766734
29 157 7489957.536264687
30 4 65325702.36037131
30 6 677728933.907904
30 7 228295781.12111148
30 8 6906574.973525578
30 9 23601584.304547943
30 10 25599636.270227205
30 11 100411484.4449472
30 12 5865821.429541743
30 13 44654051.90818209
30 14 135772824.92749223
30 15 970151.7603640438
30 16 12680880.658656023
30 18 3590366.985190649
30 19 469403132.1890281
30 20 5447540.269057465
30 21 65003642.5276581
30 22 2392707.9459683686
30 23 1713057.5729471575
30 24 14861244.658318259
30 26 1579324097.2536283
30 27 5890085.814949013
30 31 330158703.5601148
30 32 319654113.77781904
30 35 95427028.17547987
30 37 41155096.65751432
30 38 29547067.109972075
30 40 224859506.53040943
30 42 5796880.012513214
30 43 15874650.541367281
30 44 47706100.47332508
30 45 537004399.3634794
30 46 35539094.88991706
30 49 54397407.481129624
30 50 7735836.389294474
30 51 520309536.0759682
30 52 12725235.035138765
30 53 1245854.4469303058
30 54 31968633.736679032
30 56 93351480.78304283
30 57 819077.3670659342
30 58 152805075.0521523
30 59 19015647.82378002
30 61 635178.3910256978
30 63 9214484.423789904
30 64 459020264.9983899
30 65 178154240.5478403
30 66 42588869.50479466
30 67 177615620.77475926
30 68 339486275.5067702
30 69 458275817.1852357
30 70 270118018.02970225
30 71 4150387.660157024
30 72 44811025.55677124
30 73 43348519.19609262
30 74 131791470.56371577
30 75 61774811.28961043
30 76 34015544.32212642
30 77 77001002.52263133
30 79 432410048.3753304
30 80 1081554.7636876835
30 83 41016260.039489694
30 84 84681449.17726508
30 86 40601633.332896665
30 87 2117299.627207272
30 88 301308.3793934767
30 89 454975829.17474526
30 91 13573123.95732115
30 93 52252350.14186993
30 94 841644315.5865567
30 95 11512130.575883113
30 97 36270803.15691362
30 101 708474597.4838699
30 102 117350954.96255219
30 103 14782350.034039266
30 104 6702381.446209468
30 105 61135848.452576585
30 106 37174054.456852764
30 107 94234567.2865746
30 110 9555939.4741301
30 111 76016604.10772084
30 112 85156034.58277869
30 113 771829262.76622
30 114 138856913.85248452
30 115 362053138.20372194
30 116 15732426.97622105
30 117 429721490.8345566
30 118 535340446.90913725
30 119 8975579.140785078
30 121 2027164.940917114
30 122 786723.8810184811
30 125 206119673.57831696
30 126 16003120.371076114
30 127 761774.9389144821
30 129 7743349.338329002
30 130 74325675.9424237
30 131 23717219.285890527
30 133 66786244.20464848
30 134 90061082.87791693
30 135 12270966.751331734
30 136 10820806.729851456
30 137 613743073.913108
30 138 1090340603.239437
30 142 36022196.79588802
30 143 2550985.365519423
30 145 177188931.01031458
30 146 27623336.85637632
30 147 565504561.874818
30 149 185628.45553172615
30 150 79529396.92643178
30 152 154829319.87913743
30 153 55243497.95557583
30 154 788796894.4873935
30 157 138355398.48076317
30 160 33988797.0662449
30 161 2410739.786657377
31 0 18301133.212723568
31 1 159904341.12767592
31 4 268155752.889641
31 6 1227389632.177661
31 7 3383860602.112873
31 8 7021282.125936483
31 9 6951615.026477706
31 10 219993516.93194684
31 11 74166147.69497441
31 12 9856958.558246884
31 13 144564612.3602756
31 14 72065208.75154848
31 15 3390678.9796093777
31 16 9975577.535829352
31 18 1874753.1214104702
31 19 755435821.3478888
31 20 29788508.355480265
31 21 221781358.9724503
31 22 11610945.414353104
31 23 99012.73148441513
31 24 5883713.461090781
31 25 4753375.600745654
31 26 5355413387.4020605
31 27 8207175.426841414
31 28 1165312.8960009865
31 30 43679599.926368184
31 32 119036787.83338183
31 35 35017980.11639199
31 37 91773838.31050596
31 38 7334985.837129555
31 40 277125809.2614414
31 42 1481651.2926150942
31 43 108875393.5054806
31 44 5856900.324362885
31 45 336704770.11910105
31 46 177527033.11353832
31 49 582343516.3966713
31 50 8253632.457325428
31 51 538747196.227333
31 52 13259567.361063102
31 53 2122370.2359933234
31 54 4497187763.590002
31 56 250585863.46569553
31 57 4055428.16452695
31 58 262451536.52946663
31 59 9565029.753917642
31 61 2099481.027510472
31 63 32535893.624838784
31 64 1738126488.6635711
31 65 455200473.45902777
31 66 54782285.705914274
31 67 3147321907.739754
31 68 1024074271.1544971
31 69 339207518.7664199
31 70 143353422.46117824
31 71 626128203.2914721
31 72 5308086470.645488
31 73 26034008.259635445
31 74 8075959111.090056
31 75 58031745.76294848
31 76 25706084.728703126
31 77 8304815.041107846
31 79 5078245397.497197
31 80 760344.9828083058
31 83 27431163.29413834
31 84 62925950.36548072
31 86 4418726.74024825
31 87 20013605.953688886
31 88 14889109.567883095
31 89 1192574169.808293
31 90 7505533.129206823
31 91 7454942.205449382
31 93 7378408.505237216
31 94 6694533809.978625
31 95 723128.7970220741
31 96 8252218.430887143
31 97 112863.36069344229
31 98 147102.36941963882
31 101 32524194963.491753
31 102 47169147.377900966
31 103 24779749.198525243
31 104 2038541.1300344034
31 105 155878731.1255072
31 106 779359042.7893782
31 107 69118479.33056001
31 109 15120585.051074771
31 110 726313.0602777097
31 111 8967618.446832236
31 112 226854232.29419044
31 113 490471867.7913198
31 114 1132487724.9105806
31 115 2886183255.754267
31 116 117645671.15161444
31 117 85233060.70842822
31 118 117231274.16234396
31 119 1985800.5764062705
31 120 870852.705727941
31 121 1160250.8870378593
31 122 2805338.0702043707
31 123 8180461.275012435
31 124 3881693.715897377
31 125 3661047979.6199517
31 126 24866689.192263417
31 127 8021147.828312768
31 129 343701545.8256138
31 130 69220283.4729141
31 131 35426246.721063465
31 133 3760461806.968128
31 134 35296470.15292878
31 135 86462292.53832565
31 136 8283497.416777402
31 137 3546353417.927827
31 138 600927579.1469718
31 141 17719086.72780491
31 142 2192072739.5959086
31 143 1119441.2465523249
31 145 22367291.332198072
31 146 24069825.7018474
31 147 478667050.6214612
31 149 2159385.426689157
31 150 88923973.64501524
31 152 21231357197.663605
31 153 78148422.57381643
31 154 127011045753.06003
31 157 536204849.36986005
31 160 58293344.939382106
31 161 2240223.797332726
32 0 7716709.68003177
32 1 130475620.93772493
32 4 34918927.803721845
32 6 462940173.86914104
32 7 29192239.449956626
32 8 8282025.333492427
32 10 28670040.97070524
32 11 29253856.953806672
32 12 457231.97558820364
32 13 8518642.35415792
32 14 242102393.90476546
32 15 2866912.964792841
32 16 3183222.530411324
32 18 713419.6794160269
32 19 35655119.26890723
32 20 26797909.323846344
32 21 25673339.821488354
32 22 5379950.52807006
32 23 2642850.8307376388
32 24 17760022.61643083
32 25 13305140.722350542
32 26 178745876.60650215
32 27 4651164.597549338
32 30 49525303.362812504
32 31 356522472.6907242
32 35 140068244.83385143
32 37 97570667.88485502
32 38 35369060.64062964
32 40 98552811.67965597
32 42 6276692.860258576
32 43 7604948.323081234
32 44 95272273.03566839
32 45 221725383.53086126
32 46 26979757.131435536
32 49 67593412.59536804
32 51 364559536.03541833
32 52 6526268.139396567
32 53 139582.0203382635
32 54 173933625.32896185
32 56 528887108.91559523
32 57 188195.98229852066
32 58 48139613.27564242
32 59 765691.5329536621
32 63 24202890.342336826
32 64 125552132.38596107
32 65 390379431.7143477
32 66 22346682.90034298
32 67 113456220.53478512
32 68 3200703.320851812
32 69 148604937.18560052
32 70 32056170.086849775
32 71 297096187.174618
32 72 3119849.956337276
32 73 3954417.679531876
32 74 19321699.762870796
32 75 16407977.21723493
32 76 85805669.81143071
32 77 55207761.246758826
32 79 18541193.905640204
32 80 7398701.295305491
32 83 57582419.00932132
32 84 34645454.86615612
32 86 36835923.613621965
32 87 2249760.4747960214
32 88 4056761.50946296
32 89 136805403.73062196
32 91 2773386.645998808
32 93 35834079.60328756
32 94 75211094.03029256
32 95 15036764.495918032
32 97 520727002.2638529
32 98 2159063.5951034967
32 101 1165768667.7094352
32 102 322430733.49759805
32 103 696964.9552579136
32 105 227225509.70006946
32 106 128873012.38731417
32 107 11258905.452859912
32 109 33189892.10310577
32 110 9338198.8155703
32 111 1062440.5968050626
32 112 97201322.90810895
32 113 189782268.8773239
32 114 280294678.59395826
32 115 70492554.73367508
32 116 160642306.1982712
32 117 246658732.24295822
32 118 52239472.507770464
32 119 328350.59849304956
32 120 4506981.081102212
32 122 305300.69922830607
32 123 573460.7269360203
32 125 264653078.27149573
32 126 55570705.56600564
32 129 475817745.9732354
32 130 55740742.62202561
32 131 175394350.4482227
32 133 58383702.00915277
32 134 120575371.9439762
32 135 1327120.860714216
32 136 23805765.94724807
32 137 83090534.08155708
32 138 40566916.09620699
32 141 7090512.137211035
32 142 610819867.4172632
32 145 20303502.16365702
32 146 1152003.1938774704
32 147 129393391.2514116
32 150 55835474.95705022
32 152 204076133.52169463
32 153 48068020.72102297
32 154 221009175.99268976
32 157 333194682.52261084
32 160 1006475.7287698266
32 161 335323.5025292227
33 6 896869.3066387017
33 8 778706.6910880518
33 14 1056205.373620663
33 16 13051.211349265774
33 26 959293.5871745684
33 31 1032431.5126123636
33 32 923487.3740251219
33 37 828869.7062167706
33 40 637549.4598980731
33 49 905656.2410041096
33 51 40176.19795692589
33 54 582641.8178423751
33 58 762833.8498263442
33 61 179398.59447351436
33 63 1618285.2630985633
33 64 1069636.6058861574
33 65 1382936.6906528857
33 67 1153046.1858594057
33 68 1746159.5781255795
33 70 407635.04117180564
33 71 223966.77128518338
33 72 1415766.1363184897
33 74 667293.119051968
33 79 412138.2645313583
33 84 746945.0416256584
33 89 1783918.2884285995
33 94 82049.27820439308
33 101 54590.92320154409
33 102 564076.558275581
33 105 70687.21833349153
33 106 1744414.47704852
33 107 389490.0743669793
33 112 232941.0978343161
33 114 1141213.285291007
33 115 12717.49284423461
33 129 2891436.749851248
33 130 243332.95591668691
33 131 658163.0253009112
33 133 1045872.7764203709
33 137 4468.089178733937
33 142 1085422.8421277236
33 146 103245.20173233736
33 147 544047.4736533299
33 149 1534122.2347512925
33 152 86455.9413395197
33 154 801799.6096590123
34 1 12513625.677805495
34 6 6358504.248068526
34 7 30087288.18926867
34 10 10055888.861674858
34 11 9967031.865235692
34 12 4300055.054462598
34 14 56820682.25126873
34 15 11566832.907169232
34 19 39343659.911751755
34 21 8842998.906263854
34 25 1183936.9070177022
34 26 4390145.692175028
34 30 1197523.8137922806
34 31 61675866.82135795
34 37 15136486.736973887
34 38 9423412.592850557
34 40 2357438.136854217
34 43 6941391.428864518
34 46 13344929.148511054
34 49 21335196.170466878
34 50 7582329.093488304
34 51 14753351.040856175
34 52 11896847.116807744
34 54 26191352.17778119
34 56 6472721.528883356
34 59 3142893.2778856345
34 61 1308955.265866164
34 63 14092525.985475019
34 65 42846482.545423344
34 66 8248948.981440745
34 67 14653078.34090608
34 68 42402117.86096613
34 70 47057485.473865956
34 72 10155967.496117266
34 74 22175105.99200741
34 75 6070463.452545849
34 76 24850976.7838755
34 77 2363057.3448629915
34 79 11824601.12397762
34 83 58156620.72814542
34 86 6457957.114285563
34 89 8423182.879550174
34 93 3184300.3340512137
34 94 27459005.996456426
34 97 34324129.18574107
34 101 2751599.1187890125
34 102 12932121.980859583
34 105 36091700.86810646
34 107 36369093.5263762
34 112 5524067.522164877
34 113 34632828.97237793
34 114 49098517.99625686
34 115 9148704.754276441
34 116 2450896.5889326553
34 117 2690451.8583005583
34 118 9914778.410355464
34 119 2902851.971673685
34 129 9834783.87768428
34 131 16229324.892338246
34 133 29238461.444067243
34 134 66735098.41052406
34 135 10179145.20733602
34 137 32203002.080598626
34 138 768314.1800822646
34 141 16363219.994465055
34 142 20131645.11126507
34 143 11686694.010456113
34 145 6238968.639505724
34 146 9240201.144923052
34 147 17585288.71872455
34 149 3437389.0520091513
34 150 15051827.669460325
34 152 5889043.419733204
34 154 1597789.9793755726
34 157 2974429.1508159623
34 160 11789677.059110118
35 0 23643534.387396105
35 1 110015516.30937421
35 4 35970309.907945655
35 6 39655196.196193255
35 7 94458397.58023347
35 9 17220857.701435033
35 10 45922051.78295935
35 11 20705336.770055417
35 13 61774943.98060876
35 14 7632122.14898734
35 15 1320848.6330829991
35 16 1605047.0872286484
35 18 643129.2705897635
35 19 213359322.1716431
35 21 110409443.9596854
35 22 9766536.667500027
35 24 3444744.916166907
35 25 6532757.056665824
35 26 4042153.8887238945
35 27 7723193.979214736
35 30 11987699.794603424
35 31 41981315.31520644
35 32 18420747.686130073
35 37 12575551.459973361
35 38 9463935.247723704
35 40 11243504.7119543
35 42 758090.3234578966
35 43 9692134.174683502
35 44 8687492.74861652
35 45 13292386.232140202
35 46 11551588.264189329
35 49 280555965.2554403
35 50 2045857.3597893526
35 51 74570343.66688764
35 52 13890484.167234262
35 53 764575.3817959769
35 54 105414216.77404167
35 56 90844219.76996207
35 57 1501715.3876651893
35 58 4170527.341332123
35 61 3385144.398920996
35 64 27359495.912565388
35 65 103349551.84212823
35 66 935092.7564842256
35 67 40232199.8908416
35 68 12612823.947956385
35 69 2046718.2413428582
35 70 96676067.38712804
35 71 119440615.03199397
35 72 72980249.89372389
35 73 81862742.70845568
35 74 114863585.87360175
35 75 227835470.4284834
35 76 28648390.675601423
35 77 14746376.056395402
35 79 96710126.76028357
35 80 32523602.874479078
35 83 21078790.754032508
35 84 64830226.93658304
35 86 82461756.70472698
35 87 3036200.947385184
35 88 3836444.177663395
35 89 45134669.80699925
35 90 13430175.44507608
35 91 6268879.218957898
35 93 21679545.782016467
35 94 1262421.647343165
35 95 19359525.30868401
35 96 331146.21730874083
35 97 6810058.117239814
35 98 4016980.241239745
35 101 108655643.2357659
35 102 1850039.8661288521
35 103 7945534.48051112
35 104 6892120.060226576
35 105 78415727.52525307
35 106 11461306.557494046
35 107 28032466.55238342
35 109 1322834.1107576466
35 110 423919.31228183565
35 111 5691359.325810676
35 112 68189160.05700967
35 113 13173221.065051982
35 114 45798002.43873686
35 115 17221400.52048448
35 116 45360056.145830415
35 117 24000793.340312812
35 118 475424416.75481236
35 119 7803941.680579009
35 120 652441.8754531277
35 125 64440226.27815047
35 126 2509735.8593838913
35 129 170362786.85699055
35 130 53884385.24276921
35 131 59360014.39822305
35 133 10219088.081656545
35 135 80743651.83266208
35 137 385127941.67089534
35 138 957366.5582875853
35 141 20666888.13347574
35 142 137030683.81953362
35 143 2772500.8604623685
35 145 26140540.458022725
35 146 100387720.18143849
35 147 7555504.344320106
35 150 68229181.77512601
35 152 245501637.51617265
35 153 28880322.62012826
35 154 62479801.70404915
35 157 148848236.50261638
35 160 6707464.660446836
35 161 2790335.4885762543
36 0 1186427.0901184166
36 1 20708349.556779996
36 4 9534354.925612384
36 6 5442603.939891854
36 7 4180001.016150014
36 10 11926332.239503361
36 11 16094282.912686031
36 12 5055813.416877804
36 13 9554219.603623549
36 14 23997058.673684344
36 15 8367346.2158839535
36 16 2600659.7155784313
36 18 10097979.896643553
36 19 44334291.35024946
36 21 24885623.202539757
36 25 35890117.52986289
36 26 67657753.65647383
36 31 3387999.7855602354
36 32 45908741.5970891
36 35 17145983.81357004
36 37 25007635.51396862
36 38 2011442.0972766553
36 40 84754907.98814288
36 43 25637807.023167502
36 44 64958647.985785924
36 45 110005714.56734651
36 49 65026748.71523615
36 50 4048406.3899583253
36 51 95480366.68177325
36 52 15191882.640627706
36 53 1727748.2067654806
36 54 66534531.1895991
36 56 4987479.831589898
36 57 2695751.495873556
36 58 91989733.76363103
36 59 8421886.703522865
36 61 2150626.8568153097
36 63 9429619.38343032
36 64 61812988.91132741
36 65 33768535.81317497
36 66 2933605.5304938722
36 67 130564237.471084
36 68 20063832.756758332
36 69 131586817.25992706
36 71 80596440.07067458
36 72 56517002.13146861
36 74 10168086.011009153
36 75 15449027.612308517
36 76 57584809.26937033
36 79 49256669.755296834
36 80 83474094.31359896
36 83 9750750.516713977
36 84 4397514.052245878
36 87 520064.6945084745
36 88 560258.95836188
36 89 11686539.846225109
36 91 1957586.4999392903
36 93 17673184.4464608
36 94 22972785.669653885
36 96 2479785.9917059927
36 98 7862236.696469733
36 101 51356897.349530086
36 102 2133765.1604029182
36 103 8051905.101752473
36 105 41370603.81224797
36 106 39210514.798633076
36 107 7049005.172078924
36 109 39911798.05519186
36 111 1514121.5198854068
36 112 4481769.651486144
36 113 91178552.84318677
36 115 123989980.17824276
36 117 35341682.45507535
36 118 9981843.420876151
36 119 540820.6406980294
36 122 1377412.7769234977
36 123 6058275.1227366915
36 125 3715811.356230449
36 126 35124184.03303382
36 129 7032801.890150764
36 130 17184850.66566065
36 131 70146448.92249627
36 133 6478828.482310343
36 134 22522085.560253203
36 137 166061676.12984905
36 138 4813750.380289578
36 141 1758371.7365718815
36 142 47038091.62620073
36 143 3729618.2463210654
36 146 30112629.013731748
36 147 76064743.27950211
36 150 20798865.22331968
36 152 67083517.94949991
36 153 52645113.18407092
36 154 70077229.05410317
36 157 2645206.120837969
36 160 29473756.928584788
36 161 7269819.329559872
37 1 83387671.74213764
37 4 25482114.03688305
37 6 26669663.82059384
37 7 7296610.421196794
37 8 1508540.2575710667
37 9 15012392.579310881
37 10 552714.7626514079
37 11 8682941.479003837
37 12 25235859.012697533
37 13 2398750.2772417055
37 14 24857685.74847993
37 15 2218900.6372767566
37 19 7947427.853295235
37 20 2698543.2499526413
37 21 53905634.619126305
37 25 20197192.393561136
37 26 18136350.287534885
37 28 345255.32609406277
37 30 33483037.931447506
37 31 3306367.1868124106
37 32 2927126.6724317414
37 35 82961054.73492903
37 38 5305903.385521195
37 40 31948248.55491416
37 42 543944.1597731238
37 49 51297993.76690492
37 51 63226640.249160185
37 52 6194442.207492852
37 53 4277955.628278188
37 54 1759240.8263193073
37 56 1279041.5600589344
37 57 5110260.857204456
37 58 37467184.397421524
37 59 21495046.67726764
37 64 22303940.72087359
37 65 14905485.95420357
37 66 12903891.233983135
37 67 88773943.90212616
37 68 41615517.7422686
37 70 48186527.07004953
37 72 45677773.679076314
37 74 85167996.94706862
37 76 203000.43904015108
37 77 130095360.95923643
37 79 9906629.01544421
37 80 25128651.64959581
37 84 38975824.77590348
37 86 7896864.078671504
37 87 3798943.285331486
37 88 11161692.288206873
37 89 91747731.59555708
37 94 21844378.834334437
37 97 156937088.82285628
37 98 2851743.6826579627
37 101 12008613.422227323
37 102 164713076.9496638
37 103 56076067.10606271
37 105 73491857.97155915
37 106 946957.6820826977
37 107 84650635.50015911
37 111 846407.020475425
37 112 14411553.228251725
37 113 46008076.04050185
37 114 4470563.151018609
37 115 148864965.69625282
37 116 26512763.934347276
37 117 5495209.453178663
37 118 4635304.340163772
37 119 4809004.419807953
37 125 69960189.4437517
37 126 29292645.847885843
37 129 77845421.78030421
37 130 43438789.681287065
37 131 72101153.51273714
37 133 93935647.2631632
37 134 8994968.405010397
37 135 3999789.745184866
37 137 10454594.917305276
37 138 54275979.90690878
37 141 10876857.622267012
37 142 31836227.299214054
37 143 3814585.2919064006
37 145 10733439.729801372
37 146 25384137.731864173
37 147 2586254.096372498
37 149 792414.3639741802
37 150 59923807.20841637
37 152 125121008.47077903
37 154 50517192.1950721
37 157 12195497.782916004
37 161 21745775.849997763
38 0 3784554.1925244685
38 1 5520990.745911562
38 4 2847273.461902375
38 6 36400492.72084155
38 7 26308050.27874927
38 8 6283460.134705218
38 9 11435754.259375848
38 10 7607887.94746159
38 11 11144967.743933221
38 12 175770.49512197162
38 13 4789269.402796057
38 14 5917896.347224986
38 15 4468471.744048744
38 16 2488594.8984168223
38 18 15317611.385853812
38 19 15269534.958830712
38 20 6075944.491761615
38 21 41375.54175273386
38 22 6863476.608412632
38 23 1053594.7047952898
38 24 3457073.131680979
38 25 2849735.7225245824
38 26 24543245.154133786
38 27 471926.82681199885
38 30 30617530.940297782
38 31 1918078.537075644
38 32 14839904.953095919
38 35 1416078.168238871
38 37 11281167.213565998
38 40 11566998.320135815
38 43 7227405.688171065
38 44 8608393.17086543
38 45 4695649.327363961
38 46 14218983.845085643
38 49 6065835.851366167
38 50 1648063.8487479857
38 51 14116691.144926889
38 52 18188630.323240075
38 53 2781413.886575846
38 54 23011397.115063235
38 56 5076241.068269331
38 59 2049113.42147074
38 61 806761.2035752467
38 63 1465610.0533888068
38 64 2371561.9157141796
38 65 15595707.299430953
38 66 11419437.58462749
38 67 4312979.661084641
38 68 3392257.110948668
38 69 7696487.573851579
38 70 1119284.7838897542
38 71 608067.6734515087
38 72 29564.582241336175
38 73 857686.724340791
38 74 8959393.753696792
38 75 30759117.990972757
38 76 2049266.541599808
38 77 656026.6106788083
38 79 16604262.278362578
38 80 1970065.6086073108
38 83 6689139.735458839
38 84 13362736.185221383
38 86 23362575.163624562
38 87 4922928.878689354
38 88 4376557.932245647
38 89 34942774.939732164
38 91 427903.1611796411
38 93 9471098.59806835
38 94 7670432.767869338
38 95 21003370.618036337
38 97 2649216.1403707587
38 101 16965457.15541894
38 102 26835887.634148333
38 104 7826544.526402828
38 105 3765110.2402028367
38 106 4425210.624337959
38 107 4441482.62911791
38 110 348657.24665359786
38 112 7114995.752251013
38 113 32693907.83110546
38 114 4124380.8737197267
38 115 13028024.991907453
38 116 15313353.564305078
38 117 9500409.418731779
38 118 1507001.0506307776
38 119 71808.35090087625
38 120 2456758.007586136
38 121 404567.42037594883
38 123 4615670.866607228
38 125 1343997.6497085718
38 126 2082827.8652788792
38 129 1376834.2688746531
38 130 3751512.0777920373
38 131 1936509.181107748
38 133 9489237.590925898
38 134 5561922.020909707
38 135 52182.11258707317
38 136 493361.819977204
38 137 10340343.751928871
38 138 1356667.963659733
38 141 1600383.8269353807
38 142 3470300.697514826
38 145 4401442.874890218
38 146 4350425.555526608
38 147 15478567.238269912
38 149 1960910.0725224866
38 150 5143961.395720051
38 152 808819.9812671647
38 153 14771180.16563785
38 154 4260734.389172581
38 157 16627000.841564022
38 160 20441831.197989143
38 161 4216763.876538779
39 1 530078.1226296977
39 6 17475336.09567977
39 7 81476.37570442492
39 8 3326489.028879721
39 11 6090427.514594451
39 14 8785225.448041214
39 19 27699886.873382032
39 21 24387365.387001876
39 22 7965894.2130916435
39 26 240421.20736113883
39 31 23402216.83054125
39 32 876835.5765929661
39 37 2864057.2367810295
39 40 2391345.7229788667
39 43 15303789.66857683
39 44 9030782.30654698
39 45 4378719.346429078
39 49 5405799.332580177
39 50 3098537.0178833464
39 51 9673088.155410167
39 52 3880355.818198881
39 54 7561213.394165772
39 56 6318351.130401504
39 58 23954350.69701515
39 59 4022277.9066693964
39 64 1351520.8954823501
39 65 14318729.37771004
39 67 34565141.667890295
39 68 2681174.723406824
39 70 11984257.768710911
39 72 32405272.484442603
39 73 1248214.3586920935
39 74 7086030.898288427
39 79 2713297.0187255866
39 84 11563920.296322068
39 86 15578.701094067932
39 89 24903128.664284687
39 91 1646934.3205861573
39 93 9450110.3820199
39 94 410963.39994864905
39 97 6146480.465293356
39 101 34584060.35977485
39 102 8369175.621552473
39 105 4599519.933700235
39 107 44082844.83802356
39 109 18604770.89551281
39 114 12637987.914685296
39 115 26270588.850929614
39 118 5477427.4114793455
39 121 803045.5924115819
39 126 71234.32291385616
39 129 2019642.082918974
39 130 11075650.828426398
39 131 18195695.854691315
39 133 647605.5239568213
39 137 15580681.867838567
39 138 2437733.6146712573
39 142 8326957.337600019
39 146 1101701.4350483909
39 147 2513554.186770009
39 150 12415188.266396368
39 152 27586551.584783655
39 154 216435.40411601952
39 157 7566345.655250056
40 0 19347159.76554605
40 1 18309033.714364775
40 4 753372120.3321458
40 6 78815915.1811475
40 7 784258006.2836301
40 8 36914228.27192432
40 9 31612505.1036733
40 10 144813926.4997539
40 11 50679321.267065056
40 12 24311860.297457654
40 13 12266647.57981737
40 14 600151540.6142558
40 15 1954999.0410375241
40 16 10097796.008607043
40 18 37340110.09816193
40 19 554890647.196735
40 20 39760969.972705424
40 21 190200840.95926133
40 22 17802686.2350091
40 23 8641327.725439806
40 24 40118164.175301276
40 25 1527184.3403077826
40 26 4804970930.781314
40 27 5078901.136245787
40 28 96414.84961093392
40 30 124592790.11756283
40 31 565837268.440815
40 32 647251007.2722683
40 35 221869463.72406015
40 37 9101679.331660463
40 38 14842709.526080262
40 42 1382190.1559621987
40 43 408016273.43322724
40 44 19177617.48505863
40 45 149244984.13748476
40 46 8965314.067704061
40 49 205829443.05238003
40 50 82340602.20706545
40 51 1040467769.0397867
40 52 2512048.8791560377
40 53 1626588.1712617173
40 54 3022892455.817523
40 56 184098342.91997775
40 57 182671.66099720713
40 58 116086800.0386915
40 59 3315270.4725208785
40 61 23408453.2076749
40 63 351097.16860228596
40 64 1649307993.9890127
40 65 103610167.7321633
40 66 40131094.89976239
40 67 376974274.14619833
40 68 1237825445.0210316
40 69 518784505.4450261
40 70 280344102.23891467
40 71 366490172.1369471
40 72 1158711827.621851
40 73 34876735.26902163
40 74 1402809723.8867004
40 75 31897658.108682543
40 76 82147970.63021305
40 77 65355972.77018859
40 79 1415857810.9682474
40 80 21329778.094609234
40 83 47657584.83645238
40 84 117427290.06005006
40 86 3005669.0546530206
40 87 584986.6565996797
40 88 429226.6515136753
40 89 692585677.4590845
40 90 214561.95538998372
40 91 9265645.361919636
40 93 22197460.012153044
40 94 44642841.351765364
40 95 29773733.86007497
40 96 12057541.749614445
40 97 91060235.13996272
40 98 615952.7298465739
40 101 1605148129.4746335
40 102 105371914.951915
40 103 53826962.837450325
40 104 1718620.1906466566
40 105 392849604.89495295
40 106 147927158.80273557
40 107 192908906.7010818
40 109 51115132.65402837
40 110 6455429.333723022
40 111 20166873.574553248
40 112 15542942.899844376
40 113 32544551.691595957
40 114 537468031.7850221
40 115 182962978.65422845
40 116 85953989.33826092
40 117 210203058.251059
40 118 1087482123.6988807
40 119 759006.007883447
40 120 51030.77673689886
40 121 8386484.126599465
40 122 282039.74619137764
40 123 2087782.040620548
40 124 686259.8642381196
40 125 421758236.0571147
40 126 136624816.1573083
40 127 4375027.692902809
40 129 280861690.7020263
40 130 421435160.5857553
40 131 146708840.70099115
40 133 758358467.238371
40 134 39568782.200289555
40 135 7224780.135852861
40 136 2469319.7772040996
40 137 200047742.8752045
40 138 573287068.3695797
40 141 779882.8107899901
40 142 124329262.43966363
40 143 322143.4709600913
40 145 19187302.594118927
40 146 171018815.48631772
40 147 1193393790.2011669
40 149 2330136.108723067
40 150 1875051.311270882
40 152 3388831857.0324035
40 153 31256510.28041282
40 154 3501135301.8313417
40 157 302461192.7441954
40 160 7844504.897304459
40 161 10914808.912355151
41 6 571769.2284119936
41 13 75833.7719359573
41 14 1484578.6452454028
41 22 717567.145185425
41 26 409776.41075034713
41 31 517823.17200131324
41 32 1843661.759137892
41 35 27765.347637700135
41 37 495634.0273385095
41 38 2487231.7540867478
41 40 1161980.6363168447
41 45 1684702.3844758589
41 49 2563542.638013576
41 51 85078.30821707397
41 54 119840.759251327
41 56 787707.2024284701
41 64 723646.1916382111
41 65 3414681.7516251877
41 67 898577.4750488858
41 68 3851560.852993161
41 69 740879.107444494
41 70 1419724.5464077275
41 72 1518350.0622655891
41 74 609724.5312191194
41 84 1467303.2475395312
41 87 2344113.8092983286
41 89 2190807.2071526973
41 93 1962401.8378913351
41 94 1609795.7069240513
41 97 2414798.105598521
41 101 192592.1601382481
41 106 799868.5924899358
41 114 3374609.2286337256
41 115 1141250.473616524
41 117 3627112.578676466
41 118 2277909.422909529
41 125 64237.10162684423
41 126 159377.84283765533
41 129 1509757.0135549724
41 130 532319.1545611873
41 133 4079706.2976142564
41 134 2999451.513351061
41 137 847132.3108510921
41 138 404359.38689315703
41 142 3724.088532206437
41 152 78877.56511903513
41 154 1500798.0922481827
42 1 620414.0287189157
42 6 831532.0181989314
42 7 891709.2938684272
42 8 642958.6900101532
42 10 242340.45912848227
42 14 115484.85730913062
42 16 1556791.179380384
42 18 2529315.6056708274
42 19 171193.21994603713
42 21 603109.3864814853
42 26 132438.87116849684
42 27 3616388.4732016805
42 31 2589582.1140495157
42 35 510193.8382626797
42 37 827295.3414342029
42 38 19042.411678047065
42 40 24458.209842576678
42 43 2139839.281803939
42 44 1426007.3024325983
42 45 359054.2952352051
42 49 1778883.9827050648
42 51 1058178.8211564806
42 52 1286568.1525844226
42 54 1316179.500765054
42 56 4085.6579262636883
42 63 563206.1628974644
42 64 4490848.800612208
42 65 176549.79986655436
42 66 479158.2332242943
42 68 657827.3181269319
42 69 2001210.7316594901
42 70 1654639.9207030027
42 71 2370885.642392382
42 72 865088.8441923934
42 73 264905.60683483485
42 74 17327.045412071337
42 77 1969035.4042943243
42 79 678891.1579667489
42 83 149769.05472165538
42 84 1079085.875218287
42 86 1728606.4876711504
42 88 670647.8306324059
42 89 1369909.0877984415
42 90 84793.30609911052
42 94 1617471.222994112
42 97 2199960.92830845
42 98 547044.2209219083
42 101 957026.2773599419
42 102 519504.143051073
42 104 1326179.8851516475
42 105 358968.6338354597
42 109 650350.1087007421
42 110 1049511.809279131
42 112 340741.62945439067
42 113 2264269.594252174
42 114 385473.3998918207
42 115 216434.99457826006
42 117 1519295.5456620215
42 118 2260523.976612566
42 125 2309753.2801038544
42 129 756722.808664446
42 130 855104.641114372
42 131 1719058.8172965806
42 133 2059908.932054805
42 137 84400.44119047122
42 138 55657.60677301835
42 142 108617.93592605986
42 145 280982.5600037885
42 146 1482000.6580590834
42 147 2848769.446013189
42 149 2416.105714567573
42 150 313440.7024731406
42 152 856748.2209541745
42 154 2540717.961637953
42 161 3191098.946544273
43 6 77053874.21835265
43 7 48222479.638315685
43 8 4967364.64955624
43 11 21378706.189839
43 12 41731168.98763901
43 13 22197570.915458445
43 14 31984991.61659536
43 16 173240.6590568123
43 18 15948052.548403662
43 19 676319.8801259353
43 21 111666820.53405233
43 22 8208182.900051653
43 25 20489852.62267145
43 26 287545529.0599472
43 31 28617061.14380977
43 35 37089435.436884455
43 37 38189027.25874561
43 38 59170453.04372898
43 40 220151220.3351364
43 45 7089171.560308031
43 49 83101645.25485185
43 50 6929177.525882426
43 51 211405350.02741274
43 52 11994248.902173081
43 54 221293796.7422508
43 56 37731166.58373089
43 58 74766889.62679577
43 63 4294618.0861847615
43 64 174099647.67631757
43 65 8302349.328006291
43 67 150187829.97911438
43 68 48417772.261076316
43 70 80775678.79955973
43 71 57471317.56506273
43 72 190878463.746471
43 74 188571610.61580572
43 75 39557224.05110802
43 76 11568058.83176993
43 77 63422066.96251192
43 79 20960411.518859074
43 80 174290538.5031197
43 83 16729475.544577258
43 84 1221818.0574918098
43 86 17079265.579390638
43 88 4861529.198846704
43 91 13062153.109618312
43 94 118122202.18555363
43 96 1357430.385010838
43 97 104898403.29823355
43 101 69281672.52928755
43 102 46442282.56306649
43 104 3340492.235272166
43 105 17322445.97996258
43 106 50610438.93399393
43 107 11835125.322185902
43 109 23480113.61448824
43 110 6904928.830781732
43 112 28040238.292968497
43 113 10599709.755459227
43 114 78850044.83995447
43 115 2973097.997781005
43 116 37076482.46720343
43 117 30458969.77849027
43 118 240018213.27777317
43 120 2228799.679912414
43 125 19101686.294297505
43 126 4882519.970039999
43 129 5738445.262316525
43 130 4885707.67832496
43 131 78014634.67035511
43 133 216569318.78208148
43 134 10096060.385499224
43 137 69990418.32499874
43 138 169057240.91481948
43 141 29225823.554580998
43 142 257145626.79484478
43 146 68167966.28161906
43 147 10895381.617520709
43 149 8232395.219902369
43 150 79938610.9949553
43 152 79706313.40387794
43 153 35719851.59574533
43 154 79196901.29489131
43 157 119868973.9669063
43 160 257887.22073900088
44 0 46195536.40676015
44 1 241631483.21531823
44 4 55773287.08557059
44 6 139488708.94258425
44 7 64030297.646921515
44 8 21518686.928425457
44 9 46687237.58797727
44 10 4907153.942264069
44 11 6355637.005168612
44 12 1067851.5263015234
44 13 64611271.1201289
44 14 117076882.53145696
44 15 4357698.518287648
44 16 14435907.90313107
44 18 42977689.48474488
44 20 11612430.082411584
44 22 12527933.784201916
44 23 4423976.723529782
44 25 5724091.183597788
44 26 27719935.15403222
44 28 2276023.7193626333
44 30 30281081.27862306
44 31 19341372.06604557
44 32 75656603.5830996
44 35 17659645.364819534
44 37 298584795.44835275
44 38 2408219.589475726
44 40 44910359.68120102
44 42 147308.9881242845
44 43 35370792.82085546
44 45 8800871.947007187
44 46 34051572.73575683
44 49 49180825.363911286
44 50 146017.07063344822
44 51 10602795.247127272
44 52 4659927.340685957
44 53 765931.1362586279
44 54 71508399.53110741
44 56 72669907.54155765
44 57 14706.085999754052
44 58 3769062.03191149
44 59 4887203.606240816
44 61 12192412.214373257
44 63 43995539.089044414
44 64 103987195.65749055
44 65 111388909.6199442
44 66 11520599.670680571
44 67 30568729.84833799
44 68 38219939.0062153
44 69 61498942.93580626
44 70 17677763.547150854
44 71 65788332.03085227
44 72 49247655.11461267
44 73 76206797.70203403
44 74 45333010.63683875
44 75 7163349.704123988
44 76 31817223.760830276
44 77 100245260.08496402
44 79 44789333.82416858
44 80 3219360.1360632875
44 83 16278798.20668715
44 84 103574175.82750796
44 86 19364105.26921176
44 87 683135.3408423096
44 88 5044192.741459787
44 89 184582852.90008205
44 93 2790357.535432984
44 94 81667420.02838662
44 95 8192027.84029903
44 97 36992070.66848616
44 98 6173728.3801873345
44 101 165280159.9261156
44 102 73140037.8205871
44 104 22113554.867536727
44 105 42706958.80143656
44 106 85421891.78910296
44 107 32238263.17031183
44 110 27095364.21221151
44 111 223172.52672671873
44 112 31418.604247280382
44 113 146861534.93172833
44 114 1011224.637919891
44 115 14823836.182791142
44 116 5462503.1760747265
44 117 15997332.46739259
44 118 35270453.17047436
44 119 513662.2613761241
44 120 2477342.07433191
44 121 2453351.5837422675
44 122 46835.138684229656
44 125 71277676.94679745
44 126 8829038.791419433
44 127 9600120.729307082
44 129 263719152.3679852
44 130 333036828.28560036
44 131 34550748.585040584
44 133 2434771.732296836
44 134 184490479.91679373
44 135 38757456.445903584
44 136 5534060.74593171
44 137 56276007.783233024
44 138 106310937.60946204
44 141 2082000.6166645999
44 142 233546.5265702762
44 143 4406046.889370032
44 145 38365197.29508861
44 146 29572196.30431777
44 147 71063295.9009527
44 149 9674954.772145271
44 150 78307999.27820729
44 152 84933196.97065744
44 154 55365562.65990221
44 160 14250949.678930126
44 161 13383022.847559081
45 0 7459692.776621432
45 1 29479652.29364197
45 4 124447730.14509559
45 6 11765739.03858975
45 7 196666995.15532988
45 8 10293212.182657328
45 9 73156231.48625596
45 10 5952227.711980348
45 11 58756724.909464695
45 12 4949836.8532604985
45 13 81515878.23973301
45 14 267235682.3218124
45 15 2863118.5833221534
45 16 8345090.251910911
45 19 240140850.95571128
45 20 3193977.313341287
45 21 10190690.02599045
45 22 12819998.913433306
45 23 2697087.565389312
45 24 1468765.6933074677
45 25 4385496.781672932
45 26 103293033.75531583
45 30 256463582.7008957
45 31 79619806.06793848
45 32 10658456.18126979
45 35 136136164.62933934
45 37 12909353.296372991
45 38 613136.0838176622
45 40 10409945.229225425
45 43 32442299.232606973
45 44 31124332.44462503
45 46 117610586.52891868
45 49 90195189.23364016
45 50 785975.7919527153
45 51 67477764.89509967
45 52 24757307.09535165
45 53 2561579.9403978074
45 54 74716589.25774965
45 56 31577372.547046065
45 57 6854330.239736332
45 58 14246636.790728431
45 59 5039875.4547844175
45 61 809502.4309152231
45 63 84175653.94372828
45 64 86882749.6447157
45 65 95829760.94540684
45 66 25266429.43449078
45 67 9171196.271494921
45 68 108201577.20772278
45 69 73884213.81169781
45 70 22290130.195193186
45 71 80061947.83434814
45 72 281756660.70807576
45 73 14178167.903298084
45 74 113376232.3946433
45 75 14727421.426269926
45 76 82805272.30653791
45 77 7249450.214114659
45 79 149127799.04815036
45 80 1937014.6551460023
45 83 28515278.890881512
45 84 41663325.29476569
45 86 16139270.862807553
45 87 4815599.622417139
45 88 6028044.272899834
45 89 39041254.27477042
45 91 5634073.111039899
45 93 31142860.943223856
45 94 4691548.900563415
45 95 7272478.334944329
45 96 24561073.44132527
45 97 63150953.05779077
45 98 2211592.6151517374
45 101 250619170.0768741
45 102 165532509.6957887
45 103 7077040.905468986
45 104 4712989.307497972
45 105 18730788.529163845
45 106 43841423.1516638
45 107 1812496.416657433
45 109 71377153.3742705
45 110 2234590.6453150907
45 111 46490850.05712454
45 112 21223956.98475899
45 113 350446360.6803389
45 114 22623414.496428955
45 115 184653.3918576969
45 116 1104800.0649334001
45 117 86223818.52076907
45 118 77230872.86459482
45 119 8568349.771783711
45 120 1466010.9628550007
45 121 255300.39820251887
45 122 4699287.154159096
45 125 179779324.83471572
45 126 3689318.0091634206
45 129 85186161.53609708
45 130 16510472.105616888
45 131 27115948.206537277
45 133 75267838.05440779
45 134 16941058.894404203
45 135 7828930.146766025
45 136 9409173.305845745
45 137 194127981.2190215
45 138 63870614.61696332
45 141 12199456.28276293
45 142 11555946.117369799
45 143 2781260.307279276
45 145 78549538.06056577
45 146 54286642.30649482
45 147 19687650.98756896
45 149 23482885.8909384
45 150 61817864.79914589
45 152 136312165.45912534
45 153 58067297.20051806
45 154 43575190.71675603
45 157 78226756.36423163
45 160 15633489.164960979
45 161 5090832.514267613
46 1 84765662.9982796
46 6 151398410.6108728
46 7 52689371.16106231
46 8 11823679.66030982
46 9 78272307.85224102
46 10 28518643.765861243
46 11 51030165.4793093
46 12 9894479.665123528
46 14 24573961.277670637
46 18 5833800.217544019
46 19 63174575.55676481
46 24 46595364.898756385
46 25 13272237.11386084
46 26 58693088.929490425
46 32 106859134.08369865
46 35 42093535.13660477
46 37 37467410.14677503
46 38 4625331.097866114
46 40 27325919.602624357
46 43 1403649.8829528692
46 45 24837760.2269598
46 49 7609425.886501145
46 50 1741551.2451042333
46 51 10940329.17473763
46 52 1093854.850427946
46 53 2769249.7310141213
46 54 25431624.185271602
46 56 62984394.65310649
46 58 49899025.730086274
46 59 3994773.381589562
46 61 296616.48948394484
46 63 21799369.72110543
46 64 57211999.19335729
46 65 71727996.71782206
46 67 41049623.77121181
46 68 7173971.763533146
46 69 32434334.947206162
46 70 72223066.32604736
46 71 168852149.2219775
46 72 21204377.079282165
46 73 14518684.228008151
46 74 139996176.79717204
46 76 81482819.55768986
46 77 32919520.097995628
46 79 105922758.80162962
46 80 7122368.464413595
46 83 42128068.6079777
46 84 41223806.03723864
46 87 9457100.17179171
46 89 281404051.2369692
46 91 1561228.5973238316
46 93 6881871.362137178
46 94 27143790.404222015
46 95 1367113.832691274
46 97 4790930.257272557
46 98 174593.22245985898
46 101 89313783.64622466
46 102 2509937.795003813
46 103 198065.96706946203
46 105 7128754.015394351
46 106 37750404.49761761
46 107 2182016.187137749
46 110 9111986.005620169
46 113 15241406.33953665
46 114 14333784.070681982
46 115 54263130.583521135
46 116 96182852.44091462
46 117 11467522.447354397
46 118 28524709.33628127
46 122 1647228.7444168916
46 126 7697088.861338184
46 129 31869425.377840832
46 130 70563081.78388257
46 131 12857723.373419046
46 133 43170767.88517828
46 134 4630708.163661032
46 135 23336188.043663952
46 137 965586.3379340725
46 138 47859109.88614638
46 141 7213934.569149955
46 142 31998850.325110868
46 143 953319.9108247719
46 145 52002410.59352848
46 146 18040211.90589185
46 147 67434869.97702487
46 150 27803242.27860432
46 152 10676043.25504605
46 154 75978379.58437344
46 161 6989146.262171877
47 6 107453780.71108595
47 7 63880648.52714805
47 11 13851719.330519486
47 12 15650049.940052904
47 14 50203606.48600677
47 26 5022245.515269474
47 31 21414696.89744119
47 32 54423607.12852273
47 40 80667612.70134254
47 45 4867454.574703637
47 51 40002543.91033406
47 54 46547864.04480809
47 65 70591540.66322717
47 67 48138180.09817877
47 70 32220292.198689703
47 72 44910597.125726365
47 74 24577694.797849122
47 84 35518680.87621147
47 89 20151801.156868964
47 91 12949332.802877149
47 94 17220967.259406336
47 101 12015997.519379588
47 105 23574448.091532346
47 106 75807275.97083795
47 112 48513052.865764365
47 113 261764.73669581412
47 117 35528900.71562429
47 130 37664394.47872189
47 133 24946393.82105656
47 137 9912102.570068099
47 141 4743194.626794134
47 142 112547568.15564722
47 147 65737836.46661956
47 150 31802799.548666567
47 152 53571143.498722956
47 154 100522999.38708273
48 7 749197.7658539258
48 9 7958030.99607718
48 13 9474736.454274358
48 14 11184013.866229508
48 19 4469528.134942534
48 21 19046011.442350697
48 26 3369025.3240161813
48 37 2267487.882738472
48 40 17900428.114541452
48 45 24757.784592173946
48 51 4537802.587410102
48 54 4706353.955191419
48 56 7803819.1949074725
48 63 4470460.678015613
48 64 5673403.118110497
48 65 9021615.652981527
48 66 6666168.602289363
48 67 1883073.2479735923
48 70 5083970.98858397
48 72 14913322.357593028
48 73 7603991.126533545
48 74 6507812.081125806
48 75 20467502.383464217
48 77 1075998.4947608144
48 79 4253337.832860398
48 88 10011743.51822515
48 89 134159.05684868727
48 93 1162326.867296664
48 94 14922384.64478108
48 101 8329364.868308361
48 102 6780961.718727422
48 105 6343241.404292991
48 106 7288644.316284572
48 107 11183495.942639884
48 113 46915075.57924274
48 114 2595726.8406714904
48 121 311087.7892956016
48 130 9971750.208294176
48 131 6016273.691556745
48 133 7674540.313435682
48 137 5925472.514670457
48 141 15580607.404924842
48 142 12125857.125727834
48 152 4972845.516383762
48 154 2580826.69766989
48 160 2562974.397912365
49 0 36221160.36036607
49 1 62323555.76097333
49 4 252447522.7810427
49 6 72684457.7729761
49 7 89252655.429561
49 8 22012598.59643987
49 9 26266645.767394748
49 10 3555001.055377211
49 11 19602749.2387349
49 12 1555107.055762281
49 13 23555591.049602326
49 14 183385240.08128995
49 15 1522677.5129012326
49 16 1436225.5257713525
49 18 4553340.160254042
49 19 465859336.2539567
49 20 26745950.402476437
49 21 32006151.23053938
49 22 2885331.924209904
49 23 2295284.8909804686
49 24 21747273.59373106
49 25 10761749.985174336
49 26 72627204.97875321
49 27 1441902.3881116072
49 28 918721.1784411975
49 30 374980209.53330046
49 31 413450786.7518763
49 32 852016513.7249559
49 35 171866396.36997858
49 37 45719636.46530477
49 38 3961646.855283646
49 40 154821121.41945866
49 42 1890324.0031046695
49 43 22764835.357186865
49 44 30695660.97850696
49 45 225218382.25078675
49 46 114695594.61344501
49 50 30703773.177065555
49 51 225657303.10500896
49 52 1061359.4493982482
49 53 646852.8485016245
49 54 3806078660.5024047
49 56 84468807.49215886
49 57 1299405.7997566094
49 58 54587843.14069642
49 59 1890561.0622523357
49 63 96461874.7529552
49 64 2011489579.6582534
49 65 320524679.85099965
49 66 1059385.2284148943
49 67 142158514.1399576
49 68 229660472.14283687
49 69 464699990.8775635
49 70 48418480.320707805
49 71 435592222.9921115
49 72 559199058.5735774
49 73 62681220.19593736
49 74 935942466.7411814
49 75 63180955.86651401
49 76 220431601.97929135
49 77 172485.606271438
49 79 2372062093.946686
49 80 12459241.86600627
49 83 132825460.05782083
49 84 95591970.48976816
49 86 340492340.53875244
49 87 14727607.772558765
49 88 672795.0817904209
49 89 91320033.57249872
49 90 8580589.71225551
49 91 39038006.11681325
49 93 9318605.566829262
49 94 1020026823.1306036
49 95 19925637.48814541
49 97 21658521.94922001
49 98 21613001.323333416
49 101 1467160592.9085312
49 102 175106507.27383825
49 103 41552799.43203813
49 104 6301383.472809822
49 105 16223563.792208327
49 106 62976818.00068379
49 107 13628167.665321095
49 109 145831493.513164
49 110 16100231.727651965
49 111 22338195.358231414
49 112 81252793.29829195
49 113 52373101.33197635
49 114 38620300.99267215
49 115 1247349215.8525968
49 116 8762009.076779108
49 117 508671026.3582943
49 118 129420294.46333352
49 119 495093.06847112597
49 120 765119.1314446054
49 121 6097545.027023783
49 122 2133848.2603000225
49 123 299.4507685445918
49 125 123693725.52507274
49 126 15252333.492099447
49 127 9419004.045961343
49 129 1007387492.0993044
49 130 87734038.26683632
49 131 220031647.68209583
49 133 839957278.2204645
49 134 268238374.1741952
49 135 129403193.91365801
49 136 10705234.832522592
49 137 96038352.45430973
49 138 10175912.592530545
49 141 22267741.804301973
49 142 841125218.1978812
49 143 7548834.944872147
49 145 174898535.25386566
49 146 139591295.15469587
49 147 2834476255.336497
49 149 16486356.83955889
49 150 135395188.33288744
49 152 1027846239.3437771
49 153 16160133.801183265
49 154 231378735.19926876
49 157 75213299.10432784
49 160 38766457.52915858
49 161 31664414.39765051
50 1 8840070.319279091
50 6 2898185.4166822284
50 7 13613625.327181438
50 8 7389032.042931104
50 10 1962891.0673784087
50 11 740666.4849778424
50 12 7099556.02283044
50 13 2948206.810802776
50 14 2659047.816876815
50 15 2614217.2641766225
50 16 3908349.4541571857
50 18 1836024.5303602682
50 19 3045303.683677022
50 20 2640712.899006665
50 21 7634099.842378327
50 23 1382618.8745390982
50 26 965028.8460168462
50 30 1226304.6623157521
50 31 1984519.893758934
50 32 1521044.0817182618
50 35 4969154.354348084
50 37 1395903.5847847965
50 38 2478845.058747269
50 40 15794265.947051207
50 45 2869544.7699359814
50 46 1737977.5395372403
50 51 2918737.686674726
50 52 2419968.4351688367
50 54 3566856.6694152816
50 56 2464544.713527444
50 59 1179861.9390802744
50 64 3907509.387332434
50 65 138830.14975864117
50 67 1305872.4708203035
50 68 122651.90907399906
50 70 7748451.6919044675
50 72 919567.5751632499
50 73 633925.3827358505
50 74 4966736.231750039
50 75 691435.8942405774
50 76 1457089.340856477
50 79 30900.19486455787
50 83 713955.9632846318
50 84 807840.9589195338
50 86 5375682.098067796
50 87 735898.3748498998
50 88 450143.68778098375
50 89 3624718.928103073
50 93 4120880.7144157947
50 94 1743075.928772833
50 95 155799.2934890705
50 97 928031.6125206593
50 101 60456.09513444512
50 102 2063915.9016107214
50 103 1279262.7655537778
50 104 625410.9888084943
50 105 7995759.296606858
50 106 82275.09580516047
50 107 1624360.5386600976
50 112 3333372.870386726
50 113 7411703.7586585395
50 114 3327047.9130174727
50 115 2957184.744564155
50 118 3023713.43703633
50 122 1387812.620450175
50 124 1672871.671942144
50 125 456784.1493524014
50 129 1024114.6271922997
50 130 2423125.5354949087
50 131 7657541.498406976
50 133 1191598.8966155867
50 134 900937.1891882105
50 135 1443566.4876564036
50 137 4572371.858793583
50 138 1432080.4102308315
50 141 2980596.15708585
50 142 10555787.029006807
50 145 540407.5491515924
50 146 2469727.858708026
50 147 7134058.941949982
50 149 1159978.5241496346
50 150 173926.52129145185
50 152 12615035.536714664
50 153 5189094.1292470675
50 154 583631.5557745667
50 157 2985188.404457449
51 0 6269922.250020481
51 1 76048723.84246343
51 4 428914311.81635374
51 6 350366715.1646347
51 7 62423984.22827181
51 8 6937854.228987549
51 9 40172830.54856419
51 10 26751108.584724646
51 11 62181595.08799115
51 12 10021455.052633073
51 13 31398197.893550344
51 14 1348934515.1629765
51 15 2037572.9303273854
51 16 3364369.776196881
51 18 3279940.659997556
51 19 2870057250.3495345
51 20 8042359.100425844
51 21 265581756.94647536
51 22 1045704.7196490092
51 23 414080.9118663143
51 24 2671796.235825938
51 25 69080637.79733813
51 26 8099414271.407966
51 27 2332605.0499472176
51 28 727906.2689500808
51 30 254202920.110376
51 31 5209533509.881863
51 32 12666712.563805174
51 35 125770148.0041573
51 37 56638536.93342237
51 38 97961459.5691263
51 40 1819607973.279173
51 42 2593200.134187376
51 43 221001783.6435517
51 44 79766448.95468028
51 45 15566011.71494211
51 46 85990271.8970861
51 49 481523376.7541165
51 50 6784972.04936987
51 52 15768973.225343766
51 53 3626811.059278035
51 54 66913988050.83531
51 56 875189407.5297726
51 57 599797.2826058303
51 58 13925087.17330133
51 59 7369273.700951346
51 61 6996804.829022998
51 63 20124256.086547334
51 64 8443726252.47
51 65 252815870.14553374
51 66 22439773.005040143
51 67 764943968.9367712
51 68 1734958211.155822
51 69 232328514.3667793
51 70 433354201.25152034
51 71 188062535.82781243
51 72 19994588749.41778
51 73 14989740.120003508
51 74 51914542691.17455
51 75 122655606.28464362
51 76 269280999.09450454
51 77 34412198.12941615
51 79 17975345870.554073
51 80 98282832.48781964
51 83 77996238.81396398
51 84 97180550.07129352
51 86 330689219.9864816
51 87 235264.19272219078
51 88 2130404.4159771926
51 89 2535247163.2441564
51 90 2050764.7151176173
51 91 18225197.27782917
51 93 7021070.482475452
51 94 6004853979.874643
51 95 56707.34168415078
51 96 39095149.027195536
51 97 541763547.478281
51 98 3030883.004114605
51 101 21644249557.292732
51 102 77063435.7854138
51 103 22618499.373927042
51 104 453414.34191235533
51 105 111141441.99365915
51 106 71104298.20802988
51 107 3859326.3933694484
51 109 4384181.218414674
51 110 3116341.3535225177
51 111 30519259.16227868
51 112 158392591.27949432
51 113 2314952386.120258
51 114 2141564474.9190712
51 115 50533169.502129264
51 116 25548798.768732473
51 117 1083190599.1433854
51 118 1464603077.718359
51 119 139920.17156493204
51 120 713550.9227361996
51 121 60949.64604870892
51 122 3089482.5995952403
51 123 5424652.743400171
51 124 3200465.254816965
51 125 1618740337.2496493
51 126 1335246.879952647
51 127 2803362.62930469
51 129 8240101093.157572
51 130 440582937.5429444
51 131 65982757.411531016
51 133 2585496952.2724953
51 134 29861704.201891433
51 135 47321427.92746927
51 136 1447249.3224521768
51 137 70035723.27206193
51 138 12709747270.766125
51 141 70695234.05726944
51 142 2106078493.2955878
51 143 2073943.0319463594
51 145 4007660.19800493
51 146 268846519.0162156
51 147 496379191.5024321
51 149 24937777.6435508
51 150 134190036.05301175
51 152 2231462425.7236857
51 153 43107652.762815095
51 154 32762698313.90264
51 157 186780284.49902937
51 160 2324483.839930272
51 161 956779.3489172739
52 1 3616167.841040929
52 4 8633952.945932036
52 6 51144044.248710506
52 7 15822185.926085634
52 8 867759.2837133284
52 11 2386376.644209613
52 12 17014778.97880975
52 14 31514574.921906423
52 15 4670402.206314782
52 19 7841549.703545034
52 21 31098290.38150493
52 22 6489155.159739099
52 26 76473638.19211844
52 28 228278.6465824557
52 30 128580195.02744667
52 32 26133475.854628246
52 35 8586334.899931261
52 37 122221456.37262952
52 38 2453626.7766330186
52 44 63698712.30181622
52 45 117988234.54426931
52 49 136442740.56999585
52 50 74579121.47893696
52 51 22158640.865694083
52 54 70433013.8416575
52 56 54435595.30873723
52 64 10532566.123205356
52 65 41247869.73986651
52 66 8168885.495651698
52 67 1851685.40361857
52 68 43299428.4296343
52 70 6332428.115460528
52 71 6381809.224428959
52 72 52736732.273897484
52 74 16215696.191148499
52 76 76760391.00413129
52 77 3637733.2486040727
52 79 75434659.38564894
52 80 107400448.42383517
52 83 12803338.96555675
52 84 87811810.97882134
52 86 37725668.263289206
52 87 15304086.004581895
52 88 305345.81463990273
52 89 13848331.797586448
52 94 11789808.416495873
52 97 96632472.92766225
52 101 82268732.93883753
52 103 5615622.520901909
52 105 15228141.636840798
52 106 17370493.223431643
52 107 55977569.362617046
52 111 42457196.88113616
52 112 38663003.121436
52 113 14301434.219890524
52 115 31427396.19127751
52 116 5111019.620005643
52 117 96452031.77602378
52 118 63667518.91160205
52 125 35156091.23422131
52 129 38939341.13884164
52 130 13810019.274528967
52 133 16416697.30728384
52 134 11147429.938525049
52 136 1057864.3542974477
52 137 48799922.428156935
52 138 21470253.876238722
52 142 54271867.73962765
52 147 244757771.87751243
52 149 7911830.5264818175
52 150 30674809.560362313
52 152 42450259.652052894
52 154 826338.5307448461
52 157 119174273.6319814
52 160 6423377.461804816
52 161 6717858.186473856
53 1 130404.49584682279
53 4 169789.29155120076
53 6 103029.97663565278
53 7 79921.62918050763
53 14 797477.7221870441
53 18 617907.3876958357
53 21 171915.07450054996
53 26 996888.4174530694
53 32 190209.64440103841
53 35 152683.53631627656
53 37 242345.50418615984
53 40 201014.12086406673
53 45 133335.915935807
53 49 411177.03632994846
53 51 1606339.287168578
53 54 280295.4408830321
53 56 635620.3946718799
53 57 305939.8843768047
53 58 339442.2761190973
53 64 1013234.7413911397
53 65 193332.33739572403
53 66 169414.13245266842
53 67 8249.183775034957
53 68 293742.49613089015
53 70 663614.4235446408
53 71 649201.4873384886
53 72 405774.05171334615
53 74 46960.42530750961
53 76 137974.35283573347
53 77 27260.517122317557
53 79 412683.9030305118
53 80 106066.70569320435
53 84 13339.786223422156
53 87 138525.6213446219
53 89 160325.01885384374
53 91 403997.50139408984
53 93 327575.06631249125
53 94 1344709.707511572
53 97 1609815.6749992734
53 101 280906.8122736466
53 102 256835.03302593282
53 105 480605.84469773114
53 106 140622.8578117064
53 112 1064174.6149699439
53 114 573866.830850062
53 116 742447.4633267814
53 117 591087.2579285466
53 118 83248.52526662592
53 122 567553.3947102645
53 125 277762.27644403285
53 129 1253366.6760831107
53 130 37492.201020108856
53 131 92163.87181447425
53 133 735075.3857711009
53 134 1441256.1139271553
53 137 786854.1082946048
53 138 335154.9193856783
53 141 669387.2834668532
53 142 1016377.7565257122
53 146 69220.12008302093
53 147 659864.9538751089
53 152 22278.155716691832
53 154 2164033.1228579776
53 161 67536.53875233857
54 0 1987365.4421018173
54 1 563730470.3343787
54 4 50506148.69544773
54 6 1976786470.2488737
54 7 754227704.1491982
54 8 4484066.78773855
54 9 18022508.669319335
54 10 109947938.4443163
54 11 188179746.00955594
54 12 9675613.964534625
54 13 232405898.47208825
54 14 19589110.285036016
54 15 8144731.14406663
54 16 24008245.322935086
54 18 90988050.83352096
54 19 1399937624.6824887
54 20 15645895.93117706
54 21 9700929.591234066
54 22 3614835.3999813376
54 23 326049.8824811657
54 24 9445590.179097949
54 25 4215182.534397552
54 26 2161517284.58192
54 27 7017564.554192815
54 28 1721160.2152210178
54 30 389549335.7579714
54 31 73173560022.71448
54 32 78565979.03276868
54 35 14248807.892186003
54 37 24428527.2894425
54 38 57893966.17763779
54 40 2960126368.960539
54 42 885093.6233815239
54 43 2490119.550311654
54 44 54711516.15088909
54 45 727040161.7715195
54 46 46161737.462517716
54 49 154065581.43926367
54 50 2147057.2157664523
54 51 14850837725.707882
54 52 19603265.005307253
54 53 6151563.891252855
54 56 1513307713.3717244
54 57 815469.2861270347
54 58 120839356.61577699
54 59 73732.23340519868
54 61 9253201.479118349
54 63 52331255.42913134
54 64 5250788791.825469
54 65 371981708.2144573
54 66 5940164.407453164
54 67 384033897.02965516
54 68 1157855597.7858493
54 69 87518627.33947517
54 70 4855528517.451025
54 71 176086008.7523318
54 72 17191916654.12973
54 73 25922847.92669351
54 74 26067325923.02361
54 75 205981639.14355615
54 76 92417672.44256292
54 77 20417493.735566117
54 79 1658004426.672737
54 80 45686440.11234381
54 83 33592554.09217992
54 84 9588522.507087631
54 86 316869640.5225593
54 87 786225.8486307339
54 88 1596871.2710492571
54 89 873302156.9254807
54 90 19434056.144920547
54 91 18316542.192721948
54 93 53594538.15872939
54 94 11909899139.270227
54 95 13144710.588172272
54 96 10024314.27661488
54 97 239067116.14022917
54 98 15192834.250499353
54 101 1441408393.3576639
54 102 190939445.3555936
54 103 10104725.108120227
54 104 161227.31014448838
54 105 181680623.92990133
54 106 589071167.9204261
54 107 275524938.59955716
54 109 3569588.4504054068
54 110 27401107.196613397
54 111 75827182.38920614
54 112 65235567.75280233
54 113 1882662208.316613
54 114 3708756355.024421
54 115 494595459.0681531
54 116 14954897.513092127
54 117 759390938.9967616
54 118 928868539.3233858
54 119 1117300.036437032
54 120 2548869.2427128972
54 121 2820127.192797149
54 122 7207067.932260922
54 123 7794560.76982738
54 124 7770493.434306218
54 125 3856004364.167523
54 126 75622854.12734862
54 127 1200695.8534210077
54 129 229716259.00240633
54 130 219218657.51473424
54 131 206762658.01321644
54 133 3484030283.89471
54 134 31029705.694108978
54 135 23647640.789866276
54 136 22599606.921411723
54 137 4396224379.156913
54 138 2690351284.4628353
54 141 73629586.655013
54 142 1694058823.598853
54 143 3718344.958622904
54 145 73954817.86072779
54 146 4552738.395897288
54 147 8639694607.03037
54 149 4842243.060913529
54 150 262064010.9670758
54 152 17860528869.856033
54 153 10758589.879425514
54 154 35868932259.06654
54 157 294193216.65655696
54 160 1262097.208382658
54 161 32835774.367367536
55 1 26570808.27357555
55 4 3214398.494386797
55 6 1435389.4099358092
55 7 23117222.333301526
55 8 36666803.539673895
55 10 9826019.568400681
55 11 38092900.86543291
55 12 2856718.9528334243
55 13 2350155.790696753
55 14 1337807.0672199891
55 15 1611661.795319199
55 16 9007617.084770946
55 18 3400758.7358017336
55 19 55993957.7432264
55 20 27264043.843233686
55 21 8718232.929836685
55 23 66379.54142974627
55 26 4498368.84607607
55 30 15699621.921690121
55 31 55926509.483426265
55 32 31939946.21052349
55 35 7887294.033358993
55 37 9390054.432884445
55 40 1192675.4543514329
55 42 2348161.3086469173
55 43 45680546.60439693
55 45 6881654.638480656
55 49 40326388.3366805
55 50 19786702.768606305
55 51 27865587.49032448
55 52 226156.81528157962
55 53 1539708.4790476232
55 54 2947339.956894845
55 56 50073677.74599773
55 63 4139441.047984632
55 64 41203297.26139747
55 65 10745003.95054269
55 66 36146817.07115745
55 67 49674688.8583293
55 68 1579587.7919484659
55 70 7960953.886353186
55 71 25449527.935951788
55 72 21479392.943612788
55 73 7526061.354910349
55 74 2637838.9838804887
55 75 9142172.00172898
55 76 21857891.008356504
55 77 1884343.6060930518
55 79 21103105.394183666
55 83 2838957.503054596
55 84 23077201.717655048
55 87 4845195.019958681
55 88 10816253.22340323
55 89 13772150.981663449
55 90 10373053.983329313
55 91 4864831.873844116
55 93 1752350.4005187373
55 94 21604107.854509134
55 97 3769632.131968989
55 101 14702072.677434519
55 102 633196.6376520316
55 103 4405218.8254393805
55 104 12165688.008379111
55 105 15551754.734397488
55 106 10039090.8342544
55 109 15600428.743894538
55 110 12579737.348586129
55 111 7035598.250696172
55 112 7892989.801631287
55 113 32015522.377054375
55 114 85894762.19097929
55 115 34736524.104844525
55 117 125564.19988528683
55 118 29455874.122768737
55 119 257157.61941786023
55 121 6386316.020301199
55 125 2113302.9442526037
55 126 17105921.756453905
55 127 8577640.039785687
55 129 4231611.011140871
55 130 37045045.64055282
55 131 32268121.810368776
55 133 8644628.395756753
55 134 16964007.33881675
55 135 6503821.27007313
55 137 17516450.036132563
55 138 22095315.964649435
55 141 4407195.007196932
55 142 17623433.103939757
55 143 3744404.106786435
55 146 1174092.1552411653
55 147 10696087.54370232
55 149 6942731.068964789
55 150 2585467.562077944
55 152 56346139.33100222
55 153 2834527.255925576
55 154 24963503.999316294
55 160 2778421.5259755063
55 161 8692449.026581157
56 0 2875725.842036465
56 1 25245878.717952188
56 4 59487352.86296246
56 6 47179284.85852912
56 7 262604314.674957
56 8 29179090.9950314
56 10 4850182.064792199
56 11 132235959.95774037
56 12 5900562.464419213
56 13 7378366.965369003
56 14 69803395.16437243
56 15 19676113.375383787
56 16 8226570.11995303
56 18 1427859.1831975363
56 19 87740524.68021616
56 20 59261.365498000094
56 21 13488113.49184066
56 22 1338845.3729888112
56 23 1412997.9003601165
56 24 28956487.4931053
56 25 3939322.403184332
56 26 366525652.2756628
56 27 3357713.3851818885
56 28 3257512.950578237
56 30 19795224.884532873
56 31 145628297.49612823
56 32 58932873.78795535
56 35 33495990.782075312
56 37 72047534.23441604
56 38 103040691.62727167
56 40 25568582.8260876
56 42 5638906.840027586
56 43 131001476.59375681
56 44 75732213.92267862
56 45 68465056.17826138
56 46 10433423.509948518
56 49 153577878.9389761
56 50 47122063.03386788
56 51 132840225.48605624
56 52 1552693.5055686196
56 53 310572.7503360959
56 54 376837543.5971294
56 57 677355.9527799151
56 58 6729069.106923806
56 59 1411453.364757215
56 61 8628255.685788842
56 63 45398095.25273162
56 64 66091592.089200385
56 65 15138005.883141447
56 66 64807618.78226326
56 67 113522548.28531536
56 68 231143806.049434
56 69 147228103.2740005
56 70 224934806.25612774
56 71 394390629.877911
56 72 79670844.84209457
56 73 29596002.231730208
56 74 107429341.57363378
56 75 18497912.226714313
56 76 50333686.78320484
56 77 126614118.08122304
56 79 200973685.4267303
56 80 164405152.89098302
56 83 55117545.10781905
56 84 22879073.184488602
56 86 140146644.83996385
56 87 746038.4736511585
56 88 13792556.154026855
56 89 300202649.76506746
56 90 4726920.32535391
56 91 5249737.40872981
56 93 45325986.673850805
56 94 215504597.9931783
56 95 2047247.888437994
56 96 17792845.97695707
56 97 22209352.01943605
56 98 7916069.7480364805
56 101 35744026.26918168
56 102 213522460.18597096
56 103 2907579.0009828988
56 104 2385622.3564820113
56 105 128685106.39275996
56 106 85045295.02100593
56 107 109813407.98122032
56 109 32211181.91599095
56 110 4794303.253728733
56 111 21440105.059711598
56 112 19030843.764314942
56 113 129959955.9780009
56 114 232761554.24620134
56 115 156658220.2416002
56 116 32073485.465085503
56 117 243600730.00717026
56 118 206736358.73008072
56 119 4835102.881373154
56 120 1679781.8677804451
56 121 5141285.836895569
56 122 912106.9769483268
56 123 1265831.9784344835
56 125 292200661.2297201
56 126 22396637.256063063
56 127 10053716.985690089
56 129 67522298.68853293
56 130 78579375.07133457
56 131 39773521.92973679
56 133 175512513.00012782
56 135 47685521.27607027
56 136 2025053.5790872306
56 137 54711990.0026261
56 138 13543261.833482519
56 141 3356004.475325842
56 142 282887224.53906
56 143 332070.8648534843
56 145 93196235.50459677
56 146 72317793.44470951
56 147 149023452.20700032
56 149 13365277.84900498
56 150 188508874.33258942
56 152 149725532.99064985
56 153 35224695.806574695
56 154 117311570.8319186
56 157 26024255.65593667
56 160 30104606.851298403
56 161 16409244.424233984
57 6 927276.5240452923
57 7 338144.7186473756
57 11 648741.414885853
57 14 307060.43038961943
57 26 171634.27886873155
57 31 1089788.6651931943
57 32 252776.51803718536
57 38 368971.19372526935
57 40 2421421.175514694
57 44 122855.13262872743
57 49 650545.9235882446
57 50 359313.0650516482
57 51 888206.3884899064
57 54 983021.1596484418
57 56 300067.4058151559
57 61 217002.4081379992
57 64 1558433.1502189273
57 65 303441.28974065674
57 67 279418.4107262843
57 72 226571.86342256135
57 74 523031.47811316943
57 75 821165.7062010006
57 76 4303394.338908274
57 79 3409719.9293529466
57 83 855676.1845832267
57 84 172359.84610394711
57 86 112461.25285051261
57 89 193918.8534198694
57 91 44905.262328110526
57 94 773433.8130603555
57 101 1008194.4078571645
57 106 4341876.239339346
57 113 3283268.961330782
57 115 1260598.7449020243
57 120 1433621.9826471321
57 121 615271.5985148209
57 126 156796.43667340637
57 129 1907751.20778542
57 130 3793904.4720426383
57 131 1043100.9270939348
57 133 724995.3154000276
57 137 932351.7541930581
57 138 180442.69456893843
57 142 773639.7061545223
57 145 149893.42238542554
57 147 238852.4452389386
57 150 389040.85262541915
57 152 268063.64006454666
57 154 1405223.3825701475
57 160 2269655.0930899424
58 0 23484406.104618367
58 1 18028359.313745104
58 6 6102413.117015879
58 7 341396426.75703925
58 10 79749124.85543783
58 11 73143261.76297289
58 12 3590751.762444129
58 13 25857316.81397602
58 14 72257335.95269221
58 15 23948804.827509362
58 18 656147.0825094017
58 19 94554854.40527447
58 20 2022542.0269347937
58 21 3358194.959254797
58 22 12003926.369385809
58 23 587297.1019149761
58 24 8521423.614208188
58 25 17831988.77904514
58 26 17832047.38424104
58 27 6159533.097089847
58 28 381401.13795308466
58 30 149366973.8253339
58 31 35619018.399976455
58 32 465196599.5067353
58 35 125580716.19330369
58 37 117038018.10312533
58 38 18515935.821047105
58 40 73725502.99979618
58 43 65061664.03476188
58 44 4148717.560568267
58 45 29094702.46963933
58 49 158797593.20242956
58 50 72050004.78616302
58 51 12784931.345067149
58 52 656400.8748419555
58 53 1992308.5759155434
58 54 5816392.404249536
58 56 57856851.30117027
58 57 2074594.4642220014
58 59 6654784.738567304
58 63 20853908.25266001
58 64 163983636.50677657
58 65 14032203.404569758
58 66 997074.0753790358
58 67 28778431.589583345
58 68 51228364.93130262
58 69 16149492.107820911
58 70 48462484.31068537
58 71 47390108.99421169
58 72 113699031.36841755
58 73 8994818.714428
58 74 117102659.72373533
58 75 1127618.7846113408
58 77 38597368.15067525
58 79 18441943.506967686
58 84 20093878.560090356
58 86 2730289.9716647123
58 87 2009488.79382112
58 89 89548255.98916706
58 93 183233.67659309017
58 94 56790702.45947375
58 95 3875953.576103749
58 97 77939019.57103801
58 98 6009886.624282207
58 101 96404488.1622321
58 102 187870605.87143794
58 103 20032370.164919816
58 105 38554616.146347776
58 106 89835700.5739374
58 107 1614468.031917987
58 109 133654206.00039177
58 112 13021915.368550118
58 113 179134323.3838699
58 114 97532738.65281849
58 115 9820224.398669623
58 117 99405144.55383295
58 118 38717148.128694475
58 119 2159061.190688855
58 120 199001.14059001917
58 125 9499359.051485386
58 127 2729173.023161393
58 129 34324682.708996214
58 130 118309118.6730203
58 131 64226526.524304084
58 133 16845467.62871171
58 134 60614069.19237512
58 136 4578205.699539492
58 137 299731.26077361125
58 138 18051714.105801836
58 141 14319864.037185177
58 142 91261725.86022352
58 143 6800857.680315554
58 145 22261276.20700674
58 146 58503789.69276162
58 147 61172440.32966073
58 150 11801792.990840524
58 152 71483905.78228943
58 153 13103841.629784737
58 154 73328723.37564011
58 157 36475850.647022374
58 160 6774354.684707556
59 1 5011439.510384211
59 4 28082865.23783364
59 6 45516984.592801765
59 7 32733790.11436307
59 8 10184078.146300614
59 10 12293986.28818271
59 12 1635174.5288620493
59 14 8864573.880849179
59 16 279759.0486911903
59 18 5028115.276346761
59 19 265465.32393789
59 21 10452163.69749843
59 22 3083014.64524596
59 23 144086.9870531635
59 24 14546189.189864775
59 26 6300026.33170195
59 30 23903159.468759205
59 31 23023724.411385287
59 32 2301917.9401011365
59 35 17261442.47317179
59 37 3089547.057355988
59 38 24176591.549261756
59 40 12088349.691260805
59 45 23500778.573270727
59 49 30151508.24805138
59 50 1612346.8743358434
59 51 29215380.95699327
59 52 6694277.830223511
59 54 23076181.311958242
59 58 27815690.679648664
59 63 2156296.3746376857
59 64 19795810.44418303
59 65 13146012.543238644
59 67 2249170.133089673
59 69 35763876.122530766
59 70 1410380.051535058
59 71 62413469.498039424
59 72 14674486.808736293
59 73 8732734.152211772
59 74 6879547.598105435
59 75 22803013.344868816
59 76 5656012.138140557
59 79 12440897.70079382
59 84 2152403.730687482
59 86 50112986.754956886
59 89 13744350.634768592
59 91 1596714.8057842944
59 93 18947366.343972225
59 94 5859222.977682511
59 96 62544446.65331578
59 97 22365843.123900577
59 101 27404844.820832517
59 104 202956.08603251269
59 105 3369327.0160895237
59 106 19894729.869381566
59 107 15993775.950068621
59 112 4518065.237596777
59 113 11024904.969434071
59 114 5000810.4370748615
59 115 2958006.779855106
59 117 2594027.3702977626
59 118 15398049.566993698
59 121 4329364.742005669
59 122 1696356.6812261173
59 125 3403278.009837667
59 129 23584772.474021822
59 130 4097720.6829678696
59 131 13718837.440690095
59 133 29326302.98023843
59 135 29342840.49808417
59 136 1280740.459673215
59 137 6873878.47476826
59 138 35008625.25995502
59 141 4538778.41963726
59 142 4283097.056102136
59 143 2556236.3485398237
59 146 3327514.885260495
59 147 18057630.956298362
59 149 2268156.852497615
59 150 4306157.875000244
59 152 26401015.808390845
59 154 10377120.332383329
60 1 5176884.001120571
60 4 4903659.315671664
60 7 458102.1976188962
60 14 378353.482555507
60 26 1036303.6683000057
60 31 2433370.8526223823
60 40 63809.30641008989
60 43 538311.2817171832
60 49 4817154.21090304
60 51 1883076.6016909971
60 54 2451208.904254847
60 66 1094724.504218334
60 67 466988.28348719137
60 70 3933755.6222987124
60 72 4314012.6699640015
60 74 158444.90903171746
60 79 2156823.5701769097
60 101 2035283.5358423637
60 102 1100018.6295519196
60 106 5192650.003841682
60 115 693187.2207394557
60 118 670593.5555910844
60 130 213012.1925499842
60 131 2983556.2669661064
60 133 185597.15517607832
60 137 8419494.43912808
60 138 521199.8071548461
60 142 8787312.427699441
60 152 1891468.6314923386
60 154 6563735.873950819
61 1 2163979.3283706964
61 4 13674778.522286499
61 6 1819599.547939637
61 7 15386194.49123628
61 9 10988850.391407527
61 13 2544085.767254386
61 14 4984004.878424091
61 15 578306.677161727
61 18 5299269.493496309
61 19 94564.39324601657
61 21 11629685.659552142
61 26 7004501.9733279925
61 31 11257986.577672008
61 32 7349571.795833586
61 37 795137.6633607721
61 40 14415849.91714562
61 42 1808450.6280194798
61 49 9435667.778118383
61 50 6354594.843870784
61 51 3186145.4093990694
61 53 1592983.226867108
61 54 10573787.264633397
61 57 640180.8020888099
61 58 11374432.990860926
61 64 8150454.243362038
61 65 8936567.789558884
61 66 3914632.1244111424
61 67 3343964.168265723
61 68 4378057.566514731
61 70 12721310.558383066
61 71 8124519.825466881
61 72 8830534.171484701
61 74 1041598.7205548742
61 75 18532916.347973116
61 76 11923307.2333364
61 79 14980846.374030298
61 80 1527104.7083267404
61 88 10073714.86152379
61 89 11560407.931337478
61 91 16560560.658025537
61 94 12749966.85262456
61 97 620373.3105345694
61 102 13322458.772488836
61 105 13900986.997708345
61 107 1624401.31173602
61 114 9722183.363775376
61 115 17589862.235079333
61 116 1465308.7641861395
61 117 2327981.291286232
61 118 2012569.6909385847
61 119 3328927.3763696654
61 125 1911423.6905195192
61 126 19179169.570215765
61 129 16179078.072575372
61 130 1730264.1678593298
61 131 342387.19078145735
61 133 6869898.930764966
61 134 8283846.891465399
61 137 4839807.517124953
61 138 15909244.94914598
61 142 19761729.169326525
61 146 6547161.874868412
61 147 1505190.3563604306
61 149 18488273.918968286
61 152 11307456.363505164
61 153 4173801.5483640763
61 154 27425991.863321308
61 157 2238783.3181508672
61 160 3673419.0536893094
62 1 6610863.008782191
62 6 5407037.93740947
62 7 17743979.57238835
62 9 5971296.522312076
62 10 9049916.018777102
62 12 5357192.314098914
62 14 3102191.8677161173
62 16 13205892.32173778
62 19 1963408.3280694045
62 26 41490.70591204557
62 31 6988820.831107235
62 32 2085708.6259591496
62 37 1948209.0185689412
62 40 3840784.3236674885
62 44 6977486.208930889
62 49 546582.0503256182
62 50 1845985.046468788
62 51 492630.53626251494
62 54 1933184.7542462097
62 56 3709550.2386925705
62 63 131387.73171143272
62 64 2444672.8292861218
62 65 300942.8140743221
62 67 4158384.612726118
62 70 6238499.41518584
62 71 11110626.563182933
62 72 21370160.385671426
62 74 11317181.092500793
62 76 7729471.65671019
62 79 3210338.339242891
62 84 307487.48684457754
62 86 5069770.631350422
62 87 1488099.4725486035
62 89 22213180.390800744
62 91 255361.65037419455
62 94 4277298.42615931
62 97 11027097.136112455
62 101 252226.0461347092
62 102 10316274.730839303
62 103 1056643.4962124794
62 104 1238690.9828749557
62 106 6366895.094071999
62 113 6579504.601214186
62 114 208760.00962373405
62 115 6162578.475615423
62 117 5297263.778319937
62 118 410468.03850808303
62 121 620861.301036647
62 125 7707731.437610917
62 129 9816223.374900267
62 130 1148496.145914896
62 131 2358573.667342153
62 133 326984.03262863227
62 134 515309.3064223367
62 135 52884.97504396646
62 137 23541061.375624303
62 138 2097820.3824140467
62 142 334595.4885060383
62 147 4790779.061664891
62 149 2611771.868091862
62 150 2407083.63627252
62 152 5439782.301494491
62 153 5102154.497073929
62 154 8167388.529863721
62 157 1680846.4106627067
63 0 7597819.783620482
63 1 23709307.818699162
63 4 20209106.86078967
63 6 62384453.65574214
63 7 9891846.082583042
63 8 3475376.559948854
63 10 33507224.113437597
63 11 43851586.43481373
63 12 5199887.974052856
63 13 1989656.7453037973
63 14 14410192.836773403
63 16 2079340.4346830507
63 18 3245570.569625096
63 19 86456448.85753897
63 21 34835883.48197369
63 22 2019100.5797117827
63 23 1151343.139031112
63 25 19331896.71730376
63 26 20850720.997233395
63 30 13869032.946604036
63 31 72066814.61687881
63 32 41690845.869248815
63 35 43268574.60698441
63 37 12138217.866081523
63 38 32791969.324423578
63 40 60420133.58221327
63 43 16949835.991538674
63 45 88703707.40945016
63 50 5057493.328949412
63 51 37736585.32475202
63 52 32441351.297701314
63 53 126908.8816110714
63 54 12637698.093027523
63 56 11423792.864512818
63 57 1533489.4013328948
63 58 63281325.08159518
63 59 9995098.56044096
63 61 2046455.6769949659
63 64 45924127.544006854
63 65 49788066.46812045
63 66 19832820.35186019
63 67 7581195.9988270225
63 68 18053324.012023397
63 69 119884064.13000818
63 70 72609792.2628303
63 71 93292760.37645844
63 72 73554687.62095931
63 73 209144.76877154986
63 74 45458204.29342887
63 75 59381056.872304335
63 76 47860200.005312555
63 77 5827124.172565327
63 79 63615903.48664244
63 80 3819887.2923432323
63 84 29417246.74575959
63 86 63633607.662839524
63 87 21961941.00308481
63 89 47988341.413078085
63 91 329078.9543875417
63 93 4694370.431955953
63 94 8578140.670336384
63 95 9632040.015232299
63 101 32280118.741198126
63 102 16006518.758990083
63 103 1623849.9388051012
63 105 2269550.0643591546
63 106 83781257.10566647
63 107 11871557.503890082
63 109 14760559.928008476
63 111 27756529.900267053
63 112 48766581.39391596
63 113 106311719.29478225
63 114 107550174.08366053
63 115 56598098.01141855
63 116 36833352.15117798
63 117 63581918.8317447
63 118 14869452.412193278
63 119 2470441.4191683
63 122 1458333.497332768
63 123 388078.33850300586
63 125 172157588.2815015
63 129 35714680.83199035
63 130 108034590.66283347
63 131 50195104.42908774
63 133 148413958.19069615
63 134 13343900.465115538
63 135 11868132.662571257
63 136 22416424.117353067
63 138 6383453.733142707
63 141 20081444.561977588
63 142 203686050.88871944
63 143 6230316.129098532
63 145 42213141.051750086
63 146 50375148.231492236
63 147 138041191.96888363
63 149 10744079.073174499
63 150 37261223.16922567
63 152 26366561.736211535
63 153 6563436.98924001
63 154 1320583.9580019398
63 157 81291376.99332199
63 160 5757096.521474384
63 161 3159438.808877022
64 0 42457709.28191758
64 1 164293438.7870636
64 4 453409701.07388455
64 6 203775328.1019926
64 7 188816640.4205986
64 8 321435.0912894811
64 9 11532044.38013253
64 10 77176955.72496055
64 11 218630277.51536503
64 12 4413500.116977967
64 13 72209475.7328506
64 14 380631455.9545166
64 15 14632817.05764707
64 16 2423336.3929647487
64 18 95745900.59673332
64 19 10582689.253396928
64 20 2150645.520276149
64 21 217008828.45539865
64 22 3829535.6539809546
64 23 70615.21259745084
64 24 68267193.3482084
64 25 45451535.25562287
64 26 1492756672.6104732
64 27 2174790.0135709774
64 28 2981048.988464568
64 30 65333858.23038373
64 31 3385719675.7179656
64 32 66969063.012766816
64 35 212306544.80576643
64 37 79806335.74123837
64 38 276331.9053926942
64 40 199869691.51126125
64 42 2764.1816740577246
64 43 9525590.480693357
64 44 109491462.43062261
64 45 385496039.1979335
64 46 60783652.346846856
64 49 224268630.2659286
64 50 9178787.026580269
64 51 4702538166.918037
64 52 645100.2776173862
64 53 2898193.651837405
64 54 173336235.10121375
64 56 1513976985.7546194
64 57 1127222.436955496
64 58 47468748.616815336
64 59 8499925.501039328
64 61 4188247.0663322895
64 63 3648899.146525989
64 65 409737672.2403045
64 66 44201430.83729642
64 67 171383075.92632407
64 68 68417631.70894124
64 69 621000658.8060285
64 70 2657678120.0778427
64 71 1290294298.0118046
64 72 8005106091.4818535
64 73 70189108.8112612
64 74 3570503996.21526
64 75 84035079.55882671
64 76 114056658.04930495
64 77 29479116.48090489
64 79 826428121.1754545
64 80 141673026.56954342
64 83 77273020.10362847
64 84 122645544.77270688
64 86 238410626.1756468
64 87 9946058.937494036
64 88 11424571.568385819
64 89 669375241.3186126
64 90 1874189.0997011177
64 91 18370268.822608907
64 93 7404435.614221448
64 94 2344082296.402696
64 95 19007435.805561375
64 96 6803500.758887968
64 97 181139560.84469032
64 98 6905796.745244355
64 101 873669426.2106053
64 102 714200044.636179
64 103 13833359.844239287
64 104 3488028.031392273
64 105 84707775.1969379
64 106 654286221.880035
64 107 27362796.764209226
64 109 123620816.97882448
64 110 4100942.6092984136
64 111 21035488.35194071
64 112 115652544.96058473
64 113 9240989.718354223
64 114 72698819.42310941
64 115 433381588.89515096
64 116 41539128.1130614
64 117 205868026.1272445
64 118 60664482.75190121
64 119 875518.2979405556
64 120 668804.5722750075
64 121 7248551.850094576
64 122 2419578.935321704
64 124 230553.3914102471
64 125 134202576.35158749
64 126 10207986.465134075
64 127 4540243.599426952
64 129 4835092269.879347
64 130 5441902.15147199
64 131 607613022.1465974
64 133 1939678379.5742097
64 134 54321278.82209813
64 135 52916370.40860621
64 136 269100.66713774856
64 137 2236844854.305386
64 138 1236301628.1589139
64 141 80976637.32470417
64 142 951198399.2581136
64 143 6112560.055561865
64 145 49448822.93985916
64 146 121989953.51276176
64 147 1591592949.6045763
64 149 11649709.163925117
64 150 118047307.40492068
64 152 1698446630.5624096
64 153 33616056.89680141
64 154 2915140263.8697367
64 157 18893590.241745647
64 160 55652285.60179233
64 161 19290779.57143444
65 1 45227545.46467393
65 4 89118695.40184836
65 6 502853374.2651695
65 7 116448248.23566358
65 11 12687332.493406173
65 12 1574643.440608782
65 14 117692306.45785739
65 15 1424318.5933539765
65 16 3553323.2488397094
65 18 31186966.94887411
65 19 825281104.6269907
65 20 5663632.578837329
65 21 34385100.469279476
65 23 723884.8739118201
65 25 28347390.145365972
65 26 1766931582.3436594
65 27 3768503.846359667
65 28 827826.4274350107
65 30 189708793.87741023
65 31 1105032239.0416553
65 32 21763877.024887305
65 35 9390892.465987025
65 37 72899272.43859932
65 38 14686073.374854088
65 40 489482391.06363153
65 42 1428616.4371243734
65 43 125595030.8087798
65 44 16559047.715519266
65 45 447168030.0312157
65 46 578153.7333874954
65 49 23145116.935414463
65 50 23526632.99857999
65 51 2122959734.3923376
65 52 6205511.088041571
65 54 99395902.1955934
65 56 209738856.2013233
65 57 201674.1633884732
65 58 136338735.80886286
65 59 9434179.259653568
65 61 4358066.658324435
65 63 124735293.47009014
65 64 487457411.56500614
65 66 9328017.072959524
65 67 166354903.77704602
65 68 188885265.84253624
65 69 132350575.02288717
65 70 295748876.93899053
65 71 348997474.40707684
65 72 122007194.55314393
65 73 124204086.47852129
65 74 646392778.654154
65 75 12427921.144531513
65 76 2857995.4467720794
65 77 41312974.20032642
65 79 843891491.7985256
65 80 435123115.64065325
65 83 58642840.73639191
65 84 260613746.68923882
65 86 191150111.89785892
65 87 37038313.55863038
65 88 942588.6403839396
65 89 708724281.7396168
65 90 1930502.6714536324
65 91 25396254.53017588
65 93 14858276.574279834
65 94 818743953.4552133
65 95 32494625.394968618
65 97 30418495.86451262
65 98 2095358.4597649944
65 101 566370024.7228925
65 102 252126841.8759928
65 103 1522907.934211838
65 104 4255728.068982447
65 105 175935814.90460372
65 106 2319367603.489626
65 107 33127165.55147295
65 109 28485678.144496545
65 110 6879291.981537377
65 111 495850.82450551895
65 112 188206834.1071029
65 113 319818786.2418271
65 114 37642309.84238713
65 115 360104557.31796825
65 116 85286373.97814466
65 117 79601865.92889203
65 118 117553629.38190469
65 119 3020307.6441107513
65 122 4613626.964293175
65 123 4956111.899548855
65 125 579450599.6861688
65 126 16490347.975654747
65 129 726220470.8034496
65 130 296047248.7271112
65 131 7775490.555353741
65 133 900973344.9431114
65 134 33121502.722259976
65 136 15157644.688936824
65 137 393684659.344675
65 138 199836880.905981
65 141 60506102.94718066
65 142 389168254.56440073
65 143 1716551.7080410924
65 145 39118666.80248871
65 146 51817457.071815334
65 147 384850626.6039841
65 149 214911.0656993631
65 150 377252192.0853634
65 152 750435828.7858263
65 153 24343489.868027434
65 154 915519492.306965
65 157 38401594.632661626
65 160 2309679.982422306
65 161 1286327.4767714906
66 1 3052888.7093351954
66 4 36250274.41072013
66 6 6053981.954359586
66 7 152387.0328304987
66 8 7841318.34499895
66 10 44349283.645231195
66 11 49880085.118314095
66 12 33758054.26289581
66 13 8154913.053875238
66 14 4522861.170952721
66 15 4161856.5313119367
66 16 7449936.969825644
66 18 13910244.114894016
66 19 14526456.295614135
66 21 45987387.43927639
66 22 1119058.9828752277
66 23 331400.4231595632
66 24 4476672.774287574
66 26 56187946.652767636
66 27 10808391.535736086
66 28 1467317.2093286207
66 31 2236941.5582919917
66 32 95204542.14473179
66 35 575853.8142896605
66 37 10818236.903697718
66 38 8677814.983876403
66 40 6748007.247772441
66 43 16808512.713537302
66 44 235279.2364942759
66 45 71004451.24978337
66 49 9832702.013043668
66 50 16581774.803368036
66 51 14895892.86598874
66 52 49354848.063057445
66 53 3819573.67825098
66 54 11754947.191073343
66 56 34605089.41850535
66 57 927411.2297321387
66 58 6196488.1915765675
66 59 3962817.131518714
66 61 4525131.238001354
66 63 23701390.01734459
66 64 13021736.100068176
66 65 9047403.575881017
66 67 9947669.388271678
66 68 20456846.34741298
66 69 969577.8147700418
66 70 18680944.28785917
66 71 9511213.252699979
66 72 78741408.22022204
66 73 27124961.33548371
66 74 8819367.577214345
66 75 4332991.611251561
66 76 16749001.693488108
66 79 115857202.59577696
66 80 20191070.608948596
66 83 13169412.553856444
66 84 55384024.03380846
66 86 42063375.073009714
66 87 2183389.0948038637
66 88 2826141.310760937
66 89 54033194.7767715
66 90 8677680.326787826
66 91 75657605.00241432
66 94 6786475.652359155
66 95 2947218.6313719875
66 97 7869508.577137926
66 98 2977932.4221170517
66 101 36919229.94979191
66 102 18742281.858985737
66 104 4715655.154403946
66 105 13860539.082721831
66 106 13665059.06219179
66 107 6084907.1980230985
66 110 12018111.403046466
66 111 18445609.217558403
66 112 57251976.079576425
66 113 53618255.46609098
66 114 15426943.593921248
66 115 38706728.09217517
66 116 12281857.287655812
66 117 69659417.3122142
66 118 10741163.110465575
66 119 622426.5762729637
66 120 3277931.0700388406
66 121 520413.24364144367
66 122 80348.48224084287
66 125 94409727.43593073
66 126 25445564.516839575
66 127 2099756.184563042
66 129 56750186.80977245
66 130 43168622.21680038
66 131 1831255.616754681
66 133 15216643.648052225
66 135 14616472.218489375
66 136 3983165.9200808583
66 137 6860466.968650918
66 138 37478320.317204155
66 141 20117487.063669074
66 142 25624912.985249262
66 143 1085933.147672739
66 145 3086523.7091453476
66 146 18512003.839619283
66 147 17259307.8790336
66 149 1341561.8559765473
66 150 13173805.535600763
66 152 5064877.352545853
66 153 7495018.058277444
66 154 28090995.48362953
66 157 59368403.25755702
66 160 1361263.5018351022
66 161 320908.238982798
67 0 2386152.311819536
67 1 330306828.75575596
67 4 910788949.4492333
67 6 2959423353.090847
67 7 536833212.0981972
67 8 10269903.734105585
67 9 40487992.92463223
67 11 117830388.50362279
67 12 17162727.171405233
67 13 322553749.53125644
67 14 2165117641.266771
67 15 10975925.085191969
67 16 1335317.2834101582
67 18 20475384.492245913
67 19 2050848652.4662302
67 20 8564058.955928123
67 21 263811743.20426604
67 22 3558186.352605879
67 23 1889753.981012773
67 24 61385274.25212641
67 25 70746270.4568653
67 26 1024997702.0219586
67 27 7938036.721560257
67 28 2700785.243804157
67 30 142700728.91640612
67 31 2515577089.486113
67 32 53183889.74353518
67 35 76893187.17873414
67 37 179632726.89948165
67 38 3170450.5223065363
67 40 1139463565.275052
67 42 915294.2418515586
67 43 134761376.65319642
67 44 68200589.20603794
67 45 356046251.54799926
67 46 354545895.66546184
67 49 531471408.6484819
67 50 25193609.818169873
67 51 1508537793.3485425
67 52 53454091.70986972
67 53 215869.64685365141
67 54 2205875298.2006054
67 56 671033897.9512913
67 57 2280363.524857141
67 58 90674261.25489809
67 59 304650.20554430876
67 61 732840.3108892886
67 63 96511401.01840082
67 64 323950647.8993346
67 65 275554858.2589741
67 66 72313490.33670174
67 68 14723371.933609879
67 69 225879953.29930753
67 70 1461115640.1686702
67 71 61753693.07612938
67 72 4931054882.600555
67 73 85248162.00223386
67 74 434549637.1048434
67 75 29187558.93384001
67 76 280171993.4709201
67 77 10841317.68406729
67 79 123193917.84887823
67 80 259352958.92856008
67 83 158883285.86125138
67 84 147110889.5905624
67 86 72763672.41727665
67 87 2205605.7336376673
67 88 8140976.691694021
67 89 445109415.2823147
67 90 1802559.7090828915
67 91 50633377.10061264
67 93 22847467.415071156
67 94 29398070.230507035
67 95 15336373.65359106
67 96 4293265.448853736
67 97 682861236.476416
67 98 1691044.5393243886
67 101 978151971.9599664
67 102 17556610.598474566
67 103 1957578.2571180407
67 104 3319268.606197495
67 105 178386626.95344746
67 106 8105651.6754924795
67 107 57235546.28011235
67 109 15368390.547484867
67 110 51842572.55895644
67 111 1611904.8654432618
67 112 41786648.55592259
67 113 702372410.4396937
67 114 362882734.1699776
67 115 95696275.62803946
67 116 23449915.06369581
67 117 661523520.0580604
67 118 58567001.32912119
67 119 2053469.7218952356
67 120 3046788.348987779
67 121 3066632.8046746445
67 122 1199009.1444976497
67 124 802086.4572820556
67 125 601740378.6321708
67 126 17234822.469105743
67 127 10041213.205079094
67 129 1189353463.2545679
67 130 87103945.62878908
67 131 104135207.70514701
67 133 1467573521.0912523
67 134 187556510.3642284
67 135 53791948.493506975
67 136 11390206.631067326
67 137 333120870.1140729
67 138 111903373.86201379
67 141 4758478.753248562
67 142 705198138.3655574
67 143 3131250.4958882355
67 145 105431370.44967905
67 146 142709947.8121157
67 147 3341329669.2090864
67 149 13065360.229936138
67 150 277808186.9832555
67 152 530908914.26578
67 153 13892163.491568955
67 154 521324140.0599907
67 157 126079415.79929295
67 160 12191225.42243584
67 161 20760020.907205213
68 0 23157492.972128756
68 1 182826011.2857587
68 4 514145499.1448311
68 6 504507245.57582563
68 7 853759232.9237479
68 8 40661844.11569314
68 9 19345501.65108571
68 10 159170571.16141397
68 11 265299446.20505232
68 12 966718.6981888496
68 13 77696694.94408801
68 14 54197290.869992904
68 15 4011688.873308956
68 16 1107510.052818063
68 18 15472367.725052042
68 19 1363554233.9717717
68 20 24477507.056775685
68 21 103196574.09342852
68 22 842633.6734554508
68 23 756827.699116581
68 24 3971081.619542757
68 25 47495807.06522187
68 26 4274992655.0507665
68 27 1494687.1305192094
68 28 1422817.722987
68 30 177169894.65820563
68 31 1054034152.4317523
68 32 13903395.064724457
68 35 172018476.45974642
68 37 191167991.55162755
68 38 68984918.43820155
68 40 328645634.6432079
68 42 1761932.398180649
68 43 11741348.723201225
68 44 267144024.98000702
68 45 87735059.17768157
68 46 85363226.07169148
68 49 33746603.54223462
68 50 19040260.49646526
68 51 701403458.4844153
68 52 13708808.263241004
68 53 5629784.287689244
68 54 2370626322.9955215
68 56 36530418.78799459
68 57 349282.8274827517
68 58 32707589.47751677
68 59 6444410.4527854705
68 61 14791070.277460327
68 63 16254163.00411787
68 64 213420843.80842558
68 65 75980100.51135407
68 66 32782863.05622378
68 67 312519429.0827883
68 69 575440418.0949152
68 70 276547218.5867519
68 71 1262630001.2602856
68 72 4268481424.452172
68 73 118152962.83504148
68 74 863105165.5769495
68 75 791763.6308097338
68 76 7204289.691926229
68 77 30749062.430756234
68 79 1502189051.481645
68 80 133013639.44216047
68 83 10275981.60090313
68 84 136381172.79373923
68 86 40081782.60312137
68 87 10529897.358998938
68 88 4381432.407869785
68 89 285839954.0042826
68 90 2520941.9940528334
68 91 5494914.241744651
68 93 19378956.12666342
68 94 1326683541.5265083
68 95 3980533.6031386894
68 97 38945112.45709693
68 98 874906.1136108679
68 101 2674352647.792448
68 102 164523344.30666476
68 103 9242921.464454718
68 105 227907878.05901718
68 106 758154685.6753879
68 107 190880036.86012417
68 109 24675845.176073592
68 110 1810017.1636253062
68 111 21589874.48305987
68 112 93574910.32791848
68 113 444848256.9085071
68 114 160953248.96475837
68 115 1464607819.9750252
68 116 48294752.91443539
68 117 136036739.34043956
68 118 156236427.63222995
68 119 1268864.5766723526
68 120 4374200.23363265
68 121 938090.7865244728
68 122 10414772.265571943
68 123 2709819.085736804
68 124 51954.145806387896
68 125 71361117.74032432
68 127 10911531.909490963
68 129 2637014302.252621
68 130 43961336.1248374
68 131 8325099.525312474
68 133 115363922.11442824
68 134 22860650.230454054
68 135 13329494.737844879
68 136 11210320.323105635
68 137 1271698790.7404637
68 138 752266943.6466887
68 141 9977528.734180065
68 142 356014955.10936165
68 143 832633.8195441472
68 145 38707002.2023837
68 146 15491137.044852037
68 147 2740551025.5917187
68 149 6344475.058534902
68 150 121303906.68433528
68 152 1313688935.5133102
68 153 8236587.330787562
68 154 1336599878.2156882
68 157 71015370.3233579
68 160 21638799.781152163
68 161 7497212.947490786
69 0 2503567.494897259
69 1 66757133.0669741
69 4 735316759.3625437
69 6 435440535.20134985
69 7 237909038.31658873
69 9 270279.5737934497
69 10 42967945.26039825
69 11 181557766.2166226
69 12 12667724.87937332
69 13 17675920.846853208
69 14 64329598.81964667
69 15 1403819.844049333
69 16 21532889.213413537
69 18 3960432.7198764966
69 19 472797764.68672585
69 21 8468105.526237585
69 22 4685175.425127753
69 23 2951651.80984805
69 24 813748.5684279788
69 25 2669560.6174632953
69 26 213676947.96689728
69 27 656811.6419511898
69 28 48189.47351094443
69 30 158197927.3921538
69 31 50663741.61608539
69 32 381464762.8442441
69 35 26557542.86365893
69 37 190599206.79791754
69 38 3632912.064315157
69 40 38967898.59023515
69 42 1231743.6252966903
69 43 57735545.08716202
69 44 9508464.76463439
69 45 51956599.06028172
69 49 107856471.29373264
69 50 4973911.499176685
69 51 379013489.71545875
69 52 9635935.000071486
69 53 431476.96455157216
69 54 507173643.3125412
69 56 106500859.90743522
69 57 3804422.8591603683
69 58 33233490.53443439
69 61 1663615.8453334095
69 63 56319792.16402499
69 64 131906760.44818892
69 65 55126699.26670633
69 66 12409144.026314488
69 67 252479114.44852388
69 68 133907950.86599448
69 70 334415999.8475221
69 71 117275456.5954418
69 72 52478944.33661537
69 73 65907532.23494203
69 74 37574807.13652118
69 75 132733343.33798216
69 76 157808465.79654607
69 79 462454769.9083105
69 80 133544560.39440994
69 83 2936198.723582004
69 84 84181954.98985839
69 86 10610673.05308643
69 87 14515517.15456394
69 88 1719719.834287668
69 89 662750945.5315076
69 91 2602678.8500564625
69 93 32485266.032768335
69 94 399378212.65831476
69 95 113623.98032433889
69 97 23814977.81673113
69 98 1851578.750199186
69 101 317844130.12755376
69 102 300525871.4425113
69 103 17690030.102503728
69 105 98715063.47680071
69 106 133044114.82781179
69 107 86259807.90467025
69 109 42156789.32559162
69 110 1299478.595348586
69 112 136608015.25527468
69 113 182366496.14012507
69 114 503338206.43192387
69 115 357621405.4283812
69 116 47566727.17706371
69 117 120768302.09158956
69 118 570684723.011074
69 119 3422114.004163628
69 121 4198281.649302014
69 122 1521570.1533500066
69 125 63624519.14114471
69 126 3535223.0361101553
69 127 5957943.5791756995
69 129 266286115.4905588
69 130 149264502.00699514
69 131 160634774.43713644
69 133 387875337.16767263
69 134 69858094.51413457
69 135 5030.801402817771
69 137 14335524.144006848
69 138 199319072.81039432
69 141 12774962.582887406
69 142 394574697.5079323
69 143 4362125.777751026
69 145 33478057.595714815
69 146 39549354.95694488
69 147 620941927.8562528
69 149 15970780.03272481
69 150 39602226.20611308
69 152 944289704.4084789
69 154 337412763.72315764
69 157 35859989.076020725
69 161 46421917.39015952
70 0 13265035.621954754
70 1 44687767.189138226
70 4 720425446.168466
70 6 1963089928.0797184
70 7 1939618703.1808605
70 8 22355925.43851309
70 9 26580611.693248488
70 10 190580470.4870036
70 11 111751662.25639448
70 12 4301330.913645006
70 13 206849477.88133755
70 14 84908540.0162108
70 15 16972352.27629969
70 16 25974059.83111706
70 18 31757455.74552908
70 19 4277652001.139035
70 20 18828561.139724202
70 21 3949097.215666444
70 22 6830467.185107896
70 23 2320159.3588895337
70 24 22019505.22719028
70 25 7725335.55783978
70 26 11046077389.325897
70 27 4756406.104184292
70 28 62344.59422818815
70 30 221362769.74438944
70 31 3148771150.6165366
70 32 53737020.4776092
70 35 47341349.84697115
70 37 49090342.12355933
70 38 16596075.86344715
70 40 2675219537.479067
70 43 1316046.0190909065
70 44 64494677.14171055
70 45 229512369.58039877
70 46 58513569.61371158
70 49 778249080.5438787
70 50 40271518.7093916
70 51 1076712731.0062048
70 52 8338697.555421605
70 53 524934.5518047679
70 54 11700307744.632977
70 56 977506485.2559404
70 57 3863739.5405303515
70 58 198147049.15887943
70 59 9222250.958119474
70 61 2686652.9149526795
70 63 42493783.09415963
70 64 10646733.493780682
70 65 27084551.835238997
70 66 30978464.726956014
70 67 726768553.593784
70 68 667189966.8135355
70 69 6528318.6877298
70 71 280488043.9467106
70 72 480065728.66940534
70 73 22538520.05904994
70 74 4527199990.438486
70 75 10056068.730540924
70 76 93621197.29874802
70 77 25074719.736230005
70 79 705693086.4791573
70 80 11048156.01855753
70 83 41782767.39570327
70 84 64635388.72058895
70 86 10783693.98586706
70 87 5721812.294580465
70 88 297545.9284249926
70 89 1666235423.1679919
70 91 10969256.942658888
70 93 536247.7322734798
70 94 4349046.739566304
70 95 13973106.378577102
70 96 31175195.511072684
70 97 264801733.01393795
70 98 2172763.8209713167
70 101 3977649329.949173
70 102 874904575.616872
70 103 40787045.08881973
70 104 17244832.10805531
70 105 12495246.853528438
70 106 812728249.8848263
70 107 247836349.28677264
70 109 141645623.07717997
70 110 9883494.128127618
70 111 21792969.56943285
70 112 83512435.97350222
70 113 47596367.80094701
70 114 1165580370.0993774
70 115 507381832.7636106
70 116 39065439.496135466
70 117 47770628.23066193
70 118 2732484774.076254
70 119 2060960.1841223594
70 120 2506218.1303024366
70 122 722962.5144220536
70 123 1258182.2479112337
70 124 894817.5409163542
70 125 131883047.07183036
70 126 4557504.131482268
70 127 2090635.6742992084
70 129 549489991.4939588
70 130 32492014.550520897
70 131 35834633.10742817
70 133 2294773506.650474
70 134 220352559.3987562
70 135 26072440.103766292
70 136 4895393.793802468
70 137 493532384.45088226
70 138 1027897571.5604321
70 141 34050314.74167046
70 142 1580053941.3766658
70 143 29004.04166112852
70 145 82361404.92297815
70 146 4890845.404590362
70 147 2023948088.0528133
70 149 3800113.6340925605
70 150 246705759.54471198
70 152 8295340427.542144
70 153 37182607.06705954
70 154 7155190564.463659
70 157 84177650.7519013
70 160 37003975.84836307
70 161 19433848.384704463
71 0 30750227.561637796
71 1 490412445.82116586
71 4 551886448.0989155
71 6 773930900.7634475
71 7 47675897.49591319
71 8 40357046.98467235
71 9 9308080.018578473
71 10 21362461.77313926
71 11 6895653.712822843
71 12 5036026.56783208
71 13 106007426.24138042
71 14 70597636.41299184
71 15 9184759.379051277
71 16 4131905.3959635533
71 18 25069223.985150468
71 19 210587050.6683693
71 21 322900487.31546444
71 22 2961771.733385019
71 23 859351.2989952717
71 25 14944271.82532397
71 26 1592006552.1725442
71 27 1362447.6906993636
71 31 124960206.64918286
71 32 567595561.5181351
71 35 251164887.97625533
71 37 11019611.245238604
71 38 19629070.101115543
71 40 197949933.04830873
71 42 219230.79318703015
71 43 16914272.192564026
71 44 78097343.71885934
71 45 35043655.262485944
71 46 45046417.009276226
71 49 953810184.3896937
71 50 26193917.447582237
71 51 233132680.21092537
71 52 11641049.936503366
71 54 74926577.75198634
71 56 35229956.72418938
71 57 1178497.668435582
71 58 30237158.658254188
71 59 10955559.163409501
71 61 1772381.1900062398
71 63 26292491.577765793
71 64 101476487.56682439
71 65 259875679.14594632
71 66 2852265.5718533034
71 67 608267783.5070016
71 68 139681210.75381032
71 70 647934010.8842992
71 72 273023952.64825296
71 73 42886159.63942588
71 74 286318545.3614377
71 75 4215259.399981651
71 76 16004265.725096118
71 79 499392514.3026286
71 80 125738019.47509274
71 83 46537320.79288688
71 84 22424849.504590318
71 86 75328683.52894843
71 87 20477188.00772685
71 88 3522514.9894918813
71 89 1557030991.4661322
71 91 26802260.805262186
71 93 2204735.2091409643
71 94 919211160.0456471
71 95 57749906.32666488
71 96 628165.025793651
71 97 322355714.34778416
71 101 110539874.64088067
71 102 303147446.2220667
71 103 34978064.63782035
71 105 170220756.45730746
71 106 423420175.02389425
71 107 23994603.800481923
71 109 1687472.2720626404
71 110 252927.76871509748
71 112 89793826.32932864
71 113 286901278.0841964
71 114 219895179.34947518
71 115 386874808.9669505
71 117 322262436.71528476
71 118 16954995.954214793
71 119 1874940.4401632342
71 120 2248274.78852497
71 121 7610779.191248472
71 123 505754.75458647375
71 125 775132712.1887618
71 127 2738113.4732680274
71 129 188161689.03122282
71 130 93879711.12118685
71 131 45967363.571804896
71 133 535157827.34337664
71 134 44111560.98673109
71 135 35625470.2362391
71 137 65170548.37460413
71 138 129440726.83809203
71 141 10296261.98326717
71 142 287461461.2614426
71 143 6584223.993368815
71 145 61288014.703902945
71 146 626946355.2494037
71 147 143463722.97771534
71 149 4903357.364973197
71 150 43160696.02258467
71 152 620258465.0401964
71 153 14766532.77065535
71 154 296275724.4000701
71 157 30884564.476366065
71 160 28776596.956355676
71 161 12306492.349228008
72 0 32861516.6511742
72 1 74851913.03158692
72 4 339998895.52432334
72 6 249541632.7748174
72 7 1318919044.7531664
72 8 31176225.19758438
72 9 5761411.546801227
72 10 41423407.503566556
72 11 567522097.6199546
72 12 14832797.146349026
72 13 2705866.955441839
72 14 209562004.3532654
72 15 699031.5052336057
72 16 41402.34658738562
72 18 4099610.822901326
72 19 1581044825.2296658
72 20 12583928.584652394
72 21 37909098.34735453
72 22 84335.12975603277
72 23 1608695.4839246038
72 24 4879053.569533636
72 25 1091632.6118737159
72 26 2627533988.0050173
72 27 3081901.7941042315
72 28 272233.26062972116
72 30 240888272.21213868
72 31 16309284308.061077
72 32 7643035.37056715
72 35 52974702.23538668
72 37 80316886.634979
72 38 18500128.241885293
72 40 1061191746.1414688
72 42 646196.3193431417
72 43 111177139.50988787
72 44 81179167.70737757
72 45 167590998.4863021
72 46 24707208.578002594
72 49 4162172852.427801
72 50 12073550.244621122
72 51 16119511076.287027
72 52 1460044.6885967532
72 53 3812104.3884354956
72 54 46195861898.005455
72 56 319901860.40841305
72 57 8365234.888955781
72 58 190304385.70051745
72 59 2936974.8593634902
72 61 3164678.7238570116
72 63 20173483.64917531
72 64 5604998961.943477
72 65 1141178600.4430625
72 66 1147998.3411843292
72 67 3993008663.261599
72 68 1321812431.4567573
72 69 786393380.3748952
72 70 88322569.70448323
72 71 270350748.75510067
72 73 84481497.67488195
72 74 18953255326.097454
72 75 27528671.121407878
72 76 94516669.82902849
72 77 73096840.7252602
72 79 21714510446.355972
72 80 116850278.85409608
72 83 20320102.497524943
72 84 323341474.5602272
72 86 197028436.98312518
72 87 5077880.970363073
72 88 2626421.280016761
72 89 900807067.7910491
72 90 1063769.3791201054
72 91 11735665.876698803
72 93 54394194.66039663
72 94 9984884992.376968
72 95 4040040.3455582103
72 96 733897.8726517152
72 97 26803125.424944438
72 98 1205305.3464410878
72 101 24387352876.97789
72 102 931609625.338484
72 103 1716048.867262057
72 104 861538.4902082717
72 105 4003199.733331036
72 106 310887688.69310033
72 107 46102069.41241617
72 109 44810998.15537239
72 110 6748141.969380943
72 111 46056245.7927464
72 112 67707601.98976122
72 113 17661492.02847233
72 114 1451741115.9840276
72 115 870852895.2175196
72 116 32214914.324750353
72 117 124120719.35801497
72 118 894573529.9158752
72 119 1937166.711225692
72 120 2945769.3059508414
72 121 3749871.268431222
72 122 8202308.850542755
72 123 607432.4654051993
72 124 3574943.71967007
72 125 369407388.8746856
72 126 8591667.54596715
72 127 16865000.020978548
72 129 2625769685.8757815
72 130 26146163.415363595
72 131 119727857.05185215
72 133 2555634656.1535473
72 134 69323211.45960966
72 135 3074154.0671674456
72 136 9353563.600920944
72 137 1802569629.2294734
72 138 590004754.4478217
72 141 21073757.37793216
72 142 1351032908.4621806
72 143 1263824.425761104
72 145 107065473.742193
72 146 184435105.82890558
72 147 1772213004.4467375
72 149 17969160.724901993
72 150 124537687.8916876
72 152 7568015777.463972
72 153 77335614.71078502
72 154 39754787593.80762
72 157 18363963.265463144
72 160 740087.203047063
72 161 9815948.027795458
73 0 231612.86354248674
73 1 71256240.00794908
73 6 58496686.40737706
73 7 10053808.526945477
73 9 26481394.36633942
73 10 13606993.421414105
73 11 630871.2717812026
73 12 4011339.6765956683
73 13 13801304.30161299
73 14 58364269.571132205
73 16 5586692.541304643
73 18 14315939.997914787
73 19 2725808.097049465
73 20 3568024.05204683
73 21 40006369.17516853
73 22 7331453.955312853
73 24 5066534.380319196
73 26 35169193.79699987
73 30 4261380.149787524
73 31 945193.208018348
73 32 6304471.186613996
73 35 26535531.388359748
73 37 7534446.956568724
73 38 12727131.397617834
73 40 33092642.424236346
73 43 6009280.360500999
73 44 7575154.935284438
73 45 1670551.5280364484
73 46 32418139.41262545
73 49 132146728.94122948
73 50 8924120.60734957
73 51 23640241.51889537
73 52 21335341.92915344
73 54 11360838.01042086
73 56 16740186.945406929
73 61 903858.5118466025
73 64 29129314.839764412
73 65 71626556.09424123
73 67 1685295.3083489474
73 68 22566137.056084763
73 69 15731601.675436856
73 70 61767984.38046141
73 72 11300240.653280906
73 74 25904708.85030172
73 75 13451016.607532727
73 76 17205027.435133208
73 77 36212324.99054314
73 79 9933649.0522403
73 80 39540647.287675485
73 83 43430109.77273175
73 84 33880748.52496253
73 87 4179234.789356787
73 88 708112.6748294127
73 89 10631458.531131433
73 90 2725710.8821001784
73 91 14520268.988008033
73 93 1663302.0172545786
73 94 25006776.183402713
73 95 1620922.1097974186
73 97 3270776.620954707
73 101 36234341.06432727
73 102 4320311.39210147
73 105 38722017.559953324
73 106 6424327.141948506
73 107 26829352.946646594
73 109 923600.3794724427
73 110 13082031.689083168
73 111 24120117.033566937
73 112 16470826.292636925
73 113 16353982.941844702
73 114 7422484.882049334
73 115 11925570.508078335
73 116 22295180.034673676
73 117 22876350.03370762
73 118 17185424.15215289
73 122 1254318.3683804097
73 125 720799.6906595443
73 126 7238967.602889831
73 129 9800324.417291488
73 130 20654671.84270408
73 131 21525113.154457208
73 133 4067392.4289369583
73 134 12124077.559591908
73 137 51919534.95293481
73 138 9826226.300793145
73 141 93776.76119847166
73 142 30087742.09186465
73 143 4621685.639981858
73 145 1661831.3100127014
73 146 18122253.04100459
73 147 12636204.673416577
73 149 1916500.4752506337
73 150 8238645.574254733
73 152 32976524.942796323
73 153 1808931.546159044
73 154 14308234.210385503
73 157 16029352.788991308
73 160 9121836.074329473
73 161 870031.4256508327
74 0 22333396.493452873
74 1 79434400.96287684
74 4 133620519.46691994
74 6 578298590.2041798
74 7 4003328041.0724955
74 8 8275947.060821078
74 9 29926578.76496065
74 10 2653461.5853401194
74 11 106387733.45941381
74 12 11421580.782433264
74 13 147047752.96234792
74 14 255938973.97136337
74 15 3419751.0948786684
74 16 3058692.8655072185
74 18 6003428.764517167
74 19 683081567.5399259
74 20 16747338.675083913
74 21 91845470.64293341
74 22 19670279.87958272
74 23 2453171.402136373
74 24 20639720.448097263
74 25 1662040.6621202794
74 26 5547472454.266483
74 27 936195.4589072748
74 28 209255.24971204143
74 30 233609916.5040856
74 31 16339195900.787886
74 32 2350988716.8086486
74 35 87150968.71154329
74 37 189864015.34987015
74 38 6958585.898426263
74 40 1628352047.0697544
74 42 1627343.1702858456
74 43 54568986.59254078
74 44 65535328.61911017
74 45 60185580.22828232
74 46 47713750.24602084
74 49 1319246518.5268714
74 50 5034917.397589369
74 51 11306509984.00717
74 52 7082788.365489931
74 53 4029441.3466889686
74 54 12058913236.655617
74 56 2238173141.137141
74 57 1984123.6413676222
74 58 52209277.69158735
74 59 4899019.869794029
74 61 3817539.133937787
74 63 14003421.757388182
74 64 1441576761.2534335
74 65 1569779737.2112494
74 66 31520451.442090858
74 67 520089991.92963994
74 68 200394494.37503532
74 69 169168578.78067502
74 70 147084123.34761906
74 71 1024287632.9853392
74 72 36680809068.57915
74 73 1172887.7438895414
74 75 66738913.758448094
74 76 98929493.30677941
74 77 36926231.23894073
74 79 16133017183.696983
74 80 434520036.9543682
74 83 23594866.59720655
74 84 67400782.9676609
74 86 59544566.39122864
74 87 9828719.553575529
74 88 1373813.3764343783
74 89 699921740.9841025
74 90 621533.772208766
74 91 5076566.292655221
74 93 3273793.164465561
74 94 8025104841.4739
74 95 10083098.880753642
74 96 4506922.941775794
74 97 272389975.93049157
74 98 1548712.3752422677
74 101 2490565809.355525
74 102 401413839.084045
74 103 64108949.17513058
74 104 10848550.67235432
74 105 31371978.498130657
74 106 89511643.69403885
74 107 10341559.637807041
74 110 65765653.552034974
74 111 16554139.676038675
74 112 14957202.82006918
74 113 345129356.2951463
74 114 1685221640.9512684
74 115 1495439230.188288
74 116 17658461.649329558
74 117 265716789.42246318
74 118 3259547079.536945
74 119 13350673.404755166
74 120 6507429.444611204
74 121 3716521.501864536
74 122 949317.2075029094
74 123 4826540.044002503
74 124 600155.8208339801
74 125 342932099.6203349
74 126 11899776.540945582
74 127 20093460.77284724
74 129 2276283452.7649803
74 130 48932193.8622378
74 131 25838820.498998653
74 133 12527413989.238468
74 134 218828947.74052525
74 135 56034852.5686929
74 136 14967509.339020433
74 137 1143977018.2272418
74 138 20424065.37348514
74 141 38158762.633423634
74 142 1120178328.8940847
74 143 8063696.795168532
74 145 62546676.061504826
74 146 42603566.28226637
74 147 5899487438.79083
74 149 5922266.455381756
74 150 40130095.41695789
74 152 58568714351.989586
74 153 18222709.946023576
74 154 78074505688.508
74 157 342002606.86117697
74 160 262015.48953696853
74 161 297235.2585893111
75 0 3956236.2574466798
75 1 24840563.990310654
75 4 22028696.003733393
75 6 47118628.85400773
75 7 1124921.2176825362
75 10 17658400.97540113
75 11 9425750.16983385
75 12 5580645.042909591
75 13 51026895.274592094
75 14 4347830.7899165265
75 16 3194452.452037548
75 18 1117184.5238836363
75 19 22483110.706421807
75 20 8428659.888137328
75 21 28559386.648226034
75 22 5963514.697130009
75 25 21056817.14539704
75 26 62031400.29017692
75 30 42411065.449797764
75 31 20128477.781445608
75 32 310149.21961831243
75 35 488822.91018608963
75 37 2928234.836852393
75 38 6809013.421586291
75 40 30800712.88465857
75 43 4927125.362638964
75 51 29317583.17642123
75 52 744409.3263039568
75 54 5405931.277496236
75 56 3693886.2303322842
75 57 2071461.9965704842
75 58 411164.76030015637
75 59 8299426.990277732
75 63 28553403.494915493
75 64 16059434.109010756
75 65 17595530.818476565
75 66 6705082.077589497
75 67 8072541.919023531
75 68 1437213.964146939
75 69 501586.6272374608
75 70 14507373.823076881
75 71 12070999.235540526
75 72 4722957.454786451
75 73 3863459.61122417
75 74 12498571.020253783
75 76 9516704.971079472
75 79 11897122.843439104
75 80 5716553.232559186
75 83 16555363.247199802
75 84 2645132.5803716253
75 86 32478851.91707021
75 87 24649302.561198488
75 88 10231365.41263582
75 89 17497267.44278492
75 91 767950.7828137052
75 93 42818732.27276164
75 94 10480894.679778341
75 95 2010522.6966903766
75 96 14877448.642996365
75 97 34346773.05460922
75 101 9578121.468988
75 102 27393464.703818474
75 103 800129.4116213592
75 104 3017855.7198103326
75 105 3254744.10424583
75 106 12264105.351056552
75 107 1245347.958559928
75 112 5074145.336861936
75 113 5517772.9777096305
75 114 3368463.541229211
75 115 32504569.81410049
75 116 12455079.9204009
75 117 20353143.76362863
75 118 22799230.62459516
75 121 4855717.335424918
75 122 2163593.4166157898
75 125 14197878.877068242
75 126 13856380.428290525
75 127 863537.6579285271
75 129 2808686.2640368533
75 130 17013501.51974591
75 131 13400399.597654387
75 133 873998.2658187129
75 135 6443979.474918853
75 136 662875.4229263476
75 137 25170025.49982089
75 138 501720.3419886357
75 141 8184515.891130244
75 142 18705607.363205273
75 143 2269401.171149213
75 145 19049390.719876412
75 146 6387112.44595506
75 147 13084042.844336977
75 149 5535162.60831127
75 150 3185343.2939107423
75 152 7103583.2448166525
75 154 8595568.71797484
75 160 21420930.075024188
75 161 10094889.94436111
76 1 31068431.37404721
76 6 45572824.43996795
76 7 607183714.7322136
76 8 31018417.433766168
76 11 1093047.5622332774
76 12 13562061.187376125
76 14 139711153.65475693
76 16 384814.0238158584
76 19 84677935.64695513
76 21 6845583.995233799
76 23 4702622.330634665
76 26 144286995.81766093
76 31 882453521.0279759
76 32 140495882.00686157
76 35 8446568.38231208
76 37 46962477.78013216
76 40 740897191.4003946
76 44 141384012.43438312
76 45 72084221.21384773
76 46 19792093.888321593
76 49 10661110.088441571
76 51 321531518.1894555
76 54 824160148.7443739
76 56 76986320.35110144
76 61 2747313.247675966
76 63 63645330.21107223
76 64 19196946.881274823
76 65 289191985.1803232
76 67 197544052.54363722
76 68 94138523.15753254
76 70 36654711.5739076
76 71 26229033.88408265
76 72 52325469.76563902
76 74 382939577.00921
76 75 28927750.277054183
76 79 158802540.45952627
76 80 126577632.58090141
76 84 118419742.64339161
76 86 150367677.11602905
76 88 9949595.071610361
76 94 176303939.777271
76 97 6049497.876905113
76 101 138309820.99696383
76 102 26284135.887717117
76 104 2119749.90695359
76 105 61827739.18296288
76 106 62250123.643999524
76 109 49063900.296538204
76 110 19887618.757686608
76 112 11939781.059266409
76 114 2005706.337967839
76 115 107560977.24272743
76 116 66069692.352830976
76 118 88030481.71543401
76 122 4534724.462079961
76 125 197956252.86877465
76 129 68876095.0346114
76 130 61152147.82310275
76 131 66052880.89509652
76 133 109485309.79212582
76 137 519272210.438874
76 138 145270372.5745519
76 141 19213724.010703348
76 142 58166337.390902705
76 146 18981444.171487164
76 147 252837069.0631589
76 150 272395476.71045846
76 152 154868982.5831901
76 153 10867239.97975199
76 154 93229169.29007718
76 157 385250570.6433401
77 1 40872678.543547615
77 4 13561633.220076837
77 6 4287212.696068975
77 7 1686819.8652732936
77 9 33365678.88110526
77 10 3902533.693392642
77 11 1101258.3964611394
77 12 4388015.489087445
77 13 133008.6165041745
77 14 15107007.579278775
77 15 4069660.1844639336
77 16 1278489.3320070445
77 18 4917191.040150878
77 19 62863511.861239456
77 21 48409.48337590064
77 22 532854.0437626984
77 23 2620258.855523821
77 25 10918227.887972225
77 26 57920328.27854974
77 31 11157070.041425977
77 32 6168659.728605235
77 35 23073104.848045606
77 37 14877088.880538402
77 38 19063379.32813473
77 40 45950904.50373169
77 42 7658272.728466762
77 44 17115306.68876636
77 45 15293071.07710285
77 46 17810418.726194248
77 49 31994892.371422805
77 51 5069359.182123889
77 53 4606074.971295093
77 54 49670978.02678696
77 56 3667757.9164703162
77 57 318333.8987461587
77 58 22190999.910749394
77 61 7246667.68275668
77 63 11272809.670060242
77 64 15327702.877887513
77 65 4475871.109225247
77 66 12124445.035368202
77 67 6680532.47084305
77 68 3611198.900669511
77 69 35633947.75949965
77 70 13279198.247434746
77 71 13043478.600285726
77 72 12026577.172779987
77 73 2063709.7057566498
77 74 14196348.326205464
77 75 7760674.74851673
77 76 4045547.802435266
77 79 6494946.729177751
77 80 278131.28052239167
77 83 1010202.0258191264
77 84 46637657.71844317
77 87 7197771.326390695
77 89 65399815.218027934
77 91 2185716.5557855517
77 94 2864651.202030447
77 95 7474864.3328639995
77 97 29606149.758796494
77 101 34498059.27548681
77 102 17151401.79917308
77 104 5028151.308872463
77 105 12583414.32356225
77 106 23949103.937109563
77 107 22066814.959945217
77 109 37201361.22223521
77 111 5027555.573371694
77 112 7866618.1848616125
77 113 28846231.685407553
77 114 15405622.564766314
77 115 12942244.479659965
77 116 17917539.259241715
77 117 3749499.6113586808
77 118 21747556.185425058
77 121 2137067.866528806
77 125 9221201.560234584
77 126 3003125.316745524
77 129 6711659.925600604
77 130 13845762.379799588
77 131 5376077.412077294
77 133 15860830.26554791
77 134 84201273.77489252
77 136 14587429.453380378
77 137 9102240.354622385
77 138 46302008.80840657
77 141 6017693.847899858
77 142 12455383.74420273
77 143 1517230.3604237041
77 145 46246426.295647964
77 146 2313331.919183704
77 147 53448859.13778822
77 149 1633069.7046292352
77 150 2815573.4256413486
77 152 10667769.221416242
77 154 10908486.890202696
77 157 52147970.21431842
77 160 726382.837650231
78 7 643475.8405985376
78 24 475603.8875309224
78 45 203620.19533288555
78 51 3601767.0500518824
78 52 1100161.8155397433
78 54 263137.5399469208
78 63 1278967.8867683236
78 64 2339777.3549308246
78 70 233847.5368324039
78 72 99944.94820784696
78 74 204807.36277228335
78 83 478412.73446100287
78 84 1382568.9352214565
78 87 572996.3170362611
78 93 752503.5384996283
78 94 3148077.4949746495
78 101 2142629.0912363525
78 105 309669.3729946412
78 117 89207.13075433388
78 130 2895298.660529535
78 131 521882.6242378483
78 133 42555.854924887055
78 137 507856.4831567754
78 138 1507380.913800853
78 142 92510.94309795709
78 146 2771513.3838884365
78 147 908296.1620302519
78 152 667981.2262361684
78 153 57513.53680988942
78 154 309344.30555134354
78 157 93911.51143566819
79 0 65594058.46788409
79 1 72875810.5450466
79 4 133137001.02348973
79 6 1079446477.943586
79 7 2646606559.7811737
79 8 38765769.994123824
79 9 130127479.68891701
79 10 60289866.34594723
79 11 41005384.51724307
79 12 115786.39720336674
79 13 70180683.86930388
79 14 611083827.4362307
79 15 10016518.952306578
79 16 269300.23135365295
79 18 23884903.552123893
79 19 762229904.4147921
79 20 5210722.287663475
79 21 625164439.7783065
79 22 2379509.1503728502
79 23 29494.870957857198
79 24 6782527.005249974
79 25 10567441.997177351
79 26 554880812.0129453
79 27 810819.996138224
79 28 1379003.25454399
79 30 348214527.28222007
79 31 3168348958.8512645
79 35 296010456.56094396
79 37 52014145.021913834
79 38 12734760.930262383
79 40 312377199.00089675
79 42 2335015.8606474632
79 43 105978037.17772558
79 44 220209624.67926314
79 45 150643230.2580355
79 46 66058393.51888223
79 49 254915742.22586602
79 50 44125649.48780772
79 51 550025638.0982072
79 52 19785520.218312666
79 53 1169434.7932210492
79 54 1704782569.5718293
79 56 2628702628.0352664
79 57 3207400.19837688
79 58 19812815.80960836
79 59 12063419.232368208
79 61 13733053.024415849
79 63 9903801.012355795
79 64 904924341.5392544
79 65 1137196706.3660114
79 66 345306.099028143
79 67 730438097.1297777
79 68 1437855832.742916
79 69 226566157.6535026
79 70 737345156.6371682
79 71 1150144616.6716359
79 72 20892458755.319225
79 73 7751943.616377061
79 74 8135915623.021277
79 75 35952426.36099053
79 76 411060107.21587175
79 77 14590228.507624386
79 80 36175535.13568391
79 83 35515541.49011239
79 84 6704644.077023043
79 86 104571690.43678357
79 87 8209495.253696138
79 88 6598905.070253375
79 89 933295474.0491655
79 90 26100702.371438924
79 91 9092610.38583823
79 93 6956546.378185561
79 94 3004642128.8920183
79 95 5951739.951775537
79 96 7068183.249599314
79 97 33246180.909366608
79 98 6347960.4803513
79 101 1725121135.5694916
79 102 19851469.44447541
79 103 20135686.79081934
79 104 5409541.178857083
79 105 134156114.75498231
79 106 14543386.191446137
79 107 46297086.44589961
79 109 106855630.03264143
79 110 5380903.6644592015
79 111 7779057.717403982
79 112 112887564.12618072
79 113 669790558.8757533
79 114 2504371754.2065315
79 115 341708189.1242343
79 116 12604204.808061004
79 117 26418555.27642584
79 118 2704671521.284838
79 119 8193403.922284632
79 120 9394236.62262617
79 121 660348.7377744607
79 122 2505064.665961994
79 123 225516.10564215764
79 125 996007078.0064944
79 126 59222797.78043064
79 127 6110701.679856253
79 129 8210068723.167163
79 130 159605893.20867786
79 131 399154774.8849014
79 133 8229109878.890089
79 134 150419081.38999072
79 137 1764750677.2568142
79 138 3391332003.558632
79 141 51228483.97196796
79 142 1085877042.7294493
79 143 1994873.4847656987
79 145 24306507.912975807
79 146 162882217.38696894
79 147 653743657.8472004
79 149 35131527.76509335
79 150 974376226.5334322
79 152 2973025739.8875203
79 153 116091598.71447943
79 154 29214948389.151257
79 157 267636302.00948766
79 160 4955178.092659516
79 161 37238099.44299109
80 0 21442426.441761028
80 6 269032937.14084136
80 7 467124208.4603003
80 10 27978047.60339095
80 11 3630775.197072754
80 14 67469848.10958305
80 15 4416746.843266835
80 16 3320517.19795978
80 18 58725135.01315624
80 19 1408861635.1801243
80 21 18789899.19132733
80 24 29268726.246987075
80 25 7369912.488737904
80 26 678655490.5153707
80 31 187770245.3700436
80 32 150646332.02962285
80 37 36792585.48692852
80 38 20750744.15037413
80 40 145191602.08396697
80 43 10652201.761939453
80 45 69226471.25193173
80 46 64479.28095790929
80 49 28041858.89068148
80 51 355256751.6328213
80 52 30134770.72817208
80 53 213179.37883808222
80 54 77714191.1888209
80 56 6966012.926521976
80 57 1112257.773291408
80 58 24310375.091722324
80 61 6603675.787624817
80 63 31604826.844642967
80 64 244932192.69705167
80 66 4706352.1627684
80 68 14584158.75430921
80 69 261625019.54504967
80 70 16885213.35805403
80 71 97341156.62187581
80 72 48321626.14172793
80 74 152497578.5595469
80 76 39521000.690619506
80 77 14012210.663912086
80 79 306648482.4979055
80 83 8584652.753635231
80 84 36750657.85791096
80 86 1640398.119276079
80 87 6028893.241435371
80 88 4193633.9544603783
80 89 50824335.61270653
80 91 41583172.23688834
80 94 190500043.69647637
80 97 118489456.64951585
80 101 351239101.6584286
80 102 101764732.1762598
80 104 12880674.488966748
80 105 40835917.45158273
80 106 180193541.44538704
80 107 155374651.05337512
80 110 2808700.0360756936
80 112 124030371.97199975
80 113 136853385.38149798
80 114 8059898.301685779
80 115 135236976.79469776
80 116 23891247.551549226
80 117 32228641.970151585
80 118 558378464.260679
80 119 1298861.2356317344
80 121 644564.368913942
80 122 2099737.1993653416
80 123 2138231.706927594
80 125 53018087.88654786
80 129 546913692.3932005
80 130 30883907.032134075
80 131 305689868.60916966
80 133 83372521.18956426
80 134 13097099.060514469
80 135 15835939.085189998
80 136 2347891.8470330066
80 137 229834570.94265687
80 138 297423089.584987
80 141 9239742.320686204
80 142 253057970.03081515
80 143 575789.4504772014
80 145 19765989.45632697
80 146 154641405.86502093
80 147 371217641.31215847
80 150 157584996.98653778
80 152 57154867.26791705
80 153 19442044.651542466
80 154 208533410.4080519
80 157 191159774.97734675
81 6 1643346.6114160374
81 7 14068267.15333761
81 13 7326616.71555701
81 14 187518.69224362413
81 22 857892.2617273969
81 26 43870746.65164566
81 27 494572.7266864414
81 30 5180466.184016259
81 31 310065.03198418044
81 37 816284.6547574939
81 38 35369570.64737196
81 40 2797599.005711755
81 50 11347664.810656834
81 51 9552366.641531982
81 54 12476701.247224646
81 56 6114900.115935206
81 57 1329546.3080245205
81 64 6459.91987753868
81 66 7228321.632267788
81 68 8250381.741255151
81 70 5724149.041600923
81 71 8647614.691674182
81 72 1788040.587232054
81 74 4151425.3962750263
81 76 2042602.811438906
81 77 1245198.8204596757
81 79 3333854.857425589
81 84 10870397.818863556
81 94 916200.8880109674
81 101 507626.0606699042
81 102 3889948.152431337
81 105 2514965.379532457
81 106 501473.99286450783
81 109 2504375.570143941
81 114 12308609.27948222
81 115 27130165.63304379
81 129 5370328.522952126
81 130 4878531.972991004
81 131 2653341.9114958295
81 133 8190170.206903319
81 138 8038901.787807833
81 141 642115.6313166504
81 142 11916249.520919064
81 143 68320.21360419008
81 146 9936070.306219555
81 147 6550770.075806804
81 150 1277458.5645060802
81 152 1640167.9683121906
81 154 13206552.03512151
81 157 1023031.5236069039
81 160 12076801.901982093
82 1 1652606.0376122254
82 4 2007351.2680819198
82 6 325356.4800498225
82 7 842567.7393830393
82 8 1700551.608063196
82 9 3550138.846978501
82 10 5692293.52230722
82 12 94151.65614675426
82 14 11118353.615571443
82 19 109252.13582172716
82 20 2114822.228187313
82 21 3581305.922776752
82 22 5384792.9361953605
82 26 1335731.953472346
82 31 1043713.259557473
82 32 2498913.856319393
82 38 9058784.553377299
82 40 13869734.547310216
82 42 490328.9107326564
82 43 1829551.321232447
82 44 7498893.976871496
82 49 2090839.0351975223
82 50 9048954.235876745
82 51 6674382.796703223
82 54 3864400.1730674785
82 56 322627.8743526513
82 58 9329009.559749473
82 64 248751.1240636782
82 65 945996.8965213307
82 66 616494.0041034822
82 67 2916985.623441951
82 70 3772179.0444045616
82 71 680864.4529526281
82 72 3148541.6456566346
82 73 5690160.41089487
82 74 4952088.564421135
82 77 581623.7860707239
82 79 495862.94273670623
82 80 1211924.0735292188
82 84 1944939.765248631
82 87 3775521.1136581576
82 88 3418426.184884417
82 89 17438037.450879645
82 94 5404313.714630167
82 101 6685557.505650628
82 102 9768578.10676281
82 103 8327044.584619048
82 105 519282.62733506697
82 106 2554786.7647104114
82 107 3293114.4931917298
82 110 2560127.54425711
82 112 1719001.9809702684
82 114 152206.87607935705
82 115 1335805.3099085228
82 116 3847515.3620223207
82 117 515667.6312938563
82 118 4956120.663818935
82 125 7366069.790126984
82 126 4931140.777468729
82 127 933953.2573582244
82 129 9041302.631006684
82 130 1548362.0582969876
82 131 807703.6492670442
82 133 649945.7481909317
82 134 2441499.4158200347
82 135 4745571.883510352
82 137 1959325.6264938505
82 138 5591420.263597825
82 142 1798001.293519865
82 145 618767.0291149005
82 146 1373348.1106343898
82 147 1746179.5429417854
82 149 2125863.088927812
82 150 2659227.6200387934
82 152 3770347.6850448973
82 153 1363713.2907247492
82 154 2724542.4706961447
82 160 2892838.5775127267
82 161 1408857.2673823698
83 0 1957212.3499521806
83 4 59334925.334127516
83 6 5187390.981321631
83 7 133290561.07602125
83 11 35755962.45032533
83 12 2954690.685891906
83 14 136567121.83440405
83 16 7547624.833648906
83 19 47244720.78486693
83 21 11830915.609727232
83 25 35068133.25241266
83 26 5688303.551344077
83 31 57074344.33198361
83 35 80303763.59012331
83 37 23852891.89585119
83 40 48903332.543795615
83 43 19753768.956809837
83 45 83502859.29754889
83 49 22016369.080638774
83 51 5647992.512649051
83 53 1722269.6206915358
83 54 16693267.434586087
83 56 89819802.32294896
83 57 1398965.1677334853
83 61 1322621.3595589749
83 63 23176275.771283574
83 64 129594449.53193091
83 65 189836383.39845592
83 67 11013652.347375082
83 68 54838795.58303062
83 70 26617777.814141873
83 71 18649810.090265736
83 72 80213430.48767515
83 73 31712393.79519507
83 74 49325662.55864465
83 79 4089026.3461821666
83 80 26144484.527053915
83 84 5514445.913464693
83 89 132883644.56355904
83 91 18838242.13578757
83 94 14743476.701222148
83 97 14176575.903667895
83 101 298514915.6748876
83 102 26364915.61657149
83 103 14594810.724954825
83 104 383310.1385811081
83 105 142951526.18270227
83 106 302232076.53235364
83 107 39516997.96529863
83 109 110191418.07198264
83 111 12965200.361386556
83 114 14833803.780874165
83 117 22573632.436523803
83 118 101374566.26035221
83 121 377773.45559869707
83 122 161182.2914139784
83 125 488310.2404458158
83 126 23591385.699118674
83 127 4928869.915670385
83 129 8517297.766929777
83 130 16522981.46387068
83 131 13389527.181592846
83 133 46645414.31390281
83 136 1814919.6825705273
83 137 76830855.4928127
83 138 55061720.585948855
83 141 18551368.84225917
83 142 39941967.10534435
83 143 5685118.121589656
83 145 43088737.978685476
83 146 106946795.12878533
83 147 154738047.08405516
83 149 1940017.9066765239
83 150 2924088.4016623003
83 152 87544728.35534775
83 154 3275918.2159423567
83 157 16012000.723933088
83 160 14476017.797333654
83 161 28467424.454255503
84 0 4357964.6930428175
84 1 8544352.1085865
84 4 31558333.287193146
84 6 1880818.7232263186
84 7 8545846.560615854
84 8 1083912.2448575518
84 10 36073466.72038098
84 11 2763548.7842798424
84 12 4523092.022305904
84 13 1237722.6297765179
84 14 3517325.255552518
84 15 7871472.539619271
84 16 653294.8928562065
84 18 5021880.3494768655
84 19 18954324.892292064
84 21 1143054.3745242963
84 22 1867389.4772825937
84 23 9716442.78085353
84 25 943054.0456154412
84 26 1941036.2576809435
84 27 470911.51136571384
84 28 273066.9232049976
84 30 12715823.61580023
84 31 329221.0048937642
84 32 695740.1989484577
84 35 3891419.22638013
84 37 1270789.7283193497
84 38 4750639.733772036
84 40 15152978.493622145
84 42 1796762.7954862958
84 43 972006.717002234
84 44 13532733.622055395
84 45 12714681.35240639
84 46 12026868.879757427
84 49 600025.2274196676
84 50 3071135.4797400334
84 51 9119882.009771394
84 52 205015.51774851646
84 54 16326836.505565709
84 57 258905.8046858818
84 58 23822035.785718393
84 59 8183136.554242607
84 61 1510681.4570155747
84 64 5498975.817120429
84 65 562751.4135537866
84 66 16046413.326048657
84 67 2884129.33953308
84 68 15928687.100560987
84 69 6282623.282010518
84 70 1378367.7968278837
84 71 7931214.215589379
84 72 12435989.672935294
84 73 3249637.826650339
84 74 7287538.564397638
84 75 9730238.009887768
84 76 435099.8209552739
84 77 371750.57792162045
84 79 13929923.07469917
84 83 5365039.190599325
84 86 426942.1380913511
84 87 4864967.70529411
84 88 528538.5910614955
84 89 29455787.08775228
84 91 637745.5616037586
84 94 15549207.683450237
84 95 3669584.057253253
84 96 925426.503602925
84 97 18972221.88504195
84 101 21078704.74872179
84 102 8198826.119382081
84 103 654762.8288983568
84 104 3599578.3264031108
84 105 1476482.9539165725
84 106 3221383.896397352
84 107 6051330.503794038
84 110 1713535.944258792
84 112 8626265.591343295
84 113 87994.27577558755
84 114 15375839.05481429
84 115 3161891.9881831687
84 116 865614.3035504669
84 117 962321.1578905984
84 118 4118278.2715421184
84 119 748450.8729393858
84 125 5395542.418394086
84 126 2296455.830073444
84 129 2139224.4847884765
84 130 14845244.791678056
84 131 4133657.112896067
84 133 2848387.367500308
84 134 31264302.139768586
84 135 14352098.391023295
84 137 553608.1886127844
84 138 13581731.284981798
84 141 2716207.508530922
84 142 17875970.20599149
84 143 356755.2637069051
84 146 1573754.7755459514
84 147 1312101.3057204064
84 149 235823.84054719078
84 150 27684145.097358495
84 152 15995836.91814024
84 153 1989991.3990071442
84 154 3690153.9773691525
84 157 18662159.048778895
84 160 3023645.3679880872
84 161 566691.8678209529
85 1 51136661.936577514
85 4 404375826.2146085
85 6 171201987.03896025
85 7 119391087.71592066
85 10 8929185.575593147
85 13 204228061.56923482
85 14 61524396.21353545
85 15 2202533.4220995447
85 18 3402167.286194523
85 19 735543278.6657292
85 22 3290366.919602255
85 25 29955805.42545121
85 26 527543593.4345482
85 31 581902107.9194486
85 32 63329371.3682322
85 37 9856163.886888603
85 38 6333878.154638573
85 40 17804490.28832881
85 45 151469561.0364839
85 46 168773672.17494872
85 50 26874139.175463554
85 51 373429936.89183074
85 53 2546099.6864629597
85 54 704557381.8440797
85 56 105673270.26816526
85 67 255248658.90696967
85 68 78849917.67647052
85 70 60065890.96782427
85 72 19410205.098076273
85 73 67644580.96832563
85 74 42307610.27589018
85 77 80984967.49375074
85 79 154592168.42814276
85 83 10259324.373697024
85 84 102339634.24529035
85 86 15245401.777618887
85 88 5600996.459320856
85 89 311847383.9400574
85 91 3538472.0676657865
85 94 375683674.4390907
85 95 1674153.689742481
85 98 9488595.305224858
85 101 619487703.8282106
85 102 180994680.94577497
85 103 22022373.116838757
85 105 82941917.81439462
85 106 75996216.25933103
85 113 1105403.2918817056
85 114 13817668.293132748
85 115 48722761.35333402
85 117 151858742.56444228
85 118 153337756.17204058
85 127 7614958.027227821
85 129 25808083.266898412
85 130 11347655.576091925
85 131 100418572.39659746
85 133 88131041.71058103
85 137 58250546.5273529
85 138 151300272.33554673
85 141 25734506.771268483
85 142 835833.7378836685
85 146 112056397.24955109
85 147 720128279.1278218
85 152 172373417.413773
85 153 189156439.1220309
85 154 324784619.96499085
86 0 43552988.16820662
86 1 93352277.07050805
86 4 53210303.617377855
86 6 120562065.34877142
86 7 60892180.044170626
86 8 12813865.873313842
86 10 41653924.41986721
86 11 13141500.543598322
86 14 20048625.11402468
86 16 2644477.7083256757
86 19 33846845.797904104
86 21 47646115.02194723
86 22 914395.5880756417
86 23 6213054.519612654
86 25 35147743.83718799
86 26 9658207.770172782
86 30 58550079.674777776
86 31 94397645.38949372
86 32 43212801.97702034
86 35 46882381.13464553
86 37 32802319.54360592
86 40 239507612.01768312
86 45 54307330.50459803
86 49 9338129.949901333
86 51 50619822.253869504
86 54 167153142.5562787
86 56 173396987.71082154
86 57 189627.2873506233
86 58 79805771.82626949
86 64 154650000.89397803
86 65 138704700.8739872
86 66 20135377.817146257
86 67 15625757.058651734
86 68 186950044.29250425
86 69 69889246.48667891
86 70 111977094.21333276
86 71 295442744.3895541
86 72 337808242.7464815
86 73 101038554.41263783
86 74 121767399.59337373
86 75 14989833.132601265
86 76 21575467.449072212
86 77 2218747.158569903
86 79 78761221.48994029
86 80 9189823.426473942
86 84 10283264.935993597
86 87 31760597.158068392
86 88 21044.267137041417
86 89 10461014.356515318
86 91 4153560.1661724155
86 95 33300550.767108653
86 96 5332924.881937957
86 101 3108950.1954780607
86 102 207902894.04756695
86 103 18080608.550309174
86 105 39176612.13111637
86 106 68892062.51187816
86 107 90349809.81854093
86 112 27550556.880940177
86 114 55165143.92917136
86 115 63081889.49820926
86 117 41431625.18896569
86 118 87634.92171244072
86 119 1395119.8537745106
86 125 134808726.2911976
86 129 82935838.40418294
86 130 36228162.5171723
86 131 5746931.452896234
86 133 69381452.64608498
86 135 50514091.41513154
86 136 10671482.221078835
86 137 183546411.11565444
86 138 36589123.99214226
86 142 11337673.590875529
86 143 2153446.650673749
86 145 9709026.86175073
86 146 13545476.622290725
86 147 195172625.6826865
86 150 111580050.85742025
86 152 61493005.47438643
86 154 48005173.44642764
86 157 18644325.28704103
86 160 2164178.445262525
87 0 658732.9092793217
87 1 9246306.508716527
87 4 1643997.9464558465
87 6 42829587.726138815
87 7 5375370.161847752
87 10 2608309.061855691
87 12 6202257.9185714815
87 14 4548682.456060182
87 19 8656949.976928487
87 20 26091773.76414238
87 21 4479077.09909621
87 22 449808.4523844469
87 25 1131364.539232787
87 26 19108841.134350237
87 30 585621.3107802814
87 31 13396167.908770116
87 32 2102390.296364374
87 35 4768727.157043223
87 37 32969468.973410144
87 40 13730222.656266496
87 43 19952534.71308422
87 44 25790150.889890946
87 46 8375686.175278047
87 49 29791481.40111337
87 50 29304483.915105592
87 51 71214239.57564802
87 52 5874217.199207028
87 53 1371985.0436903785
87 54 11290021.837433537
87 56 5706652.401339465
87 57 768506.9307752831
87 58 16395715.588181922
87 59 3638013.396154867
87 61 5322915.988341335
87 64 18454498.77387228
87 66 5277279.2096545445
87 67 32402415.409263823
87 68 10372494.916591045
87 69 10834558.167242894
87 70 28835001.020205837
87 71 32165127.088027682
87 72 24898377.879691426
87 73 16394392.282041995
87 74 1439692.9985630654
87 75 34490575.98134271
87 76 4445585.486582176
87 77 21363864.940481488
87 79 12425612.53549218
87 83 29220777.054880332
87 84 24037009.369701754
87 88 14481526.983979682
87 89 28310763.303550124
87 91 28727101.60466696
87 93 701401.0731860191
87 94 58480946.53913357
87 96 3267500.4332452193
87 97 5541296.149941232
87 101 17936505.352960326
87 102 25921055.186508473
87 103 10290937.843553048
87 104 11021218.135743795
87 105 12560572.450110935
87 106 4593690.062724345
87 107 2674497.228668783
87 109 5122240.95463527
87 112 5506118.519928938
87 113 13053381.31477385
87 114 1870663.5742246793
87 117 22912190.257233184
87 118 1445506.9586793443
87 120 1515725.885861047
87 121 3534496.673147747
87 125 26127189.75568039
87 126 12576075.483678197
87 129 58018603.24315589
87 130 9159987.9255256
87 131 20710384.7412261
87 133 6653946.141204974
87 135 256397.31072406584
87 137 2476282.4271255736
87 138 6754256.882698913
87 141 10100221.023452427
87 142 5336012.642754569
87 143 796509.5043206429
87 145 2504799.131061484
87 146 18665150.125699207
87 147 6534579.28742122
87 149 7666799.9062112775
87 150 3350796.6703301286
87 152 13089797.466778554
87 153 12785007.23114153
87 154 12198170.744807268
87 157 4044903.6372023043
87 160 10621452.966790436
87 161 4249158.020315129
88 1 2936819.1625308683
88 4 1620743.4571727647
88 6 23781463.90374353
88 7 502347.4002871887
88 8 4596172.69747505
88 11 2202881.810237068
88 13 8868091.300858403
88 14 3233965.6793594537
88 15 735908.1067367225
88 16 156215.03257883023
88 19 214162.05978434865
88 21 684186.5432196127
88 24 2310893.9828697783
88 25 2117890.125400174
88 26 8206714.163335236
88 31 2985955.0720665823
88 37 6610771.700282667
88 38 13150644.470154641
88 40 8594209.716928657
88 42 239248.36022579815
88 49 1454062.4417095855
88 51 20825887.969649963
88 52 346197.69149903796
88 53 2188233.181176744
88 54 6273192.357507787
88 56 12998658.524605695
88 57 4364609.774639876
88 64 16523658.830368062
88 65 3696730.513049839
88 66 9534744.349081673
88 67 7506243.892297377
88 68 6399265.221282567
88 70 730722.3314321882
88 71 1439897.8570471772
88 72 10351790.919946944
88 74 6716673.557637128
88 77 6367903.492857149
88 79 6853807.548178384
88 80 5092032.665710429
88 83 1265605.826788792
88 87 8109617.081922355
88 89 5625458.740160017
88 91 298143.8706828491
88 93 1454813.3976054108
88 94 1055997.330094792
88 95 7945565.069208894
88 97 1047824.4005232792
88 101 1772795.5880863578
88 102 19233755.155353103
88 104 16188.19625130425
88 105 950240.4308574103
88 106 6970908.231521856
88 107 1684015.7001832922
88 110 4056714.28766669
88 112 4573446.846405907
88 113 1144731.744101678
88 114 4449055.191384694
88 115 7665625.88500934
88 117 2916191.797775099
88 118 6378867.220261771
88 120 3606728.532175869
88 121 3415232.885244765
88 125 17181319.266488425
88 129 5408430.316219983
88 130 3892283.7571475795
88 131 2343882.5009229076
88 133 7459919.218817599
88 134 6630031.080779451
88 137 1219333.0363330203
88 138 8104161.670192719
88 141 1021569.5565198372
88 142 16100371.400027009
88 143 1910625.5925369333
88 145 4215851.12964984
88 146 487299.77726530156
88 147 9983819.63376569
88 152 2576214.5017864085
88 153 1418003.7864974174
88 154 19231235.933029514
88 157 4756442.720953247
88 160 11333465.27268858
89 0 10717484.303090738
89 1 11397955.217515005
89 4 215413254.85939252
89 6 5949464823.996045
89 7 121245796.91402362
89 8 4439218.682435317
89 9 44940087.795496956
89 10 74954314.67220491
89 11 238706014.33929163
89 12 15853067.248507164
89 13 234827426.98867235
89 14 1260007284.1712542
89 15 5104950.632169075
89 16 6368405.981347789
89 18 31028565.571785416
89 19 856467526.0377913
89 20 10015167.292541925
89 21 140713757.44086576
89 22 3573747.49704694
89 23 1589748.255676918
89 24 14743542.361121198
89 25 5761630.372396471
89 26 4965567867.926611
89 27 2492820.3420067746
89 28 819596.7200360075
89 30 232599432.324014
89 31 2863383857.0707226
89 32 29991580.96428802
89 35 67570860.00627472
89 37 676831962.3323319
89 38 12384259.639991203
89 40 2481124494.3313174
89 42 1355265.145175318
89 43 32266270.15585745
89 44 72513884.34039694
89 45 166492663.8807031
89 46 44209368.452293955
89 49 33661211.5681311
89 50 912851.8094401938
89 51 3984066788.603183
89 52 1717220.2608962846
89 53 1647898.7644901285
89 54 8660126272.25628
89 56 903449183.0231745
89 57 190348.45836174808
89 58 58942465.45320554
89 59 1086999.8132129544
89 61 1283931.9003196189
89 63 26785745.15527522
89 64 8035623628.201632
89 65 1544294588.1192725
89 66 29760423.604513764
89 67 2025356280.8360832
89 68 358307300.3931664
89 69 262131482.38562313
89 70 893639621.4950566
89 71 216062266.8366277
89 72 986162146.6400653
89 73 31801093.93360219
89 74 5681067529.967134
89 75 1497089.2246331742
89 76 111121134.15580414
89 77 40695531.52754127
89 79 2981451043.5729566
89 80 12496361.108962301
89 83 3015224.660853862
89 84 38223330.30847559
89 86 4225716.938318402
89 87 5814354.206986797
89 88 26698685.981333204
89 90 21871085.47295421
89 91 1977219.9246280263
89 93 905121.3237473129
89 94 348298240.26254547
89 95 5527330.816987826
89 96 5951904.32268725
89 97 301696837.60447
89 98 10312457.209562268
89 101 1047333547.6885763
89 102 112537335.54849538
89 103 38022244.63885388
89 104 6527217.528773367
89 105 138755269.52144238
89 106 1410716334.9351344
89 107 64933638.68937064
89 109 6334515.995661707
89 110 10623499.703538902
89 111 100666813.32746436
89 112 173823837.51223865
89 113 173184685.38016656
89 114 1455842011.1814563
89 115 299729936.783335
89 116 7700563.876051865
89 117 373678084.1101189
89 118 555448106.2162851
89 119 4408368.027173132
89 120 580119.0084010812
89 121 334515.6515738802
89 122 5109639.158614059
89 123 2535923.5625149813
89 124 741762.0768356906
89 125 276495841.6885718
89 126 15389009.148874128
89 127 11410331.795667104
89 129 1265623976.8539457
89 130 423234694.4486702
89 131 43469017.286217935
89 133 200082484.24090314
89 134 1565810.9617706977
89 135 22473207.253989402
89 136 2525845.9941448173
89 137 380369770.66893244
89 138 4329892806.103069
89 141 32916443.744561553
89 142 1516272416.3470986
89 143 3478431.28223204
89 145 11958626.557399474
89 146 268611160.1341492
89 147 250030755.1785734
89 149 11299837.452197742
89 150 744460263.139292
89 152 6412150275.047089
89 153 24387232.953109067
89 154 7360840714.459054
89 157 623321030.9861523
89 160 3387185.4803042505
89 161 11915387.344949596
90 6 2910698.913397185
90 7 3711106.1219969494
90 8 449987.570209652
90 10 127194.44097453219
90 12 36648.94302327183
90 14 1069953.2663697395
90 16 1611203.5738181209
90 21 2157986.2561601074
90 26 1902492.022802562
90 30 1255600.7673800485
90 31 7454139.843646248
90 32 4411579.236494556
90 37 2652839.1007154677
90 40 338220.18731264205
90 44 7906.568137323071
90 50 4574173.55229685
90 51 3480379.2841985566
90 52 4349958.448351228
90 54 19930202.77637275
90 56 962564.6995060291
90 65 1153830.160386803
90 67 3448052.500906584
90 68 10560330.499774158
90 70 3119928.280139854
90 71 959572.5618465223
90 72 1774189.7373402987
90 74 3050281.613942562
90 79 7996022.5582288625
90 89 3108433.15950906
90 91 2580819.9499379084
90 93 3832894.9180513364
90 94 1861563.5646482953
90 97 9637315.644625554
90 105 336534.02093357156
90 106 4427546.3246872155
90 112 5082890.777633309
90 113 2385225.00965205
90 115 11428.536512826508
90 118 871146.998584063
90 122 1176424.9117182607
90 125 5688422.005750109
90 126 7422861.030728267
90 129 1260983.3778861335
90 130 799511.728112492
90 131 6517171.937882166
90 133 411817.16374639055
90 134 2974626.496749332
90 138 6656772.667603199
90 141 374972.26439720887
90 142 4103398.724563036
90 145 1045092.3714181493
90 149 1869477.5879607375
90 150 2751833.6440482736
90 152 523886.2584920403
90 153 3479812.040318029
90 154 294334.11729089916
91 0 3483749.2594094765
91 6 6582609.431479916
91 7 841751.3736508229
91 8 1594658.8258369386
91 10 3140464.5174253793
91 11 1026143.6710486314
91 13 1898974.8886959907
91 14 310137.0584371984
91 16 2824587.904452155
91 19 3447529.0516033503
91 21 8220521.9333963245
91 23 586401.684850242
91 26 4905502.9925049115
91 31 644208.6376491744
91 32 5787204.645484181
91 37 1196063.1316925355
91 38 38765.71494117375
91 40 4989828.288569681
91 44 2649233.4831732875
91 45 6816948.474261903
91 51 3488645.349051511
91 52 519357.25642310956
91 53 1683348.6396576061
91 54 903595.0342787479
91 56 4499026.790865671
91 59 855615.4572383676
91 63 75179.52596784195
91 64 1434544.2151347408
91 65 18317136.294013154
91 66 879984.2854429879
91 67 5875452.477160669
91 68 768344.0344269798
91 69 2064348.0987043313
91 70 2043810.662731534
91 72 2040553.4400146746
91 74 2220966.8489290015
91 76 2404895.599665674
91 77 3584565.2125487016
91 79 133099.27267534478
91 80 5470666.73499499
91 84 2191021.4348125346
91 88 1528701.2818543469
91 89 1658128.4960143997
91 94 4277620.582310966
91 101 11990087.983967733
91 102 2291598.9472995875
91 104 630368.3404990496
91 105 540152.8165402545
91 106 6675888.71687081
91 107 1155629.6621545043
91 109 48558.49461334937
91 110 2724129.057391468
91 112 4789427.341854578
91 113 486391.418837101
91 114 212382.02616228667
91 115 31357315.831331555
91 117 2489636.286214577
91 118 1006767.8111513597
91 125 1067725.9090188632
91 126 3081940.35997518
91 129 808279.363669738
91 130 1521325.1781208375
91 131 2031697.465474215
91 133 4429243.286969822
91 134 4163737.3597794133
91 135 1544737.950524775
91 136 404792.8431386758
91 137 46385.78828744371
91 138 9185921.167402333
91 141 2278958.1221080404
91 142 10525554.84742211
91 143 5295155.757884077
91 146 5712195.70482672
91 147 8068811.835549235
91 149 2845669.1160490545
91 150 2053318.943331924
91 152 215332.4492533156
91 153 3460664.4700421365
91 154 5181363.660683797
91 157 2853388.5628964314
91 161 556843.7936231536
92 6 1565137.8227789036
92 7 26944061.48026869
92 12 2162627.551440538
92 14 4076293.942315641
92 15 540423.0751416557
92 18 7592727.699637107
92 19 1945876.3540758162
92 21 9227294.834335636
92 25 7821104.574811088
92 26 3762609.95992788
92 30 11157279.328403044
92 31 13212943.67284178
92 32 3780445.0260049365
92 37 8064312.466332381
92 38 9448469.421357125
92 40 1843307.9360961758
92 42 1730312.1562059142
92 43 5593994.4166661855
92 45 15655442.530644555
92 49 7709233.824748793
92 50 4680702.872731683
92 51 13266703.61487417
92 52 1100210.4114883807
92 54 5967337.8952075085
92 56 6713371.820239419
92 58 8406957.793408172
92 59 2599736.4138859347
92 61 2073090.2295505507
92 65 6503398.214955064
92 67 4162339.916873411
92 70 8104583.837115711
92 71 2840229.0048967698
92 72 3399142.8821588056
92 74 149664.52582002987
92 76 3674943.4980870932
92 77 1815804.511215699
92 79 4265938.45807514
92 80 4914632.865729897
92 84 16019375.430968255
92 89 3860584.7849419755
92 91 5634323.260541464
92 93 1483740.541299206
92 94 4376519.838017833
92 101 3855443.288553591
92 102 6880070.497882372
92 103 3968144.1277051084
92 105 2734199.021251516
92 106 4094798.837528992
92 112 3707660.8037087694
92 113 21282384.3857503
92 115 360015.3913023604
92 116 6797522.166525152
92 118 2556104.6043888815
92 125 17396088.439862374
92 126 8876033.033749266
92 129 2253046.227443569
92 130 7591408.344093803
92 131 11043791.899413403
92 133 11744002.536314402
92 134 1336460.8125116366
92 137 5735379.005509714
92 138 5167318.026664426
92 141 1875803.5059568498
92 142 13473386.3737687
92 146 2261545.9935605507
92 147 1055820.9346561397
92 150 909787.2182296681
92 152 21160261.06434472
92 153 4813532.804437572
92 154 4320913.679448271
92 157 17030730.538394306
92 161 10383620.829971889
93 4 92257173.6007508
93 6 11656987.818129687
93 7 34550512.69797453
93 8 1721225.0477978971
93 10 7540900.475693767
93 11 36276755.32014287
93 12 4817946.896694634
93 13 2568219.488845507
93 14 3397397.4942820105
93 16 3901997.593217508
93 19 5150231.013880026
93 21 11221135.222700028
93 22 969383.2677172204
93 23 2005857.3737610474
93 25 37835948.00126009
93 26 2424842.816104318
93 30 6965009.945414006
93 32 37477042.044924594
93 35 3230207.5857941825
93 37 12247716.12133111
93 38 20048686.577547453
93 40 59328984.28354642
93 44 12240852.095048493
93 45 21944486.676989745
93 49 55142736.44276271
93 50 19698631.88565339
93 51 89574037.75673594
93 52 7503835.007103351
93 54 53383946.75500116
93 56 12202546.006666036
93 58 54796843.80045308
93 59 492295.5935357234
93 61 3509376.415584714
93 64 574990.4990609648
93 65 38045674.24976034
93 66 23730809.11899996
93 67 28910367.171291873
93 68 17207357.682037827
93 70 261653.11658323038
93 71 16353809.21944648
93 72 28409952.79627985
93 73 1634340.3814501024
93 74 48754326.30545511
93 75 17562852.966809276
93 76 11720782.504123727
93 77 11050801.298485955
93 79 30311876.129906517
93 80 23047312.660218216
93 83 1452588.4980217
93 84 20384242.089990404
93 86 3224813.5897175265
93 87 1073175.8968168825
93 89 48367773.537060335
93 91 18380573.468590915
93 94 59100584.060285464
93 96 4244455.279543729
93 101 16919407.485464625
93 102 24460400.791374933
93 105 1858176.1898622487
93 106 48816236.80588013
93 107 240952.52148890906
93 109 571498.0035290936
93 110 9432919.8392221
93 112 2343129.125235252
93 113 4020754.332820389
93 114 5560103.67872964
93 115 27513679.81902566
93 116 9711066.571379768
93 117 25026611.00238303
93 118 13217208.924346207
93 119 2668373.761366576
93 120 798634.4233349703
93 122 10314791.191954695
93 125 31474785.32964899
93 126 43041919.94687507
93 129 8708877.76332775
93 130 2946437.5775621757
93 131 18115562.872386344
93 133 33582880.399771184
93 134 4859943.563560562
93 135 2293689.951301272
93 137 340247.71828943974
93 138 55733690.844601505
93 141 2708915.741496456
93 142 26183522.123143464
93 143 265920.7329191428
93 145 5913551.6607491905
93 146 794041.7212491798
93 147 1247414.4665394644
93 149 1647486.9716102765
93 150 6983806.28502961
93 152 16840165.119405914
93 153 2788708.00745676
93 154 42873336.426970445
93 157 3451005.2449168614
94 0 13283616.040117873
94 1 5674557.558580197
94 4 128611849.68886556
94 6 840009576.2014486
94 7 1395774734.7451584
94 8 51281548.15289005
94 10 199712745.71759066
94 11 21724747.102878124
94 12 21004535.58339142
94 13 91269438.1929347
94 14 1104919091.9444528
94 16 3282271.4813415087
94 19 464501180.4514403
94 20 6132350.105661808
94 21 155069034.88020766
94 22 340396.11641834513
94 23 1977307.2505848857
94 24 29307293.95228348
94 25 3733424.996985365
94 26 3472696035.191825
94 27 144504.01460934675
94 30 309001126.03216237
94 31 1100916068.8513706
94 32 129263973.52447459
94 35 19224705.5083761
94 37 169176658.99509498
94 38 35140017.94307408
94 40 1339184303.9265716
94 42 915663.9757081982
94 43 32260763.354450516
94 44 10482964.66123778
94 45 553535976.3372365
94 46 83375688.88186388
94 49 346515209.2165556
94 50 136459642.1148844
94 51 53422106.33599155
94 52 6662646.052211609
94 53 4169047.752379496
94 54 900839371.6269782
94 56 676848803.1725031
94 57 2018743.554479947
94 58 67640809.23016985
94 59 2017097.2980667853
94 61 3794937.841164159
94 63 31432943.186765153
94 64 5322413248.475081
94 65 336134529.7301729
94 66 7083095.824770764
94 67 437907758.1677576
94 68 877365265.5178204
94 69 426484106.1425437
94 70 1228395309.2979045
94 71 40517398.17061151
94 72 2489818453.4223094
94 73 20091312.41041152
94 74 2015598183.6275556
94 75 1824940.983568492
94 76 198316346.75614828
94 77 36181252.679773234
94 79 1451056486.7518194
94 80 107909636.96555306
94 83 759544.4508967351
94 84 41539984.12664945
94 86 22554195.325314417
94 87 12927618.167792486
94 88 2053565.4730137563
94 89 1449748566.2885172
94 91 2055120.674279931
94 93 18595576.926235076
94 95 3281451.200411539
94 96 26789563.102736652
94 97 6186578.310152471
94 98 6517208.790583053
94 101 3688917473.181243
94 102 111413474.88225473
94 103 30719987.298054766
94 104 10892473.074265704
94 105 664581676.7669836
94 106 185634035.46834195
94 107 11101444.40662016
94 109 18732530.33384279
94 110 35865945.11964175
94 111 29436686.94741139
94 112 31733912.32215423
94 113 351818796.17314565
94 114 671063201.4441686
94 115 688429668.320573
94 116 811385.1678680215
94 117 726506664.4750439
94 118 2553929861.6696944
94 119 1866742.9285661052
94 120 547767.7821088046
94 121 360919.8470487084
94 123 167911.30547101962
94 125 464870880.574695
94 126 67837487.5122238
94 129 7257072493.1006365
94 130 185749537.85233197
94 131 15161911.780211302
94 133 12802823118.288319
94 134 62829401.96569812
94 135 4627857.293656869
94 136 1066379.1169062287
94 137 126112561.81727965
94 138 3652101778.7196865
94 141 33550156.079212103
94 142 1312634849.3959272
94 143 178917.78884389446
94 145 4502261.101503327
94 146 181174791.48756582
94 147 1039401490.3907914
94 149 125993986.95061108
94 150 177199293.2772394
94 152 644453669.0279459
94 153 18869382.07891666
94 154 22292269.088815637
94 157 564017370.2412199
94 160 34375860.31800761
94 161 7460343.240738652
95 1 4400910.680391551
95 6 25421104.416637544
95 7 32043494.032369714
95 11 18242871.004432578
95 12 1912449.6630740596
95 14 11959743.651841061
95 16 2951909.357991585
95 19 1303129.48964269
95 20 1455818.3311747804
95 21 47616434.46967058
95 25 13936815.818842923
95 26 15208033.405407745
95 31 15108762.845290074
95 32 3442640.9832691923
95 35 13405740.601866333
95 37 56306192.422441505
95 40 1523639.1010926517
95 44 1594892.9719594421
95 46 6018151.851203327
95 51 2752182.3758071023
95 54 39477263.93027663
95 56 19949827.92418249
95 57 53090.870367071475
95 65 936644.5232152304
95 67 30573450.821001936
95 68 1119859.1045268108
95 71 36300718.440379106
95 72 32428949.467246287
95 74 11568467.462388325
95 77 9248526.727055
95 79 6899408.185451603
95 84 19970223.742747936
95 89 12921763.455262177
95 94 368748.5560239841
95 98 131110.5270223446
95 101 5777501.778162627
95 102 4278205.0248439945
95 105 12498779.186788224
95 106 22561651.839911323
95 109 844151.9125615087
95 112 14223312.833643626
95 114 5555664.671239633
95 115 5122768.5194180645
95 118 15967986.620828945
95 119 4919617.631365238
95 120 3835407.048971422
95 125 37598293.76605806
95 126 8635648.506009938
95 129 1663185.4468471
95 130 2357167.058008772
95 131 20781642.84176964
95 133 14159993.628511252
95 134 731949.7666007436
95 137 7323079.799019887
95 138 33561759.58224857
95 142 24399012.534281313
95 143 295424.2201070501
95 146 22083550.614744056
95 147 31783106.50367878
95 150 16605803.740044875
95 152 23579163.46309271
95 154 118606.91724127815
95 160 1212899.699429917
96 4 20499108.122599598
96 6 12365572.546815982
96 7 2711926.9177356274
96 10 11108241.631906305
96 13 58479478.88418272
96 14 1209611.4214404244
96 16 14841.958983169718
96 21 23924043.3850504
96 22 4915745.085822552
96 26 537516.3750152395
96 32 385892.67283769336
96 37 3004242.6013295683
96 40 13960715.224750422
96 43 5254757.194263861
96 51 10675640.41419546
96 54 29843087.154102456
96 64 29436055.173712708
96 67 4351376.544751369
96 68 18053238.651111208
96 70 1882695.8195996496
96 71 18129162.586423613
96 72 9049889.97168161
96 73 7581780.830634104
96 74 1113938.3727322787
96 89 11890688.031818537
96 93 7873590.783299781
96 94 2092492.2811481368
96 95 10757223.136033515
96 97 14000093.521811612
96 101 21463028.080963206
96 102 16198400.172612676
96 105 929926.4326206376
96 112 4550364.280560763
96 115 2319740.9116276014
96 117 112033.06873183025
96 122 4722990.458928044
96 125 2808837.1109849126
96 130 6863801.5926648155
96 131 96581.85453068261
96 133 870617.2720902028
96 137 26272572.741174653
96 138 41903546.28396209
96 141 1367715.4107773984
96 142 9547780.010943282
96 143 5903913.6100494005
96 146 50055234.29148021
96 147 13521763.929389268
96 149 324171.12444538245
96 150 7884244.521013086
96 152 17831673.304542504
96 154 1092082.0425107796
97 0 10809691.95340747
97 1 105791520.25407904
97 4 131331993.7067824
97 6 79060976.1806838
97 7 122395164.12932165
97 8 37370978.832149744
97 10 1567316.8385726025
97 11 81687308.48514803
97 12 2419903.637159936
97 13 33647436.077018
97 14 8173074.253963241
97 15 8304564.248526804
97 16 16586523.420655018
97 19 498231429.1348776
97 20 28476066.06933509
97 21 189072885.4653425
97 22 3073773.5829991647
97 23 3494063.9730168474
97 26 1030958739.6468074
97 31 27681164.317638006
97 35 20663947.44352719
97 37 145176221.0745401
97 38 20108179.96671798
97 40 349656741.20106584
97 42 2276522.1855248245
97 43 20140838.590601794
97 44 20965815.91438338
97 45 51589234.294943765
97 46 1380058.4405987405
97 49 183950318.04667622
97 50 27828217.196918905
97 51 29443706.390601344
97 52 9053433.496330906
97 53 3229655.511960189
97 54 126869858.45875832
97 56 147677400.5181044
97 57 1782990.4754878718
97 58 45539887.66232824
97 59 5816483.9130829
97 63 18125098.52113
97 64 94639650.27997662
97 65 25351037.974789284
97 66 8304068.571138786
97 67 77042460.41084093
97 68 78945959.37046026
97 70 159761749.30967972
97 71 214582561.0291165
97 72 106759314.60175665
97 73 22576861.84592928
97 74 40922295.49278066
97 76 14005487.036443148
97 77 87708291.34228337
97 79 304770356.69701385
97 80 33107838.573408216
97 84 63499146.55738
97 86 35759961.367414504
97 87 7099104.753743028
97 88 15251475.843012895
97 89 143208659.74986598
97 90 4023637.2584306253
97 91 3214305.1080396
97 93 19998272.86862065
97 94 28710530.829840638
97 95 1679298.9305038345
97 98 6693535.888279006
97 101 251669353.03172252
97 102 49583521.03303931
97 103 22075658.626286022
97 105 106304741.50263147
97 106 24192273.28089653
97 107 135701791.70277467
97 109 39351458.96414263
97 110 17769935.58082933
97 111 10361962.93722446
97 112 91426616.5794463
97 113 159882986.8143754
97 114 41438479.129294686
97 115 6151029.418743437
97 116 4487859.848583698
97 117 211555713.14523903
97 118 74348485.70137434
97 119 303060.546572742
97 121 1617733.1796784813
97 125 511574219.83352274
97 126 21354725.490107164
97 129 81734120.63330908
97 130 3819459.965529184
97 131 46356518.20540756
97 133 257792426.43697888
97 134 39933345.63028778
97 135 31804168.45298029
97 136 11006926.486095898
97 137 191278812.3204038
97 138 77445316.82813667
97 141 2554624.720077532
97 142 188265093.67968735
97 145 38886807.725777924
97 146 241887872.8192642
97 147 39903808.937915966
97 149 6806165.869123544
97 150 50578048.73032415
97 152 88096142.2379367
97 153 24008608.087862723
97 154 264284391.28142503
97 157 252997145.8339743
97 160 11350979.574622035
97 161 14228678.14753196
98 0 776369.0525842934
98 1 4440151.106593841
98 6 7909374.708017161
98 7 4908514.45726425
98 10 2075894.0008019793
98 11 3713600.78169764
98 12 868745.9116963184
98 13 14306123.105611868
98 14 7293905.6013722215
98 16 12722797.757769601
98 19 6205867.963445917
98 25 1851358.2385729023
98 26 1592978.2371462204
98 31 25757617.854133725
98 32 10010436.291927926
98 37 40546950.33251783
98 40 1411118.6749783938
98 45 2102785.6605123985
98 49 3614933.264511878
98 50 9163171.428070167
98 51 7931644.008098003
98 52 1294813.0169368559
98 54 6087275.406183141
98 56 15341715.964663165
98 58 1059745.187789718
98 65 10110991.587527417
98 67 594330.0122351577
98 68 31944402.40092031
98 70 16859401.253502276
98 71 8248484.577682097
98 72 4610990.16603308
98 73 15120880.452013448
98 74 8262760.048085394
98 75 5353174.164220425
98 77 6564231.199404998
98 79 16008393.18761248
98 83 6136700.984777881
98 84 8417810.038709003
98 87 7373588.747579817
98 88 5260121.142643201
98 89 4367083.636530541
98 93 23205043.60477403
98 97 11202655.159062508
98 101 6011437.922359931
98 102 20129542.127075944
98 105 32795.735794074135
98 114 25405084.89666342
98 115 19505625.117657144
98 117 14557108.857666373
98 118 3424704.3860262823
98 122 2983547.143272745
98 125 3513679.3313433193
98 129 5798174.804541544
98 130 3275649.5368482186
98 131 15931425.713072432
98 133 11832663.789039075
98 134 1700092.0984295558
98 137 7547393.820435529
98 138 5265139.88578658
98 141 1878395.6746528991
98 142 4461700.468944457
98 143 1973174.6840826683
98 145 3265754.849486603
98 146 1069867.243438112
98 147 11111232.75417488
98 150 62190.25930442336
98 152 1906143.4871746444
98 154 20493646.611100983
98 157 4939963.723605272
98 160 9876429.122638907
98 161 3541839.7422392303
99 1 19479957.53489577
99 4 23997292.4208892
99 6 32959639.426404834
99 7 3732700.114039326
99 8 24900307.97572406
99 9 8115271.782131126
99 10 32004395.686821513
99 11 68323920.34981991
99 12 16787875.206089005
99 13 19987933.713309478
99 14 4089231.2705418374
99 15 10790821.918312015
99 19 31377027.63235933
99 20 1581432.9929232907
99 21 11932180.595137205
99 25 8955107.213235881
99 26 6196087.337261038
99 27 497047.37227550475
99 31 84344313.76403275
99 35 28076746.05102104
99 38 24006800.4314862
99 40 16269165.289194426
99 44 32566387.581705704
99 45 56900969.32166895
99 46 63228929.2771903
99 49 37334527.65410626
99 50 6106441.268725641
99 51 27556358.291417137
99 52 3671216.727847852
99 54 14059501.425821384
99 58 31295328.549607933
99 59 10543747.458747078
99 64 195530761.6693222
99 65 393372.3787744788
99 67 28379509.4240036
99 68 33709352.02117981
99 70 12029775.744249566
99 71 43060456.72548287
99 72 68995954.94185072
99 74 2285490.4729650076
99 76 31311012.175153304
99 77 3975280.140766487
99 79 48605707.62240522
99 83 17128511.078730743
99 84 77105464.19130759
99 87 7470922.744390288
99 89 103335070.33333889
99 91 23106193.316114224
99 93 37433248.02812881
99 94 16927342.027733553
99 101 20649711.770718385
99 103 5678010.2185311
99 105 43752104.17030499
99 106 47893585.41759877
99 107 38946465.51523533
99 110 7419444.870865171
99 112 357785.2872137694
99 114 5941795.979791157
99 115 8519952.52595393
99 116 18983367.094688576
99 118 623625.8972475644
99 122 1669122.0211621386
99 124 1037773.9545617573
99 125 12744949.815217445
99 126 18481735.796013545
99 129 14312940.136131223
99 130 10417187.832419302
99 131 153030487.70412943
99 133 4100329.7389102825
99 137 25739430.546797767
99 138 83818004.47503208
99 142 44281291.56226995
99 143 1935428.7959415414
99 145 5796200.096006404
99 146 32238781.269902207
99 147 40251736.65612525
99 149 4391737.107416804
99 150 23900282.557910003
99 152 30195209.25600251
99 154 17911522.30799338
99 157 128175547.21215746
99 160 11475238.530059641
99 161 22964248.43148341
100 1 3192913.508561269
100 4 4305864.177323956
100 7 38296301.0657264
100 8 8574226.134769216
100 11 3764831.019851798
100 14 2085099.5946449854
100 19 9359957.971262153
100 21 331676.377970825
100 23 432919.0665605319
100 25 1210866.6662056816
100 26 17083315.519537345
100 31 2605906.415257148
100 32 3862783.306157143
100 35 8201570.790133296
100 37 15361482.04689383
100 38 44264085.727454185
100 40 938187.4147453567
100 42 262894.798659403
100 44 15216431.864024656
100 49 191907.68390369255
100 50 5522957.850126069
100 51 5452098.655004239
100 52 6735876.440421987
100 54 25714353.843219277
100 56 9784151.383856641
100 58 561590.3104444483
100 64 15315409.195411185
100 65 27869879.623355128
100 67 4148872.730665703
100 68 28261839.18018321
100 70 27310502.90058991
100 72 2721114.6705677765
100 74 7701790.818003355
100 76 5538618.05695452
100 77 5059516.9329232685
100 79 2332033.4921474974
100 80 12479687.133718029
100 84 9212499.005537769
100 89 19813655.105334204
100 93 12946319.344325911
100 94 24317517.846354418
100 101 12687582.108984746
100 102 4987779.4295951165
100 105 3489954.8619144163
100 107 7329490.078427614
100 109 7676414.705717825
100 110 1458757.60701915
100 112 13252023.80653837
100 113 25221354.638657972
100 114 7743378.644149422
100 115 11025880.022660822
100 117 1167613.0416995944
100 118 2397638.4802808547
100 125 14211681.254969167
100 126 535213.5361755037
100 129 17485602.12593458
100 130 12395487.986475736
100 131 1311335.791135327
100 133 46228808.3734271
100 136 10996918.289302763
100 137 9871600.688917175
100 138 22825491.672217343
100 141 5780871.243251547
100 142 13084376.387866205
100 143 489531.99381515296
100 145 13776966.10263542
100 147 14515381.669670654
100 150 6299689.012302165
100 152 7145306.604959738
100 154 4483565.697153459
100 160 20008493.44736424
100 161 3794406.4742504624
101 0 18770458.55431114
101 1 221580888.48726854
101 4 206275117.12122703
101 6 9179437351.103018
101 7 782813238.0007137
101 8 53661820.59743443
101 9 106978122.04679745
101 10 66514523.50607522
101 11 21546194.30270341
101 12 13620874.915629871
101 13 225965220.98213795
101 14 272017478.09676254
101 15 4360039.56354974
101 16 2153533.2327664522
101 18 106510140.52026331
101 19 1092442438.648049
101 20 4832474.122118329
101 21 790146.0449408351
101 22 7326060.18838159
101 23 1139976.2186655318
101 24 3000703.31564356
101 25 7067024.819689934
101 26 3534795094.214004
101 27 726600.3554840371
101 28 790567.2705942959
101 30 1478334148.401447
101 31 1785252409.0822387
101 32 470726008.19841945
101 35 175961234.55090672
101 37 69241789.68634252
101 38 2931782.1617342676
101 40 1486029757.570035
101 42 319379.83356933016
101 43 91220400.5685638
101 44 73903866.5319425
101 45 288960259.88114506
101 46 21263742.96968762
101 49 527017884.2736659
101 50 3594784.53846955
101 51 6618557432.665035
101 52 157903.12070656958
101 53 312681.83411628526
101 54 6487190175.799586
101 56 1018049491.647615
101 57 12610.16711782816
101 58 16558361.766648108
101 59 8516966.766999904
101 61 1971786.7958441088
101 63 63347820.71878259
101 64 1965701461.8336356
101 65 333846044.2257687
101 66 2629188.0079061785
101 67 800316745.3323011
101 68 2235230604.5306816
101 69 179747478.8434713
101 70 2779007940.909209
101 71 183230665.4295569
101 72 2388109355.6267443
101 73 57238466.726225555
101 74 26574058879.359795
101 75 101493354.77161175
101 76 117736789.6150083
101 77 56438062.999062136
101 79 2970209663.406417
101 80 66613179.34858122
101 83 34154427.28724452
101 84 82279288.76899065
101 86 44938518.883347966
101 87 7181913.901298752
101 88 2370177.6800946333
101 89 988630662.4729863
101 90 17017213.899627782
101 91 7719563.644646353
101 93 78867677.72970313
101 94 2405323177.078569
101 95 14545518.223836828
101 96 17134638.353388455
101 97 308749334.14962256
101 98 820409.3047876549
101 102 307019786.3757507
101 103 64111343.19431427
101 104 607715.2358190173
101 105 66886679.368856326
101 106 1485353855.8354127
101 107 124279517.90927738
101 109 41177117.82079235
101 110 58801205.97067783
101 111 61236719.45468021
101 112 64663194.73284341
101 113 1036527177.8566172
101 114 1100913900.011881
101 115 52389530.66955935
101 116 349351606.1905024
101 117 1305460863.7772546
101 118 1347344660.765233
101 119 5433339.045353285
101 120 478037.5998568563
101 121 12785280.686434783
101 122 180642.63494469604
101 123 718695.0896222362
101 125 244924586.50652692
101 126 4191356.554612811
101 127 8124506.004334603
101 129 2532121128.589974
101 130 225078247.341692
101 131 292924030.66907907
101 133 4493132974.939073
101 134 43917399.79533757
101 135 15449767.725110924
101 136 10471586.518171154
101 137 3378754277.655553
101 138 4688280618.510518
101 141 63511762.46274136
101 142 305897632.5105728
101 143 1106214.9762662682
101 145 4224395.795075247
101 146 86635559.8427013
101 147 363154845.46549153
101 149 18483940.351022605
101 150 249405066.89314148
101 152 9857110202.660444
101 153 42808133.25778746
101 154 27755416854.373962
101 157 443818897.17835647
101 160 31483376.840189613
101 161 27056177.499823935
102 0 1810611.3566128956
102 1 82252181.29470551
102 4 36511012.79608339
102 6 27032367.48181934
102 7 3046790.090399537
102 8 44191131.926910125
102 9 64400193.78698344
102 10 40640489.07824079
102 11 31587345.477911863
102 12 14787630.32202233
102 14 326739509.77787834
102 15 6720482.495372488
102 16 394015.14900781144
102 18 20808810.090796158
102 19 335464970.6876797
102 20 3303142.2321347105
102 21 33961004.74267586
102 22 3078438.661639704
102 23 1582929.899473383
102 24 5271238.049330635
102 25 8163790.659939556
102 26 233473241.29635867
102 27 3371385.803486909
102 30 157085730.56837445
102 31 1048148350.0701369
102 32 122399490.78028168
102 35 90656029.47687264
102 37 19358968.19126304
102 38 105735441.91031979
102 40 309554371.8694209
102 42 1849243.0737226447
102 43 61478791.73005146
102 44 217583074.21877682
102 45 30247208.498635795
102 46 21182317.505147137
102 49 24852011.062685642
102 50 11833323.253505474
102 51 456269035.68707305
102 52 44000113.76247241
102 53 260133.27259329494
102 54 261486197.7390891
102 56 427373641.08404565
102 57 4726788.169591058
102 58 44696806.22223635
102 59 16026721.173180047
102 61 6011445.168710294
102 63 8137399.132890935
102 64 938288857.5806644
102 65 10371292.82963396
102 66 8607235.668364417
102 67 13708266.074591143
102 68 224330307.55075634
102 69 236377914.5304491
102 70 101870059.79794554
102 71 171747040.9343103
102 72 308861984.6916713
102 73 161641280.4627167
102 74 305921046.1152831
102 75 100042738.7541771
102 76 33909881.081197105
102 77 247067501.340962
102 79 60733307.26628563
102 80 93251227.35594635
102 83 43544357.888537385
102 84 86385179.22330655
102 86 63322893.967406794
102 87 7086605.229651897
102 88 7414577.938892216
102 89 144560920.6461723
102 90 189433.6926837555
102 91 34514455.88589463
102 93 31995260.451718353
102 94 348768241.4274034
102 95 6937292.215528494
102 97 117795676.87258475
102 98 471121.43686535506
102 101 187674764.22572333
102 103 10050841.19060572
102 104 12086190.8288279
102 105 37120182.875127785
102 106 20942961.676189996
102 107 76802099.04474741
102 109 35790115.75719887
102 110 6853992.06687656
102 111 44831263.35521341
102 112 512372015.4491718
102 113 328621430.3878162
102 114 237227290.03382736
102 115 45692186.77440979
102 116 27222781.880494695
102 117 72995022.37547266
102 118 72167447.46472189
102 119 249965.49298804533
102 120 259650.33166740666
102 121 1357026.8842701542
102 122 2233919.339154247
102 125 668092733.5966696
102 126 13298892.325132776
102 127 2091145.2499905685
102 129 583626476.2264204
102 130 40797350.7173471
102 131 41083765.46892201
102 133 209618174.16442385
102 135 23056319.180372737
102 136 2672897.34427946
102 137 49162485.24822651
102 138 236955916.98571593
102 141 3650948.900107059
102 142 15326390.466736874
102 145 35131806.49581457
102 146 17741473.847356763
102 147 288510418.11805737
102 149 8801175.797001531
102 150 187684618.7373166
102 152 21878131.130874112
102 154 137454344.8020317
102 157 99037599.27830811
102 160 17321884.098627653
102 161 17525843.56400369
103 0 16331003.370902082
103 1 39414923.93618536
103 4 11383503.671296144
103 6 40728580.33476488
103 7 18114572.259253092
103 8 2004220.6155580962
103 12 8325069.382821592
103 14 22450108.896207027
103 19 89398496.45773694
103 20 17231800.47503966
103 21 115077.2746442639
103 22 4770001.169006971
103 25 15662912.153533818
103 26 1875151.125848304
103 30 20436914.04232624
103 31 8217185.208685313
103 35 8881480.41013927
103 37 6271162.908192366
103 38 35493276.62968471
103 40 17615842.58849163
103 42 1071060.4186263417
103 43 31611127.436466068
103 49 56433707.28212606
103 51 332109.1041924019
103 53 1607572.5722667556
103 54 5306774.900725083
103 56 18306973.904493738
103 57 5115564.50977738
103 59 329186.8938770587
103 64 26199493.707692355
103 65 5457761.152299922
103 67 28245779.50759287
103 68 3543800.165492902
103 69 67927573.51838382
103 70 24674298.281621486
103 71 9939110.244482283
103 72 63433033.058535226
103 74 45700069.74580832
103 79 25487004.80621578
103 80 16556510.055136297
103 83 14698631.113999048
103 84 10171535.794799896
103 89 1031858.7389417943
103 93 2320337.986626289
103 94 4924492.946001594
103 95 268950.0944380568
103 97 32968370.47930453
103 98 111753.49143156517
103 101 19264150.813199874
103 102 5301082.165058114
103 104 3793759.5738693313
103 105 8051009.77973432
103 106 26783927.897854857
103 107 15014671.188053356
103 110 11316849.681090241
103 112 18243771.069941625
103 113 18108793.05429795
103 114 2365481.822626817
103 115 2858072.6551269223
103 116 36556646.65150092
103 117 14073024.600155877
103 118 23943236.08190279
103 121 904130.7867782358
103 125 18235301.1611401
103 126 23913112.164553713
103 127 3033139.0468444214
103 129 19066883.33253083
103 130 1237802.1822160773
103 131 13080455.722228315
103 133 9487047.79512028
103 134 29933263.05898263
103 135 7222217.989390362
103 137 5070366.7351222
103 138 46123376.94001668
103 141 8612963.137626203
103 142 4652947.332568516
103 143 5489131.49681743
103 145 6845551.071818118
103 146 4801476.855756843
103 147 25125406.965964478
103 149 1270025.506919395
103 150 19950045.908050664
103 152 14065808.462017912
103 154 12310676.24970511
104 6 263046.41703096323
104 7 144604.2751406198
104 12 567304.6425897924
104 13 3005.880703209823
104 14 9347524.545397535
104 16 3796786.968309694
104 19 579625.5158520641
104 21 588260.7714113084
104 23 1547928.8053018656
104 26 10567302.030978952
104 30 132872.427695266
104 31 4914610.961033351
104 32 2348217.7945348807
104 37 89367.07510144475
104 44 459940.5235889329
104 49 2879979.645575793
104 51 3184266.7589388983
104 53 2103727.3665394145
104 54 1272761.2794299365
104 56 499147.0095834581
104 57 106349.70673343645
104 58 6459961.7460032115
104 64 1950664.0843865804
104 65 2371766.233920993
104 67 5505617.935154734
104 68 2896781.5611544442
104 70 449326.353151814
104 72 642493.9902651991
104 74 2063039.5979873424
104 77 1975955.9788722168
104 79 1117727.1581406211
104 80 51950.18544931463
104 84 4124191.8528929274
104 89 2309821.1700597396
104 93 312439.0117924332
104 94 295568.4087896399
104 97 1632785.72473115
104 101 3710692.544665474
104 105 807937.8698085778
104 106 5470253.237472945
104 112 4375850.597557975
104 113 7624908.5098503735
104 116 1165420.9425045724
104 117 5548058.003680992
104 118 4769837.575058727
104 121 1195957.6163453842
104 122 3545409.490042598
104 126 2930582.458482494
104 129 6067681.586485403
104 130 4526366.741919628
104 131 7352534.51637236
104 133 1900126.0199544684
104 136 1973350.0598022118
104 137 210625.36830577222
104 138 2699408.010195259
104 141 702914.6450162512
104 145 3676207.9528497825
104 146 6772424.061519075
104 147 2428486.054863263
104 149 3965201.2557060528
104 152 986443.9926143421
104 153 2761568.2975295726
104 154 2406780.002199878
104 160 4215688.826155911
105 1 61960546.511387035
105 4 62267141.37783615
105 6 327283696.7428625
105 7 132247563.7670969
105 8 2462203.715521288
105 10 6528223.235093723
105 11 59102958.09385267
105 12 8023470.837299332
105 13 68518153.99929449
105 14 26191593.367273476
105 16 13147441.634837683
105 19 72941816.56252497
105 20 32328890.357853968
105 21 17406462.460697126
105 22 8771201.731957667
105 23 4750007.0253299605
105 24 7374654.764132354
105 25 3046923.311872452
105 26 11913027.200216474
105 27 6432789.435314513
105 31 362864021.2180507
105 32 91210310.68125698
105 35 90492028.00329968
105 37 97195683.60078816
105 38 147917597.87069032
105 40 43077230.1332919
105 43 35683562.98137287
105 44 26868591.44560494
105 45 382347185.2718828
105 46 23667678.21057847
105 49 406738555.0938897
105 50 79939784.23449522
105 51 140005568.29925135
105 52 40137868.61750868
105 54 190155819.49769115
105 56 343502600.7563683
105 57 3463040.3502695877
105 59 3335087.505846272
105 63 26836954.639205113
105 64 49609683.20536005
105 65 263497554.26210332
105 66 3184807.4053285276
105 67 39790642.71972357
105 68 174702352.82206348
105 69 173797056.2600902
105 70 75137116.40974812
105 72 193623717.22421333
105 73 47138832.52050147
105 74 51549020.116651304
105 75 20116818.877456427
105 77 29595053.61619859
105 79 172936066.28208292
105 80 479955024.3124387
105 83 26054603.753530227
105 84 37001096.57357706
105 86 210083797.61400726
105 87 5159194.5043555815
105 88 15321734.441869462
105 89 129659327.1068453
105 90 17502276.905651487
105 94 69965052.71847619
105 95 1272639.5212094802
105 97 28159403.054800704
105 98 1076440.8138431138
105 101 234646367.27454707
105 102 38387972.126518235
105 104 2859857.098542951
105 106 219031029.79330617
105 107 107520761.88690867
105 109 65429291.967196316
105 110 14587660.157714698
105 112 321191466.06812215
105 113 84007250.85828619
105 114 250310052.00911862
105 115 509544904.8007724
105 116 30015951.908466715
105 117 37154448.59239008
105 118 1570566315.0256
105 119 6639449.997824013
105 120 2448201.954157264
105 125 130410058.34466219
105 126 83565668.85281388
105 129 87145935.18487655
105 130 40889829.63136832
105 131 58657511.70087956
105 133 55589007.29054079
105 135 2345861.8286321396
105 136 11023388.515658375
105 137 85018498.53066166
105 138 89372652.73489103
105 142 58746797.35683961
105 146 382024710.68991643
105 147 25125754.02355035
105 149 4564585.246060047
105 150 203274221.94979826
105 152 75223579.63071772
105 154 49515421.80781624
105 157 118865909.21835409
105 161 7412220.440487369
106 0 8868587.809713602
106 1 208711511.7606582
106 4 527961154.7554423
106 6 2482990919.07956
106 7 9110618.184469212
106 8 37022115.80672279
106 9 22109758.69020826
106 10 95896226.20783545
106 11 218401438.34027675
106 12 1008400.1451487441
106 13 120998502.32115
106 14 104560725.09091495
106 15 7583370.661326076
106 16 43253243.32158512
106 18 4485268.485321797
106 19 79410754.83519107
106 20 46833221.08720735
106 21 114849962.63711074
106 22 18208769.17887336
106 23 474142.9019325141
106 24 25565368.155036435
106 25 15515081.290927287
106 26 2003634568.248907
106 27 1810256.9233603247
106 28 4430373.35308091
106 30 52077559.74345812
106 31 345256063.91150796
106 32 246118801.4176095
106 35 157403012.8431468
106 37 33777068.951720886
106 38 73909179.71381702
106 40 311141749.89879686
106 42 437005.3595700735
106 43 1900397.03766708
106 44 51939153.95729605
106 45 41370524.35387822
106 46 56025425.36096732
106 49 1110661510.0975103
106 50 16253054.04168136
106 51 4725032204.169094
106 52 12564334.968628246
106 53 771404.221549048
106 54 4124900114.7448826
106 56 1079884818.5454683
106 57 1195019.501348676
106 58 37720829.592019215
106 59 912042.125569227
106 61 6499594.612691124
106 63 5419659.286016844
106 64 617168342.080189
106 65 218882777.87914458
106 66 63041527.99464444
106 67 1182049652.3239555
106 68 687662549.3337203
106 69 256895555.7472471
106 70 1424764546.3068776
106 71 306023914.16169196
106 72 24762273.160213757
106 73 55286018.55908067
106 74 1993096533.2879322
106 75 5221128.237114667
106 76 35501094.77609877
106 77 37969870.17980549
106 79 84556710.19347456
106 80 64290452.2374436
106 83 13098087.214254826
106 84 119611626.95029217
106 86 27610950.698861487
106 87 2733163.8788041025
106 88 10270960.930088166
106 89 148624342.2657889
106 90 10373713.888065478
106 91 417162.7097985991
106 93 12984561.004661752
106 94 592319556.3443433
106 95 4370592.653340322
106 96 3955877.2714449447
106 97 241837975.21082348
106 98 2815810.73458502
106 101 444478278.3205503
106 102 410778920.7679687
106 103 16533897.956458654
106 104 2113325.8787925537
106 105 18577420.363321967
106 107 98430002.30311331
106 109 12993573.472202033
106 110 3794760.7075650636
106 111 31026740.103136204
106 112 56686499.02417108
106 113 104687923.5890818
106 114 790096703.8274775
106 115 828644190.7799883
106 116 104218159.2510434
106 117 85784237.00320378
106 118 647698160.877512
106 119 292399.4982381249
106 120 2645357.676143031
106 121 1098120.108518891
106 122 3960254.7564066476
106 123 6858107.49975943
106 124 93602.75726384931
106 125 178063695.28753597
106 126 70984090.2563028
106 127 11902113.436768267
106 129 2375127474.3361998
106 130 80065025.52874927
106 131 82204131.82522042
106 133 16602997.3194017
106 134 42726798.2853626
106 135 60235929.4665441
106 136 4662508.329565844
106 137 46644251.90902728
106 138 82072506.36227024
106 141 4102060.5346462415
106 142 376629054.7705211
106 143 8091868.746545442
106 145 33918272.967212066
106 146 859047168.9815018
106 147 1221456166.2895453
106 150 34732516.25726542
106 152 541013013.4024475
106 153 19367709.41161271
106 154 5430034579.762717
106 157 348194764.978772
106 160 13241031.187430426
106 161 36837483.1868554
107 1 171779833.76022288
107 4 329766453.3940072
107 6 836015.9085624868
107 7 572747432.2707521
107 10 45530875.54498275
107 11 49877506.26765601
107 12 2045500.1700294702
107 14 83717757.77194436
107 16 502033.88409303036
107 18 4158597.5088775
107 19 232253354.28083122
107 20 30740536.23374161
107 21 125349512.97480652
107 22 2075619.0647949409
107 23 2521628.051047317
107 24 51693180.43042977
107 25 1901781.0702826935
107 26 278541210.9012117
107 30 127622623.53206295
107 31 76244899.60080379
107 32 55248235.07946794
107 37 36044368.74759647
107 40 100248202.84082516
107 43 22292088.561377067
107 44 55369453.06578163
107 45 161574567.3131054
107 49 802860332.801967
107 50 4615370.57262529
107 51 421215347.0852964
107 52 11928218.919925543
107 53 2237661.387038332
107 54 59032707.20292638
107 56 162843845.49776813
107 58 18733587.510187417
107 59 8700045.234555237
107 63 19198746.73140832
107 64 26426340.203498047
107 65 63067414.2745063
107 66 8101363.25182126
107 67 15719298.865416074
107 68 196007146.90963966
107 70 55837976.704229034
107 71 101446254.11415271
107 72 94117130.6159812
107 73 48975170.98012329
107 74 167315850.23639873
107 75 4399263.366045992
107 76 27284418.637196165
107 77 30700383.70088019
107 79 172403823.05535212
107 83 81068999.80420713
107 84 31473884.51638585
107 88 7391021.683572316
107 89 56840772.293359175
107 93 28354650.471380733
107 94 122520437.10434292
107 96 19772948.993849758
107 97 60604003.720692486
107 98 273896.91375281033
107 101 82611308.67891225
107 103 106422289.02828142
107 105 77852658.85456893
107 106 332704916.7584788
107 110 31228669.694786087
107 111 26687901.694957703
107 112 148360294.3163472
107 114 520158607.6232902
107 115 11403951.491937798
107 116 49654084.66695479
107 117 82689274.19970678
107 118 3743151.411317905
107 119 4747307.5009538485
107 125 271304941.40030056
107 126 13525832.634446789
107 127 19495502.091651432
107 129 473520605.61533403
107 130 24881435.75703279
107 131 64159915.59841941
107 133 314895622.0864957
107 134 135249944.2287287
107 135 19138518.491345823
107 136 216964.25914608923
107 137 41222295.165630825
107 138 99617615.20756814
107 142 104185892.99339028
107 143 443295.0943563493
107 145 90736847.15677021
107 146 144737457.82076907
107 147 225519208.21906528
107 149 2993748.1421809644
107 150 459390033.81684256
107 152 602590781.0263213
107 153 46021767.38190894
107 154 137734813.5258237
107 157 137484855.76801732
107 160 25886734.51964274
107 161 28884399.84924925
108 0 43331604.96807426
108 1 2550458.9173159003
108 4 7530263.529101726
108 6 115851335.53643304
108 7 35876900.97680553
108 8 10716482.021767594
108 9 42423348.21964743
108 10 87827687.74857795
108 11 156126869.77141201
108 12 12431157.568296952
108 13 28538721.584158897
108 14 217179931.82649833
108 15 3444696.779302837
108 16 6010620.858418051
108 18 55794778.07964703
108 19 34868585.851486236
108 20 9041299.051051693
108 21 8178740.3657630915
108 22 428057.05679328105
108 23 2148550.5024784626
108 24 17758067.49182805
108 25 8274039.392340324
108 26 26380750.521888513
108 28 7772537.98963555
108 30 106896869.04169144
108 31 41223100.625396505
108 32 123388641.86419176
108 35 71729678.88518591
108 37 312018424.7834684
108 38 107535176.03094682
108 40 97255896.79835695
108 42 6166151.049331176
108 43 1311485.3873275006
108 44 612023.645800593
108 45 299090771.04876494
108 46 42190270.85191849
108 49 16464577.012147166
108 50 60460535.71188375
108 51 191300910.43599656
108 52 5386768.93273652
108 53 1733592.9587290527
108 54 242523426.75540474
108 56 550769167.3281677
108 57 30122.172341278547
108 58 24644902.281208992
108 59 9567301.632847624
108 61 7735351.602977222
108 63 6155859.107753806
108 64 227220879.74250117
108 65 344803253.59609354
108 66 2110902.453735381
108 67 137061457.99177247
108 68 71541652.61033697
108 69 123870172.08874896
108 70 390779389.87904614
108 71 13046444.190181717
108 72 120994343.35183287
108 73 34129953.1463705
108 74 31212303.97273031
108 75 6106297.120925741
108 76 60874045.92134123
108 77 94490890.4056731
108 79 354583296.13191533
108 80 202511438.14445448
108 83 68185179.16941781
108 84 2502895.651439167
108 86 39465352.41350004
108 87 5132970.765541959
108 88 361997.13117667695
108 89 32609301.803610463
108 90 10675118.062160896
108 91 4895010.352226959
108 93 3681139.243833674
108 94 299179929.27478564
108 95 14902138.349464908
108 96 23013333.670683485
108 97 162932941.93915555
108 98 7111033.427484552
108 101 437541175.4511212
108 102 241451727.11254317
108 103 18132158.505934156
108 104 4704609.493490393
108 105 50362783.01447613
108 106 814774459.5523394
108 107 11729301.088501228
108 109 124296524.84790386
108 110 53320086.72440049
108 112 48211441.838293
108 113 198655086.7228532
108 114 974664781.6496707
108 115 349914652.95412695
108 116 12059164.577605635
108 117 157028608.86846617
108 118 73181773.49619342
108 119 5164655.385254445
108 120 6428648.936009641
108 121 1109070.9321158445
108 122 1178586.4941077088
108 123 1492576.2834526356
108 124 810839.06803801
108 125 5657015.343039526
108 126 35636914.945452005
108 127 3111986.955395595
108 129 44802697.52403725
108 130 142035301.9054238
108 131 32249321.26751487
108 133 636980292.6449784
108 134 383148885.545764
108 135 7944453.394869556
108 136 329526.95450391155
108 137 29055270.015509076
108 138 374157119.00056726
108 141 15295871.846992837
108 142 306695694.0096631
108 143 6085436.206173222
108 145 2262997.17753002
108 146 23769005.997148547
108 147 88357019.48298797
108 149 8571294.335323416
108 150 64540731.7164169
108 152 158642207.195105
108 153 3551757.8108116244
108 154 21773919.902690034
108 157 73851523.13035129
108 160 62634151.825008504
108 161 2746367.372502413
109 0 8518716.273707945
109 1 1355991.708777713
109 4 50839191.85906545
109 6 31351801.1656456
109 7 14764857.199141037
109 8 341796.17081287043
109 9 19487346.55684008
109 10 29385578.429815568
109 11 27069060.715252057
109 13 6658829.692686992
109 14 36604174.011829145
109 16 1178017.622499578
109 19 7098233.985623969
109 21 58812999.88282241
109 22 210314.85045127623
109 23 879237.6051549966
109 25 59686.75020390136
109 26 57995724.614237905
109 27 1509894.5370472113
109 30 1556258.985645375
109 31 3006564.5600747257
109 32 44139928.062327325
109 35 43830274.9250682
109 37 9410857.549895903
109 38 29671064.53122727
109 40 107966766.49901386
109 43 7349032.044998594
109 44 22922902.97514182
109 45 11230283.725673353
109 46 2843296.724090128
109 49 142929.7172784377
109 51 26505992.724499788
109 52 13465502.986929912
109 53 468771.89190732513
109 54 51059211.49587468
109 56 8518203.960381566
109 57 661629.0711903579
109 58 5068375.248324022
109 59 7995537.481466141
109 63 27869659.86335153
109 64 4745132.373741638
109 65 46212071.37746605
109 66 3824717.4085040586
109 67 49933634.07359607
109 68 134829616.29150003
109 69 15636984.936006907
109 70 42245315.11564474
109 71 16660252.132890353
109 72 73251687.36540839
109 73 56189483.96561899
109 74 77070548.66233626
109 75 22672154.814121827
109 76 15951953.096967675
109 79 136586667.06290984
109 80 45232805.773398325
109 83 2906757.622194101
109 84 43260360.54492361
109 86 2438170.8228994147
109 87 30514668.771402255
109 88 1041768.5983457542
109 89 8440492.858185157
109 91 6175856.069325648
109 94 69178373.96802345
109 95 583840.2499780076
109 97 34046257.1910765
109 101 60450906.39929715
109 102 18981956.30980631
109 103 3376504.9451610222
109 104 1972642.0046836168
109 105 27743824.633997377
109 106 34076780.09087903
109 107 118242336.20881513
109 112 1776679.8552163544
109 113 1542655.9863371444
109 114 57548657.856378414
109 115 39494803.15956278
109 117 4961143.1312472755
109 118 8683670.334297147
109 119 4239460.738984391
109 120 6312572.23985068
109 122 280533.7601026689
109 125 5740982.997017013
109 126 24937820.178175382
109 127 937152.6552425748
109 129 108261670.01943778
109 130 25958383.4368776
109 131 20926712.453518927
109 133 16084114.90881096
109 134 40667151.85116912
109 135 20745072.44706331
109 137 117446718.83752604
109 138 6306155.539998464
109 141 5383218.64512668
109 142 21799834.93834687
109 143 4041336.1285440093
109 145 6289621.592250443
109 147 70536026.31396002
109 149 5228575.4412968615
109 150 10405273.037248706
109 152 10011233.049513105
109 153 2427245.3865645737
109 154 54493234.849851035
109 157 62166885.41362826
109 160 1029211.5396630662
109 161 4936712.342025256
110 6 107946759.31488709
110 7 2516256.996535595
110 8 44845.00808911795
110 10 40704152.92950995
110 11 30638420.002980616
110 14 3947201.2785909856
110 19 40592729.49572299
110 21 5533644.38318274
110 22 23657130.11205772
110 26 77189469.96772152
110 30 82055674.98124258
110 31 11681681.18246305
110 32 11499025.155105527
110 35 22218111.356756255
110 37 21628737.40675922
110 38 1068623.9705975258
110 40 5579174.155702889
110 44 11530846.641884997
110 45 46381125.11227442
110 51 13547566.569822371
110 54 87675154.07740356
110 56 15922998.322781164
110 58 3021940.007519313
110 63 10866802.420761101
110 64 3553169.434829836
110 65 87858098.79228158
110 66 8675198.440211236
110 67 10739855.580589505
110 68 14320191.907617304
110 70 52015727.36499104
110 72 50874415.278560705
110 74 23417158.93162113
110 76 1701074.7865292528
110 79 47488242.152041085
110 83 8320012.747066772
110 84 9520814.05694471
110 86 7656435.724591228
110 88 13076927.552770007
110 93 2873449.774040538
110 94 46984851.54809824
110 95 8365624.7438783115
110 101 19591796.959502615
110 102 17138861.419012308
110 105 31326568.396506246
110 106 26028940.612982046
110 107 3191379.267195936
110 112 53765928.89187097
110 113 1708873.4805170943
110 114 54377623.58224092
110 115 52205162.14315349
110 117 26306038.613137
110 118 31616980.969402146
110 129 22764851.58433474
110 130 24653868.191742416
110 131 22447438.581180405
110 133 20509138.084424578
110 135 15400422.477330148
110 137 42932477.49559995
110 138 2440561.3546842895
110 142 2652327.6288719526
110 143 370526.28857055807
110 145 24600994.372021053
110 147 41795858.28380305
110 150 13968292.511565309
110 152 2258173.4366391483
110 153 11214843.172429318
110 154 27025640.962884042
111 1 826312.9314216399
111 4 3139871.0295930784
111 6 76725129.20491068
111 7 3098066.2751166746
111 10 19653937.8803525
111 11 15125345.982703544
111 12 18692777.108416412
111 14 7708576.515105081
111 16 23644494.16013736
111 18 2509363.366699956
111 19 26665302.324846186
111 20 20519745.240493417
111 22 3584524.6361061255
111 25 52185779.96424009
111 26 26393321.41792937
111 31 11250741.787137562
111 32 64169701.043174684
111 35 14177301.866309166
111 37 5805091.11236377
111 38 18750393.25792597
111 40 16678333.401718065
111 45 4811028.099031146
111 49 6436552.2378644245
111 51 26041787.833467256
111 52 3878255.888231424
111 53 623471.8439477558
111 54 5515918.801696414
111 56 28110691.406267248
111 58 19283700.513520744
111 64 10633772.213839803
111 65 23554280.684926238
111 67 2217400.346746607
111 70 16719633.83504203
111 72 27220340.36624632
111 73 12961777.240734657
111 74 5311903.299392811
111 79 8639360.579037296
111 84 616943.2124353943
111 86 21098850.65168606
111 87 11589868.423569772
111 88 7025803.349200604
111 89 6630385.345631929
111 91 2263506.0483559114
111 93 517917.50346685573
111 94 10669493.04265932
111 97 41044298.161933675
111 101 23390419.26361399
111 102 28915854.043814026
111 103 15662706.440696
111 105 13632185.43651149
111 106 51599380.118725024
111 107 5253653.696810993
111 109 13804366.508149344
111 110 3546256.4485781244
111 112 43069470.31687866
111 114 7263394.673883039
111 115 30293629.806268364
111 116 11239019.290281694
111 118 9072074.01011722
111 121 8270352.905358899
111 125 10888830.873584133
111 129 70351469.06495634
111 130 5100918.690736609
111 131 38892659.96137213
111 133 15830834.633738335
111 134 18890811.458620958
111 136 1938357.511751008
111 138 4507264.648261561
111 141 1533566.304715218
111 142 86232391.35030377
111 146 19550350.733651116
111 147 3151071.474764049
111 150 7811650.431461642
111 152 3345054.9542982094
111 154 21085984.699457232
112 1 14921136.2423393
112 4 223971436.5748235
112 6 169256396.39774245
112 7 189049517.8356304
112 10 12473691.686949579
112 11 112072152.38483328
112 12 44751742.55624379
112 13 26164417.395526405
112 14 136554023.02889574
112 18 9692575.742444063
112 19 37370422.52197031
112 20 16663883.286446737
112 21 143189493.02093956
112 22 10415616.648645641
112 23 1358210.1788949762
112 24 1689538.466076153
112 25 9938232.510257488
112 26 92565783.18874042
112 27 4200866.558737393
112 30 4081705.649923748
112 31 37563568.12304081
112 32 6285326.714422748
112 35 40805535.66869559
112 37 170400534.42661726
112 38 11719414.999058789
112 40 258715633.4232611
112 42 426774.0403550041
112 43 28605536.891650915
112 45 7937717.669080056
112 46 104124003.59190682
112 49 52673011.27431356
112 50 11153281.67944679
112 51 189482508.36817905
112 52 11252693.134993868
112 53 1926227.7412835285
112 54 87828739.01035564
112 56 10290515.900136238
112 57 2178380.1249030163
112 58 2830023.873241914
112 59 4794943.602123948
112 61 1398791.52832867
112 63 175717224.87316874
112 64 35436579.1521947
112 65 71916040.56265305
112 66 15218809.497474408
112 67 145832790.8356323
112 68 353715550.53438854
112 70 172975203.76972768
112 71 53434600.57919521
112 72 2892377.5038215034
112 73 4400740.836914622
112 74 146305816.7821733
112 75 38341046.44525495
112 76 12005747.044583652
112 77 14481714.577865623
112 79 87063065.0494795
112 80 12667615.732058285
112 83 52702151.860927045
112 84 30348061.40250488
112 86 39924908.15124459
112 87 3435572.527778072
112 88 1079950.3957152562
112 89 26750860.065707512
112 91 556548.424939046
112 93 19133312.66413411
112 94 56505201.86111275
112 95 2375549.984701458
112 96 1853803.685232462
112 97 65853864.99304016
112 98 1159496.4207047601
112 101 64969193.39393492
112 102 195650373.3985283
112 105 9947614.355482144
112 106 11324839.04525975
112 107 64805588.780353904
112 109 1986881.8364712147
112 110 5296102.066106674
112 113 88564714.08321905
112 114 40618796.53335246
112 115 25408947.088961303
112 116 32502873.979011413
112 117 5119599.521345327
112 118 37697234.71977408
112 119 1417294.5464528552
112 121 2609921.0833004615
112 122 2270378.4080361575
112 125 665399.7286434338
112 126 6889597.899251269
112 129 200242059.74856225
112 131 329029.64193053637
112 133 24830605.890335537
112 134 38857731.505032316
112 135 115744.58199636829
112 137 68507924.5208181
112 138 73094076.13503836
112 141 16390718.060807312
112 142 50763209.396107405
112 143 4456079.513204812
112 145 57941619.757043935
112 146 67655671.11642678
112 147 50123477.28332851
112 149 20565295.328187324
112 150 18759587.600781564
112 152 17979439.65841407
112 153 2598332.8797288802
112 154 155884532.31009158
112 157 303824409.5755603
112 160 20427003.196504112
112 161 34895503.27571516
113 0 26959735.674554463
113 1 96849339.25244425
113 4 179758582.9155557
113 6 3938770286.432526
113 7 161084746.5544998
113 9 69235672.06299596
113 10 10305636.06485676
113 11 409624400.16270185
113 12 14430064.899302498
113 13 258640041.38429505
113 14 615668276.6420823
113 15 1608321.6634540965
113 16 1484028.4938269695
113 19 1249766873.392324
113 21 46946221.86713531
113 22 4848145.756833819
113 24 3644143.18741188
113 25 24876915.088584397
113 26 1623521960.2937083
113 30 28297181.077648986
113 32 176524767.6851759
113 35 492631113.5863533
113 37 38241139.31285159
113 38 71525146.74691059
113 40 365984635.4811012
113 42 406702.8874215695
113 43 1306646.065255249
113 44 69775620.82056879
113 45 141866790.21918863
113 49 108215567.72656338
113 50 1248467.808399
113 51 889208811.6429144
113 52 8237923.832533286
113 53 5877984.276121924
113 54 1835958180.5401049
113 56 348405993.889297
113 57 801061.915240879
113 58 57658080.18393592
113 59 18799779.202624187
113 63 114597485.86305563
113 64 740815423.2007378
113 65 226779156.53345266
113 66 12927341.429494726
113 67 257056411.98522976
113 68 686382800.9257132
113 70 1055410692.6968112
113 71 348774567.2536215
113 72 599221541.5726726
113 73 16121078.949290207
113 74 636328769.2261529
113 75 67030453.96759386
113 76 113143238.85410728
113 77 189231.18523443502
113 79 50051831.99898664
113 80 26735674.93190034
113 83 80081046.95957479
113 84 96621541.10513327
113 86 349827977.48067975
113 87 7829777.554456799
113 88 2390166.179667291
113 89 117144488.03877445
113 90 5818101.7070661
113 91 25448563.936131965
113 93 29275210.471229404
113 94 486439227.37749815
113 95 6797541.424224777
113 96 6895347.096351051
113 97 100205389.69321041
113 98 10448458.17243895
113 101 2524698103.1526923
113 102 211199223.64563915
113 103 85844933.80521266
113 104 4025195.3322876617
113 105 10859768.17299692
113 106 203874006.08868566
113 107 71869902.02245565
113 109 19642519.912716564
113 110 22554291.153393697
113 112 208935108.1092211
113 114 370820028.8651104
113 115 261856398.61142066
113 116 185427157.35748878
113 117 421281624.7276562
113 118 1626506171.616211
113 119 3971904.202911732
113 120 1597589.2494885384
113 122 2555112.4265903607
113 125 89689648.53077759
113 126 992188.9940284987
113 127 3336383.569290509
113 129 254222142.5533184
113 130 137880748.94208273
113 131 14020196.203312082
113 133 53957778.14303984
113 134 37677119.5147805
113 135 31852280.672003873
113 136 21907937.29857729
113 137 903877702.3176455
113 138 459723284.7298198
113 141 52193184.352914296
113 142 288705913.39132226
113 143 3254000.2224144787
113 145 4764818.139790229
113 146 59431600.00758927
113 147 812885915.9800346
113 149 2785479.210522082
113 150 265445203.80322134
113 152 1758526212.2429729
113 153 40526126.5413903
113 154 837965083.344136
113 157 161462121.72020593
113 160 1808692.9797215115
113 161 15248188.668159695
114 0 22778649.43230195
114 1 123795432.19892643
114 4 744878208.5453205
114 6 1075043262.4734652
114 7 283103091.1301813
114 8 1737819.5293716907
114 10 12014282.342963422
114 11 160596458.24984118
114 12 529489.8237078
114 13 66341605.60646903
114 14 70607364.54185465
114 15 2387160.19783677
114 16 12233798.551210687
114 18 2865323.557794072
114 19 490046372.33883977
114 21 15405554.687411726
114 22 95509.57532883863
114 23 1413974.7880722396
114 24 27744804.563095853
114 25 896284.5436045752
114 26 431475473.6109021
114 28 150508.927360074
114 30 89807631.00137456
114 31 83349337.96180551
114 32 157812908.87179422
114 35 4734960.866939239
114 37 210816067.12316942
114 38 12520631.495794108
114 40 392471430.7329509
114 42 507259.4796118657
114 44 47844502.57061243
114 45 316061681.67148507
114 46 71647821.8289613
114 49 863141954.8973439
114 51 1417968605.5643654
114 52 38999093.00848473
114 53 307103.32333986653
114 54 83659788.64858131
114 56 18912138.04229077
114 58 172026642.22367594
114 59 27014845.500197683
114 61 1828758.2476387226
114 63 7971247.261545832
114 64 737869855.6050582
114 65 428867015.8970632
114 66 38338854.87410924
114 67 161604113.8436024
114 68 730745490.5246516
114 69 39914702.46784812
114 70 396618119.6707686
114 71 336244329.25582665
114 72 307519520.4415373
114 73 20256214.17731349
114 74 2567514576.307404
114 75 19740762.840104837
114 76 216777574.76661775
114 77 27374591.380614173
114 79 59575725.30459513
114 80 71653825.97013439
114 83 54732325.80145014
114 84 58620047.80196427
114 86 258938514.0211416
114 87 3911394.2280244897
114 88 15027159.911522934
114 89 469259310.75106627
114 90 13286868.843531992
114 91 23183086.235225458
114 93 5958314.134389145
114 94 1318683739.5095334
114 95 13320309.403997859
114 97 158660332.7298389
114 98 1313706.8112345785
114 101 685912242.4720032
114 102 259942003.86493477
114 103 1062573.2631448829
114 104 2557927.880786441
114 105 135331488.7133558
114 106 246162957.63905632
114 107 25631735.21846246
114 109 21713193.391775116
114 110 3160785.797683825
114 111 51484717.76149456
114 112 96510519.94220865
114 113 708262114.2930412
114 115 664887823.490617
114 116 43491877.034846924
114 117 83323002.90785076
114 118 1178057121.3601336
114 119 4290208.626895705
114 120 2747023.1636918313
114 121 6930254.842705623
114 122 973293.7949903047
114 123 505706.63981432066
114 125 70015284.23007485
114 126 6666677.014309743
114 127 4017141.226750408
114 129 1779096201.813629
114 130 76637031.9770793
114 131 129272336.04944855
114 133 2044453263.3648207
114 134 30185217.804206885
114 135 9753164.260413669
114 136 4577606.529566178
114 137 2856092.223493964
114 138 894843786.9627916
114 141 74031068.60182054
114 142 177191221.24898982
114 145 185214765.37170106
114 146 179007106.7175012
114 147 774739544.2482404
114 149 7859208.500371745
114 150 216474294.03502655
114 152 1789213724.3226116
114 153 14099906.030610604
114 154 841461694.6530925
114 157 202650227.76258636
114 160 9657880.15804787
114 161 22973173.72919415
115 0 34455976.933448926
115 1 94501549.61078788
115 4 528575034.1521947
115 6 236586607.9195501
115 7 1378626735.1529737
115 8 37253820.17376154
115 10 128998154.03159669
115 11 115637.75238442031
115 12 1777027.3885055962
115 13 9373285.017808635
115 14 232819995.19650206
115 15 7875612.3510188665
115 16 1107310.96628149
115 18 32795968.027089126
115 19 347056265.3829473
115 20 59749994.75128407
115 21 86171383.84703502
115 22 900602.6377133518
115 23 4878990.700680977
115 24 30255400.145807583
115 25 13479029.106232854
115 26 961157158.8161372
115 27 5057957.233103709
115 28 292750.09558961436
115 30 44458425.75892142
115 31 54873354.38014615
115 32 31118611.275215358
115 35 7328912.072240563
115 37 40737328.55189314
115 38 18690586.323462747
115 40 88211890.7756721
115 42 642272.6250791309
115 43 14064911.287103875
115 44 53918588.70721817
115 45 209323027.5989889
115 46 46201263.50621427
115 49 66124973.59221535
115 50 4264970.897730748
115 51 113027228.64239213
115 52 3865551.650679302
115 53 1415820.6252501807
115 54 42500228.81553216
115 56 200151588.94531703
115 57 1508317.0789276187
115 58 66386398.30864903
115 59 3514149.4679047177
115 61 7923430.503901449
115 63 4576227.845361313
115 64 1134676928.493408
115 65 1711046337.3752139
115 66 32981574.523781743
115 67 549000264.1863407
115 68 125487350.96197863
115 69 291351418.233291
115 70 1196629351.1729114
115 71 530273211.31178975
115 72 356734858.2197718
115 73 3318552.38267822
115 74 1165232490.777902
115 75 6588251.747043601
115 76 65668391.79610263
115 77 11812469.65817241
115 79 997613723.1310681
115 80 5062872.179528886
115 83 27749070.607176743
115 84 2603646.371161361
115 86 81672745.65835437
115 87 5573549.263187297
115 88 4099909.985371773
115 89 358518024.9580666
115 90 9251499.734232193
115 91 11357646.32691123
115 93 11289614.783920031
115 94 156323829.39248577
115 95 1628142.4808105284
115 97 81707102.97846296
115 98 4237715.025305851
115 101 290289276.76751953
115 102 140265815.29823685
115 103 60369227.73089642
115 104 4511642.09290715
115 105 57299263.497561105
115 106 254708231.19852743
115 107 21972568.691465423
115 109 61406936.87338299
115 110 6430724.612333727
115 111 731446.7711626099
115 112 3326759.895388358
115 113 319944212.0406325
115 114 1559766830.587112
115 116 8490862.708396968
115 117 35059855.91815096
115 118 230399942.8154564
115 119 3240582.7815649044
115 120 228425.37253048352
115 121 2334098.5253248266
115 122 3002970.0480989926
115 123 3286517.372350334
115 124 1166600.4549425032
115 125 398017313.2445238
115 126 43974560.39983994
115 127 1916078.310547947
115 129 241232464.66062033
115 130 103727647.0154314
115 131 2383900.4557289085
115 133 559312193.2162515
115 134 10935054.178090073
115 135 100325515.71552601
115 137 388836540.1140913
115 138 190837196.10631263
115 141 34356790.482675195
115 142 72878778.4415777
115 143 992645.9521642505
115 145 91506956.61036904
115 146 369438850.2425811
115 147 174452873.68164933
115 149 838818.270132861
115 150 54230417.12598102
115 152 190680525.84186864
115 153 57117747.92199667
115 154 546100793.6949754
115 157 589837448.1355537
115 160 104723752.55279258
115 161 160155.9029382312
116 1 90772942.98142536
116 4 129950289.68004239
116 6 22714145.792384487
116 7 50155298.7001257
116 8 3019124.6977380197
116 11 8983199.749263396
116 14 84582992.58067307
116 16 6812143.9128217595
116 19 389440414.4103495
116 21 24598260.34187759
116 22 12418949.49100139
116 24 10618691.484976454
116 25 84222248.57575366
116 26 98615970.46731678
116 27 4858475.28295631
116 28 480862.8818639144
116 30 29287400.642537374
116 31 96843540.70827948
116 32 37728662.61202098
116 35 26095529.25521753
116 38 14222664.959686622
116 40 213987321.8384012
116 44 27744270.858616438
116 45 31211999.405770596
116 49 197995505.2057645
116 50 15114659.292643555
116 51 328773609.15839416
116 52 599855.9434839392
116 53 2457418.0325230267
116 54 312110427.04075897
116 56 180740289.28858495
116 57 8338890.643118676
116 58 54183087.9779107
116 59 121470.5179933875
116 64 44512012.66986563
116 65 20809186.335279565
116 66 44892359.73862041
116 67 2039229.6315287154
116 68 145023039.01660746
116 70 92845177.33975239
116 71 43306910.23822311
116 72 31301618.82419616
116 73 15961230.352101138
116 74 12955417.388403418
116 75 121861997.42596328
116 76 135708514.87680268
116 79 335367581.6517539
116 80 72896746.25137883
116 83 48152841.95377666
116 84 58190739.67960358
116 86 292933871.4861551
116 87 16963080.150642425
116 88 860580.798185206
116 89 342146262.9682161
116 91 1670404.143344653
116 94 29443057.447190262
116 95 2140794.938656684
116 97 208630643.6443442
116 98 17691959.130405046
116 101 189429793.47293907
116 102 126177344.83623073
116 105 37281400.111478075
116 106 163946933.1776353
116 112 26802451.08381028
116 113 212172953.4766648
116 114 207715693.23168725
116 115 157588573.54466775
116 117 42142598.783201
116 118 178666915.18926793
116 119 1236105.4248219251
116 123 2643140.4978840738
116 125 161596064.13587573
116 126 24757644.4802965
116 131 53077780.66214051
116 133 186812522.32837218
116 135 14963607.249054052
116 137 74908848.38311782
116 138 79854833.00848304
116 141 57110471.90111395
116 142 121948300.89962037
116 143 5252259.279258398
116 145 86605078.18403037
116 146 35847157.58582921
116 147 49327969.53312176
116 150 283132928.12324685
116 152 20157836.16816709
116 153 67767791.73766741
116 154 781557843.7453945
116 157 45403076.40739499
116 160 44534019.8125531
117 0 1036756.2750627338
117 1 27863110.349088486
117 4 116785908.36418787
117 6 292651494.6915004
117 7 48926908.262573
117 8 12603309.644569201
117 11 60974121.22899749
117 12 6971770.974178215
117 13 26870948.690473147
117 14 125194285.46064128
117 15 1715532.6426500988
117 16 6681500.217921139
117 18 3032974.079677223
117 19 137924471.15544173
117 20 12963657.813777905
117 21 878720.3556119232
117 22 4029507.558033263
117 23 2030744.2063301876
117 24 806823.0347469072
117 25 13632210.95448747
117 26 214714798.87191013
117 27 265529.44454332476
117 30 88644730.63158041
117 31 71763037.25799857
117 32 242142682.4778478
117 35 334745404.29245377
117 37 315141237.7309559
117 38 20644904.93535871
117 40 84368922.93887335
117 42 1517696.1733481358
117 43 22534916.86416568
117 44 56570411.36981582
117 45 11304009.805089308
117 46 47615529.78275123
117 49 66780024.75932089
117 50 35115077.97806693
117 51 503740401.32226396
117 52 12968614.366688076
117 53 17116.41132146288
117 54 354408700.9077606
117 56 131158463.59547982
117 57 631380.3048932347
117 58 4045627.4649554994
117 59 11942068.873976108
117 61 7112907.761364551
117 63 15797726.501717806
117 64 22195016.295142837
117 65 72604901.16720313
117 66 8658085.989384983
117 67 76347859.0542839
117 68 25361969.67706113
117 70 256427408.20923665
117 71 157900054.0633664
117 72 216605960.6088399
117 73 19995766.27144429
117 74 155668092.30590624
117 75 21225042.42388753
117 76 14027859.702348614
117 77 63129119.00332564
117 79 378019541.47638273
117 80 37032356.01269552
117 83 75079532.46171041
117 84 2189768.172039346
117 86 31939774.293826442
117 87 13771416.224760083
117 88 6650418.2187879905
117 89 362536847.7124465
117 91 1762670.5565299997
117 93 364395.88968226215
117 94 723883210.494128
117 95 16405854.682782419
117 97 55144623.81830512
117 98 3195523.6830614936
117 101 202796517.06739077
117 102 115730508.74631931
117 103 44097487.90306223
117 104 332157.63161516987
117 105 47472794.83138661
117 106 419386831.3909003
117 107 15666047.767591055
117 110 23471888.02932725
117 111 14011244.997638531
117 112 19821326.23829603
117 113 47163341.73411883
117 114 127873388.31305258
117 115 73547740.70923388
117 116 114586819.89317702
117 118 124900954.43011111
117 119 1364936.9821711313
117 120 2223410.349642621
117 121 2696152.5602108734
117 123 2034573.6521793273
117 124 619239.7073841649
117 125 324691147.02046734
117 126 22963650.202802733
117 129 149958071.32306772
117 130 8833348.079545109
117 131 92421609.17014629
117 133 137168322.38526365
117 135 5423614.058224768
117 136 2241751.522307503
117 137 258595940.81826636
117 138 104234786.97866064
117 141 6784142.797893131
117 142 42016126.685039476
117 143 3513061.6317426357
117 145 1418263.7153893376
117 146 144830817.46812135
117 147 417080301.9640491
117 149 123116.3184946322
117 150 486483062.84916395
117 152 432130409.3677651
117 153 1316851.2401141834
117 154 353688433.10205626
117 157 13776532.64502337
117 160 19213502.653491706
117 161 19407003.936379403
118 0 15506219.293788021
118 1 20047760.24066267
118 4 347366407.9127141
118 6 959964239.1763171
118 7 539711994.7062358
118 8 13151576.255034791
118 9 18963920.279096063
118 10 51349822.970252216
118 11 55733620.9106906
118 12 28778493.91869738
118 13 82503264.79372078
118 14 1069063645.3570919
118 15 16722838.881108271
118 16 5823787.200861187
118 18 22583401.127250843
118 19 198398200.2694494
118 20 16559018.870260064
118 21 547070534.5711441
118 22 3340256.451470343
118 23 441565.52181851893
118 24 1018114.7397649598
118 25 27901096.209484085
118 26 102250984.45668831
118 27 1756108.8747588783
118 28 177591.95288439243
118 30 107657879.0724079
118 31 1799683424.4509091
118 32 70431310.79539518
118 35 152870885.408525
118 37 21621900.174080357
118 38 1037775.241656818
118 40 340299263.43584925
118 43 5279291.020977954
118 44 255999623.42944908
118 45 235027136.75062606
118 46 7724902.250794302
118 49 1169582370.6974475
118 50 13670439.92521822
118 51 7838664818.169309
118 52 40625315.99122701
118 53 1150293.1535820784
118 54 3648270381.386157
118 56 60383043.13421569
118 57 265316.6019725141
118 58 48529830.207073845
118 59 1903824.112299656
118 61 9075650.869301636
118 63 47906917.786142156
118 64 2283778369.995951
118 65 360096374.72176635
118 66 25589932.040969405
118 67 616774254.639484
118 68 1235563408.9260986
118 69 22631302.539957345
118 70 2161678971.8718185
118 71 1243776951.133498
118 72 8013564966.129055
118 73 56377241.23500504
118 74 1121527746.4639316
118 75 32274072.930449814
118 76 56812500.28212055
118 77 85589156.42586213
118 79 2113903814.0034418
118 80 204683671.87248474
118 83 59083565.4199358
118 84 300843759.59138566
118 86 114639588.007941
118 87 17841745.2749649
118 88 9016680.755492076
118 89 4481899677.030694
118 91 28183833.994218428
118 93 964973.1509305447
118 94 3056181057.8654556
118 95 73878.3908018183
118 96 24461353.69095223
118 97 155119616.3674784
118 101 77698061.79558124
118 102 438390984.70710254
118 103 54792959.71441907
118 104 3195456.630192021
118 105 78573159.02809355
118 106 366524039.11988187
118 107 160390156.73757356
118 109 20845978.00300481
118 110 63741315.27284784
118 111 46619035.85364858
118 112 22883128.63674943
118 113 502768029.05394816
118 114 2201038254.8412123
118 115 1387305449.3026662
118 116 80639188.37054256
118 117 167174397.558149
118 119 603446.3689773929
118 120 1704510.5205859828
118 121 5346646.878398061
118 122 1169326.7789596962
118 125 1503722010.7260036
118 126 1055708.9870037683
118 127 1929989.5520087343
118 129 7594692692.943373
118 130 70834529.27369043
118 131 352315373.84721684
118 133 5148428875.490168
118 134 45952209.4776427
118 135 44611728.60733771
118 136 240043.4140453987
118 137 1552000489.4563186
118 138 3290572910.704277
118 141 2087216.7789937798
118 142 1930178778.612624
118 143 12044483.42168841
118 145 18124473.664949037
118 146 132950268.97107413
118 147 529308903.3659976
118 149 4270702.700286991
118 150 126694887.62704311
118 152 407118795.56229895
118 153 65124996.87562748
118 154 6884020547.459383
118 157 57913836.60514571
118 160 19411429.18080911
118 161 7492038.459079699
119 6 910186.5242381121
119 7 1300938.285555587
119 14 596744.9925859704
119 16 693186.6903955861
119 18 4580116.924149517
119 19 1770550.4801007493
119 26 2680452.0557550467
119 31 2434721.722171136
119 35 2936792.0132863983
119 40 1180262.9934297504
119 42 122749.00067680984
119 45 4660778.046249405
119 49 1494101.06635735
119 51 1144200.387723375
119 54 25252.301669529974
119 58 960048.5295512208
119 61 776507.1062321217
119 65 1932719.0811586464
119 66 829188.4687174689
119 67 480143.3575801129
119 68 885708.7272315132
119 70 724909.7516464039
119 72 2210251.2218822334
119 74 900204.7808124442
119 79 794951.3160673552
119 89 1063923.314163294
119 94 2870948.479788302
119 101 5584844.38806712
119 102 484990.4734358311
119 105 49611.3771421456
119 114 2492511.0500545753
119 115 2275435.254556774
119 118 3596589.3950887863
119 120 1297330.4432485749
119 123 185600.65281476005
119 125 210237.65266012875
119 129 311247.2584447546
119 130 952916.1619246529
119 131 241379.66764075743
119 133 35400.40766005204
119 138 2232122.0065724086
119 150 61647.75789727068
119 152 358722.5722527933
119 154 638234.4516841463
120 7 217395.53813752226
120 8 501635.31688844494
120 12 1060330.302892039
120 14 1750697.180672025
120 21 9375.616823146474
120 26 451748.0256296582
120 31 1588808.4352666426
120 32 3077481.4749054736
120 35 618691.0468059405
120 38 878721.9634690105
120 40 461990.11477705365
120 49 898662.4296272009
120 51 864072.8196174748
120 54 199587.2641966099
120 58 1166452.1117707524
120 64 1325549.9377166815
120 65 2595849.296521415
120 67 468859.4628454472
120 68 2796687.0858386806
120 70 2527931.4119442482
120 71 116930.2188269863
120 72 1652620.6777534047
120 74 119044.87905729545
120 79 898101.1517569079
120 84 776035.2940659436
120 87 2275860.2297814745
120 101 2117837.4442012557
120 105 1747887.1923551355
120 106 60459.57691950819
120 107 430163.927226391
120 112 228878.21049631553
120 114 1497187.8619304455
120 115 1417159.4504713616
120 117 2431524.666028229
120 118 1064569.584822811
120 125 5561887.1574428845
120 129 1885546.7149854926
120 130 1707571.3862162852
120 131 2196216.450677685
120 133 587101.1199572721
120 137 2087277.5207711023
120 138 565227.5488066898
120 142 1540016.1135422862
120 149 2813354.1648080065
120 152 224377.09265992692
120 154 520168.1360225217
120 160 2832214.9795921897
121 1 220251.43214046978
121 6 796665.5888836642
121 7 1346518.0340919192
121 14 2115394.050101037
121 19 680090.008367725
121 21 315222.0420130134
121 26 1475531.7417323971
121 32 2735859.716529292
121 40 144571.05504490185
121 51 763530.451847085
121 54 348612.6015527385
121 56 1259344.793368221
121 64 3200380.6918134475
121 65 678273.3264205895
121 67 235987.0941957854
121 70 3025689.4343441017
121 71 620939.4999420921
121 72 947357.6956680433
121 74 1735971.3419230503
121 76 91109.05563248067
121 84 1244545.2252086154
121 87 360297.65610472596
121 89 4634878.749836642
121 93 1933217.2599537186
121 94 4003809.705366741
121 101 5121916.84548486
121 105 938918.6481288006
121 106 3228860.9735264713
121 107 715436.5483229618
121 117 6409885.616743715
121 118 250458.97060838877
121 129 1764918.9694226654
121 130 2043012.9523017989
121 131 66262.03246025645
121 133 402820.02143627114
121 137 471312.3942081059
121 138 2847843.708907131
121 147 1188061.726841224
121 152 502811.0532354442
121 154 1021692.2413339514
122 1 701013.8804063854
122 6 2226279.352419157
122 7 582523.1667515595
122 14 2778068.131242492
122 19 400761.96753664466
122 26 1099950.0947176167
122 31 1760052.39650479
122 37 4868422.173162325
122 40 2712137.1310221166
122 44 5733805.4644971425
122 51 3092719.0365479314
122 53 221239.01413043088
122 54 6698208.770592221
122 58 5084459.750080263
122 64 2964815.832486803
122 65 4825264.21943039
122 66 5623056.6015891405
122 67 725985.6650502468
122 70 1504409.5931844828
122 72 486479.41975417524
122 74 3930520.295199671
122 75 5010603.672348325
122 79 8608893.873110672
122 84 2786446.9517747215
122 88 957797.7762693494
122 89 697534.455535027
122 91 936029.1423788908
122 94 6695004.905624892
122 97 5770662.303284269
122 101 708778.0493635681
122 112 2422583.5709082657
122 117 5418845.049718024
122 118 531347.0790827406
122 129 655177.8063906233
122 130 2687004.239223469
122 131 2006875.7484848257
122 135 5721533.996488078
122 137 7140688.315596674
122 141 1653513.8181952196
122 142 76980.16156917458
122 146 273046.1928969196
122 150 1455406.7841460074
122 152 2515599.272110158
122 154 1341829.7056761435
123 6 1148479.6993178609
123 14 724085.5071634477
123 19 1208020.1274263659
123 26 4594286.043960709
123 31 1051636.4921449684
123 38 1742647.5505741073
123 40 2538370.0933510386
123 50 1556150.3982195952
123 51 1357300.221970779
123 54 3093516.281884755
123 65 210631.7874296783
123 66 1173914.4357623388
123 67 1516837.2982822875
123 68 16934.36161985407
123 70 1096116.1363018856
123 72 7219598.915427401
123 74 488866.98150274606
123 79 9534288.843750142
123 84 4410347.965175593
123 89 399984.08124156867
123 98 437945.2807345927
123 101 73585.49515748197
123 105 3062606.917460478
123 106 1796788.7640108746
123 112 569821.188345512
123 118 36229.22634483663
123 130 4174092.476541407
123 131 993570.0747159006
123 133 1279006.0417533012
123 137 4522402.002786616
123 138 172492.69002484577
123 142 1644958.0527744975
123 147 872657.2933762264
123 154 1832786.3033077654
123 160 1452481.545844994
124 6 321121.0432832772
124 7 170711.82590216273
124 12 64124.561195050286
124 14 394203.3693170666
124 19 30800.14321014183
124 24 420413.7270748375
124 31 366233.38534441194
124 40 335394.26350672916
124 44 166162.72613878627
124 49 109876.17189769854
124 50 316684.5724291425
124 51 263486.38096958573
124 54 155448.4704082879
124 56 285694.74431446963
124 58 811095.0615876319
124 59 38888.6424109965
124 64 803295.3614855793
124 65 220333.04356777525
124 66 602136.4172223832
124 68 406662.8995967999
124 70 91703.4950714009
124 72 198741.91797036186
124 73 243.20958784937977
124 74 511306.4829375059
124 79 295088.41064101306
124 80 167843.7375432602
124 84 295672.78085229173
124 94 321908.00963862456
124 101 86334.12827189371
124 105 12723.220780451098
124 107 1052081.5835574896
124 114 28359.46033226132
124 115 51747.32038894026
124 116 654076.5436640984
124 118 414084.20016659115
124 130 141116.51972027513
124 131 715273.7919387091
124 133 133736.73423490176
124 137 94237.72176488176
124 142 909580.1011677313
124 147 347133.56388878817
124 152 661712.5046635285
124 154 537588.6380198749
124 157 127337.54286490545
125 0 26656162.134501472
125 1 43426202.89329783
125 4 1126972100.547822
125 6 1248828557.1280642
125 7 219122636.8075726
125 8 24676003.833210893
125 9 3809138.217343709
125 10 14055978.295646284
125 11 437335066.46074784
125 12 68129732.56044553
125 13 106693147.21637985
125 14 62587279.094919495
125 15 2460080.326955567
125 16 4511611.2861899845
125 18 43063315.42381981
125 19 918211072.3013563
125 20 19000582.531595204
125 21 3367795.332552951
125 22 8128124.743649752
125 23 128166.6835062305
125 24 14632897.01649887
125 25 13017469.72708572
125 26 1539570028.0351834
125 27 8787368.096280225
125 28 2317940.1471742797
125 30 143705199.69633886
125 31 2243281307.969606
125 32 393368468.7208003
125 35 5054482.390787231
125 37 123147426.67147718
125 38 8096243.534846863
125 40 1616677432.3234882
125 42 3208131.8125379644
125 44 43311794.79008473
125 45 227185886.8697739
125 46 29059419.80216784
125 49 777520740.5647663
125 50 16395094.089084832
125 51 143681136.99165377
125 52 3890860.118313341
125 53 4588354.241152554
125 54 3243660585.2348685
125 56 617678099.1461762
125 57 3447066.9066545567
125 58 95086933.88269372
125 59 2054210.4343845043
125 61 18619476.10576716
125 63 9257359.024877442
125 64 4770439773.078449
125 65 335985147.99921113
125 66 10480445.494067593
125 67 2895425198.3513007
125 68 396163666.1693054
125 69 470771877.9888918
125 70 528496396.05394113
125 71 78226593.06533541
125 72 4019627541.3268194
125 73 1261626.833403026
125 74 119762493.7918516
125 75 29830025.2997535
125 76 75021822.66804424
125 77 50986350.62696512
125 79 1058253611.4632978
125 80 13715583.494035624
125 83 666247.1844751216
125 84 29859564.429000914
125 86 232543582.6964928
125 87 8615437.64109003
125 88 4362094.365081579
125 89 746691480.5281819
125 91 8137037.54998958
125 93 86197243.2402099
125 94 2544464822.3310204
125 95 4543513.513704694
125 97 105273928.23791122
125 98 12537919.357398463
125 101 2564445344.476127
125 102 340208763.84038216
125 104 881036.5535806168
125 105 176774722.30411223
125 106 81488537.02097672
125 107 12755630.945819806
125 109 40290620.37161591
125 110 16375054.794496525
125 111 25131845.613255516
125 113 394844343.6677297
125 114 191965442.31210688
125 115 134463331.82141683
125 116 51203889.1053649
125 117 176427675.3068777
125 118 363320766.00119656
125 119 5500043.008144087
125 120 1038724.0076494585
125 122 535759.6952584398
125 123 63597.055010174045
125 126 7560189.433134124
125 127 2390218.1861082427
125 129 3351291783.2209234
125 130 65879607.8743334
125 131 527610604.9626301
125 133 637138729.8232837
125 136 188174.93106124457
125 137 501567558.63588554
125 138 911507605.9361165
125 141 33407252.689559683
125 142 1400688363.4352183
125 143 3135425.4728847323
125 145 14221463.799140614
125 146 49916806.18891682
125 147 16737929.677423915
125 149 16109477.149112292
125 150 102186625.64556858
125 152 391070899.7127617
125 153 18910269.13403255
125 154 851488619.2100189
125 157 167267711.8426976
125 160 16533351.034843704
125 161 12408040.353172716
126 1 26228630.51279926
126 4 10392191.105986618
126 6 5814520.247129898
126 7 530690.0683549054
126 9 48016816.47155319
126 11 14665015.444800612
126 12 4841180.647276083
126 13 12420804.306650303
126 14 20826401.721128
126 16 3041538.5395591035
126 19 10837111.809896627
126 20 3758742.8858241295
126 22 2324570.338654405
126 23 269789.42263484636
126 24 3278565.0895156995
126 25 15178754.99127168
126 26 5404126.175366061
126 30 7076265.175234199
126 31 10373004.381924586
126 32 933562.7283526842
126 37 1071772.4127995444
126 38 21420655.678098675
126 40 3413240.162298661
126 42 1225602.018935061
126 43 12624791.900225904
126 45 7454674.82230411
126 46 11219892.118344935
126 49 14313545.187461054
126 50 561771.5140736577
126 51 11767932.07492716
126 52 12299612.854621038
126 54 8720779.107677342
126 56 384600.9473174969
126 58 2161084.651453395
126 59 5974170.917161621
126 61 5839771.292362896
126 64 1608969.3841672603
126 65 1459645.8675940249
126 66 3672704.1212737276
126 67 18297535.86829199
126 68 5246504.499633653
126 70 7005659.617572803
126 71 1259719.9039530114
126 72 56192984.74400845
126 73 17960727.006894197
126 74 19027643.042906508
126 75 1902519.2389576037
126 76 21581258.033035662
126 77 1007055.2240977784
126 83 4032445.312190651
126 84 1707312.4058681298
126 88 17206615.652359538
126 89 22189976.87997014
126 91 3536817.592637229
126 93 12025432.093037857
126 94 5328741.251186315
126 95 376022.0675833146
126 97 7782934.442175504
126 101 685599.5232164524
126 102 11123206.026505094
126 103 6621699.545954454
126 104 339252.52641235385
126 105 2527926.140231685
126 106 7667971.703617471
126 107 7681098.92408307
126 110 26391371.933469027
126 113 9293252.391934881
126 114 14930857.737401126
126 115 288943.7088518031
126 116 9951910.334916636
126 117 1908951.204518218
126 118 12429149.459062811
126 119 5691646.982009574
126 122 1625036.687544646
126 125 2528425.815616833
126 129 26977808.245042257
126 130 491922.72625312075
126 131 8565126.989969725
126 133 15791230.86867607
126 134 3301674.020714284
126 137 8489230.732371006
126 138 6065372.327015677
126 141 13442350.894266762
126 142 418969.4414019831
126 143 136232.6162729084
126 145 5476997.698815224
126 146 4311363.821452931
126 147 10064156.20128195
126 149 781819.2951954844
126 150 7107001.873966292
126 152 8355035.48995181
126 153 7250053.78408171
126 154 2783414.9757161294
126 157 2906415.1026029806
126 160 3984279.613222124
126 161 1677517.829273687
127 0 10798452.69214521
127 7 7815307.6980454
127 8 954291.3302635894
127 12 1019609.4570594091
127 13 11009790.418126157
127 14 2303029.9044514457
127 16 1511338.2535307445
127 19 2293803.345438613
127 21 2054536.438817931
127 25 3800814.008143457
127 26 4636903.118510329
127 31 77711.3180844817
127 32 4388692.644304794
127 35 3534231.470114728
127 38 10591734.266620617
127 40 10073926.326079816
127 45 10709063.44802339
127 49 13940199.2346457
127 51 1318331.594949384
127 53 2141994.721094036
127 54 2628546.551323781
127 57 3258903.254624771
127 58 6752101.354342005
127 61 501169.65488561516
127 64 1858730.676400615
127 65 5441618.693814621
127 66 973875.0186165129
127 67 1940655.0342742538
127 70 6808370.030301179
127 71 2921537.823177456
127 72 4608403.3544501625
127 74 3416236.963524771
127 77 6767502.623079338
127 79 186147.77037952433
127 84 12012023.184636407
127 86 2398658.483246135
127 87 191849.21861530043
127 89 1898506.1951227721
127 94 2892098.5194847267
127 95 5811437.372480793
127 101 118214.56028201598
127 102 784201.7509398704
127 105 8502546.0386266
127 106 4250749.050604242
127 115 2123721.7465847176
127 117 569052.0318330509
127 125 7353113.79609904
127 129 1315503.9667112948
127 130 4261012.905356333
127 131 45192.9043435146
127 133 1345056.3599304678
127 137 1732368.65646991
127 138 139905.92019598425
127 142 2958677.9836001205
127 143 1524666.5396545473
127 150 3340733.6929804496
127 152 71722.46183895253
127 154 7891892.417884945
127 157 7866936.548285666
127 161 338473.9181176887
128 1 1559335.46766062
128 4 5370364.019599077
128 6 4103369.0784462355
128 7 3038370.6275298474
128 8 408734.57446058263
128 10 209128.39466766902
128 11 1311639.2785434662
128 12 1828659.8285021516
128 14 140399.72331018344
128 19 1892108.7934546303
128 20 489796.13310273446
128 21 883236.8442249148
128 24 634369.4199477612
128 26 1808046.2681171005
128 30 551604.3547284761
128 31 1906416.7982317111
128 32 858297.482021493
128 37 698820.9454863328
128 38 144365.97312599517
128 40 4869579.483654465
128 43 2737089.583625844
128 45 2589413.000191513
128 46 82871.47976314332
128 49 566737.3741499456
128 51 136285.16694665805
128 54 751946.7158042662
128 63 1391729.7986867633
128 64 675434.7991316043
128 65 243586.0386282452
128 70 1832972.150977225
128 71 210589.11859083932
128 72 3496077.1956629553
128 73 3072602.3733851505
128 74 1145194.4733881343
128 76 1544556.8804026642
128 79 1411573.9065947577
128 80 1553643.6630910686
128 87 123505.04097754841
128 88 1369762.1215777763
128 89 4212802.522988751
128 91 1419100.7996241956
128 94 853191.7207125685
128 95 2450712.783893175
128 101 236585.08784372016
128 102 1884557.192849384
128 105 821146.6395167158
128 106 996000.6733283715
128 113 949748.1733783814
128 114 899499.4870438974
128 115 786492.3969447676
128 119 2166080.1132829115
128 125 7388978.537794327
128 129 110757.80863771534
128 130 24751.76741214236
128 131 627970.2430055398
128 133 2226118.783426741
128 134 2024564.4412723973
128 135 668044.01609054
128 137 600447.8543629231
128 138 140769.37821031018
128 142 1607823.837859946
128 143 142742.1823604011
128 146 1150688.61378354
128 147 3258104.787327358
128 149 3240634.299215957
128 152 1638080.9246910324
128 154 1012793.5580722027
129 0 16174428.631982973
129 1 94926380.31522599
129 4 1068477268.7054267
129 6 1893914364.0712175
129 7 2463093530.248344
129 8 23972743.20940753
129 9 5335780.130216743
129 10 76026736.06196538
129 11 11442032.289857851
129 12 3738474.852552837
129 13 21821655.822058164
129 14 1047890939.2297481
129 15 21216799.40020313
129 16 1814638.8781528806
129 18 13402712.673960015
129 19 592459306.9438711
129 20 10484023.48332992
129 21 2851428.6710773604
129 22 3456299.249341669
129 23 2239029.417939235
129 24 7404579.19217479
129 25 6012736.546743322
129 26 482581986.9732701
129 27 1989460.5287510406
129 28 2041082.1161567376
129 30 331086848.69248974
129 31 1777246812.2351174
129 32 6615649.589330561
129 35 287619097.045627
129 37 56276814.03413384
129 38 18993688.923702538
129 40 629126535.5056399
129 42 2263697.380024521
129 43 4204057.336755358
129 44 38821339.00597649
129 45 416137908.1092096
129 46 80095626.45349772
129 49 643147115.6297518
129 50 20379188.74666603
129 51 959160364.0369928
129 52 797353.846818338
129 53 1672261.9201297173
129 54 5040677660.368531
129 56 60795334.83714403
129 57 5922725.699793709
129 58 62995020.084884085
129 59 1451235.9072854158
129 61 4716671.643760743
129 63 27210331.202895794
129 64 569290544.9024005
129 65 52462999.33913115
129 66 2394339.7516977405
129 67 1502419269.3408182
129 68 298952071.5977306
129 69 90092999.95429824
129 70 856899189.9650921
129 71 729989033.9632156
129 72 2042901614.82261
129 73 54129530.83381902
129 74 2372175829.4228354
129 75 26696000.063879207
129 76 106931090.4185154
129 77 23201556.88263042
129 79 2065917212.6038804
129 80 92595590.81208374
129 83 9155607.980342466
129 84 21739212.44767395
129 86 46094982.67965573
129 87 15480211.164341044
129 88 2337943.495163228
129 89 5983351065.719301
129 90 11775186.799984446
129 91 7815816.753195539
129 93 30242431.021895293
129 94 175888990.7889831
129 95 27164142.564860318
129 96 7561330.925564453
129 97 454516866.60109454
129 98 1767163.0745227132
129 101 4550435098.0994
129 102 95337542.20929313
129 103 37415845.678317204
129 104 2020683.867435235
129 105 136515731.64614823
129 106 1746235525.7830713
129 107 29305928.84559299
129 109 69718148.6596195
129 110 3948052.2460985873
129 111 16911962.126168884
129 112 30431906.367038958
129 113 706634418.2592934
129 114 213513070.36331737
129 115 582848364.309001
129 116 14628718.13801571
129 117 57005893.44530742
129 118 2300846115.5972176
129 119 327269.602149577
129 120 1871253.4006564245
129 121 1898990.467757524
129 122 5744344.606597811
129 123 3731210.3230354465
129 125 538055502.067449
129 126 9834310.110927723
129 127 9767282.333909476
129 130 106547407.05496244
129 131 37150838.55263078
129 133 2618563084.1599255
129 134 51206075.08466342
129 135 21484610.178620175
129 136 3055888.896293965
129 137 909632875.3171943
129 138 17909458.320322845
129 141 7292001.963756199
129 142 2361518936.72141
129 143 1965166.6294403537
129 145 29518703.24029568
129 146 79753726.29436809
129 147 173832620.90514064
129 149 12210775.516390389
129 150 113994181.26842959
129 152 1330381407.9104784
129 153 16815635.057910662
129 154 2243488708.448204
129 157 62257630.22490512
129 160 5726212.4436409315
129 161 8576367.8658936
130 6 18037092.82834464
130 7 113935706.36928974
130 10 36483354.540683374
130 11 505477977.3602288
130 13 14763159.436250454
130 14 104515178.89522882
130 15 3329533.009931143
130 16 1425392.610177453
130 19 92777991.90916209
130 20 16943253.53069356
130 21 17935045.345301107
130 25 58652699.40890655
130 26 1029140158.650943
130 30 35619860.207139686
130 31 129547673.95848688
130 32 104497793.8926619
130 35 29921223.840301253
130 37 46921071.54681818
130 38 13931207.38231058
130 40 70898453.33769006
130 42 588799.78021958
130 44 108327578.5265504
130 46 11632338.072102392
130 50 31626651.182380237
130 51 26794357.748779997
130 54 89331060.48119897
130 56 5033702.840857733
130 59 10225524.929719046
130 64 1035229537.5978221
130 65 21753790.27678356
130 66 4846662.330460875
130 67 77691389.36998808
130 68 104699539.0161158
130 69 82484578.72937259
130 70 116703478.2519339
130 71 61302506.077044494
130 72 187352883.47505817
130 73 63451479.25044406
130 74 227074264.45297188
130 75 46142758.599144205
130 76 29529289.64232376
130 77 33387652.128259026
130 79 142146431.7346994
130 80 140798284.88524392
130 83 154591261.8843326
130 84 54349700.438815944
130 88 10269331.98524959
130 89 197163316.48734528
130 91 14466420.222217977
130 93 7902242.603846428
130 95 193172.51606655787
130 97 16772094.829743465
130 101 111384919.504353
130 102 244545336.3401319
130 103 6468463.875711584
130 105 80852902.30886424
130 106 33776084.35745084
130 107 30267146.79886382
130 112 64225125.57536208
130 113 257067520.4668042
130 114 100710517.60265985
130 115 8368531.383761766
130 116 73019381.45364721
130 117 30805083.973063998
130 118 200621430.23255375
130 119 4740099.532192321
130 120 8809345.388895897
130 121 527503.1654143534
130 124 330327.94940291066
130 126 22774415.16931399
130 129 30988687.274208624
130 133 191558349.94373423
130 134 14268663.669426018
130 135 47725798.50893977
130 137 404885371.1727383
130 138 106574979.06595887
130 142 83391694.41220678
130 143 4214073.235835395
130 145 50477230.4478534
130 146 106393851.02353661
130 147 100964608.15221363
130 150 191344989.03504777
130 152 26035698.781980995
130 154 36127829.01465637
130 157 146228511.88199726
130 161 3932923.9793134434
131 0 24850990.374959383
131 1 42469408.432166666
131 4 147823142.09429795
131 6 136811559.5187559
131 7 49990493.935291775
131 8 20494923.245449975
131 9 53374306.08985436
131 10 61626282.848643124
131 11 324532823.51747626
131 12 24158344.2511027
131 13 425203007.49470073
131 14 1368731557.0809402
131 15 18898199.413323224
131 16 2579901.176584131
131 18 5776607.481051965
131 19 1998517873.4790149
131 20 58336762.52948614
131 21 184931631.02595258
131 22 3225527.9580720467
131 23 39001.255399484915
131 24 3029715.853017582
131 25 18427160.60423721
131 26 88666590.95792465
131 27 4165867.8666115254
131 28 1261955.4590815306
131 30 971575106.0995351
131 31 517898270.5941497
131 32 52114703.42210489
131 35 15216356.83258624
131 37 158364490.87743437
131 38 29818906.16954965
131 40 463062899.5352479
131 42 237926.4366352596
131 43 43550387.480251215
131 44 17868189.500040583
131 45 51827171.881764404
131 46 106011340.07850939
131 49 129409836.09166493
131 50 63258026.212580875
131 51 1117378796.5134377
131 52 862882.3402394865
131 53 1032640.2413275179
131 54 251576010.14882055
131 56 89581433.25659813
131 57 321282.45871370874
131 58 61357225.173549004
131 59 336394.0649250312
131 61 4233650.1953032
131 63 56172660.03093098
131 64 2361026486.0944996
131 65 529188938.79344803
131 66 33112956.991455633
131 67 867570135.4977008
131 68 381649867.5651499
131 69 313309274.5126954
131 70 450651312.7230168
131 71 2036620688.9099507
131 72 145541519.9582521
131 73 13874519.410850886
131 74 279459761.46136093
131 75 14328223.410230527
131 76 89062660.22332834
131 77 27756406.65109307
131 79 174862005.10431352
131 80 73253478.31970279
131 83 114571042.71368408
131 84 423390079.2829471
131 86 20239582.415755987
131 87 541311.4992651397
131 88 4552512.577678614
131 89 113230605.33557956
131 90 1968709.600346805
131 91 3946497.520437033
131 93 20669052.12531974
131 94 505743077.4930043
131 95 1456476.3696187548
131 96 14290418.632330496
131 97 37289905.58336334
131 98 3134204.1945405155
131 101 864975997.2428607
131 102 289304126.4845569
131 103 12926575.41143171
131 104 4543344.332230976
131 105 200013635.75875303
131 106 634746251.51415
131 107 124017113.29201181
131 109 27562126.764576692
131 110 12296536.846120436
131 111 11096539.071035534
131 112 24053032.042668324
131 113 161927969.5529874
131 114 421687497.0081351
131 115 360258057.4300085
131 116 50772319.22590229
131 117 5294173.686525313
131 118 632581502.4937915
131 119 651551.1578248639
131 120 201054.6396993654
131 121 424126.5066713874
131 122 733012.5057706393
131 123 870866.1087832863
131 124 3254858.1799757923
131 125 70829456.55525506
131 126 33186450.923636757
131 127 4779687.31501508
131 129 793857134.5851796
131 130 21191755.73362508
131 133 1199511349.2267356
131 134 21775242.60922506
131 135 46107651.70368207
131 136 1221148.0934599424
131 137 38111054.42517679
131 138 24654806.011226937
131 141 46545958.49265746
131 142 275000371.8821095
131 143 6676007.564496791
131 145 68995894.32119726
131 146 76971583.98248154
131 147 2516476789.557812
131 149 4384430.0794464955
131 150 63314292.80289578
131 152 81462885.0051183
131 153 45358898.30302531
131 154 1301370927.1114092
131 157 217295775.16364014
131 160 1568754.1220772907
131 161 42612926.98558493
132 6 632755.7019376677
132 7 2760525.7043745853
132 14 662058.9788241588
132 19 136847.54090597236
132 26 940416.9546817145
132 31 52849.89139049383
132 32 609529.5466862364
132 40 132221.25602840452
132 51 5580762.047215286
132 54 2131744.4068890405
132 64 1250959.6086690573
132 67 2231937.2273239405
132 68 2060113.8326919943
132 71 1034928.4367451994
132 72 2698049.3462244347
132 74 2134423.8987171263
132 79 970761.9973597275
132 84 4267058.810844575
132 87 3415582.3436946296
132 88 2373840.6880664527
132 89 2071923.588285683
132 97 1151630.539816354
132 101 2002086.648400573
132 102 762515.8206545098
132 105 1399272.7142215143
132 106 1042168.0817867027
132 112 8353890.6034121355
132 114 2659889.1767035318
132 115 5508128.816108159
132 130 3887895.1179761235
132 131 1622043.8027426598
132 133 823440.2537645713
132 137 163535.2863397821
132 138 136984.29853781767
132 142 3592776.5877059875
132 152 1676506.5693868815
132 154 1182731.290637312
133 0 8088134.557533195
133 1 214206314.4387875
133 4 399318452.548021
133 6 592582672.6467996
133 7 38374460.141872816
133 8 21610943.460794836
133 9 77627039.6473015
133 10 280391596.220375
133 11 66750181.88315854
133 12 3391694.1233325857
133 13 31435664.32408192
133 14 576926443.1104215
133 15 2107254.001975866
133 16 6215901.42978857
133 18 16997095.386476465
133 19 1062990472.5922046
133 20 31345126.767261133
133 21 35455410.38212992
133 22 8369094.608490458
133 23 2879440.090117106
133 24 26365004.642644756
133 25 2697710.8609827114
133 26 1549532980.364962
133 27 6916401.736599162
133 28 1662322.905725949
133 30 40790780.60870671
133 31 9137520594.454294
133 32 202834177.4331175
133 35 65250674.18170196
133 37 28387981.238157522
133 38 118518859.74366435
133 40 69264531.89802094
133 42 1687115.2660939307
133 43 26424222.438563112
133 44 195062112.32612416
133 45 53525837.119187884
133 46 63393460.01629957
133 49 1920133520.5942023
133 50 18478633.867167998
133 51 10121423196.179506
133 52 5107421.8587291455
133 53 1448741.7927464799
133 54 10458032346.52625
133 56 1270775353.518349
133 57 1405892.7107097483
133 58 30928741.48916309
133 59 1725498.5517704433
133 61 2807184.848309396
133 63 8403799.275429526
133 64 4530359072.536982
133 65 458283399.26315933
133 66 50926704.602255814
133 67 705199502.022568
133 68 347636010.2528789
133 69 360827602.87816936
133 70 4179256541.4858584
133 71 218247640.42804497
133 72 10512281825.276297
133 73 1475723.040757674
133 74 732141360.6496599
133 75 30369379.613409895
133 76 26637909.48317056
133 77 69406002.13872671
133 79 6158873962.739915
133 80 336818986.11206406
133 83 37044121.7753732
133 84 67243234.0908674
133 86 7663659.834222711
133 87 11215549.78002811
133 88 5666413.342378145
133 89 781475892.8104461
133 90 3295379.7559091067
133 91 6656531.343550449
133 93 10711941.02228821
133 94 689910232.1761358
133 95 6818260.9058904555
133 96 44606892.76828841
133 97 194941169.88383454
133 98 17955527.03681878
133 101 176822880.66333574
133 102 48093226.599513434
133 103 13537660.094675463
133 104 912421.3267471064
133 105 62685881.7382604
133 106 1132831855.31151
133 107 80046189.12626098
133 109 87286225.36725692
133 110 9401751.643107446
133 111 35309691.99933859
133 112 234443815.24221703
133 113 356721737.55118525
133 114 1702832675.7479155
133 115 3694589224.666917
133 116 43061816.70498313
133 117 568760562.8690557
133 118 451353568.04245484
133 119 1024480.4309407908
133 120 2965142.680559257
133 121 5297368.985650185
133 122 146813.18144249092
133 124 305296.8770892462
133 125 43935372.83406774
133 126 11021599.85145883
133 127 1042507.4446801861
133 129 401258933.23567873
133 130 132384500.81746258
133 131 51043786.032186076
133 134 101754891.75774135
133 135 18697942.21113459
133 136 4265593.512478302
133 137 59755664.70111916
133 138 45434185.264405474
133 141 10507338.808409696
133 142 2839553691.2399883
133 143 2929685.243794019
133 145 199381274.18170518
133 146 214664109.58366498
133 147 1283618151.5896995
133 149 19255381.107489616
133 150 618256337.4123621
133 152 3840664976.6156707
133 153 20076987.8853747
133 154 2659838084.394816
133 157 175140911.4309553
133 160 3407407.768413817
133 161 23375168.508258004
134 0 4411195.042806563
134 4 8362636.190204416
134 6 43230038.73690432
134 7 28236479.200792823
134 8 22784051.766678333
134 9 3099279.333281801
134 10 1449307.2948954965
134 11 15002593.177480094
134 12 39737123.778566495
134 13 116029398.70042875
134 14 109925285.56229351
134 15 24491753.113284443
134 16 6449478.150244518
134 18 52953778.21996641
134 19 19384615.16047739
134 20 41079352.97559383
134 21 4765700.971060106
134 22 908192.205451012
134 23 1534149.3092145168
134 25 2888150.0057467245
134 26 93246534.6087207
134 27 5857030.814814697
134 28 827470.1174256995
134 30 108131543.91833994
134 31 20060031.816614226
134 32 3810983.1507715615
134 35 172009.7228825636
134 37 24118361.157689936
134 38 14572807.938663969
134 40 38981424.35386888
134 42 2399374.3117422243
134 43 69300337.6425443
134 44 12081854.360651705
134 45 25368018.546557646
134 46 14966526.74935089
134 49 41664231.908704326
134 50 3684147.760748072
134 51 117636265.85101879
134 52 3484399.8565645413
134 53 790981.7151549021
134 54 91739055.87565187
134 56 3590926.7172922706
134 57 165255.226032385
134 58 12459476.859763753
134 59 4862412.886593438
134 61 6250411.15496754
134 64 9176708.064257918
134 65 38326582.96471942
134 66 4781269.784139825
134 67 10647167.21464232
134 68 56282195.96873322
134 69 13191353.453206198
134 70 157150644.21077988
134 71 43077616.388342604
134 72 7044741.686120616
134 73 32763430.528676253
134 74 46275668.67680121
134 75 12038176.81168455
134 76 26754538.07913696
134 77 26002330.381345753
134 79 2544501.4792484324
134 80 20292975.659438733
134 83 60858517.400626846
134 84 922632.8332851806
134 86 72640156.69028214
134 87 6256798.5634837
134 88 5598441.433691172
134 89 125135260.86805457
134 91 5970434.5159799
134 93 37628107.05978457
134 94 132630353.64703149
134 95 12655062.705140147
134 96 6795896.966335151
134 97 55846148.083144516
134 98 10255544.429981686
134 101 10876205.930266013
134 102 92092795.4387275
134 103 20605934.566727277
134 105 6377332.443536569
134 106 51906018.81422056
134 107 142250125.48809272
134 109 9938646.893415602
134 110 657896.802081227
134 112 110147768.02613251
134 113 20956949.71189832
134 114 35315993.46875746
134 115 43346591.62449376
134 116 55213161.52523841
134 117 12507718.241310736
134 118 80421409.59554097
134 119 2158394.7240501754
134 120 1154171.9192105925
134 121 618337.7993270094
134 122 2829421.8553880416
134 123 3104842.1303989654
134 125 62423561.91127114
134 126 14187390.007688908
134 127 3092883.0325089577
134 129 33082289.409118626
134 130 10792908.072912138
134 131 164381486.05832088
134 133 137977945.68572307
134 135 23551658.667348552
134 136 147329.56578623917
134 137 14697921.317740785
134 138 169279256.78277096
134 141 11426949.90022244
134 142 44862219.57101949
134 143 2834470.5807130975
134 145 13454520.08176596
134 146 7357206.90506662
134 147 46737929.12373568
134 149 6068344.130556044
134 150 24845424.832467433
134 152 171807454.99168435
134 153 23751272.84726747
134 154 37746650.69441347
134 157 3935037.6326457052
134 160 20729450.20907561
134 161 8711392.32664871
135 1 11319627.736504309
135 4 8977890.122906996
135 6 2164298.9629753474
135 7 44056429.38460527
135 11 17080162.508742303
135 12 10978028.816162737
135 13 3634465.068669232
135 14 92750797.03467876
135 15 4294301.362723138
135 16 10420711.667850185
135 18 7220467.134845808
135 19 34537452.6902908
135 21 98210925.67648439
135 25 3130355.2185223317
135 26 13296476.307055702
135 30 115985034.7966383
135 31 44356594.4028777
135 32 62809016.0730306
135 37 3147050.1308237147
135 38 4450635.551580183
135 40 77731571.54980822
135 43 4462010.310282178
135 45 41757942.96615948
135 46 1600041.0448964515
135 50 3783822.086472172
135 51 278953.15829325956
135 52 1453705.584628303
135 54 16274643.327115798
135 56 28303133.95832566
135 57 518799.81010713085
135 58 21687573.85614482
135 59 162176.57727402035
135 65 62088887.475748785
135 67 21157088.517902486
135 68 22022519.45801771
135 70 40792403.54665293
135 71 8085855.091835618
135 72 18336774.31733735
135 74 51877672.02739193
135 75 5314338.932121025
135 79 39151940.35503744
135 84 23075482.974831738
135 87 5978615.546798175
135 89 35769354.798564866
135 91 98517.0281539925
135 93 4689882.78402491
135 94 24432482.95133627
135 97 19446781.129650876
135 101 6644627.615390647
135 102 11528244.200538106
135 103 21435016.938212145
135 104 798409.5893080336
135 105 9860370.880866712
135 106 27052692.79318661
135 107 14653041.48102546
135 110 16447865.430095974
135 112 11978435.715118024
135 113 11616845.625350067
135 114 2641025.8108252543
135 115 56848422.24627491
135 117 53574932.849568866
135 118 5470452.795965115
135 121 1570677.6201311143
135 125 23618923.674823858
135 129 2188338.5475178054
135 130 5814170.123173473
135 131 6348633.256915233
135 133 25629014.986615665
135 134 3324489.6546743717
135 137 2932525.348408439
135 138 28594010.261798408
135 142 28794112.442207884
135 145 31460567.736587048
135 146 24920974.394806672
135 147 8284444.457208222
135 149 919569.8150587182
135 150 30852520.58655777
135 152 11776767.426005619
135 153 15137258.9505247
135 154 115585521.80339935
135 157 10349473.383029388
135 160 6961829.972937538
135 161 1293005.1196031575
136 0 7851520.712213665
136 1 2375185.459458203
136 4 7695531.556940698
136 6 316657.666439527
136 7 20702410.811207034
136 13 1913328.3761418993
136 14 9777279.607945062
136 16 6341269.84387554
136 19 10019169.942700721
136 23 1651163.8623258239
136 26 5942063.13590711
136 32 4936753.458875837
136 37 41654654.37968534
136 38 2186066.732481238
136 40 780732.5159532438
136 42 2275152.4654012774
136 44 4596286.396741459
136 45 16487928.094153894
136 46 15646871.87670499
136 49 4428172.496228851
136 51 1582916.7653367086
136 53 1986356.483448476
136 54 46700172.212513424
136 56 6064311.726249763
136 59 380204.473387613
136 63 521684.2901194775
136 64 21496215.884606667
136 65 8970896.338050507
136 67 21924879.688633718
136 68 2403021.3964834353
136 70 1666111.1407580678
136 71 24560372.347345483
136 72 1288730.7413718107
136 73 2533908.9309008885
136 74 500775.36197960976
136 75 3106748.8461294626
136 77 508289.0942274077
136 79 11878994.840764677
136 80 23018975.12275878
136 84 7225132.060010141
136 87 4792399.936832686
136 88 1546474.4983926276
136 89 983386.1907289979
136 93 1749974.798088923
136 94 18850270.138265647
136 101 702650.2093543601
136 103 764811.886741762
136 105 27625568.588961624
136 106 17390828.52100739
136 109 17147648.740949087
136 110 3070025.9920082795
136 111 3511989.3445081334
136 114 7584298.490638268
136 115 2688738.0390391336
136 117 7714203.904263065
136 118 8862438.356865328
136 131 5364587.706347283
136 133 9786145.211455598
136 135 38039804.06482771
136 137 19349377.68249468
136 138 1066229.9427794295
136 142 6010992.66951843
136 143 411826.0248067426
136 147 16957593.615964543
136 150 5677084.5871688295
136 152 13112145.086945137
136 154 9108171.418474803
136 157 4446130.963949277
136 160 1183181.0397935514
137 0 27516690.732656077
137 1 229028440.34081575
137 4 21160485.392046444
137 6 2356161499.756274
137 7 964661626.7226204
137 8 10682122.38072699
137 9 7067929.474134673
137 10 84975084.01237212
137 11 117184988.93156524
137 12 17796603.986373954
137 13 46111257.9160451
137 14 244115435.8898666
137 15 6815901.188537896
137 16 1734785.7121277251
137 18 1061350.5399062498
137 19 44742961.19114647
137 20 14452842.477543255
137 21 156933731.32927236
137 22 2672213.173300769
137 23 11971246.104839902
137 24 25091356.86848548
137 25 22076888.617567398
137 26 2106777082.3177793
137 27 2279373.8321374445
137 28 1520696.224342937
137 30 74296021.14908664
137 31 3690310444.3304787
137 32 24990042.924041618
137 35 7418291.769361424
137 37 94534814.91881828
137 38 63787596.76565356
137 40 1533764588.5367844
137 42 884511.754033692
137 43 580397684.6527201
137 44 40418162.843306564
137 45 29957657.593582194
137 46 38495385.91861476
137 49 119636055.0098489
137 50 13912738.778732289
137 51 350094205.6481948
137 52 22399584.106625594
137 53 1971373.426516447
137 54 4016961858.706396
137 56 1902782564.522202
137 57 782973.1926411176
137 58 69999679.50935906
137 59 758207.042157119
137 61 4141792.3080454282
137 63 48169402.97617733
137 64 6373004714.603449
137 65 237273486.43932733
137 66 1448855.2528774599
137 67 254064799.94018704
137 68 4095845240.1632757
137 69 17068102.143102407
137 70 514539472.6582797
137 71 682086841.3662655
137 72 7546803575.219157
137 73 29368913.691700842
137 74 41606944.79253838
137 75 69092872.2463891
137 76 34847267.75847383
137 77 56175759.04337476
137 79 1263573505.7564156
137 80 12206421.26689354
137 83 53001931.297532484
137 84 37986619.582437225
137 86 11153473.301320251
137 87 4860748.760878268
137 88 6500257.588561741
137 89 2404813554.4357233
137 90 8038133.776162095
137 91 1328028.883397255
137 93 32282852.53334187
137 94 77790963.18734154
137 95 12346709.757854372
137 96 30258644.827257656
137 97 136279777.77671033
137 98 1489426.7729071153
137 101 151605439.6712169
137 102 365145470.36716384
137 103 37914469.26366224
137 104 3695442.3790949155
137 105 3675673.0115290056
137 106 949308026.3608078
137 107 99270427.99731928
137 109 16796027.71213472
137 110 11477650.12509422
137 111 7025874.669058459
137 112 31762664.960694674
137 113 732860201.3557854
137 114 1076265822.5700338
137 115 381648852.8269993
137 116 59274953.156112656
137 117 1433503726.3836253
137 118 1026970437.9364128
137 119 4056515.8083231915
137 120 1952174.0894371334
137 121 5495681.466490996
137 122 339010.10288643965
137 123 4824725.736388134
137 124 1163766.8338661797
137 125 874807738.9712695
137 126 4421243.520492839
137 127 2164485.444796024
137 129 3105368876.4622684
137 130 77601264.82217182
137 131 71066840.98205459
137 133 6699771124.141242
137 134 38289531.787761316
137 135 7255169.876227419
137 136 11524078.626112157
137 138 16729251743.95801
137 141 55861750.993208215
137 142 1489613835.2919106
137 143 7454617.477054794
137 145 32481248.537355397
137 146 422867378.5731707
137 147 2832461.7386597777
137 149 4267649.285016612
137 150 31381999.694145102
137 152 2960116682.3943176
137 153 6309478.72925856
137 154 6615183412.995399
137 157 32216564.05924825
137 160 11944291.61251023
137 161 17101695.58221897
138 0 12955499.00443654
138 1 136640317.0792963
138 4 829271689.5689656
138 6 2432828192.1141014
138 7 5305322690.264767
138 8 4435622.402688715
138 9 1650008.4742711426
138 11 242038434.80108273
138 12 21824008.499307472
138 13 265879459.22228497
138 14 266415403.32803503
138 15 156135.73474411515
138 16 11566228.379666036
138 18 4740857.42291276
138 19 1886254178.1793673
138 20 6803807.821541578
138 21 282759854.6250089
138 22 2013788.5325508935
138 23 2151472.904649179
138 24 39566001.060489774
138 25 16734292.696468106
138 26 1347719427.635948
138 27 4368984.802813599
138 28 1264829.7932742976
138 30 5672979.65420688
138 31 153112443.15611792
138 32 26450583.4097412
138 35 45831876.76304507
138 37 84785623.48236448
138 38 23182657.15319604
138 40 103763577.91854192
138 42 709866.256119025
138 43 258314.02628955984
138 44 65036941.372801974
138 45 93774656.6310226
138 46 26824033.66634027
138 49 286658295.43987834
138 50 14225561.468918808
138 51 3460660815.033774
138 52 6671047.773359706
138 53 189001.69747309087
138 54 1730780165.1912458
138 56 270709110.6733973
138 57 1414611.0175545225
138 58 48049748.979982994
138 59 10338556.301602025
138 61 14013851.251148151
138 63 8269331.207140161
138 64 4205922201.9008594
138 65 981181793.732712
138 66 39275956.3733662
138 67 195153800.1037422
138 68 860267950.0501567
138 69 688366113.0472599
138 70 2896700703.372625
138 71 45590785.9202747
138 72 6221754352.04761
138 73 117137386.14049606
138 74 3259655225.162671
138 75 6008076.205685062
138 76 53901083.38682656
138 77 12187227.786617495
138 79 1945192331.7304087
138 80 85530374.0424551
138 83 75821340.10820022
138 84 344377505.25417304
138 86 79516231.62251045
138 87 3716808.128348578
138 88 4205892.546112945
138 89 1029344873.1019704
138 90 5787958.765102777
138 91 39798184.47085854
138 93 593091.5201351293
138 94 874098545.1169662
138 95 1705984.8086756598
138 96 8277175.0425867485
138 97 379024305.9472271
138 98 1452198.4262155911
138 101 2181999691.6231613
138 102 20637322.61564993
138 103 1427517.9959651153
138 104 1303714.2252947437
138 105 322446414.42690563
138 106 545361417.7671438
138 107 43274472.97030226
138 109 5370113.268744378
138 110 10252239.81077251
138 111 106122471.75346132
138 112 16300094.335268388
138 113 831596857.6730053
138 114 639872494.5984439
138 115 1022764888.6983676
138 116 23272787.739517238
138 117 1055920583.3768833
138 118 23237823.991035897
138 119 950270.0017430865
138 120 285218.42218505207
138 121 321034.2124491777
138 122 9280967.336043783
138 123 740892.9683633127
138 124 235126.87564114094
138 125 68636799.04142731
138 126 51763376.42468916
138 127 13229449.52224662
138 129 1296043703.8413138
138 130 95040096.87341818
138 131 34599458.63758104
138 133 1500705056.3973567
138 134 13978643.790258126
138 135 9963432.26555025
138 136 2097989.3495633258
138 137 6768709220.6717
138 141 24497178.85169654
138 142 790701330.3876225
138 143 5959281.378116642
138 145 78608567.23665372
138 146 418765.96794971864
138 147 711862517.1021326
138 149 52122433.72715432
138 150 15807692.888510829
138 152 3128228126.5771275
138 153 33683994.72186085
138 154 218458475.86505887
138 157 264342242.15734416
138 160 26610531.140095327
138 161 9797691.575145513
139 0 14051834.317028426
139 1 11771145.957540413
139 6 61562979.09317647
139 7 54876995.93398881
139 8 14245046.85090912
139 10 14265526.124016749
139 11 8647758.107314508
139 14 316131369.65693676
139 16 504149.0538500747
139 18 38026206.230265655
139 19 170548974.51937553
139 20 26428308.260341417
139 21 65526009.350563146
139 22 12938166.25148295
139 24 14788074.70530552
139 25 14932955.622341486
139 26 50423064.388716325
139 27 8806665.647434209
139 28 341353.41866542987
139 30 71650445.95429713
139 31 7602525.061088728
139 32 865239.801335616
139 35 189796647.31128994
139 37 5072580.862974319
139 38 128766083.086325
139 40 222799484.75318968
139 42 5553434.367737227
139 43 37454296.78745852
139 44 1961401.619923142
139 45 197313825.22606227
139 46 6009820.058226564
139 49 68134458.16088252
139 50 10342325.08806087
139 51 146500037.2515561
139 52 32993560.789394535
139 54 74254565.31922323
139 56 88106258.96355258
139 57 1827100.421910904
139 58 14532222.963719506
139 61 2298617.367182663
139 63 73470474.14122383
139 64 13660956.838270847
139 65 92626965.3297208
139 66 19125723.1725571
139 67 84191082.74550343
139 68 4081054.1692619347
139 70 1187465.0711552612
139 71 263430578.5122211
139 72 15946460.010713719
139 74 141733763.81438428
139 75 32079088.69096401
139 76 362956965.173709
139 77 21767323.5112481
139 79 104417615.60298263
139 80 92829230.17068264
139 84 74675055.99570002
139 87 9577317.979524491
139 88 2488418.7571560633
139 89 95176824.68613859
139 91 574909.0054116283
139 94 35474338.99714904
139 95 33760925.07131419
139 97 92907546.02766101
139 98 2558428.7515446795
139 101 2474323.4587916173
139 102 11235577.748543514
139 103 67767742.80214128
139 104 1518092.5336177184
139 105 72395746.15957265
139 106 16561603.113950364
139 107 51048970.7393406
139 110 14959082.668854503
139 113 55662316.707967415
139 114 218456586.35795164
139 115 44129082.5703732
139 116 64873638.85867535
139 117 58151753.627365336
139 118 35101428.78385306
139 120 1415005.8796678637
139 121 905724.99497152
139 122 1050326.0451324424
139 125 5185621.8842780525
139 129 69279236.2353408
139 130 162103622.62901428
139 131 165630384.32601961
139 133 57432217.810459696
139 134 43800177.126773775
139 136 1560508.8537049193
139 138 30111887.03026009
139 141 15568319.196063792
139 142 67750572.6891878
139 143 328278.79318437097
139 145 50028343.95699363
139 146 96987941.43228601
139 147 129924634.40324454
139 150 33368889.809737064
139 152 63644022.33518978
139 154 129437018.4944356
139 157 78575417.35707434
139 160 15307013.092341015
139 161 7246528.347556893
140 10 3550025.479399815
140 12 12803545.222573785
140 13 16423227.645769749
140 18 2975084.1822789316
140 25 1140023.471746363
140 26 5109960.918611636
140 31 17322713.7096964
140 32 5977015.59088587
140 40 4820419.727292977
140 45 3948116.5772023494
140 49 833428.798001501
140 51 7619383.827587629
140 52 1071823.1797537464
140 54 4200523.4364199415
140 56 3364706.5986346123
140 65 1488449.9287389163
140 67 12959975.905044604
140 70 4300433.492915542
140 72 306407.33334012993
140 74 18003258.57732441
140 79 366831.3314944228
140 84 6289933.90904013
140 88 893587.4648568709
140 89 5083643.588660414
140 96 1245915.988810019
140 97 7339324.462512286
140 101 1809853.4852635046
140 102 24304214.7520087
140 103 260667.2247975116
140 105 22869107.58939611
140 106 5036973.407601594
140 107 2392359.312738571
140 114 11402766.179190768
140 116 5602597.227999082
140 117 1900774.602666313
140 118 27033633.660233676
140 125 1075749.9587633112
140 129 6096413.591488899
140 130 11344414.549413659
140 131 7833680.9174713725
140 133 2620567.8655725233
140 134 12487662.706690488
140 137 1819698.0505197074
140 141 1264476.1585247978
140 142 14452571.187107673
140 147 762064.4699140904
140 150 2905769.23283032
140 152 16696694.222832078
140 154 7338245.715993904
141 0 976439.8297744857
141 1 8414712.852084525
141 6 2957017.139872663
141 7 1911016.5358654857
141 11 2357592.36551894
141 13 9676816.569521328
141 14 1759959.5256886038
141 16 1444384.4314383264
141 19 1780269.6577781066
141 21 2645803.891008834
141 25 15362368.271862192
141 26 3254430.4002146428
141 30 31259217.005908538
141 31 11018287.163094323
141 32 5418192.664224483
141 35 4281539.6363458615
141 37 121670.8122291548
141 38 17618222.729267154
141 40 6171659.128349172
141 43 4720802.123732311
141 44 168090.71529760354
141 45 1785740.7828418564
141 46 8631785.676084712
141 49 7582039.6410329845
141 50 420767.2635185936
141 51 8084984.853496656
141 53 119598.21693795075
141 54 3441539.8729201723
141 56 17618188.268800065
141 57 556287.025887523
141 58 5088921.365148607
141 59 6143411.753953108
141 64 1456301.6225189576
141 65 568758.0695528719
141 66 2317070.257211228
141 68 8740773.357506964
141 70 1730499.9532688067
141 71 6953111.724265423
141 72 6754773.982850578
141 74 12539091.168032058
141 75 2481310.4026947725
141 76 2501935.0456274142
141 77 7850915.185414165
141 79 1287449.8244277677
141 84 14955426.275971776
141 86 484067.20237486716
141 87 3362204.9035308887
141 88 523686.79990737
141 89 11529724.161445946
141 94 1879868.7247457206
141 97 14454574.49854617
141 101 15937220.06064111
141 102 8975363.00610271
141 103 13795034.060128376
141 104 888670.236200895
141 105 6609734.104008877
141 107 1752953.396212675
141 113 1819193.235746172
141 115 9213867.91414022
141 117 1762053.1033831972
141 118 4915700.145958877
141 120 346279.4179119322
141 122 924220.2431397921
141 125 7879868.469824813
141 126 10302672.538259637
141 129 11494489.072926497
141 130 8196878.809628505
141 131 11951949.944376793
141 133 6178317.973119673
141 134 998211.1112308516
141 135 10938476.794747833
141 137 12890098.08157796
141 138 2498866.3048482076
141 142 107392.23013446384
141 143 732636.9500314048
141 145 3672549.459134633
141 147 2879856.653794499
141 150 1592584.069696359
141 152 10696764.501622757
141 153 5470221.369580511
141 154 3346543.1338295867
141 157 38044375.1637966
142 0 1242308.9920552182
142 1 9218708.99783629
142 4 67600056.5445152
142 6 1142857373.106821
142 7 1043849236.3978785
142 8 7614131.250834868
142 9 9432449.576437546
142 10 123548370.05036962
142 11 18418064.292744283
142 12 13461548.236513218
142 13 44893119.472363025
142 14 206701336.1232388
142 15 8986710.345417991
142 16 1618286.117527411
142 18 78023193.52491389
142 19 839995848.9998044
142 20 1570412.7014101094
142 21 451076308.0666221
142 22 2021998.6602657626
142 23 975989.4342096112
142 24 2572440.7234028876
142 25 80596799.31523633
142 26 8718359796.618242
142 27 788933.8098128893
142 28 580439.5817919626
142 30 144172943.96843034
142 31 2320893104.1456466
142 32 264891741.05693898
142 35 30939192.46377893
142 37 76344668.13983564
142 38 8810934.980732316
142 40 2248285322.8853183
142 42 4138573.994344328
142 43 35457512.28847742
142 44 39261883.244069315
142 45 87979250.08586717
142 46 29116238.28267522
142 49 367560580.7511398
142 50 5730451.778669226
142 51 2137280070.813249
142 52 1201557.0812194408
142 54 4137410114.3111744
142 56 1431174016.7903454
142 57 1850510.778451242
142 58 68537442.95741929
142 59 1803728.1607159474
142 61 10936404.070231155
142 63 16107689.745301852
142 64 1584801838.605952
142 65 2766457194.8760276
142 66 61907328.21649109
142 67 1732163686.8428416
142 68 901553549.8957182
142 69 347009394.8284876
142 70 711371872.5178976
142 71 1307692381.2657435
142 72 2205646462.983474
142 73 84966239.39843524
142 74 319421975.049737
142 75 15940678.846474888
142 76 165722615.42787173
142 77 128264363.30589426
142 79 1985535544.710458
142 80 238276274.17598543
142 83 29632306.347532365
142 84 158658328.86582115
142 86 1913764.8849003192
142 87 41218280.56138829
142 88 6941915.268107833
142 89 305554120.9851102
142 90 9722369.93357595
142 91 1770644.423859284
142 93 158115683.22159395
142 94 1724986145.1683366
142 95 921875.7851463129
142 97 136732348.10613796
142 98 168623.43340839224
142 101 1167595873.6246629
142 102 182794543.64715526
142 103 99481393.79209809
142 104 9554996.25050927
142 105 158614642.85266578
142 106 151253213.47138312
142 107 60025981.24197604
142 109 51956610.29772224
142 110 4498324.659682286
142 112 17035339.237579387
142 113 456478139.3289784
142 114 1033189259.691342
142 115 1528755900.8642802
142 116 7963798.324763313
142 117 1742490.8859075194
142 118 81796831.31516317
142 119 5097416.391255257
142 120 1121782.5925632548
142 121 8587014.707779696
142 122 4742470.41238776
142 123 4219630.286336786
142 125 577539544.7731435
142 126 81944480.62806411
142 127 15741304.604552027
142 129 2579290695.3938174
142 130 121045273.29645668
142 131 163697957.8336887
142 133 2186730137.8441477
142 134 130718199.25551572
142 135 4428260.910897152
142 136 3421195.3601774587
142 137 490470717.2049592
142 138 1743074979.6104603
142 141 64872593.38575967
142 143 3078880.262830696
142 145 74110377.85087134
142 146 433570657.3708599
142 147 19241831.33502392
142 149 18628836.24088906
142 150 112512556.20792638
142 152 12886431728.98558
142 153 53840816.62773294
142 154 6059422154.878043
142 157 226661277.45585182
142 160 7558845.766368626
142 161 4168960.962781067
143 1 3147840.4409724916
143 7 5925394.477417146
143 10 9493496.772557138
143 11 3356184.423985463
143 12 3121223.4553093133
143 14 838393.9314901886
143 16 38106.35000741715
143 19 9225630.50090524
143 21 103635.28092855228
143 25 351757.84496794856
143 26 5013487.98299195
143 30 1120752.4520903344
143 31 4863024.635594451
143 32 3697677.363826873
143 37 7680594.127327634
143 40 9942152.417307362
143 42 84294.98702381062
143 43 6086725.664198632
143 45 562170.0467555149
143 49 4181352.7552116862
143 50 6335173.590276547
143 51 5271736.412171196
143 54 14946923.879867412
143 56 65898.23483287141
143 58 8456159.157093093
143 59 5223340.73571954
143 64 13484971.353727091
143 65 2988145.027166522
143 66 11691497.012939477
143 67 1081036.7033892274
143 68 6995682.021738923
143 70 6007716.832820615
143 71 6826447.751027883
143 72 4035760.705852133
143 74 19247666.559827693
143 79 3929919.73690111
143 80 3756730.976903816
143 83 1972811.3688175369
143 84 1025255.1311976071
143 86 10922847.445626155
143 89 138492.050154173
143 94 9370179.22031489
143 95 801773.8861246349
143 97 2499887.444838102
143 101 4047958.6184661128
143 104 50923.68092243127
143 105 2645970.8825766933
143 106 5965236.152671644
143 107 8451761.685618691
143 110 3389087.8929916397
143 112 454067.3801064174
143 113 6920938.909210365
143 115 236442.06039090856
143 117 2509505.8251824407
143 118 7742930.571539789
143 120 4092596.361542568
143 121 407407.2868385928
143 125 11637436.789364235
143 129 6402936.383663868
143 130 1482043.9820280198
143 131 6455801.120992262
143 133 3915441.0741867777
143 137 6034133.002498386
143 138 4200131.342681086
143 141 2712452.1846690928
143 142 10388249.3554882
143 145 1486922.9535575416
143 146 1929124.8932671472
143 147 6716787.653907972
143 150 8598709.132981889
143 152 4648555.959568731
143 153 10446937.535480553
143 154 1268767.3285985298
143 157 2669658.82805615
143 160 5221829.745592133
144 4 251.58847598400345
144 6 414244.2341097404
144 7 420446.50001721614
144 14 66742.36545561101
144 26 918665.6538730969
144 31 737702.4924615079
144 32 1376487.8014021572
144 40 732859.7064487231
144 52 516174.0113463174
144 54 597164.5187622242
144 65 158091.04159203067
144 68 1033741.5510194212
144 70 1596685.709567964
144 72 282387.93328479485
144 74 1130899.6364672214
144 79 92419.54653037988
144 87 630894.4117897935
144 101 1768766.7223478018
144 105 462711.32994747255
144 106 1093546.046862717
144 114 2025327.9683846438
144 117 419211.2060196979
144 118 504900.1874490221
144 130 9494.364852196226
144 131 1071070.4256168352
144 133 15547.623068863197
144 138 130469.20396667662
144 142 852435.6140199167
144 147 76025.57231985677
144 152 199679.28419466814
144 154 608372.2825912385
145 1 96296038.1721999
145 4 94926950.41683224
145 6 44120616.39158
145 7 44713566.826140404
145 8 9284088.41820079
145 10 74500893.5184763
145 11 42028894.2118382
145 13 77096812.75638302
145 14 1257493.8683415267
145 18 3790576.0023525036
145 19 53999584.95204083
145 21 29867884.43653369
145 25 1026038.6385715678
145 26 46037664.42427888
145 30 178243549.0805312
145 31 42606475.99392813
145 32 58236569.404941574
145 35 117880715.4141335
145 37 21908995.786741074
145 38 432324.10970878624
145 40 110231419.29104048
145 43 13548916.46462657
145 46 43989897.27743607
145 49 73518235.34057635
145 50 2894017.280606631
145 51 43044456.013479345
145 52 20829990.85002593
145 54 169806316.48888144
145 56 61369473.70517384
145 58 53842217.648600146
145 63 25052770.226332642
145 64 92034761.1628001
145 65 6064183.159442827
145 66 2054254.3352446193
145 67 66835872.99738283
145 68 96673830.16233338
145 69 72856745.81234926
145 70 28784591.93477509
145 71 29092117.80591575
145 72 155933831.4349465
145 73 58212231.35031961
145 74 195955211.03301647
145 75 36732496.06487744
145 76 53532209.446091555
145 79 16522533.862883842
145 83 11503303.551651392
145 84 117985968.24536854
145 86 12703677.419984302
145 87 2952237.954563198
145 89 27506385.11621446
145 91 11555858.755539604
145 93 27579159.13694949
145 94 64969199.928362854
145 97 42405793.37503222
145 101 9897158.78186903
145 102 1691013.2509643154
145 103 5799214.632789098
145 105 6829294.709230381
145 107 23416238.270265523
145 112 16509147.745133491
145 113 7081724.174907646
145 114 36108189.200221166
145 115 34463381.08215569
145 116 33303687.111993648
145 117 56923129.0368839
145 118 1076078.5064748684
145 122 5645274.6423530495
145 123 1909300.9698285006
145 125 107074348.17298444
145 129 101539076.78007081
145 130 178052110.0122758
145 131 66385352.87077313
145 133 95004931.72292906
145 134 118232848.96823546
145 135 193562.61174131584
145 137 13027083.872145608
145 138 178665972.1432627
145 141 40796810.24438666
145 142 1976137.2138525771
145 146 54107245.65221241
145 147 44510573.73822673
145 150 98816380.09793492
145 152 14797036.442594375
145 154 35450857.86360947
145 157 26182875.455250327
145 160 9875117.226269439
145 161 5397786.781664578
146 0 15089640.308217892
146 1 39282061.98817532
146 4 51167644.96256068
146 6 64189148.85412239
146 7 188254232.04101595
146 8 1115247.318332095
146 10 20566348.904187623
146 11 108893899.02612497
146 12 56467.156539852236
146 13 199510484.22969526
146 14 50500316.458239935
146 15 9411256.896031285
146 18 86663732.0920302
146 19 90062980.18851428
146 21 68040740.55027315
146 22 5457635.858041107
146 23 6237402.3827451095
146 24 5857370.859669702
146 26 88475119.55590674
146 28 166347.7363593493
146 30 19073891.48010155
146 31 112526137.53242445
146 32 70682184.87246674
146 35 119853686.71319856
146 37 47372699.83065839
146 38 7690291.968370428
146 40 1335244.5910475117
146 42 1709294.6619708498
146 43 13062386.156397186
146 44 39021695.31160783
146 45 8128309.056828788
146 46 1357862.8508771444
146 49 44985908.707894325
146 50 16138111.783902196
146 51 65361103.72578121
146 52 30532846.95776364
146 53 948739.4584728361
146 54 39803756.813774034
146 56 97381409.59952661
146 58 1774866.9404989425
146 59 2458099.1402797312
146 61 12998913.072949607
146 63 19093723.63844167
146 64 62800535.321464404
146 65 116453833.32500322
146 66 2101021.6332445904
146 67 78110833.22792304
146 68 85280598.9343624
146 70 215072073.9440963
146 71 84948460.31528991
146 72 307939313.46411
146 73 25631778.137232445
146 74 66422412.40258612
146 75 83890527.76256932
146 76 60147331.589710936
146 77 8420197.866467971
146 79 217317478.6344939
146 80 53280443.2048741
146 83 51036890.4952359
146 84 238325591.38420346
146 87 3621997.192436886
146 89 5879729.9212499885
146 91 24082294.406685054
146 93 22377237.878479324
146 94 89723595.91007556
146 96 7524006.597232398
146 97 64423635.95586819
146 98 581612.2224599243
146 101 45993772.81361693
146 102 290564140.60621834
146 103 13299341.10272968
146 105 5616914.97338265
146 106 36632680.00358723
146 107 29246076.92043425
146 110 14005357.713779833
146 111 13784396.376132501
146 112 13290160.137592714
146 113 137904230.81995136
146 114 28431556.369456686
146 115 143197404.72535726
146 116 19438977.807611637
146 117 57982671.300549835
146 118 63194849.93751643
146 119 4796786.247001377
146 121 46934.86830849207
146 122 5973676.609817317
146 125 718555.3780575482
146 126 3489071.781576732
146 129 158976498.26252952
146 130 177847478.45912945
146 131 84581608.61991219
146 133 13653890.027503097
146 134 3643441.838414905
146 135 42832393.188720174
146 137 16435354.256720113
146 138 23768187.988073517
146 141 19111488.354737826
146 142 41922405.80069779
146 143 2556124.0379712763
146 145 16595050.46197218
146 147 230631514.42804506
146 149 2219950.780341682
146 152 270739815.800871
146 153 35467348.30350282
146 154 33064434.484890245
146 157 38188735.02638005
146 160 13913817.982029278
146 161 40898397.80962532
147 0 29936612.235507052
147 1 45138869.526271924
147 4 23352558.708302557
147 6 846187918.5484366
147 7 1080092476.2118053
147 8 8732292.47895548
147 9 12568054.346808422
147 10 157135241.2273207
147 11 2785190.151371219
147 12 3593977.2703627166
147 13 42162154.50141909
147 14 511811259.44111603
147 15 436307.6307282
147 16 2686032.26541513
147 18 61172420.04173109
147 19 1416847545.9790037
147 20 1544233.1595469932
147 21 14750912.67460269
147 22 5424461.5576908775
147 23 4601109.074181777
147 24 12340911.551570836
147 25 5453196.480338274
147 26 730052907.1689657
147 28 752649.7919788496
147 30 58177032.87687034
147 31 103753893.12703848
147 32 30002512.713640556
147 35 197336741.24195164
147 37 103825129.72064431
147 38 33801153.72773286
147 40 285092147.5695858
147 42 862330.3369438436
147 43 81265969.5779893
147 44 17723557.337558452
147 45 17057587.710293643
147 46 77389337.82622148
147 49 216161727.5596742
147 50 16488369.339478761
147 51 13987909.162051529
147 52 16268318.398376951
147 53 3943619.0254066777
147 54 488630138.1167141
147 56 534255140.48068696
147 57 13852802.245046822
147 58 34065324.927509785
147 59 6126585.381044734
147 61 3206310.346832376
147 63 15702844.368638875
147 64 1255789.262643061
147 65 1108002272.7124035
147 66 67174779.99567963
147 68 1460503351.3032837
147 69 207495018.3455153
147 70 657919521.7215977
147 71 494981320.2374666
147 72 77938374.62603477
147 73 3168775.5170598538
147 74 215588388.14132226
147 75 68046910.21716994
147 76 172069090.1925421
147 77 31770364.400842227
147 79 158913876.26159018
147 80 70018461.19332834
147 83 18669470.508374672
147 84 127861044.52756749
147 87 1531694.6407490938
147 88 1746360.5035030218
147 89 367133823.2925179
147 90 2520692.08056399
147 91 16699966.510882903
147 93 4484306.530818979
147 94 1156230132.9380126
147 95 2923650.7470002784
147 96 306541.27369965304
147 97 178536336.83897194
147 98 1509159.123601135
147 101 231614323.24724844
147 102 88912889.4250725
147 103 4447300.646416191
147 104 554382.2621367674
147 105 177140325.80377588
147 106 67780363.69310012
147 107 90692877.49341126
147 109 23267898.799025636
147 110 2714379.453683921
147 111 23897988.77692269
147 112 243695756.80461955
147 113 473406894.96401143
147 114 50084351.11831835
147 115 101973563.66303673
147 116 23466042.447964504
147 117 34645312.719131015
147 118 439057149.28842944
147 119 526924.6580853452
147 120 1098369.4059881647
147 121 1441829.584696373
147 122 2207169.921307611
147 123 186550.22074165344
147 125 207198759.1125993
147 126 28245573.435480554
147 129 65145968.05766853
147 130 35310467.1393449
147 131 18875622.276345275
147 133 804303470.7192318
147 134 11868163.971746802
147 135 317491.30553956464
147 136 1685443.2683069813
147 137 592549821.1393784
147 138 495885810.84353876
147 141 5892311.399928961
147 142 170021256.85770836
147 143 4413868.270816244
147 145 19692414.195502758
147 146 448601113.3445147
147 149 3855691.3758541048
147 150 95046851.98108535
147 152 166299428.8057666
147 153 916825.184909499
147 154 69671878.53309418
147 157 183756570.04546413
147 160 1429660.8557234642
147 161 6423883.513760853
148 0 33033042.7025356
148 4 6711332.694560087
148 6 135495296.0231989
148 7 50201454.199817665
148 9 20058659.21861164
148 10 8242029.486667693
148 11 44575870.393853776
148 12 1210204.420955637
148 13 133425315.20736097
148 14 15552074.689982807
148 19 155955310.22326997
148 21 26995934.351667035
148 26 52192595.606362134
148 31 12835361.029456403
148 32 18843315.24399174
148 35 52929139.31541133
148 37 10426361.069398073
148 40 43746787.745189376
148 46 2958652.0125259203
148 49 95579800.88341935
148 50 33430743.32143282
148 51 75154284.0765306
148 52 5670231.505866608
148 54 93599506.34426351
148 64 12075313.870909492
148 65 51487878.628590986
148 66 5106172.245184316
148 67 25410704.258351415
148 69 18979727.912790753
148 70 34902849.92461947
148 72 45867151.505588196
148 73 17939389.39158193
148 74 44293890.37800848
148 75 60580029.40616671
148 76 2255586.110410296
148 77 68171178.55719952
148 79 64321446.81829661
148 80 69535858.56286941
148 84 36557122.09575426
148 87 2817969.591443998
148 89 25964619.984235335
148 94 128745449.26611726
148 97 14360676.129427
148 101 21082531.01972196
148 102 11592970.622176008
148 105 43606013.18353651
148 107 26073442.060530152
148 112 22966920.63576868
148 114 44609597.00851648
148 115 25250286.818352364
148 118 12798334.958267571
148 125 25049420.71705993
148 129 25923554.304779913
148 130 191295250.07763147
148 131 4187008.8535426413
148 133 110556525.47325797
148 137 67526060.63612987
148 138 28861333.349923737
148 142 7904778.1833600225
148 143 919691.5055916151
148 150 92628993.66384749
148 152 131057555.00195089
148 154 83127311.85236369
149 1 416640.0215292886
149 4 4944150.080557476
149 6 8492473.225831099
149 7 8001031.307925789
149 8 9617.402750482757
149 10 4068057.060987961
149 11 3048442.5073739775
149 12 257659.73092875275
149 13 25019420.535955407
149 14 1611277.0838180496
149 19 10758716.97161963
149 24 8478950.402276041
149 25 5788621.633038497
149 26 2414881.6803679923
149 31 3789810.5537288743
149 32 1452053.4949430302
149 35 5923933.109649578
149 37 1331972.3430469409
149 38 9627361.508528987
149 40 10373841.947648726
149 42 343080.6804197553
149 43 1955508.6832956115
149 44 7755626.795602214
149 45 1695471.3413133519
149 49 1613842.5937819947
149 51 5108102.110277452
149 53 239142.08765641996
149 54 10255479.979544042
149 56 15162715.790354643
149 59 11585768.559923358
149 61 4972133.585811047
149 63 84450.86947374024
149 64 1621347.5266181838
149 65 1494037.2522403256
149 66 16929507.685914766
149 67 11077390.691558752
149 68 908912.909620283
149 69 27675895.085612714
149 70 382163.8005561015
149 71 8950494.633692048
149 72 4060376.545853894
149 74 3592431.909667698
149 75 207263.38594882158
149 76 10214902.638857277
149 77 7654791.814411644
149 79 7763357.2669928875
149 80 6183796.070810081
149 84 10033416.877110064
149 87 649660.5671527099
149 88 2610271.619348178
149 89 331517.38575194497
149 91 4076554.871586417
149 93 4983466.785364979
149 94 9284922.625938755
149 95 15145336.494518286
149 98 2028458.8146981723
149 101 1519720.7464957277
149 102 6807590.919631241
149 103 1136228.7661935794
149 104 1264641.4954136238
149 105 197437.23967664703
149 106 190033.9120380497
149 107 2253080.9491159897
149 110 1118465.4421183406
149 115 701946.1182229745
149 116 1855700.314334931
149 117 1703085.780510909
149 118 4260024.827574301
149 119 1785114.586277316
149 120 1464854.3536473424
149 122 153950.05259771782
149 125 11160900.8584107
149 126 10076968.509326993
149 129 1192582.2778361319
149 130 1189675.652621911
149 131 1163.3489420448623
149 133 2576603.7198486747
149 134 1795413.0192413335
149 135 1316459.0813544327
149 136 9613610.787243087
149 137 725106.6870573446
149 138 3419624.417425511
149 141 4530927.468708476
149 142 1242628.5490988016
149 145 3352941.588986625
149 146 2984316.698318099
149 147 6670831.166191982
149 150 353375.9939088681
149 152 780677.7901142471
149 153 18128237.7826001
149 154 10938263.777298674
149 157 203582.18542927803
149 160 4306024.644250591
149 161 1146205.8572143696
150 1 97751764.47071984
150 4 89290484.96038027
150 6 1701634344.2076101
150 7 77653191.19151479
150 8 30226233.079089236
150 10 3490184.482715998
150 11 8450687.70163687
150 12 17028444.566345952
150 13 44569923.4045116
150 14 141863568.02497473
150 15 3026345.86609957
150 16 5824485.060539574
150 18 18623567.854160566
150 19 148769021.38125792
150 20 63298166.06091675
150 21 59553493.7933376
150 22 707178.6717231539
150 24 26932677.911584314
150 25 32130822.65611117
150 26 886528336.5764923
150 27 1277743.946869126
150 30 357540004.23034495
150 31 928231270.0388888
150 32 159236732.84196597
150 35 26403655.89145959
150 37 22823348.052054096
150 38 19953601.85101232
150 40 58987408.62154907
150 42 2459613.5885960734
150 43 96339310.41355872
150 44 74759964.22408417
150 45 515442899.08146876
150 46 14243366.67135012
150 49 380935919.27133614
150 50 21967800.53196216
150 51 101817141.1721132
150 52 17163694.15378769
150 53 780057.1831934141
150 54 357201281.17579263
150 56 45309465.333906025
150 57 8790925.97940493
150 58 131369162.42350118
150 59 13158344.506162219
150 63 4057108.709543311
150 64 223981656.35169652
150 65 567097405.451347
150 66 21762204.831488993
150 67 515076638.3601483
150 68 545730246.8818376
150 69 7709505.620233513
150 70 97654338.83938338
150 71 85274251.45061949
150 72 201240586.21667773
150 73 14707173.62194657
150 74 125487435.43035965
150 75 37337796.790356
150 76 1975488.2471224573
150 77 107206944.06054398
150 79 381680754.90240663
150 80 115480409.32377072
150 83 12997424.845562
150 84 162564201.61467126
150 86 11646899.211182939
150 87 1445984.3324578262
150 88 2084048.7409376043
150 89 160742695.10585895
150 90 1782334.2344463002
150 91 12027075.701233687
150 93 52919997.51465565
150 94 297317788.4561186
150 95 1543598.0301768011
150 101 610254839.3720816
150 102 253727066.47984636
150 103 16305508.617318701
150 104 8822348.171584202
150 105 317619001.5889654
150 106 75383130.41270675
150 107 500101522.6976387
150 110 33777279.99597775
150 112 471510559.9319439
150 113 155726416.50777268
150 114 216587772.82923478
150 115 899483659.8768592
150 116 135255092.06492627
150 117 107952868.58421925
150 118 120222854.15342294
150 119 466489.15250779904
150 120 515489.65899562306
150 121 9322283.785132747
150 122 3156985.5851180437
150 123 2454491.455272255
150 125 398548366.78808504
150 126 10801928.755335193
150 129 476345389.13898665
150 130 83262656.9224794
150 131 32786301.3680447
150 133 554306972.4863333
150 134 203499497.77767605
150 135 5826770.714143288
150 136 9200272.436926741
150 137 209038515.07830507
150 138 88539892.20753719
150 141 17432028.682512652
150 142 123405977.59569612
150 143 1573133.3155421396
150 145 82967154.0554344
150 146 68124711.6452071
150 147 125852729.15295264
150 149 22375847.99009311
150 152 132527992.04832557
150 153 52940679.57342315
150 154 317145984.0884611
150 157 53435685.414857484
150 161 6291674.277122173
151 0 301064.2599388152
151 1 170646041.76808384
151 4 348664384.2140569
151 6 561334605.7652459
151 7 853813331.1024753
151 8 2367194.370154489
151 9 78236842.77020283
151 10 56349598.12891081
151 11 17449869.848349266
151 12 1137844.416807554
151 13 172697180.33851758
151 14 109431641.92017631
151 15 3202400.6210403666
151 16 137912.3646981108
151 18 42962550.89117995
151 19 648526449.5110608
151 20 21533355.529218648
151 21 14119837.538136482
151 22 7416456.766374259
151 23 5551578.556802478
151 25 49986923.273516506
151 26 111449116.5546363
151 27 1801254.8716900633
151 28 1226271.5670591143
151 30 8188745.716859216
151 31 142556736.2230253
151 32 3585202.3986716974
151 35 83691129.28220282
151 37 124015515.17027992
151 40 158421900.77852744
151 42 2218375.764621996
151 43 51392703.12331958
151 44 79906707.54027525
151 45 22860387.113397066
151 46 47699038.754053034
151 49 535538599.42725646
151 50 7409360.403954631
151 51 1899526376.4410543
151 52 19979368.796194907
151 53 792633.8411096727
151 54 123799879.04997152
151 56 360872571.03548646
151 57 3118603.131957016
151 58 916304.7721533198
151 59 1653045.0672930027
151 63 314321059.5033831
151 64 697743413.5036525
151 65 324043069.86444545
151 66 34440612.414312996
151 67 762468697.2726692
151 68 83005561.20696957
151 70 57586610.03550108
151 71 592419048.6742659
151 72 458728721.6938836
151 73 69577293.60276438
151 74 728316248.4702545
151 75 8918347.748579925
151 76 1387961.1562544967
151 77 21701877.265650135
151 79 1016806768.0025817
151 80 200433719.46665746
151 83 4717735.630753397
151 84 210506791.26178604
151 86 98630126.53406727
151 87 10259553.222694369
151 88 9602363.083575556
151 89 264863488.19637936
151 91 11583724.1463924
151 93 4797334.741519755
151 94 798192173.3784529
151 95 1117822.0671880327
151 96 3174018.2699266984
151 97 39331881.11983023
151 98 8200403.762041213
151 101 392333681.3191541
151 102 8947888.380389413
151 103 33137471.58965257
151 104 9024531.04520151
151 105 63359907.166510664
151 106 346068915.5136483
151 107 98401223.54861192
151 109 2482450.74360221
151 111 5423810.885118888
151 112 599714545.2275962
151 113 118537827.39510438
151 114 7710332.479615696
151 115 879309436.457459
151 116 43640008.47037702
151 117 213994123.2055256
151 118 275734822.46929365
151 120 1941591.9071650687
151 121 14303358.576836197
151 122 3275310.9815834826
151 125 46693778.115335785
151 126 15837764.372661557
151 127 10020067.884010494
151 129 543890447.0299163
151 130 115294893.81070736
151 131 75476319.56803298
151 133 134665613.3555892
151 135 112425461.60576236
151 137 209898543.5155424
151 138 215433423.4590145
151 141 5442096.637511767
151 142 1855976308.852253
151 143 8218253.907024885
151 145 40019878.271769375
151 146 26225464.284479745
151 147 117450689.20488466
151 149 9071116.52715797
151 150 338059675.89926136
151 152 116754843.29797573
151 153 62350231.93822847
151 154 548698000.6100612
151 157 307697410.4751587
151 160 6322396.752035846
151 161 8576764.234158594
152 0 6416583.157094843
152 1 45594072.50601284
152 4 26207053.27383353
152 6 293822037.2417749
152 7 589768831.8679761
152 8 890297.9222424868
152 9 8252081.664026516
152 10 17340517.243117537
152 11 823487.7752815564
152 12 11282139.511685051
152 13 175145391.27325836
152 14 230873202.15157723
152 15 5581072.302327305
152 16 3110752.8300323575
152 18 34231901.20050263
152 19 1210044811.546256
152 20 699820.9349609081
152 21 95605975.81016642
152 22 7452434.7343821395
152 23 12062149.798670989
152 24 6341781.512966579
152 25 11384991.444085248
152 26 6835952269.390536
152 27 1328948.8642592144
152 28 870127.4962240319
152 30 802932033.0373452
152 31 1584807131.6608748
152 32 152452471.48094606
152 35 109030288.44494861
152 37 32371441.091412302
152 38 4614430.550543518
152 40 1754072111.8143342
152 42 1699855.8893267387
152 43 45773260.919257335
152 44 3351047.3811904425
152 45 2202403.733222743
152 46 5829187.655234041
152 49 1246290186.4105773
152 50 36042407.86965034
152 51 11510167683.276865
152 52 29007796.17210876
152 53 823322.7611296829
152 54 19521712482.473476
152 56 1194936296.2140846
152 57 1346640.3334053617
152 58 70072049.42212759
152 59 779242.3145231067
152 61 5244.859859752316
152 63 6759410.037860727
152 64 19444077986.716606
152 65 2309170588.813334
152 66 14682834.724806705
152 67 460012779.62817866
152 68 765922032.7085932
152 69 980455277.1106343
152 70 782388097.6753471
152 71 96710326.41232288
152 72 16766488166.931349
152 73 74269787.20710364
152 74 22516890745.631077
152 75 83046614.43761395
152 76 100415508.21298936
152 77 62177556.682080775
152 79 3725686111.677274
152 80 82162211.82388273
152 83 24153914.125483025
152 84 255560470.64306343
152 86 222422017.33038655
152 87 1136610.0958083528
152 88 1495779.1822183721
152 89 2838037155.890614
152 90 10743216.065611668
152 91 1467311.74118886
152 93 39413509.01430825
152 94 6260373649.037207
152 95 17551229.424694274
152 96 1759666.1215636572
152 97 374921157.9934605
152 98 3173925.1427059355
152 101 20958718803.04072
152 102 123173854.07119618
152 103 20828161.36537617
152 104 10345124.823999897
152 105 134914784.52819481
152 106 481385314.5518832
152 107 8563623.683415284
152 109 195181744.97971067
152 110 9223038.84208193
152 111 157246027.41988757
152 112 228940112.72338873
152 113 1196475349.3828895
152 114 2268193739.8610277
152 115 86028243.40069583
152 116 101610944.0921742
152 117 71301792.1453933
152 118 1932070678.875928
152 119 543986.3907388248
152 120 280739.5836374819
152 121 3101387.377962748
152 122 559007.764249617
152 123 247759.4722850876
152 124 491277.05080043414
152 125 324016579.7825894
152 126 126045411.23367272
152 127 8939897.453130001
152 129 499888379.8120178
152 130 172720627.92378408
152 131 194436045.64937362
152 133 8933948088.757217
152 134 31336446.58416441
152 135 22246771.863987487
152 136 13428321.80374365
152 137 109027071.05301085
152 138 3125437899.4558463
152 141 23667220.497744326
152 142 186045333.2138272
152 143 11478062.290998287
152 145 1003293.3377227356
152 146 400169336.7914036
152 147 1292162455.4133627
152 149 8258238.654490443
152 150 26095143.184927296
152 153 15647078.067481553
152 154 8098479149.457868
152 157 56479121.45422641
152 160 23276556.53060031
152 161 3183596.057334395
153 0 47283530.44429607
153 1 59753085.097926654
153 4 110186337.42909944
153 6 10184852.030748121
153 7 57870082.37962051
153 8 15154760.844302855
153 11 44281341.572799094
153 13 5569455.9086275855
153 14 92147766.409114
153 15 9784869.835444415
153 16 9314496.017950058
153 18 47515055.33183738
153 19 1124298.5653845086
153 21 6241259.431623741
153 22 18206989.53684647
153 23 9380297.45667373
153 25 39841410.643503435
153 26 12788323.86658177
153 30 7254465.940146871
153 32 40132914.87704692
153 37 29678991.252674732
153 38 836656.8850561259
153 40 36302685.89960578
153 43 34287484.5582861
153 44 11828230.596696932
153 45 939814.9707560238
153 49 61155845.71135932
153 50 1028948.6060925884
153 51 29761064.368867487
153 53 187969.91728857343
153 54 15870891.745033454
153 56 24296772.61393385
153 58 11677394.469042892
153 59 13068047.837855583
153 63 21896666.212308314
153 64 20815528.232526217
153 65 21256806.366192397
153 66 3770691.053330805
153 67 9760584.445134683
153 68 26796067.155744933
153 69 63808284.095381476
153 70 17640375.298459116
153 71 264575892.93905863
153 72 36130240.415306464
153 73 2385185.422778036
153 74 12672763.90079006
153 75 59475818.853272304
153 76 11309767.943455627
153 77 4414837.46852805
153 79 20725217.64585896
153 84 34993323.016326025
153 89 43247872.20530842
153 91 4355626.720581872
153 93 4186628.7455190066
153 94 38254980.36499832
153 95 2549539.1644975753
153 97 63163493.131800145
153 98 2357017.8506140364
153 101 2365940.059152183
153 102 71708191.71651046
153 103 26876076.47721888
153 104 7218435.190373749
153 105 30341328.384846456
153 106 62800773.14436707
153 110 13833295.793329773
153 113 33057347.65152505
153 114 12507942.157960325
153 115 8369784.242663241
153 116 24350284.11830348
153 117 64403255.06193076
153 118 49990624.734344795
153 119 1408981.0516473644
153 120 1982606.0812185416
153 123 1216277.8504662656
153 125 66988829.43538965
153 126 16823711.730805397
153 129 57689789.25089564
153 130 37227469.752915084
153 131 3925694.2210073746
153 133 82580207.72777896
153 134 23339267.17403422
153 136 585946.2442483115
153 137 88570251.57071412
153 138 17172607.79276305
153 141 5201645.967499232
153 142 95857663.86510877
153 143 3785158.6488952427
153 145 13215840.493493436
153 146 6000309.235289131
153 147 1948484.5021122121
153 149 3925645.776721258
153 150 6069654.38830087
153 152 6225416.386767673
153 154 25970972.71432421
153 157 25415291.05374878
153 160 18510319.831084866
153 161 8351393.467340863
154 0 5995620.691840634
154 1 87620881.3685057
154 4 60457075.74531677
154 6 5788128793.568158
154 7 191350174.21262205
154 8 45127649.504585676
154 9 38904082.47329446
154 10 4765730.611472327
154 11 74059586.01341598
154 12 7465989.940864041
154 13 28884176.005619947
154 14 654058574.6837581
154 15 3016077.2395750065
154 16 7967540.192438067
154 18 29302458.499312766
154 19 533851504.3404907
154 20 47746528.68465827
154 21 18972858.4152655
154 22 799509.2277946915
154 23 344263.57817536604
154 24 40087498.686449334
154 25 87218499.62445742
154 26 6137972012.957503
154 27 8989567.695405765
154 28 2464981.131401929
154 30 104362516.1582767
154 31 12870538742.467909
154 32 379268571.564098
154 35 16144901.625180433
154 37 52082759.29700838
154 38 40015225.314182766
154 40 1298717561.62097
154 42 436953.5956122356
154 43 4895366.361953036
154 44 195828076.97927815
154 45 450466620.73031574
154 46 23632408.183833227
154 49 913619656.8617746
154 50 57359719.85630382
154 51 22477596857.114285
154 52 36401939.737993084
154 53 977839.7754708576
154 54 35486893822.455925
154 56 883576340.6841063
154 57 573705.9190079857
154 58 50473974.34587385
154 59 5894778.238230449
154 61 1509152.484189723
154 63 12615352.320906999
154 64 3209192160.5322847
154 65 1888615913.3292577
154 66 3950.0124555784764
154 67 436915818.44392246
154 68 564141250.5780187
154 69 1307641.7306054456
154 70 232457003.5018035
154 71 1427309568.7913866
154 72 5725281532.256549
154 73 58066508.14477325
154 74 115994951237.57643
154 75 770543.8654738734
154 76 239050483.84050602
154 77 37920544.59452543
154 79 4726289538.497764
154 80 231507486.36065242
154 83 12465835.637850514
154 84 14087248.205327585
154 86 91259628.66565995
154 87 1564319.0656972455
154 88 2891628.62926634
154 89 3755298657.167598
154 90 30058449.01325512
154 91 6482082.488176005
154 93 612064.0290345426
154 94 17786295060.51698
154 95 14406050.32560064
154 96 2327606.9991434896
154 97 224576598.6361356
154 98 4700839.098610066
154 101 15674701421.340506
154 102 920102256.0415455
154 103 23267372.41911705
154 104 13424361.442282831
154 105 69164959.54590358
154 106 2479055461.635577
154 107 6422641.591274235
154 109 5021037.457210956
154 110 14588962.253241042
154 111 50680570.776433624
154 112 89225825.8805101
154 113 694656017.3916107
154 114 140269872.58903664
154 115 668330750.9851842
154 116 29889922.638887998
154 117 589992094.5100816
154 118 571653734.812183
154 119 5694665.704782341
154 120 7064397.7692656135
154 121 809032.514773421
154 122 1017479.9807102263
154 123 470381.9783987454
154 124 499957.8398721808
154 125 475563882.725897
154 126 29426377.32224768
154 127 2911959.7342623537
154 129 169037665.05650926
154 130 181472935.46362096
154 131 99008279.45772573
154 133 27124513146.669888
154 134 140458195.2470196
154 135 10337902.026700445
154 136 3003892.298254141
154 137 5078360474.035595
154 138 17844558962.133175
154 141 7004738.528849134
154 142 2780860332.351424
154 143 3429467.2829679106
154 145 16046541.757220615
154 146 742449343.2227435
154 147 1611588633.98741
154 149 4611031.451784949
154 150 178229771.64212716
154 152 19812955076.64143
154 153 4309629.596277496
154 157 323530071.1478521
154 160 2010039.1632393363
154 161 845463.6496923817
155 1 24660487.186123095
155 4 3688730.427021642
155 6 43155325.856365584
155 7 553851.9108547182
155 14 76561909.98080549
155 15 2030478.695405018
155 16 12898876.145494226
155 19 8169315.82115048
155 21 21469607.86700184
155 24 5321777.459461494
155 26 6633796.43607317
155 32 44329201.283311516
155 37 25535908.335898913
155 38 107148302.63595723
155 40 4488136.584235888
155 43 58414332.01546496
155 45 3050095.8278788324
155 46 92425007.87216029
155 49 460631.82808810385
155 51 65058500.638060436
155 52 34392657.43270476
155 54 69018401.33679302
155 58 4362410.493053144
155 59 4997698.681342954
155 63 3816262.070691905
155 64 314238758.0208673
155 65 27875918.528055016
155 66 14031220.551587265
155 67 89416717.21968529
155 68 25838500.49982854
155 69 9168253.260161119
155 70 77415376.5085861
155 72 130861258.78170215
155 74 13891124.384586437
155 75 15338131.181425525
155 76 33013226.81923142
155 79 864090.7024294214
155 84 27414136.32396429
155 88 7707518.80678494
155 89 65281699.4966314
155 94 6374035.887700043
155 101 38535437.678554736
155 102 5946777.020407783
155 103 17217646.01648657
155 105 7654407.075692746
155 106 28417214.02729271
155 107 21793645.18729175
155 113 84749111.12308921
155 115 23615405.024441972
155 116 9782670.65182138
155 117 7613230.793125466
155 118 37764820.627989896
155 122 1597523.336367324
155 125 19264607.09176468
155 129 15072131.435740989
155 130 25759429.288640562
155 131 58797746.84705658
155 133 17248648.9702693
155 134 36079766.46613707
155 137 42340382.80205993
155 138 22174634.269498743
155 142 9197663.402365329
155 143 231910.9127427038
155 147 50820282.86275433
155 150 10443882.159741372
155 152 51299815.287966676
155 154 8967771.22211428
156 6 212595.42888305482
156 7 209697.23436081488
156 13 2077870.0664240576
156 14 365975.44577619707
156 16 1569848.6639823362
156 19 2043429.4975193292
156 22 263313.2273812175
156 25 1760666.790164494
156 26 695901.6815212901
156 35 464473.0083793109
156 37 1001871.7911069951
156 38 352124.86378769646
156 40 10581.413405865573
156 49 1786370.5095217887
156 51 86058.13527411099
156 54 308156.78073979565
156 64 86729.28777093577
156 65 870889.8518839845
156 68 4518219.102447048
156 70 1040600.0906907642
156 72 4525722.190366847
156 74 391790.3556824937
156 77 2294513.1096009924
156 79 1198067.278771665
156 84 893165.4287661212
156 89 210559.19106602515
156 94 125232.68763752622
156 97 2475134.5138892736
156 101 277892.2816329274
156 105 84754.21452122457
156 106 80191.48520761436
156 115 772280.4958777827
156 125 568138.6739929565
156 129 1846674.207951539
156 130 687759.6033887386
156 133 1052269.4552459102
156 138 231984.77553140078
156 142 536912.6214065825
156 145 327737.5404905472
156 146 983642.4941953224
156 147 290191.0748197594
156 152 2613811.4551906995
156 154 30464.543900329045
156 160 305219.48428396106
157 4 12309730.737963852
157 6 135594584.2013681
157 7 475479772.0137479
157 10 85433161.25527644
157 11 80206942.2661276
157 12 6876124.804251446
157 13 22169257.24240146
157 14 76963983.24225903
157 15 12104796.190598533
157 16 2375827.077159337
157 18 10380137.05243629
157 19 166888959.83766568
157 21 110845112.17158394
157 22 8261707.869735862
157 24 245176.1887224645
157 25 17915517.624562405
157 26 303984631.94394875
157 27 3319127.6366285174
157 30 18400135.80602687
157 31 107236236.51853156
157 32 97574267.08125106
157 35 20806680.006476194
157 37 11302354.904563267
157 40 285454028.7421045
157 42 548695.4644233228
157 43 126576231.75488959
157 44 73584452.28845865
157 45 8755699.973871624
157 46 3101436.079311873
157 49 63798988.90947588
157 50 29914698.45464668
157 51 104108104.39635919
157 52 4320016.284381509
157 54 941554068.780322
157 56 24184201.882651657
157 58 58118223.14026215
157 59 2553804.289635548
157 61 10415222.134782907
157 63 32131371.68470763
157 64 37797806.83444343
157 65 113178102.52868477
157 66 223323.36998408713
157 67 210334783.23963058
157 68 217283477.91344377
157 69 8750375.239042588
157 70 7578007.658768046
157 71 366402952.63757694
157 72 139396264.3954404
157 74 389500039.9725846
157 75 105956353.53597476
157 77 29270105.31784917
157 79 374672359.78323585
157 80 64036737.293714
157 83 61016667.045843825
157 84 4147174.518388363
157 86 42983761.724587895
157 87 238018.60148997506
157 88 9206884.156552343
157 89 2847450.890673484
157 90 28759427.876898717
157 93 29945730.111319833
157 94 305367571.370951
157 95 1521334.439246
157 97 51175961.39525701
157 98 10255056.184012707
157 101 31547929.76820542
157 102 724823578.4162731
157 103 5995175.73452791
157 104 2690296.548845775
157 105 139618967.27213556
157 106 94257244.63987952
157 107 4270188.683321378
157 111 59653669.02257015
157 112 77899319.94784206
157 113 3032860.2890384006
157 114 394631520.484351
157 115 597650207.6590213
157 116 59999329.69685949
157 117 145386639.9220193
157 118 306371352.1880002
157 119 1017408.6042375476
157 122 367423.43715206557
157 125 11070065.72102789
157 126 694543.3236971
157 127 1017376.0138346854
157 129 267157079.75122717
157 130 233219647.4720665
157 131 313017575.3403609
157 133 123923469.81001523
157 134 11503587.039677486
157 136 5800775.5081008505
157 137 1191572550.7007828
157 138 617218605.7891308
157 141 9173570.7919059
157 142 20285406.123830453
157 143 10574421.5713828
157 145 44437326.91652995
157 146 26796397.475077353
157 147 46485654.20117701
157 149 1070960.1089685112
157 150 347561127.43738174
157 152 843994438.8874149
157 153 147285628.43620253
157 154 221327100.5679753
157 160 35004750.12861121
157 161 18065512.547192667
158 0 30629657.10100965
158 1 34443646.04108603
158 4 92544965.18123922
158 6 89289239.21513337
158 7 1959407.1176368885
158 8 17364763.459760785
158 10 67022446.709642194
158 11 28617576.5237559
158 12 3381498.5881570727
158 13 85646568.16688544
158 14 355495265.2449602
158 15 16144645.48503288
158 16 13713012.21663401
158 18 4757836.387129218
158 19 164598611.18148294
158 20 2829178.402924393
158 21 58068855.84736538
158 22 112685.0974462834
158 23 1254435.0680865564
158 25 20539094.29413423
158 26 249095619.6196986
158 27 267981.84393818886
158 28 2601244.926076846
158 30 21512325.14993907
158 31 1698320507.9237883
158 32 169437968.5065741
158 35 249989320.35534498
158 37 179613769.90487117
158 38 26436993.261261877
158 40 36957711.70411502
158 42 48481.73108934691
158 43 34577022.381232806
158 44 17800245.799553085
158 45 16994105.506260794
158 46 135103269.5761157
158 49 23895011.67971334
158 50 15255291.580320127
158 51 35533740.39558139
158 52 33151594.911314473
158 53 848230.5865717127
158 54 963822231.9645526
158 56 741848724.0644993
158 57 3318503.118665306
158 58 47030655.6812764
158 59 462165.74934947543
158 61 3923703.1779500274
158 63 20323386.103397187
158 64 508383390.75389564
158 65 147073202.10498962
158 66 35864937.2755222
158 67 253344967.3898494
158 68 367562152.2075475
158 69 315929082.9391156
158 70 66601699.28787142
158 71 18839503.90845765
158 72 341634199.0930976
158 73 74161014.60976744
158 74 145998965.84804884
158 75 212727189.42635432
158 76 62599485.26952098
158 77 82592745.54192425
158 79 210601462.15940198
158 80 85827612.99445754
158 83 28824131.613716457
158 84 16233029.649265386
158 86 149718078.52077836
158 87 2408541.4440505463
158 88 7321628.846592796
158 89 114727060.64532302
158 90 14833728.223231537
158 91 7492385.899276452
158 93 36602434.58424989
158 94 377442290.4281694
158 95 24919154.399255235
158 97 26139573.84778934
158 98 5741852.031069666
158 101 319523994.0083637
158 102 31507745.02272318
158 103 17791737.531579997
158 104 1330565.7733637732
158 105 37533170.381835945
158 106 933574176.4965318
158 107 20503170.5063399
158 109 19831991.51516896
158 110 19063788.276636865
158 111 16509864.292105854
158 112 54620030.62138149
158 113 110672886.27902682
158 114 66326089.38309475
158 115 209040588.45075932
158 116 32588182.21862727
158 117 90470917.91117577
158 118 108850517.355714
158 119 5831487.985828014
158 120 719972.5279953948
158 121 3957682.062891655
158 122 4538964.216894275
158 123 606724.5015423351
158 125 238771332.55477294
158 126 14400254.571589505
158 129 949939212.4114119
158 130 119638785.86357744
158 131 21324072.332562875
158 133 635329551.2582293
158 134 56275275.58062328
158 135 1960322.5332411258
158 137 3323726.705517686
158 138 48855917.945560955
158 141 38701398.18770399
158 142 460477155.20337063
158 143 33041.081640737604
158 145 38759451.44362942
158 146 46654554.622769
158 147 127203402.14373259
158 149 19732189.448167045
158 150 25797992.797332343
158 152 30984683.34120308
158 153 35944792.190251864
158 154 74071655.13326123
158 157 402303211.2690941
158 160 11027293.978930756
158 161 4434108.100055134
159 6 78640296.72090274
159 7 11632246.582624258
159 11 49018393.722832225
159 12 18831318.777919184
159 13 47966345.626061425
159 14 92313334.70678307
159 19 44226229.713350326
159 21 12953939.17845877
159 24 64741065.117880926
159 26 54830689.98731245
159 30 16225632.334810114
159 32 145289288.39644495
159 37 9944496.935141863
159 40 34914777.653902136
159 42 4540330.19375298
159 43 3394255.178839607
159 44 35996596.17317608
159 45 28221578.23199517
159 49 20234175.574402716
159 51 132291919.71684563
159 52 21251606.62135023
159 54 27236791.203488298
159 56 11375556.620701289
159 64 89193608.32769865
159 65 915194.1267308325
159 66 18047180.95318762
159 67 9693308.76038918
159 68 73264924.77845691
159 69 101304899.55271873
159 70 109214738.43748632
159 71 50786774.31160735
159 72 271911697.91172355
159 74 52005939.23970667
159 76 27933598.009863403
159 79 83919069.98071763
159 84 1043519.789682821
159 86 116710584.72378762
159 87 7921948.752378229
159 89 20640684.742238123
159 94 25126040.26273615
159 95 15243443.447280401
159 97 3884552.765411315
159 98 3464825.1562091545
159 101 61396288.187185116
159 102 89737816.30407608
159 104 630045.6744213086
159 106 4105832.3199367025
159 107 42059739.72493369
159 110 15693567.233294154
159 113 125657022.76420566
159 115 43970308.04742279
159 117 133449091.91297123
159 118 4628119.294349428
159 120 7719009.426042543
159 122 2878449.0814448143
159 125 8198532.361156667
159 129 105705796.65314093
159 131 12001897.235845204
159 133 72275828.21566151
159 135 5574387.509236358
159 137 33252176.41008198
159 138 129765795.16706148
159 142 95525638.22148556
159 146 29520615.129501943
159 149 3011594.436679725
159 150 109316389.54209334
159 152 61682939.45784118
159 153 22304298.301420234
159 154 13446835.686122514
159 157 60441551.94071275
159 160 26333064.682567406
160 0 1874846.2877476092
160 1 19587117.423347782
160 6 4427329.912013641
160 7 3321501.768825199
160 8 1231455.2980580414
160 14 3038502.880454267
160 15 269630.94878012117
160 16 8303935.545444063
160 19 6620122.5248510605
160 21 5694923.051851219
160 25 5923290.259218747
160 26 8057623.7023090115
160 31 21436468.234099656
160 35 21496680.52302302
160 37 3792223.0924874637
160 38 3269625.3817392667
160 40 13586380.492116936
160 42 700245.2477195642
160 43 2605026.108946621
160 44 1643016.636456378
160 45 3947490.7282161526
160 49 770434.0523152768
160 50 7597488.208599613
160 51 11354535.963210117
160 54 26672439.383782018
160 56 23021691.565691367
160 58 1477095.8414511466
160 63 16246168.083932048
160 64 7039315.431681994
160 65 1913708.1989084375
160 67 3763306.759433721
160 68 11372211.740145184
160 69 13464509.000765022
160 70 25001528.22789495
160 72 10901696.707092315
160 73 1942795.256131577
160 74 10151200.48355883
160 76 11825893.807707235
160 79 11494187.692962723
160 80 3465922.899894678
160 84 100447.90215163857
160 86 19842678.257563423
160 89 5021993.995812647
160 91 11263033.005080402
160 93 4035018.6725688376
160 94 68340425.23747526
160 97 4190117.493427971
160 101 987674.541294203
160 102 9174688.550198736
160 105 787363.7685391883
160 106 11439981.20250235
160 107 9743872.600463443
160 113 17132856.11970635
160 114 17863538.206902284
160 115 14760403.818429654
160 116 28398903.402262714
160 117 253851.8117173467
160 121 201096.8965851332
160 122 855543.619622012
160 123 3937154.4423543327
160 126 9976016.174149608
160 129 8079977.975068122
160 130 34796951.7457294
160 131 15323911.37415221
160 133 6928125.8230480235
160 137 20565647.32685163
160 138 3108540.7148421155
160 142 3059014.272149832
160 143 1402479.5515332203
160 145 10734903.627010329
160 146 5086596.543367003
160 147 13229936.32440413
160 150 5104465.420655186
160 152 84197.15005141136
160 153 1665946.911490704
160 154 28737976.350140218
160 157 326844.3183799186
161 1 2957356.7634482183
161 4 841821.9778583321
161 6 9802022.96159956
161 7 36182613.91516911
161 10 40762495.62462087
161 12 4293306.731679751
161 13 52502006.76266658
161 14 26809644.22852547
161 15 4093625.9060974913
161 16 8388297.895434636
161 19 93229929.04390763
161 20 20913213.907231107
161 21 11998031.684516685
161 24 50976929.865263775
161 26 6470263.765328467
161 30 21872376.441294953
161 31 21417588.107010473
161 37 12377191.593021698
161 38 7945477.499260282
161 40 58783357.587271236
161 42 1325219.6144376842
161 43 30123781.518500976
161 44 21265755.868284933
161 45 11367494.915121332
161 46 78584811.44352396
161 49 2149120.1437862036
161 50 8195291.886684041
161 51 17848427.123911623
161 52 7216648.874914323
161 53 289351.04614746815
161 54 30591963.48320989
161 56 2440356.2506949706
161 58 28406356.506283473
161 61 2700193.383813879
161 64 2103241.5602676687
161 65 30462337.59289721
161 66 14535537.619788408
161 67 2310537.5155989467
161 68 67427915.20379987
161 69 10518130.695930297
161 70 928775.3203334736
161 71 8373115.374822963
161 72 22073113.19432137
161 73 59937658.4363708
161 74 32601090.02701638
161 75 4202637.98531572
161 77 12598939.585088447
161 79 15423079.999654334
161 80 19098624.087179493
161 83 16827515.33437646
161 87 1462820.039009445
161 88 1279247.1089247083
161 89 3918342.5747103514
161 91 28518.649126492248
161 93 6686961.762459019
161 94 35663764.04628314
161 95 2787981.386200684
161 97 18081809.42411775
161 101 85209049.94139841
161 102 39559646.5336431
161 105 11461104.533255132
161 106 41769997.96357664
161 107 20021427.850305744
161 109 2546828.6369635835
161 110 10821850.157411976
161 113 21947871.14275916
161 115 14361566.230883386
161 117 4351464.967203492
161 118 12069295.29225492
161 122 1739437.0888236254
161 125 5537805.781370537
161 126 5749358.017288054
161 127 293606.458719699
161 129 8927783.781092716
161 130 51119282.23873364
161 131 4429389.65691123
161 133 47239932.27941955
161 134 15930404.280042643
161 135 5254085.707901275
161 136 908910.895170633
161 137 26802136.68032444
161 138 22631909.99152958
161 141 4559274.063035027
161 142 96458140.88139583
161 143 1504420.131394146
161 145 27708664.741379444
161 146 39687260.65638313
161 147 28975555.830991555
161 150 17293130.292524103
161 152 18818022.667969987
161 154 43664731.10984765
161 157 44718147.71019422
161 160 15518817.693758449
