0 1 150166.6236196222
0 6 315709.67089194147
0 20 7113048.579143622
0 26 2703878.8775871135
0 32 1083149.668832932
0 37 196251.52424384846
0 38 406748.33375675295
0 40 2367531.279273293
0 49 543756.6751144136
0 54 2656291.0519828545
0 56 139102.73271696267
0 65 470712.7773843553
0 66 761719.1192581264
0 79 1144075.331629846
0 89 1748134.503440291
0 101 4161144.061614438
0 102 807419.3840886641
0 112 8787324.698097223
0 115 2327090.0107802534
0 117 1563648.5058374146
0 125 2385087.158548352
0 131 8549207.030036356
0 133 2725514.0612141835
0 134 4744761.852269414
0 137 363985.95198091137
0 138 1798865.9941111982
0 142 62630.7930613458
0 145 3764570.400257361
0 147 3078541.4287170977
0 151 3041419.028831703
0 154 3826055.1145712794
1 6 431236978.5349648
1 11 44571792.79972151
1 18 8520016.516362043
1 19 321451478.82139176
1 26 248889009.97380272
1 30 198607003.821128
1 31 99210048.38877174
1 32 146269871.07690418
1 38 17541093.17002998
1 40 52301525.6887605
1 49 532195426.19471264
1 54 170902403.86158836
1 56 87407888.67591695
1 65 26635412.63415296
1 67 391760674.63092947
1 70 165926461.2674077
1 73 8412094.382076109
1 77 13564460.092711769
1 79 111941729.80939585
1 89 591359155.1833855
1 94 14794209.095408287
1 99 10699765.470346862
1 101 394113323.22470295
1 102 33192494.757872406
1 111 19851445.125959955
1 112 19444486.34054225
1 115 218818074.09037936
1 125 138331854.9885407
1 129 600302644.4920585
1 133 5556406.085788869
1 134 100015433.03097156
1 137 107654135.29190633
1 138 152005787.366537
1 142 24187754.244972818
1 145 10502716.738090351
1 146 84013878.77005927
1 147 17993547.790092133
1 151 156596603.75257844
1 154 69268008.92876486
2 6 184725933.74299458
2 18 1581408.1346806847
2 19 155549399.16384363
2 26 96156314.27087799
2 31 109234700.73445752
2 40 173485001.83867
2 49 227935029.8848662
2 54 153924292.77770957
2 65 71160477.55941252
2 67 57559883.0334231
2 70 61858054.87513508
2 79 125913937.90729007
2 87 8035543.352612663
2 89 141983632.11018533
2 94 147336423.4826903
2 99 1700398.1067910064
2 101 18010775.874898434
2 102 10215032.401221398
2 115 101730390.41464797
2 129 2974807.2115119607
2 131 27631995.631013367
2 133 153503521.40673447
2 137 207879693.48871875
2 138 140849951.93996412
2 142 183618258.93025324
2 146 20305376.61215931
2 154 5468902.028206331
3 1 424665.2494545278
3 18 1403904.1404706857
3 26 27658.621219370518
3 30 961007.7349313025
3 31 477706.2511341168
3 37 817766.6981284599
3 38 1186323.5284811552
3 40 250164.78162549582
3 49 666489.2776212434
3 54 317273.67313215346
3 56 213274.8419727941
3 65 292258.2358629962
3 68 899377.450972064
3 70 1774296.4167565808
3 89 787037.8987398498
3 94 1107227.9781968498
3 101 1774488.8923190082
3 111 361127.53499973926
3 112 334072.6675619333
3 115 3707469.849138192
3 131 424406.6969695934
3 133 1998152.8614772798
3 134 1436650.1895297342
3 137 1256485.2054812314
3 138 409992.48959534086
3 142 869628.4053973897
3 145 311669.2022225968
3 147 673685.063032045
3 151 522639.42364998226
3 154 589987.4956059101
4 1 59968252.95584857
4 6 250471813.1481629
4 11 133957111.71637754
4 15 1300874.7302658658
4 18 48371027.24469215
4 19 65970030.90712224
4 20 6943762.834282587
4 26 351481368.7415846
4 30 58032985.43691433
4 31 451940927.3358522
4 32 51083148.59418321
4 37 176254358.06436616
4 38 23700573.465240926
4 40 235548719.0519249
4 44 55940922.71398801
4 49 102763543.5766181
4 54 132707160.99592666
4 56 19305320.36787258
4 61 4281785.083635994
4 65 94917515.97364748
4 66 14599924.431586947
4 67 10292023.289914759
4 68 34411759.186913975
4 70 76328048.3068884
4 73 6518183.613862873
4 77 10925519.670050422
4 79 922198536.3445964
4 87 8124410.23460582
4 89 253512835.67011288
4 94 123840463.7798044
4 99 1153807.4504267906
4 101 240576203.9626703
4 102 61732916.04835874
4 107 77432204.9888601
4 111 35128196.074702434
4 112 1031776.2184132478
4 115 222133000.13919136
4 117 92533554.33420825
4 121 4544898.3430830315
4 125 111192874.8454443
4 129 86629839.59236309
4 131 331334796.2970366
4 133 197272587.84310547
4 134 40863257.250977166
4 137 1697060141.2171166
4 138 311559311.24185175
4 142 16189704.294631712
4 145 14257549.079133183
4 146 38857471.67058542
4 147 640817587.7253585
4 151 277119920.35491663
4 154 347461307.1961936
5 26 145152.1962634868
5 31 475988.2768052998
5 40 395750.24276935414
5 49 256355.1273601376
5 54 757836.673108453
5 56 926691.3612699398
5 79 132390.33614270116
5 115 133169.38891489492
5 131 1371427.667865448
5 133 1097766.0275804799
5 137 462677.8397845822
5 138 810590.4024808169
5 142 39666.46147707062
5 147 45741.71615340005
5 154 412135.77604252
6 1 23717387.296925712
6 11 34033374.42532575
6 15 291589.9608087595
6 18 17783648.69326321
6 19 350912871.3227994
6 20 31719159.141545843
6 26 1747521646.7627149
6 30 862850189.0822288
6 31 41599713.9522116
6 32 33489582.111396443
6 37 77872009.01612647
6 38 100996383.91555135
6 40 1286772295.8909934
6 44 9536238.609490437
6 49 34067589.82522563
6 54 280597158.35109514
6 56 1021659169.4136677
6 61 8087285.019084012
6 65 382624247.96853566
6 66 5656614.625694075
6 67 599954624.8065115
6 68 644320964.3940192
6 70 1023885753.457562
6 73 21159508.080015283
6 77 10553356.184870772
6 79 2228209209.757471
6 87 9346608.050629163
6 89 506644157.7521563
6 94 1185882726.1419878
6 99 17005057.6411518
6 101 179532758.43148077
6 102 125883382.18332492
6 107 44505018.3383341
6 111 59661.03480952889
6 112 17586871.679382756
6 115 863054218.0578667
6 117 5605074.074070161
6 121 6588587.899417269
6 125 401850044.25678635
6 129 1940081854.1135364
6 131 233084763.41422287
6 133 1785894646.7687204
6 134 37726594.18273286
6 137 244244254.301841
6 138 1597181167.9849734
6 142 359560855.67242205
6 145 51252471.7490654
6 146 47508243.642715134
6 147 263753953.09162784
6 151 44916685.584226534
6 154 187769476.7085314
7 1 32808391.491206385
7 6 3220062542.7684507
7 11 53950747.07452634
7 15 27017555.131374586
7 18 9359142.592644222
7 19 789947939.5471747
7 20 5625536.750021733
7 26 827166791.0968637
7 30 348870501.01597846
7 31 618799984.2759223
7 32 101659839.77109611
7 37 84867592.96572128
7 38 11364205.589073712
7 40 778128516.4500554
7 44 1665923.6512642954
7 49 21309681.8344787
7 54 1151724989.1173816
7 56 813771795.8505831
7 61 1665203.2651553415
7 65 315455697.0348902
7 66 38696973.74366206
7 67 372049715.2466263
7 68 606586187.1781949
7 70 146877800.7536703
7 73 43889746.563876264
7 77 3001226.97576569
7 79 844445275.8221014
7 87 8066140.4012877615
7 89 1094256868.066635
7 94 1116140465.2913003
7 99 644330.1504196774
7 101 164334043.6702151
7 102 206966600.3862435
7 107 216499143.35768634
7 111 24259026.678051505
7 112 51194395.418395154
7 115 295379076.24753904
7 117 148746802.6578019
7 121 79981.88682575537
7 125 165618237.9599346
7 129 1325138584.1466525
7 131 212324536.46136624
7 133 568568580.5465031
7 134 56279446.853661336
7 137 1059577067.9300088
7 138 599036212.4448377
7 142 364071185.67247707
7 145 30222053.211495053
7 146 272043197.4990242
7 147 430858213.7008322
7 151 105257249.78955069
7 154 266591353.0931266
8 40 6898559.164234561
8 54 10535414.82737394
8 56 8894347.313908257
8 65 5287032.338854517
8 67 4623947.671117778
8 70 156220.67956025476
8 79 9934001.20241066
8 101 2300912.714452546
8 115 2702582.113028043
8 133 42744.621882031446
8 137 6797016.26500257
8 138 9800268.876301728
8 147 10559234.956614954
8 151 5128786.742021962
8 154 1315252.3122966555
9 1 10085046.184168924
9 6 96712510.8230555
9 15 1009640.7701129881
9 18 3861903.645016756
9 19 54628528.6372176
9 20 12488529.904884776
9 26 22325964.792803887
9 30 51340116.13461107
9 31 4079676.725048021
9 32 6521335.916506653
9 37 2024919.1278182585
9 38 35293463.9489756
9 40 7171894.527552079
9 44 2579643.864832697
9 49 13739481.829226794
9 54 44157513.97259921
9 56 13912188.998188876
9 61 992512.3440600658
9 65 179442296.82557508
9 67 20118895.44293369
9 68 15660974.942676935
9 70 2849105.9461480314
9 73 21308027.478516858
9 79 12529712.077671306
9 89 34960366.98052514
9 94 58323078.963108785
9 101 17167687.78757068
9 107 28265578.69275903
9 112 828710.2561606755
9 115 166665856.0010887
9 125 3541285.564220385
9 131 30910594.315365903
9 133 4773093.576498539
9 134 10651586.337311273
9 137 11859836.90297126
9 138 6174946.373777378
9 142 21941272.88102907
9 145 20529006.579384267
9 146 15039937.29765183
9 147 19699172.200527295
9 151 55457517.98950387
9 154 62012883.30833866
10 1 5794326.310066189
10 6 9095725.129144026
10 15 127696.1621916461
10 18 2355607.0101329065
10 19 34722452.1996988
10 30 10103312.395768227
10 31 23277378.230949603
10 32 50326681.359842174
10 37 4472636.273009318
10 40 65766481.5157242
10 44 7113956.93322728
10 49 10068459.099916512
10 54 1140851.7257489574
10 56 8956824.512228355
10 61 3556321.532606981
10 65 21593662.54803008
10 67 37927551.14059159
10 68 343739.8227978596
10 70 73168277.99063937
10 73 8517417.10778308
10 77 57093358.36158841
10 79 111928136.31861246
10 89 20762464.017008763
10 94 11570509.215741688
10 101 15094663.831930542
10 102 9178037.657459771
10 107 64987859.87502644
10 111 28459976.926937394
10 112 9457788.516672134
10 115 12176906.068900153
10 121 4789779.420658549
10 125 29433297.498831842
10 129 20894326.57901372
10 133 44581798.702043414
10 134 8027774.678794748
10 137 45994486.45230588
10 138 60707517.17825393
10 142 22284098.808853704
10 145 6521544.129549166
10 146 6368795.75459408
10 147 25174995.14475128
10 154 8926084.532237757
11 1 6316229.21830539
11 6 13484084.605979878
11 18 5403664.985521034
11 19 26477973.132563785
11 20 10558383.090029513
11 26 13094280.19138406
11 30 31045399.132835135
11 31 115229661.74050611
11 32 11382038.078932758
11 37 16975390.423104227
11 38 50133301.35215803
11 40 19961517.155104272
11 44 27035437.397596456
11 49 839644.7598702685
11 54 30473271.16987977
11 56 37703760.69137445
11 61 1978225.7858513359
11 65 115056549.34788965
11 66 24674331.72589976
11 67 197959741.53970996
11 68 41389843.32369732
11 70 79447680.06113885
11 73 7107116.996804643
11 77 1906371.150007691
11 79 40446215.20615512
11 87 1354493.2724383895
11 89 20680286.85340544
11 94 26950632.136149958
11 101 70281579.3217575
11 102 12673709.961055811
11 111 2933101.17586952
11 112 1481710.8144167056
11 115 12202187.190628635
11 117 8080076.848542421
11 121 506137.6786684359
11 125 34124611.35138755
11 129 60694942.41662497
11 131 71942308.31412208
11 133 67881327.10550027
11 134 16417742.591059212
11 137 11797880.522762114
11 138 126051081.02037063
11 142 54554294.49705598
11 145 31393685.77453339
11 146 63353900.79696294
11 147 54900562.439682834
11 151 33507171.3862504
11 154 45161677.19422232
12 15 819914.9783723692
12 19 4052058.8864127835
12 26 3236700.013445322
12 30 327271.140129134
12 31 1556974.7299085928
12 37 243347.10556867628
12 38 232562.66642555394
12 40 2919675.337713968
12 49 4499547.003274281
12 54 753238.0428247744
12 65 3580443.4256038554
12 67 1248429.1290204274
12 79 5056124.205779346
12 89 68428.3011739794
12 101 12200226.560333839
12 111 1109061.215930996
12 115 6626573.878097721
12 117 1697057.66598745
12 129 2744451.4738868424
12 131 5062483.0386692
12 133 4593814.589079789
12 137 607753.0623992636
12 138 2142290.712037473
12 145 4841249.186325457
12 147 886348.8402924694
12 154 4616359.729776334
13 1 42523260.26618665
13 19 32313530.740777243
13 40 5517978.952500718
13 49 18053815.154937096
13 54 6078947.330189862
13 65 1983044.712578692
13 79 22628483.68587868
13 89 3902840.2253302136
13 101 19604473.949396916
13 102 3841197.502768093
13 115 6667143.219602329
13 131 6392191.513737653
13 133 3619682.401747448
13 134 4320384.459429125
13 137 16920513.213917058
13 138 35341228.75240211
13 147 9946309.047530897
13 151 20135737.286508266
13 154 11047003.617465278
14 1 736582976.6304799
14 6 2091226327.7757359
14 11 216165618.79525256
14 15 457209.07213244063
14 18 5646354.077150007
14 19 329529512.11966264
14 20 22174605.18996934
14 26 150356999.60218978
14 30 36110998.84880586
14 31 7234168422.114888
14 32 17596151.675918266
14 37 159324265.66816935
14 38 64845263.794700794
14 40 136427311.56110156
14 44 61020118.18911478
14 49 159443657.24979258
14 54 4697482687.835087
14 56 169111303.37321123
14 61 6753739.765594292
14 65 131831744.14668366
14 66 110377680.45157878
14 67 599769343.7286607
14 68 5528878967.245167
14 70 436123364.9348482
14 73 22614299.775460996
14 77 3132812.8492170554
14 79 1820790351.4966526
14 87 1554645.2812613053
14 89 14715292.043477567
14 94 454380944.75258523
14 99 2616561.0706142774
14 101 2715653917.486504
14 102 332564612.9376886
14 107 81374436.21697888
14 111 32658875.856139038
14 112 63842241.013025664
14 115 1434303318.684848
14 117 23170540.66562771
14 121 5486227.674878005
14 125 725999009.9802426
14 129 6550396035.77424
14 131 46650942.26629552
14 133 1336128995.3364427
14 134 62664459.00268029
14 137 3145168898.5335627
14 138 1567162202.297696
14 142 1074728343.582132
14 145 89304553.18724556
14 146 27706361.337131783
14 147 919012834.8929107
14 151 42511417.43216367
14 154 7861759898.061507
15 1 8306101.36694172
15 6 1365955.6377254382
15 19 1555524.5667257318
15 30 737534.5811136034
15 31 5892475.406749547
15 32 2666103.487417243
15 37 2310282.0507577322
15 38 221143.6854504332
15 40 4437970.118280496
15 54 2000491.666730239
15 65 13182344.853743555
15 70 2829450.9110491374
15 89 26239.29311345911
15 94 3751718.4926976142
15 101 4568825.380838749
15 102 99325.90872465713
15 107 1966381.2523000196
15 115 1104924.3406140108
15 121 471732.28537260555
15 129 1226191.86706865
15 131 4943592.858331864
15 133 6608282.903089048
15 137 3914654.939093441
15 138 3059190.3573955284
15 142 2623138.906621836
15 147 4469555.045962773
15 154 5457952.517199542
16 1 413782.4624566484
16 31 265737.82764190406
16 32 6680937.693516122
16 38 6004513.378525626
16 40 2739000.29154567
16 54 2143766.5544455224
16 67 2861442.2551268516
16 70 2110416.757904612
16 79 2115020.169870905
16 89 2297459.844197156
16 101 1295029.0443056088
16 115 803597.1226734554
16 131 2164025.006494602
16 133 142936.12189311904
16 137 4103467.6279266574
16 138 53658.839930455004
16 142 879667.7397715178
16 154 2533350.982305775
17 6 98610.41469183307
17 32 7586.109067819744
17 49 395327.02457109187
17 54 54128.375765460216
17 56 122479.77535954854
17 65 724907.2075190768
17 67 47550.04019499754
17 70 324499.5641710277
17 79 324101.6272442144
17 89 141375.54723635875
17 133 201497.50623763722
17 134 38112.07017566339
17 137 59112.30988896312
17 138 100014.15405030237
17 142 443573.46301184804
17 147 77230.02687961143
17 154 727443.1705023306
18 1 628049.2337751221
18 6 17541759.365533117
18 15 5459391.297440998
18 19 21820149.468092997
18 20 464373.7013527877
18 26 5947763.611821995
18 30 5424172.49560869
18 31 11158024.533961855
18 32 5034844.317716939
18 40 2460046.827353572
18 49 23446754.577639647
18 54 4227740.9821052
18 56 3712521.364277909
18 65 16426592.505491022
18 67 3497710.398142356
18 70 19561144.320609495
18 73 1297157.3522893216
18 77 10612962.872303523
18 79 13151793.118819797
18 87 481875.31388071325
18 89 22226950.244017653
18 94 3784786.88907856
18 99 1736105.0236890775
18 101 2546373.080778501
18 102 5188532.283674505
18 107 4494334.110863497
18 111 9506425.780523367
18 112 334624.30134115583
18 115 1603278.1862780056
18 117 14937999.253516184
18 125 13258391.16959889
18 129 16455768.563758882
18 131 48100894.61171229
18 133 10797441.14771929
18 134 1310220.9116011031
18 137 11977372.260366881
18 138 23972815.30936012
18 145 4618652.071677677
18 146 2698253.412074468
18 147 46691986.05677602
18 151 14039976.486308021
18 154 19679685.74933132
19 1 188535176.136877
19 6 94354746.99379927
19 11 179788685.05495387
19 15 3169287.1915198243
19 18 9258167.5286782
19 20 23142577.68196886
19 26 1257141933.8484702
19 30 71462593.49900684
19 31 375872578.2940088
19 32 313561646.1089915
19 37 82522104.35054804
19 38 16782564.301975068
19 40 268271970.26952636
19 44 107790126.45801765
19 49 338727205.2643597
19 54 820742.4039395193
19 56 341182429.32069576
19 61 12324276.73990181
19 65 475257801.97547513
19 66 12464375.932405906
19 67 369767086.27670413
19 68 157787740.9182725
19 70 14683190.092335995
19 73 11752972.344831392
19 77 18462317.758263934
19 79 1276027696.8136513
19 87 3322368.0271161604
19 89 551108236.4158841
19 94 2129049293.709698
19 99 11105505.163823241
19 101 2834662138.7293496
19 102 381557630.71461457
19 107 36701702.09571058
19 111 8065530.233466069
19 112 57022399.81704658
19 115 645023704.8168248
19 117 96074785.40343252
19 121 4190443.8919693227
19 125 72985649.0758288
19 129 421870787.6644777
19 131 103901113.6193861
19 133 438991848.4432535
19 134 2830533.2989483858
19 137 529209684.4665179
19 138 2008438951.6778796
19 142 36255818.94083578
19 145 11337186.2484099
19 146 486518247.82632995
19 147 433289671.4734433
19 151 42458086.486424945
19 154 1522184618.5760536
20 1 1343700.2363378243
20 19 85780850.54526204
20 26 50605951.97358744
20 30 96616406.56323151
20 37 1628013.047874043
20 38 120101760.99521253
20 40 78892064.93634637
20 49 17652729.628056806
20 54 42310325.14425375
20 56 7983588.1512343595
20 65 27107388.049011566
20 67 3345608.063441562
20 79 17484299.43825209
20 87 116566.41818149507
20 89 36977713.07382601
20 94 17322606.752864815
20 101 11809831.990531938
20 102 9917222.180370515
20 125 50157883.52021323
20 131 8639768.92730364
20 133 28733938.07732483
20 137 13131714.93645487
20 138 7833259.98287093
20 142 703416.0180118744
20 145 25422731.714194972
20 147 38928606.91067049
20 151 25899249.50013158
20 154 40757517.061910644
21 1 39448898.6826962
21 6 44837637.47187182
21 11 1211867.8280606894
21 15 1882818.63767498
21 18 6726113.037995893
21 20 15415428.387533478
21 26 46732376.93431191
21 30 9486566.22445162
21 31 70292187.31473872
21 32 26847087.535718802
21 37 16330226.340061085
21 38 16964203.155012112
21 40 333769.8187003383
21 44 6105611.466503459
21 49 53556640.76332132
21 54 19211223.493573133
21 56 146217794.55468565
21 61 3014434.614252659
21 65 31156653.76160849
21 66 58904250.45203804
21 67 18355847.265319757
21 68 36091465.51731096
21 70 2435163.45710585
21 73 27473535.061934788
21 77 8923818.38118816
21 79 14905418.576472852
21 87 7106908.732170416
21 89 7093365.101206933
21 94 1983044.7291177947
21 99 11109873.681020197
21 101 69097954.47513507
21 102 23772078.684327085
21 107 138160.21822469585
21 111 1047595.973146134
21 112 15113916.457420014
21 115 8123970.9858026905
21 117 11742511.286854561
21 121 7984244.0171746025
21 125 247285.7445967774
21 131 17859213.975800227
21 133 39662422.60771035
21 134 17738093.506245006
21 137 76858817.95429593
21 138 25231654.744517975
21 142 3344010.7908516126
21 145 2440401.171391399
21 146 22307817.540564444
21 147 35075471.48847167
21 151 48543725.412399285
21 154 2304782.3495153813
22 6 6179773.616655043
22 26 84906.58650069183
22 40 579830.1486946183
22 49 13643212.275244018
22 54 1247381.7401951065
22 56 1092345.4172093228
22 70 1072533.61997425
22 79 4245995.560766314
22 89 244545.9344845695
22 94 6492786.00532357
22 101 5330728.86660909
22 115 2698760.861022841
22 133 4425741.373954278
22 137 3160419.3086496405
22 142 1880459.589824429
22 145 3148802.249483994
22 146 5005841.837237803
22 147 1366168.3669727095
22 154 11687902.931780621
23 26 2591992.590962249
23 31 2122941.9522281573
23 49 1161496.6339925244
23 54 2026684.6954273195
23 68 3726618.8792845584
23 70 8112398.865787048
23 79 9536979.800444858
23 89 738983.9403302984
23 94 2720657.5384059967
23 101 5556108.21831643
23 111 2077561.7594181884
23 115 1351115.0616257081
23 117 2460598.1115218396
23 133 1971388.831309857
23 137 6293112.141673408
23 138 10044203.472783834
23 142 30088.9518266017
23 146 2043825.2448828935
23 151 4209962.435346377
23 154 147306.5273937046
24 1 2709175.3484553923
24 6 1048335.366513284
24 11 11304231.661229571
24 20 11548703.792335827
24 30 1138271.0683929652
24 31 1640103.5051270472
24 37 180468.360960946
24 40 5435016.22734777
24 49 2145250.85786415
24 54 4319267.204412573
24 65 1135599.4827958143
24 68 6228165.231196575
24 70 5759056.366463254
24 79 318588.1149226709
24 94 2166258.5180695537
24 101 282379.33917512535
24 102 3084340.4742441964
24 112 291652.8581810844
24 115 4329895.369036253
24 117 1615501.0483411944
24 121 1383821.07679741
24 125 42355094.33235497
24 131 1507156.313069757
24 133 2528567.757430034
24 137 7479743.474324957
24 138 959435.609706242
24 145 9318970.436188055
24 146 5201536.640238076
24 147 676321.7586351866
24 154 4108461.872291621
25 15 950184.1691352361
25 20 10003040.772662932
25 26 1890085.0627772703
25 30 20380959.507006958
25 31 39909362.783259556
25 38 24987388.54097835
25 40 44366111.785502374
25 44 14822726.21647277
25 49 78534362.65116225
25 54 36565128.925547324
25 56 28101908.37953371
25 61 1138384.4811039674
25 65 22636630.629662137
25 67 6908959.422729019
25 70 9676724.925310954
25 73 7012019.439238085
25 77 24167271.119540423
25 79 10244553.318980424
25 89 23566282.99933639
25 94 20946890.219177566
25 101 15756781.794823121
25 115 2008504.2640531831
25 117 87653652.28176948
25 125 26757782.556222975
25 129 3942952.07497563
25 131 29198178.65707481
25 133 42064382.677841656
25 134 29116046.149436925
25 137 73859586.24005963
25 138 19980600.765931092
25 142 3862702.5007014475
25 145 34421667.0495198
25 146 2082414.2287322788
25 147 13726968.465293648
25 154 8294218.604607667
26 1 848782057.0787113
26 6 5763486940.607455
26 11 40202344.853348054
26 15 2729145.073154917
26 18 1585944.4715784786
26 19 702378031.6860038
26 20 239863.21794710762
26 30 293700854.64213663
26 31 20469967389.442356
26 32 1949441.5385490889
26 37 22078696.28200618
26 38 58055204.98990365
26 40 52153189.64701936
26 44 104329977.51389001
26 49 499643748.9064034
26 54 116727500.50506864
26 56 322990120.9395028
26 61 4573304.66831971
26 65 132863824.77397119
26 66 40920506.85038813
26 67 1552991.0162630978
26 68 88030828.83368614
26 70 47382434.80178224
26 73 8912470.717124015
26 77 18721723.875681974
26 79 11839291988.762589
26 87 2024630.9579156167
26 89 646053826.3299811
26 94 2352741145.660432
26 99 3203675.4676238145
26 101 16932161997.959091
26 102 57023787.78036766
26 107 166241565.77459684
26 111 26854824.200638767
26 112 47424047.33680845
26 115 2318158719.7561097
26 117 536493096.19275886
26 121 3271357.8262343705
26 125 187325586.39537215
26 129 4373820328.078363
26 131 13579094.197550753
26 133 1478639327.7365668
26 134 26235870.818204723
26 137 587591841.3408902
26 138 2418542848.12631
26 142 3770238375.3059826
26 145 35940770.50750785
26 146 132072123.69373119
26 147 56289739.3204785
26 151 26392621.733163096
26 154 16635028888.789171
27 26 1626046.527971879
27 31 1245824.4972170542
27 32 23693.759469493
27 40 269489.6888863124
27 49 786467.9202298598
27 54 12968.443492503258
27 67 128499.07495942625
27 79 119121.28060913514
27 101 70076.04981032597
27 115 718779.1690361247
27 131 414733.71345167514
27 133 122710.21809644796
27 137 249484.5524211033
27 138 389762.5024113821
27 142 56977.394034030054
27 151 134924.86847438355
27 154 1595544.0071459524
28 1 270728.58425977884
28 11 1782634.6371554253
28 26 1549386.496341578
28 31 207464.75078454788
28 40 335259.05020572443
28 54 597523.545553318
28 56 438400.85826419404
28 65 1190572.8895935225
28 70 899396.5632012684
28 79 483086.00331396045
28 94 318268.31657743134
28 101 635990.1191263135
28 115 2557270.333453448
28 117 2333023.250656545
28 129 536156.4157116675
28 133 98248.74867249306
28 137 139519.0728945942
28 138 2300213.501072529
28 142 750261.8593011406
28 145 998372.1787688124
28 146 217947.02423279136
28 154 526413.2762760842
29 6 12033538.56307015
29 20 1423387.2055452215
29 31 8891910.636742955
29 32 5047779.299974741
29 40 620218.9202321768
29 54 2078413.8250357064
29 79 4424220.522767181
29 87 1639586.1495868375
29 94 433778.3136859166
29 101 471559.21263889683
29 115 5266249.4343291605
29 121 1626805.4435469026
29 131 3368556.872681052
29 133 5203473.674157749
29 137 366510.3942436421
29 138 2013904.310937939
29 142 4923032.794743029
29 146 1334472.6780758284
29 147 1248862.2024068178
29 154 4284429.749367953
30 1 16717335.089753432
30 6 670808351.3496034
30 11 87500241.97734727
30 15 541888.4940345084
30 18 1234589.8996803758
30 20 20835212.199887756
30 26 236694977.23134017
30 31 436169816.4192593
30 32 50653777.54930035
30 37 23383068.683871362
30 38 47959774.664093725
30 40 74412520.76243211
30 44 18163962.70843115
30 49 35763848.247528195
30 54 161452347.97788677
30 56 285916.76753345353
30 61 2414237.492208679
30 65 42932099.58921181
30 66 31546144.482135057
30 67 403692959.6234169
30 68 16441062.23459043
30 70 5154054.5435359115
30 73 5010153.529530959
30 77 21223128.229121722
30 79 166585753.8195197
30 87 5792932.597838309
30 89 85873147.16182415
30 94 55701694.73640596
30 99 13903549.605121791
30 101 67075148.17441078
30 102 33368445.442795996
30 107 72393282.69204043
30 111 14202619.210788215
30 112 3631291.9558547973
30 115 445088365.3361199
30 117 14397884.791135745
30 125 224545044.4670671
30 129 243965356.93738616
30 131 215990797.6535496
30 133 63299297.76412842
30 134 12279530.745337388
30 137 101991568.5169172
30 138 235597028.59480447
30 142 158050813.26094592
30 145 16004630.298496507
30 146 138261561.61472693
30 147 118424900.16273835
30 151 3458431.6388529665
30 154 227325277.63488767
31 1 62165796.42211087
31 6 395690771.64528996
31 11 59997856.068661116
31 15 342336.2553506774
31 18 3583894.61204785
31 19 93814025.93788062
31 20 18084194.4051358
31 26 6870668454.045847
31 30 110264392.97377524
31 32 105875285.99224222
31 37 119327800.31793067
31 38 59290252.63488543
31 40 881936830.9112899
31 44 102781555.26256381
31 49 125032438.52497704
31 54 12753053926.549511
31 56 22634102.627367374
31 61 3800217.4466743614
31 65 229233830.29976767
31 66 37454656.09002163
31 67 127518513.32378495
31 68 221948329.56016096
31 70 566127835.744965
31 73 5808702.496253155
31 77 1802606.347677633
31 79 5247845423.755038
31 87 6698658.567956274
31 89 776995874.8982861
31 94 3247743209.5052533
31 101 9632757537.50641
31 102 17079661.365980987
31 107 47572524.76397944
31 112 57983929.71564442
31 115 330952992.7202877
31 117 154132025.95245332
31 121 10213986.678736925
31 125 1679234529.5487213
31 129 544760512.7151097
31 131 103240339.37607244
31 133 1017236716.296172
31 134 54207399.03804666
31 137 157509256.79783136
31 138 4004903570.522054
31 142 9487452.08745149
31 145 2252237.306781602
31 146 105572966.51351295
31 147 3142365886.829352
31 151 243641845.80114976
31 154 22921734432.496395
32 1 96248964.53067757
32 6 140886898.75310853
32 11 11126905.143715454
32 15 3293009.4279817957
32 18 8282185.293618065
32 19 25548609.21075341
32 26 5025041.227206372
32 30 45066269.6965496
32 31 36837146.47610126
32 37 99125101.00718792
32 38 187889982.93823716
32 40 14496216.780060876
32 44 54185266.17857232
32 49 21180156.526454106
32 54 175367223.40614495
32 56 204725068.29645076
32 61 682935.2588755075
32 65 247901155.10087097
32 66 19673831.04228228
32 67 253825345.68261364
32 68 198724971.12943062
32 70 105112625.7054226
32 73 113790908.50744595
32 77 10242230.638022006
32 79 211569923.25829926
32 87 2198354.3038487597
32 89 773088121.5954691
32 94 115619684.53064102
32 99 854286.7155485498
32 101 643875444.1906208
32 102 24460352.04344733
32 107 102447927.58750537
32 111 15493705.96474745
32 112 54958048.53258708
32 115 98779386.32954966
32 117 7164069.956441168
32 125 95578184.7168193
32 129 106318658.64505206
32 131 208914419.71624288
32 133 90191472.68484998
32 134 66217705.42797895
32 137 198862012.83697274
32 138 207156.39816977733
32 142 209008313.87888542
32 145 3267800.816292661
32 146 17103154.841148995
32 147 67874878.56997867
32 151 1885273.3830686866
32 154 8767866.766664373
33 6 457111.6031454554
33 26 193153.18081857802
33 30 1878904.6056818278
33 31 331745.8426158624
33 40 634602.5905257377
33 49 250674.55523337823
33 54 1332143.4819132527
33 68 57587.02917479286
33 70 2981985.561418229
33 79 377449.2848343077
33 89 409282.1274665651
33 94 752417.6529091118
33 101 232497.97499585318
33 102 864288.8486407404
33 115 432769.72874151944
33 129 68135.56893813594
33 131 384955.69227508083
33 133 1168019.8432799855
33 138 907745.6647760952
33 147 391402.794887043
33 154 38843.701680216174
34 6 3313191.7794572474
34 18 1369398.3633577905
34 19 25212116.69206198
34 26 67626832.66531458
34 30 67274665.78485908
34 31 16315315.405319357
34 32 30811104.877040528
34 37 12201602.567920448
34 38 80719683.81596667
34 49 21641099.14471561
34 54 137843288.65178072
34 65 23431016.97606905
34 66 13256245.768743265
34 67 67270676.82434383
34 70 11507852.302476546
34 87 4118471.2309548478
34 94 156063227.28935272
34 101 97419836.56647226
34 115 24883565.40659517
34 117 1061165.3146158017
34 125 50037869.376811214
34 129 15524302.782098467
34 131 68496148.82501754
34 133 128987564.06934085
34 134 14243046.059253054
34 137 1725208.4371433714
34 138 70986128.51801853
34 142 22534559.84465097
34 147 2287571.2418006016
34 151 5505374.660601963
34 154 6883988.836430091
35 6 26975562.68839968
35 11 17927137.462954037
35 15 379251.18270401563
35 19 56963643.06655317
35 20 21624432.722222902
35 26 8101106.0023959335
35 30 27870329.242993508
35 31 65529556.06050875
35 32 73604150.48399778
35 37 42262027.93748015
35 38 71164636.82316677
35 40 78689009.26967311
35 44 6047659.714679485
35 49 47028787.257085815
35 54 126577774.84553605
35 56 57399191.524339624
35 65 10368663.312144479
35 66 26231261.88872873
35 67 42209034.279287964
35 68 7711383.663626137
35 70 22010029.72532953
35 73 3300927.8115113443
35 77 9680864.028709173
35 79 10602663.534603888
35 89 19487605.288551487
35 94 19542210.458455626
35 99 1378756.1395939733
35 101 135873646.558093
35 102 32185605.478289466
35 107 121156559.31030755
35 112 6032729.203627818
35 115 13531380.722830756
35 117 20407884.40306947
35 121 2563147.8445172603
35 129 74080157.8888088
35 131 204414056.0954497
35 133 10697183.354785822
35 134 16058175.921629356
35 137 8369800.149771429
35 138 28046454.782019686
35 142 323240.06342616596
35 146 14739923.982787194
35 147 11716655.226944918
35 151 34869007.13367679
35 154 31321276.014349822
36 1 8134528.988459298
36 6 18132612.093064837
36 11 23358972.877521522
36 18 3795330.2482708986
36 19 68959607.77831684
36 20 1392893.9729105984
36 26 77665755.27700764
36 30 3954769.3078327384
36 31 71105078.81005114
36 32 102673.80871670682
36 37 143736891.96852753
36 38 21166427.00766799
36 40 35627941.57072658
36 49 13470496.65665182
36 54 51897372.28738768
36 56 7047238.872621869
36 65 40060569.2388544
36 66 42175203.40425857
36 67 2034359.5526630972
36 68 50350733.07814524
36 70 1183606.51149058
36 73 2578691.300096648
36 79 21251307.77478077
36 87 695763.4775960048
36 89 22385384.59705392
36 99 15441054.004728673
36 101 11858537.889614144
36 102 20422743.818749383
36 107 28477252.71744124
36 112 9478958.242532039
36 115 38879700.766370304
36 117 16470062.68653054
36 121 563253.1432304124
36 125 172573436.05575547
36 129 2522057.016807684
36 131 16297819.612942379
36 133 25081368.16329587
36 134 29966910.51065262
36 137 154322518.29637533
36 138 72454426.65701652
36 142 89295288.98207217
36 145 2090933.473461477
36 146 15698257.470773268
36 151 47885213.42631462
36 154 7790218.903292254
37 6 67810776.76786344
37 32 20271126.98791303
37 40 139833187.00642383
37 54 20408568.22733181
37 89 26909917.22920106
37 94 213269231.5663602
37 101 99299263.97793989
37 131 10416587.92770014
37 133 129890883.22685258
37 137 21859658.421163075
37 145 6860897.759353516
37 154 125190878.58515751
38 1 10632189.346759459
38 6 3980653.004256677
38 11 5924091.258456098
38 18 3077003.06938174
38 20 31666080.36893059
38 26 947342.4393092464
38 30 12026721.57802862
38 31 3783061.4127471694
38 32 13460006.873897374
38 37 24580669.858178165
38 40 1593607.4266304253
38 49 7367135.734819012
38 54 4578818.225058961
38 56 7928194.463190711
38 61 748420.8212243167
38 65 6063302.886193133
38 66 1709508.719596814
38 67 3440012.4578407304
38 68 586478.5863454576
38 70 7311111.440210486
38 73 7577800.91609365
38 77 9284043.13820583
38 79 1338062.0635056116
38 89 10804036.585547654
38 99 13168946.692747418
38 101 1363666.8139790304
38 102 2127343.9451576453
38 107 3365466.2628621506
38 112 10143847.15395229
38 115 5570536.04450074
38 117 9444289.371229792
38 121 970035.4808018048
38 125 2853238.389643862
38 129 2711821.7673869953
38 131 11687562.772184977
38 133 10515087.792414254
38 134 307664.21769304323
38 137 6163433.058381957
38 138 2530258.528855695
38 142 16498201.069534607
38 146 22713080.74785901
38 147 10423514.1678096
38 151 5884993.075934025
38 154 295558.80572052376
39 1 3138978.4305732283
39 11 4519350.577124953
39 18 6213078.24350958
39 30 9844859.50316685
39 31 7987713.024125189
39 38 2331948.711513487
39 40 13041666.201279132
39 49 6804676.118774184
39 54 28668918.418792985
39 56 3129895.0794131653
39 66 30669447.668838527
39 67 2355440.8881593035
39 70 2782700.5546370256
39 79 4693454.662651281
39 89 14051347.822459882
39 101 7261904.678546323
39 107 19505843.03244529
39 112 5666654.061722653
39 115 19019845.912278097
39 117 4536704.314175479
39 125 20527318.032638498
39 131 7928229.082085523
39 133 11569821.4473351
39 134 16434528.945734449
39 137 1387702.154004698
39 138 7819207.099762577
39 142 8847470.23056616
39 147 15671795.031517256
39 151 11123894.40048253
39 154 3741361.2534220093
40 1 96875479.6684827
40 6 8212387.932621939
40 11 191974932.77439713
40 15 1863287.8301028002
40 18 13498384.868765166
40 19 921066051.7812557
40 20 18099013.79308023
40 26 965948415.3084207
40 30 73207474.13202052
40 31 1025258961.0256401
40 32 162453384.16309306
40 37 75662071.43139437
40 38 103374502.31129725
40 44 13694730.255638072
40 49 282665370.2364048
40 54 1010810797.2351382
40 56 1279001226.8586955
40 61 8940714.580426782
40 65 179032948.5490867
40 66 5738733.6342294365
40 67 149468275.95095137
40 68 137606032.83606198
40 70 2442856060.3257737
40 73 7962084.289194836
40 77 10498986.074267352
40 79 476252104.22029996
40 87 4068891.618359561
40 89 757103015.7136022
40 94 528220300.1313709
40 99 1396123.3263854764
40 101 127548398.01722382
40 102 308358036.4166703
40 107 77308452.20432326
40 111 1679895.0991547606
40 112 45229856.83719219
40 115 295239690.91729057
40 117 411082.44206447265
40 121 2123957.9218410524
40 125 1133235020.2040448
40 129 181002612.9852235
40 131 37739992.95174738
40 133 1251744044.12147
40 134 27234334.10446608
40 137 1581120871.912298
40 138 1694267073.808181
40 142 259574043.33991486
40 145 9552188.658293972
40 146 119181886.967584
40 147 177087200.52451935
40 151 30958335.96762205
40 154 2228787160.9819465
41 6 16222.379107043434
41 19 199784.17073595204
41 26 185111.35140491684
41 31 608650.0658531327
41 32 98027.42190069787
41 40 1458829.1361538118
41 49 493505.3393605247
41 54 27577.811304194864
41 56 1180016.901675939
41 79 176171.99228638088
41 101 102135.4097717991
41 112 138379.04652024928
41 115 445702.8188082001
41 117 24871.71518249427
41 121 15976.39922209165
41 129 100064.36611969346
41 133 219330.96003861097
41 137 270168.14750363945
41 138 541689.6805631502
41 145 321153.95589486015
41 146 858443.5372859272
41 147 618908.389579991
41 154 1292944.0706192919
42 1 1063053.9984847486
42 6 83521.27412364306
42 11 361749.7813389404
42 30 2695670.323208739
42 31 1500693.7522962363
42 32 263654.1664536732
42 37 233848.43094443946
42 38 403370.0796379857
42 40 1698602.2969780108
42 44 900944.4870643462
42 49 1726453.250659858
42 54 644783.642187736
42 56 302577.3421425206
42 65 10948805.883352546
42 66 2919785.0759102553
42 68 1904358.8550076932
42 73 1668141.424092036
42 77 662718.770663681
42 79 4248261.59575704
42 89 1526182.7643129658
42 101 1659328.722281208
42 112 8517609.970802939
42 115 565240.1191208779
42 117 227947.45318271694
42 121 2627527.278014281
42 125 8171142.584944519
42 129 391188.9688306934
42 133 1945930.045748672
42 137 3356645.164421614
42 138 1154231.3852665157
42 142 174289.90521699053
42 145 1266522.6097829922
42 146 2406216.835725091
42 147 4550841.546643589
42 154 165588.08319167513
43 1 7697871.835612966
43 6 325370880.9843382
43 11 75745062.49664266
43 15 5472541.8209320735
43 18 28148252.161905613
43 19 750633.2488887752
43 26 38585795.60423763
43 30 102489465.79454902
43 31 147251992.39228994
43 32 64110949.53357461
43 37 109635352.7443715
43 40 48939790.99674341
43 49 88398527.00159876
43 54 35388334.872892596
43 56 35735796.17531253
43 65 375290.52408153727
43 66 1783417.2975931102
43 67 26867582.00664324
43 68 44347294.93226257
43 70 51969567.18160385
43 73 24932195.890838806
43 77 3467990.9770733323
43 79 123772999.3061098
43 89 6915864.763246107
43 94 149157124.13755247
43 99 1119297.7371738458
43 101 42493876.42716232
43 102 20628085.887187447
43 107 31007116.04337499
43 115 23867456.371303376
43 117 3269042.463664012
43 125 33778238.43456773
43 129 111635137.59205839
43 131 84212397.02651653
43 133 197809082.0115302
43 137 14299562.756409328
43 138 141521464.66579232
43 142 104125049.57247901
43 145 3525601.103851161
43 146 76333099.86424813
43 147 82938978.5833563
43 154 25586635.08025926
44 1 41800066.84245776
44 6 97042886.69088027
44 18 34693675.5342198
44 19 69003320.86047666
44 20 9713041.478991793
44 26 56697903.64525921
44 30 114156142.53847472
44 31 22567337.693566572
44 32 6964976.720732629
44 37 31582580.059439596
44 38 14189841.002394099
44 40 22605399.984618004
44 49 134768895.12594473
44 54 261127343.94751048
44 56 127370509.0594798
44 65 20330770.58545181
44 66 42757426.11240309
44 67 184523536.65559
44 68 235701.4970360724
44 70 15394795.074894983
44 73 15317223.91708493
44 79 64243293.62785518
44 87 4086830.2467257814
44 89 11342011.540532764
44 101 145713229.88256446
44 102 54795397.98892274
44 112 22497554.26453808
44 115 207691281.05568802
44 117 26570715.70512015
44 121 6687569.241766571
44 125 54561251.97135242
44 129 116472034.65787375
44 131 1632808.1784573598
44 133 34485861.47338397
44 134 886183.3318928024
44 137 2576878.26036702
44 138 29060826.316509537
44 142 4889899.207656967
44 145 11411126.469887566
44 146 1238053.5247473419
44 147 45240953.38921276
44 151 82867986.82948586
44 154 14593393.992042715
45 1 67572512.28516172
45 6 64717730.75383446
45 19 67415229.30866596
45 20 6235550.967359199
45 26 12685523.277842283
45 30 103177267.44655573
45 31 437380001.9464053
45 32 45733868.61216004
45 37 87942116.69200473
45 38 2247611.6092859213
45 40 3997537.747781056
45 44 5593710.1322004385
45 49 51450551.03604765
45 54 292592352.5888902
45 56 117760995.77850738
45 61 8026174.779817807
45 65 42143132.19867211
45 66 27558947.808805212
45 67 42142394.15991566
45 68 240651333.2419721
45 70 55948333.275313176
45 73 22678601.359688133
45 77 31422348.11810731
45 79 114420741.05819887
45 87 451304.9120898075
45 89 34675401.92991891
45 94 126599779.34927745
45 99 15572644.622820182
45 101 75907186.99871895
45 102 161393134.60536906
45 107 2047473.3825158605
45 112 139613621.31905532
45 115 165604798.45069534
45 117 19440909.30175756
45 125 24680351.31783393
45 129 76421853.0212433
45 131 108628498.9115963
45 133 50395690.281444654
45 134 23506878.654703002
45 137 16293458.592408497
45 138 51851450.77732952
45 142 266584311.61784405
45 145 6622490.329358076
45 146 27769653.797019478
45 147 62809848.360220626
45 151 55066365.51275944
45 154 147462266.13216388
46 1 30765171.788337704
46 6 40832662.976356454
46 20 5560144.710544174
46 26 4843121.980367521
46 30 5508886.368168215
46 31 15186419.173579516
46 38 7710317.20341513
46 40 5887231.645221236
46 49 46703643.709806204
46 54 43042723.98150245
46 56 7314802.838558759
46 66 10249529.900331972
46 67 8000392.172946459
46 68 5043854.239547247
46 70 19835831.550422445
46 73 2821469.5311896033
46 79 3317187.4484676877
46 87 1196676.09587955
46 101 13364538.025270706
46 102 11874944.249369117
46 112 10451409.549980417
46 115 1911992.943631482
46 117 2922608.523150648
46 125 11484634.179433662
46 129 7151176.159907534
46 131 42259039.26475865
46 133 55983823.515480824
46 134 915973.4667665637
46 137 25958869.752305314
46 138 27843497.199799575
46 145 3268854.634399227
46 146 1977231.7273500515
46 147 30999816.41481176
46 151 36614335.659337886
46 154 8183862.4579713065
47 6 1450413.0806656892
47 26 829583.7267393912
47 31 515911.9197789035
47 32 1851837.8361100534
47 37 83782.08599838802
47 49 625517.002399234
47 54 315790.200171559
47 65 458720.1376243673
47 79 552623.2212965739
47 94 1785229.8886549855
47 101 261678.57406611295
47 125 4235147.596878262
47 131 622015.0297299536
47 133 2571206.4036183567
47 137 2119014.453695386
47 138 757561.6505105192
47 142 270565.848234143
47 146 59203.60343197024
47 154 5166473.200016947
48 6 3464735.478188576
48 18 3830033.211177607
48 20 204149.66870296464
48 30 3851811.5860364772
48 31 522706.30120317364
48 32 1957602.5154710326
48 38 1962964.9925433993
48 40 7135906.8596490305
48 54 14959389.230896736
48 67 7736164.258659159
48 70 2766154.5547378687
48 79 3663723.55929286
48 89 19642278.39656752
48 94 6762428.3704741355
48 101 615640.8882866829
48 102 5514000.944684972
48 115 6267292.561381562
48 121 4998530.864854966
48 125 2914378.6221278505
48 131 3098744.347646265
48 133 20347256.095379934
48 137 7455509.187008956
48 138 3083535.2420685827
48 142 2908987.8318329523
48 145 24451412.171497837
48 147 1547115.6414210976
48 154 24119985.874545377
49 1 424316010.2645045
49 6 907066009.5002705
49 11 25112314.877839677
49 15 47728.90790326601
49 18 9627953.658697298
49 19 101372119.42666152
49 20 12665124.711458327
49 26 901049115.3882293
49 30 126985313.5217399
49 31 1386149429.3074656
49 32 68481269.72121848
49 37 32347217.40210299
49 38 37532981.40774625
49 40 169959616.84749675
49 44 5636580.286817102
49 54 731187734.722729
49 56 337077885.2555883
49 61 3237493.671733373
49 65 53916379.28697023
49 66 53824209.90113706
49 67 323514751.0392181
49 68 74453843.74593046
49 70 228860166.62391073
49 73 1990901.7962787852
49 77 22825373.530337207
49 79 517209827.27538043
49 87 4216481.027497065
49 89 209148690.05514964
49 94 280502789.13992035
49 99 488050.9345957056
49 101 1219332803.3667808
49 102 79306238.5805521
49 107 41263309.6040744
49 111 1126832.789857174
49 112 3319217.798079094
49 115 840141649.5583605
49 117 191048362.21826524
49 121 7908295.5429258635
49 125 207805292.83523366
49 129 125431038.02415691
49 131 148250221.68250468
49 133 120641240.32116558
49 134 29562264.16847752
49 137 575036030.8595682
49 138 848248131.1405178
49 142 27606517.943014413
49 145 28145240.830490272
49 146 127820285.62968032
49 147 3852336.915979314
49 151 187946662.42573294
49 154 684007439.5064858
50 6 670460.4961432292
50 15 16474.525136950862
50 19 4334299.932931524
50 20 91981.27211150293
50 26 333474.7340455172
50 30 1562532.8199671926
50 31 366747.1740580731
50 37 919577.393544366
50 38 2774552.2517744154
50 49 99608.94604322378
50 54 516183.8023771106
50 56 165727.68267804236
50 66 2778878.881142185
50 67 1762047.8871209642
50 68 96995.21495216787
50 70 630981.2915766874
50 73 984089.8041097427
50 77 3274196.583990096
50 79 3381057.340995223
50 89 1998775.319980657
50 94 2679205.379210438
50 99 656491.7011595638
50 101 414719.1833310474
50 111 1564207.8915389352
50 115 4396248.453008969
50 125 489065.4097406972
50 129 3023602.5269870264
50 131 1709874.9093765586
50 133 3985630.4732273836
50 137 885741.9141853813
50 138 753060.6087747846
50 142 1446739.1760205918
50 145 995115.2225829936
50 146 3093737.1017093854
50 147 1371509.7050133455
50 151 1079601.6958082207
50 154 1297609.9605942986
51 1 188618375.66202846
51 6 1412749745.6995177
51 11 50792625.89462966
51 15 110733.75500283099
51 18 44515793.42812844
51 19 224302005.751346
51 20 8259423.603106569
51 26 4659693567.138765
51 30 119163410.07189594
51 31 6465885873.122239
51 32 44127397.48866889
51 37 324110467.4503109
51 38 600059.5023025773
51 40 2396087778.172368
51 44 91809153.30861336
51 49 609853967.0444243
51 54 49053977737.28055
51 56 521881111.161285
51 61 2811227.768915847
51 65 452511070.05785334
51 66 17321583.9567926
51 67 986940565.0647833
51 68 602107945.0412053
51 70 1882643666.5662801
51 73 7243443.868165706
51 77 11840700.07710141
51 79 893937386.6520121
51 87 1336778.0134675072
51 89 1325597402.177014
51 94 1915643711.2850006
51 99 1494107.7507713558
51 101 4154671275.607677
51 102 128520274.06872289
51 107 13506021.505253976
51 111 23186635.73070819
51 112 235721822.49125242
51 115 645122920.7663915
51 117 107718822.74703097
51 121 1635642.7282099072
51 125 4791266627.561383
51 129 2409225203.2806544
51 131 572360012.2700995
51 133 4481231454.882298
51 134 143273409.64237842
51 137 244960075.32840553
51 138 2199814682.583678
51 142 3059652214.0662713
51 145 4105182.793353307
51 146 39289437.49868239
51 147 2306969954.8548746
51 151 101465853.63386984
51 154 97144618575.27158
52 1 55472305.07338492
52 6 3453170.3780416674
52 19 52603608.26008353
52 26 47338567.671171516
52 30 34111630.07676085
52 32 9801177.052213855
52 37 83394549.88891703
52 38 1618144.3951389387
52 40 19287379.598582286
52 44 3665008.8561199913
52 49 51834101.49257284
52 54 10020959.66761317
52 65 127431085.40837549
52 70 62712372.34733315
52 79 28827458.103299387
52 87 8605644.622079102
52 89 106405994.62526618
52 94 16864035.883994646
52 99 12616371.677907553
52 101 15659766.807251647
52 102 18963258.170842953
52 107 225774626.342227
52 112 23111297.834210213
52 115 33854457.19294491
52 117 34973770.64640147
52 125 57924536.39349589
52 131 104978828.87828736
52 133 28464131.7407731
52 137 123749393.8022168
52 138 92100326.56766431
52 142 18762551.008841123
52 145 35137603.65062313
52 146 5193615.954625221
52 147 13331793.462834753
52 151 106160264.72968537
52 154 12648236.856918111
53 6 26274.5035322278
53 26 63651.46032855702
53 30 663233.8392556369
53 31 2498265.6911628656
53 37 370934.6623625621
53 38 437642.76621020195
53 40 109443.97391065722
53 44 60139.213904173805
53 49 73311.61146230252
53 54 22286.694449156977
53 56 733944.0448646768
53 65 269467.68292216887
53 66 208385.31162004924
53 67 58944.928835975625
53 68 418247.4666217192
53 70 12118.421849768549
53 73 152707.19617589784
53 77 1330082.9108735602
53 79 458967.1338481267
53 101 1042835.6365630352
53 102 83541.1529897649
53 115 177522.86446804044
53 125 87593.82143386164
53 129 12297.584556831416
53 133 100986.37135223542
53 137 132119.07527315087
53 138 1212268.011670465
53 142 156525.46812921818
53 146 289737.0870765365
53 147 390024.70588926965
53 154 5698.60280519057
54 1 56216973.22574467
54 6 842969687.2361732
54 11 23486239.74994952
54 15 481832.67332397075
54 18 2965420.060297234
54 19 990592565.8385541
54 20 104739765.89296314
54 26 3639153898.1876
54 30 62596253.58878887
54 31 1104950923.097265
54 32 96113550.3258878
54 37 88337101.9338925
54 38 6326542.776660962
54 40 64977510.979705796
54 44 87780650.24973412
54 49 168940419.4945637
54 56 312667384.5892878
54 61 21334058.123456027
54 65 776189153.4765073
54 66 9476534.241383584
54 67 587917895.6068522
54 68 1043364467.8746117
54 70 1550777.798974309
54 73 52619218.424402505
54 77 34993247.01496963
54 79 718350797.2324638
54 87 24694568.727103926
54 89 13540042.963316241
54 94 668460989.4935702
54 99 5669687.806653387
54 101 5728675929.401402
54 102 260804320.23004588
54 107 86408540.50067404
54 111 29691692.137689386
54 112 67534388.0394623
54 115 1088423871.3113558
54 121 8258017.603629377
54 125 4683825388.204449
54 129 1414592131.7637944
54 131 71372815.7656245
54 133 2122124582.722397
54 134 60224481.815742195
54 137 899704873.5460271
54 138 958880574.5289999
54 142 5151832860.986789
54 145 44976986.76947823
54 146 63871364.83595708
54 147 187845929.10545206
54 151 51392109.30595946
54 154 194884478778.98248
55 1 24908258.630294275
55 6 2019157.1552386726
55 19 3193605.8556279764
55 20 24967872.549463324
55 30 12343650.07393024
55 31 9295946.00925044
55 32 20277312.57315121
55 37 4176924.2049182276
55 40 183547.47767341993
55 49 17904889.30245612
55 54 7671974.011796121
55 56 1882624.4816123163
55 61 6834290.259690902
55 65 5765509.693360627
55 66 6704587.030865171
55 68 4062122.088951012
55 70 14584125.410003886
55 73 1954432.6641003655
55 79 3927429.983515411
55 89 8135139.853869119
55 99 5469071.958053768
55 101 9478712.703799732
55 102 34507440.54316957
55 111 355178.2839465804
55 112 6559329.830153202
55 115 6675901.108171595
55 117 2784427.720063628
55 121 2539699.5751469857
55 125 24609527.924488466
55 129 3249709.8105431027
55 131 7459429.591462354
55 133 21909089.3222663
55 134 13893997.09579244
55 137 13560827.377293589
55 138 17372176.240702484
55 142 10608667.243475694
55 145 1938214.1924416998
55 146 27631916.317847252
55 147 30914785.7440712
55 151 12376586.973778492
55 154 623645.5531110287
56 1 88008673.74972908
56 6 152744296.95389694
56 11 11905671.828455586
56 15 4339698.658144146
56 18 32041568.94495169
56 19 63941031.81704466
56 20 1472819.0423622946
56 26 8010837.253687788
56 30 60474298.68926767
56 31 24500297.993743885
56 32 10113857.2670212
56 37 12928899.087575112
56 38 63869821.829971984
56 40 27281640.08961518
56 44 52565362.498139456
56 49 34652548.02764369
56 54 48357605.76323662
56 61 5876954.622282762
56 65 104462626.35116649
56 66 19935534.387139603
56 67 28709531.334785163
56 68 130369884.27053855
56 70 73637752.18642573
56 73 6098513.41838598
56 77 5913420.3085453985
56 79 34511361.24502858
56 87 4871074.413172031
56 89 53986659.57877767
56 99 8124095.293347748
56 101 213977096.79352373
56 102 23444580.717607748
56 107 90135266.98170029
56 111 68837784.17387171
56 112 90555794.62345535
56 115 72974308.91719012
56 117 46624843.66325703
56 121 7139590.082233524
56 125 276916703.8775844
56 129 464414342.5713437
56 131 307622357.28511024
56 133 291597611.55944914
56 134 33901595.20207251
56 137 160499207.25237808
56 138 259336137.83041036
56 142 23942583.84521602
56 145 25157098.623094633
56 146 78927624.01004295
56 147 78563125.20225161
56 151 36544727.47073672
56 154 59997590.95913208
57 6 2774347.151762584
57 19 1283957.2437148083
57 26 1943007.2111066016
57 30 968464.6486481907
57 31 3629194.9815554135
57 32 389100.35622289253
57 40 1833950.6007459445
57 54 50329.26537371675
57 61 138115.890890967
57 66 11118.995564123756
57 89 968685.9960385018
57 101 123366.2590902465
57 117 574363.805701536
57 125 307040.44176398567
57 133 130631.36187444728
57 137 53698.1322635902
57 138 813619.6783072049
57 147 824005.2941226385
57 154 642302.7179031478
58 1 36732730.95107056
58 6 41286718.946975045
58 11 295878.4895416302
58 15 1735742.3455717776
58 18 7021976.718858624
58 19 48517443.585431054
58 20 42641503.86746964
58 26 1705163.919859173
58 30 6010876.78870261
58 31 11258355.687016057
58 32 88060054.47022617
58 37 51571937.31054158
58 38 46752221.6009544
58 40 26347085.853698265
58 44 14601790.536740528
58 49 1111268.735281099
58 54 18231292.497417197
58 56 68790980.90141071
58 61 2812436.056451531
58 65 51426676.86202151
58 66 8025498.165375841
58 67 82998335.0490755
58 68 48895962.69310444
58 70 30927301.83778583
58 73 2853471.8106523813
58 77 8111331.472947206
58 79 39744164.58247726
58 87 37588.348412990716
58 89 24386815.437794626
58 94 10947452.423578348
58 99 1940129.1639572165
58 101 3580895.2514449786
58 102 59468978.651129834
58 107 7259914.366574161
58 111 4856792.650196341
58 112 13346847.537319193
58 115 65876046.26819431
58 117 111719334.45773898
58 121 3299602.401224867
58 125 10329283.488454634
58 129 157014012.00582823
58 131 12136466.334132077
58 133 134344782.44808555
58 134 23237943.026655104
58 137 70901885.3640563
58 138 50519358.39400386
58 142 4310774.469704995
58 145 22559900.179616977
58 146 41638380.9584868
58 147 41598690.4577491
58 151 1551888.2578363267
58 154 12798857.168703038
59 6 16632105.824977482
59 26 32330446.048834186
59 31 20392877.487783812
59 32 32993697.85185311
59 37 14677457.579330636
59 38 19225680.847335257
59 40 15699059.271491524
59 44 9930918.302157793
59 49 22633745.735235654
59 54 11785330.798632102
59 56 2772634.0463907653
59 65 5602702.036246581
59 68 2593793.858287536
59 73 16668874.451041834
59 77 7667004.2701127
59 79 14773031.950560192
59 87 4655567.426297079
59 89 3218774.1655998095
59 101 7259463.807879826
59 102 8557256.226396803
59 112 23309763.309543703
59 115 23856726.405866016
59 129 3650331.3363590264
59 131 28762143.40179334
59 133 8402245.56518962
59 137 2876229.5361565305
59 138 2642908.153131823
59 142 3310937.0819629068
59 147 7455890.260597648
59 154 3212184.8297792063
60 54 759035.9883158559
60 56 9950.22818017863
60 65 4337820.952346319
60 67 706254.1958696566
60 89 110670.78907173492
60 101 669201.7673082906
60 133 2029208.4940328442
60 137 455732.5963095039
60 138 1723902.5155647062
60 154 488573.864408505
61 6 1042434.0622969052
61 19 1298743.4158192298
61 26 26688938.6492616
61 31 21322898.024609525
61 38 6889545.715332865
61 40 11338889.638039133
61 49 10725722.592235373
61 54 10448130.585498655
61 65 7420901.92477665
61 67 10918332.278775463
61 68 969575.4163684819
61 70 30031352.01703978
61 73 4758279.079380935
61 79 848132.3063430391
61 89 516762.00628263346
61 94 12290836.115194352
61 99 1221861.4861556275
61 101 9256856.16132651
61 102 4190749.1603260213
61 107 1038878.6570179247
61 112 18768399.611681957
61 115 1894580.4124051388
61 125 9201347.145191211
61 131 7839463.810386931
61 133 13832346.918439195
61 137 9589849.739120353
61 138 23116960.223709635
61 142 1667228.7326854288
61 145 3505871.0639525703
61 147 54934.83982346075
61 151 4601216.903106352
61 154 8699264.170077415
62 30 6990966.873099423
62 31 873384.9207071419
62 32 734894.3542399113
62 38 7759250.278688152
62 40 13752305.776510127
62 49 1212765.792060026
62 54 248225.18277487092
62 56 1614558.4769511935
62 65 45021.78912094095
62 66 387027.168105028
62 68 7724425.49194385
62 70 11521555.854919454
62 73 1347491.8724120257
62 79 1034292.1556581795
62 94 13136588.484702695
62 101 4887319.053100239
62 112 10296069.72632437
62 115 24335856.0780887
62 117 13178715.148063231
62 125 13508205.305139732
62 129 6593904.967474966
62 133 734576.7667425153
62 137 12302044.516879905
62 142 1603531.1179844462
62 146 2512841.2930595144
62 147 5314221.419865351
62 154 11916291.41250211
63 1 11414240.798852729
63 6 3465115.9519188358
63 15 8005805.924084483
63 19 37037166.73845315
63 20 9373538.324648807
63 26 483760.1595235772
63 30 7543843.234502
63 31 66655902.63533552
63 32 11822347.79806382
63 37 11369724.52414158
63 38 17061515.05977056
63 40 16037121.156837685
63 49 10586404.799560897
63 54 9166297.844941884
63 56 23696041.771716423
63 61 2416883.2514790664
63 65 3259395.9310789285
63 66 6293694.757914803
63 67 37040005.66180929
63 77 23328702.39119654
63 79 25073986.03975499
63 89 7282825.834808899
63 94 51901357.296315216
63 99 960356.4659800376
63 101 2299343.15080538
63 102 27394432.930535477
63 107 169813.19994307336
63 115 2776521.8307671207
63 117 12127703.608922597
63 121 341866.8833532912
63 125 12070719.51384015
63 129 29232193.54786109
63 131 35074923.694704995
63 133 30821666.377252184
63 134 15698523.900988305
63 137 24143179.756980427
63 138 66809182.58477173
63 142 65620791.02678563
63 145 883352.9335536733
63 146 62935060.69812899
63 147 6999526.253313185
63 151 126065054.94097286
63 154 76009445.12293558
64 1 28693793.814763065
64 6 895401749.5754101
64 11 283953959.81775945
64 15 5238316.952138695
64 18 42168074.660680495
64 19 781369879.6466357
64 20 35218978.80481289
64 26 3244707921.628924
64 30 108403247.99071032
64 31 339631364.0554588
64 32 239249879.0856017
64 37 8640155.673418975
64 38 30708647.898512837
64 40 448040192.17185605
64 44 89501176.19110763
64 49 1187578953.2716036
64 54 3702108745.455466
64 56 374671528.43570405
64 61 331833.7349879923
64 65 445677802.6215988
64 66 25900607.733848616
64 67 799253996.4100459
64 68 839733673.4812154
64 70 821010917.8643284
64 73 126672848.57249695
64 77 3176290.2022250127
64 79 1926768113.8732586
64 87 873220.4628748517
64 89 2630803642.677311
64 94 2914112660.696321
64 99 4814070.884976837
64 101 4597662583.877784
64 102 30305945.74718223
64 107 28184683.859686147
64 111 9119342.162008042
64 112 220472209.9910071
64 115 2088773701.6050336
64 117 40051091.83044025
64 121 13585948.30434405
64 125 1649039056.9012737
64 129 282984135.6773111
64 131 66477055.763099395
64 133 561217073.8626082
64 134 68593811.61157425
64 137 1688800366.744034
64 138 1159945056.8203151
64 142 924764920.2639949
64 145 17289621.58627729
64 146 323780491.9408336
64 147 192653492.75080362
64 151 95308704.77207379
64 154 2310796482.05464
65 1 40668795.58949738
65 6 195311942.71494234
65 11 59296820.97426104
65 15 5637814.311967578
65 18 28162455.135287758
65 19 127248620.3632967
65 20 351452.1577330829
65 26 5429740.871825079
65 30 49098645.223210715
65 31 204702044.34074527
65 32 10740433.132105023
65 37 62522615.597158924
65 38 9309524.636735948
65 40 10472019.62014355
65 44 40551694.7182458
65 49 480095208.38254136
65 54 137820267.5349388
65 56 131984383.14322403
65 61 2697279.097874566
65 66 32032929.269679848
65 67 218071067.5636188
65 68 116295928.75694372
65 70 63693191.32860824
65 73 16471280.813936586
65 77 3245844.9704912985
65 79 498494739.57896525
65 87 1711480.2540548013
65 89 95661527.46910755
65 94 292379997.39049137
65 99 1034830.4317668979
65 101 339594751.68016815
65 102 22280170.33293526
65 111 25127910.44609285
65 112 38381343.01752076
65 115 193720373.2670079
65 117 64538957.719789006
65 121 1180186.8367602343
65 125 46396467.88419252
65 129 6720765.620733954
65 131 190055826.21568733
65 133 86607443.46879531
65 134 121519890.57532135
65 137 96749868.49048834
65 138 159767951.45376098
65 142 254051205.9289909
65 145 38175819.19701493
65 146 80223995.1460109
65 147 73751509.42912966
65 151 185124107.04045045
65 154 219448780.0089784
66 1 23368978.06422762
66 6 10457669.219028516
66 11 5378975.255112026
66 18 7183336.674967038
66 26 54295773.76596306
66 30 831706.8437840557
66 31 85122114.28108591
66 32 19975737.039570995
66 37 50864870.36136039
66 38 3464282.8243530197
66 40 9887551.639692454
66 44 2870499.5575641827
66 49 11175823.936650833
66 54 30761404.480234567
66 56 427945.4731339655
66 65 33376627.883163903
66 67 10330331.98587912
66 68 30682757.050356694
66 70 29473765.003374897
66 77 6651393.121806813
66 79 41791977.28573191
66 87 14631373.562867118
66 89 4880700.497437114
66 94 14398375.71188848
66 99 11684547.128117833
66 101 25571264.58088309
66 102 42317230.893808335
66 112 2901000.8777328203
66 115 28983942.215661112
66 117 33815065.20336557
66 121 1578597.0554308102
66 125 17817469.37608102
66 129 33603051.464799084
66 131 86257299.57812002
66 133 5789293.325053324
66 137 31646960.270122766
66 138 36784987.519834906
66 142 75709376.94337097
66 145 12652958.143479211
66 146 10780137.777350828
66 147 12483573.522139024
66 151 26399767.4380404
66 154 30363676.39318154
67 1 248857083.68761608
67 6 73837393.46389568
67 11 7913207.508267573
67 15 68772.83098822083
67 18 10521567.994130429
67 19 139003085.4644076
67 20 24874140.465974167
67 26 630757540.608303
67 30 52356099.56301905
67 31 271719852.1134733
67 32 56418146.11936948
67 37 44540743.287910536
67 38 25471890.52223763
67 40 1399252683.6350298
67 44 21559558.90694579
67 49 309600734.4266429
67 54 188339722.15412667
67 56 206269589.12777445
67 61 1813076.477352642
67 65 165826037.107992
67 66 11527483.498281479
67 68 275705070.2136061
67 70 634901078.6243168
67 73 37842391.536361374
67 77 35341241.2322069
67 79 4273366.593960772
67 87 306987.097448515
67 89 147933939.47656915
67 94 466692662.552135
67 99 204279.65517725341
67 101 88648020.39635852
67 102 152291583.9628363
67 107 43242717.91536621
67 111 60085769.691736594
67 112 94828305.08756304
67 115 1082144412.493967
67 117 86489994.57752599
67 121 2702166.613946725
67 125 480150748.3425614
67 129 182222868.89885688
67 131 224132534.80592012
67 133 2459226957.001893
67 134 43052482.93533218
67 137 724551732.8264532
67 138 75929425.91559169
67 142 33315477.97317843
67 145 10074883.051685985
67 146 269255806.90383196
67 147 79294428.86623313
67 151 195340742.2815541
67 154 1481472211.6882088
68 1 175389463.32851392
68 6 1375166502.3459957
68 11 44930815.967392504
68 15 14522617.749898994
68 18 7481323.239153271
68 19 441638105.5255202
68 20 2510178.9276119983
68 26 5013867.709305269
68 30 246512132.77126244
68 31 580299381.3870426
68 32 200731206.33909845
68 37 68017596.79064958
68 38 6470805.503948477
68 40 309409029.20662373
68 44 1300978.174599826
68 49 475089055.78602797
68 54 1465733171.8913918
68 56 103291973.3074532
68 61 17656671.636266943
68 65 674444577.0841702
68 67 23892458.467425875
68 70 31235251.69127632
68 73 23204195.197106473
68 77 15426719.973735865
68 79 31569869.54474774
68 87 1579731.8950077544
68 89 870727311.0462575
68 94 1861396934.278515
68 99 25831288.191069536
68 101 117894404.4379081
68 102 260143764.94025636
68 107 135482212.9227583
68 111 40576538.81459048
68 112 117000918.875106
68 115 711275630.6122416
68 117 73706589.77945599
68 121 185959.28207869094
68 125 191993011.18441054
68 129 356289153.1233902
68 131 926447073.2106183
68 133 223045313.02256286
68 134 48289064.693529755
68 137 22439913.60558873
68 138 689731986.982116
68 142 1477878523.0004745
68 145 1765652.9413132637
68 146 186438921.94914046
68 147 198603790.61788172
68 151 34136692.06761713
68 154 2721277668.6106615
69 1 268007331.19947296
69 6 1179725028.7637804
69 18 33370200.82684341
69 19 48171449.993239194
69 20 21026822.920582075
69 26 401158405.1119464
69 30 28315783.763056476
69 31 48302871.377528325
69 32 225990678.46614867
69 37 6038138.679742736
69 38 75277905.73448738
69 40 327324774.78124315
69 44 12518530.93667727
69 49 115912854.1085846
69 54 708488755.3142476
69 56 119259341.14437285
69 61 3979569.06645992
69 65 332642857.23109645
69 66 27556212.681164503
69 67 369875627.8846383
69 68 555204969.2999412
69 70 587207404.1016605
69 73 36565321.65793425
69 77 87348895.07111092
69 79 8311067.836297106
69 87 1228757.1977755448
69 89 235556724.15753368
69 94 14590063.58195026
69 99 149493.6192807719
69 101 221671794.10448763
69 102 130057333.08005452
69 107 148974930.60109293
69 111 97437132.28620332
69 112 15562231.436279014
69 115 275844958.7683255
69 117 212162374.09970695
69 125 449765829.7103276
69 129 94244008.76917146
69 131 69092077.4016553
69 133 55196117.046935156
69 134 22869449.322819468
69 137 383874177.0525659
69 138 500371693.95263654
69 142 148739623.94541737
69 145 8659163.047540728
69 146 290623748.30480814
69 147 475185846.76257765
69 151 1445609.2086391451
69 154 425160336.70004743
70 1 84317577.33229102
70 6 526614837.4895689
70 11 64361771.289136045
70 15 3805119.7993891877
70 18 2979770.0632268693
70 19 647156229.0756133
70 20 41592984.167132474
70 26 932085057.1645745
70 30 9942764.228479939
70 31 969881874.8070649
70 32 161321800.20478916
70 37 3477061.4797469787
70 38 11289157.932266286
70 40 232562985.4161587
70 44 91073404.87937668
70 49 509730199.27668864
70 54 31692418.008452397
70 56 319570809.49302065
70 61 8262575.709661335
70 65 68062977.00580887
70 66 28238883.83913864
70 67 309943637.29199475
70 68 172865319.3936578
70 73 28154117.946446978
70 77 21380127.36635483
70 79 197219419.82442418
70 87 4883295.736073433
70 89 363176811.891172
70 94 994752785.6671456
70 99 3737977.4990627808
70 101 94130213.17580071
70 102 491780073.390048
70 107 9453672.338015718
70 111 52736668.474022605
70 112 157830088.493492
70 115 451787983.1075937
70 117 29351799.98132766
70 121 6690508.42431846
70 125 27543758.047368325
70 129 632438494.5135543
70 131 82478534.40484612
70 133 25599354.81231345
70 134 44558826.14552502
70 137 1432213061.168727
70 138 8689647.346848514
70 142 418465023.661949
70 145 12312063.774664335
70 146 92301570.43830754
70 147 193890773.10419112
70 151 45192707.00323485
70 154 678329770.3698232
71 1 15864955.607418902
71 6 75142519.25773749
71 11 107931938.6353758
71 15 106332.0198733563
71 19 104380994.6364255
71 20 28581236.461045638
71 26 285295789.4534557
71 30 122899370.36187026
71 31 517589108.36162364
71 32 77900494.27175377
71 37 213052959.02178517
71 38 75960499.51990417
71 40 33452184.998335518
71 44 26501430.140988667
71 49 712288763.8502022
71 54 348451821.496495
71 56 823276991.1673356
71 61 2525006.8474705867
71 65 60574570.14771696
71 67 69859766.45245174
71 70 22842023.32624054
71 77 4605818.254273931
71 79 890783786.0828258
71 89 56159019.4460587
71 101 113527571.48302817
71 102 62326446.82335571
71 107 891663.9964367426
71 112 5268882.900675289
71 115 90254911.1019313
71 117 13768780.780918026
71 121 4330662.088952045
71 125 273906544.5010234
71 131 71363522.65001258
71 133 198407474.0775813
71 134 74232113.45209347
71 137 344019002.69403195
71 138 971034157.9990175
71 142 4149239.760814809
71 145 39182216.24706866
71 147 142568481.7687389
71 151 62718255.15226739
71 154 682564635.1616472
72 1 94385146.48902197
72 6 1941071859.9890764
72 11 13711659.542432738
72 15 4505918.477717374
72 18 109777492.66752419
72 19 670668419.6962047
72 20 10671441.682594102
72 26 189654851.0944217
72 30 23544973.04383471
72 31 3386982348.353215
72 32 394928780.40644646
72 37 29843051.82195108
72 38 184409711.1332952
72 40 516228958.4434184
72 44 29416521.42024026
72 49 329940720.1187772
72 54 1852417001.9618845
72 56 728025215.1228045
72 61 1918901.8473308927
72 65 98161352.9642282
72 66 794830.728067338
72 67 1821142423.228432
72 68 389090694.55156237
72 70 1355012072.3276687
72 73 21433958.43883731
72 77 8994680.513290761
72 79 3943641147.862176
72 87 32343136.486711454
72 89 2235364737.3685284
72 94 1442893184.7025177
72 99 4725011.341983059
72 101 8784567903.294168
72 102 300806713.8030522
72 107 146454746.76703086
72 111 7184955.497483859
72 112 9928417.089417372
72 115 472351980.3564928
72 117 20428608.428856753
72 121 499322.61869255744
72 125 1976957418.192775
72 129 2452289815.8051305
72 131 105842413.1014721
72 133 5976371698.270954
72 134 147615527.68246862
72 137 3635558502.5692844
72 138 1644561219.423453
72 142 118109188.28436606
72 145 11497310.627548331
72 146 25635853.40416858
72 147 1138100605.7599678
72 151 87965419.2631307
72 154 6324893771.715383
73 1 10779377.794300329
73 6 2806525.718468163
73 11 58714491.325825326
73 18 25138838.66480161
73 19 19208089.418395326
73 20 40911664.114641175
73 26 19584272.29085466
73 30 7484999.02054684
73 31 20432733.49864215
73 32 48078271.22047799
73 37 42105661.45679015
73 38 10365221.754190959
73 40 36270894.16876126
73 44 5170874.344624786
73 49 21742979.261722334
73 54 50923405.018788464
73 56 21538384.155553225
73 65 38440965.23805817
73 66 18667036.5311383
73 67 9544528.018399203
73 68 3286527.600936924
73 70 16600151.119053533
73 77 12057625.382440701
73 79 5762940.831528294
73 89 2937077.158792506
73 94 53839306.28651265
73 99 1846424.5373795999
73 101 14223983.603422705
73 102 6013076.981410255
73 107 39531201.485804155
73 111 1855552.382044709
73 115 40307518.76336675
73 117 1448447.1494532754
73 121 5781265.490953436
73 125 11129866.199179715
73 129 5697901.21105863
73 131 17874831.55599435
73 133 6947920.840501816
73 134 53692367.02753364
73 137 6367517.313298848
73 138 67875768.02807677
73 145 6741542.120107678
73 146 7323150.1174626155
73 147 16050061.594927182
73 151 22219714.959240314
73 154 12620968.682891367
74 1 1117956824.1936502
74 6 1590314844.2868943
74 11 9904984.82422044
74 15 1888885.1759078633
74 18 13868959.445035193
74 19 206169503.25144804
74 20 60311747.28295152
74 26 3314346607.706735
74 30 86977666.60016516
74 31 2737789891.320234
74 32 5999589.943697446
74 37 51667105.49726029
74 38 106200854.27296989
74 40 925003646.987493
74 44 51853194.78568714
74 49 267076026.3726054
74 54 18708488296.743874
74 56 9427070.427874854
74 61 1640083.3136879024
74 65 31329136.47941709
74 66 16177291.047000837
74 67 749029420.3952905
74 68 1620840267.9918535
74 70 1147163250.9565477
74 73 49834769.69978917
74 77 27187851.42526688
74 79 2668544633.3148694
74 87 6074581.8742723465
74 89 2586708199.3575387
74 94 2467895897.786738
74 99 3908057.229173628
74 101 5034842911.717591
74 102 262871214.9170394
74 107 11701069.116312455
74 111 126480416.55034989
74 112 48997563.080795944
74 115 1213412247.564031
74 117 32957141.068021044
74 121 15845966.616107628
74 125 2008470822.6721673
74 129 43912266.45032079
74 131 967994501.4009897
74 133 5889748821.506787
74 134 16605367.765692113
74 137 3400692248.6754303
74 138 632053198.846021
74 142 1042474101.4307883
74 145 22847195.009819254
74 146 20471779.989070836
74 147 1350197625.3039181
74 151 89297366.74284524
74 154 42728722875.87761
75 6 24950932.195829056
75 15 4158911.27028671
75 19 23381104.261889964
75 20 39323276.33807951
75 26 10271379.142619431
75 30 750438.1210631797
75 31 18908160.35637029
75 32 33984955.05580336
75 38 39476434.67247098
75 40 25615308.95659097
75 49 33719076.6180746
75 54 21364772.60544401
75 56 2645782.5804314623
75 61 1394237.454739475
75 65 4015573.3378865696
75 66 2354861.5198021317
75 67 18716310.72597763
75 68 6998285.815639969
75 70 5792245.168368956
75 73 3372280.824554887
75 77 30999383.34272405
75 79 4711371.035252169
75 89 12709084.598283252
75 94 18350271.814425066
75 101 9438560.976603929
75 102 6149653.032633531
75 112 6945759.847229262
75 115 5669418.111614105
75 117 3995131.291118835
75 121 14826521.397483213
75 125 29552252.448130798
75 129 5626845.1319915615
75 131 1713475.2047995303
75 133 15828927.576683704
75 134 8241937.177310679
75 137 16258976.735217396
75 138 7549689.4333974
75 142 35588577.23913326
75 145 5330386.989522047
75 146 14101200.978960618
75 147 24782045.74433461
75 151 3232307.227471959
75 154 22314046.895397745
76 49 12246604.130539177
76 54 8984007.12559655
76 56 39087969.39295142
76 70 8108291.91269259
76 73 91108.46549542194
76 101 13505501.158609053
76 131 1702841.1617740898
76 133 6848397.784978622
76 137 6556864.230322642
76 138 604845.4309936515
76 142 28349828.170281705
76 154 26943637.18956765
77 1 3191514.5805150685
77 6 3534983.83105213
77 11 26590492.186254587
77 15 1307870.6281140442
77 19 561262.6597982526
77 20 16697472.970752466
77 26 20427054.803313617
77 30 17396547.853777234
77 31 28666815.767762814
77 32 10027154.79506825
77 37 30846458.327316172
77 38 16333328.309702111
77 40 13735138.03255979
77 49 5083286.352877085
77 54 22318876.748054553
77 56 19435617.84165224
77 61 4884612.564769918
77 66 20711817.280162204
77 67 142904.15826322185
77 68 24263.990459886474
77 70 38833653.46321675
77 73 104178.66555551378
77 79 13964550.60382129
77 89 6431353.777912709
77 94 22586616.240156833
77 99 13367789.928546432
77 101 9521503.692775995
77 102 8186669.550852298
77 107 19389097.178624995
77 111 11172668.617812997
77 112 1816840.4563021322
77 115 1913448.6142388678
77 121 1688545.3142937252
77 125 2884684.2648283835
77 129 24444845.32412162
77 133 6153036.329913219
77 137 9090583.642099401
77 138 223628.5374697769
77 142 4751872.770781576
77 145 11510145.210032236
77 147 5246649.313506509
77 151 7344654.153969237
77 154 23883015.746535588
78 40 180889.6023703319
78 49 30412.313674464698
78 54 60849.15846012968
78 56 14104.494592162566
78 65 3687.4342222306273
78 70 195212.15055177014
78 101 196558.7087584553
78 125 24124.63048818317
78 133 72257.08518381775
78 137 217396.69945127537
78 138 30134.417932411452
78 154 60190.475584202424
79 1 155005689.52508387
79 6 641857686.9284413
79 11 7987714.385342499
79 15 6131520.029012177
79 18 11249836.581348382
79 19 24726284.838491447
79 20 3884763.0404932853
79 26 1214597931.4395993
79 30 101245974.80146047
79 31 3431070246.7350626
79 32 42355995.76120599
79 37 159431185.8355328
79 38 105228204.22998655
79 40 1381571684.6378782
79 44 28343752.66003677
79 49 749974018.8911551
79 54 1001404586.8182142
79 56 670249301.5931323
79 61 2616523.124288188
79 65 94129708.95469335
79 66 71039294.77494228
79 67 1519392586.3433282
79 68 271894717.47866297
79 70 402673056.6449908
79 73 2743581.3136147307
79 77 14148390.61257956
79 87 206071.28075308385
79 89 2001031413.518738
79 94 1233828048.5288749
79 99 16157818.942556709
79 101 1458428861.6974952
79 102 132722299.26076214
79 107 93213102.99692577
79 111 14940127.706349827
79 112 84997735.18566433
79 115 1185693624.5347514
79 117 6474512.007001076
79 121 9870312.617058117
79 125 202734392.36902615
79 129 2200151322.3274693
79 131 667249896.5653509
79 133 2632534553.713653
79 134 1666379.0896811942
79 137 297014287.1652664
79 138 969119978.7217951
79 142 2898724214.6552057
79 145 6819753.090218643
79 146 4827184.665385048
79 147 823238489.5384053
79 151 36870743.91057084
79 154 1625079165.4032252
80 1 34081131.84597467
80 6 23355482.834515247
80 11 6442930.387122592
80 15 155791.22170802322
80 19 11072116.882811738
80 20 40218911.206764564
80 26 47008312.92976508
80 30 155114323.42307922
80 31 52659534.72771534
80 32 4099752.7721572113
80 37 12027282.377672872
80 38 59046689.5598748
80 40 120290123.85958138
80 49 1685869.5864825305
80 54 67560258.79903059
80 65 137648704.60280442
80 66 1000793.7415078325
80 67 1490620.2551226662
80 68 160143006.2456578
80 70 72862218.56054716
80 77 732119.9156660534
80 79 189501093.89584655
80 89 7631081.793391662
80 94 438006078.84049046
80 101 8079559.396483032
80 102 56880924.802316785
80 112 43089412.62490681
80 115 11752364.038181819
80 125 7536727.863949175
80 129 162268966.30753967
80 131 16632538.734080438
80 133 24347202.233242106
80 134 13040137.303802311
80 137 72250034.59407277
80 138 79021876.88507046
80 142 31276078.28009789
80 146 49564627.24090222
80 147 6693431.517693686
80 151 123296851.72895943
80 154 27530239.194153816
81 6 479436.32289176504
81 11 2407087.8320589014
81 18 5278433.95124977
81 19 3508550.1790238675
81 26 375770.86256725324
81 31 2547381.1161630107
81 40 3326515.8330831793
81 49 4450610.568138283
81 54 747296.3935219801
81 65 895310.2278745079
81 67 165239.74551522176
81 68 2274696.2228548364
81 70 3707497.7570832986
81 73 1637144.5321605671
81 89 1495417.2583467008
81 101 1266933.0740279038
81 131 468735.92208488716
81 137 167797.56228443145
81 138 1647602.4091607595
81 142 783925.7540164809
81 154 398903.83138205414
82 1 2059126.347585721
82 6 1366809.618897582
82 15 1581491.4813826198
82 18 1595673.3949936968
82 26 1320991.5941892848
82 31 1190455.6942233713
82 32 133667.71008491563
82 38 962761.2011097623
82 40 411731.86449331284
82 49 3991968.965590599
82 54 3201240.3165502707
82 56 3170249.2989283954
82 65 684585.5059767485
82 67 4065414.726297346
82 87 1289500.2354344924
82 89 179234.85814642423
82 94 1544501.9800242148
82 101 1803979.8263502999
82 102 2016937.327525389
82 125 1728944.609621388
82 133 3814293.0930340877
82 134 4793607.797751206
82 137 1202175.035488771
82 138 2705253.468827397
82 145 519986.4911991638
82 146 2085626.554036284
82 147 1167457.6076829801
82 154 918556.6930740055
83 6 35857908.44348959
83 26 28832089.838249445
83 31 4072024.6947949748
83 54 67032869.379521
83 65 14393215.815214101
83 67 34514165.43219851
83 79 10157697.713851405
83 89 338971.52359195496
83 101 23073678.080193426
83 115 8595431.910342034
83 125 3901624.711497393
83 133 6907890.392967278
83 134 11780556.92268072
83 137 62084534.89713447
83 138 1051907.9813564091
83 142 1874231.942887887
83 154 21725654.595560133
84 1 2532544.5479934933
84 6 1387265.315497421
84 11 1646199.140955217
84 15 619611.6066262175
84 18 384818.38744634466
84 19 18454020.35698052
84 20 6182242.702808201
84 26 3271508.7511977223
84 30 14596778.640481351
84 31 718202.5833298311
84 32 9276312.927120032
84 37 360626.04661950015
84 40 26474611.00453869
84 49 3115573.079023578
84 54 55172.01479759741
84 56 9758800.095981902
84 61 2214308.0615444914
84 65 8852795.556747494
84 66 1304715.172965223
84 67 3467966.4492436172
84 68 12250394.270270512
84 70 4390028.0788843
84 73 9031864.408187522
84 77 4784354.0456417585
84 79 2692166.880258258
84 87 745338.2368745947
84 89 5234725.054653396
84 94 1566627.0672770878
84 99 712844.4416329742
84 101 5509060.688717602
84 102 631804.3886555628
84 112 648774.4155133765
84 115 1556997.1704639336
84 117 22024301.008791186
84 125 8234568.644668263
84 129 769441.5080105872
84 131 13597588.592728468
84 133 5666806.194488291
84 134 2051547.4766128813
84 137 17895850.31200962
84 138 14337086.217832094
84 142 818667.1968939848
84 145 960771.4541129655
84 147 4830578.145908411
84 154 12328486.310695257
85 1 34875031.10571159
85 11 58523555.174662076
85 15 1040952.1943825881
85 19 364315388.19632107
85 26 451901339.8278558
85 31 33816132.92732881
85 32 60525820.24563717
85 40 126047773.60330978
85 44 11832230.661850281
85 49 176483939.99949703
85 54 115871341.4240976
85 56 85873858.8418463
85 66 20273348.390331585
85 67 102661180.18304345
85 70 180354666.67367476
85 73 10265686.99010451
85 79 253764470.79551286
85 89 138933281.25046098
85 94 447748564.9483763
85 101 297027648.3780527
85 107 17356909.977337826
85 115 44982114.20846441
85 131 126457572.07045048
85 133 15875904.365558669
85 137 363659091.0605766
85 138 9914192.1016999
85 146 202214561.29908153
85 147 162914979.58103493
85 154 381989999.75231844
86 6 25768913.064171754
86 11 13306710.976977492
86 30 1070231.1959208765
86 31 38350276.08971459
86 40 14406016.562013214
86 49 5379276.481851222
86 54 33680019.87198799
86 68 4149418.5238222773
86 70 74187915.45053588
86 89 21934969.016957566
86 94 1347343.488950448
86 101 20737659.48383345
86 115 280109.42876637075
86 125 26440002.14668464
86 133 11945919.887088876
86 137 11251120.050227785
86 138 6860918.7373390505
86 154 36683741.85940909
87 1 2934006.9284569467
87 6 1006650.2288670422
87 11 724154.3070101248
87 18 3306341.589417748
87 19 8509168.997556327
87 20 6882601.300824685
87 26 983429.666637023
87 30 179101.70857709344
87 31 4452870.44819986
87 32 3981163.0074756923
87 37 2100153.384793165
87 38 11272469.9699871
87 40 109867.50633325985
87 49 8352084.536256024
87 54 517905.1643331571
87 56 3681120.6779702017
87 61 944067.7934043398
87 65 502767.2500105974
87 66 3570652.5998016396
87 67 4287198.72424842
87 68 2214176.7356421747
87 70 1967107.2339835425
87 73 1932055.1355171732
87 79 2136102.2725198865
87 89 1618059.54207527
87 101 8617971.353915362
87 102 3641515.189845586
87 107 10239296.684511388
87 112 2842178.438298651
87 115 2851717.394986289
87 125 162539.415799651
87 129 3121546.003545768
87 131 6551819.915201364
87 133 2253692.4505594457
87 134 10240198.383590454
87 137 1512179.4333370447
87 138 117316.72533591106
87 142 3795602.474584348
87 146 252463.90775381477
87 147 1490460.7477914253
87 151 966566.3012091549
87 154 1390880.0140488273
88 6 7957498.462341133
88 26 25292456.905618005
88 30 17540549.21646302
88 31 6904564.951739021
88 32 12834164.74043985
88 38 15419507.800374137
88 40 34067674.91009374
88 54 7450720.454996411
88 56 4795562.838728152
88 65 20010474.00784522
88 68 7591525.102950631
88 70 41965742.92475429
88 79 26319797.37574767
88 89 2140361.6646232093
88 94 12944890.368521586
88 101 24616296.18607175
88 102 774061.44907771
88 115 34645224.196931295
88 131 2164634.9341791156
88 133 18245741.426941838
88 137 8416296.33882038
88 138 18407147.055813078
88 142 17929679.44004129
88 145 1090435.709729209
88 146 2455775.5744867157
88 154 6938414.8065824155
89 1 71085969.54493915
89 6 69824933.1868467
89 11 12161686.379628118
89 15 3410744.552761752
89 18 1960989.7608607356
89 19 1108508316.3601513
89 26 1154839199.7105656
89 30 133036403.85114716
89 31 327281224.58991796
89 32 203020461.68877363
89 37 105926885.2949762
89 38 33100269.336310692
89 40 1105455424.5415325
89 44 72860.68078365193
89 49 135491956.77187932
89 54 1535269988.7221184
89 56 129666043.14716133
89 61 586585.6257393557
89 65 206087616.1613509
89 67 3989896825.7628345
89 68 313751699.7203454
89 70 645796447.6724329
89 73 6233863.847029616
89 77 7162934.800114355
89 79 53203026.608493574
89 87 3480139.356080731
89 94 3503568959.1406784
89 99 6119822.157047979
89 101 730543406.5577662
89 102 131251015.12832272
89 107 15579581.15779825
89 112 68852962.26791999
89 115 308250658.322811
89 117 290513862.9136784
89 121 3666156.818825673
89 125 3295251168.093078
89 129 397849685.11518276
89 131 144684271.85611734
89 133 26743767.09038779
89 134 24387966.90278713
89 137 642661067.7276571
89 138 62627163.36101754
89 142 2859094942.1560264
89 145 6776219.1232191045
89 146 56361257.87536435
89 147 171539595.86871076
89 151 63983243.94185588
89 154 1283430101.8054523
90 1 541347.093112171
90 26 1899021.4484793025
90 31 1773078.8127948297
90 32 3160714.9122499423
90 38 1431106.2590932315
90 40 3748984.7503480376
90 49 197803.01308511852
90 54 452866.6266815287
90 56 591557.6682901434
90 70 3299194.4806066477
90 77 1059936.4725120214
90 94 2264017.190197946
90 101 1554588.1020938354
90 115 4081297.1967393113
90 129 1509360.5129777319
90 133 1324178.7344979458
90 137 2105765.6654699896
90 138 1808929.1318584767
90 142 3421413.13107996
90 145 1319212.4548551224
90 146 1100960.1381462938
90 147 53362.995647808486
90 151 664423.8750340423
90 154 748958.917305918
91 1 5167636.453100476
91 6 2579979.308987016
91 18 4556730.866181409
91 19 5295877.186182106
91 20 24533003.626283865
91 26 2684077.671206688
91 30 4451341.236423973
91 31 3575692.145972113
91 32 31318742.617404997
91 37 6642732.226261908
91 38 905207.5901185436
91 40 14636502.897108145
91 44 4168744.3946727104
91 54 7776481.73846929
91 61 2721407.165888715
91 67 16805514.721886143
91 70 2567971.3759791725
91 73 43129743.99288447
91 77 5603121.174700365
91 79 30855456.570965614
91 87 9628321.297391415
91 89 20945926.565153185
91 94 20413023.353194322
91 99 4117019.1944962568
91 101 10663430.624730721
91 102 39247409.24717198
91 112 7983760.596427538
91 115 3647655.3654435826
91 121 2710300.187848173
91 125 8598777.047840301
91 131 1857042.6225559164
91 133 7246539.861544067
91 137 43144085.62732717
91 138 6586896.360053556
91 142 2167244.1004249
91 145 656993.2621430998
91 146 1265168.4504351937
91 147 3751714.568316616
91 151 2666409.4518977515
91 154 32206472.97060545
92 19 4554882.152340894
92 26 849134.717337244
92 30 5646108.998764429
92 40 2675147.4795728605
92 49 1955953.5645027906
92 54 987680.7423943675
92 56 1040647.9536452024
92 67 6483636.206427303
92 70 3021343.3425104045
92 79 3108148.3021764467
92 87 2562974.0104770935
92 101 89690.88416655253
92 115 591275.5602947632
92 125 17457595.952466767
92 129 446629.38170269196
92 131 15012902.20030041
92 133 9605916.203293087
92 137 423790.186791176
92 138 3132642.4266074714
92 142 5399590.161370074
92 146 2732490.3638562327
92 147 7453142.160842662
92 154 1451004.4366116119
93 1 812532.0553432595
93 6 35756864.185297444
93 15 3307021.038605572
93 20 2789970.1357924687
93 26 12789814.153656559
93 31 5892741.663423985
93 37 5041023.680319042
93 38 5105301.985537912
93 40 23966628.868561603
93 49 419663.24089942867
93 54 11103616.370684102
93 56 8744273.405169355
93 68 17988950.855544984
93 70 1596553.7651994019
93 77 6551715.70899433
93 79 11808195.332555229
93 87 1333137.4380540748
93 89 2859775.599243362
93 94 2733848.4886207813
93 101 10865420.648411455
93 102 210272.91124869935
93 107 8472499.77306778
93 112 8126973.806884311
93 115 24630148.396290787
93 117 10704040.170746118
93 125 6090298.082329024
93 129 7366971.835611368
93 131 758706.7414207946
93 133 13480121.446864856
93 134 6566803.577754364
93 137 4787071.568368351
93 138 16412966.527916946
93 142 32712595.77554962
93 145 21035235.124925952
93 151 15684154.260629097
93 154 13398408.525811415
94 1 87592525.33118829
94 6 504338470.2011818
94 11 6998847.661260312
94 15 3624872.486363476
94 18 49453112.489805564
94 19 829858036.1443493
94 20 2931258.3835059297
94 26 337815095.7724478
94 30 136409221.03393856
94 31 26198091.398192603
94 32 17053184.353689887
94 37 130001801.38701025
94 38 23813804.84211697
94 40 167414923.02289167
94 44 37303360.27931342
94 49 1168116175.3025181
94 54 5225783123.947229
94 56 316117393.1589441
94 61 736326.9280172107
94 65 88464121.98372762
94 66 35120645.92006109
94 67 475425761.86202127
94 68 572923973.7514036
94 70 254149559.55731493
94 73 75955789.84994628
94 77 18852222.336810667
94 79 950281079.5224696
94 87 8550257.414275175
94 89 488383103.11193866
94 99 3771916.2061713985
94 101 747756997.9044156
94 102 157519687.65853345
94 107 4030026.0573528334
94 111 33859223.44232492
94 112 40437595.181286044
94 115 926216570.1168774
94 117 72409125.76871039
94 121 8613362.64696983
94 125 133067084.33569215
94 129 1890556862.618932
94 131 295191859.09406817
94 133 3581291863.829219
94 134 48966303.41456674
94 137 1350614654.8356037
94 138 1512958961.698281
94 142 437862665.27990746
94 145 7938034.564436299
94 146 16322046.031049013
94 147 398093617.3548596
94 151 138855851.68907702
94 154 963191239.9472568
95 18 3348339.2745193457
95 26 3174815.104588317
95 37 6547108.228254443
95 40 2452239.6686963276
95 54 2440112.053557025
95 70 15718949.558641091
95 79 10471326.304709177
95 89 4222992.580483881
95 101 14793789.835314615
95 117 1193874.202079531
95 133 4953396.72298785
95 138 114268.67298506107
95 142 29381271.41507219
95 145 32199447.637184095
95 147 13400130.920693476
95 154 12642865.867178794
96 1 2413665.32053316
96 6 6103824.75558627
96 19 1757106.1505517305
96 40 6714367.998597791
96 49 881005.0694691098
96 54 623040.0377029969
96 65 2924561.8664787593
96 79 2776810.8901456585
96 89 1992201.0662332927
96 94 1927329.594263633
96 99 1696714.9678362578
96 101 1192358.342239319
96 102 723069.3013421769
96 115 881726.8083584879
96 125 5494473.313800944
96 129 7986377.86406808
96 131 4694107.135297099
96 133 1138859.8022495054
96 137 9018706.119013079
96 138 2332816.8379060077
96 154 1836680.8521677188
97 1 89238257.15380074
97 6 96491454.1701039
97 11 30254230.726229407
97 15 150595.89502272673
97 18 16792862.535350468
97 19 34914087.83133413
97 20 30399582.25435324
97 26 41092248.88368108
97 30 91705671.48815602
97 31 136483264.14037216
97 32 56264492.87913019
97 37 60060525.15887393
97 38 17858419.41794687
97 40 25198887.74232558
97 44 95355349.85422467
97 49 36704733.09058407
97 54 307407128.08334553
97 56 117021629.20226674
97 61 132822.90461345526
97 65 59554552.49173222
97 66 12262184.044203026
97 67 62246896.42047152
97 68 27378107.064806525
97 70 54927912.63049704
97 73 5083378.125265919
97 77 11237360.708748946
97 79 208489146.48917872
97 87 462328.2752868381
97 89 272773702.8983972
97 94 4971189.184427302
97 99 861371.5352366586
97 101 140107414.40318218
97 102 14999086.961726824
97 112 89069672.68164471
97 115 28117517.498977963
97 117 63828430.28000708
97 121 2225034.1860732585
97 125 176989959.35576037
97 129 196689588.95970196
97 131 36022598.718158424
97 133 3659446.9638539176
97 134 7666100.351732973
97 137 12158756.933193058
97 138 45623541.12847589
97 142 160183090.71476313
97 145 2132159.1805485226
97 146 148918321.4992649
97 147 49098558.335862674
97 151 14362793.261825155
97 154 13904426.555285715
98 1 1033271.1425926411
98 6 2420717.551144296
98 11 265855.3254118213
98 18 11949051.855394019
98 26 340356.63139168633
98 30 12921216.868396774
98 31 3948099.7324925
98 32 3561987.047167668
98 37 2469335.8219285156
98 38 14092700.711250039
98 40 2175822.668671284
98 49 3797040.483210976
98 54 523732.1110848086
98 56 2185230.2897308883
98 66 1520365.1241802531
98 67 7073001.5583478
98 68 24580281.29864625
98 70 6160418.289415474
98 79 9785558.494093336
98 87 1274442.1402053211
98 89 16147599.428794121
98 94 634500.8645267423
98 101 22003016.188907217
98 102 17441611.884277344
98 107 7786361.516998693
98 112 20817657.27909894
98 115 13367704.803039052
98 117 3468247.1027661287
98 121 5676611.972159341
98 125 3131962.831324477
98 129 4796671.443539156
98 131 6817372.73179181
98 133 7545645.799234967
98 137 6418518.777171166
98 138 10295274.732535647
98 142 4402426.723990639
98 145 4894354.051957096
98 146 8149210.665179528
98 147 2832303.0874599433
98 154 12515.535238064482
99 1 1754631.8433936606
99 6 8055958.761048696
99 11 46030941.33112527
99 18 10444011.511618737
99 19 2977944.1680841343
99 26 11206997.17467721
99 31 31167703.22859083
99 32 60154834.101994395
99 37 10252467.81224953
99 40 7820775.641645017
99 49 78441670.13133335
99 54 11032774.062868964
99 56 10278802.885387132
99 65 36622090.38075133
99 67 12726570.72374531
99 70 6570673.678696353
99 73 14218096.90524359
99 77 3047259.5348820686
99 79 5934064.802881363
99 87 2368469.785168988
99 94 67851148.42463991
99 101 14425790.602584684
99 102 47385204.39402638
99 111 3165322.7365668057
99 112 29722181.51714948
99 115 1955842.2762683926
99 117 26918470.62456534
99 125 8978934.065900082
99 129 1642203.226451123
99 131 26715240.056586336
99 133 3921643.8480512826
99 134 15107827.80686548
99 137 26069003.233988088
99 138 4687590.351607828
99 142 3464273.8082860503
99 145 12385362.111896977
99 146 22912146.160484444
99 147 2132833.7346691773
99 154 3480626.897091533
100 6 447424.2084333487
100 18 4111070.9486047374
100 26 9300381.322899343
100 31 19241183.7232575
100 32 2798564.6630619303
100 37 7291026.514527063
100 38 437939.51768415835
100 40 9349178.700036876
100 44 3621447.157965025
100 49 29616003.632935546
100 54 8671450.61681443
100 56 8119688.718769935
100 61 2042882.369058745
100 65 25602582.051073633
100 67 30133181.732104197
100 70 14805614.691677764
100 79 7042262.658208384
100 101 37593898.13546361
100 115 10075379.894074459
100 117 9134756.312961763
100 129 34709100.26271448
100 131 6499160.156828261
100 133 25500020.55177262
100 134 798466.5373501135
100 137 15335341.5243149
100 138 10797728.01371329
100 142 12331540.838562664
100 146 12471263.092844568
100 151 10541084.476831151
100 154 13933928.526423013
101 1 66835917.66396534
101 6 1015354880.7817987
101 11 305806160.2681346
101 15 8227475.097163535
101 18 29193638.555323973
101 19 54541142.940269746
101 20 6047223.245420126
101 26 2350609164.459115
101 30 55127892.813264884
101 31 8847109736.472687
101 32 309257844.3490789
101 37 5513621.938000952
101 38 41037078.09324814
101 40 457390018.7424484
101 44 6539226.918423158
101 49 59025532.054135986
101 54 5876675984.679232
101 56 611287089.6625813
101 61 3099888.5876500886
101 65 90999846.69095899
101 66 2199381.586627707
101 67 326337659.40172833
101 68 61571341.44302745
101 70 840806133.4313439
101 73 24115408.420343302
101 77 11128396.846925957
101 79 472377225.48969686
101 87 5651118.862740155
101 89 547061514.4423639
101 94 414808344.7977387
101 99 4038331.5776080643
101 102 281440983.4389006
101 107 65358223.11266516
101 111 9767499.512500087
101 112 47095101.884873904
101 115 3251753009.5597544
101 117 182445705.64666104
101 121 848261.6219991035
101 125 749718042.6353798
101 129 2863828430.3345504
101 131 267515623.65269417
101 133 8130246162.71799
101 134 148994774.95846716
101 137 1456008181.1473727
101 138 14078856948.828638
101 142 1099495684.427599
101 145 81871.35943296169
101 146 47079268.40728387
101 147 2404325648.683492
101 151 75797201.91170436
101 154 48934183307.53268
102 1 6786.658778576972
102 6 533509821.6039532
102 11 38435705.94099768
102 15 1435165.1975395891
102 18 1145557.2165178324
102 19 184814827.1739728
102 20 25905419.184266485
102 26 123892410.54974677
102 30 214350818.1872837
102 32 76428495.52329049
102 37 11928957.335541092
102 38 40125579.09187785
102 40 120404591.73596755
102 44 62717293.35578383
102 49 100093522.4783148
102 54 16539236.82467811
102 56 346490284.0195216
102 61 4229453.934606263
102 65 177522192.42092288
102 66 8502525.728889545
102 67 482557970.73524487
102 68 147741411.27506974
102 70 329075046.9705074
102 73 20435083.535893124
102 77 19804071.60736651
102 79 50916834.41780136
102 87 3176686.048806032
102 89 209946693.26940113
102 94 35035874.762103654
102 99 13747469.302231306
102 101 285002492.872757
102 107 96492217.9401008
102 111 7423357.264277825
102 112 138963874.89590132
102 115 632614174.1461041
102 117 56850782.113587275
102 121 8785670.698700637
102 125 172918276.33003515
102 129 21746619.3068523
102 131 213157209.93833354
102 133 176112674.86632088
102 134 16582589.55547793
102 137 433349331.30360925
102 138 935113979.09265
102 142 37237466.61808101
102 145 11075681.714882948
102 146 9857425.677039338
102 147 124391056.71991819
102 151 3005315.71566879
102 154 729414006.3213246
103 1 2836580.1069908408
103 6 6962603.593352103
103 11 2449209.44327114
103 18 6562430.674816282
103 19 4875601.033876105
103 20 5484875.780647837
103 26 7422074.319668329
103 30 3482005.953429645
103 31 893974.3019157512
103 32 4888134.130510678
103 37 4180974.5170914726
103 40 9578644.296671486
103 49 1067763.059366434
103 54 7839149.947266147
103 56 10676460.324619845
103 65 419583.81820892845
103 67 7978977.506781004
103 68 5047157.953456733
103 70 14667262.387132619
103 73 4969654.450785066
103 77 6031240.306721709
103 79 8877913.445462145
103 89 485233.4422065999
103 94 13958357.255726462
103 99 4265783.405994766
103 101 16162951.869208891
103 102 23569.37141359226
103 112 4372511.203605474
103 115 7409481.957828541
103 117 4423186.930708545
103 121 4379845.109018047
103 125 2703189.9974899823
103 131 2100383.0830646465
103 133 6149818.189079088
103 134 729560.7734184966
103 137 5758366.930684525
103 138 1078156.0741601163
103 142 2147281.9375117356
103 145 17730893.718852695
103 146 14893877.29882927
103 147 15435342.688643582
103 151 3309546.739746629
103 154 846902.9069731388
104 1 509092.704730638
104 6 1509265.5413496718
104 11 303736.1601990708
104 15 255616.28670936244
104 19 784083.9550067083
104 20 1357860.7940850465
104 31 410695.6134878734
104 32 491353.14829194633
104 37 144067.45488894242
104 40 512439.2052071049
104 49 1116411.6896859666
104 54 58074.42558549603
104 56 1133903.3122454924
104 65 28528.079747925873
104 67 31766.702334734793
104 70 653851.3293822185
104 79 106804.71607497257
104 89 2113778.231406903
104 101 510969.25881265424
104 102 139706.74875144984
104 115 1085592.7280927273
104 117 171330.933849453
104 125 1722550.2824525456
104 131 104806.58615187084
104 133 467571.10773826914
104 137 245031.5776276447
104 138 1806158.4757703168
104 142 233665.46207673918
104 146 912632.4949483195
104 154 278027.9736109629
105 6 1706665.7524220995
105 11 21006803.78753995
105 15 3581508.5425344286
105 19 8934406.193248086
105 20 26225322.396073263
105 26 278276744.95627373
105 30 40636808.689481765
105 31 85403186.59667185
105 32 82059836.23813088
105 37 135943359.1186949
105 38 38523016.02147279
105 40 658124631.4540454
105 44 51185663.68114972
105 49 539924486.7923546
105 54 129566454.56494835
105 56 395135181.9988462
105 61 1040441.3315173292
105 65 228679396.9423641
105 67 32645108.191565096
105 70 86926254.5662015
105 73 79400654.4133883
105 77 2475770.6347532114
105 79 122944337.66398358
105 87 1462997.075855207
105 89 218010283.78193998
105 99 9629438.941413417
105 101 384718171.8513089
105 102 210588270.15435958
105 107 100947132.74574608
105 111 43247925.545707315
105 115 114002557.36051731
105 117 46492678.39566376
105 125 400947333.42127377
105 129 450226431.12278765
105 131 291223206.68908346
105 133 288879163.3386896
105 137 10968700.606337143
105 138 97874377.43762767
105 142 207834856.217746
105 145 19611758.11013675
105 146 46536401.433735795
105 147 289181364.70958555
105 151 8679240.194495982
105 154 11822741.772976559
106 1 249999396.11475936
106 6 522778729.1844124
106 11 121981692.06924276
106 15 2830832.1316393786
106 18 15238560.399941372
106 19 260254856.82741567
106 20 4516212.5682238145
106 26 3109117447.2114367
106 30 777460747.1385648
106 31 1800587131.8706093
106 32 75606286.63836016
106 37 99246443.89562091
106 38 37540122.34331737
106 40 302154040.595561
106 44 68924020.60476156
106 49 1477260216.9642591
106 54 399355409.26091266
106 56 664359917.323852
106 61 6551501.144639521
106 65 143107159.7608168
106 66 84601277.62374324
106 67 133290412.13250783
106 68 539984182.614365
106 70 613943128.0919143
106 73 23510992.225201596
106 77 36231112.55478024
106 79 4884028849.978484
106 87 11084609.464412335
106 89 357269439.5494989
106 94 267295962.18159363
106 99 3004637.001154406
106 101 240723860.6727206
106 102 328972349.3693081
106 107 3427406.348381434
106 111 6081603.175581409
106 112 96872384.15564877
106 115 89412876.44913557
106 117 244197442.5337353
106 121 96739.8069967252
106 125 1036120743.7346605
106 129 300984771.0071313
106 131 366515704.99953645
106 133 2374650394.707435
106 134 111318408.70256403
106 137 356266029.2103956
106 138 1125107869.7237983
106 142 57916915.575680114
106 145 3470707.554331236
106 146 307516901.9687655
106 147 174123434.45720798
106 151 112169748.34236494
106 154 917538709.3015003
107 1 12123152.764048107
107 6 44505754.26644656
107 18 6064050.651724033
107 19 50878865.423078895
107 26 13008591.521726366
107 30 118095127.34615439
107 31 370724474.63874996
107 32 107746917.92332816
107 38 9466695.459622547
107 40 3825855.5451980033
107 44 44149215.08162877
107 49 154072358.57257718
107 54 7241704.471443193
107 56 243691966.49143994
107 65 26574052.38599177
107 67 86078308.60777158
107 68 133750821.74300388
107 79 247269456.2523168
107 89 179041183.511436
107 101 60195404.63535885
107 111 17023319.93054823
107 115 15356449.089092975
107 117 2264533.2449915553
107 125 57854606.6788602
107 129 26879520.83453593
107 131 30186721.947784677
107 133 47929684.828355476
107 134 24088886.422265023
107 137 74373969.98818636
107 138 170106117.23939702
107 142 180890109.2597858
107 147 6593226.382374973
107 151 63174189.531981096
107 154 18516363.740613807
108 1 37753356.63232598
108 6 130707065.88350184
108 11 20052693.322071493
108 15 5988442.119403819
108 18 44045530.7449013
108 19 463498033.77212775
108 20 304131.87600496795
108 26 148841133.11158767
108 30 134660490.5459613
108 31 86264601.65424226
108 32 48081798.64909962
108 37 40896531.7716159
108 38 22521697.316702664
108 40 33269336.715560753
108 44 18896559.797391
108 49 100665115.94961378
108 54 27238975.895917792
108 56 143113566.58980402
108 61 199973.13468153577
108 65 96733427.96729182
108 66 10352083.817599678
108 67 49088193.30383087
108 68 96053416.61395557
108 70 65760506.92575676
108 73 37191339.84838957
108 77 15572608.01822595
108 79 165649260.2078727
108 87 2416824.08569066
108 89 99870951.95696548
108 94 109721115.49906296
108 99 5757269.901556636
108 101 267100991.28035545
108 102 22043548.099678427
108 107 121732057.99457991
108 111 6547148.9474294195
108 112 50423945.05037004
108 115 14714308.902819714
108 117 128045389.68043944
108 121 1395058.146076491
108 125 131765984.7798631
108 129 116739470.5531788
108 131 25603591.048560333
108 133 527962863.1298306
108 134 17806327.953360718
108 137 98322613.8971964
108 138 208086836.2235494
108 142 15302053.250783775
108 145 15549339.980668249
108 146 8194469.324050247
108 147 80317726.51449697
108 151 20185395.16887621
108 154 161161915.20092782
109 1 57345115.912212774
109 6 64198184.18932927
109 11 12007708.545905063
109 15 2387659.8875486455
109 19 67548007.17025548
109 20 16897859.096840817
109 26 48241959.887383826
109 31 48992316.654097475
109 32 44175111.30034435
109 37 27462171.00479727
109 38 77876534.83962612
109 40 18593556.65040054
109 44 30558412.23234599
109 49 52611107.874806896
109 54 48436841.54006394
109 56 56869218.18008939
109 61 3317487.8130963715
109 65 15105687.290290836
109 66 41350774.821039185
109 67 23907006.37444808
109 68 239359768.04922348
109 70 60571478.367540024
109 73 21791200.98510535
109 77 461317.2639282319
109 79 50881785.25459214
109 87 10977915.380334888
109 89 135886942.03005818
109 94 49109740.347624965
109 99 13118020.671453612
109 101 33315895.199573975
109 102 17928865.24648173
109 107 31921199.26920506
109 112 1389338.5507820577
109 115 32183995.281033527
109 117 804194.2978460892
109 121 4967692.995026516
109 125 1812821.666802522
109 129 14678909.94259549
109 131 51728797.66909326
109 133 77451740.00120997
109 134 3660167.298076165
109 137 11975592.927649135
109 138 20760727.38290469
109 142 45650885.38248001
109 145 68114260.15086801
109 146 370953.14591264207
109 147 10982875.46366814
109 151 55909732.05685624
109 154 129820462.55848996
110 1 70455158.43655638
110 11 23971466.05589641
110 19 76382660.1517744
110 26 6779747.591657594
110 30 23325378.942093786
110 31 37563154.61286711
110 37 34998925.182396635
110 40 23941197.667801704
110 54 67901477.66807812
110 56 344328580.4712416
110 70 3122584.9959215284
110 79 46034400.64501861
110 87 5083916.297893895
110 89 37819077.5625055
110 101 1491043.8836639242
110 102 7163280.310971255
110 115 32439809.755130716
110 121 8214935.448321505
110 125 9555385.592800342
110 129 147277172.3651769
110 131 5126236.015193613
110 133 213114734.5082883
110 134 11156888.879876979
110 137 45131102.84297055
110 138 88317982.35831963
110 142 130288158.54048151
110 146 487480.9863478914
110 147 10260023.611975143
110 154 110481089.63485578
111 1 51224496.15588666
111 6 5626686.319425249
111 15 581025.5201798435
111 19 36044260.7872
111 26 5356519.029643976
111 30 84588430.59577633
111 31 3703857.3061677925
111 37 8625416.614075163
111 40 11769626.140415749
111 49 808731.7380367125
111 54 29909874.627215862
111 56 2097129.6148328157
111 65 5689734.128941533
111 67 27352060.746791456
111 68 6210589.938248111
111 77 10060601.359224701
111 79 11753622.510582443
111 87 2699020.027838889
111 89 23150002.0280207
111 94 36898224.71399614
111 99 2530424.042938819
111 101 30371303.61012639
111 102 79018112.97154932
111 112 28128400.416799217
111 115 3263426.5851449016
111 117 21251396.038851026
111 125 18395239.89499325
111 129 153210451.77956173
111 131 1314246.658174403
111 133 47056196.00043914
111 137 14402489.90934483
111 138 20297498.486864
111 142 21729441.83482999
111 145 8264968.18363289
111 146 30298401.57270281
111 147 7771621.801219483
111 154 2462844.8327930854
112 1 6786867.039640847
112 6 12293165.257905142
112 11 128177443.90348166
112 15 1012599.9943868178
112 18 13063811.391913665
112 19 200520592.13126308
112 20 22454344.775312923
112 26 42488806.87804848
112 30 112368308.59025611
112 31 86565951.69470477
112 32 19888107.42776167
112 37 6526256.579878965
112 38 76454539.80251391
112 40 34365474.332900174
112 49 86464199.74335568
112 54 47657776.904749975
112 56 22482592.216701154
112 65 40928482.503221184
112 66 22811315.29446769
112 67 67849117.44348127
112 68 11217573.688809104
112 70 71272786.15585572
112 73 184141.5595414389
112 77 17145010.968759503
112 79 139404579.6301495
112 87 6450273.501641631
112 89 93983605.22096227
112 94 157338565.69747308
112 99 17053961.185721282
112 101 58961634.707711674
112 107 17498408.59358895
112 115 10678300.033832947
112 117 36001196.732782945
112 125 1085413.2904506035
112 131 25091081.61206669
112 133 186383448.39850047
112 134 18864858.330781568
112 137 16294778.890911598
112 138 41059279.11907008
112 142 8637729.7644975
112 145 12690114.715159206
112 146 21834000.900426883
112 147 52842872.04658702
112 151 91454253.38435358
112 154 84383526.04874219
113 1 261147043.42945743
113 6 52633456.10158232
113 11 9439599.313828487
113 15 4380978.46481055
113 18 4898974.887781023
113 19 21754712.89877543
113 20 23807411.66108128
113 26 682040427.5691825
113 30 78453464.78912479
113 31 391259176.7104984
113 32 70563139.69790357
113 37 41894085.551011585
113 38 17128082.82308022
113 40 992690574.5765405
113 44 23749110.371827796
113 49 209312015.66799495
113 54 254158657.1961378
113 56 160105370.2624209
113 61 8158879.559784628
113 65 58275537.510962725
113 66 4672593.0498054065
113 67 152863382.0624721
113 68 452712620.07988805
113 70 83327610.60487695
113 73 17307884.407627743
113 77 14913935.96054834
113 79 96757523.82360585
113 87 1087448.8369591604
113 89 3234523.069761661
113 94 284956.319852213
113 99 20812428.742663335
113 101 484107313.09038186
113 102 10690787.881594865
113 107 28564511.639971364
113 111 57589929.46923374
113 112 5503520.293122494
113 115 115087534.98247823
113 117 238101835.1589441
113 121 12422614.422711732
113 125 15607279.219700135
113 129 147480830.80217198
113 131 327297050.97838086
113 133 46888621.067257226
113 134 8045078.375369408
113 137 822777690.085683
113 138 35400254.33721746
113 142 45863750.76976327
113 145 12931431.70423952
113 146 247226294.02509084
113 147 199330892.12841842
113 151 41482803.23668332
113 154 110812019.71454133
114 1 175917064.39772806
114 6 281482119.5949774
114 11 11267109.113593066
114 15 876419.9755571907
114 18 44696531.080395825
114 19 150944031.91929385
114 20 71539569.74999185
114 26 849238089.9782422
114 30 275866455.80454516
114 31 115104633.7751307
114 32 34567508.32312172
114 37 41448083.68820732
114 38 90116762.81448856
114 40 38877294.45905469
114 44 50887394.56246948
114 49 194060556.62856144
114 54 140392774.87496778
114 56 811378098.603168
114 61 104493.42355099859
114 65 188636194.66455874
114 66 72251166.07443452
114 67 201608276.47616267
114 68 149091182.06659418
114 70 330352351.8835572
114 73 17544103.060573578
114 77 3206963.542886041
114 79 291581692.342994
114 87 4590199.308286207
114 89 676177271.7853107
114 94 881499677.8335109
114 99 2572817.931893821
114 101 922931146.4664563
114 102 22503417.027749352
114 107 34331029.19074709
114 111 45682439.804070316
114 112 75527166.82708402
114 115 109559551.46815434
114 117 32092923.31326572
114 121 6090156.659330342
114 125 306176485.01266736
114 129 614979241.3433939
114 131 163047447.66078952
114 133 1823602375.8762336
114 134 27973951.917724825
114 137 275533438.2743806
114 138 269788175.10254705
114 142 344639002.6783242
114 145 8712731.992699146
114 146 2113612.5427307333
114 147 329436912.6293638
114 151 30133668.174431834
114 154 301814674.3976442
115 1 28703394.986930612
115 6 20629650.313164428
115 11 64800566.07093691
115 15 529384.7393116524
115 18 8729666.488386534
115 19 21344612.25127924
115 20 45898395.86288726
115 26 2517160738.801516
115 30 171714132.21337318
115 31 596594071.7895106
115 32 96201758.993745
115 37 166801229.78072545
115 38 18430959.48969341
115 40 147280015.56320676
115 44 317714888.0120472
115 49 255855481.38688248
115 54 439451398.41903365
115 56 171061408.67410904
115 61 9119507.498957342
115 65 76987099.4331741
115 66 26478476.805851605
115 67 616709714.3599201
115 68 204195617.94877374
115 70 60759051.85544153
115 73 9396811.794266634
115 77 17586169.031310286
115 79 139786190.6387182
115 87 4323779.3663742645
115 89 743769206.2322235
115 94 212607692.2700096
115 99 1190654.8892653622
115 101 10301498.666226555
115 102 313481446.76565135
115 107 220990679.4702739
115 111 310823.4412439831
115 112 26559879.503565107
115 117 59340102.79880245
115 121 3888242.1732415017
115 125 52665449.664638795
115 129 1521084357.2460556
115 131 221973900.37947556
115 133 902077424.2403417
115 134 865173.8600506529
115 137 103403543.86778933
115 138 585670023.3195215
115 142 25173468.344573516
115 145 797480.0229679907
115 146 37294224.93820878
115 147 201413813.1612691
115 151 63247275.3476566
115 154 104852969.5331432
116 6 9333010.734270783
116 11 58888755.48117981
116 26 23377580.651264895
116 30 61105109.32351984
116 31 175826954.56283435
116 32 64401465.70540905
116 40 21396281.662106007
116 49 71337598.75229883
116 54 29934362.811193835
116 56 20420333.197362974
116 61 9121786.979767298
116 65 17122194.775722172
116 66 2149115.260974904
116 67 113393934.61161564
116 68 40029629.59958968
116 70 77173863.16918166
116 73 8495350.82764893
116 79 47457581.19091581
116 89 50036267.975708105
116 94 66556140.31963102
116 101 7160189.297384893
116 102 1558221.255878265
116 111 13535689.505849252
116 112 39713591.32242452
116 115 27354288.231333364
116 117 27807352.39601552
116 121 1659359.3567358672
116 125 3018739.1937001823
116 131 67618376.15627427
116 133 67658899.77045673
116 134 65816049.591941535
116 137 8958483.584313512
116 138 57016801.44795998
116 142 24941135.68142327
116 145 8365.977722557058
116 147 39532022.04256957
116 151 82280250.37601924
116 154 57121205.80979551
117 1 59243532.004685886
117 6 57210763.01076891
117 11 25891326.430429608
117 15 634316.0817818256
117 18 31950410.260604862
117 19 17233953.228678934
117 20 5721473.020752609
117 26 26312615.188036866
117 30 32591900.141735736
117 31 60745733.41879952
117 32 22968253.69982779
117 37 32495487.01879514
117 38 77655106.99218775
117 40 181874163.74544612
117 44 911727.8243691868
117 49 2029733.6244040797
117 54 11318616.912272792
117 56 85535284.79523474
117 61 1148897.429413012
117 65 30663534.08439369
117 66 695052.4150141709
117 67 109345143.73896787
117 68 79063500.06013197
117 70 47348037.05222096
117 73 79137069.49403304
117 77 44103801.374141105
117 79 9440116.16370148
117 87 6962612.167334827
117 89 56290304.88799555
117 94 968442.7167910105
117 99 7712723.007901606
117 101 69505449.24574105
117 102 55889061.93475416
117 107 4284798.943792113
117 111 17117634.59810901
117 112 57295318.29736957
117 115 77130513.93026304
117 121 6878025.121605285
117 125 116334617.24083245
117 129 21813111.385076407
117 131 6556715.700555033
117 133 99478028.05198143
117 134 12562603.329315016
117 137 110421208.13708055
117 138 226656550.04374006
117 142 131049529.37260169
117 145 17498352.53623938
117 146 39324209.10987539
117 147 167136436.56989956
117 151 31537940.140562076
117 154 53652399.09280897
118 1 5311714.316592433
118 6 38596583.29296013
118 11 33596110.60995488
118 15 1811717.7592639297
118 18 3363150.72636487
118 19 463874201.90430415
118 20 21748766.047200374
118 26 2426140944.3946652
118 30 107335880.83765966
118 31 183556778.97307792
118 32 206541461.7783739
118 37 21029017.65722193
118 38 94793964.02956176
118 40 1811393557.5142038
118 44 15473233.950424666
118 49 135409996.22545385
118 54 2404979077.509561
118 56 57764548.14822926
118 61 2112706.95004143
118 65 104702148.02764712
118 66 27187912.886944875
118 67 928794606.6984304
118 68 692588023.4828453
118 70 1120792916.865957
118 73 5075451.498914342
118 77 17690539.252283122
118 79 661373977.9537549
118 87 21230305.926998224
118 89 522426515.1201602
118 94 758940354.1186581
118 99 2186440.8675875915
118 101 1674095889.9452908
118 102 46117087.6021784
118 107 40478434.85553394
118 111 14801261.125254514
118 112 114307145.55967313
118 115 1136360994.4390724
118 117 292168966.0214534
118 121 5429096.427718412
118 125 369380288.1979707
118 129 1274105445.5518854
118 131 606810396.6150726
118 133 1476143560.6004188
118 134 48290286.55671354
118 137 748041568.9013714
118 138 91187440.06553484
118 142 255596295.4793188
118 145 39547660.54903182
118 146 613768909.8955114
118 147 537934878.960205
118 151 170649177.0186254
118 154 879072942.352842
119 20 1931238.9203296124
119 26 3916240.1312839673
119 31 932337.4834519821
119 37 10342809.636017416
119 49 632194.3378386335
119 54 2219476.7895515063
119 70 2554869.5754136792
119 79 266445.38340125687
119 89 1146146.202301624
119 101 5098525.2887515845
119 133 725961.5237374991
119 137 7403716.917410411
119 138 4038603.627466005
119 142 935340.1602331942
119 146 4072176.3431453854
119 154 432996.6612376685
120 40 1249270.6890276587
120 49 4629975.0551636
120 54 368440.61007565603
120 56 930679.7258062646
120 65 2467326.1302283043
120 77 315105.2668347591
120 79 1217804.0223713634
120 99 541094.3131024514
120 101 577896.4992760555
120 115 1265081.546539929
120 117 971866.1287117762
120 125 110655.53600941035
120 133 2949969.1164944437
120 137 256884.56270672227
120 138 1214274.9609329675
120 146 1140047.6315410638
120 151 2283492.706085156
120 154 225361.9598707558
121 1 5802927.510570875
121 26 2335656.554378998
121 32 3220799.2565280306
121 54 2388590.5483426116
121 56 998773.602760374
121 65 3046152.126308399
121 66 2197264.289247378
121 70 1745308.95364891
121 79 943741.8524743555
121 94 1434081.3447748036
121 101 126315.30473876395
121 115 385861.795921413
121 117 34369.51363029976
121 125 1085577.123525977
121 129 1901945.6517080253
121 131 1099423.6031486965
121 133 983696.2736797372
121 137 2168181.6782596186
121 138 2170386.188957748
121 142 1984125.0503298184
121 145 1962188.2144138608
121 154 247333.5216409974
122 26 821751.3582872412
122 31 1097364.9572639675
122 32 805708.4361178334
122 37 117293.6301232423
122 38 82636.63176704905
122 40 1574184.9642907283
122 49 451252.1994635759
122 54 2824217.9836132736
122 56 690662.1577356904
122 65 1718517.5266180243
122 67 822673.9952850234
122 70 398268.52951506374
122 89 2325940.696022911
122 94 708736.2040469634
122 101 4563357.620154235
122 115 265163.2425302916
122 125 2630548.8528149533
122 129 162245.20539248924
122 131 3215000.2831581486
122 133 1448771.5284362002
122 137 247375.15787180548
122 138 1160539.428877541
122 142 3726306.9913131436
122 146 24499.453982249248
122 154 1564785.5317112207
123 54 214628.5384917439
123 65 1860091.5478450507
123 79 1313613.0299547901
123 101 197581.36555461065
123 115 1811093.1674033522
123 133 8067339.737614064
123 154 1054398.2397731175
124 40 349967.1547545075
124 54 4995.556313137949
124 56 533210.0401753192
124 65 56359.18684166732
124 67 749763.0891006389
124 70 15033.555322225593
124 89 6689.810063908453
124 101 31568.899392481362
124 102 219536.575400839
124 125 221826.0521463335
124 131 83698.82232435158
124 133 265824.85015874193
124 137 148230.6026838062
124 138 183762.81442390184
124 142 754137.229162506
124 154 9169.825679340976
125 1 28996056.457563963
125 6 47147329.24428019
125 11 11017978.63284569
125 18 6387303.342304726
125 19 2043882620.2925525
125 20 24078243.997723732
125 26 1341585139.3277385
125 30 40286186.4387394
125 31 321542714.98400444
125 32 274911082.6040392
125 37 6336753.016616936
125 38 4620757.752268946
125 40 42970274.47000167
125 44 54564960.01643929
125 49 346798513.38491935
125 54 276752968.9249802
125 56 236128854.13489422
125 61 15910158.659729993
125 65 119620728.49330394
125 66 46020480.15745618
125 67 58688998.469345525
125 68 1278630320.3224306
125 70 52892033.479135565
125 73 13603909.354262214
125 77 1061968.922259878
125 79 526212771.9452468
125 87 558374.5308499391
125 94 253624264.9403896
125 101 1735882112.0247772
125 102 391348927.28925014
125 115 145574723.72319764
125 121 5099894.788230235
125 129 595609581.4997921
125 131 3099392.4438544093
125 133 188075163.9618093
125 137 401819829.8804103
125 138 963648110.3181189
125 142 1130866112.181155
125 145 10407519.940208945
125 146 26915670.417043623
125 147 215425131.86220506
125 151 130977477.32360725
125 154 1184705161.9333851
126 1 2230910.32913161
126 6 2615095.6651626253
126 11 5289863.302587578
126 18 6389121.476116516
126 19 1393565.8577546568
126 20 4447218.413731053
126 26 24011052.157348458
126 31 10178858.065142281
126 32 3210704.905862094
126 37 1306182.1061689223
126 40 1262710.5287110389
126 49 4052669.978151306
126 54 11858565.557090038
126 56 1009389.9940698679
126 61 3434518.679624365
126 65 4802960.728363082
126 66 1021723.2613402046
126 67 373865.63582594204
126 68 2217906.358726594
126 73 12852263.977554625
126 79 16943938.651487023
126 89 6707209.667525117
126 99 2985797.904560137
126 101 1337981.8057455693
126 102 7274354.424982426
126 115 5774101.776110035
126 125 660513.3331194218
126 131 8971681.693022102
126 133 11113368.067396885
126 134 8850390.739673719
126 137 2437641.902802355
126 138 744417.5923041339
126 142 14134361.649412526
126 145 2629656.3527233656
126 147 2034793.6495650874
126 151 2984230.711630788
126 154 4629547.54901604
127 6 4513594.637735089
127 18 2022081.5935517661
127 31 285140.9560924642
127 40 446761.3307901116
127 49 2015907.720084898
127 54 5523932.143874479
127 56 2640511.5312587204
127 65 4726098.214256731
127 66 9929.718756390534
127 68 5342476.883153728
127 70 59084.22781678882
127 73 382807.5408678909
127 79 533865.3299336502
127 89 775232.0014373336
127 94 2774829.079015624
127 101 246334.06634609372
127 131 586423.2264634155
127 133 107052.61356656163
127 134 1983796.3963521211
127 137 855071.573909252
127 138 153893.734541312
127 142 334281.7164533231
127 145 30514.891164322817
127 146 1223184.4577503952
127 147 389576.29835422855
127 151 3430381.1880090665
127 154 283457.15603275254
128 6 1675464.1968760213
128 11 4182125.7729740473
128 15 5131891.80856488
128 19 6956429.394636191
128 26 2886632.366418723
128 30 5471007.2002284415
128 32 3861138.603509655
128 38 2636067.6578810844
128 40 1804975.8208952374
128 49 2318863.350059587
128 54 11605834.796534346
128 56 1149659.8597472433
128 65 1706768.658800256
128 67 5137368.144598867
128 68 227964.50559888713
128 89 2730922.148682476
128 101 5015007.9295446705
128 102 10546319.92291575
128 115 1330309.2366757363
128 125 16372152.887148669
128 129 9290119.507928131
128 131 8298678.908491054
128 133 1986760.0470711614
128 137 12645212.578717157
128 138 7300952.511778195
128 142 116868.44876730801
128 147 16793587.49077924
128 154 4968708.552556473
129 1 297147212.7829682
129 6 336149772.2074709
129 11 141976010.22780523
129 15 1038877.5555213214
129 18 7523693.786638342
129 19 283660884.8304777
129 20 37359903.01977272
129 26 648479411.5968785
129 30 217667023.39905176
129 31 436440918.12643296
129 32 47156240.69712018
129 37 110273431.97060737
129 38 29709229.72591056
129 40 741123660.2983891
129 44 17342305.176207528
129 49 2895688.8861807887
129 54 2899701779.372568
129 56 174845470.60271776
129 61 8402874.277352123
129 66 7050551.829968027
129 67 971864111.906135
129 68 275501571.95618504
129 70 551993340.2347742
129 73 2446719.1262177904
129 77 37074295.65835828
129 79 1008984142.5475156
129 87 5274797.937341098
129 89 520764797.1011961
129 94 1032006801.1614369
129 99 8315976.10965443
129 101 193299054.06673333
129 102 679499922.2481786
129 107 17719208.37692233
129 111 785788.2882818478
129 112 120508069.10757329
129 115 876275863.203394
129 117 156352561.642145
129 121 4556370.762750267
129 125 1963228339.2341201
129 131 311612983.08844906
129 133 1139292323.3185782
129 134 11501428.929844787
129 137 5449127156.023286
129 138 934561642.5525262
129 142 1032373569.8991395
129 145 6620880.960511894
129 146 7129908.456885753
129 147 6438680.441029973
129 151 107255306.73763284
129 154 3623402186.5413113
130 26 144460721.51639327
130 31 31886714.525937162
130 40 818789317.292757
130 54 156159137.023681
130 65 307416658.0032387
130 94 507484656.5823537
130 101 48832700.03401407
130 115 189043474.3952483
130 133 146438739.0862833
130 137 592855852.9720461
130 138 416172891.3431139
130 146 86071679.20699146
130 147 18584443.303203344
130 151 29438042.677515887
130 154 86081573.27285832
131 1 21259682.15062479
131 6 274761939.1616146
131 11 84706276.0720125
131 15 2861484.88033943
131 18 16629306.553935371
131 20 92702442.56740351
131 26 61721177.43350579
131 30 52955788.89631163
131 31 213188225.8665629
131 32 5181774.129736673
131 37 136623654.0484354
131 40 291761854.66727716
131 44 30046216.24191725
131 49 37782497.95757293
131 54 35913514.83785125
131 56 151265833.9553756
131 61 8211015.844874574
131 65 44615844.80467834
131 66 9783462.106836544
131 67 160355714.63391677
131 68 521991216.36640626
131 70 124535796.93969275
131 77 12794075.75751329
131 79 151653392.87311977
131 87 7895325.260671341
131 89 89595767.94653761
131 94 4873510.454416891
131 99 9503813.915254002
131 101 269072539.45683146
131 102 131181414.8461452
131 107 121767834.52605085
131 111 79534055.25275876
131 112 149829099.4710412
131 115 106435132.40203142
131 117 25591436.913520478
131 121 923358.157152464
131 125 149598708.1635424
131 129 6780639.13820652
131 133 192033035.0824752
131 134 97254266.97712061
131 137 23520991.755605817
131 138 58056144.34962988
131 142 144233106.63892096
131 145 50814519.76636396
131 146 192387887.76425081
131 147 107691128.16054128
131 151 38410262.62375599
131 154 180997805.50585005
132 6 1688799.2614888952
132 26 814621.7964858422
132 31 13166354.451935971
132 40 2266972.4106705617
132 44 619295.939070251
132 49 3043827.9116200176
132 54 2432595.8456047056
132 70 395692.361938152
132 73 2971930.95388938
132 79 859941.7268610533
132 101 7529647.289861033
132 117 3324157.7263723286
132 133 6275770.8350738
132 137 517451.7766121618
132 138 314971.6466851235
132 147 140963.06596580526
132 154 9782942.510372607
133 1 4626317.979226893
133 6 488786411.42385584
133 11 39260585.02202407
133 15 2239551.013672193
133 18 6753097.391336741
133 19 192396873.92071602
133 20 38516103.92010529
133 26 1991067637.8312995
133 30 10349734.687828025
133 31 2284212608.7839456
133 32 20607693.26908184
133 37 162041554.2330777
133 38 39781046.38341951
133 40 472597278.93139106
133 44 52446679.94551925
133 49 196729127.26865283
133 54 511491499.1523028
133 56 931763884.4507891
133 61 3403388.1138636814
133 65 491260186.60473794
133 66 9384873.823653463
133 67 883977904.833069
133 68 418562443.74502087
133 70 5217585549.514715
133 73 13745919.399629131
133 77 9508605.381385496
133 79 923974846.4870465
133 87 3146172.3338479684
133 89 1915490117.3087447
133 94 174796242.28990784
133 99 22154846.31203762
133 101 5201840546.71888
133 102 300415504.07628536
133 107 107243473.77972369
133 111 54525024.85422269
133 112 124472140.91865642
133 115 385545846.15389043
133 117 10578029.495428702
133 121 9108218.949968487
133 125 127875204.21372356
133 129 1223354203.9811122
133 131 57655730.4818806
133 134 8847634.870556207
133 137 1123651941.768566
133 138 102725634.20448744
133 142 1362416081.6594167
133 145 29841735.35834759
133 146 4081929.304879041
133 147 384320278.6980525
133 151 51799071.30262585
133 154 641471757.8089789
134 1 27010978.769504484
134 6 67817438.26474491
134 11 40700715.724686146
134 15 189093.5208324071
134 18 378675.03802661604
134 19 26355035.382308275
134 20 3300655.287935676
134 26 8657235.74109728
134 30 18217508.793372985
134 31 27720125.39419342
134 32 11010397.49975495
134 37 29481776.203600474
134 38 47977885.01719789
134 40 20971831.327545695
134 44 106756259.14411284
134 49 45814561.29532784
134 54 87035259.90722428
134 56 11689805.727694081
134 61 2098471.0146903656
134 65 32495632.06015813
134 66 57081459.539843455
134 67 32314334.333786797
134 68 1462127.273919824
134 70 23252704.803136677
134 73 8346321.095259064
134 77 2702615.8712501964
134 79 21962221.944790084
134 87 165280.82342697354
134 89 141408274.7341091
134 94 108189965.28937314
134 99 316360.5312458615
134 101 37543370.433254205
134 102 38363637.96764891
134 107 79597700.97435345
134 112 4520927.456722198
134 115 4052529.8150397465
134 117 69460662.94423313
134 121 2033328.993197635
134 125 26698006.816497855
134 129 4780830.722688566
134 131 128328194.34076875
134 133 81420781.33619697
134 137 11444919.962840267
134 138 63350762.51919085
134 142 40427795.2357628
134 145 7896119.127558687
134 146 4117869.5948369754
134 147 26352273.883526552
134 151 20930871.019138087
134 154 115207435.03654589
135 1 12655557.262836082
135 6 2482160.864778109
135 11 1850249.711029297
135 18 3206778.5906902906
135 20 3236707.5562545764
135 26 9800512.000696754
135 30 4270295.909249842
135 31 2578672.309239864
135 32 6544793.780512845
135 37 579092.855203525
135 38 10261696.220258012
135 40 14587236.791233227
135 44 12786980.919686386
135 49 2612268.786174216
135 54 416813.0336361994
135 56 8601054.465183398
135 61 8630347.303484777
135 65 8472602.41182534
135 66 1112314.3647285248
135 67 7130769.5144852735
135 68 139262.74950479585
135 70 3653247.161909173
135 73 3550797.4586016857
135 77 207987.85758178512
135 79 6899973.991361696
135 89 21887856.404396527
135 94 2914973.441127187
135 99 2289321.8625043267
135 101 12051465.697988655
135 102 13505611.039202377
135 107 2017330.8239959811
135 111 2208856.607482821
135 112 2339100.9311954305
135 117 9947659.596505212
135 121 104029.72003563133
135 125 1768468.5896149613
135 129 6316481.96843268
135 133 760115.563954076
135 134 725644.5195156913
135 137 4061497.7419116204
135 138 2399339.363179854
135 142 9226896.798047578
135 145 4855843.809080401
135 146 734576.9851505518
135 147 4756388.525296795
135 151 1033419.4734577728
135 154 3285737.703443281
136 6 4907925.106668851
136 26 1766638.4625419476
136 31 39417087.80771416
136 32 266874.67306811275
136 37 1686335.5419013104
136 38 8420708.829758765
136 40 1105030.4393545403
136 49 3136704.4778851336
136 54 9040652.436157407
136 56 4564906.386107339
136 61 226820.6829343176
136 65 9994659.167533431
136 79 15017413.179289386
136 89 20125185.886072334
136 101 3695429.346771425
136 115 14874670.811175771
136 125 221767.62327111833
136 131 228327.67982930792
136 133 8291826.222304892
136 137 22531168.920387194
136 138 10999579.290253544
136 145 8181635.212896628
136 146 7412642.736693686
136 147 315450.2464318509
136 154 4755132.493982949
137 1 48870188.00710823
137 6 5342425.025603874
137 11 19194274.22464961
137 15 4601974.451295294
137 18 10952769.871920746
137 19 230171095.78392994
137 20 25981244.919451598
137 26 2492620647.51335
137 30 71308023.08898146
137 31 2164209017.0214734
137 32 56652962.83024318
137 37 101143556.82141137
137 38 1025089.4831429222
137 40 1851206226.6478484
137 44 7884804.569204682
137 49 4943223.839699362
137 54 4196929191.2859516
137 56 99921582.46995187
137 61 4995633.445906841
137 65 140645623.16902718
137 66 22848968.452790584
137 67 561821474.779655
137 68 121398623.90730517
137 70 728395046.5779172
137 73 69131509.16605066
137 77 17848751.331288293
137 79 3775767953.469855
137 87 9992083.11230253
137 89 1351437959.2762322
137 94 1914755270.2437663
137 99 24672718.875787336
137 101 22349466.26293881
137 102 144176689.76832294
137 107 134358424.82755065
137 111 22635343.283985607
137 112 52365902.08770542
137 115 208768019.58888593
137 117 124126739.8784594
137 121 4873969.20534525
137 125 761580565.8642787
137 129 5450424913.001695
137 131 66311999.30322656
137 133 2164415960.275126
137 134 38027482.5795622
137 138 10006044624.612625
137 142 565704749.3711202
137 145 3001808.126429537
137 146 13761142.079362957
137 147 83703156.08748253
137 151 23944240.802684292
137 154 2001458708.4239228
138 1 36091879.30449115
138 6 950417161.7323496
138 11 37299053.01415387
138 15 1285122.8218265865
138 18 13426051.837367652
138 19 1731592907.9046702
138 20 28310805.292499922
138 26 2311663610.919495
138 30 65706823.292458765
138 31 5574051825.873051
138 32 631741167.3708181
138 37 20408087.846213173
138 38 51505419.75744838
138 40 544898010.964424
138 44 44795842.0712403
138 49 522617321.9000345
138 54 10660534045.79687
138 56 223997131.7448892
138 61 947841.3562727005
138 65 476621022.34520155
138 66 32053368.53335616
138 67 357305496.3418734
138 68 1264804394.0272803
138 70 241402182.84799477
138 73 62883402.67605081
138 77 19307395.51262298
138 79 4975793650.947744
138 87 115969.68707751659
138 89 403498577.9304134
138 94 1521403510.9261413
138 99 7041599.201224533
138 101 3435490405.75929
138 102 855461436.575103
138 107 9650442.448631445
138 111 14887644.445599236
138 112 108171563.33286065
138 115 248925008.83750305
138 117 24013808.425339688
138 121 5134690.158501596
138 125 1400090549.494089
138 129 4329419895.301837
138 131 320327283.78780127
138 133 3190114302.7552724
138 134 9972330.664854757
138 137 2121225285.054486
138 142 1055937997.9129145
138 145 30980099.69421904
138 146 41624103.87936047
138 147 299368367.65163857
138 151 55214411.889516786
138 154 5634962221.211402
139 1 30247124.98145584
139 6 34475905.53834278
139 11 11683902.612759126
139 15 1071014.8704402188
139 19 13507080.347585162
139 26 10791456.504783344
139 30 2911873.0240351786
139 31 26952339.199433602
139 32 16166313.216460174
139 38 5511784.457732753
139 40 44537286.229872726
139 49 11130070.742716582
139 54 64187108.350291535
139 56 58483234.80181675
139 65 28810929.425215263
139 66 5359803.905023341
139 67 82748944.3708434
139 68 21358104.772954915
139 70 1122339.9803097888
139 79 45781850.37232779
139 89 88372463.09806088
139 94 93903.97518018163
139 99 9056865.839933142
139 101 107073142.99337171
139 102 17447255.23341788
139 111 22704728.884968273
139 115 8377674.618278375
139 117 3123035.771911113
139 121 193794.689268294
139 125 94990375.8295473
139 129 10610532.069109285
139 131 1891207.2973814032
139 133 8025801.237235395
139 137 22653282.354993306
139 138 82694775.99241626
139 142 72758149.97320877
139 146 49632556.43369537
139 147 66639781.590940535
139 154 25071024.671127446
140 20 30786.44935172934
140 26 49434.52169663599
140 40 692354.0766704979
140 49 2913341.7439056463
140 54 1254005.5170755978
140 61 195868.07599970364
140 79 5385556.498997191
140 89 3097546.6277897167
140 125 3460877.417686847
140 133 2553510.643356758
140 137 1512065.908663199
140 138 32218.95123715703
140 146 2060603.382976127
140 154 767157.092774403
141 1 4813110.929078847
141 6 1793457.395213561
141 11 3623189.419682356
141 15 5576291.986265105
141 18 1642991.0007603006
141 20 644280.7671516686
141 26 3283964.0797666446
141 30 1066744.5158855673
141 31 14258198.308509419
141 37 4471123.653552093
141 40 7721601.190724801
141 49 1897326.8182368511
141 54 3546179.8476090357
141 56 8824645.5666503
141 65 2755604.2554236674
141 67 2872421.5302604986
141 68 508225.87374145025
141 70 15790448.58520834
141 79 648497.4831138192
141 87 595219.0894786861
141 89 2386640.874713179
141 94 4403926.161529182
141 99 436618.5515775977
141 101 9456257.7635013
141 102 5065366.472791701
141 112 3814058.336737359
141 115 1944081.6455338076
141 117 629353.5807533496
141 125 5279419.313730971
141 129 16555130.897926174
141 131 14144095.927513191
141 133 875877.7260265849
141 134 5093933.671761497
141 137 742730.0413076904
141 138 28631650.19340897
141 142 7247822.295929048
141 145 18309790.279121052
141 146 154804.8458943006
141 147 1432320.9373019838
141 151 6490136.923544785
141 154 13143078.833232302
142 1 89193566.11221172
142 6 490260831.0092366
142 11 3044467.565061964
142 15 6189756.802605314
142 18 19908364.69085018
142 19 840306967.825023
142 20 18200943.29235078
142 26 291859985.7029698
142 30 275614824.36926377
142 31 1473981606.8263392
142 32 27051806.014107034
142 37 16997215.743296288
142 38 24184385.76581019
142 40 216314269.71674195
142 44 1540521.8292812433
142 49 17854419.04017699
142 54 624447382.907775
142 56 1103130946.1381292
142 61 1030972.7213937857
142 65 104480234.84376302
142 66 4589498.656718816
142 67 528910934.3598638
142 68 393875720.5577206
142 70 189783825.53564033
142 73 68307083.29959422
142 77 359485.5435065667
142 79 863275249.0920551
142 87 41858.204085778256
142 89 275874186.00401676
142 94 194809833.18604514
142 99 421883.52779253246
142 101 1416329476.272649
142 102 414951359.37097776
142 107 133835713.97671767
142 111 407829.6679976512
142 112 832808.5483420473
142 115 150728487.77745062
142 117 24483732.103664834
142 121 5570241.8908700915
142 125 2765780476.9903216
142 129 543359312.3144922
142 131 112681192.82697687
142 133 425394221.69894093
142 134 26826553.381148502
142 137 336353931.42002654
142 138 501241023.0714839
142 145 10124220.297885468
142 146 104690407.1859838
142 147 148611140.62830135
142 151 21691450.99997713
142 154 555800803.4859643
143 1 5365748.612600947
143 6 11367559.28966388
143 15 3551852.627812349
143 19 4106677.7286036722
143 26 14917195.072012465
143 30 2437595.355889719
143 31 10338520.62135257
143 32 5778818.54263465
143 37 7361634.798127372
143 40 2661134.549839309
143 49 13961214.617847547
143 54 3658501.049918666
143 61 1044054.3434588686
143 65 13521342.788390594
143 70 2434336.7826057626
143 89 4781987.267084915
143 101 26741718.977486875
143 112 6072229.953589506
143 115 17978948.171552047
143 133 378886.52000255533
143 137 4763915.454956474
143 138 1242427.5231182077
143 142 5628767.823296287
143 146 199500.60159238786
143 147 5549687.281378235
143 154 2125732.987679228
144 40 193835.77200373777
144 49 1711853.890926415
144 54 1268496.0929544554
144 70 596967.8745038906
144 89 688654.4646806301
144 101 575459.5265894283
144 102 978.339011992855
144 111 384832.9071356802
144 131 539449.980705239
144 133 98815.50700047794
144 138 3913603.965776708
144 142 200422.8764761727
144 154 349418.12208073604
145 1 37581493.6802516
145 6 46334118.73305151
145 11 9489398.063382123
145 15 1209558.9144724088
145 18 17231325.113780655
145 19 17867321.415372744
145 20 3555097.967542036
145 26 63242276.96261021
145 30 2547426.788006008
145 31 32097403.425595682
145 32 48354832.88379562
145 37 46732597.34450165
145 38 17678545.84108149
145 40 19548708.593119085
145 49 42282389.3806308
145 54 48603362.18201386
145 56 15419015.856346775
145 65 11169880.152535148
145 68 33842835.74593039
145 70 60595700.06179705
145 77 4629236.999058471
145 79 21759354.835563213
145 89 27906483.94752338
145 94 57534850.12349758
145 99 10823907.033833483
145 101 44569536.8227542
145 102 16402757.27065152
145 112 20438253.25202047
145 115 39697157.02292278
145 121 2494.0960723424696
145 125 28029277.566202503
145 131 4807226.080133555
145 133 21500235.908135336
145 134 5404626.536912328
145 137 35226856.11051222
145 138 13315719.822970144
145 142 91084879.11443251
145 146 14321881.872151991
145 147 111231993.8636579
145 151 4718206.978276218
145 154 80674504.03080656
146 1 32581533.36875841
146 6 11182202.048099292
146 20 231117.58777000132
146 26 743135.2574793888
146 30 6839662.041372017
146 31 526127.5890609567
146 32 23042679.096171375
146 37 16729602.463835506
146 38 31211370.62202022
146 40 10980890.631873896
146 44 70708300.49984223
146 54 26299610.713792298
146 56 37647848.01425752
146 61 4905325.240457637
146 65 73000836.38933495
146 66 14594118.893639043
146 70 18221213.749524638
146 77 1779689.3199804155
146 79 30948609.93635241
146 89 49030784.40320302
146 94 2341365.7363069225
146 99 771768.9000985037
146 101 15356281.358724983
146 102 3961482.253429999
146 111 9419789.873024778
146 112 4810367.158232152
146 115 51664283.051479615
146 125 19407512.847354334
146 129 10445827.57112597
146 131 35008507.94575883
146 133 72253296.03471535
146 134 94204.0232120124
146 137 48730360.736314744
146 138 13711329.29547758
146 142 95048009.12223232
146 145 1140056.582046301
146 147 195133913.31770563
146 151 85947838.74101704
146 154 42180811.78036981
147 1 689714111.5268501
147 6 29956226.251213845
147 11 14255044.651442245
147 15 3038960.6965606892
147 18 3939455.4103763564
147 19 182359831.0357416
147 20 762379.04907757
147 26 26740203.68021206
147 30 26480657.054337487
147 31 11255320.205485271
147 32 106346092.85696591
147 37 152066201.51622415
147 38 1567704.9846470363
147 40 429009558.2105452
147 44 64964862.69273369
147 49 49277253.98957884
147 54 111391484.81348015
147 56 174123220.06998345
147 61 1062263.4443784412
147 65 108817244.54622516
147 66 14276392.999652768
147 67 332615489.0436309
147 68 98925225.58537093
147 70 5366809.610692495
147 73 58461716.20831468
147 77 33224221.263790295
147 79 208730587.4265621
147 87 1196787.2553419303
147 89 231568206.679153
147 94 316764088.3185973
147 99 1275786.2270561364
147 101 1832528835.4248998
147 102 4828512.9403073955
147 107 40741453.18897557
147 111 54617381.97413505
147 112 93802743.48830044
147 115 246883476.96558735
147 117 132109179.74102393
147 121 4559377.659560894
147 125 360334541.41693985
147 129 1242372416.5491943
147 131 579487904.6081494
147 133 1073841412.863854
147 134 232942201.99019015
147 137 277597100.2921761
147 138 645362181.8670018
147 142 71597923.97992219
147 145 7307255.292407
147 146 65987437.172657155
147 151 2673625.823291175
147 154 398547077.40001655
148 32 733520.7402846502
148 54 2997043.0750379753
148 56 13467636.984665915
148 67 7064581.401357434
148 79 355418.02033489605
148 101 868285.8624278906
148 125 22260322.465164423
148 133 556150.049361229
149 1 3017090.0064739585
149 6 998308.626852779
149 18 8177636.677275729
149 19 1188322.8739315167
149 20 3623567.8967465064
149 26 544120.1278823375
149 30 2571979.0770975733
149 31 1016802.957454465
149 32 2378878.1798543287
149 40 1343065.7430855818
149 49 3037736.927201334
149 54 1711626.3332058399
149 56 2540322.62059264
149 66 3946551.8746641567
149 68 4558476.289892908
149 70 6531707.629336332
149 79 7521357.2420475315
149 89 2503102.232646783
149 94 2124779.69194898
149 99 475647.2421522059
149 101 11875182.064466584
149 102 6862151.870607124
149 112 1085875.2289058056
149 115 9466183.463936308
149 125 743856.4090217802
149 129 1442059.6382095856
149 131 4598937.403166116
149 133 1016090.8478907823
149 137 5337520.6529406905
149 138 5434679.241182741
149 142 4832696.7243633745
149 146 7256872.26020946
149 147 5690747.291669546
149 151 9786687.214904923
149 154 3716140.91675763
150 6 11665045.056427104
150 19 5658094.2224463
150 20 3364725.0799642783
150 26 15069854.85487484
150 31 27318612.349136382
150 32 56520486.10225524
150 40 14713063.148706567
150 49 7747842.713863502
150 54 10832961.985254135
150 65 154702997.65893966
150 68 154719350.3828593
150 70 125212772.64773004
150 79 8314302.066584619
150 99 1870467.4511938777
150 101 91266555.45836973
150 102 11201794.697701158
150 112 3238946.5899362545
150 115 56587721.2324203
150 117 17405950.624333207
150 125 12465492.535494892
150 131 29621507.538219042
150 133 10534908.783952553
150 137 40917649.21465778
150 138 83230029.3396775
150 142 25650541.77011878
150 147 3873539.4508401197
150 151 15238176.814351596
150 154 75882531.01621401
151 1 57031856.47855785
151 6 377814413.7322611
151 11 56716849.75148256
151 18 3209257.3699437757
151 19 33462471.59219358
151 20 30795786.839199986
151 26 217635462.48013875
151 30 4669797.99427731
151 31 255392531.0519602
151 32 567872.3596120506
151 37 19516463.465081114
151 38 30292472.421690036
151 40 569009337.1448258
151 49 100956855.32321467
151 54 17864247.049748648
151 56 100247844.53661521
151 61 12711903.08862166
151 65 93547178.53905877
151 66 74695390.92747386
151 67 563134205.4518272
151 68 1097012016.1916685
151 70 728861407.190946
151 73 12098583.889787374
151 77 6622989.987558862
151 79 653110307.6854758
151 89 25838581.482380588
151 94 1495488534.7101986
151 99 49759593.54161107
151 101 772396901.7278206
151 102 79458226.77364594
151 107 5079123.35464772
151 112 29142972.90731967
151 115 228244554.17461145
151 117 168196251.06174523
151 121 4725496.320116778
151 125 770066332.2378253
151 129 246645132.6577924
151 131 760400880.1241484
151 133 1103843018.1087615
151 134 106827444.91793875
151 137 216442234.18911937
151 138 320661949.3065802
151 142 27093058.171478555
151 145 2926087.7270881925
151 146 103484095.94577424
151 147 211111709.93402228
151 154 422750912.7291009
152 1 17451066.80829265
152 6 1595855116.1234303
152 11 98326085.23425561
152 15 4517855.560938758
152 18 28221827.146926023
152 19 458604918.9400615
152 20 7716479.753633659
152 26 143686403.9488902
152 30 106912338.5164242
152 31 17280942963.108562
152 32 130810108.39144097
152 37 17490157.39562342
152 38 97096557.2459109
152 40 3524926167.46484
152 44 141610586.62068707
152 49 586504742.3540633
152 54 4189261647.347615
152 56 2237072235.189573
152 61 6109559.743354184
152 65 155052806.5591312
152 66 12672630.336851308
152 67 604864967.1991268
152 68 220012188.5384621
152 70 95425705.45830096
152 73 21629521.4093226
152 77 56015812.82254842
152 79 11367150226.784645
152 87 2238966.0188449104
152 89 372189989.3268393
152 94 2646241117.0799365
152 99 11161917.557912042
152 101 17747456643.16222
152 102 58203818.76160027
152 107 61483270.91272388
152 111 25839057.327617582
152 112 285237507.3838428
152 115 3137933308.988127
152 117 26459279.78722244
152 121 4619916.568663677
152 125 110788206.19984321
152 129 2447655791.1328073
152 131 328713009.6084569
152 133 17329129449.03698
152 134 49566729.42225948
152 137 3395853684.0935273
152 138 3770660207.0795875
152 142 447225081.5525211
152 145 9236621.235186875
152 146 131943016.47318287
152 147 579584872.4087934
152 151 6597537.867858223
152 154 4446212672.525653
153 1 441923.1841311847
153 6 17797511.700704895
153 18 43519963.70281936
153 19 12534791.818860257
153 20 10849383.637496263
153 26 8961361.238818018
153 30 7218185.138186608
153 31 16316779.91317419
153 32 10722873.426990015
153 37 28573074.50299785
153 38 11690360.624955745
153 40 12542076.85162496
153 49 48825952.71790045
153 54 54264532.78115371
153 56 14338511.80684249
153 61 6061872.132425481
153 65 58536836.56762319
153 66 15072538.21862157
153 67 61639958.33248448
153 70 8472008.583850607
153 73 12786377.789488295
153 77 20143472.487996962
153 79 16913543.637555715
153 87 264142.99656052375
153 89 425541.36381541484
153 94 21061515.744361565
153 99 24559903.346932072
153 101 52712107.146548554
153 102 20814011.31943688
153 107 6644817.986585047
153 111 8290921.147713584
153 112 11952694.605137562
153 115 54372110.129523106
153 117 21738685.084889393
153 121 1112508.0849569591
153 125 22461066.770208783
153 129 27238623.49615063
153 131 91572320.63607435
153 133 5359349.1846681
153 134 9672694.860101653
153 137 11342051.24465287
153 138 39763103.1080444
153 142 35172929.94951271
153 146 20219797.114854116
153 147 23413049.674537506
153 151 452848.21760386653
153 154 24620486.69552142
154 1 235363984.98065758
154 6 2878464872.121182
154 11 78462720.81064622
154 15 19079878.968401823
154 18 5540351.822641357
154 19 528375577.7565189
154 20 23451778.48856342
154 26 6713551017.9877405
154 30 47441272.98276883
154 31 7282902144.548872
154 32 707114261.962251
154 37 63023711.80147147
154 38 43194931.252960086
154 40 946094814.8277733
154 44 36882587.58844412
154 49 96752984.1542273
154 54 50368180893.35826
154 56 175114141.5080441
154 61 7545883.250247103
154 65 60827120.68426052
154 66 13893493.680621255
154 67 1468398067.2086349
154 68 2371993051.6703076
154 70 88208723.91264282
154 73 6147802.850800727
154 77 4162293.0178444595
154 79 7975227258.181296
154 87 6729998.542655298
154 89 49893851.125129595
154 94 219889884.48012173
154 99 6085195.9386536945
154 101 1569076530.63471
154 102 14486154.35718428
154 107 199445492.92427614
154 111 5218637.840438639
154 112 89259657.548043
154 115 62832189.670088485
154 117 161394739.23863006
154 121 149804.7410507732
154 125 1802913933.5241787
154 129 446304626.9295359
154 131 125307490.4249157
154 133 644116077.53559
154 134 9378843.683917487
154 137 7431454346.96922
154 138 1656600507.0722837
154 142 1626792644.7700515
154 145 47171245.75354658
154 146 3400850.355624573
154 147 1143479593.9174037
154 151 240461425.43262228
155 40 2304392.8668968864
155 44 1866789.2052370603
155 49 25002852.416420102
155 54 1664945.8870338972
155 73 1536560.5643325143
155 79 15603194.850195346
155 89 3986710.367599091
155 101 18216290.154633548
155 107 9769722.419219222
155 131 22871479.34715887
155 133 2652921.780845044
155 137 13310884.15130273
155 138 1450857.4169137117
155 154 769790.3740427819
156 19 538856.1693340959
156 31 1544364.3095498735
156 38 2172043.8875958472
156 49 2637922.5772983693
156 54 1495679.8265530716
156 65 1437953.449182873
156 101 3072533.20689944
156 115 73490.41190112279
156 117 607742.0918890904
156 133 192490.0598653207
156 137 664202.8486772769
156 142 879761.7869297545
156 146 606691.5969176432
156 154 1692133.5696417184
157 1 123606038.42776519
157 6 70302877.15677397
157 11 13469122.327988226
157 15 1248952.5089073451
157 19 394709224.44695437
157 20 5908873.852175436
157 26 95952214.3086806
157 30 67013022.71132775
157 31 843328393.3013387
157 32 111433980.38160674
157 37 3121109.268672484
157 38 2214157.4923363063
157 40 49268001.26379121
157 44 52977368.27799509
157 49 18161463.819160614
157 54 421769040.6013405
157 56 15482845.044189218
157 61 5399877.412345768
157 65 30204415.20499166
157 66 40804758.71513564
157 67 93614982.03375034
157 68 321878029.8180049
157 70 26817487.105542935
157 73 15691982.783442546
157 77 108514029.01533394
157 79 926045297.2240707
157 87 5635099.979285056
157 89 80217936.90043055
157 94 131354474.8440077
157 99 10583041.93613154
157 101 3265965.2127111084
157 102 80521880.07190281
157 107 117048013.29617178
157 111 11634007.748092806
157 112 26593568.79894915
157 115 38817959.62947819
157 125 185980834.7637649
157 131 320491923.32433677
157 133 272403797.2306308
157 134 12304072.089925349
157 137 25042853.284138635
157 138 29645064.369660668
157 142 19585005.212485682
157 145 5520666.158004862
157 146 31757827.263540056
157 151 17781684.17835514
157 154 408907647.09099823
158 1 185937970.5603493
158 6 19797268.707887825
158 11 8997685.147441467
158 15 1733956.0699473596
158 18 48939845.86612808
158 19 20628050.971746136
158 20 14197210.864514316
158 26 10100860.061842155
158 31 22159486.86478382
158 32 8396920.495452516
158 37 50484597.38494826
158 40 21010581.07357497
158 44 29634517.810603984
158 49 35111937.620832644
158 54 7832247.200216084
158 56 115209817.63180272
158 61 3352366.2373886188
158 65 4520657.272484903
158 66 4059354.585360607
158 67 110159492.82885404
158 68 13403455.798241384
158 70 15130223.906252038
158 73 3120599.280915692
158 77 28790120.16551762
158 79 3849965.0164268804
158 89 985126.5888915161
158 94 68462472.93766539
158 99 4324819.29986636
158 101 449788.96604764
158 102 22444560.653195444
158 111 365886.3558847388
158 112 1092453.677644015
158 115 91071261.17522961
158 117 54554423.881980084
158 121 1914656.0028224275
158 125 28542878.10028853
158 129 112578684.43746285
158 131 21723983.752891406
158 133 22970264.431935024
158 134 20051541.822610922
158 137 2938687.370977778
158 138 7629706.241907283
158 142 1636729.4917428803
158 145 8855546.9162292
158 146 16681430.635873036
158 147 43086149.4705835
158 151 17086511.516709052
158 154 291607.43308616686
159 6 2970277.2975928336
159 18 15591977.571492333
159 19 17594684.86543306
159 26 9770283.619779238
159 30 3711192.6341269673
159 31 842157.47995414
159 38 10484992.017045636
159 40 16994885.351779513
159 49 503785.89691111003
159 54 53798027.907822736
159 56 3872538.338741739
159 65 13753498.56681467
159 67 67282477.52967936
159 68 6816541.582667101
159 70 894354.5438750993
159 73 19314262.91611338
159 77 9613521.657829924
159 79 26603065.991112236
159 89 21801002.16526216
159 94 16647997.282091025
159 102 15184949.512715409
159 107 16524377.90795615
159 112 32802206.460893825
159 115 14275352.151266864
159 121 1426.0725978107353
159 125 3471391.38435559
159 129 17326992.03971832
159 131 1037648.040712755
159 133 5950127.128614193
159 137 27684423.27429064
159 138 19588579.30139329
159 142 52090893.22697878
159 145 10649593.727662535
159 146 30671757.199008476
159 147 15221927.703389006
159 151 48569614.31298534
159 154 24028197.75700293
160 6 19433688.89273935
160 11 16492712.852216473
160 18 4062807.130096471
160 19 7387323.016588363
160 26 44774641.69120146
160 32 1780607.2122113134
160 37 3145195.0904842047
160 38 35864628.21557393
160 40 25857063.288186386
160 44 31430280.539437875
160 49 20817481.633322395
160 54 47364017.9528593
160 67 9611843.180519529
160 68 14729053.283521194
160 70 116576002.08260128
160 79 32910493.737521596
160 87 1541138.2041133286
160 89 15856425.580174746
160 94 22316382.668791797
160 101 14399905.445987757
160 102 28657078.004942313
160 115 34017878.448092595
160 117 6622034.902956138
160 125 29661263.966158345
160 129 2183173.3000341034
160 131 20650040.4893883
160 133 29235166.68027273
160 137 9180821.58669865
160 138 19436284.254659828
160 142 21635758.852621697
160 145 3724424.9832087858
160 147 45985503.22183682
160 154 12075381.918277256
161 1 3281198.70969605
161 6 36360279.419328324
161 11 24228556.280358195
161 19 129482.2303715816
161 20 2011754.3268027399
161 26 57728731.52359211
161 30 77702794.0419634
161 31 6513080.717900457
161 32 6980735.527433051
161 38 35957424.81663548
161 40 7378754.285209673
161 49 9813082.532671597
161 54 49868551.88525857
161 56 57607451.38670669
161 65 62102700.05929896
161 66 12363322.339183334
161 67 41214170.69249969
161 70 65127153.116171114
161 73 22005947.83686957
161 77 25455957.082969222
161 79 7735174.62759375
161 89 53445172.20982185
161 94 10473926.095702883
161 99 6591696.69882245
161 101 5944695.964259476
161 102 13444245.169500608
161 107 8226769.728382263
161 112 22001519.511922527
161 115 16099170.366315229
161 117 34925635.843074456
161 121 1339243.2128230194
161 125 58866252.246090315
161 129 27734857.94185523
161 131 3338869.8568215296
161 133 92080113.17135
161 134 52211781.442935504
161 137 15934988.741020318
161 138 42350250.83844481
161 142 29388284.97575236
161 145 4535981.199627864
161 146 12821595.192023147
161 147 827471.545316341
161 151 21633829.717337627
161 154 44302675.02934166
