0 1 5063473.49939823
0 4 5201812.5621970445
0 6 732334.5296489914
0 7 384410.9597223836
0 8 2118389.707861154
0 12 2438886.6986602955
0 13 449182.49252557306
0 14 437566.189912012
0 19 6462858.539420003
0 21 1180177.0033148408
0 22 3801223.7391062994
0 25 7247326.3735059425
0 26 2100715.802054061
0 28 574420.3690125191
0 30 113331.79135913648
0 31 2615233.6598510263
0 35 511801.76704560255
0 36 3316553.525878134
0 37 3868577.2157256235
0 38 3222764.3873003256
0 40 9018817.133757425
0 46 4499334.109770024
0 49 2013254.2936566803
0 50 230796.39545488494
0 51 3513312.2532878947
0 54 3645871.217634834
0 55 1212113.3058554325
0 56 1590621.8612595694
0 57 1509624.0028590201
0 58 1228783.3691601593
0 59 1039496.2535430565
0 64 2091495.9583046031
0 65 2097722.8366194707
0 68 3651738.6911688102
0 69 567709.4389719609
0 70 7635711.6356645
0 71 4898867.160611972
0 72 3947562.0167735927
0 73 384704.10360944737
0 74 1210912.310269661
0 75 3534976.44250288
0 79 2732221.0749907456
0 86 2407251.027725235
0 87 2134064.0268620164
0 88 11087634.006120369
0 90 359393.37044969475
0 94 35336.50002467491
0 97 1210516.448568083
0 101 2196798.3193261
0 102 6351934.901042873
0 104 7205882.947494463
0 105 14076812.431780858
0 106 3283816.812424319
0 113 253163.6145586837
0 114 3923471.1806769054
0 115 2584468.174941758
0 117 781956.4616717731
0 119 3705779.8520308197
0 120 1570983.3146835566
0 121 372319.313426784
0 126 1374489.808388491
0 129 9372728.85954569
0 130 1857153.449826664
0 131 116456.62490639377
0 133 3883740.068148897
0 135 7030539.38495772
0 136 3317605.9587707017
0 137 4244824.933818212
0 138 14707759.510150636
0 141 2126306.8897186383
0 142 7346988.532618057
0 143 172535.30645979833
0 147 1947934.8629878233
0 150 3810750.2480610283
0 152 254347.8129583026
0 154 5638419.631622994
0 160 2783603.675746339
1 3 2239590.851052366
1 6 80156545.06605658
1 7 194203487.5283054
1 8 9539291.27810653
1 9 24552371.688799918
1 14 405962796.0721904
1 15 829932.7229029221
1 16 212370.12648533794
1 19 453782201.02577704
1 21 8484220.657769911
1 22 7017569.393189367
1 25 11463792.649708431
1 26 493373474.74562234
1 30 498146413.59021163
1 31 61831396.542263746
1 33 1893797.1208537482
1 35 43951184.699569374
1 36 1844337.527753057
1 40 437913685.55072415
1 44 52222697.69263038
1 49 20539141.597803142
1 51 221406658.32269067
1 54 290816774.5159935
1 55 10258071.561003042
1 56 102476780.16181426
1 57 6944265.804399393
1 59 12110248.227135312
1 61 2695713.056119129
1 63 18774149.265035816
1 64 308096433.1491055
1 65 97050443.03298678
1 66 56915847.43576023
1 67 189153518.23655823
1 68 41753181.22517763
1 70 129701607.93657346
1 71 197436264.5804359
1 72 177113032.17535558
1 73 8577902.000105
1 74 407272306.68543243
1 75 19140732.672584366
1 76 31278584.709438406
1 79 54978437.386994585
1 84 73591772.5521624
1 89 85487361.03717688
1 94 119798552.44714719
1 96 387142.7366177766
1 97 98380260.40591171
1 100 14441180.67673392
1 101 443692312.8177206
1 104 8048729.043693274
1 105 29071379.430241413
1 106 265954751.01446882
1 107 50259512.77832094
1 109 38406590.13374909
1 112 137113145.8471163
1 113 440533060.3848408
1 114 79177985.8639592
1 115 132988430.82976614
1 117 65354709.80463055
1 118 472356377.4840535
1 122 265666.8631453639
1 125 71515407.97584829
1 126 45378701.58215628
1 129 27961029.201913316
1 130 59723395.16094206
1 133 16185458.021088775
1 135 29543726.13305377
1 137 130298980.45959926
1 138 23147004.663764957
1 141 17612232.766680896
1 142 178168585.919364
1 143 8630754.965563262
1 146 3390842.9097454804
1 147 334926604.8294301
1 149 11779381.236062597
1 150 26206522.869142763
1 152 488607175.9436797
1 153 92367341.74312526
1 154 661300971.7005553
1 157 276117385.3253513
1 160 5350403.2970822295
2 7 80799346.4847092
2 14 210397330.37647378
2 18 44521285.65374411
2 19 35425237.996214144
2 23 4205980.606431887
2 26 46840866.320368946
2 31 48330139.13428499
2 37 56449554.00688114
2 38 184331909.95358345
2 40 230838304.33444232
2 44 5614146.317924235
2 45 24658791.701277047
2 49 136081020.9375352
2 51 155061261.40137625
2 54 17948700.090097588
2 55 82251933.6702908
2 56 11730408.958402442
2 61 1448327.7637627008
2 63 18572794.200000156
2 64 3281140.8869693815
2 65 105808422.6298759
2 66 4819488.383836001
2 67 9532883.505115533
2 68 31790621.771096088
2 70 1078674.8267970379
2 71 59370283.99876899
2 72 113925045.54860613
2 74 216472475.4362707
2 75 7717799.710306548
2 76 13501941.890288392
2 79 26562270.097341534
2 84 18668847.296772115
2 89 310023794.9282828
2 90 4226920.528498625
2 93 2410633.548540731
2 97 11773847.44013835
2 101 158654257.28261772
2 102 97675602.40091303
2 103 109845.39688431614
2 105 42881466.59394198
2 106 87283471.7443903
2 111 12648323.177503064
2 112 68514032.08070174
2 114 45853352.38420599
2 115 236717681.22800374
2 117 16175085.10547557
2 118 110679220.70167108
2 119 1016758.1879743162
2 122 2718312.9991915296
2 125 170913361.01214167
2 129 36305103.62310299
2 130 43312629.73192762
2 131 36122412.48819119
2 133 25929064.735301178
2 134 4250553.548695222
2 137 23662647.211346753
2 138 38480930.57522801
2 141 2272899.549682781
2 142 149675126.0689101
2 143 295577.3880065597
2 147 40465409.30254522
2 150 55247317.489393316
2 152 22142821.391099326
2 154 14257657.856786463
2 160 7155835.357686484
3 1 2413612.4792813226
3 4 556720.9078228567
3 5 1845070.884028072
3 6 192905.14894786823
3 7 550008.5689098847
3 12 661299.0651394039
3 14 275266.9926560158
3 15 668280.0595996317
3 19 373563.8100781129
3 21 996494.9014450519
3 22 34099.17978960831
3 26 73999.22832549346
3 31 699483.3460566652
3 37 1138360.1436169466
3 38 206422.44039823202
3 40 656182.6399803109
3 45 515898.6334564922
3 50 1395425.2515140837
3 51 3129092.4694388537
3 53 234910.63249880157
3 54 947382.1740386958
3 56 425540.50114321616
3 59 835521.5117499301
3 64 151851.76457103435
3 65 32708.49773672478
3 67 1503712.1655395105
3 68 35367.79397122361
3 72 261660.1385380769
3 74 570896.9238493778
3 76 638913.3589286725
3 77 2540102.3146971166
3 84 1324847.2521092042
3 89 199325.9283527126
3 93 1879141.780760404
3 95 1058997.123898647
3 97 2162.9948253079588
3 101 606976.78396834
3 102 295230.54536563513
3 105 393174.68422538665
3 114 1140843.192542141
3 117 887679.312140669
3 126 1799380.0445468184
3 129 164741.2136881597
3 130 564955.7753571447
3 131 2411478.4473726717
3 135 129453.0653191289
3 137 798702.7687209189
3 138 447037.0177433529
3 141 782507.4969206526
3 142 1724352.924097366
3 145 107248.07543504205
3 146 992847.4518249832
3 147 708156.4779518924
3 149 39434.768294483314
3 152 1378262.6233498133
3 154 593015.4049720981
4 0 9045072.43395203
4 1 113889541.93630165
4 3 544320.8426353919
4 5 17573484.4720314
4 6 698988338.8473773
4 7 177934186.97272658
4 8 526750.7561169339
4 9 115896500.95915513
4 12 8429176.369237596
4 13 42461576.888555825
4 14 98765245.4768656
4 15 444288.9184565848
4 16 4224271.325747211
4 18 39475213.027841434
4 19 727869616.7518107
4 21 8774081.18075248
4 22 7315263.249673886
4 23 1015326.2558824532
4 26 531172812.2622421
4 27 470379.96743546496
4 28 2783197.979900509
4 30 138676631.3912575
4 31 930718241.1024717
4 32 809135531.6469847
4 35 159782324.98755425
4 36 38468415.17955885
4 37 12993468.446854817
4 38 14524850.734543873
4 40 130022016.13902375
4 42 341305.34526479687
4 44 107992228.77636117
4 45 271986006.63238055
4 46 24475449.760569155
4 49 199494148.91711268
4 50 17576051.346330576
4 51 125315033.79949443
4 52 40343689.14211561
4 53 1828236.6075966007
4 54 136775931.93970528
4 55 4643809.199118503
4 56 38994483.924697064
4 57 4349708.255903221
4 58 22183357.60383286
4 61 11659346.55626242
4 63 38067312.87891645
4 64 1609773790.4910972
4 65 209328471.78899094
4 66 16100543.948685238
4 67 121717966.59195195
4 68 202929915.54883564
4 69 151935422.97754326
4 70 850278822.8460282
4 71 149001806.92668852
4 72 773223455.8917961
4 73 6543419.292258253
4 74 2851389.264478267
4 75 110327699.35287942
4 76 15106460.069957612
4 77 104921868.67788683
4 79 521972942.7866963
4 83 13437874.351418743
4 84 3415007.40439782
4 86 43976800.56535398
4 87 4110625.042105913
4 88 10223806.238559334
4 89 234327839.58307102
4 90 25081070.85296951
4 91 19812295.843671657
4 93 17194268.077610277
4 94 604218033.3740484
4 95 23293531.459479257
4 97 195216180.07437304
4 100 15687609.077609282
4 101 893226418.9709401
4 102 488647680.0946952
4 103 69875534.66332605
4 104 3966959.079489498
4 105 121233885.78654468
4 106 996064409.2608215
4 107 100941994.24277642
4 109 9853440.74102252
4 111 91326891.92240857
4 112 22270360.895051036
4 113 24998343.88352457
4 114 454256395.84740645
4 115 864618590.3247815
4 117 630646046.2667352
4 118 237853329.74121556
4 119 3804773.8265739614
4 120 2340488.737845468
4 121 1186631.8832810996
4 122 1221057.2612600413
4 125 933283091.2523587
4 126 14285935.306624817
4 129 284694751.05848426
4 130 150233475.8025473
4 131 267464366.08991575
4 133 118628196.95262279
4 134 41305345.785210334
4 136 3268653.138043169
4 137 229993455.04649404
4 138 661722714.7288208
4 141 18343499.71576998
4 142 1076779755.1197793
4 143 3204208.5681369705
4 145 18296405.19372499
4 146 143254748.37663895
4 147 252946451.34459734
4 148 2253984.347320571
4 149 18015288.83818305
4 150 27099606.853927802
4 152 1028691071.8464216
4 153 83440203.13716373
4 154 396630842.02752817
4 157 41043199.48531767
4 160 3159927.9371470325
5 1 4783255.642787403
5 7 124684.60407929393
5 12 3347259.79072863
5 14 1371009.3666170489
5 21 236069.00057820624
5 26 2025674.2643785984
5 31 1084466.3631841606
5 38 1891477.439678892
5 40 5435354.509540044
5 51 109472.26217796348
5 54 2603131.22461172
5 55 1724263.5626832778
5 56 688527.3579110139
5 63 3482341.685407088
5 64 4568774.724611516
5 65 133295.0480493026
5 67 512054.3541489912
5 68 1441138.8423562937
5 70 5674582.205437227
5 71 359739.2742565939
5 72 3289449.893808042
5 74 6570655.782073767
5 79 2959835.98900918
5 84 2284225.6394832204
5 89 5065466.288815795
5 94 1180909.9272699025
5 101 4467585.164196751
5 105 4789275.082295444
5 106 3704314.3353255317
5 113 398218.96707799047
5 114 3375327.3458353444
5 115 4082046.3434067057
5 117 4486058.961725072
5 119 52642.49607888986
5 120 81643.74961214248
5 121 1444635.72511589
5 125 2901331.106321458
5 126 1314645.0191957061
5 129 2078872.5523929312
5 130 9033053.104855081
5 131 4495550.212100408
5 133 64005.53192091883
5 137 4847671.214350682
5 138 2237439.559575901
5 142 3725413.954647371
5 145 1936866.8750989246
5 147 3906868.735012728
5 150 2712294.393468804
5 152 2095331.1374518105
5 153 1105495.5104421626
5 154 1233539.0319963756
6 0 26757211.926059406
6 1 111414109.90704997
6 3 8183149.658310248
6 4 138393541.92764142
6 5 13220378.841201337
6 7 270344982.82067806
6 8 592624.0821362132
6 9 4642585.011818798
6 12 7374195.285700898
6 13 50583528.95062152
6 14 1533173916.220478
6 15 8955744.644427039
6 16 1994761.981830248
6 18 32554337.051089965
6 19 529095294.8729664
6 21 47429803.89213483
6 22 6943934.918953943
6 23 73176.79548880951
6 25 9507330.87283187
6 26 4200587361.898236
6 27 2848241.172671659
6 30 636549833.1843332
6 31 1958766725.8636255
6 32 204161065.9188972
6 33 422821.47193282755
6 35 56913237.75266489
6 36 41468700.378168136
6 37 74519657.41557854
6 38 871888.3245416521
6 40 100822756.16141082
6 42 4192447.594304315
6 44 161554820.5987222
6 45 127541363.2236846
6 46 25892731.937624194
6 49 92345992.24572769
6 50 8092692.792131689
6 51 966609902.7101749
6 52 6420299.722722347
6 53 4330118.896763126
6 54 2790188097.253634
6 55 40511044.06889714
6 56 22277840.18543341
6 57 1245895.3340763594
6 58 21363321.155562866
6 59 15976347.753307777
6 61 17572270.111320842
6 63 52665128.824060604
6 64 3049728857.8902764
6 65 408065513.407415
6 66 46539959.40113308
6 67 2614403085.981624
6 68 1535559300.6660528
6 69 1404504307.8738327
6 70 1964281301.0101764
6 71 1150330706.0553398
6 72 303196211.50362307
6 73 25820359.692379974
6 74 2964193239.9131074
6 75 20613911.49361635
6 76 74095319.49480028
6 77 160868785.25963283
6 78 2222343.1239838754
6 79 328739582.6427826
6 83 15117823.814015623
6 84 131052975.80988637
6 86 298230069.16706383
6 87 667127.8367031631
6 88 2657182.156486375
6 89 2718928934.466343
6 90 11866924.358306888
6 91 1886277.8864753654
6 93 94564018.40175231
6 94 90572219.25956364
6 96 17677597.142068256
6 97 37817110.41225718
6 100 38396330.19095134
6 101 6967685765.746744
6 102 134774949.47934747
6 103 14642662.783293398
6 104 2868870.899904768
6 105 19777635.170274593
6 106 193708360.30439523
6 107 24178102.709284127
6 109 63281824.97105262
6 111 113935476.5378545
6 112 98834294.29692712
6 113 1101135752.7029696
6 114 393426157.5431345
6 115 462715025.8988677
6 117 105455329.73203847
6 118 900203801.6865292
6 119 895945.3485282086
6 120 2347632.5888473173
6 121 4238705.313553548
6 122 2649892.4287239313
6 124 78978.19507423569
6 125 553384264.9202487
6 126 51217913.28455204
6 129 2406430952.6385503
6 130 53332863.42761892
6 131 165557925.78151706
6 133 2152677570.957515
6 134 68091520.24610014
6 135 12652618.841758484
6 136 420166.83407325024
6 137 1858561208.465792
6 138 225942451.97102198
6 141 7113633.746461944
6 142 1062908560.548969
6 143 1521372.824394587
6 145 5192996.226483321
6 146 725269087.3308802
6 147 428678839.08384967
6 148 3236516.650185374
6 149 18224724.992335256
6 150 367399360.8513887
6 152 470813687.51388156
6 153 125323513.61306831
6 154 4901127790.39199
6 157 51092168.165408134
6 160 10564873.460441945
7 0 3133637.112618037
7 1 150081218.00800362
7 3 3965807.5054564346
7 4 137338110.6244062
7 5 10618721.30218757
7 6 192840196.72344032
7 8 5368399.556350321
7 9 23995101.586777724
7 12 37181019.73751629
7 13 115818046.52337766
7 14 554157742.2749027
7 15 828639.8172750669
7 16 1416378.311910306
7 17 25339646.0723814
7 18 17458223.988404106
7 19 75003844.81605923
7 21 5153810.698239213
7 22 1653010.6745461528
7 23 155549.32150635685
7 25 1736345.841097611
7 26 469920141.66241074
7 27 3523341.5098948465
7 28 493488.8064649472
7 30 592884655.8063092
7 31 1197969888.086043
7 32 3776367.7062018346
7 33 864153.4573352132
7 35 9555128.647114906
7 36 165748947.42756626
7 37 284501647.8932879
7 38 219147718.68442625
7 40 1468461431.0002542
7 42 1100840.031660293
7 44 45504765.30841179
7 45 297833607.46785986
7 46 60817236.27152476
7 49 60258446.00948097
7 50 587740.3853346225
7 51 3082312387.8341265
7 52 5883663.782070684
7 53 2109043.616645173
7 54 2410124770.552054
7 55 35383734.686851606
7 56 327014960.72850955
7 57 2882903.4997617584
7 58 129516467.42082596
7 59 766976.9074165196
7 61 3871938.7771438677
7 63 23172233.668136407
7 64 2250615860.4133153
7 65 452015322.6738004
7 66 17638539.9781169
7 67 1844873555.9684143
7 68 269903579.08329684
7 69 152812866.08889416
7 70 638461053.4971782
7 71 31617302.766918365
7 72 2149019381.4247527
7 73 35042951.80635683
7 74 159288773.86069098
7 75 25195065.492279124
7 76 1317457.7221956751
7 77 31559215.15179756
7 79 2337404094.128372
7 83 38833572.18406156
7 84 4603554.5981205525
7 86 33114708.54526363
7 87 94325.15272103575
7 88 10006391.576955523
7 89 553748168.1229949
7 90 7864875.106517442
7 91 989877.426272734
7 93 140683212.89344236
7 94 863057765.1819109
7 95 5959803.326926142
7 96 8233570.16934537
7 97 51174299.544594534
7 100 15449751.322831351
7 101 6636267529.878609
7 102 171195760.9986642
7 103 7551235.925151829
7 104 1887352.774734997
7 105 11800875.836599495
7 106 79717314.8154616
7 107 176568682.2079022
7 109 23354377.032195587
7 111 38149925.55741127
7 112 291754644.39786536
7 113 277850806.4462694
7 114 247137128.4224952
7 115 1043008574.6487747
7 117 89808053.54714678
7 118 904881204.3492239
7 119 1513914.8814631847
7 120 164041.20470006723
7 121 26129549.593677558
7 122 1411161.4610038092
7 124 22065.358753564804
7 125 14763824.823782457
7 126 23518607.72248268
7 129 974141309.7052065
7 130 139700496.9896906
7 131 284063220.0229008
7 133 431647896.4871672
7 134 4061853.9358913726
7 135 3057691.1672153883
7 136 3992734.702075154
7 138 2368571929.8612976
7 141 24271944.817916557
7 142 1326619885.9165058
7 143 3945925.428764198
7 145 5365635.573214114
7 146 3828386.7147218245
7 147 619164806.8924682
7 148 6225687.294793967
7 149 7635566.8847345365
7 150 422800911.59288824
7 152 3566882000.569543
7 153 111472358.97598007
7 154 574655963.571781
7 157 199068804.27914003
7 160 2734684.44989095
8 1 26261243.310936693
8 4 31183094.23063792
8 6 31746922.338813875
8 7 23229046.950627115
8 14 1926866.5696464707
8 18 28307694.781745672
8 19 5974908.418148124
8 21 4937163.563284066
8 22 6659697.335274912
8 23 801561.3029351284
8 25 2712254.47740456
8 26 2897220.7325738096
8 31 37158334.11554514
8 32 52431691.40665021
8 40 50680.49806906303
8 42 778728.6630980137
8 45 6505761.700574481
8 49 2019113.590157542
8 51 3713358.018519956
8 52 2236183.524970539
8 54 7766968.981995172
8 56 6207338.486207496
8 64 3543266.4405687004
8 65 1296294.8700097732
8 66 11400306.517715333
8 67 6070052.793416904
8 68 12091419.899128258
8 70 32026974.612307306
8 72 7406005.921410455
8 74 26572175.76550066
8 77 792951.0111310369
8 79 23684622.937051762
8 84 34124029.49481868
8 89 3234472.6126418873
8 93 7340162.412377184
8 101 52584711.32940827
8 102 9416761.875473596
8 105 71311735.04996659
8 106 1585134.120907232
8 113 20407805.570511606
8 115 11062711.143627338
8 117 34608103.89778321
8 118 1320642.3516547866
8 120 3942883.1892013787
8 122 917341.2338315769
8 125 4905763.804809373
8 126 6853867.305418886
8 129 28331126.30497885
8 130 4633338.986358984
8 131 12127299.470430277
8 133 3882873.070803484
8 135 5714444.820422012
8 137 16381065.169426275
8 138 7612597.234868083
8 142 26981789.67244781
8 143 958036.6597626539
8 145 20003735.252184194
8 147 4293059.963422532
8 150 945390.3113213691
8 152 42555201.68294288
8 154 18885853.707513053
8 157 712359.3849801858
8 160 1460752.6099051118
9 1 9131806.503505724
9 3 688409.6849741917
9 5 6219118.085222888
9 6 8918518.94745952
9 7 25100940.49191235
9 8 6737771.017561219
9 12 444392.599980657
9 13 9781455.157048687
9 14 2149751.8710097945
9 18 8939550.838955563
9 19 22216618.515668325
9 21 969347.297417292
9 22 2872552.1590376305
9 25 13627279.071018428
9 26 9310207.656452563
9 31 27647322.09863766
9 32 10122752.368986227
9 35 4474749.225006213
9 36 4217127.892703225
9 37 987515.7915206171
9 40 10965231.018589972
9 44 2744971.2992064706
9 45 11449009.451207925
9 49 20368163.740688168
9 50 1006534.9619144959
9 51 6475363.384989848
9 52 2804750.74943591
9 54 4342874.992280874
9 55 4138670.4652504907
9 56 669544.289031545
9 63 24164859.1217424
9 64 5954046.593384029
9 65 14851342.280257732
9 66 300007.31282681454
9 67 11966180.674421713
9 68 2098208.1520388015
9 70 3273411.220588251
9 71 2823684.5089297504
9 72 27196911.681756716
9 74 1387583.6253760126
9 76 1039296.3940328216
9 77 12697252.602979545
9 79 6188938.643384961
9 83 7369518.159146358
9 84 4723366.465845506
9 86 15982108.885580175
9 87 864580.9889367453
9 88 198050.43262807195
9 89 3437950.6545603652
9 90 11755247.108721405
9 91 1619665.41823929
9 93 3151331.8180389493
9 94 4097730.042915225
9 95 460785.0915659453
9 97 33347992.142929573
9 101 3619941.1038053315
9 102 4560878.216354514
9 103 5978511.359052349
9 105 4155318.1580317128
9 106 8992973.731290018
9 107 1739731.6565536503
9 109 3398831.04858647
9 111 12311475.80146277
9 112 49763552.891343206
9 113 13466439.083331702
9 114 7295068.23899482
9 115 3484269.5117857624
9 117 2756647.1160877347
9 118 3185614.0418059863
9 119 1192716.97564197
9 121 1552835.1776131983
9 124 2647465.6287585814
9 125 6115537.725242722
9 126 9788971.355873317
9 129 33639964.702441074
9 130 1474579.9613281297
9 131 6950283.906865816
9 133 10356004.635752477
9 135 3584401.514853201
9 137 3095770.1002151044
9 138 2497234.913863035
9 141 648475.9679928959
9 142 6400760.921178058
9 143 11465680.860512162
9 146 26839609.513054006
9 147 5496941.486462377
9 150 1979579.9793449184
9 152 9945928.798858011
9 153 10280407.212059096
9 154 40554419.3388933
9 157 6107570.05490208
9 160 2486157.207223754
10 1 32158926.733848553
10 3 4787763.561589115
10 4 83629798.75445741
10 5 35096107.51440982
10 6 116938122.11831895
10 7 84183491.74946898
10 8 7546395.290699451
10 13 3079037.436782368
10 14 52778439.54377788
10 15 1235001.3653507507
10 16 2939903.787828404
10 18 6886623.216136436
10 19 22203940.51713012
10 21 4312411.944498971
10 22 901222.8611178783
10 26 14470028.8432887
10 31 62791477.18483725
10 32 46359301.044919565
10 36 46376481.29597285
10 37 6826030.47780489
10 38 2171033.682851602
10 40 60019325.17670162
10 45 26876262.471189436
10 46 34847139.37792789
10 49 5405643.985685932
10 50 76937603.63875505
10 51 29225576.302990235
10 52 7465910.868313763
10 54 45930147.84239225
10 55 35157142.67465291
10 56 519325.34021864686
10 58 1039012.9955653087
10 61 7303100.890318781
10 64 4170646.729934949
10 65 16255573.195624696
10 66 19990208.390766714
10 67 21618594.77043558
10 68 39908549.2878172
10 69 45384681.55510758
10 70 90747203.54579839
10 71 10707961.767834034
10 72 136827790.38527957
10 74 14832564.413199147
10 79 668255.880031874
10 84 11273621.45813664
10 86 17196680.912400488
10 87 2773563.618014999
10 88 18131536.00606963
10 89 19038697.561939634
10 93 787261.3174484215
10 94 60384846.89344075
10 97 27933759.384162452
10 101 18064031.489758726
10 102 14599099.022299988
10 104 8015784.700293871
10 106 27727046.10389135
10 107 13681462.128811754
10 109 13653510.405507084
10 111 409502.8846121474
10 112 12409161.281330625
10 113 8643265.239850266
10 114 27834419.243884932
10 115 13446560.134383474
10 117 80345017.52962022
10 118 15395755.608718153
10 121 2038943.901566816
10 122 413905.81313255045
10 125 9540209.611610966
10 126 281975.3878518494
10 129 133500415.95340082
10 130 28410624.6247656
10 131 21029443.951789837
10 133 196362028.62012178
10 134 9967019.93358041
10 135 7996998.195834911
10 136 11698341.993997779
10 137 20487811.927549515
10 138 41122584.78684945
10 141 20297477.548511993
10 142 82015645.86343318
10 143 12241274.2904381
10 145 20856737.795406613
10 146 5162606.176432049
10 147 19786190.58393504
10 149 8812637.653836124
10 152 4272928.113676567
10 153 28556631.10845984
10 154 23814856.032338664
10 157 4647155.667864578
10 160 23829414.796566803
11 0 4510181.46423994
11 1 87114467.8829252
11 3 1136504.1255091252
11 4 26974031.919729996
11 5 5406692.611051909
11 6 180732381.60093194
11 7 364756.7792519407
11 8 7704981.405659539
11 9 4750654.859081326
11 12 364287.2986880473
11 13 13122273.897699457
11 14 76269184.64395307
11 15 4975650.453919939
11 16 1691090.1563640314
11 18 13189998.728001447
11 19 54114737.57233696
11 21 69569253.43862084
11 22 856936.4284319455
11 23 194191.07132408553
11 25 9629507.208870234
11 26 112124408.30744292
11 27 4062281.1220810036
11 30 55780301.076814435
11 31 62224472.88288368
11 32 40481996.217128105
11 35 9637118.861858536
11 36 7580128.182174081
11 37 88083603.52922745
11 38 18013835.05671531
11 40 16561848.50878646
11 42 279491.3633359933
11 46 28859222.113191072
11 49 16917808.279402316
11 50 7764699.348528145
11 51 28174129.583837237
11 53 5660950.984039408
11 54 159055240.50588936
11 55 7380294.810864502
11 56 40683078.89725228
11 58 32893654.618563768
11 59 3916.2972278268153
11 61 207192.86481946794
11 64 28046845.405907255
11 65 127308941.50366594
11 66 44302470.2219079
11 67 39495435.863076985
11 68 89999413.8273628
11 69 14725559.071221864
11 70 24317513.594331026
11 71 4812731.630358527
11 72 128707167.82565166
11 73 20335563.95051984
11 74 203193519.0375877
11 76 15263288.354992336
11 77 33257280.246292282
11 79 2816123.193304191
11 84 1757949.3334948597
11 88 10310800.623117842
11 89 1858314.7123836642
11 91 6052256.622554984
11 93 20310199.438144002
11 94 493070280.2908429
11 96 16712542.707139147
11 97 21739290.30559758
11 101 58674671.78769742
11 105 11050610.485777097
11 106 51609262.233298965
11 107 7833496.170701215
11 112 75050166.3537122
11 113 85527360.0836859
11 114 134469307.58086327
11 115 7590284.130023855
11 117 125258819.71717557
11 118 45622055.41552878
11 119 286175.98582383187
11 120 5259211.626235644
11 121 4219994.889527644
11 125 30428105.754173372
11 126 16160807.612878082
11 129 3783945.2702117916
11 130 31065327.15366532
11 131 126928831.06092784
11 133 6552699.923740466
11 134 22436849.008190393
11 135 10863136.530598665
11 137 150183099.53764078
11 138 4759655.950565643
11 141 15885991.649515484
11 142 51652764.2424318
11 143 2910165.552356108
11 145 20196579.493737467
11 146 21694588.813928902
11 147 93768482.58665305
11 149 17339534.012028705
11 150 7214537.069129251
11 152 10405451.389217643
11 153 83582770.85912596
11 154 124586235.01771666
11 157 104733342.98801437
12 0 3238212.374644572
12 4 4291313.305529876
12 6 5441063.593439026
12 7 382225.11021490727
12 14 1197871.938638254
12 15 1772165.9932438452
12 16 4758974.828578217
12 19 765500.0506794429
12 21 4043631.3562344257
12 26 4740348.337440327
12 30 1959702.9315999383
12 31 5552449.465342094
12 32 5339450.050983319
12 35 1193765.3109488103
12 36 10299039.925202703
12 38 1981026.699790124
12 40 3541827.650439701
12 49 98207.34385675182
12 51 5427126.30422899
12 52 283117.7112152668
12 54 11135872.140479399
12 55 239173.4228194197
12 56 5245658.100239279
12 58 5218872.965457574
12 64 92764.16376015723
12 65 11332516.107885843
12 67 136804.81925819695
12 68 1222960.1666613661
12 69 937909.5334384637
12 70 343713.70311337337
12 71 2425722.886549416
12 72 1373091.974499646
12 73 767545.8358871057
12 74 5464352.837429352
12 76 4017659.9788937066
12 79 3689273.7667085226
12 87 558757.233260851
12 89 6155475.187654098
12 94 2472466.651599588
12 95 2892051.633100785
12 97 2183173.337505177
12 101 5394592.7460853495
12 102 4900293.264812535
12 106 6689426.209014881
12 107 1276675.5413634034
12 109 6384462.608529367
12 111 3382708.4031589953
12 113 2293226.084658676
12 115 602104.486599405
12 117 1739061.268612299
12 118 795552.9323876259
12 122 21970.725149315716
12 125 81544.98592239791
12 129 3244331.9068141463
12 130 2309698.9332584506
12 131 5727493.904482483
12 133 1524104.627343895
12 134 779621.3870076379
12 135 3833040.6307681673
12 138 5817673.903240695
12 142 4230728.72308568
12 146 38823.45158175912
12 147 1591292.1737531982
12 150 6533972.425033981
12 152 3433889.884935701
12 153 8635198.729495522
12 154 952640.0185071499
13 1 2535592.130571899
13 4 37006282.42019939
13 6 95079235.31999652
13 7 54354414.65963334
13 12 20938046.636354204
13 14 136540090.27307057
13 15 2700414.550370022
13 16 5778483.4354362395
13 18 10114414.266592095
13 19 114609529.51945375
13 21 53984461.24530879
13 22 1799157.227875632
13 25 14556549.430039382
13 26 35232828.308207035
13 30 83036767.89185964
13 31 180005527.72030973
13 32 435199678.4422451
13 36 23520375.759079296
13 37 608858.3458032969
13 38 33697327.968772225
13 40 85140377.10197897
13 49 62928088.603204735
13 50 124509.96091244675
13 51 208013476.79371446
13 52 8155384.890858459
13 54 247128352.47109753
13 55 79639466.16856466
13 56 16531057.796738416
13 58 109403108.44940713
13 64 131613341.29400899
13 65 261952701.25197786
13 66 2788331.365644601
13 67 111176855.35703878
13 68 321689497.7298216
13 70 115602646.76835005
13 71 25707229.11486897
13 72 9158313.915115556
13 74 315646627.7580202
13 76 34212824.554145485
13 79 89090805.0277962
13 83 3222122.3662924343
13 87 12298912.854448162
13 89 7894439.600287291
13 91 450184.12985785224
13 93 17219578.332432937
13 94 52389016.96651922
13 95 12299878.143112151
13 97 17920705.85927322
13 101 25745538.396968972
13 105 9168724.44681811
13 106 145182813.16411448
13 111 5341872.668577866
13 112 3270203.438650733
13 113 76065763.42748138
13 114 118157672.36724375
13 115 31323136.197096292
13 117 170950335.07579023
13 118 147759261.72429127
13 125 95968894.81838883
13 129 59254365.67995612
13 130 77380374.24851896
13 131 53356704.99527971
13 133 266101202.49421746
13 134 3193583.0717398254
13 135 12968677.881600358
13 137 100074269.98901863
13 138 85456994.49190055
13 141 71750542.35182883
13 142 70192420.38769668
13 145 31303052.538872313
13 146 185995602.25352862
13 147 53884351.49516247
13 150 171061511.94391996
13 152 17535001.545748737
13 153 12766908.27224172
13 154 87718752.65341365
13 157 131029416.43098578
13 160 18041433.72517329
14 0 500307.22610790044
14 1 36308486.27627337
14 3 236678.84048820726
14 4 28087799.68709743
14 5 5437942.178878104
14 6 1224071690.5756874
14 7 1136656440.9166563
14 8 24006825.64746957
14 9 2514186.024055591
14 12 2126077.541765375
14 13 135051741.28330055
14 15 401287.8785142107
14 16 7162119.694775896
14 17 1561774.8033946047
14 18 3546220.7421715874
14 19 318223479.3251745
14 21 38053771.802218944
14 22 6714293.527228816
14 23 2344111.2428419376
14 25 1960397.1100697732
14 26 12365512.038172366
14 27 1517062.4396486506
14 28 1210307.857701679
14 30 832820543.2270778
14 31 863571016.1646985
14 32 166722727.18539524
14 33 3899692.933544741
14 35 4364641.333647555
14 36 17019402.393209662
14 37 37626476.58834151
14 38 2343939.4018789814
14 40 1123222207.2524915
14 42 2996664.698032761
14 44 82621190.89031017
14 45 99608363.46674266
14 46 4909781.343032625
14 49 330438631.16301763
14 50 18661790.048383165
14 51 2874655084.520534
14 52 10396369.993222844
14 53 221909.31621634227
14 54 1026483841.9649893
14 55 72641916.44332069
14 56 1860828398.1184263
14 57 2234029.9030831177
14 58 308613688.44720143
14 59 9890083.777329328
14 61 3743927.625152692
14 63 38512612.72926326
14 64 1165657755.520948
14 65 129508369.78111252
14 66 40309440.53006997
14 67 409219019.12383235
14 68 1399236195.7610788
14 69 4624351.824073831
14 70 1161904200.6918058
14 71 209332900.51539364
14 72 274420646.7725576
14 73 1810230.6699952504
14 74 363149259.052564
14 75 21626035.743588112
14 76 121704151.02361695
14 77 55553031.599829234
14 78 161659.80623702437
14 79 1874041076.86869
14 83 4517250.39792394
14 84 79488334.41935436
14 86 129207869.1751294
14 87 5125986.733982399
14 88 10497158.81032022
14 89 809067573.6086489
14 90 3789788.6187724983
14 91 9601572.771092251
14 93 7843360.517434318
14 94 1181222735.8949745
14 95 18294764.76489794
14 96 8665448.635313747
14 97 37085283.39220656
14 100 121345831.10605823
14 101 190253545.7422521
14 102 508821214.40738136
14 103 25630927.735556662
14 104 3124086.575620228
14 105 75687720.0364633
14 106 798962972.8908589
14 107 49243787.986210264
14 109 15847528.84769256
14 111 35223627.98537946
14 112 30789613.913228374
14 113 250117189.18927976
14 114 2147330415.4030411
14 115 1212581124.0658638
14 117 135533765.21164268
14 118 284341902.0945376
14 119 196453.3658092871
14 120 607220.1005900719
14 121 271841.4180809571
14 122 3773002.3676595176
14 124 252308.61917635807
14 125 896150127.8832086
14 126 46287667.761086136
14 129 155611587.31787592
14 130 259563085.4653732
14 131 1205480903.022427
14 133 508135862.1076736
14 134 32112907.72708294
14 135 9182256.385811292
14 136 3607970.5940595083
14 137 269668923.8437401
14 138 1130644493.938844
14 141 2317074.0918762125
14 142 865706076.7330323
14 143 22478210.925649382
14 145 3259153.3931171508
14 146 165973400.39787003
14 147 1310817785.1173074
14 148 8869422.947756452
14 149 7287479.91365225
14 150 27649672.763653636
14 152 695305749.8776809
14 153 6493470.58966656
14 154 4278663390.2083554
14 157 207940321.09690508
14 160 6574670.367770564
15 0 18898.723789480275
15 6 8700181.85516438
15 7 5338925.323075995
15 14 3659488.518104981
15 19 1790415.4375025788
15 21 8350764.060200065
15 25 8407127.434112
15 26 1123366.3436465666
15 31 7105984.654695503
15 32 1350470.0246659846
15 37 11277721.435468232
15 38 3951975.762312155
15 40 188130.43801373558
15 42 227621.1145896133
15 44 4048005.5871581933
15 45 3341372.9081614325
15 46 739263.3023623928
15 49 3010694.1581294476
15 50 3041104.555729201
15 51 8265371.378644631
15 53 5565043.6116418755
15 54 8404391.36270092
15 55 4727183.155491423
15 56 13731708.538973123
15 64 5937966.826159792
15 65 405744.8475309991
15 66 8199493.420809773
15 67 4449202.635659655
15 68 567150.5336549801
15 69 13745078.038300466
15 70 5831649.955913612
15 71 6982958.737228862
15 72 7416490.942402002
15 74 2087743.1700296355
15 76 554144.5269624532
15 79 8007498.711014597
15 83 10012383.970150996
15 84 7926779.520920093
15 86 8499481.171760911
15 89 794834.191014781
15 93 3907773.4145098063
15 94 5659588.456902884
15 97 5128502.020924771
15 101 3775445.719906727
15 102 1727599.4465016103
15 106 129963.88717588404
15 107 1378816.1665711298
15 113 16069362.414535398
15 114 6629251.036463079
15 115 3183337.879858249
15 117 12303396.444174139
15 118 2883979.2050310597
15 125 2331342.218108975
15 129 12196280.261323407
15 130 4177996.913448875
15 131 1120068.769743176
15 133 278599.5392575941
15 134 3756529.631858932
15 135 2329250.721937882
15 137 87311.04940107802
15 138 2688246.426474435
15 142 1732261.8147679234
15 147 4549340.635031646
15 150 3030693.6291843276
15 152 1836340.6526759295
15 153 5862300.019948943
15 154 13321117.83331986
15 157 629630.6998876185
16 4 5701928.701257663
16 6 9971580.295034023
16 7 4849437.925959151
16 8 12863532.376360781
16 14 4788687.882562738
16 15 4134672.732022563
16 18 2243137.8298966293
16 19 5424721.375959261
16 21 2293984.956209814
16 22 5880909.68515825
16 26 5525309.444114819
16 31 14519307.631505657
16 32 5813880.094976693
16 35 1736748.705151271
16 37 8141954.473812248
16 40 2664803.4173939372
16 49 12565792.673021276
16 50 15780724.563037707
16 51 2664869.791336596
16 52 2603279.0698001035
16 54 2231877.9923377004
16 56 5441689.528833263
16 64 1110912.08126653
16 65 3717766.6133940294
16 70 4739617.072034789
16 72 8917817.52977445
16 74 7687571.10231764
16 76 33251.3768816591
16 77 2076184.7528914355
16 79 11356269.280557897
16 84 4483412.958631106
16 89 1802186.837210888
16 93 2987469.1591398213
16 94 4852048.6503402125
16 97 4636705.018068386
16 101 6323305.38161341
16 105 2839928.87315413
16 115 6918242.358979309
16 117 1778769.2567342944
16 118 2038856.8366736048
16 125 2976169.9303654796
16 129 3524050.7969104974
16 130 7003353.111396451
16 131 5313156.770065697
16 135 2409921.9090165314
16 137 818290.7523759459
16 138 3663512.1362284916
16 142 1984749.2851307837
16 143 3391308.1023332933
16 146 8532401.091204222
16 147 1343412.5183952537
16 150 4047854.667691623
16 152 16115078.221480643
16 154 2972134.688910433
16 157 5287612.155539957
17 14 306238.38896442176
17 26 846892.6707814364
17 31 446080.4550345929
17 44 429146.394004037
17 51 1083364.8793863088
17 54 818582.3678670839
17 61 2285205.0006257705
17 65 2372867.2014984824
17 67 1259553.6733554204
17 69 1020507.5543181323
17 70 447458.2842327942
17 71 42093.43277385368
17 72 456074.5430785151
17 74 124514.4652654
17 79 250262.3998872687
17 83 106063.94718364952
17 84 10017.64013655853
17 89 49697.33063982774
17 101 1306840.9883627763
17 105 3590218.961973032
17 113 822040.7979166309
17 114 151436.87865325605
17 115 86314.33736870451
17 129 486991.82602492266
17 131 1368335.26054814
17 133 117316.88136894455
17 138 165895.7339135061
17 141 159193.62387380327
17 149 1235725.5627442885
17 152 998112.1553136351
17 154 72292.30699639658
18 4 40199846.6990078
18 6 13938982.332777223
18 7 2473775.823562865
18 9 3935911.9944715053
18 14 8859559.147324184
18 19 41341851.75930062
18 21 22425267.24899692
18 22 1790798.4884068847
18 25 1866974.2339143334
18 26 75016397.00108838
18 27 9916496.978808822
18 30 12996904.754692582
18 35 3502490.668360865
18 36 1530145.1105719365
18 37 20781568.850918315
18 38 7674169.306022845
18 40 5226497.608859866
18 44 12420872.725910174
18 45 10677765.44573436
18 46 22095972.828219034
18 49 868093.395881576
18 50 9471065.727839494
18 51 164105.52099647987
18 52 833664.3290516612
18 54 19707798.556577526
18 55 14415377.138767518
18 56 21750424.170027398
18 64 8359789.417117504
18 65 13680653.558406498
18 66 430188.6494382303
18 67 12427196.135655971
18 68 62884364.963240206
18 69 7398862.694481896
18 72 9360346.694389712
18 73 5549382.40530267
18 74 16084107.954728352
18 76 10884024.226950264
18 77 6463133.579076784
18 79 3665548.5371350134
18 84 3589029.878614048
18 87 9054820.31562938
18 89 3986958.9857380236
18 94 263902.59809631895
18 95 6569241.801044227
18 101 28320624.391887628
18 102 8291374.068709441
18 105 29956101.333506078
18 113 17882730.8547736
18 115 64622158.80602992
18 118 26660672.129653353
18 119 5464.0830180299645
18 121 4911151.612489415
18 125 19368553.72634275
18 129 1959415.6493455726
18 133 26460359.84404866
18 134 22706724.393523205
18 137 2853623.6924918923
18 138 1055959.0232423963
18 141 23784886.300392263
18 142 446763.3980731305
18 145 8876279.314358782
18 148 862335.5723301377
18 152 32553649.833753947
18 154 33417737.440183334
18 157 10239433.050882401
18 160 1558663.5231493392
19 0 11603799.18834209
19 1 31387656.215252828
19 3 2361287.7024161015
19 4 92835155.34066841
19 5 6788650.322438893
19 6 728559821.4876835
19 7 3069593654.8343816
19 8 22497443.895487774
19 9 6345392.31722454
19 12 14377507.880342724
19 13 67902154.31966178
19 14 203296752.12068042
19 15 960698.7282722532
19 16 1939159.0519807737
19 17 15378169.70399162
19 18 49221893.90664228
19 21 156491638.34044424
19 22 10230093.516738718
19 23 2297313.4865272543
19 25 12034204.454419209
19 26 402795180.78464377
19 27 1118985.1514425995
19 28 540443.9695592797
19 30 145575367.01889002
19 31 1799713878.3130002
19 32 124441400.88312957
19 33 171132.42648696146
19 35 121446930.32799873
19 36 5120108.61713432
19 37 218967184.289852
19 38 83751970.32015446
19 40 170282171.74763554
19 42 909466.4822170099
19 44 15372286.82825887
19 45 331517031.52375937
19 46 276117131.7383708
19 49 523025327.1798376
19 50 2359327.9141320586
19 51 495981548.50037104
19 52 4169599.7195969988
19 53 4156848.6696146
19 54 299026222.6978387
19 55 4431800.951878735
19 56 395500971.2092352
19 57 4441870.18877007
19 59 643998.0131345013
19 61 6126050.892327479
19 63 78205116.47717954
19 64 1082413232.5126097
19 65 2415248450.1955795
19 66 22304338.34230653
19 67 439646930.2913402
19 68 2384211725.541596
19 69 8960470.771070017
19 70 123886730.91316155
19 71 89810844.86889492
19 72 563273302.0065082
19 73 50458593.71016861
19 74 2291295818.851181
19 75 143346136.59632412
19 76 37586924.079178445
19 77 129695693.39552416
19 78 1367999.808019015
19 79 3254487175.8980103
19 83 3562348.3582376535
19 84 39143234.606998764
19 86 39163996.72487021
19 87 5961768.674832305
19 88 3126750.8082042444
19 89 60862503.113355145
19 90 2227542.0543675995
19 91 2535720.466074552
19 93 55154481.56402059
19 94 4645835173.045919
19 95 3555636.390318569
19 96 2667816.2184304497
19 97 75865965.8123944
19 100 877408.006094607
19 101 133359146.09175104
19 102 100575476.30949016
19 103 27036885.97726222
19 104 1105509.717776193
19 105 76984209.84593089
19 106 430525152.5058282
19 107 11438345.009607023
19 109 13272384.366884364
19 111 15300186.799927153
19 112 290760102.1388697
19 113 275885648.324258
19 114 1525559211.9318054
19 115 891730902.0486829
19 117 135241537.71507415
19 118 416860270.8628928
19 119 605200.6478379188
19 120 677924.9426574485
19 121 3185319.283453418
19 122 619739.0939371488
19 124 559385.2249645395
19 125 321541290.5919175
19 126 27210438.607947107
19 129 6597836077.391473
19 130 328036159.5469445
19 131 418908036.53661543
19 133 4473709050.965543
19 134 45254491.90075097
19 135 15515174.240822963
19 136 19728191.68663595
19 137 1432057787.5879383
19 138 1541782720.7225323
19 141 2540124.843109087
19 142 80520776.49750769
19 143 4653014.474564304
19 145 1147716.5301025806
19 146 59016116.12483687
19 147 2487349627.8583946
19 148 52196028.31068886
19 149 45118622.70408842
19 150 144066772.92748696
19 152 3321289833.198582
19 153 15875739.575846596
19 154 2984382381.778066
19 157 126578539.81735964
19 160 12327224.120166784
20 1 39744685.78133629
20 4 35744469.80319554
20 6 100840397.30093497
20 7 39520558.86635267
20 14 72490119.01265109
20 19 161765771.1005685
20 26 33684047.95337286
20 30 76762608.35082324
20 31 54757061.64209053
20 35 15107385.74818051
20 40 83424419.77978747
20 49 50001420.67848372
20 51 73666864.02979001
20 54 92781793.31106803
20 55 37262567.304425105
20 56 16063731.718741233
20 64 119244579.21548043
20 65 58902406.8131304
20 68 21393024.70865956
20 70 32876075.392239768
20 72 57188970.809837714
20 74 171103452.6073728
20 76 1312977.57162286
20 79 40658763.69530093
20 89 40935859.18796453
20 94 15105641.624177
20 101 62284327.80861494
20 106 33064783.864117503
20 112 7940672.12339218
20 115 25077250.87583278
20 117 21855460.895195242
20 125 155693579.14276657
20 129 92372356.56367256
20 130 2991241.2789358865
20 131 48213589.34608202
20 133 16544062.459183883
20 136 7416525.6539226
20 137 52509619.607702166
20 138 68688790.062225
20 141 5909219.9077877905
20 142 124125845.174033
20 147 130504970.07019459
20 150 2892745.760828135
20 152 24515659.72476352
20 154 27361208.970191773
20 157 58200168.21535113
21 1 316786.8845995126
21 3 2217271.799702863
21 4 82049966.52051312
21 5 782370.5424092234
21 6 34689947.916029856
21 7 6619787.203855696
21 8 12568181.476391798
21 9 88438893.70113805
21 12 18411229.644571982
21 13 25392468.424322277
21 14 70327781.36660558
21 15 6798622.459053205
21 16 4304799.281963659
21 17 2249443.2889881725
21 18 29227121.318917494
21 19 42499509.25181214
21 22 6234432.282833202
21 23 257157.18184990517
21 25 1110265.5659431948
21 26 18654178.662616614
21 27 5187646.927917085
21 28 323324.1250165098
21 30 65368346.180858545
21 31 52704252.7459631
21 32 11001850.052387899
21 33 1842556.7286648469
21 35 1336323.9589404736
21 36 21886437.883366875
21 37 27515475.464474596
21 38 4709408.087008926
21 40 31261437.29726352
21 42 1235412.9561099384
21 44 6410301.934905878
21 45 13766475.327268839
21 46 18471725.29435002
21 49 76273794.13732284
21 50 11832354.516458072
21 51 103304819.98618738
21 52 3050543.1356598353
21 53 97772.77955603976
21 54 23050380.49954161
21 55 19545664.917279515
21 56 44114504.32747043
21 57 237859.98364399062
21 58 4504708.988275051
21 59 1732256.1233592085
21 61 2063299.1323934577
21 63 18313390.774038434
21 64 63528123.796752594
21 65 13146340.356367277
21 66 1437661.6570149409
21 67 276240477.43486905
21 68 81817933.47563903
21 69 705227.7507588776
21 70 33865366.454571456
21 71 36877220.01369929
21 72 14288457.19811197
21 73 29624327.436342232
21 74 55370965.22337209
21 75 18101324.430488847
21 76 12952086.873531375
21 77 34876791.22054205
21 79 21238892.080090486
21 83 14897255.331846086
21 84 34977670.9399163
21 86 9588406.934676846
21 87 5659387.678913262
21 88 7663011.975646363
21 89 14628247.814728482
21 90 815237.2439042383
21 91 13728124.682140684
21 93 8948953.711746465
21 94 59712538.85577453
21 95 4599138.156480394
21 96 390862.8614222958
21 97 85046993.86865348
21 100 49307457.27515996
21 101 154248508.23685533
21 102 11068639.493728194
21 103 2710017.268023559
21 104 7909365.756663151
21 105 20280033.11368473
21 106 74412927.73195584
21 107 26061581.00203203
21 109 30589795.03163703
21 111 14437246.274464665
21 112 3768891.9302858883
21 113 55717882.85448644
21 114 8312554.770358511
21 115 92245067.94988815
21 117 8046669.015432871
21 118 27568004.470861938
21 119 7721239.697089665
21 120 265495.6684668708
21 121 112761.95094374157
21 122 928440.2906372992
21 125 41247008.700177506
21 126 10028278.283049574
21 129 35953353.90466421
21 130 9460245.811817221
21 131 45730557.73934514
21 133 5222137.732720792
21 134 37136626.20000567
21 135 6734596.658259329
21 136 5773213.392457838
21 137 12539334.158161372
21 138 11362567.322375296
21 141 16741822.14977231
21 142 22358803.305380467
21 143 3802374.514473167
21 145 20192431.117917776
21 146 5739966.425275538
21 147 9102315.233477883
21 149 4402078.318462971
21 150 10966709.8630884
21 152 128599295.49603924
21 153 3806983.508245917
21 154 54816284.607633814
21 157 12083494.788892975
21 160 10556295.58952434
22 5 3318819.678407203
22 6 1073465.8261181135
22 7 785758.4688382696
22 12 1837379.9521413818
22 14 656290.7585914065
22 16 1288215.8420170695
22 19 129114.9738376015
22 21 5092416.6274541095
22 26 4447838.2894680295
22 30 9826606.017725376
22 31 9144084.979340358
22 38 738608.0516758063
22 40 4423302.331358843
22 45 8128497.438857253
22 49 3063195.679620066
22 50 2082179.5446626008
22 51 789040.1836005548
22 54 2899602.406948181
22 58 6684103.614137309
22 59 613329.9819585227
22 64 4256204.073858607
22 65 4171423.2874695766
22 66 1154994.0503648045
22 67 2990953.9093323774
22 68 3172583.3559766375
22 69 20009730.48644563
22 70 34167347.66639663
22 71 4080199.4370412123
22 72 32116.562279495352
22 74 3601118.6807230017
22 76 927464.9759954093
22 79 5586696.476072775
22 89 1540518.1684651508
22 91 3035029.292799093
22 93 7856680.874251638
22 94 9749371.665454894
22 101 12112087.72678825
22 105 2729816.5289923907
22 106 13652.015465849552
22 107 2804088.108357721
22 109 122590.02891718427
22 112 2534603.928752773
22 113 7975020.728728387
22 114 3269340.446100745
22 115 3981706.084385508
22 117 3115811.0798260737
22 118 733193.2939849767
22 125 1407663.6178017033
22 126 2008580.6144622376
22 129 298261.85496860155
22 130 134096.58739107885
22 131 6699892.273373342
22 133 10618336.066670157
22 135 1098615.099768405
22 137 8204583.951881605
22 138 4072972.1065930114
22 141 3479185.2925147386
22 142 4118147.4610428177
22 143 3486141.6082964903
22 146 1334594.7689031088
22 149 1883935.803779154
22 152 2344511.3976129075
22 154 22178.487916622496
23 6 317994.2393381458
23 7 184094.95868678155
23 12 2656997.8121965667
23 14 2371172.1242295415
23 22 2968402.808977043
23 26 13783560.142087558
23 31 826170.1163771333
23 36 792544.2914994465
23 40 350035.1307434784
23 42 843264.3232165237
23 45 3362275.9325445327
23 46 280443.67188614194
23 51 1028024.809840766
23 54 164290.13893230102
23 55 1531235.4347203732
23 57 1637159.1838315097
23 64 2652355.265891731
23 65 600097.5096599641
23 67 609574.8943115077
23 68 2466168.9105243324
23 70 3437752.6271262886
23 72 632143.2813062682
23 74 1528928.162360231
23 79 2369234.839295823
23 83 542503.5486770455
23 89 2040618.8443343854
23 101 878704.3038391685
23 102 10766.633500040885
23 105 1285930.7832975492
23 106 1726070.1661066585
23 107 2337805.52764472
23 112 3346544.1002830435
23 115 738656.4757528004
23 118 3374428.5019038534
23 125 3369622.271728521
23 129 2699772.498770475
23 130 207376.6780366328
23 131 744585.5407589306
23 137 96340.52143206574
23 138 117816.06093764455
23 141 1333176.3823154194
23 142 3616246.5560297654
23 143 669557.5809229724
23 145 1263958.3732850233
23 146 34095.83248586677
23 147 483781.0416462108
23 152 1266235.1360322677
23 154 159793.66187604456
24 1 30232858.159918685
24 4 53212697.15381366
24 6 18886660.09348588
24 7 440709.0872087029
24 8 13944889.76803598
24 14 37355246.77967055
24 19 11304180.804666433
24 21 20331110.59231371
24 22 1242333.0721712252
24 26 41207383.242078155
24 30 33031111.153795835
24 31 15806969.314239167
24 32 45263887.69402217
24 38 17015723.274255972
24 40 52498905.75155349
24 44 1311979.1038368389
24 45 26868972.65289843
24 49 38913302.22610362
24 51 11904315.545518205
24 52 18171389.0730821
24 54 17687855.66919371
24 55 21368541.461431816
24 56 16450162.59747921
24 58 5932713.448786702
24 59 9578828.550485536
24 65 4616908.089906116
24 67 39038137.06685303
24 68 6252755.665820503
24 70 42638954.16980577
24 71 639249.784722068
24 72 1890250.0020414086
24 74 4156505.537122124
24 76 32843511.482390594
24 79 27130118.57607232
24 87 1915324.0007687942
24 89 8559049.983939927
24 91 5825018.624631242
24 93 20973787.378899667
24 94 690208.0512499944
24 97 6908417.580085794
24 101 20319783.958848026
24 104 697769.1792786341
24 106 23425506.78890552
24 107 9335208.26382449
24 115 21847478.872516055
24 117 12460991.00856743
24 118 4529343.957795596
24 125 9281516.08587516
24 129 4591695.3720517205
24 130 249338.7726270013
24 131 45693553.6939869
24 133 71266818.96989143
24 135 1614154.13573175
24 137 834159.2249394835
24 138 18035992.419904158
24 141 10134161.061291272
24 142 23064402.839312304
24 146 788532.1118400905
24 147 9256360.994118214
24 149 4411609.003189995
24 150 11590100.771974389
24 152 131832921.76846278
24 153 2723173.194712667
24 154 39937508.41624908
24 160 4697383.965201706
25 0 8242789.483586759
25 1 90023310.31160027
25 4 67342638.84258963
25 5 9012018.29631201
25 6 186380243.68277732
25 7 4949165.257361923
25 8 377124.3812584482
25 9 7989085.431626339
25 12 3272801.238324577
25 13 7506277.600789608
25 14 21825313.49793691
25 16 8796510.06729718
25 18 36595437.45265632
25 19 49780912.37787427
25 21 35147089.1944829
25 22 2652311.0811763224
25 26 22848311.570786867
25 27 1649040.047005669
25 28 1248752.8429060099
25 30 12584167.19898968
25 31 25099040.361585353
25 32 43731649.56296257
25 35 1262863.74010455
25 37 23089673.882623356
25 38 36600958.515583456
25 40 63335757.86888323
25 42 1070625.6023358896
25 45 11223360.66544406
25 46 9341567.698457152
25 49 13915709.649688331
25 50 16632869.617394565
25 51 34993962.14961919
25 52 5424926.4270343045
25 54 3524063.1024457696
25 55 28823167.656255342
25 56 15558082.832700707
25 58 47199416.03919547
25 63 23244332.006242417
25 64 5232987.649446369
25 65 61413899.80038831
25 66 2330898.98209782
25 67 12775719.107599933
25 68 12373237.90580853
25 69 23931126.327886738
25 70 32509783.875838105
25 71 55339429.80431462
25 72 61263815.1285323
25 74 13236368.997107798
25 77 42827886.64117331
25 79 727612.4312705984
25 83 8685787.731281914
25 84 9305695.582837438
25 86 11054164.742468607
25 87 152846.71971035245
25 88 665652.3076027654
25 89 34496403.08796395
25 91 24189269.953561418
25 93 64718543.44180625
25 94 37885536.048933566
25 97 12714682.48875835
25 100 15633396.861840302
25 101 21138160.636429835
25 104 912865.0251193581
25 105 38714008.42689022
25 106 23421235.43429403
25 107 2933495.4350637635
25 111 15894544.81663732
25 112 30957370.968211673
25 113 11620410.953791402
25 115 81860954.32130794
25 118 291633.8276990937
25 125 23737596.49995842
25 126 12884946.0453889
25 129 121948674.7945182
25 130 16981122.555063765
25 131 13030487.32879944
25 133 2389304.14644046
25 135 957175.6630126185
25 136 8112426.167066883
25 137 23481561.699806042
25 138 10924328.971297618
25 141 15519143.57105575
25 142 22307259.22452552
25 143 32245614.763806924
25 146 904071.7478308895
25 147 38133293.30646705
25 149 5846578.575861843
25 150 52758722.78969898
25 152 46916783.26325277
25 154 68374757.6382043
25 160 4376075.407649847
26 0 7868066.5755886
26 1 280720368.6174228
26 3 7063744.028404783
26 4 946243899.775078
26 5 5064423.85367792
26 6 2525748326.86718
26 7 105134216.18758097
26 8 6664737.652951418
26 9 15800627.47074104
26 12 1428839.4713438675
26 13 438493406.55181724
26 14 647895248.5462017
26 15 1901531.5064015721
26 16 18428911.585331403
26 17 4675664.728923002
26 18 17604636.700472705
26 19 358383225.62245303
26 21 15487461.195654763
26 22 17746161.141472258
26 23 2329789.577343758
26 25 4495336.487929265
26 27 450779.7603424857
26 28 1907306.925712867
26 30 137229408.70266327
26 31 1514002369.6562176
26 32 333203477.76781625
26 35 51305534.256412365
26 36 70110836.98273692
26 37 77488602.82471463
26 38 48020325.6466308
26 40 623083141.322779
26 42 1369427.4484173113
26 44 18380522.248088595
26 45 390404751.80041814
26 49 106359542.57597537
26 50 14885993.989359416
26 51 7370518396.71952
26 52 35701044.77380485
26 53 19224583.75120887
26 54 629086042.8894238
26 55 32999646.465060476
26 56 176935507.44072658
26 57 47032.55392633254
26 58 93043461.71978706
26 59 709583.0508273368
26 61 14056647.276100166
26 63 94368886.11495541
26 64 3081271656.6238027
26 65 1087076390.4527185
26 66 97656670.04903467
26 67 122849422.25685358
26 68 648721533.6150098
26 69 49173305.80992764
26 70 306869332.550892
26 71 207680247.65837243
26 72 3334044092.286529
26 73 57562427.956854984
26 74 11439697059.7515
26 75 54748856.60746474
26 76 85600826.62314874
26 77 54536922.070748165
26 79 586769030.1634927
26 83 23089573.474980645
26 84 119692311.20148744
26 86 139481477.2305032
26 87 1575453.1442493098
26 88 3744376.1286031073
26 89 92883657.19337232
26 90 6656052.411050706
26 91 11466133.113639953
26 93 12822739.402488684
26 94 14336867513.811302
26 95 34034613.62605169
26 96 21594881.89164489
26 97 86571158.09355448
26 100 16995654.28389937
26 101 5538406233.044698
26 102 142080354.33400866
26 103 23754257.605669867
26 104 4734752.991539253
26 105 79278472.12866373
26 106 68062852.2226361
26 107 62100072.60815143
26 109 92131422.98629373
26 111 32321952.0012371
26 112 32461041.490967397
26 113 1003509049.557301
26 114 1186229966.7417111
26 115 2652071641.788303
26 117 125478458.13054158
26 118 175941026.49260715
26 119 2440342.1675352226
26 120 2156404.6421081973
26 121 13572040.990073826
26 122 2088714.7295476438
26 125 651391403.1340364
26 126 22339779.31458216
26 129 10393441789.18882
26 130 103141890.15579651
26 131 416643140.0880364
26 133 13955874299.237873
26 134 113649033.72928074
26 135 13015709.17004388
26 136 193392.10514236966
26 137 2896040611.3400455
26 138 277730035.71914816
26 141 10181510.239165844
26 142 22499154.05551466
26 143 5529858.5762368785
26 145 2910472.363656382
26 146 27323917.908838302
26 147 678266346.127619
26 148 34041957.10497668
26 149 4886634.141606643
26 150 195121459.94324914
26 152 729963764.4034492
26 153 40392763.20140882
26 154 9492927649.504507
26 157 387344875.19906497
26 160 11829050.174003163
27 7 176504.5836157087
27 9 526328.2563385196
27 14 830137.2633518408
27 15 696289.7941329133
27 21 1134615.7352692897
27 26 2099693.5362683176
27 40 2273.70589926224
27 51 113507.43459550128
27 54 877134.7564839114
27 64 1582862.4712255779
27 65 843684.7661205956
27 67 490723.66604981973
27 70 56704.06670172696
27 72 1576758.292980223
27 74 963647.963448112
27 75 64609.02221256807
27 79 189805.0908112905
27 84 1046651.9484456558
27 89 99731.71663688589
27 93 224888.88956535413
27 101 6061.0894416322135
27 115 582158.270671909
27 129 512115.21666447475
27 130 616494.4026713138
27 131 783509.8936754738
27 133 286948.00939270033
27 137 187292.75299764305
27 138 35826.13291824925
27 142 414210.9702174972
27 150 1216.9424059394569
27 152 2942646.5249326783
27 154 1899978.1710204396
28 0 12132262.634329086
28 4 2881426.977898921
28 6 7000200.564611559
28 7 7575424.966135194
28 13 155862.53966156443
28 14 2524340.2652493985
28 19 1365305.6213619988
28 21 4833359.175012133
28 22 2368239.858626193
28 25 1952829.5519451918
28 26 2717903.890764948
28 31 1213260.4564836246
28 45 4538540.228985981
28 46 3111185.6401249035
28 51 7548370.252495535
28 54 1094202.8386443458
28 56 3992118.393701951
28 64 15751690.116044797
28 65 2396654.028867733
28 66 3258945.2881993237
28 67 2186089.5260558636
28 70 4870838.205677773
28 71 5090325.076302736
28 72 427804.9450797975
28 73 7356043.403786382
28 74 5900570.963292454
28 79 1446012.4376261926
28 84 3150694.1280450667
28 97 1958457.2363893
28 101 122995.51469433519
28 114 10405294.34779934
28 115 1575976.608815826
28 118 6909088.98636409
28 126 2076371.9854348826
28 129 94385.73858267465
28 130 1699875.4666838553
28 131 6424387.282688652
28 133 2023591.4343922057
28 134 6398680.245971579
28 135 6409719.3509133365
28 137 13507787.915050618
28 138 7035178.286752585
28 141 399886.650828608
28 142 6966161.644824894
28 147 1414806.0164932366
28 152 1472296.4373638188
28 153 5480208.577023637
28 154 2482648.9541644314
28 157 150841.8333051852
29 1 349392.03958675073
29 6 1034504.7097729845
29 7 122957.50559978404
29 8 1241341.2979271144
29 14 7570434.042166249
29 16 256267.34136180353
29 18 2651554.028353639
29 21 212688.44414803496
29 22 1398634.425874687
29 23 697528.9464836766
29 25 1000976.9499126509
29 26 14299824.5353303
29 31 4029616.9314663615
29 40 2428251.24114056
29 44 5824817.191934023
29 51 3746697.4331409778
29 54 2135653.408912969
29 55 1420135.231042801
29 56 5742539.530030524
29 64 2295979.767328115
29 65 2257799.6727948706
29 66 544563.2480147625
29 68 8545456.26839144
29 70 5995392.327383149
29 72 2352584.5641528023
29 74 684818.4992801691
29 76 1904488.0854119584
29 79 5473060.928128697
29 83 3413304.589270014
29 89 3341225.0302726305
29 94 7036006.341291459
29 97 5445081.28977407
29 101 7120987.870967242
29 102 238391.06911980276
29 105 1429812.6433861153
29 106 4137414.673793056
29 112 4376957.572155305
29 115 347278.36527787504
29 118 4361698.573331204
29 125 4271040.901652934
29 126 6099474.042584474
29 129 563373.3084861109
29 130 5322811.3005018495
29 131 7350773.659329608
29 133 633925.0168893947
29 135 1732061.289442504
29 137 9216485.95430765
29 138 1929659.0143825882
29 142 2061066.0284876423
29 145 3404640.1219822583
29 146 439548.3680355535
29 149 7060142.546430578
29 152 6101094.608360058
29 154 387734.0152786378
29 157 4245079.470772996
30 1 185500842.90442905
30 4 11141710.686529877
30 5 3977468.112626967
30 6 612803762.0922289
30 7 107038283.1753515
30 8 174599.0770025055
30 9 14825031.37563943
30 12 5110053.768868512
30 13 64686795.49507031
30 14 173176762.65901157
30 15 1686199.109377098
30 16 11328486.222526068
30 18 14718589.827934599
30 19 901945503.482033
30 21 60877548.272404864
30 25 8438141.317934066
30 26 367760967.48453295
30 27 381232.88989157387
30 31 220186949.22293282
30 32 178437476.3694273
30 35 11359922.006539641
30 36 19110510.621877473
30 37 129733856.25337903
30 38 19987684.181324996
30 40 375658050.020163
30 42 3779195.3144991943
30 44 29456476.995847996
30 45 184839215.37740266
30 46 38497664.536622494
30 49 498521729.4613495
30 50 16832931.466275506
30 51 1558527.1001649343
30 52 9370283.077033618
30 54 99266796.14226972
30 55 48784198.19635318
30 56 430400382.2987374
30 57 4157713.2877384056
30 58 1711348.860296579
30 59 21431968.53882288
30 61 4537954.289257613
30 64 207106080.29619327
30 65 354507763.0584641
30 66 9544151.344843721
30 67 258944290.56654882
30 68 216961333.03047645
30 69 316308545.12178516
30 70 69735914.77661745
30 71 398975769.4447181
30 72 91076024.04308406
30 73 8945669.740727186
30 74 772615504.8719696
30 75 12607557.608324315
30 76 20945209.92818698
30 79 100429466.61619169
30 83 52232809.64039796
30 84 61328782.04840709
30 88 1515028.7257953533
30 89 81936805.56864311
30 93 48488231.365710855
30 94 26652396.097938657
30 95 9766605.06962229
30 97 274117649.80409014
30 101 98884302.08686846
30 102 325088242.3095341
30 104 4145716.6390715884
30 105 339460323.11143035
30 106 144859173.84110785
30 107 4828574.613730726
30 109 98180652.03247882
30 111 83514471.87426743
30 112 174677610.67728078
30 113 303999337.056755
30 114 640236850.3925666
30 115 3219201.57289055
30 117 82260433.5083859
30 118 26994116.552637566
30 119 2183787.5982744456
30 125 253166309.34728482
30 126 1090223.5528469302
30 129 1043265620.868137
30 130 17307608.33770464
30 131 270271480.8704973
30 133 715847034.2338947
30 134 55357849.30401461
30 136 41400601.50509473
30 137 123686687.4910302
30 138 705545466.9784741
30 141 4533163.021755523
30 142 310185252.09739894
30 143 13908382.693911908
30 145 12259381.209911495
30 146 37149268.21784974
30 147 497328032.9203867
30 148 602052.1721088573
30 149 1112177.448907888
30 150 9666095.37329992
30 152 828821616.727313
30 153 10116546.441164102
30 154 563866198.6352104
30 157 76354428.4863103
30 160 23202852.909738213
31 0 470951.6710198405
31 1 280801858.2411427
31 3 7028343.122500041
31 4 74658407.2645713
31 5 18731954.21073796
31 6 6049219823.37049
31 7 1018569638.2842062
31 8 18164027.918387994
31 9 20236169.42248517
31 12 28067660.910796218
31 13 73420020.09973249
31 14 80461952.2920724
31 15 189635.1060286892
31 16 10119613.768451625
31 17 10870325.645972019
31 18 18759395.572780844
31 19 77825150.27222006
31 21 65422434.6554592
31 22 12994655.551100694
31 23 2406367.010966625
31 25 13806665.412958875
31 26 17975681136.497932
31 27 7854186.463863944
31 28 1030541.5610059486
31 30 423585312.7988166
31 32 103670814.55525304
31 33 226178.0925019817
31 35 278981940.2847616
31 36 950838.9401453228
31 37 63291960.26523124
31 38 41292103.7279387
31 40 1169927974.081304
31 42 1504740.6306553432
31 44 12779382.549222128
31 45 119915754.53842725
31 46 32490373.380827054
31 49 1199830698.2538936
31 50 18000410.221822616
31 51 12668000709.407972
31 52 5610909.671123031
31 54 38159486971.61837
31 55 34215242.05274227
31 56 773426927.4580854
31 57 7004913.323560608
31 58 296924743.4644706
31 59 2599028.589841872
31 61 2832500.742894275
31 63 12332180.691650521
31 64 1706832103.545728
31 65 994308142.1217145
31 66 23425894.374054387
31 67 1824344752.7887866
31 68 309398315.7092815
31 69 245630446.61751068
31 70 780850827.881652
31 71 1019818529.9629061
31 72 5052824102.661506
31 73 11742491.197457837
31 74 2326723242.4296103
31 75 209340248.17755705
31 76 352751319.17657477
31 77 2594922.4498053216
31 78 55514.168232055796
31 79 2754833196.6216173
31 83 15704368.14041999
31 84 42400503.281291544
31 86 109318052.09848063
31 87 6865490.291751385
31 88 27262163.5214719
31 89 5252591478.785133
31 90 21382647.05266244
31 91 14006103.16363625
31 93 30979452.22493854
31 94 990916377.6992131
31 95 268850.18409848533
31 96 9362618.21065687
31 97 66371157.00601243
31 100 21742154.570895694
31 101 320988613.6838977
31 102 309179469.8577496
31 103 26118524.736767843
31 104 4315578.783698272
31 105 1725778.3776405407
31 106 274835316.96774244
31 107 287093561.78805363
31 109 19692165.445006922
31 111 36550482.64401842
31 112 40641707.56425626
31 113 2388631634.1323357
31 114 331170798.7745702
31 115 363215135.1060011
31 117 126692377.92101596
31 118 745762916.6794951
31 119 568394.3433652546
31 120 10497794.590763763
31 121 471566.2853005737
31 122 3960392.5548838973
31 124 48927.747433450706
31 125 30668409.345867835
31 126 81224975.95654756
31 129 8454072499.721171
31 130 116731416.57513972
31 131 168139197.13290042
31 133 12352415766.485237
31 134 25719508.465198696
31 135 7754167.363978046
31 136 5685632.813698031
31 137 1725446438.8065057
31 138 406193828.6107652
31 141 42488027.4800981
31 142 1181576724.977868
31 143 6412303.120663583
31 145 24940036.13221699
31 146 810876.18219319
31 147 78081790.9137685
31 148 7710152.587166194
31 149 11925178.768858453
31 150 415761474.48249495
31 152 11445461266.967468
31 153 27923681.653333984
31 154 35529155106.76338
31 157 110542257.37204143
31 160 1244046.6851403804
32 1 66346347.64025293
32 3 13207435.769657675
32 4 51091092.050863475
32 5 10706547.186358064
32 6 342546727.6685448
32 7 547841882.2797368
32 9 7764187.158836209
32 12 6112693.934132139
32 13 114384126.40605377
32 14 497509861.5655971
32 15 2694943.7690194165
32 16 7466900.182534461
32 18 26800016.45944029
32 19 8078163.861695073
32 21 104540679.63304894
32 22 1813980.1996410526
32 23 1429824.1148823393
32 25 33843478.45956005
32 26 176058242.71107307
32 27 6217723.930232006
32 30 63527611.18092143
32 31 6931489.565783558
32 35 161431208.7890757
32 36 73801429.94747636
32 37 229137200.94401848
32 38 46175522.3240535
32 40 1555774502.1542542
32 42 639851.6633765041
32 44 53712394.52522642
32 45 5778554.022517113
32 49 17281875.479152944
32 50 84419904.62029584
32 51 717529397.9828564
32 52 18119267.086089607
32 53 1179076.1354530125
32 54 215026409.47800025
32 55 71432826.68611354
32 56 76308846.70073354
32 57 323354.396534658
32 58 24428469.573916707
32 59 1360493.2351709385
32 61 263168.82184112904
32 63 40676824.11028616
32 64 487459289.10947144
32 65 102130423.72393186
32 66 27185476.518186614
32 67 343931653.46297884
32 68 180058622.28049546
32 69 115028050.17812091
32 70 51703107.81699727
32 71 365291379.21890837
32 72 38711751.236045614
32 73 3282675.623456095
32 74 147781707.23801294
32 76 354848.09517507756
32 77 47794290.93946933
32 79 462819850.24472946
32 83 24019411.463624693
32 84 382884650.5120071
32 87 9190665.572117582
32 88 7456133.658209731
32 89 205878554.0155514
32 91 5364440.063933625
32 94 436681535.1859445
32 95 11760667.968788777
32 96 12996498.136543551
32 97 154980018.8350672
32 101 416864161.82307833
32 102 23274239.044458367
32 103 656450.0061943366
32 104 465889.4380697973
32 105 49111612.83702477
32 106 289072772.8032468
32 107 22889121.904952176
32 109 7123153.533727422
32 111 26582823.171984084
32 112 95649166.27240883
32 113 113058624.07384509
32 114 490168837.7914365
32 115 165228271.4662082
32 117 86108287.27811553
32 118 221865511.0033704
32 121 697418.3559368165
32 122 118899.31992989566
32 125 23641998.087406978
32 126 13054771.499087283
32 129 457951107.36016774
32 130 427347207.1516488
32 131 25999236.556135736
32 133 1264286872.292127
32 134 28331295.082377374
32 135 15095344.899004003
32 136 3539352.212901387
32 137 137256341.47690782
32 138 307824889.39704746
32 141 1695534.2378762667
32 142 138769790.46744025
32 143 14401923.68847039
32 145 20905575.061105236
32 146 19259217.736660648
32 147 155225955.38458216
32 149 1031560.2331273681
32 150 24243847.321927268
32 152 227996094.3003724
32 153 36341350.694280684
32 154 31867260.637353398
32 157 203720427.44190484
32 160 4891300.677270234
33 7 643137.0909946042
33 14 297584.3023143109
33 19 197977.4867658649
33 26 762617.9292842755
33 32 195398.14616052108
33 40 377145.8890175922
33 49 1104313.6240759157
33 51 916032.2226967544
33 54 360257.81660748203
33 65 403386.4185686778
33 68 627431.395194124
33 69 376181.7131741823
33 70 382485.31728438305
33 72 1153496.6866973287
33 74 53073.436314963175
33 76 583150.2033835982
33 79 233836.91460682295
33 84 969700.5196836232
33 87 464252.3705943545
33 95 1251911.2414978968
33 97 313461.6819825402
33 101 763252.2773617094
33 106 279270.30902802234
33 112 1506994.2928500324
33 113 1059315.239806472
33 117 890237.8583929936
33 118 298110.2301270121
33 131 469148.88650568656
33 133 33702.77637658707
33 137 394191.22588167846
33 138 227222.26692994378
33 141 488974.3040875844
33 142 55824.175365754214
33 143 799263.7993340582
33 150 19129.702062295903
33 152 329203.96473300137
33 154 1472443.8614579916
34 3 2083329.8407502656
34 4 5237276.569784456
34 5 4259702.415634803
34 6 40010375.93821533
34 7 38586619.49662382
34 9 16521029.220137047
34 12 10450775.803148365
34 14 6787345.863159304
34 19 896161.4465797205
34 21 13465760.120486971
34 22 13993346.020986171
34 26 43714762.38336724
34 30 12256761.8893238
34 31 10786180.747246282
34 32 18950835.73995215
34 33 2666003.0080653317
34 37 29188797.29149157
34 38 33234811.220107738
34 40 3225949.1657668916
34 44 909185.2415180267
34 45 29954083.86123675
34 49 7374317.098926781
34 51 75402477.9973938
34 52 3389604.7805828718
34 54 2382937.7549402337
34 55 4789719.939809377
34 56 6042770.817332093
34 61 435316.090689159
34 64 13605287.763639355
34 65 16911354.208335854
34 67 3315891.191116594
34 68 5306344.76095535
34 69 14387741.514998192
34 70 17372331.837991454
34 72 30071136.767562207
34 74 10533321.972702699
34 75 51443663.763730906
34 77 6397181.74761559
34 79 5532563.595585947
34 83 519221.9960195417
34 84 11274761.552248593
34 86 27315559.959941603
34 89 17294657.316927154
34 93 7885809.449382866
34 94 38195712.683190025
34 97 10139147.501208575
34 101 30611171.09780273
34 102 4670380.312521402
34 103 5125492.844632577
34 104 4396557.133779768
34 105 18248388.94545006
34 106 62974241.62776075
34 112 9494617.356573584
34 113 6318774.095545516
34 114 14104698.895770216
34 118 14479128.065333033
34 125 36332512.040749215
34 129 5402745.105991091
34 130 5133711.133970688
34 131 62821392.403219216
34 133 18840344.2832293
34 134 21979507.016586974
34 136 977156.6639435209
34 137 1205007.8484769613
34 138 39780674.013335906
34 142 15021399.047889937
34 143 623871.509879436
34 145 10157887.086729135
34 146 8896867.63140678
34 147 16165142.405633423
34 150 1206138.9615996864
34 152 6067832.917567234
34 153 1023984.6848546931
34 154 11721525.370766258
34 160 9921415.763353204
35 0 55252377.48879044
35 1 49939106.044315234
35 4 193731031.42701808
35 6 102697422.90532327
35 7 21538802.125214983
35 8 17242150.511402722
35 9 22004507.32512143
35 12 8964096.466990706
35 14 53792715.83884319
35 15 5023244.020850979
35 16 7195295.7776874965
35 18 2682800.899918985
35 19 242237518.707396
35 21 73803114.76474406
35 22 9756523.674733182
35 25 18347370.812631063
35 26 258770588.20407456
35 30 37297330.93075687
35 31 15959789.193501849
35 32 95873230.58474858
35 37 103940672.05324803
35 38 8030438.044284106
35 40 7400840.307253292
35 44 3051382.219600043
35 45 245552702.35543537
35 46 59702061.02063199
35 49 124737623.97906771
35 50 10962880.115524853
35 51 297252807.63003194
35 52 10151318.905970225
35 53 4026673.876276291
35 54 14533751.740793375
35 55 23488558.39972434
35 56 108737536.85080928
35 57 8127825.630367157
35 58 94668252.94256435
35 59 2686408.212023823
35 61 1029494.8065846427
35 64 48468199.21042748
35 65 144187413.05275437
35 66 42968698.24824453
35 67 89339054.76308545
35 68 112706392.90755883
35 69 49555782.803054236
35 70 267884391.50795177
35 71 56860843.45970731
35 72 457817438.42961663
35 74 113142102.95909396
35 75 62065424.45491991
35 76 15638280.646404648
35 77 96878063.97786522
35 78 3024338.9987577125
35 79 105468035.09944825
35 83 51315635.26293852
35 84 85891061.94699082
35 86 144657706.8533153
35 88 6384054.0534722395
35 89 83788345.97466654
35 91 7822828.801365481
35 93 22473541.39777229
35 94 493832832.3998806
35 97 390286956.0692055
35 100 18378184.08713574
35 101 113537535.51011333
35 102 5307289.701096041
35 104 2339777.184150951
35 105 17696576.619383823
35 106 179507026.94183606
35 107 33566305.484093525
35 112 13810701.077280452
35 113 163725941.09220555
35 115 77570961.50328536
35 117 158906008.24333155
35 118 99396792.83761851
35 121 1664538.6961459732
35 125 197451853.27708575
35 126 20917845.823501
35 129 121921798.71394637
35 130 216481234.20433247
35 131 1324181.6246266582
35 133 188235880.97175542
35 134 117651105.9785807
35 135 2721790.4632337443
35 137 70876308.83365907
35 138 103676388.38847722
35 141 40095920.33242053
35 142 357855782.62727815
35 143 830007.3101211331
35 145 8748085.356508298
35 146 93361374.36696407
35 147 439008871.6875046
35 149 13367919.681803277
35 150 21247837.516797263
35 152 264173766.7130548
35 153 6276665.224711895
35 154 248385879.45849523
35 157 36189464.61383526
35 160 8563241.963492565
36 0 5295802.263172019
36 1 74477426.68802084
36 4 69464815.84303333
36 5 887295.2648338013
36 6 65671953.53292776
36 7 39495618.06837133
36 9 45320765.44640186
36 12 18303314.40070259
36 14 23872066.61053682
36 18 35019439.090180166
36 19 21055091.71127885
36 21 27783860.38749017
36 22 19165121.2653542
36 23 1411521.7887607296
36 26 197358803.95366555
36 27 418318.67364315403
36 30 43050139.40949341
36 31 36251249.78267883
36 32 114710213.57765214
36 35 11212012.796901925
36 37 9143802.497623492
36 38 15534714.34436234
36 40 103036515.84255423
36 42 401249.3266348868
36 44 18151251.96775137
36 45 30898926.520144716
36 46 59329248.75544329
36 49 6312288.647247615
36 50 86729886.8558248
36 51 161255703.40686122
36 52 1665057.6942204603
36 54 160260201.9363875
36 55 4050475.356498285
36 56 221612751.3441916
36 58 19870470.303523093
36 59 1265327.5041095503
36 63 7856307.324034595
36 64 138312802.19824487
36 65 108624815.86658357
36 67 198180426.58133495
36 68 17711168.282250337
36 70 61165786.483304255
36 71 53976267.16166168
36 72 34153226.44801956
36 73 48876789.66676006
36 74 9106471.330583826
36 75 61054704.99170618
36 76 53649082.87182676
36 79 67067972.491219215
36 84 28830235.16663241
36 87 10406780.305897508
36 88 2187731.017791279
36 89 81537135.80690803
36 91 478324.34657323884
36 93 35738321.41677517
36 94 40079080.12123765
36 95 6225894.405612966
36 97 4824100.679013774
36 101 177396122.6774028
36 102 83183268.63525893
36 104 10739791.592643995
36 105 42111819.56927558
36 106 97293448.54781064
36 107 94101806.32787986
36 111 13735457.641059244
36 112 185353611.6571509
36 113 118974842.79879737
36 114 219598707.6036438
36 115 28619456.28059475
36 117 11990955.601039954
36 118 548773506.2645365
36 119 297347.520400512
36 122 2543629.0113952714
36 125 86483978.270439
36 126 17302700.793343846
36 129 2943364.365924388
36 130 59213559.28293927
36 131 29570975.854620274
36 133 110627777.65598789
36 135 3133744.7466668542
36 136 7913675.632428732
36 137 26187914.26560982
36 138 75568578.71341552
36 143 10089097.776872132
36 146 79908298.31377602
36 147 152173467.092707
36 149 20059402.360281635
36 150 45475133.45577384
36 152 9909850.543497818
36 153 11354231.763883444
36 154 111691405.00026155
36 160 6084137.823285193
37 1 69712517.28683005
37 4 570656.8764007048
37 6 23293518.90134231
37 7 263228307.2515006
37 8 8400920.982828205
37 13 18386636.18116308
37 14 94276339.85627937
37 15 834853.5596904898
37 16 326231.5711865022
37 18 315702.84286354796
37 19 24711723.685817055
37 21 59100812.94795435
37 22 22259.15262312169
37 23 421484.5636240957
37 26 75471778.86537743
37 27 1836996.1571645965
37 30 7960956.388206579
37 31 28143838.446606614
37 32 72401500.16372159
37 35 23986357.046250775
37 36 6072925.5539573
37 40 4400270.765392787
37 45 43636251.22675728
37 49 59102159.928059265
37 50 37609378.08338134
37 51 60882917.769694254
37 52 13124696.006677693
37 54 120390408.32657914
37 55 4024129.7121996353
37 56 13030254.138901591
37 57 3320329.6775627946
37 59 2836428.671022693
37 64 2795349.270163402
37 65 29710203.404749192
37 66 9182966.975920636
37 67 3016124.5052160937
37 68 101709564.86211886
37 70 17896595.77122723
37 71 6368815.051188129
37 72 47861163.19520285
37 74 101058003.31722534
37 76 24824210.75165207
37 77 4653582.867198378
37 79 287403844.80870074
37 84 98745846.65507086
37 89 167946378.86977544
37 90 3112057.0858057407
37 91 955084.6771249886
37 94 19732587.540947784
37 101 20871378.77469733
37 102 73193862.69542941
37 104 107620.56730625895
37 105 8563927.030320022
37 106 51023370.43938604
37 107 16666872.952719718
37 109 43532179.91037946
37 113 17314061.16507136
37 114 73143784.31958933
37 115 13160380.909056714
37 117 1041801.4936681692
37 118 15344045.900738545
37 119 4560988.293773373
37 125 9763064.17791482
37 126 23067708.506754242
37 129 69217022.12560192
37 130 6384975.1934036985
37 131 40908367.9242615
37 133 135886526.82919937
37 134 3614738.597432759
37 137 68565344.43266082
37 138 88034928.54259443
37 141 3175729.105522946
37 142 47960781.16064531
37 143 346683.94541847514
37 146 19615424.227030158
37 147 30620604.78498732
37 149 5391236.571442244
37 150 13332251.823020702
37 152 70570690.0565224
37 154 44248171.11227423
37 157 14535167.463812945
38 0 7706121.559290954
38 1 17782626.663218834
38 3 412143.8059070648
38 4 21361302.53304243
38 5 5473192.160615053
38 6 8475416.566479698
38 7 3637661.606355486
38 8 2404412.277822826
38 12 9785.560108988611
38 13 23697214.457101934
38 14 6669503.825542519
38 15 1826307.2209301721
38 16 11842100.29025339
38 18 18962182.925614953
38 19 3111700.2314053937
38 21 3203046.410416262
38 22 3573436.0883127297
38 25 5416417.172692707
38 26 8895864.20999835
38 27 537361.7268186795
38 28 3857061.2411952573
38 30 6498176.801581328
38 31 11166924.041485246
38 32 11437431.069650538
38 35 8279047.297797571
38 36 5208657.272959101
38 37 17260564.75687017
38 40 4713369.414383007
38 44 3174595.507989264
38 45 1731798.6151651763
38 46 13877628.910660597
38 49 123909.68909767293
38 50 17505921.714455843
38 51 6250671.695238469
38 52 20133297.19190016
38 54 12452846.811025964
38 55 2731479.92212393
38 56 97527.99450486613
38 58 10892879.92866486
38 59 11721526.954321919
38 61 234704.53218361814
38 63 7904795.901286164
38 64 3588038.1854082635
38 65 957568.0659982569
38 66 2596065.0684018885
38 67 45610880.98048025
38 68 1806593.4994923489
38 69 2945116.4899339755
38 70 794449.9161600339
38 71 4455780.488212023
38 72 8787348.134797607
38 73 462352.34881895117
38 74 36407643.362149775
38 75 4217456.442130369
38 76 1065265.5131848091
38 77 5589750.0989797935
38 79 4505284.283291649
38 83 7095674.325460982
38 84 7841570.3935013935
38 86 3533066.7586493464
38 87 8924894.593336202
38 88 755497.0881423453
38 89 6113630.126837938
38 90 9286124.016835602
38 91 3797406.312495063
38 93 11300391.89625324
38 95 7417996.553757071
38 96 3715617.534335298
38 97 8299808.6884940835
38 100 10798387.767714826
38 101 2712282.9462854443
38 102 2675149.180462971
38 103 2165019.28004532
38 104 3811240.4826295245
38 105 8399367.615151323
38 106 6713643.836894162
38 107 28578592.61340561
38 109 1989552.1765603896
38 111 223681.31147970274
38 112 3668945.972825593
38 113 2467242.4458592497
38 114 25974174.56083441
38 115 8480715.566133121
38 117 9880318.9318004
38 118 12086807.814237582
38 119 2622530.754567683
38 121 1340431.6874806462
38 125 5475792.289656366
38 126 2471373.5312897586
38 129 8065208.993993506
38 130 14052674.51729969
38 131 992300.8221908759
38 133 30029938.316606686
38 134 11157738.528081914
38 135 6947308.928454423
38 136 1736328.9817040877
38 137 20411455.30007916
38 138 3043287.289620393
38 141 3992362.5116255423
38 142 3383222.1150541166
38 143 5858357.615445198
38 145 3435002.733688549
38 146 3491393.842440191
38 147 1216672.300072825
38 148 4125737.964020444
38 149 1520181.2913365785
38 150 14763705.583086817
38 152 324907.29692442954
38 153 4292056.771533917
38 154 16606243.184328895
38 160 1263847.777285721
39 1 8846405.315988528
39 6 32614249.87851647
39 7 15622287.593321823
39 12 33090654.94582476
39 13 5052622.823171373
39 14 51444961.60040217
39 15 1955478.2796123275
39 18 9816860.814354591
39 19 7967336.320193235
39 21 21023833.342201777
39 22 4761677.442644597
39 26 22067118.901998766
39 27 12483.41138119619
39 30 4599484.827221901
39 31 2147258.6225030143
39 32 24770042.70460008
39 37 18822084.345042374
39 38 6547508.536689074
39 42 3434616.9669005135
39 44 4460549.3056228915
39 45 21336686.117469445
39 46 30054469.4753282
39 49 40224132.7978106
39 50 1692148.902771433
39 51 34301977.585641325
39 52 8411254.735448686
39 54 5996191.854670203
39 55 20973783.755312115
39 56 39643260.81275103
39 58 2713271.696554007
39 64 13982012.151193026
39 65 16758073.153301258
39 67 32079345.712867007
39 70 36597630.64564788
39 71 2483839.6917419494
39 72 32613562.603748675
39 74 11542453.968563324
39 77 15719261.684067642
39 79 22660936.390212547
39 83 2317245.86113518
39 84 90126238.77966514
39 87 6455755.726936672
39 88 305435.2088659329
39 89 9876248.943799648
39 94 5064347.679196498
39 97 4360166.37574675
39 100 6224325.776545947
39 101 17353899.59350074
39 102 18364735.20347049
39 103 44669068.291630805
39 105 8191220.140618864
39 106 20083914.76505834
39 112 17433599.346472695
39 113 15546947.58538152
39 114 5111432.803582324
39 115 19173734.138329346
39 117 36058489.34641138
39 118 53709607.89799638
39 121 10399418.578631962
39 125 4249519.719420046
39 126 28418203.259197995
39 129 4242165.641964682
39 130 125706252.53882833
39 131 13714845.715528348
39 133 4014172.7841509264
39 135 12430245.10762591
39 138 3415777.202144436
39 142 20672492.21358514
39 145 6976377.396106865
39 146 21325309.062616337
39 152 25929633.53143548
39 154 27925816.79892117
39 157 2620153.0904348698
39 160 9260122.73149431
40 0 14128730.037942786
40 1 110220800.13555287
40 3 2209550.1723373076
40 4 212068510.3640605
40 5 10418391.89134309
40 6 1526291084.5866969
40 7 1303411043.1926026
40 8 24483973.2210821
40 9 23463732.894928083
40 12 147598.3590999488
40 13 124776268.53239363
40 14 229184846.63276845
40 15 315019.1824563859
40 16 7267809.165041354
40 17 181298.68504472854
40 18 9360095.425526677
40 19 799476769.8512537
40 21 66463292.526601
40 22 11745975.058301847
40 23 1709003.4138357616
40 25 16146537.968726045
40 26 2040906087.6953168
40 27 1927641.5170848733
40 28 326882.169280002
40 30 206837958.47737426
40 31 659910350.481299
40 32 319774152.2228786
40 33 249210.61281855687
40 35 466949246.77177495
40 36 7396271.894234993
40 37 168764943.60072678
40 38 15172562.420374572
40 42 508728.18627181556
40 44 40073484.102983736
40 45 171420308.39221796
40 46 569041.6185341567
40 49 61578441.778420985
40 50 5017760.058628948
40 51 3302088563.3966956
40 52 3706631.828958806
40 53 1268725.6192941533
40 54 2001397742.1686585
40 55 58950219.7739592
40 56 238691392.05216953
40 57 5540956.080194559
40 58 13048763.488110472
40 59 9136233.795144783
40 61 15377416.53789213
40 63 1742862.5854034098
40 64 1482522807.8037288
40 65 647825884.9280397
40 66 443993.1757078789
40 67 390262348.8254042
40 68 260831714.54786164
40 69 7628525.4549675975
40 70 939657906.5013576
40 71 861481073.8579392
40 72 3939589763.035053
40 73 22337289.36144244
40 74 500737970.2409738
40 75 27680718.330834858
40 76 49015302.69823328
40 77 1355092.719424446
40 78 243158.79792261997
40 79 375114435.7655041
40 83 5023616.63701976
40 84 390141096.707712
40 86 46390094.54551275
40 87 12478185.895405581
40 88 1972901.1675543713
40 89 880855102.2828903
40 90 5963360.310521393
40 91 12397963.023933314
40 93 73510426.84376514
40 94 2620310788.864788
40 95 8688381.678905573
40 96 28868411.695174832
40 97 338350894.6931259
40 100 95910920.75197937
40 101 1885528231.1285524
40 102 56717012.685890146
40 103 37352383.7777752
40 104 2215660.1131391255
40 105 36470993.23638581
40 106 429044734.1319738
40 107 88822865.04455878
40 109 7105139.105656275
40 111 35487746.34428231
40 112 35850658.379779235
40 113 555519.7469160279
40 114 1024508459.2945434
40 115 207953947.51839593
40 117 34884907.963517815
40 118 96122880.2890769
40 119 3773760.3485943438
40 120 2562217.354342089
40 121 755705.9078799728
40 122 2444798.6897288263
40 125 454636286.46868634
40 126 2165744.881160628
40 129 981584433.2904737
40 130 123481741.59864615
40 131 917716053.0936326
40 133 1023714149.4463857
40 134 29369266.512552083
40 135 9324271.628284026
40 136 25183077.61725239
40 137 383834228.2483553
40 138 703208054.7456113
40 141 1101010.2369988223
40 142 632034483.6494497
40 143 13566804.662345469
40 145 64958226.7896657
40 146 3707988.487621536
40 147 81213355.47798756
40 148 54531996.065319374
40 149 47541023.47808383
40 150 124061134.33847661
40 152 3704746281.9389095
40 153 186279757.08923545
40 154 1477567673.0320606
40 157 134117274.55753738
40 160 2172912.1458445424
41 1 691381.3506282824
41 6 213542.81413503483
41 7 695358.3440084154
41 14 416002.46211734164
41 26 1835341.6207686395
41 31 11860.863463135393
41 32 74794.7059059394
41 36 1724.2895492355124
41 40 2207214.3353042956
41 51 761644.0864150296
41 52 14184.195772673826
41 54 821261.3073255561
41 55 492890.8959335289
41 65 160895.65188753267
41 68 871766.8032646596
41 70 1054354.5849778946
41 72 266274.1476782813
41 74 359921.92228651006
41 76 152367.3623858894
41 79 84261.16569232049
41 83 716799.2744400272
41 84 14137.925804309254
41 89 153537.94847395606
41 93 43314.63776650484
41 94 106136.76893158523
41 101 31844.64431003053
41 105 707303.9600528583
41 106 167647.3108344682
41 111 94775.4915948105
41 113 168311.4571995123
41 115 171934.1930698098
41 118 66704.34272492888
41 121 502418.7574036606
41 125 68093.92717003889
41 126 311581.3827102409
41 129 196972.03126395697
41 130 292226.96808172716
41 131 153872.29393994843
41 133 209872.48817092672
41 137 220357.5703302439
41 142 203599.7702115289
41 143 1227377.3531740333
41 147 219569.8821126863
41 152 1244974.464538798
41 154 218033.52534708788
42 4 1171865.4938474398
42 6 35757.585550896205
42 7 3639374.3941659275
42 12 933262.4817165089
42 13 1166081.5053087128
42 14 216546.92222564877
42 15 187538.8605482413
42 18 2240337.85955818
42 19 130681.92016816334
42 21 47693.772389412414
42 26 258234.49688150885
42 32 775744.68906543
42 35 1345777.745422269
42 36 3039470.613998927
42 37 841900.8742910877
42 38 426905.3645957092
42 40 4036717.252826638
42 46 1937518.8807384227
42 49 5525899.372405913
42 50 1174279.0660719548
42 51 874761.1987347233
42 52 2555218.3991753706
42 54 185398.8700160006
42 56 282794.80913618446
42 58 815148.2439551831
42 64 497272.60308291053
42 65 386013.1971719877
42 67 2338284.631688828
42 68 471775.29019622674
42 70 6206575.4781451225
42 71 2029937.5020255563
42 72 705025.9392622545
42 74 293195.6787347574
42 77 3881141.0439986545
42 79 3553758.9283860484
42 83 710300.4795619772
42 84 281183.71450747916
42 87 206780.04580710485
42 89 1585885.5493062148
42 91 586733.9287997043
42 94 10558.25941658845
42 97 350121.2299413858
42 101 5186340.088188989
42 102 109907.56241047985
42 104 2190023.6553755463
42 105 1423840.0441521124
42 106 3383342.23192144
42 107 3562681.6476436555
42 112 2361801.26088484
42 113 2179788.8572606137
42 114 1860073.1300563402
42 115 545755.2973502151
42 118 3069711.0307339923
42 122 746390.3385336825
42 125 230131.78893197278
42 126 1991418.258501906
42 129 246562.62526978325
42 130 2253506.1567845196
42 131 4175860.130078299
42 133 1605158.450617746
42 135 113301.47620182906
42 137 44971.28897097739
42 138 79350.04467558171
42 141 1110387.08509334
42 142 2175778.9331752053
42 143 3613293.555443997
42 145 1157773.172736861
42 146 4323499.802019716
42 147 2760576.9549471736
42 150 13666.567696398157
42 152 580669.1267164669
42 154 1925420.1555689254
42 157 196533.7449984107
43 4 255083646.9521977
43 6 29554609.398453433
43 7 17511131.187192753
43 12 9403443.27643689
43 14 100824530.54838814
43 18 18878012.72180984
43 19 69847878.47758336
43 21 18475615.366170805
43 22 14998037.434076004
43 25 9700457.652317047
43 26 245634648.37948886
43 27 4365711.178021349
43 31 92370393.08502726
43 32 224119163.91556194
43 35 32923233.591778163
43 36 59111550.88832303
43 37 126908769.9787066
43 38 65543945.47371811
43 40 367028994.5413409
43 42 2693504.8059511115
43 44 37389122.71659297
43 45 21102145.40948393
43 49 31100215.297365718
43 50 21389145.535315186
43 51 49096947.22131989
43 54 11451032.694121756
43 55 23119590.44260662
43 56 21512156.971747465
43 58 34301313.47969388
43 59 1790330.7442925845
43 61 4619127.464711403
43 63 106287885.1642644
43 64 51263945.958510906
43 65 12180966.856975965
43 67 250673556.18431002
43 68 45272343.82550594
43 69 3385025.3875099635
43 70 47722464.47987033
43 71 36411475.06808799
43 72 211142670.19325778
43 74 417901638.79084694
43 76 1888423.6143412215
43 77 2958368.2297050185
43 79 1007946.866736013
43 83 18554217.98130024
43 84 19341590.47191281
43 87 990415.0968335468
43 88 8480832.555725247
43 89 243574990.87712693
43 91 660785.7470032437
43 93 14871342.646230597
43 94 154724806.9391764
43 97 104244095.51428477
43 100 38166090.29653189
43 101 145884097.0224878
43 102 241065304.3531663
43 106 4637155.965479413
43 107 111361.87291385052
43 111 35146856.14131181
43 112 8597315.279715335
43 113 672626.6035372092
43 114 54058410.27658485
43 115 64182535.947806194
43 117 32539501.50182797
43 118 72383505.93587486
43 121 467655.1138225716
43 125 16532779.804484718
43 126 634943.2371794733
43 129 48326422.79493983
43 130 72702252.06652512
43 131 211100377.80429107
43 133 115199944.78338367
43 135 3388998.6811596435
43 137 181285258.47069395
43 138 171060565.61391622
43 141 4587325.434965182
43 142 4897475.035762246
43 143 2075998.1337632528
43 145 29853425.827924207
43 146 63497182.12165756
43 147 41710464.40026388
43 148 38039422.05734025
43 149 56530559.69435904
43 150 219193552.86187702
43 152 96303031.63571525
43 153 64482352.62002977
43 154 256768690.58878243
44 0 4135436.852601123
44 1 49948764.28521637
44 3 592715.4131728933
44 4 57261348.11244457
44 5 9242197.959391678
44 6 15662814.222628549
44 7 113939227.5520743
44 8 23948634.408733994
44 9 4314019.707026391
44 13 36903050.372174226
44 14 84729509.54701059
44 16 1662902.772986742
44 18 47535259.99336489
44 19 92509276.46334274
44 21 199790317.1679897
44 22 14883882.581509095
44 25 3706959.5195622114
44 26 403743825.37366307
44 27 2132421.444998626
44 30 223821377.04263982
44 31 32216524.58489736
44 32 68524903.2789456
44 35 13317390.659359468
44 36 119298316.80472809
44 37 7544578.750782633
44 38 156499817.51518008
44 40 56276399.25221329
44 42 792790.2219847467
44 45 6729334.863138779
44 49 33361698.70590485
44 50 10890090.419934118
44 51 63776791.685919724
44 53 269664.5894636687
44 54 186964686.61039868
44 55 11074717.510893837
44 56 14832255.61712966
44 57 3038298.276154321
44 58 3291846.4822728224
44 59 1584632.352938186
44 61 7558767.503752201
44 64 10042627.583654825
44 65 127394918.77097116
44 66 1826064.3176534635
44 67 138297257.39325875
44 68 3874070.0145821758
44 69 141052864.70472947
44 70 231561666.83050328
44 71 84769489.01694395
44 72 55777035.89667693
44 73 5872493.250886004
44 74 397953773.2747744
44 75 38861177.2253129
44 76 11297394.177033786
44 77 1432602.9949431033
44 79 10864296.962295806
44 83 14525506.203885341
44 84 60543778.527723625
44 86 97117874.11977755
44 88 3501781.5450395364
44 89 257968232.68205255
44 90 15393757.383642767
44 91 18351444.57865077
44 93 26675440.234319758
44 94 71035564.63466862
44 97 85410014.2661812
44 101 140361762.93808195
44 104 251660.3146849697
44 105 49756610.06831904
44 106 138800182.95251802
44 107 13795106.250709865
44 112 117728323.7657585
44 114 122865775.59317492
44 115 11990587.633102413
44 117 933224.734467213
44 118 85576366.82355061
44 120 17723009.558793925
44 121 14136020.01498366
44 122 4602043.435953761
44 125 13138845.488598995
44 129 9248435.917144934
44 130 81391890.88171037
44 131 13832152.120696751
44 133 61112451.29547599
44 134 9596267.907475282
44 135 25495745.393252183
44 136 10324610.877249338
44 137 88908245.30625291
44 138 34956099.924124196
44 141 2894862.951161954
44 142 90853664.55632108
44 143 6281927.201850943
44 145 11078034.65665258
44 146 12499089.257579535
44 147 18400608.586765725
44 148 17799766.287811488
44 149 3410021.3077586144
44 150 117315696.34824537
44 152 100216596.8047156
44 153 19398203.159142923
44 154 22201597.37850067
44 157 60065845.86256803
44 160 25501818.778627332
45 0 1927162.6658714118
45 1 91921431.41077021
45 3 1081160.6007597768
45 4 15122488.744321508
45 6 14529649.82626288
45 7 243298507.51075408
45 8 14485925.9896893
45 9 29228574.671765223
45 12 6010860.589895445
45 13 113148917.2308226
45 14 61556063.520563304
45 15 27431974.64914156
45 16 3663631.7735094507
45 18 6787139.099318564
45 21 86874868.7113927
45 22 493020.3771640908
45 23 1554989.2517314213
45 25 17787394.22042339
45 26 110999317.32155322
45 27 11785716.98952122
45 30 9811614.226541724
45 31 199152451.6317388
45 32 64477278.05500103
45 35 61326327.48276862
45 36 1034306.2196594529
45 37 36576594.13851549
45 38 9828974.580745768
45 40 18643127.39610516
45 44 43892295.44826463
45 46 51504253.78783853
45 49 22790675.351235606
45 50 7648621.340430027
45 51 175898544.1642499
45 52 1692556.4478550672
45 53 2774266.0592259145
45 54 28854221.386385005
45 55 22234365.89290672
45 56 52333111.62185683
45 57 321766.7824329941
45 58 42816164.22775106
45 59 9583900.136869239
45 61 4432730.795029803
45 63 16660495.818970086
45 64 244202746.90403387
45 65 22294550.327819385
45 66 9150408.833670482
45 67 14508537.66418369
45 68 97587599.5313286
45 69 8777994.993794987
45 70 285838506.0838187
45 71 99601690.53142944
45 72 69015223.39202535
45 73 28512996.128269028
45 74 321983555.624063
45 75 21513948.85253033
45 76 18411559.356836304
45 77 41164726.038342126
45 79 164044230.81160244
45 83 69032405.81701256
45 84 19059821.781987518
45 86 33089436.160016593
45 87 9136828.342254488
45 89 7299825.892985947
45 91 3384299.196371118
45 93 5206214.173099964
45 94 119702206.09278563
45 95 12919373.885629619
45 97 14049822.191431688
45 100 84481005.20684125
45 101 87940229.71999349
45 102 67333125.2431491
45 103 8744077.546980774
45 104 5596416.996066564
45 105 54236678.27272334
45 106 25570482.05181338
45 107 655547.675739803
45 109 6940878.474708517
45 112 140898671.04913476
45 113 25531614.004234802
45 114 34837868.012460135
45 115 783659.8462056633
45 117 196361813.19650537
45 118 14078546.04478509
45 119 2136396.685959838
45 120 290572.43281096383
45 121 7602311.449248659
45 122 3061984.22216129
45 125 44912344.03294167
45 126 25862828.076126527
45 129 36316203.19154392
45 130 35269912.866120026
45 131 7183902.825135107
45 133 5506757.7152252495
45 134 4257788.927965739
45 135 2909712.5782849877
45 136 1541177.9529465258
45 137 112326537.30015287
45 138 131705141.2800132
45 141 9703897.696116062
45 142 12593059.836627005
45 143 10495982.139975974
45 145 46961469.60674541
45 146 18214028.78080036
45 147 82388446.25553401
45 148 3965467.6513254023
45 149 12524542.64245473
45 150 79703444.32897556
45 152 24269396.555663045
45 154 1404214.7894018446
45 157 5200935.574695986
45 160 6739045.069425121
46 0 702581.0090084053
46 1 3550502.5827732375
46 6 190385410.4799702
46 7 53901762.06216139
46 12 17391144.57840087
46 13 33024128.59228751
46 14 66252735.8804532
46 16 4169477.9874916812
46 18 1467420.233726182
46 19 5879752.639817016
46 21 4122084.248117641
46 22 12629002.278802942
46 25 15368349.340792412
46 26 41655234.367057525
46 30 27949184.153197248
46 31 4723044.523714482
46 32 71406397.26584253
46 35 25800198.434648037
46 37 18754137.6493139
46 38 13431003.9612562
46 40 7806274.209957085
46 44 3938333.03167373
46 45 97263039.95591217
46 49 17262593.158236183
46 50 15121072.812659087
46 51 31616381.994350232
46 52 483294.550852734
46 54 4231099.958803428
46 55 13350705.717994954
46 56 68499129.78474435
46 59 3079666.209302706
46 63 38476721.553246304
46 64 196447041.74528226
46 65 38519061.23773868
46 66 42804615.80056962
46 67 115791212.86498366
46 68 2322422.064608966
46 70 50174850.031044655
46 72 26873448.022508383
46 74 49639694.17522209
46 75 9623764.513776036
46 76 7729030.559245016
46 79 19685693.18967466
46 84 13881810.203431869
46 89 62458663.12715505
46 90 12590894.317111017
46 91 5685394.424815018
46 93 13582367.840756258
46 94 65481777.62403929
46 97 26675937.709365938
46 100 25888931.905855447
46 101 23562802.650386825
46 102 6107871.906626277
46 104 2807876.097493005
46 105 24822427.244549546
46 106 13627834.223517077
46 112 865171.110422278
46 113 98468095.70519863
46 114 68824270.21616057
46 115 49340483.65992339
46 117 10041389.900338272
46 118 98177251.02155726
46 121 2217998.5452862154
46 122 2369622.8032173114
46 125 39040017.569960035
46 126 8381001.460058576
46 129 35760401.40654955
46 130 38080032.36521393
46 131 9642776.221287768
46 133 84947784.66590042
46 134 4006356.780891459
46 136 1320182.9205762867
46 137 10477867.788221652
46 138 133919818.05774903
46 142 50091007.79070377
46 143 8416852.311803017
46 145 12535712.422076745
46 146 112420195.19269663
46 147 26856401.434012435
46 150 36237541.28660103
46 152 50387990.06003298
46 154 82539173.05069034
46 160 4119959.2355430922
47 6 19423459.924251884
47 7 6298292.839619123
47 13 11882458.19074673
47 14 41412015.795798905
47 26 1250674.8923854353
47 32 31310776.09665056
47 38 402664.6208601868
47 40 18747326.25661349
47 42 33853.81212925455
47 49 8389398.888155026
47 51 4316897.721668634
47 54 15209616.975949552
47 56 898568.0297989479
47 64 25382602.698520206
47 68 33127195.56085143
47 70 29400261.405069906
47 72 1802393.2814021658
47 74 1627773.607815263
47 77 2057331.6293034446
47 89 15929030.24856727
47 94 4067132.8107313616
47 101 5597547.142866901
47 105 19012834.37493276
47 118 23623992.618437063
47 129 3433290.7516981796
47 130 16277757.670347298
47 133 75187.7244926016
47 134 13223071.419223147
47 138 4674864.9184289975
47 143 642321.3108797632
47 146 439065.79999222496
47 152 17284034.86083628
47 154 28330190.525619663
48 1 2701658.2970241457
48 3 3669997.6433869116
48 7 3532043.502731007
48 14 59587408.05962299
48 19 4425676.353467439
48 21 9440102.965897059
48 22 3926527.67954217
48 26 35604880.289906904
48 31 13238743.554886824
48 36 2115043.853032881
48 40 34027149.015888445
48 42 800097.2822640325
48 49 8920479.556310374
48 51 4438897.785432054
48 54 491340.8790888609
48 56 10025856.939370798
48 57 6059772.0535092335
48 65 48303584.29193733
48 66 7668451.381656944
48 67 421180.6109986215
48 68 3513071.2135103205
48 70 5111604.5605362775
48 72 38782214.19078478
48 74 4879125.4489728585
48 79 7120179.476852675
48 84 10037345.339717822
48 88 8837757.519323733
48 97 1654996.1131208146
48 101 17040137.62775161
48 102 4441446.618596802
48 105 200646.91023816235
48 106 19077005.316019055
48 113 3417707.384977651
48 114 13732530.01907952
48 115 14928039.9802957
48 118 31582745.739427403
48 125 23848545.236919954
48 129 137996.34211286664
48 130 8063996.84524567
48 131 33800148.33816464
48 133 7860942.65991912
48 138 9385302.096166272
48 141 3282057.2094585737
48 142 27257857.140932992
48 145 9072891.99854971
48 147 389368.17717222095
48 154 20224985.135116767
48 157 27367919.549929876
49 0 27543097.275242954
49 1 21539095.953737624
49 3 3375940.217690174
49 4 1629265628.2490437
49 5 2018705.693990112
49 6 1697846165.6022465
49 7 42810195.556905836
49 8 25530158.779521227
49 9 34690783.92197846
49 12 5580783.961483722
49 13 39167173.152321324
49 14 197992921.98430938
49 15 798794.1889874217
49 16 600570.7868085862
49 18 12355143.578885999
49 19 940055023.7717611
49 21 8127156.827763236
49 22 3270274.2752269283
49 23 328848.2227244315
49 25 474011.85597272095
49 26 78722832.13320233
49 27 2843664.7615843425
49 28 3608377.998331014
49 30 212473720.8575839
49 31 2145018991.9132268
49 32 29507564.454606466
49 33 2492065.337127174
49 35 173057609.90240446
49 36 58132767.20745881
49 37 242460503.61347884
49 38 6929982.270892893
49 40 860913179.5761421
49 42 421813.94052908465
49 44 67257433.4846672
49 45 366010064.4347729
49 46 9226816.987094507
49 50 7324930.767622165
49 51 2800069560.243423
49 52 426802.02342280565
49 53 2285762.6879987167
49 54 1078164319.2630327
49 55 69555415.46138622
49 56 342673322.52267224
49 57 1272324.5779759358
49 58 9272587.157971958
49 59 1455422.938767201
49 61 660375.7253453839
49 63 189449380.12047276
49 64 1152686703.7525778
49 65 800658882.209708
49 66 69815560.49834582
49 67 374077241.66618574
49 68 507949922.0444511
49 69 313643902.1136364
49 70 441723211.73604393
49 71 2064926400.5785801
49 72 1013998602.231129
49 73 39312770.769236535
49 74 2612715381.327837
49 75 172606927.09267053
49 76 95563747.1322372
49 77 57238447.58690514
49 78 342096.4235975065
49 79 1442525015.4715354
49 83 62379883.77538013
49 84 66626535.21476803
49 86 3480346.501558885
49 87 8467630.983869884
49 89 1107735227.6840484
49 90 6967658.9316234905
49 91 17140201.144479074
49 93 15993580.027867943
49 94 345324171.95618033
49 95 5530675.266697049
49 96 10667805.001519786
49 97 130933323.47477081
49 100 12340130.715503776
49 101 1030717095.9983764
49 102 52200863.08811913
49 103 25590317.110596586
49 104 8655092.684109721
49 105 2013049.9936564327
49 106 105679209.6977788
49 107 4436408.9792812485
49 109 36375794.38847986
49 112 156669126.190201
49 113 358746371.00976723
49 114 171314153.82238412
49 115 1015121787.6139818
49 117 223485635.93720224
49 118 214720902.76769024
49 119 5000900.561639823
49 121 2377187.7527333912
49 122 1222206.9961081645
49 125 419048302.82089597
49 126 16841608.132208187
49 129 329887106.1914941
49 130 158908735.52188405
49 131 536483067.17642987
49 133 1623918212.668659
49 134 201744223.85820663
49 135 3421704.8851949503
49 136 4325758.204583838
49 137 384747259.8015946
49 138 608999968.292686
49 141 23126154.033214755
49 142 1361723421.6436415
49 143 17615891.069501795
49 145 74635017.52825803
49 146 165493830.8106181
49 147 422550820.818325
49 148 402487.6640788223
49 149 22847912.740803603
49 150 336100140.0724226
49 152 18354825.484245215
49 153 17004777.855739407
49 154 623259834.1194731
49 157 161466408.62167853
49 160 7372778.044108329
50 1 5330908.661401012
50 3 219651.63998701447
50 4 10872582.33120539
50 6 15308703.392362576
50 7 13442246.840363543
50 9 2681224.8431253997
50 12 1688607.5818679244
50 13 3601143.3869717326
50 14 44421.20521829509
50 16 1303491.5982310674
50 18 1415427.712110568
50 19 1840500.0651989386
50 22 4358964.398677289
50 26 6248396.985245951
50 27 4648164.635934829
50 30 2842657.9120729924
50 31 10525558.892388275
50 32 6269755.742973348
50 35 7023873.522837426
50 36 4122362.4384282017
50 37 2410639.384769007
50 38 14919.66720494154
50 40 1773318.4373837968
50 45 818698.0477104607
50 46 9610748.563258586
50 51 8548428.477292651
50 52 1824736.4667485852
50 54 19453060.42344463
50 55 3947011.734081333
50 56 4698354.046183014
50 58 8031822.901794574
50 59 205194.1865164219
50 64 7919972.866911224
50 65 5477393.396736115
50 66 1367701.287078317
50 67 13596233.579666639
50 68 1126839.1467109006
50 70 935930.852664603
50 72 12544735.423099637
50 73 77638.98407845089
50 74 1782722.7398896217
50 77 10321722.525375316
50 79 2153695.486704255
50 83 7012069.05848492
50 84 541743.4635030351
50 86 15955411.304537917
50 87 598661.1341199569
50 89 381216.76089996105
50 93 3798441.76609232
50 94 724583.2938366039
50 95 11971899.067890694
50 97 15710335.316594567
50 101 3448194.2609900516
50 102 12394469.776013855
50 104 191641.12941638692
50 105 9156169.729402363
50 106 4502609.6192389
50 113 2437190.186585354
50 114 9111747.011160621
50 115 6763017.2365344055
50 117 643585.6935192219
50 118 169069.90199990894
50 122 80033.63086552444
50 125 7351729.9566470925
50 129 15367669.56382159
50 131 5249623.302531275
50 133 835681.318312429
50 134 4991485.617837558
50 135 1114961.581638012
50 137 12727828.126059895
50 138 6389192.389541968
50 142 1700206.2304617371
50 145 785710.6980969309
50 146 2296674.276942018
50 147 6065075.386048919
50 149 2139410.689172676
50 152 6755090.0436334275
50 154 2962163.748949061
50 157 13533440.121912971
50 160 7086231.95698546
51 0 19661842.653766993
51 1 424930337.8475323
51 3 6028657.290259493
51 4 432704174.4722339
51 5 21240869.444026213
51 6 2728088712.3729453
51 7 4187368668.7705913
51 8 39325477.682408914
51 9 16089997.146884954
51 12 44209976.25210774
51 13 96522188.89741999
51 14 1374560258.836732
51 15 1468501.99333815
51 16 322591.83993527794
51 17 20705118.912032057
51 18 13669424.662237946
51 19 581927233.9448365
51 21 36854935.88190639
51 22 18950978.884362113
51 23 1375243.344190581
51 25 14761657.154520953
51 26 818420163.4706948
51 27 2736022.327985373
51 28 3295051.526478575
51 30 136603070.95818081
51 31 7257885364.242358
51 32 735327365.2652767
51 33 657153.7274744565
51 35 31891552.722769096
51 36 6082679.432078655
51 37 428112638.1715649
51 38 67149153.15483303
51 40 4683992245.619926
51 42 318741.50668528344
51 44 68445699.0707366
51 45 650293061.2399129
51 46 6388177.935865319
51 49 2343749985.4561906
51 50 7344550.128661306
51 52 21594125.095870443
51 53 923690.2122100596
51 54 527292760.6786295
51 55 29748682.330639966
51 56 1001860074.387712
51 57 660.8831384341395
51 58 70403719.86505243
51 59 655288.6250389692
51 61 5846295.101314421
51 63 12616766.324343672
51 64 3253174324.7236824
51 65 485274827.7091842
51 66 39722154.00590798
51 67 835041708.4596369
51 68 57367158.00635679
51 69 186515219.37163362
51 70 2400091551.4078574
51 71 386119021.34763867
51 72 2175397440.821604
51 73 55651263.77777583
51 74 4810157121.202302
51 75 42965054.65217404
51 76 8929574.117794676
51 77 39459105.05421488
51 78 2804955.261980771
51 79 341963240.7471075
51 83 56124399.40051458
51 84 10047321.740025528
51 86 30458131.58902145
51 87 3220064.5301589696
51 88 2292423.4837257247
51 89 412608796.7418075
51 90 5802501.534450208
51 91 3791122.1003256594
51 93 48484544.5601394
51 94 2004885578.539483
51 95 2302015.515547996
51 96 15050039.261466233
51 97 81700642.93248345
51 100 30501661.548756402
51 101 11445891193.289207
51 102 8159784.105135439
51 103 22024643.758751083
51 104 98202.34477714266
51 105 10171788.023524826
51 106 1756673235.6445618
51 107 77668465.15929258
51 109 62440568.30513361
51 111 29772721.258547105
51 112 69455406.50286686
51 113 1017248107.398966
51 114 951992393.1890392
51 115 2321128301.521853
51 117 468422685.450324
51 118 1254900069.4904113
51 119 3010321.1585774496
51 120 3338994.7779644886
51 121 2527803.3883680813
51 122 1588783.1779943793
51 124 703773.4841624744
51 125 1315438802.166649
51 126 51319980.969526194
51 129 86524705.84211142
51 130 193627014.51439935
51 131 1078265809.843592
51 133 5238026716.860399
51 134 305294148.35876226
51 135 5884284.136419613
51 136 3508528.2841628226
51 137 16930473.251458198
51 138 35246456.951294445
51 141 4516134.725296526
51 142 1437478226.4857092
51 143 20624785.55559579
51 145 22172703.72587884
51 146 300198527.1291806
51 147 2861179852.449235
51 148 780140.9691100103
51 149 1773922.6083582223
51 150 52442633.56944682
51 152 7001117593.990442
51 153 64861781.92786334
51 154 11208443108.25617
51 157 550169186.4760401
51 160 9808517.420800729
52 1 25847700.400556188
52 4 34684132.874882765
52 6 141793544.12714925
52 7 51328013.220589116
52 9 11355980.058436029
52 14 80641324.75838442
52 16 8518243.760443714
52 18 25073380.282514855
52 19 19117380.207960732
52 21 20009969.072825782
52 26 49660262.99287689
52 31 17279773.189406075
52 32 65722404.71049244
52 35 20656468.39111714
52 36 52104064.25548313
52 37 23482565.481781505
52 38 243321.72587414473
52 40 15048460.921763232
52 45 53238089.59462268
52 49 46391172.997224756
52 50 5712526.785912267
52 51 102347742.73158526
52 54 59607745.63019554
52 55 9591532.319177054
52 56 3032065.7836484257
52 57 1280707.5849781388
52 58 46349312.404554464
52 59 16039695.09450726
52 64 8879946.957529094
52 65 17934372.4168745
52 66 29722095.369348373
52 67 63055597.70194103
52 68 11016596.784816373
52 70 12836652.483861815
52 71 18057378.292712703
52 72 5950221.165750652
52 74 60236057.18928174
52 75 11388076.353626193
52 76 4008673.6915871333
52 77 78758369.91368513
52 79 28181908.209817305
52 84 7639058.718053095
52 89 39335667.67033113
52 91 3579452.840236056
52 94 9586511.15439952
52 101 23049905.554666325
52 102 3570001.7503618137
52 103 31264295.41712443
52 104 6342248.49305169
52 105 16097018.127648026
52 106 6327093.328798732
52 107 37111754.11485453
52 112 31991608.563683577
52 113 94872073.97454642
52 114 3313928.404552922
52 115 14277637.217203243
52 117 61099115.37365221
52 118 47467904.184986524
52 125 22832671.74581282
52 129 134670522.53673968
52 130 39697046.69387973
52 131 95654267.64041339
52 133 38832565.53897882
52 134 1962840.3136654745
52 135 1758581.4310955752
52 137 34662066.62814666
52 138 50009207.63289344
52 141 19923717.832728922
52 142 119867125.18840347
52 143 14554146.051409667
52 145 54746281.6896402
52 147 2132706.7073282166
52 148 71452996.74498741
52 152 134962504.48796517
52 153 20076328.81645857
52 154 18894177.197686374
52 160 8921501.909351066
53 4 605797.9838393747
53 6 515353.9616093365
53 7 643721.6447153974
53 8 1193210.155114511
53 12 679968.9653991595
53 14 107825.05197788232
53 19 29102.002707483458
53 21 929565.5462755361
53 22 1361772.3774917466
53 23 1204125.6254944033
53 26 445894.3157162143
53 30 1985121.5023820552
53 31 2635483.1013642955
53 32 1507054.1110904627
53 35 1517886.4195796712
53 36 5408327.282599413
53 38 840424.9829237644
53 40 2182269.430321362
53 42 100623.31845724848
53 44 638518.4839946
53 45 1023260.0989913995
53 49 2539545.681772667
53 51 361336.50915935665
53 54 2186263.7329790834
53 55 25969.617613297094
53 56 106586.2234291045
53 61 1743183.9998609582
53 64 352678.62001111393
53 65 298327.29602201073
53 66 192642.06986327746
53 67 488140.16965642193
53 68 1217810.803494078
53 69 2979272.493451223
53 70 622417.3261906019
53 71 33454.4571009114
53 72 860167.5638561201
53 73 4004905.8527077585
53 74 75905.5097808495
53 75 949149.720207697
53 76 166234.0967083392
53 79 6790336.959608347
53 87 2027141.4361201932
53 88 480828.11140444153
53 89 325232.25804054434
53 93 2577792.6813185867
53 94 1403510.2652976266
53 97 850609.8988201844
53 101 232399.7382755836
53 102 1111040.1713643225
53 105 1397634.1077468114
53 106 2861588.9127553427
53 112 266877.96110237204
53 113 345323.9156635968
53 114 1355059.2065175646
53 115 1512257.4261928247
53 117 238478.27702904353
53 118 26573.88378632695
53 119 2314511.6583737205
53 122 1440490.406563449
53 125 2270447.5235066223
53 126 1304652.4549772851
53 129 297653.9653423533
53 130 5423671.513712259
53 131 438852.8379671688
53 133 2156018.4867185047
53 134 3367844.7711875774
53 135 415123.632154393
53 136 1564842.1912402257
53 137 510685.52403178
53 138 804652.0301308389
53 141 1737140.689096057
53 142 1963117.5020024865
53 143 846749.2696751639
53 146 270379.94627420657
53 147 1478875.4390800511
53 149 1187422.8386245703
53 150 125902.3454619419
53 152 1802486.8015894317
53 154 1525284.7340610614
54 0 13391462.769526977
54 1 76236555.59068243
54 3 2053484.1965968942
54 4 145635383.4432392
54 5 3151266.770594858
54 6 922826770.0935552
54 7 4697500077.752601
54 8 11373500.879448727
54 9 46031473.38077802
54 12 1428416.1331918803
54 13 122026241.83926211
54 14 48018911.49233176
54 15 4782014.294141715
54 16 18962482.967608057
54 18 18892713.79231827
54 19 302328202.26395875
54 21 15272074.21831036
54 22 37191792.514795184
54 25 21229916.380500376
54 26 14947242610.445387
54 27 12401334.476313272
54 28 316118.1816924692
54 30 145794052.64880565
54 31 2950115327.596924
54 32 200339621.5760816
54 35 136895312.25190458
54 36 23573421.572325185
54 37 42963392.06108873
54 38 16338197.63395807
54 40 76730923.79712754
54 42 2218469.937496238
54 44 89073372.12836929
54 45 255361202.10458046
54 46 18121.031703768047
54 49 42648591.19315202
54 50 4236801.517206558
54 51 10950987967.462706
54 52 7379039.178244773
54 53 11898728.615929026
54 55 33940524.3578059
54 56 2286208304.7221794
54 57 513281.8316412843
54 58 936812.1854683504
54 59 3979790.5695682857
54 61 1813584.2061690104
54 63 12452107.556126758
54 64 1149013939.6009529
54 65 426345415.987785
54 66 17643286.826994207
54 67 2023199839.1641922
54 68 569553201.5004841
54 69 159941252.54289442
54 70 2605831833.4766536
54 71 466897841.4663924
54 72 38416143850.48191
54 73 52094112.20719175
54 74 3679031121.422814
54 75 124983362.81428191
54 76 82048537.74967657
54 77 12177766.3608599
54 78 47450.15857975017
54 79 1475907112.9421484
54 83 3594743.2740489137
54 84 5741252.876132979
54 86 226116563.56965622
54 87 883644.4053214989
54 88 1233772.2417569421
54 89 876655491.661742
54 90 2538092.8775442904
54 91 13646865.284078443
54 93 27929807.042020272
54 94 1899820477.591336
54 95 6534443.813868127
54 96 563622.6993658006
54 97 44088498.75146448
54 100 20999809.652342703
54 101 3092151057.171653
54 102 725384752.2005357
54 103 4107128.195476946
54 104 8011439.03512189
54 105 10511990.075072369
54 106 397814030.6367168
54 107 27888892.4512223
54 109 37678236.167798564
54 111 8004510.7973339325
54 112 143170575.83558035
54 113 69252878.11466572
54 114 2973700088.57053
54 115 287900102.0652942
54 117 23007083.498175196
54 118 352886155.88827395
54 119 748907.4469897534
54 120 718918.3667428502
54 121 150571.29720132143
54 122 504963.603757554
54 124 30741.71091881641
54 125 141131901.2866826
54 126 12127766.941090487
54 129 4812023871.666673
54 130 325837199.9749314
54 131 745436660.3840783
54 133 15319336107.117088
54 134 51648781.08688696
54 135 136230.45637941902
54 136 21345601.75368079
54 137 5277611019.6282625
54 138 43688245.23444337
54 141 24108906.03077802
54 142 1161306249.1470747
54 143 4452953.0949714845
54 145 49144529.43978713
54 146 313391526.2713653
54 147 69240450.14230911
54 148 11255321.177642465
54 149 10530033.346159196
54 150 130560985.02361616
54 152 21688198142.285595
54 153 73903461.3415284
54 154 100621794886.73912
54 157 43213173.378432564
54 160 1156897.3150290148
55 1 23404487.815630123
55 4 2738087.2286390928
55 6 17586557.851298627
55 7 5401016.997473874
55 8 3540432.6755771437
55 12 888621.5426293567
55 13 10045938.245864876
55 14 6553109.70377418
55 16 1739.056916793775
55 19 17559355.216844544
55 21 29786491.052229553
55 22 5645114.506702498
55 23 454740.99165357364
55 25 10171654.525262892
55 26 1596626.5958444416
55 27 2411648.4951647953
55 31 39072058.090290375
55 32 3687259.804586429
55 35 12770622.279304147
55 36 14480192.855174044
55 38 10656553.985239703
55 40 3025177.849576965
55 42 266912.5746993345
55 44 6789366.419812012
55 46 3087961.1075061057
55 49 18321783.32746735
55 50 14164017.545959648
55 51 10581580.84493628
55 52 19182583.91512185
55 54 20428736.806935664
55 56 2039651.3969042022
55 57 1722104.9980689608
55 58 97293.43374453837
55 59 1687760.2087036378
55 63 10504855.67262539
55 65 4045488.150962358
55 66 14254275.19523828
55 67 3679095.901541079
55 68 13166592.90181679
55 70 2615193.224237045
55 71 66196468.66181949
55 72 23470919.832371425
55 73 31265445.986227565
55 74 4676329.281480921
55 75 421273.93497305026
55 76 1822561.1496091457
55 77 16081808.002624456
55 79 5693103.250932458
55 84 17835113.029984094
55 86 9024918.405866506
55 89 20512209.249303803
55 93 1080466.2433077893
55 94 34377268.193916865
55 95 30030624.971405458
55 97 26309563.881281264
55 101 7364683.6964687165
55 102 8301948.955148989
55 104 5016626.958457946
55 105 33831540.46194179
55 106 47273703.44289664
55 107 1970164.3692888923
55 112 3683686.55910609
55 113 68311539.9669474
55 114 4335571.7261109715
55 115 9246493.475774307
55 117 2477955.2172569074
55 118 13030614.41837617
55 120 401074.1435701136
55 121 2836875.528282434
55 125 25746124.995077107
55 126 470737.66610040097
55 129 24024245.237815432
55 130 75024821.32284269
55 131 8250593.333275228
55 133 39688276.98108954
55 134 1242565.5757984212
55 135 6854073.25671072
55 136 380335.67238292017
55 137 16308936.060230164
55 138 30939196.90953824
55 141 9166164.361230576
55 142 44140109.94863586
55 143 9052866.03465195
55 145 13487221.182265917
55 146 13119607.7662362
55 147 865654.7730924224
55 150 2055615.8210877466
55 152 11847024.878668103
55 154 197807150.070889
55 157 10617106.2633341
56 0 36527021.86114585
56 1 3791724.2119768197
56 3 7473631.8222385105
56 4 405623770.3632844
56 5 30716373.618208665
56 6 261650327.874986
56 7 104412617.53915088
56 8 11629074.94743174
56 9 16533532.975915778
56 12 27854921.57061095
56 13 92743320.7118397
56 14 50885406.915878996
56 15 754251.373471768
56 16 9950456.583546912
56 18 13304447.026594687
56 19 15462596.911944825
56 21 34017868.869633555
56 22 22559.04822769472
56 23 2770272.0872572586
56 25 6353100.902318991
56 26 143828095.47380087
56 27 7469323.516377485
56 30 72645374.92709719
56 31 2859285.4528422332
56 32 33726702.51449683
56 33 633709.0849673504
56 35 2580552.5341233755
56 36 23083084.364926662
56 37 422489307.9056849
56 38 85397853.01025535
56 40 152256552.84381747
56 42 246464.8974014947
56 44 4984187.96143
56 45 33392592.66918047
56 46 45734080.652205415
56 49 34955251.464180544
56 50 4673733.791001344
56 51 215974561.42371202
56 52 19429047.858151753
56 53 245487.7725012622
56 54 152512223.67670843
56 55 26029782.62642572
56 57 7645253.881573118
56 58 54460031.29909716
56 59 2067071.2803650375
56 61 402683.4070124732
56 63 82287130.00582555
56 64 207387561.91123483
56 65 4395221.520958301
56 66 7369498.785123331
56 67 255293939.78147665
56 68 76843154.08829495
56 70 122330109.63718893
56 72 287126094.1959366
56 74 205368934.94119853
56 75 33594077.31900022
56 76 74809013.10481873
56 77 33540330.001949012
56 79 38038384.0726959
56 83 97691216.45761038
56 84 146856540.32260484
56 86 40476381.014013395
56 87 849731.3924412549
56 88 2703184.4105268857
56 89 224100639.4060289
56 90 966282.5098852785
56 91 11633872.387544224
56 93 3639698.7777030207
56 94 24934728.544171933
56 96 23153549.72066161
56 97 1246488.611412614
56 100 9605273.878392972
56 101 442997843.5079041
56 102 479300010.7330432
56 103 16443453.03333034
56 104 5476520.085411293
56 105 7205564.708173168
56 106 150124027.04082444
56 107 15854996.788669469
56 109 15511650.993591502
56 111 23657975.91352263
56 112 23502130.38228509
56 113 223025.00798060035
56 114 28188656.08767615
56 115 186842822.35166192
56 117 64326303.26293653
56 118 44640251.83970705
56 119 62614.000235447194
56 120 2314755.974644507
56 121 1047859.5396385883
56 122 17640.746385329796
56 125 244730321.95730743
56 129 205644985.87990782
56 130 65590648.289933704
56 131 168802923.38271862
56 133 138464733.34509802
56 134 106854.3238895018
56 136 19494675.015170068
56 137 81905802.31514643
56 138 69558193.89923066
56 141 20752121.42488532
56 142 126316135.54239833
56 143 2618185.3593662637
56 145 29943709.08394904
56 146 75526786.66800104
56 147 79959543.46801364
56 148 16369242.628560957
56 149 15689973.956853267
56 150 331234026.79203826
56 152 356546011.288448
56 153 11159264.291182658
56 154 252950898.82567686
56 157 190879470.6249346
56 160 1813457.0300685547
57 0 2509293.274754131
57 1 116396.79694582215
57 7 646357.5387181287
57 14 240994.32951322926
57 19 5807.086173565254
57 21 412793.7124977725
57 26 647569.0971820012
57 27 61500.22173862768
57 31 4151828.0903132036
57 35 196839.7880502327
57 37 1070941.86307812
57 38 481782.79481518106
57 40 1569334.305495611
57 44 2290614.7474671626
57 49 20689.928623983527
57 51 582262.1701690619
57 54 222201.01529314378
57 55 173938.6156318305
57 56 493026.14523333986
57 61 344235.0750423035
57 63 1765743.4085914905
57 68 531602.7067299027
57 70 1703712.8464830408
57 72 119391.63826380223
57 73 1759917.5489794305
57 74 356176.0266065105
57 75 4929.82443051311
57 79 1203693.1988042756
57 88 146603.58329080293
57 89 412534.6285447654
57 90 683497.6876594741
57 93 259205.7458041065
57 94 2465423.155973699
57 97 92056.33021410432
57 101 278503.56517987105
57 106 103707.75109632732
57 107 1069473.0356740118
57 115 324284.99772516295
57 117 1866826.8330571854
57 118 1829284.7463578593
57 125 607937.1243062946
57 129 1431386.2434707691
57 130 254326.09082589662
57 131 433446.8421881363
57 133 585339.2838991986
57 134 731595.9848818043
57 137 478243.94823677186
57 138 606542.5833319386
57 141 841160.8104213974
57 142 1150204.6327173135
57 145 172152.10287108156
57 147 61210.51037505104
57 150 949826.5742410641
57 152 329015.8275462428
57 154 1048503.647646267
58 0 18480234.801846363
58 1 24132176.80789133
58 3 4755118.725747462
58 4 486438.27540088265
58 5 16960331.09222638
58 6 5988952.843146364
58 7 143288742.65542847
58 8 20617799.607342433
58 9 16623635.193591813
58 12 2640765.2386824456
58 13 102026022.28543927
58 14 47303430.06788841
58 15 2809243.809183344
58 16 1573460.5238292569
58 18 12409601.220856847
58 19 72348733.23851685
58 21 341380.76677659614
58 22 8212883.8568094475
58 23 4097577.079754671
58 25 29746617.402503204
58 26 187304526.8538092
58 30 99729588.98815233
58 31 128742138.45344011
58 32 74600204.4460874
58 35 45937572.20945121
58 37 16621711.185402077
58 38 4778067.250504995
58 40 49205991.87855963
58 42 800944.5451653618
58 44 40016932.91738538
58 45 119889747.81709678
58 46 1868351.6376356976
58 49 44210180.60962332
58 51 283239693.0196989
58 52 364609.1930830747
58 54 8626188.079671562
58 55 11284490.577067884
58 56 2773346.844788947
58 57 1433131.5879875564
58 61 5229921.495545576
58 63 4407628.033039897
58 64 57667378.21714938
58 65 39341060.806964785
58 66 14004341.321384495
58 67 1398250.7609918022
58 68 273014562.25527674
58 70 77193629.88016
58 71 18229917.569694564
58 72 35733352.49751689
58 73 10702213.623467842
58 74 92089426.39790878
58 76 6375200.000204979
58 77 76460480.43308613
58 79 94401842.23504116
58 83 92582667.10952587
58 84 70394707.08380184
58 87 4011159.289667169
58 88 4388717.323616742
58 89 209060805.60098335
58 91 15706977.87520057
58 93 8714623.445034292
58 94 33892124.35072142
58 95 2110584.864663067
58 96 4472502.6215699185
58 97 454121.92439583276
58 101 3557610.5069720633
58 102 23625164.98716844
58 105 27188653.955051564
58 106 56577872.34544548
58 109 1925817.8756578732
58 111 562997.0253156228
58 112 78126185.9843082
58 113 133955732.22675093
58 114 2896919.2367538563
58 115 122109298.66020325
58 117 27811975.00385747
58 118 33105822.62043619
58 119 3670693.048157812
58 120 318259.7310701226
58 121 1164664.3220780112
58 122 1746999.0516391215
58 125 86995846.45250034
58 126 27421694.550774153
58 129 46790925.78582338
58 130 37817257.93658427
58 131 30303561.30314783
58 133 28037370.294652686
58 134 81113891.68812063
58 135 19946933.69907139
58 136 10975763.821303487
58 137 39829487.08940566
58 138 34257904.59350412
58 141 11622731.018011043
58 142 16397914.719479823
58 145 42849403.87128039
58 147 30791160.94334543
58 148 6379890.950572146
58 149 3404764.202684821
58 150 66353280.25335452
58 152 45215338.26510076
58 153 33479059.089685015
58 154 158753691.6292613
58 157 8479094.385137944
59 1 950818.4600222396
59 3 15221395.797690272
59 4 10139888.372874409
59 5 3066210.597045875
59 6 3294513.186423192
59 7 1135748.768338553
59 14 6280345.970076297
59 15 481527.162930773
59 18 521687.1386881241
59 19 16357825.68883022
59 26 6554805.469577729
59 30 44281258.793559335
59 31 551601.7397290751
59 32 23488169.098554473
59 36 400964.54513811175
59 37 47059237.71899029
59 38 27736916.227470256
59 40 24603321.85697074
59 50 4959928.226929864
59 51 9740121.310336549
59 54 1112399.809350807
59 55 12238476.680853335
59 56 6222096.222072634
59 58 2856150.759925185
59 61 180183.053176555
59 64 7308918.730922586
59 65 14338521.677798338
59 67 40525731.62007174
59 68 15641969.26456114
59 69 14217474.228421697
59 70 1074350.7725896689
59 72 9352185.81841539
59 73 1715404.793762984
59 74 17534481.038931515
59 76 339530.5500904267
59 77 9934124.68187196
59 79 7158147.356392435
59 83 4882234.127942783
59 84 1101812.507081927
59 86 8157288.631972729
59 87 3243904.094533919
59 89 6624488.699555557
59 93 2087145.1669493164
59 94 10349647.953557076
59 97 4513264.90345769
59 101 14149987.094380314
59 102 3208519.0153039056
59 106 28179450.314785745
59 107 4689820.632599541
59 113 2528407.88589795
59 114 6944113.48984973
59 115 11124041.945415951
59 118 3270073.635297009
59 126 12470299.673012748
59 129 8426821.43476235
59 130 4185205.912246664
59 131 3913512.7353576045
59 133 60394507.205668084
59 134 16227007.257692788
59 135 7279906.001654804
59 137 18479331.011387587
59 138 3644762.9342101715
59 141 7530092.233066656
59 142 12680041.84060373
59 143 6751704.727048861
59 147 4730161.476272327
59 150 10264311.851523055
59 152 5021325.258152528
59 153 4072714.4265991733
59 154 4950010.443467082
59 157 25543435.098687235
60 4 1103034.1099756237
60 6 3172020.522934319
60 7 2773198.9384760372
60 14 538845.5360185277
60 19 426021.6014454958
60 26 3934654.682120038
60 32 183007.1226260395
60 37 355888.516312426
60 40 1436420.2407714291
60 44 742320.812386903
60 45 6730006.300489642
60 46 633187.725152178
60 50 34557.28824266122
60 51 5681308.130587886
60 54 150347.28539741144
60 56 934052.5590353088
60 64 68951.80060415047
60 65 1583688.1917874005
60 66 4236166.27139218
60 68 92701.03571483715
60 70 810566.3377185139
60 72 497198.32760456426
60 74 765144.5769861981
60 79 258892.69317870098
60 89 1651072.551736209
60 94 7514459.328186414
60 101 1435832.6662798224
60 106 419843.6511458769
60 118 2898767.195791454
60 119 3982449.897024404
60 133 2366626.001182563
60 137 2286210.647195817
60 138 232277.26143864097
60 142 403210.20650731423
60 147 491744.68491076765
60 152 878677.4862341312
60 154 222350.51654844556
60 160 1520456.5520467674
61 1 7297512.134728198
61 4 26412360.369934745
61 5 3064523.285105576
61 6 6314806.067867404
61 7 6104294.775966159
61 9 2985167.7301774975
61 13 4712761.065245194
61 14 32116180.342331633
61 16 10328310.203528486
61 19 20458103.277094383
61 21 7091859.0761137325
61 26 10920415.068484306
61 27 165702.13161974685
61 31 13984420.51335822
61 32 3590864.6894628075
61 37 9922688.41277746
61 38 1248840.534381427
61 40 15540581.875242852
61 44 7463977.482078346
61 45 4141128.512823931
61 49 5286773.422222215
61 50 1615396.658305592
61 51 2299426.335870465
61 52 2556031.2891629594
61 54 677691.2157612512
61 55 193869.32937413396
61 56 4348219.522432386
61 64 225548.09094011592
61 65 20402672.5973579
61 66 3328035.01644485
61 67 14311350.357063765
61 68 3087145.547365938
61 69 1205960.5021465092
61 70 336293.15707010624
61 71 1851311.0873834412
61 72 21561123.05813493
61 74 817095.9625601284
61 76 8744928.867644103
61 79 16232843.312797682
61 83 15473530.96677868
61 88 16348881.131277554
61 89 6770761.371700009
61 91 8085939.2097221725
61 93 3940658.997426226
61 94 62429474.69894635
61 97 8782514.945425805
61 101 21654466.779999617
61 102 13378598.51155296
61 105 7904668.831847458
61 106 7568980.237045901
61 113 4294273.588452986
61 114 17505227.06697597
61 115 1495555.6193069974
61 117 6601975.04083813
61 118 6116132.067039848
61 125 1736517.4733562716
61 129 4173841.317342262
61 130 11091319.755309409
61 131 9972261.134979436
61 133 2063781.525359357
61 135 2954255.984688651
61 136 8772680.231549833
61 137 5986729.437727953
61 138 9455960.07435677
61 141 2420044.0693675284
61 142 5069313.837847108
61 143 5194804.371672609
61 147 6363996.090305626
61 152 18034315.25588385
61 154 30436023.434703704
62 1 508425.64417413936
62 6 5778968.053053828
62 7 5920024.736301097
62 12 2445984.1462742207
62 14 11946768.328294959
62 15 2431991.1959329043
62 25 1646066.0400891916
62 26 2901508.777240701
62 31 4347074.6369839
62 32 15754572.341454761
62 37 3468444.5746827694
62 38 5195735.554762511
62 40 1945151.9011456473
62 44 6670836.368598249
62 45 4649277.959113473
62 46 6044648.290502651
62 49 2667817.6254408257
62 51 2450202.2191467243
62 52 443686.33734645153
62 54 1607837.412545063
62 55 2857586.14154298
62 56 3238961.428217046
62 59 7228785.399611509
62 64 13655707.759760166
62 65 4795964.152044614
62 68 2584001.4543368174
62 71 4210143.620815085
62 72 3018576.9724874515
62 74 12635739.163811425
62 75 924659.408043286
62 77 329838.1789143862
62 79 9006711.108060533
62 84 13219455.405456418
62 89 2992964.8845952516
62 91 4843579.654388741
62 94 4352797.784488035
62 100 1670285.04496125
62 101 8254679.874025614
62 102 3721451.3031362626
62 105 2896873.517410702
62 106 16998869.947223634
62 113 4163145.5255985237
62 115 20865453.495034054
62 117 102346.89518679465
62 118 15021048.253615666
62 125 5593816.522269175
62 129 5997702.758888752
62 130 3230869.5427113213
62 131 1518426.0988464279
62 133 1893648.8690624696
62 134 3631206.83002357
62 135 913117.3361879713
62 137 22557750.895229336
62 138 24884243.320078727
62 142 16264076.63711488
62 145 927432.4955491497
62 146 5352312.753558012
62 147 6091765.02132798
62 150 6133597.312913357
62 152 2250099.6489355527
62 153 1195628.0554165835
62 154 4828132.419872457
62 157 9342370.96018013
63 1 77510509.65368852
63 4 101206163.31072716
63 5 1083814.8368097667
63 6 56407183.57530038
63 7 34794543.02180737
63 9 98870574.68055469
63 12 44599760.482894816
63 13 73833357.80010898
63 14 4976002.681467746
63 16 8898594.045206767
63 18 42885837.29147818
63 19 20290739.997408163
63 21 53588996.48650318
63 22 6427185.901496353
63 25 6004195.01613419
63 26 3969623.1736953724
63 28 1412741.080750402
63 30 7465047.664653275
63 31 36579225.52796853
63 32 931914.3407607219
63 35 229524453.92644966
63 37 131087.76760996899
63 38 22547411.354466144
63 40 180396489.57121626
63 42 2615538.2133333576
63 44 19545391.16597969
63 45 37913929.57637245
63 49 101587974.22498271
63 50 6282112.5918505145
63 51 125189072.6762613
63 54 137929933.06338173
63 55 10342438.401415741
63 56 35135988.604722664
63 57 4997615.757605503
63 58 44983162.21785824
63 61 6047662.990144078
63 64 95372633.09798397
63 65 9535400.197975049
63 66 22779085.575978924
63 67 87164907.72456613
63 68 2471895.95146055
63 69 16709322.361424798
63 70 195653005.54098305
63 72 57350609.3932981
63 73 2020886.9154022296
63 74 27632299.918654285
63 75 1131284.6013836847
63 76 31482160.59872266
63 77 812705.1410035606
63 79 35491149.81598326
63 83 19790849.461279526
63 84 22975460.478051536
63 86 9219948.285326311
63 87 2560732.122704327
63 88 302779.1016346275
63 89 167778623.22587213
63 91 7299516.3238625545
63 93 4878987.923722908
63 95 11355210.837051041
63 97 21285479.896248937
63 101 3097390.739240305
63 102 27097374.17748216
63 103 16776408.105838845
63 104 3568554.5907090493
63 105 15454572.325104676
63 106 8039925.418354793
63 107 68138259.50393187
63 109 8486572.628483402
63 112 43361282.45456125
63 113 4471906.975381597
63 114 39046694.04005294
63 115 32652177.187258895
63 117 38039250.620170385
63 118 29081920.621093433
63 119 4464480.584426127
63 120 688435.9984864799
63 121 2424537.5598081034
63 122 271915.90322282334
63 125 5937029.1682765
63 126 1177823.1144829565
63 129 146209869.47157523
63 130 79944457.40035574
63 131 5857044.332121859
63 133 31275297.680411864
63 134 53010442.6070507
63 135 5929153.8064218005
63 137 80603228.88809435
63 138 26726732.73874795
63 142 80111683.33896422
63 143 1532973.2079659046
63 145 12914733.679972777
63 146 24592001.12439571
63 147 18069177.53186169
63 149 1185916.5018692731
63 150 44217892.3119252
63 152 15437342.890879964
63 153 45918493.24916515
63 154 4444726.286200059
63 157 39175344.74372115
63 160 147821.17709235213
64 0 6517495.257818163
64 1 282331741.8681201
64 3 1365476.0886487956
64 4 485438643.4846735
64 5 989827.3920938151
64 6 454308281.8183438
64 7 492635152.4958083
64 8 14533326.899152512
64 9 24899152.587623775
64 12 4883866.59709193
64 13 3587323.1064501144
64 14 616737217.9343743
64 15 2413226.1036294554
64 16 7272370.432451288
64 18 400371.6348608773
64 19 229383675.97215515
64 21 5178592.012647715
64 22 3273374.4736536867
64 23 2663707.914901784
64 25 1823425.3843487462
64 26 5592640330.173916
64 27 1872479.4330722229
64 28 3030155.3714847304
64 30 459144737.3020687
64 31 3118616025.4364967
64 32 798273523.3347415
64 33 1893748.443026046
64 35 29364871.40788727
64 36 71401731.31628273
64 37 90232249.4240157
64 38 47229312.58650656
64 40 1083407323.5324194
64 42 278696.46246579284
64 44 110294256.30514047
64 45 504033249.76291406
64 46 34590275.02282976
64 49 555742968.8887517
64 50 29193220.3702574
64 51 3299216578.69726
64 52 5375881.76540436
64 53 3106806.884361293
64 54 2084748507.2337015
64 55 10848349.942314655
64 56 14271208.774468934
64 57 2549186.795342241
64 58 10043152.203055998
64 59 10764358.24138236
64 61 4073113.2702700295
64 63 2104961.875009175
64 65 149127383.73253408
64 66 9172383.45003066
64 67 58811197.859778136
64 68 1221027339.7242582
64 69 816358833.8258387
64 70 166118230.56518313
64 71 816132634.6350713
64 72 3981435940.621028
64 73 54997456.09685144
64 74 2745995052.541332
64 75 1506608.171277153
64 76 13325869.23571931
64 77 5559176.015373485
64 79 250812056.7045642
64 83 68518946.85221954
64 84 247292384.73378238
64 86 26121232.85441743
64 87 3231943.473456616
64 88 13067553.96896762
64 89 2233073559.893589
64 90 4239090.126287858
64 93 15047132.22347537
64 94 4091355752.8508034
64 95 903202.485444312
64 96 68321.50402634643
64 97 136716257.27984583
64 100 4148767.242517588
64 101 279287125.4837338
64 102 270142482.3808768
64 103 128131611.06857699
64 104 406031.4793614736
64 105 55188135.508331984
64 106 412680144.0496986
64 107 211727626.52146432
64 109 48414643.66355045
64 111 6017497.359151241
64 112 95873679.87816052
64 113 230085093.08555576
64 114 519598498.966551
64 115 1000382774.0484688
64 117 140938468.28850633
64 118 979886384.9093413
64 119 12305829.436824434
64 120 1585292.192203196
64 121 8689534.37652847
64 122 216368.8899809085
64 125 336154766.50709194
64 126 8841023.859335175
64 129 7436075855.699991
64 130 54132513.03225453
64 131 292953759.28468215
64 133 815896966.0204172
64 134 11676507.510838244
64 135 43358717.75135356
64 136 6934179.226157636
64 137 305562405.26495624
64 138 545594375.7969356
64 141 15727162.929582486
64 142 127345218.91470829
64 143 839000.5441910897
64 145 15662272.877476009
64 146 89951189.71279386
64 147 81688501.67346384
64 148 26318.923476304666
64 149 14778568.068492284
64 150 575918990.7278486
64 152 127921934.08058996
64 153 25784863.907673605
64 154 3765002401.8991356
64 157 405282148.31846404
64 160 11271246.743477974
65 0 15349863.088187609
65 1 179987151.34538352
65 3 5677880.711463459
65 4 850701775.8174427
65 5 29399875.561839655
65 6 407956879.1045439
65 7 280226232.4758281
65 8 16460504.85469319
65 9 5469075.706589719
65 12 16750636.210708605
65 13 41960173.722807206
65 14 1765850537.3316932
65 15 22134705.01371915
65 16 1371802.2808785036
65 18 108949386.49901791
65 19 3040676241.3761625
65 21 8707181.230823152
65 22 7706887.183729738
65 23 1491197.13620554
65 25 4513443.473743954
65 26 1144636027.4960537
65 27 2365683.5594967515
65 30 24852089.050213832
65 31 305079878.48188657
65 32 112577199.92166758
65 35 19841761.341734495
65 36 38787297.60501015
65 37 52172376.86984318
65 38 94552216.48347053
65 40 114321257.30477698
65 42 740125.151544619
65 44 79167422.824752
65 45 18263931.11327688
65 46 16810355.733892057
65 49 896966843.4215225
65 50 29739098.38607848
65 51 210812923.36400867
65 52 8657714.959490957
65 54 122725954.57199328
65 55 26544583.696996048
65 56 480726756.2658358
65 57 1610704.2877985784
65 58 2990463.935450349
65 61 11653956.808215452
65 63 32960990.577808946
65 64 603698543.6773593
65 66 11517934.501445102
65 67 963700613.955634
65 68 372294575.1223688
65 69 69313235.81797515
65 70 635065790.4097457
65 71 334466884.2143402
65 72 1041918725.1639231
65 73 41770322.04494553
65 74 143796901.33213675
65 75 73233323.47159033
65 77 3180529.974109009
65 78 200274.41599556207
65 79 818615620.9323585
65 83 34258917.94484544
65 84 176539818.45854232
65 87 366928.49584524776
65 88 88731.31867046171
65 89 389558417.64683926
65 90 1896190.2589644722
65 91 20877084.35636248
65 93 85413697.38160515
65 94 376233394.51287884
65 95 46386.53694829653
65 97 278632436.0369424
65 100 1511055.3377002387
65 101 838326470.8057325
65 102 80589555.34606971
65 103 4031745.017308365
65 105 11059934.954633065
65 106 513115840.8068423
65 107 10544527.304209158
65 109 22123654.238632
65 111 53006793.25918047
65 112 120823863.36934893
65 113 135786219.85993886
65 114 171083607.76835388
65 115 563989381.7133307
65 117 133007276.4845247
65 118 29666964.519921847
65 119 6622913.477131521
65 120 250334.6815531087
65 121 304429.2212115949
65 122 6493971.649530838
65 125 294008105.9641878
65 126 16009072.985128796
65 129 120900925.65989503
65 130 22790664.417993963
65 131 51316445.12553024
65 133 137761829.58166248
65 134 244916201.18400112
65 135 2484678.337412408
65 136 2667306.5000384212
65 137 762600675.3846487
65 138 908822497.4988436
65 141 13548582.151522879
65 142 630567344.4963583
65 143 11585736.25441026
65 145 15722625.947048737
65 146 147410347.07208058
65 147 609905002.0147609
65 148 5921520.138104659
65 149 1235958.1768216034
65 150 8479412.247224418
65 152 458261191.2588424
65 153 56644486.31942295
65 154 4176493654.4460225
65 157 10654146.648044089
65 160 2531493.774176184
66 1 3838565.117057447
66 3 3548817.99664019
66 4 39313328.06531729
66 5 1179003.8765266612
66 6 53182806.43801107
66 7 9828423.41747857
66 8 29610935.69295765
66 12 14391842.389030306
66 14 66269780.724421114
66 15 1079135.9659308426
66 16 1226965.1663101106
66 18 10283426.677546682
66 19 58533797.18285455
66 21 1073698.742636316
66 22 2350068.7309354944
66 23 1164719.4502074367
66 26 417098.289189144
66 30 4212264.895065081
66 31 34842250.07969375
66 32 30895595.416042995
66 35 17229223.08285823
66 36 1654150.549545306
66 38 42903991.087455526
66 40 15537103.690228531
66 42 47500.20721020221
66 44 14948792.076703219
66 45 6306043.280948893
66 46 16070940.953855807
66 49 30276599.194205724
66 50 11366080.6211872
66 51 2299629.3261572616
66 52 4928555.344904928
66 54 131974731.6432288
66 55 23659430.995026123
66 56 97069095.63406646
66 58 51370560.57578639
66 59 9800302.731833763
66 61 11645765.89200741
66 63 15870473.569333097
66 64 19023070.185382977
66 65 1449668.2506685867
66 67 3100711.244587743
66 68 4225414.2009989945
66 70 55501026.368179396
66 71 4067409.926023325
66 72 25263239.535864986
66 74 16568101.603199856
66 75 39677086.4861418
66 77 241599.64565901764
66 79 50892370.13536061
66 83 15770233.859840918
66 84 25944219.526210494
66 86 20652126.3291763
66 87 8985195.867531208
66 88 4181567.8590848306
66 89 47642959.479408726
66 91 3505722.292006987
66 93 3980321.446699487
66 94 1813635.6608646333
66 95 2833098.8900214746
66 97 73963337.0868081
66 101 4565701.276147453
66 102 28238993.56434018
66 103 32188062.190861974
66 104 1851476.2843328463
66 105 54641011.40067174
66 106 29306970.64625386
66 107 22373022.37813637
66 112 9141075.041166615
66 113 4327175.690570241
66 114 25681725.7253892
66 115 23260264.16876603
66 117 59316516.83207848
66 118 4546097.0511637395
66 121 5758313.958658279
66 122 1647603.9524729175
66 124 533930.0091119675
66 125 53106756.602927186
66 126 17517707.45410039
66 129 35230028.85237137
66 130 7485075.233236013
66 131 53560292.03197429
66 133 88334845.72262806
66 134 48064544.10129949
66 135 12898362.323713027
66 136 7073660.866493494
66 137 26784801.353389725
66 138 36522681.72342922
66 141 26119085.157062456
66 142 5207991.115011054
66 143 12252973.905430693
66 145 4670411.607063626
66 146 8409745.689258995
66 147 10381857.891863419
66 148 2577986.4056806597
66 149 19063703.17279915
66 152 48678919.772685245
66 153 3748050.353956678
66 154 38172849.06129619
66 157 2566543.2922259327
66 160 12033082.464136153
67 0 18517619.202289905
67 1 211310864.35878623
67 3 1517325.755144553
67 4 155078844.50300077
67 5 17197775.49977208
67 6 2093894926.9093897
67 7 4432920225.344756
67 8 3423818.3037398094
67 9 8175664.599353498
67 12 11782567.318729678
67 13 211752314.35148287
67 14 583452934.9048804
67 15 1621529.5265361166
67 16 172510.07783430943
67 18 54140357.20999628
67 19 806635009.623185
67 21 50536081.05097998
67 22 12871929.328125993
67 23 740950.4836031526
67 25 24677343.83738514
67 26 2940118.0238050437
67 27 3642719.607283478
67 28 6812566.013334481
67 30 332650894.6210428
67 31 20176239.185010396
67 32 132513778.0865177
67 33 2674794.900321209
67 35 56813867.91530972
67 36 170105363.07819837
67 37 200306005.70222238
67 38 24418084.9587951
67 40 104288672.26067892
67 42 244891.29314718954
67 44 24526747.218635704
67 45 383336332.82050043
67 46 40638929.792089075
67 49 1048251847.1210788
67 50 31499459.37842465
67 51 1453205329.2665443
67 52 5025372.567856116
67 53 1332663.9657023642
67 54 615817420.8509465
67 55 16014742.190697467
67 56 276381801.4346764
67 57 593482.8561742237
67 58 60107718.997817084
67 59 2461245.8673175788
67 61 4372902.360419798
67 63 7434114.784747531
67 64 103157284.57731557
67 65 41373652.90879667
67 66 5395536.784730138
67 68 387810946.50547653
67 69 247798768.73489055
67 70 680404229.9774745
67 71 27644385.040561162
67 72 203979446.3868799
67 73 17055518.185327936
67 74 2027550928.6168709
67 75 26785513.300221417
67 76 254777148.45537725
67 77 3693627.388854186
67 78 673215.054309539
67 79 4082979121.043943
67 83 9455852.617686605
67 84 89180172.6338351
67 86 168145210.10916826
67 87 230763.76627206148
67 88 4263661.7622186
67 89 311370082.8706992
67 90 10090081.437972767
67 91 2461212.092035822
67 93 14657347.540249323
67 94 34731236.531006604
67 95 22949857.214307103
67 96 3651862.3570115343
67 97 40836793.02954902
67 100 32951380.685277194
67 101 3109246979.1471186
67 102 299275457.06768066
67 103 606052.7913836362
67 104 12370562.925733062
67 105 72214446.39993191
67 106 71505707.52576913
67 107 15477037.957814258
67 109 25347733.168670025
67 111 124176111.2876889
67 112 2098416.4563404657
67 113 958725114.9579457
67 114 393911416.6479895
67 115 453453442.393912
67 117 42053079.91298027
67 118 548068927.946188
67 119 6218360.9468105445
67 120 950965.1614706375
67 121 762288.7785118185
67 122 1177802.2825575918
67 124 532691.905167038
67 125 363029683.71612465
67 126 44277696.47938684
67 129 7308733863.626864
67 130 79332275.09570448
67 131 279309652.2805731
67 133 4126114375.530792
67 134 42759908.87252731
67 135 36745668.89751159
67 136 7701551.746010698
67 137 90512571.08969426
67 138 625419827.0235033
67 141 583366.1271479238
67 142 589078129.0240464
67 143 5605415.374346025
67 145 2754426.5404380606
67 146 350870759.33931434
67 147 658139008.9992665
67 148 21296333.966391504
67 149 19663108.984698135
67 150 623423971.4953678
67 152 1777063078.860824
67 153 20214812.064327516
67 154 2018156712.3531559
67 157 300716146.7452275
67 160 6746474.501219579
68 0 9299836.434597662
68 1 8981028.970837692
68 3 1661133.039750115
68 4 179859188.51168385
68 5 5181880.230641013
68 6 22272947.242997307
68 7 1383428670.3520195
68 8 10795905.837259045
68 12 19753813.254708994
68 13 26061995.015575413
68 14 60180099.49906194
68 15 2351927.686896668
68 16 3897257.9070536504
68 17 809863.8153534073
68 18 35021217.87398223
68 19 1528759795.0304096
68 21 283305128.333399
68 22 4735519.109296855
68 25 59607501.36457309
68 26 1647865670.8287754
68 27 1213905.030813535
68 28 4612900.128218634
68 30 181872892.40151498
68 31 1357274217.7825804
68 32 36459961.51279022
68 33 3604124.016300127
68 35 50671795.153284766
68 37 231628747.42467195
68 38 49675052.447219364
68 40 11422292.79346496
68 42 69467.60328564126
68 44 25500597.740396153
68 45 251627883.3499644
68 46 11835786.165928606
68 49 429963093.4736336
68 50 12642085.78246854
68 51 2965768316.9860373
68 52 50166942.03523923
68 53 7965649.256478051
68 54 2421161680.699379
68 55 11649251.728040902
68 56 1759350175.8951066
68 57 841787.7268310626
68 58 13785174.357442353
68 59 2970734.405168209
68 61 6220918.3092947425
68 63 31240011.997054394
68 64 6107848033.147291
68 65 125407497.47737102
68 66 2257840.0533459224
68 67 1110356525.9602346
68 69 851337209.5572349
68 70 413600670.8408307
68 71 775787316.2968693
68 72 4923744438.460064
68 73 25162488.967243135
68 74 2333967531.2119827
68 75 63946746.81364573
68 76 186562537.47310174
68 77 59349345.34998109
68 78 4530667.063365109
68 79 501591720.55053806
68 83 23188980.312971096
68 84 9475101.229612635
68 86 110128621.7273277
68 87 10426323.467982326
68 88 1904652.555262648
68 89 1428494618.7350671
68 91 12006710.880241796
68 93 143681164.59175587
68 94 270856961.90902406
68 95 3394695.9093849203
68 96 42507790.32868712
68 97 232038.29216582014
68 100 902016.6654099728
68 101 328812487.56824803
68 102 225083790.57316974
68 103 6793295.636969835
68 104 3806803.899821475
68 105 65593025.22116759
68 106 418844557.146258
68 109 5146910.033560648
68 112 14193390.843030082
68 113 20078762.905661415
68 114 3648695260.522882
68 115 742713671.4776517
68 117 153688216.12128338
68 118 1096182349.0376465
68 119 3042404.907123532
68 120 97222.444569776
68 121 2997767.892226985
68 122 684314.2055044957
68 125 1040166694.2654648
68 126 25545635.477972668
68 129 2103983678.3105068
68 130 78048952.67682482
68 131 361443217.3512853
68 133 311346969.0663748
68 134 157690237.01795685
68 135 24080767.805495113
68 136 6739338.310123469
68 137 974954909.3501632
68 138 779275776.1718892
68 141 17390258.026960395
68 142 350786374.28760535
68 143 3546383.6679542377
68 145 8197618.568720294
68 146 172489746.16514632
68 147 227362301.19122654
68 148 5590795.765592568
68 149 8370164.992093489
68 150 123958382.59815174
68 152 4084025478.140474
68 153 7251485.767755427
68 154 4226728226.360499
68 157 189305764.90283924
68 160 19049821.829478946
69 0 21841896.50704792
69 1 162547999.96412992
69 3 2140993.170189814
69 4 322222217.11078435
69 5 2912362.503774832
69 6 782972245.1490295
69 7 302958507.7936389
69 8 25095446.27519847
69 12 18603220.536928974
69 14 22962505.24503591
69 15 5382531.876244077
69 16 3925013.8127798727
69 18 7538696.144372934
69 19 104406823.40249687
69 21 20202430.99560067
69 22 4774759.798158398
69 23 343354.26107549894
69 25 6797257.574514485
69 26 593259325.3036364
69 27 952745.152839052
69 28 111500.85479663372
69 30 25192088.771848064
69 31 2557369.3935363167
69 32 127778854.52957025
69 35 48956070.18572398
69 36 6352664.946977232
69 37 66885742.71530794
69 38 78436451.2147016
69 40 142960867.8707045
69 42 3074382.237881443
69 44 5201305.535833381
69 45 399279183.003672
69 46 11810036.617272655
69 49 585429159.6897017
69 50 9785466.274083335
69 51 112085030.61507791
69 52 2551238.4380823877
69 53 1915692.4602273593
69 54 227777433.4350601
69 55 5989913.814745353
69 56 42165228.86210043
69 57 1285730.292816702
69 58 73669197.27495414
69 59 183536.01924582865
69 61 11925721.746207103
69 63 113979634.36169963
69 64 684517767.9732783
69 65 729128541.795251
69 66 15617331.639717538
69 67 18618512.10983807
69 68 43768806.86781981
69 70 625521876.9184241
69 71 1067705213.3301469
69 72 528954018.5196178
69 73 35629980.035791844
69 74 19698378.569632087
69 75 6356722.669635665
69 76 12154695.3486682
69 77 20283997.84734856
69 79 444944691.038115
69 83 3636062.3071221095
69 84 36571542.68474767
69 86 15573140.297958823
69 88 5701214.982795829
69 89 86247010.70787607
69 90 1101377.1842640021
69 91 2138539.441998507
69 93 77218541.34124547
69 94 838811050.4616469
69 96 1854169.1111792198
69 97 63752517.43518206
69 100 53507536.24876443
69 101 224526031.8039067
69 102 151994884.26780006
69 103 38218786.45201924
69 104 232023.5388521222
69 105 33705859.76488731
69 106 220002783.10085195
69 107 191026059.53362152
69 113 476544323.44575197
69 114 42571192.71015105
69 115 486682371.717868
69 117 135265785.4942177
69 118 932778322.3009855
69 119 15785.997010318257
69 120 533028.2886206579
69 121 1505218.024304323
69 125 314756069.03961945
69 126 6645183.19108097
69 129 670341817.616211
69 130 304509312.4492289
69 131 318354044.1987279
69 133 134153201.4917588
69 134 45631662.01712529
69 135 4776693.771643656
69 136 5053703.1922732
69 137 16378826.03476135
69 138 2104654.2342191143
69 141 33436029.054829936
69 142 129444267.9317429
69 143 21114542.64471092
69 145 28447664.731884874
69 146 54267745.470893994
69 147 610806466.1712785
69 149 47242744.68792159
69 150 518476282.1357428
69 152 532320400.53916556
69 153 1939962.9188087583
69 154 456502233.9230345
69 157 20845125.712138604
69 160 163529.19562564814
70 0 259265.42685362673
70 1 142680838.58812168
70 3 8118575.653431455
70 4 269330786.4951545
70 5 13185164.996743957
70 6 1245576931.277542
70 7 1795974849.8332508
70 8 25151507.465352483
70 9 5156085.880073289
70 12 5543149.654939653
70 13 91643644.39734486
70 14 426091468.4727141
70 15 2397398.8726022295
70 16 4471267.249412539
70 17 16240871.465623127
70 18 17490635.28485076
70 19 715086969.6876028
70 21 11586147.019686015
70 22 17478033.01156884
70 23 10570469.373908332
70 25 7816604.418725198
70 26 5022360201.159179
70 27 295976.63502073305
70 28 65896.31606348771
70 30 98840077.53768076
70 31 2664590957.4247227
70 32 163136169.3615209
70 33 6526219.783888654
70 35 12133608.687699087
70 36 30222357.80705586
70 37 167534084.6843366
70 38 4145512.573423091
70 40 464426388.27097034
70 42 1298714.3435834842
70 44 68678527.15196264
70 45 101708195.71012652
70 46 20571707.571578313
70 49 1808308310.7558308
70 50 35395247.82923799
70 51 3484655903.6334352
70 52 4738826.347567615
70 53 2482739.7732112003
70 54 5820639599.615602
70 55 20150017.462052807
70 56 235122683.09066066
70 57 410357.3651851064
70 58 163869089.44355285
70 59 1807910.5374463978
70 61 6555604.711423521
70 63 20547889.6407295
70 64 173426802.04595962
70 65 6310989.2800312815
70 66 110093418.33905028
70 67 772839103.944261
70 68 15872080.206190431
70 69 84939184.76283403
70 71 237750900.7130044
70 72 2880611558.7177014
70 73 124432095.43264234
70 74 616454378.1584319
70 75 647179.867820892
70 76 26426027.205442987
70 77 7254914.386942881
70 78 1301345.8167657685
70 79 60421981.692773886
70 83 175045405.80735892
70 84 121367520.54717852
70 86 8893052.751609962
70 87 6364144.98723722
70 88 713702.7832931365
70 89 1249985676.112176
70 90 1496459.6352743858
70 91 9269919.478938285
70 93 8816342.366950737
70 94 3828464563.12288
70 95 4435959.11275959
70 96 898239.5939183073
70 97 519645107.9219422
70 100 27963927.047919348
70 101 230735924.0782463
70 102 633877749.8194455
70 103 4920137.556280204
70 104 402826.76515597216
70 105 126800667.41147995
70 106 38108422.93041546
70 107 37096251.329956554
70 109 31335379.35400969
70 111 16601967.751453007
70 112 62485443.9344873
70 113 488635166.7388419
70 114 173134825.92949176
70 115 24836646.14020253
70 117 420957554.0945956
70 118 938015392.4087899
70 119 440951.38828305824
70 120 5388861.9097786
70 121 6337910.502480142
70 122 801833.9455992274
70 125 196709658.14763126
70 126 45975253.95775108
70 129 2022711922.2418778
70 130 20462100.961736683
70 131 24627032.0509137
70 133 219098787.20653453
70 134 142709255.83991846
70 135 21032104.743929602
70 136 5557614.882621482
70 137 1262728511.461597
70 138 252303878.25272065
70 141 16047854.747824667
70 142 838987694.1274365
70 143 12910915.087616855
70 145 33068563.555960216
70 146 246805818.7277447
70 147 1033464714.800136
70 148 31016117.804814234
70 149 1556398.0062192553
70 150 632644351.8348572
70 152 834129057.0448842
70 153 22929266.46669635
70 154 48923021.22145096
70 157 13756622.806151088
70 160 345407.963261433
71 0 23335426.340137653
71 1 65238014.66074168
71 3 13786569.085866041
71 4 112300590.49182533
71 5 42715460.59328961
71 6 38356780.18097082
71 7 1325805966.3710487
71 8 2880750.793104504
71 9 21035598.185855854
71 12 9492994.387239175
71 13 55625404.80847187
71 14 282996899.5853232
71 15 732335.8113671478
71 16 3425842.7539803344
71 18 1307077.4596568912
71 19 460928297.36011446
71 21 82640739.67431639
71 22 444954.88359890325
71 23 2242389.9253828553
71 25 6153584.418335949
71 26 672912528.1415077
71 30 86927609.11138706
71 31 1031394857.8800012
71 32 91408665.72681655
71 33 592198.7688151014
71 35 151499219.36542165
71 36 15415200.878715979
71 37 258525170.14891738
71 38 31315174.509997923
71 40 1282841354.541808
71 42 289730.00077478605
71 44 86029152.67102243
71 45 532849066.9979337
71 46 47651659.69028303
71 49 327402431.6501772
71 50 11253215.339167783
71 51 409779813.0512983
71 52 2867441.9978724224
71 53 296144.8321618812
71 54 266582035.8876219
71 55 15344892.9283006
71 56 96486223.70034307
71 57 729204.3322419347
71 58 57634064.17004546
71 59 3085472.6590111507
71 61 8504884.218691958
71 63 3035137.1299534077
71 64 614692944.8403742
71 65 630904441.4129034
71 66 23725234.759279165
71 67 179460548.70101663
71 68 503438617.92384875
71 69 1056814141.8996426
71 70 493965094.6234663
71 72 347496032.6018709
71 73 36048182.75551364
71 74 269815868.0961995
71 75 11068342.785975486
71 76 128574943.98123671
71 77 9221476.778627623
71 79 271445878.38897014
71 83 54402685.95226891
71 84 53191975.10576413
71 86 9550953.18985931
71 87 15467426.559074298
71 88 1714383.142786379
71 89 403480195.80511117
71 90 27109237.73922016
71 91 23418584.04272489
71 93 80898073.38092731
71 94 441970849.9215258
71 95 6578877.743968866
71 96 5643539.413297306
71 97 258664733.91947338
71 101 897856566.8836865
71 102 9905332.818229351
71 103 7514824.759666932
71 104 6646730.6016404815
71 105 40510250.12596472
71 106 400577865.7228185
71 107 106223573.02833736
71 109 12513669.473396545
71 111 1797945.056364835
71 112 71527348.24402791
71 113 660486583.5406941
71 114 148318488.58967304
71 115 59513808.255797215
71 117 2460670.6755973944
71 118 64236608.56703397
71 119 205299.80311489868
71 120 2343450.4693177924
71 121 5313715.768700075
71 122 1120199.2148537561
71 125 406805860.9769791
71 126 3779821.1056754915
71 129 1024832350.5025545
71 130 448294896.2443628
71 131 132738746.93197384
71 133 799447227.6250823
71 134 355578196.15043026
71 135 3247555.5839499068
71 136 16149153.443953963
71 137 250322898.30586916
71 138 622541851.5970927
71 141 22926685.385903586
71 142 180239189.17393088
71 143 2537757.9138734383
71 145 5227289.830267136
71 146 213890444.2246751
71 147 263106310.1693725
71 148 8992197.60260076
71 149 17232376.275227927
71 152 1478247013.2571876
71 153 3240561.1270929575
71 154 621557438.0032746
71 157 146918480.750326
71 160 1316420.3995240259
72 0 51547082.58074703
72 1 384681318.90078473
72 3 8670528.169091064
72 4 817838371.315469
72 5 9278913.5005469
72 6 318212479.43619806
72 7 6889513.172354763
72 8 21616553.236403544
72 9 95578510.80622728
72 12 3414088.9965554886
72 13 25612516.807591736
72 14 327726363.19675726
72 15 809363.0371058006
72 16 8095172.399915402
72 17 16528872.71438932
72 18 46601936.71596206
72 19 3249533865.0223136
72 21 2731282.7035308266
72 22 8991428.303608181
72 23 466186.47704728565
72 25 22448397.23931469
72 26 2424986706.9009223
72 27 3881652.440540207
72 28 524039.3369448813
72 30 178770784.15608197
72 31 10566230213.889853
72 32 92162196.95882156
72 33 139239.58151396332
72 35 113010116.20147687
72 36 54035129.235283755
72 37 245290760.4977163
72 38 4700497.048523084
72 40 2358789729.4101315
72 42 784027.6950271629
72 44 56414045.02614482
72 45 117021141.52404355
72 46 27944742.00731181
72 49 490501155.986061
72 50 3863768.8053634837
72 51 24385637963.49585
72 52 196278.7514601743
72 53 5738845.119352471
72 54 18428367509.0369
72 55 94635940.27638178
72 56 2904099642.348954
72 57 1499368.4156533412
72 58 44958346.97202174
72 59 3817840.087098142
72 61 722710.582698
72 63 51280119.48316607
72 64 8715254798.151003
72 65 948758524.3395231
72 66 2412994.153719893
72 67 2404658280.2610183
72 68 53360967.961733565
72 69 19140662.200550407
72 70 283189522.053971
72 71 111138752.95475128
72 73 16848842.56991434
72 74 24404989289.42856
72 75 95883091.04503559
72 76 63413846.37038
72 77 26341776.860748183
72 78 1094401.1754358357
72 79 3146809461.411365
72 83 169089573.20604295
72 84 14145677.929087037
72 86 139645533.367193
72 87 2557784.048353014
72 88 1621462.888406821
72 89 2964672461.9601116
72 90 341816.3929045137
72 91 34637389.06448707
72 93 53803327.03514735
72 94 1910303774.208263
72 95 5088302.043934959
72 96 31087950.497157108
72 97 6813627.624738848
72 100 408258.758329228
72 101 26647629606.31168
72 102 596788245.3973331
72 103 4753056.427434632
72 104 16826639.24717721
72 105 1404118.3816728264
72 106 604400956.8026538
72 107 18655089.432690594
72 109 33659670.272674985
72 111 6288677.406098634
72 112 18194750.185923945
72 113 956073800.128507
72 114 252056460.9897735
72 115 1317170408.0847142
72 117 83565567.17604646
72 118 330983683.40858436
72 119 1013013.1992178756
72 120 2063174.2427594801
72 121 1538984.9082164238
72 122 9146664.653913666
72 125 756072970.75446
72 126 5876788.793001925
72 129 299203488.6040833
72 130 278387390.57705384
72 131 538931414.2517142
72 133 12675642847.12075
72 134 248870899.6115265
72 135 9356465.95990719
72 136 15266205.22392797
72 137 142419445.0873209
72 138 340546928.63875705
72 141 21100548.341731485
72 142 1269154972.9274929
72 143 4152109.083069472
72 145 9255600.873709725
72 146 71835788.89301464
72 147 1519655381.1905916
72 148 18922146.021048307
72 149 16376086.30972903
72 150 22081333.197926734
72 152 22485769887.789845
72 153 63348967.809173256
72 154 10268396805.571213
72 157 312844026.3608378
72 160 15216208.159130456
73 1 27109677.395947
73 3 1195595.3919226404
73 4 11641540.600061143
73 5 12564191.888030803
73 6 22180278.510038804
73 7 24400503.91536195
73 8 1108779.6522070018
73 12 2241724.51648719
73 13 16491627.324685013
73 14 8483730.003817312
73 16 14955109.751078561
73 18 9007513.115593616
73 19 8904749.65744536
73 21 8199014.939860087
73 22 7610337.80877324
73 26 6741466.115889201
73 30 59720257.800296426
73 31 83787408.50754002
73 32 15685844.70520458
73 35 26601118.14236335
73 36 91798.83921785833
73 37 7201022.552362984
73 38 1891866.6952681902
73 42 1119081.464602881
73 44 76086523.66252443
73 45 122775233.9403355
73 46 1677049.630322342
73 49 9107140.921463983
73 50 5118165.131640948
73 51 9849529.398004264
73 52 1693582.6402719668
73 53 85408.33911593695
73 54 58279702.67706604
73 55 2238124.9704157626
73 56 4797512.927139696
73 57 894869.8671446699
73 61 3343543.9470908386
73 64 31222314.79077374
73 65 8793107.743937774
73 66 6586270.138515811
73 67 12422890.465349691
73 68 12510294.402029453
73 69 14503800.835866084
73 70 36564694.265506074
73 72 2411119.1496379
73 74 5006663.294781476
73 76 11383914.760424731
73 77 848052.5662500948
73 79 23878779.76008395
73 83 3320114.214976464
73 84 13449166.391345995
73 86 25518545.516408823
73 87 3893375.1051095617
73 89 3354024.177162639
73 90 24998758.856429826
73 91 7829295.537447179
73 94 31968206.088349726
73 97 96730202.0558712
73 101 41050885.659497805
73 102 14472649.1904798
73 105 4397061.064475068
73 106 12340592.52949278
73 107 14485295.46418532
73 109 9484847.034591554
73 111 15273851.026091833
73 112 16972765.015857678
73 113 18342012.24629872
73 115 22140794.78690185
73 117 26918461.842898183
73 118 79707173.01824173
73 119 5293508.358457066
73 121 1155272.1518042735
73 122 1355294.632633615
73 125 9663703.79284782
73 126 57806097.40676115
73 129 24067913.51357868
73 130 75620700.2776607
73 131 39670990.23816249
73 133 11727205.178519338
73 135 14394337.6581134
73 137 16738956.31049365
73 138 52144145.35322905
73 141 19345379.28230831
73 142 1948697.2697579209
73 143 11250245.93373546
73 145 15483945.56848322
73 147 6966814.228546754
73 149 7833967.224863674
73 150 69949188.84791753
73 152 40000917.93713802
73 153 22823700.899786357
73 154 29376409.822248258
73 160 890411.0327233812
74 0 14004727.749568073
74 1 68854320.3709048
74 3 1054363.0233222106
74 4 200784823.64679447
74 5 36069286.17047586
74 6 3142053474.06688
74 7 2227245353.3312106
74 8 3549404.767518374
74 9 10191628.523092885
74 12 24816108.699293688
74 13 136444769.12891042
74 14 835700455.7843256
74 15 1174963.4147180894
74 16 330972.9359945121
74 17 5978281.685975246
74 18 2754992.055972611
74 19 1508919517.6310716
74 21 107203646.17087871
74 22 66735.39607220308
74 23 1943490.1746298734
74 25 50406770.16149713
74 26 1918222462.3391047
74 27 3077827.10634096
74 28 169846.26013900177
74 30 66685821.59029272
74 31 2316997555.590764
74 32 135291787.41259423
74 33 250011.2426828901
74 35 14368392.239721553
74 36 79322549.62061314
74 37 91379873.71341531
74 38 109287434.26511644
74 40 379824983.0388013
74 42 201462.29335300764
74 44 54660635.92910254
74 45 980500387.2913471
74 46 12483995.110173646
74 49 432596876.93073833
74 50 39127898.1720256
74 51 30088209687.61335
74 52 6215869.455386193
74 53 545439.8928776516
74 54 14934315648.510628
74 55 35474917.827656776
74 56 2230111446.6839547
74 57 581364.1694867775
74 58 33173933.366559535
74 59 12571575.876250055
74 61 6033302.98688214
74 63 11793596.296542367
74 64 32679564532.31203
74 65 603682398.2176213
74 66 4451129.48321829
74 67 150807878.55679563
74 68 677428084.3322515
74 69 547289541.7219431
74 70 2075247323.6189296
74 71 1452323830.2148566
74 72 13338663588.437593
74 73 69983391.21020648
74 75 67577116.61388779
74 76 25928778.675532687
74 77 12463788.398419993
74 78 322056.0878794477
74 79 628804311.1241978
74 83 3705934.2368388064
74 84 275310486.07892436
74 86 123502020.17765017
74 87 7130735.539954859
74 88 8839586.698323846
74 89 2704986521.590197
74 90 5267037.778572866
74 91 2284801.075036648
74 93 39688163.147542864
74 94 406764123.2361959
74 95 3095753.084850364
74 96 24848502.641192682
74 97 20231148.388602946
74 100 21551155.524905846
74 101 8117823396.313199
74 102 376357914.69079804
74 103 34020715.44284777
74 104 11934766.03467019
74 105 2976573.4370396715
74 106 869218215.3124034
74 107 26692868.689633448
74 109 175097321.74338132
74 111 70138100.1813473
74 112 213203877.7296112
74 113 2750576960.121166
74 114 1143637551.5178049
74 115 2491247477.71219
74 117 77091529.1905837
74 118 623558533.2538332
74 119 5791996.987394403
74 120 116990.37858261017
74 121 323575.01616847346
74 122 3159880.8798449645
74 124 103798.02959306682
74 125 873048578.5375911
74 126 11715611.031582944
74 129 1722824978.370626
74 130 28954998.804063115
74 131 2390831.6809256733
74 133 1912464574.0211785
74 134 24675477.489589766
74 135 1852851.2087629084
74 136 9219578.974453792
74 137 358311736.8468867
74 138 576250730.2549144
74 141 24971508.70122725
74 142 2842672763.3603954
74 143 5776169.335057518
74 145 15554709.374448817
74 146 276269695.0832405
74 147 4618937653.239207
74 148 41140826.472619705
74 149 7528199.228160158
74 150 366819892.2664925
74 152 46095283039.32059
74 153 37597705.26503114
74 154 667779467.6783454
74 157 297092924.27992934
74 160 22751572.041308932
75 1 26310183.535680305
75 3 593298.4647895057
75 4 6851719.842288965
75 5 3627471.7459805883
75 6 5183251.248579796
75 7 2850092.103925014
75 8 3611944.811666391
75 12 8815631.283851612
75 13 2513956.472497055
75 14 33853377.26187541
75 16 4713663.855531692
75 19 29228171.174028717
75 23 3951505.854367245
75 25 6030349.503076171
75 26 18162235.43147362
75 28 212407.26770815553
75 30 5864725.6427233545
75 31 12216805.960280454
75 32 4568322.404867504
75 35 2045037.7293341418
75 37 3430232.7752715587
75 38 3264817.9621327287
75 40 2220605.7807353446
75 44 929862.7946456168
75 45 4349617.993400719
75 49 2879511.265977876
75 50 1478817.309097063
75 51 14840466.756333701
75 52 11243265.912999654
75 53 1764169.8015151864
75 54 875672.942723759
75 55 5918262.666304678
75 56 23875362.488308966
75 57 8172299.447311908
75 58 1416548.1964667316
75 59 5659338.509161378
75 63 6264761.253003876
75 64 8268765.2302035745
75 65 4965022.54811906
75 66 671846.3463908951
75 67 16738632.085135758
75 68 4774482.859026468
75 69 8184129.213586487
75 70 7173840.520239248
75 71 24446568.985579338
75 72 42095275.25283807
75 73 10412933.348352583
75 74 13427407.037219567
75 76 24698257.25365114
75 79 3022722.8952920395
75 83 2899421.9920344567
75 84 568044.0810815576
75 86 5599023.78511746
75 88 2109658.965471104
75 89 18988809.745988782
75 91 11341017.69605445
75 93 9899197.339065062
75 94 13555106.848473966
75 97 6206265.875733336
75 101 9545474.165888391
75 102 6845890.395729102
75 104 7271971.960745906
75 105 13210734.31490419
75 106 3102610.9003974395
75 107 3451303.625324342
75 109 96857.75746598664
75 111 247705.6520685642
75 112 5179260.648983243
75 113 8148862.821282421
75 114 11561637.907847954
75 115 1387397.2480578518
75 117 6650927.543797086
75 118 2196738.0240660803
75 119 970118.0838424048
75 120 73084.4832071796
75 121 6401379.742995135
75 122 1245985.8392278259
75 125 12290387.593303273
75 126 2255322.0589401354
75 129 1676981.3333182214
75 130 3691509.2761049606
75 131 13980118.071686126
75 133 6209474.212103269
75 134 2402007.2880659713
75 135 11329471.070447164
75 137 11075794.507869538
75 138 1553776.866422591
75 141 5168371.901315368
75 142 7357039.929768203
75 143 1495892.5100586142
75 145 1320033.4587050765
75 146 11811808.393258736
75 147 15348982.284801297
75 149 4172678.2614544374
75 150 11706158.833691826
75 152 360120.5874254872
75 153 274759.46627935726
75 154 6448389.672233852
75 160 3967770.6519148145
76 4 46330700.00603701
76 6 18327809.076296106
76 7 340186088.02268285
76 14 196000794.96013927
76 19 167884681.71139607
76 21 77742477.14676575
76 22 4485282.243787826
76 25 16822702.16584284
76 26 320461066.7833388
76 31 20996933.82193454
76 32 255339894.37844735
76 35 10121185.105007181
76 36 7948185.069365415
76 37 250886723.26230443
76 40 146588799.173468
76 46 40672977.2688721
76 50 5055445.042360715
76 51 362887149.78952426
76 53 3033873.518557145
76 54 415335938.30175126
76 55 33272936.454514712
76 56 31042538.79937493
76 61 1710730.5153818687
76 64 197107146.2838179
76 65 39445166.6958748
76 66 4622959.594980625
76 67 572742.2284967318
76 68 7707272.933019333
76 70 16587714.659707732
76 72 92514368.0112988
76 74 22278832.001748055
76 75 40364589.79063861
76 79 26576595.37214896
76 87 5067661.000141824
76 89 60283851.81623155
76 91 11877391.254517052
76 94 15727561.185372494
76 101 142298877.67033446
76 102 19158806.485518686
76 105 94051290.63348103
76 106 198887611.5771523
76 107 147627981.7051193
76 113 543681398.0252824
76 115 5013373.971704178
76 118 220662454.78180826
76 121 5950637.857874874
76 125 91445060.48424554
76 126 22587903.25071776
76 129 15182883.001122132
76 130 31125759.55610174
76 131 281533352.7201488
76 133 186130190.48613104
76 134 55050533.05543987
76 135 867154.0271376586
76 137 220879958.08378235
76 138 22518830.613648184
76 141 97368678.01026654
76 142 111318443.27171393
76 143 3325611.8425462106
76 145 11073158.498182137
76 146 6784567.022115606
76 147 45190128.99570245
76 149 349912.2995659851
76 152 603364271.971286
76 153 33041438.05220733
76 154 388815109.52573675
76 157 21471974.079554804
77 0 4983828.257936737
77 1 12908918.308551125
77 4 50273431.61769382
77 5 2608419.215140383
77 6 51694939.31561331
77 7 32806861.762278467
77 12 96172.75115993938
77 13 2055704.3395585406
77 14 34158704.03344508
77 15 1789503.4497121458
77 16 3879074.7279937654
77 18 842463.0296803954
77 21 34685466.94014306
77 22 3438969.475004464
77 23 832880.9156983382
77 25 14821118.32038108
77 26 83668231.27095188
77 27 664613.5735468861
77 30 1915809.8401416969
77 31 25901523.651593097
77 32 20900045.124930635
77 33 4363806.92900523
77 35 6398921.435201262
77 37 6926940.634817507
77 38 21341374.836448647
77 40 7706048.093716477
77 42 1025013.5368258235
77 45 9922084.95904754
77 46 21697247.012860946
77 49 11008651.13499333
77 51 55483707.62636504
77 52 9298801.416953096
77 54 15461766.889509972
77 55 3316930.5992097557
77 56 37255038.87202416
77 58 18361864.022202786
77 59 6651080.920408261
77 64 18388597.093109906
77 65 21911476.31040621
77 67 1358511.7601281435
77 68 33048499.156606663
77 69 23733933.361385904
77 70 15279988.904524788
77 72 27709246.882082116
77 73 4285502.622130885
77 74 6000889.279811998
77 76 19735530.175904367
77 79 23760800.223023463
77 83 5375120.332241562
77 84 1547654.8727087015
77 87 13555979.709166192
77 89 31553780.594636004
77 93 13001449.359533086
77 94 26280451.591707066
77 96 6973283.632543679
77 97 38591003.37575201
77 100 35746428.26579293
77 101 29559079.792788737
77 102 9055619.875520844
77 104 191971.37224269897
77 105 5887948.563772281
77 106 17213149.347913083
77 107 610862.7041532935
77 109 2976903.9114674916
77 112 10781867.059390968
77 113 8839717.512757814
77 114 12119209.846672641
77 115 11863724.197789604
77 117 5779176.257033631
77 118 13982371.170913517
77 122 3625360.8112341976
77 125 33217401.787460055
77 126 7730746.031552998
77 129 41427178.32146406
77 130 7237762.321582381
77 131 3972018.5161974686
77 133 5158731.970980522
77 134 4960931.41458507
77 135 2034880.9656437014
77 137 30296818.105302628
77 138 17696663.36284634
77 142 7558923.820101991
77 143 749395.2350038755
77 146 22495077.711025495
77 147 13439323.708702488
77 149 5375162.023109308
77 150 1584501.3439885061
77 152 2715685.901846392
77 154 8406638.74005592
78 7 149140.57389393088
78 26 22443.009077466086
78 51 47934.00867516241
78 54 171332.111663599
78 65 150534.45036484813
78 70 55391.24910518195
78 72 116405.48955330266
78 74 967059.7584774478
78 101 294870.32495404646
78 118 386599.48297272617
78 130 784737.1251788521
78 133 473893.91524269845
78 137 45382.83106190663
78 138 7576.096500861512
78 142 2738.797797558818
78 147 283892.5206852152
78 152 490781.9724735718
78 154 464985.6345964266
79 0 29318558.358452767
79 1 230831893.31620526
79 3 1283235.3671948242
79 4 865363145.28706
79 5 8076741.017234241
79 6 2206701487.6939883
79 7 2512364124.5522194
79 8 3144279.8036797284
79 9 10293989.71918341
79 12 11163742.522162287
79 13 59973122.726991124
79 14 76440418.69123231
79 15 11915243.034178607
79 16 4534499.87406418
79 18 6119079.887768069
79 19 885542868.2650131
79 21 94973814.16275822
79 22 15151064.523094796
79 23 2344812.4109879564
79 25 11059134.364704981
79 26 3562873388.562204
79 27 13017710.215553937
79 28 9009447.488889856
79 30 633971402.1783586
79 31 463928114.4681777
79 32 268956533.7620434
79 33 1118988.0465855221
79 35 19930714.62342166
79 36 35590261.191476
79 37 31718891.12281463
79 38 38105404.616819315
79 40 4935211938.259051
79 42 49926.62963026979
79 44 5554533.329750517
79 45 165980416.71946484
79 46 58648851.59507794
79 49 650750380.6381989
79 50 3021659.8855598476
79 51 8973799619.743895
79 52 24371153.41785446
79 53 1234889.5578237702
79 54 1382093628.3767204
79 55 1732350.7796480462
79 56 84637953.85649906
79 57 3463329.7184480554
79 59 19035491.62454037
79 61 741465.2078484613
79 63 26056030.886147216
79 64 514919333.6965363
79 65 838342133.9554054
79 66 104608037.05814573
79 67 514860899.57060105
79 68 324301995.68624413
79 69 2399046.694076781
79 70 461969664.7030783
79 71 434665286.1079902
79 72 4661542194.822678
79 73 86694491.17839986
79 74 8172321089.441734
79 75 8273104.3248987645
79 76 138999904.71131948
79 77 36294176.976908326
79 78 172478.90839232507
79 83 22541887.911967117
79 84 21045507.898890667
79 86 6456459.30434345
79 87 710287.3498585218
79 88 4788238.6825036565
79 89 424436225.5101269
79 91 588410.5010905539
79 93 15220720.0291199
79 94 3278566883.166772
79 95 4488155.080066511
79 97 123990695.22185335
79 100 11561469.67751356
79 101 1391905487.1082048
79 102 69989412.35799746
79 103 107202907.38203585
79 104 151435.7751774945
79 105 138448164.11145622
79 106 49807180.34164544
79 107 11253459.539675876
79 109 13851879.31701214
79 111 39811342.055238456
79 112 85986313.86531506
79 113 2337398153.478699
79 114 159273784.18053412
79 115 2031936623.3330722
79 117 145249612.46107134
79 118 1188111107.719377
79 119 5497881.880778393
79 120 978952.6028415797
79 121 2485520.146701135
79 122 18991.759183391685
79 125 97346792.20121682
79 126 9534740.386545975
79 129 3343701340.3904443
79 130 46209028.27076881
79 131 159062023.20947146
79 133 1518257687.6491117
79 135 2580135.524413359
79 136 10912906.899421433
79 137 2754417367.3062196
79 138 8001524142.405582
79 141 23820866.322223637
79 142 272008428.5106865
79 143 10481168.508037237
79 145 207745786.37024528
79 146 113382936.44786955
79 147 1558974215.6558015
79 148 137068.77965733805
79 149 17887700.765649572
79 150 350733629.4110286
79 152 596693868.0852197
79 153 2401844.4771739417
79 154 28179270690.941498
79 157 160310486.05434763
79 160 2675835.291752383
80 0 5170713.573679041
80 1 77302380.05577788
80 3 5209056.182960821
80 4 955608060.9323359
80 5 20987376.323982425
80 7 42043423.81201744
80 8 2713142.464029889
80 12 979890.2082567356
80 13 107242926.33799332
80 14 144836008.07507235
80 16 295823.47846718016
80 18 4210608.589005102
80 19 82178680.8222033
80 21 155356159.91608396
80 25 10193380.967979088
80 26 50581165.915591046
80 31 737431667.6374191
80 32 197137229.34141308
80 36 30844586.065107472
80 37 166675596.34482628
80 38 21500729.53219029
80 40 74060895.3142425
80 42 4458459.007875181
80 44 14001053.269147985
80 45 31978059.56284579
80 49 145536533.21622553
80 50 1720015.7145555154
80 51 361582635.23539776
80 52 17240040.888522178
80 53 93103.28063747352
80 54 87999659.7633987
80 55 2637849.593033874
80 56 105557480.03578095
80 59 5822820.289816973
80 61 5343306.676997016
80 63 19547013.605277453
80 64 194643533.45249933
80 65 59850933.06327036
80 66 1744902.3974983732
80 67 101233993.23847952
80 68 99650610.00587937
80 69 51663477.33766606
80 70 31525146.243577182
80 71 324134887.9573558
80 72 28324726.80376147
80 73 8655368.296194151
80 74 1363808778.8342943
80 75 26564574.164943576
80 76 3764201.458027551
80 77 16066716.494421305
80 79 119768654.46688454
80 83 43427165.67140965
80 84 82581466.19963871
80 88 27874381.342585694
80 89 24928179.00023685
80 93 13040440.374751192
80 94 383435339.1274298
80 95 17514618.560500603
80 97 33105843.258437805
80 100 58324904.60806385
80 101 580303180.8346252
80 102 320230148.6745675
80 104 5657616.696315493
80 105 20305730.22417424
80 106 179683590.54993027
80 107 55926214.29338269
80 109 9053701.877211096
80 111 33400750.428129036
80 112 182426060.44381118
80 113 52470558.2365539
80 114 192284339.47231162
80 115 416155776.8949339
80 117 20104825.33652418
80 118 279336796.7135877
80 120 570189.0118414961
80 125 641611347.0385016
80 129 239480903.94755977
80 130 89027235.06598796
80 131 182938611.74085972
80 133 551923915.7475668
80 134 246514762.83094457
80 135 18956217.229552507
80 136 5495079.684299353
80 137 196088922.97889102
80 138 42293096.3623785
80 141 8314999.091310268
80 142 736158190.5646821
80 143 3423820.6951662563
80 145 2282251.6875254908
80 146 88195767.41678348
80 147 453641111.4194334
80 149 504861.14472670516
80 150 31496336.12156687
80 152 57215247.08354513
80 153 48991681.109384246
80 154 351015933.2576423
80 157 62026986.70473585
80 160 13364858.48495427
81 0 1151546.1523943213
81 1 14968.670844972743
81 3 2882105.5666968026
81 6 5587679.991346815
81 7 7904384.256997934
81 13 1272539.656085735
81 14 1354775.7009069524
81 18 578314.9378018084
81 19 24200572.53326872
81 22 159034.5241106879
81 26 2828341.7655594302
81 31 7497492.704998007
81 32 1272344.4513802764
81 37 1908343.4104286076
81 40 16615573.703455457
81 45 13215684.729265878
81 49 4735511.0230682045
81 50 20636944.949036114
81 51 3670884.3324564206
81 54 2285978.3248757
81 55 2039098.5739270295
81 56 743323.1886248455
81 59 118472.56865416309
81 63 925330.2461039211
81 65 4714650.259421235
81 67 5275381.402670963
81 68 3274622.55345766
81 70 10805670.520746244
81 71 3525826.894185336
81 72 30411461.530029655
81 74 9426092.621698216
81 76 4435387.102628954
81 79 9591783.275538584
81 88 2630658.1053607482
81 89 2685632.167837327
81 91 46056.76371773831
81 97 11349315.07126192
81 101 9575303.380311135
81 102 14554489.01061344
81 107 13055661.067406813
81 112 532976.6449197438
81 113 10990149.447013924
81 115 2946781.340491906
81 118 4952744.443303651
81 125 3501400.4273122526
81 126 3688502.2509604986
81 129 4699106.4709522845
81 131 19386860.2387789
81 133 3276316.1454375824
81 137 1916413.1718116985
81 138 281874.5225315557
81 142 17536383.801863145
81 145 8256057.2046392
81 147 4101931.6379241
81 150 226377.1890369774
81 152 8098086.226031927
81 154 730354.1880879349
82 7 85308.37874031458
82 14 1160890.1135656785
82 21 17663899.12877492
82 25 560795.6088555935
82 26 7459629.320913876
82 31 2798225.6839642758
82 32 456717.80343993916
82 38 5002864.845361205
82 40 868464.4091999076
82 42 3196773.363490308
82 45 5822175.28200392
82 49 975525.0618012861
82 51 3123412.477249528
82 54 15038237.229413997
82 56 540297.5141357756
82 58 997821.5098451568
82 59 67281.38556025174
82 64 5070552.742710405
82 65 2399781.604869514
82 66 3752644.8694222383
82 67 1295727.097294743
82 68 15988778.150616974
82 70 13932127.498084119
82 71 1634929.0110636982
82 72 1590763.6192527907
82 73 2682042.3073455747
82 74 944283.1064363915
82 75 492159.00584218913
82 79 1713088.1337309447
82 84 2834274.3659067773
82 89 4050235.8653263473
82 94 450117.29034994903
82 97 6481495.037096225
82 101 1339007.055889596
82 102 9235803.757331572
82 105 1429673.0377984224
82 113 6078168.015246997
82 114 14529205.946883999
82 115 604629.4491180186
82 117 1793203.781700838
82 122 348914.3062206032
82 125 3855124.605764558
82 129 6046031.9042570675
82 130 1761680.4545700266
82 131 5323483.438757974
82 133 1316013.534711234
82 137 5155863.225629572
82 138 1472229.5333306042
82 142 256798.57412026703
82 145 356202.8498402776
82 146 4575581.439382784
82 147 4254855.190775773
82 152 3140513.474461912
82 153 1263919.9487119655
82 154 1062180.0101903717
82 157 5190257.192339295
82 160 852381.6113819605
83 0 6230779.552873456
83 3 6162143.2852521865
83 4 170134599.51808852
83 6 63677358.59020276
83 7 82313227.57888359
83 13 57520332.77208261
83 14 23032940.222562417
83 26 77215056.03628837
83 27 2471279.044702833
83 30 33560810.087809525
83 31 7481966.684084837
83 32 96647428.60895889
83 36 223840.26042729997
83 37 2752014.0776195573
83 40 9360422.972207578
83 42 2558339.9164596936
83 49 30549781.13031042
83 51 12191422.977076175
83 54 2432619.1328357602
83 55 40972909.10198901
83 56 5908203.028157177
83 61 1644295.060650596
83 64 48327427.05294907
83 65 6133289.993574564
83 67 69223507.2190127
83 70 17557305.678943545
83 71 158311278.76884356
83 72 76593179.50899212
83 73 22751216.428624544
83 74 4633332.517495944
83 75 13111735.651309712
83 79 11961117.478111628
83 84 74477804.23537208
83 88 5064102.669978272
83 89 33471805.54688652
83 93 77598642.471055
83 94 92245374.912278
83 95 5504866.338239694
83 97 60118474.352135494
83 101 131988704.88461216
83 102 21470552.537607905
83 105 22417472.50783757
83 106 209750161.27870065
83 112 23256383.644075185
83 113 43719966.907596484
83 114 51661056.11470046
83 115 30893016.221506733
83 117 19499429.197404947
83 120 57087.15003735105
83 125 105159088.58334109
83 129 3871266.796507552
83 130 103759134.94098608
83 131 23955660.738902774
83 133 249979831.22879642
83 137 51134645.783828646
83 138 78609512.2654656
83 142 32818034.36408701
83 143 994968.1481838278
83 145 3694158.026230726
83 147 40028109.36168597
83 150 33326298.53549808
83 152 9080336.817255974
83 154 36981075.20069922
83 157 36463689.534297265
84 0 5472339.12131084
84 1 11646773.456561837
84 4 4649649.9578524465
84 6 4542334.67739397
84 7 6348777.186632871
84 8 938798.9765512793
84 12 4591968.075973006
84 13 5767432.506085786
84 14 14957382.692681335
84 16 437957.9229107849
84 19 8878864.436572287
84 21 22948570.647730853
84 23 1466260.9915106583
84 25 2033037.8094861084
84 26 1428559.4070810494
84 30 13915152.074734313
84 31 3163202.9541243506
84 32 938544.886234987
84 35 8735008.287849786
84 36 733306.4675041684
84 37 325952.56655682693
84 38 7774331.762551411
84 40 8338168.682343964
84 42 601560.6696618955
84 44 5682210.673151382
84 46 2697031.1839398323
84 49 15501884.835530574
84 50 5566152.756936694
84 51 12495076.706057077
84 52 6757874.680217642
84 53 1142651.536275602
84 54 1194808.1526067813
84 55 6423181.891673184
84 56 12175058.672776
84 57 4881505.677657785
84 58 5236808.818914642
84 59 10037224.07120684
84 63 12960049.889446842
84 64 1531179.0466652538
84 65 2609700.186943902
84 66 6007205.534609231
84 68 1183376.1226318763
84 69 3183272.7231836095
84 70 4777513.634885546
84 71 4258404.818473403
84 72 5979085.349400647
84 74 2324214.519211162
84 75 1529431.0977175394
84 76 10313335.437840108
84 77 8787467.11044872
84 79 8403682.637702912
84 83 4058185.554509604
84 87 1826040.1515389902
84 88 247179.45983407958
84 89 342363.2524865292
84 91 1992559.360182303
84 93 7776943.09048381
84 94 1035289.3716575253
84 96 3795409.532590545
84 97 9376139.574922958
84 100 4172677.0926661845
84 101 1708671.169886036
84 102 11711912.897690305
84 106 3482046.164639208
84 107 7515673.788562022
84 111 141611.12255213858
84 112 2890795.6411654204
84 113 7659369.164018653
84 114 2397997.8247721754
84 115 16525197.117054146
84 117 6758762.892882113
84 118 200851.32574179405
84 120 112511.46984414855
84 121 7119367.458790803
84 125 2633206.3126897514
84 126 26923.792889649216
84 129 15437058.43878326
84 130 3264186.7819573805
84 131 2089666.5736522407
84 133 2972117.090590894
84 134 12386850.097500281
84 135 2622775.7721445225
84 136 2425187.937611787
84 137 965295.9836606726
84 138 1085971.4570741658
84 141 5224037.645109557
84 142 9342314.323858421
84 145 11428350.299258634
84 146 917989.771552767
84 147 96963.56960972758
84 150 6186674.014867733
84 152 1144058.8561917685
84 153 12773020.63981685
84 154 5302639.935044656
84 157 5937644.113580213
84 160 3567799.851354059
85 0 764134.1776675631
85 5 2575387.371074489
85 6 183088863.23971343
85 7 286066522.0145566
85 9 424747.21474729566
85 14 360449759.1685225
85 16 4110120.294338308
85 18 30088434.401804924
85 23 628281.8539127079
85 25 484479.11999411066
85 26 27309361.25999659
85 27 4518633.756677168
85 32 40032323.05908527
85 36 77503052.613273
85 37 102469025.3719779
85 38 41798997.90207593
85 40 70916716.85546209
85 42 1153221.817476306
85 46 134991951.89035603
85 49 176337074.53884286
85 50 13910403.038609415
85 51 27221771.002233647
85 54 30009218.502076566
85 55 27656044.05354198
85 56 51661473.93215532
85 58 14348768.869084908
85 59 12807479.425654363
85 64 316958197.4528325
85 65 16722050.826162271
85 67 134533625.9586182
85 68 129984779.46617506
85 69 70322804.50439805
85 70 67867352.99102044
85 71 52768865.50941573
85 72 194685619.8966292
85 74 281913557.74293655
85 76 101920732.67930515
85 83 10867686.367024258
85 84 34220032.171619095
85 87 5223899.466656051
85 88 6096972.155734276
85 89 109375513.71612146
85 91 19922273.540918406
85 94 421279496.17013586
85 97 136954752.62629366
85 101 212313200.48997077
85 102 116720467.56750539
85 105 167446622.3913265
85 106 615888124.5284505
85 107 1818896.7556346504
85 112 23159353.474003874
85 113 238578911.9122783
85 115 82325242.62610228
85 117 42858576.02637438
85 118 14366915.642805617
85 119 2621957.4254035107
85 125 30756101.194971994
85 126 39841001.77156067
85 129 125228243.47482415
85 130 48888650.825310625
85 131 94879717.2702207
85 133 12961754.892070878
85 134 66273319.64506888
85 135 17061824.712766036
85 137 287896919.6180427
85 138 23916592.627064604
85 142 135010434.54356533
85 146 22169261.246961307
85 147 249924989.0942436
85 152 69067690.92129023
85 154 133860072.41883264
85 157 406936804.040459
86 4 51504096.68021078
86 5 5916678.149377097
86 6 15394905.993897239
86 7 36321492.26736973
86 13 8195599.895679584
86 14 120715806.79361445
86 16 1551027.1110814966
86 19 16014626.609570934
86 21 3159142.5243368153
86 22 1399049.3249719632
86 26 413729.18226870924
86 31 80529091.60439764
86 32 87927025.90157656
86 33 889034.6762422385
86 35 35161326.93535286
86 36 4033480.1770752296
86 40 31225498.60975874
86 45 114456151.5835528
86 49 41533843.884801745
86 50 6689196.008015056
86 51 62231637.98774768
86 52 2242064.5386816207
86 54 159535508.01360136
86 55 24533670.97012629
86 56 127827500.84117346
86 57 787375.4809148625
86 58 83014860.34333353
86 59 365744.2630682886
86 64 97597125.709543
86 65 19632607.95918697
86 67 656493.4461688495
86 68 48262328.29467699
86 70 39237924.86331072
86 71 61419085.87925415
86 72 4381018.423745063
86 74 66064487.74880156
86 75 13973068.875416085
86 77 61860338.628918886
86 79 36102556.520431474
86 84 46276775.68674459
86 87 2637715.075831267
86 89 131137513.18526682
86 93 36867464.10552131
86 94 40915742.37755561
86 97 8113279.421988602
86 101 40375007.927362286
86 105 15543818.462514298
86 106 177544742.75036755
86 107 71669009.80459066
86 109 60463729.06900388
86 112 23894185.973155577
86 113 71012295.11734778
86 114 50140101.40162579
86 115 8594367.858078105
86 117 57223153.128984265
86 118 62816091.36013568
86 119 7498641.149117627
86 120 1498551.1003685642
86 125 171151800.66179988
86 126 33745948.78640374
86 129 32696292.179384045
86 131 41788303.41887718
86 133 72469931.5409712
86 134 27192126.632283747
86 135 4591968.786048729
86 137 74455268.85062
86 138 103020183.45912753
86 142 18899475.105548166
86 145 11176608.66882003
86 146 13264092.267870883
86 147 22852727.390064817
86 149 6334227.519902575
86 152 27809667.229295615
86 154 23496510.505244747
86 160 11868137.457911018
87 1 10009597.09262912
87 3 6428815.799340581
87 4 3278561.069611173
87 6 8929960.623957109
87 7 13565783.351048103
87 8 3017147.6540469164
87 9 5459480.192034259
87 13 2680841.847100646
87 14 9682670.484427217
87 15 1168867.8641315044
87 19 44649350.12837896
87 21 36957097.48199589
87 22 1464451.867332746
87 26 23207062.82074392
87 27 132374.36434216506
87 30 8163824.998961385
87 32 2650426.596875572
87 35 197981.35466281624
87 36 17809451.9952284
87 37 5734448.097180973
87 38 7335758.319037836
87 40 14480934.669749677
87 44 156271.74129605244
87 45 2483481.529046017
87 46 13204019.434218405
87 49 22125850.4153392
87 50 1114815.5876012307
87 51 362061.9428456124
87 52 7649016.707297155
87 53 1584138.0616880606
87 54 10669730.536954736
87 55 10178817.35593789
87 59 10684932.029588103
87 63 12853802.632105393
87 65 9155067.395487634
87 66 23392480.213730596
87 67 9026794.02148788
87 68 11619614.360787665
87 69 52557754.77316828
87 70 13447479.54127323
87 71 369214.79479928064
87 72 10074137.276375392
87 73 4401923.481057802
87 74 505906.18287429167
87 75 3212465.7399634947
87 76 11938912.54541733
87 77 5455367.378144017
87 79 997615.1967882412
87 83 31558741.05715544
87 84 9721950.878301179
87 89 11965952.155943137
87 93 4161234.9635673924
87 94 10558892.036505489
87 97 1035205.3487807893
87 101 2271626.3534893617
87 102 13524745.695383674
87 103 959368.2096348451
87 105 31562736.737779904
87 106 15061339.490077838
87 107 58619.32153100328
87 109 21539325.35631297
87 111 12788400.051002838
87 112 9688573.204597427
87 114 7019528.956577498
87 115 4595979.879450665
87 117 13527480.22075086
87 118 31589467.965100266
87 121 3005842.0930477013
87 125 9395233.39299202
87 129 8057204.471212165
87 130 914694.3488840102
87 131 11785721.118325787
87 133 26595929.90136754
87 134 4157238.721542718
87 135 1321559.5734019731
87 137 13584557.931352256
87 138 8718436.321081012
87 141 536634.8022300102
87 142 2599843.314529371
87 143 16717650.941587871
87 145 14779670.58617532
87 147 6420072.23853191
87 149 9067748.217234852
87 150 19549794.690854575
87 152 9377269.3989627
87 153 10026443.821687637
87 154 3922094.663005997
87 157 10223285.222386843
87 160 24565462.04620025
88 4 5418552.155894912
88 6 296394.959836608
88 7 20684.671618893208
88 12 1519504.280142038
88 13 1762823.8568334004
88 14 4382166.49651532
88 16 969531.5959170272
88 18 905691.1093457172
88 21 26959764.28558914
88 25 13211041.833448285
88 26 2499493.5436889217
88 31 2868942.0146448724
88 32 7685083.409995332
88 35 4965999.977408044
88 36 312511.34218584537
88 37 2022317.8618121096
88 38 3828895.246375457
88 40 6304004.030962928
88 45 6498990.531034597
88 46 685858.5135970992
88 49 121107.48433171064
88 51 1636770.5827812054
88 54 2855109.1124740243
88 56 16354990.864393653
88 58 84522.73694340048
88 59 4244298.828756943
88 61 1792.861810786477
88 63 11993256.831462776
88 64 71821.54028980219
88 65 10160006.274046673
88 66 2934389.3352554957
88 67 14811110.111669524
88 68 16876106.327263564
88 70 7566300.494086277
88 71 5136058.816850764
88 72 2639950.314855338
88 73 3739116.1927901395
88 74 2348627.8804000975
88 76 9760956.71975676
88 77 7029674.496377563
88 79 16256304.723806495
88 83 1628127.8547050378
88 84 9527763.056779366
88 86 2668861.2032056246
88 89 1963130.7721618921
88 93 5421636.147818423
88 97 2767857.9511534823
88 101 2107139.355485775
88 102 1147096.1179801526
88 105 5485716.7562045045
88 106 16030037.362296034
88 112 3920235.2358042873
88 113 2410441.8783251126
88 114 1354727.1127926665
88 115 492530.10055032605
88 117 40637.58717425688
88 118 29722038.405669317
88 119 1551792.2740275143
88 121 6192935.212090687
88 125 4955132.7555501135
88 126 15882817.604106331
88 129 565875.3630039766
88 130 4546436.104019583
88 131 6000292.205520729
88 133 1387276.2759701656
88 134 4214064.201371743
88 137 11534891.542542426
88 138 2754410.118555741
88 141 11995096.302945511
88 142 7531409.038589869
88 145 4645916.963892317
88 146 642928.0746839201
88 147 28595940.611929677
88 150 6844982.740960941
88 152 21591275.312625743
88 153 13681.859900580173
88 154 1613482.9122992991
88 160 2229215.446866082
89 0 12855399.609451529
89 1 53746636.567563
89 3 4882090.794438622
89 4 793479935.12325
89 5 8290483.004077817
89 6 88634018.0410246
89 7 238939330.68356475
89 8 23136259.373137884
89 9 4871032.062464577
89 12 13565126.756364303
89 13 234597648.303143
89 14 360005918.9751094
89 15 3578467.147164957
89 16 14667178.404616874
89 17 4447096.130840759
89 18 4349106.653782666
89 19 698064288.7886512
89 21 125681736.50097005
89 22 3362518.335117237
89 23 490037.8746568027
89 25 37278903.21807779
89 26 601875120.1305246
89 27 4898383.664263663
89 28 68695.63721991346
89 30 93044475.75626756
89 31 3460749250.9117846
89 32 113608357.97960036
89 33 1144057.7383766295
89 35 162096328.23851186
89 36 75995754.48250127
89 37 45140439.74464603
89 38 27346535.60103464
89 40 567409145.1430949
89 42 194738.0036109301
89 44 6586443.950813497
89 45 135677844.30976996
89 46 892785.4424345494
89 49 73078517.54471287
89 50 9203387.708540643
89 51 3341038052.375205
89 52 8576259.359281609
89 53 550252.2635454352
89 54 2808746818.640464
89 55 73742743.43287481
89 56 2218286782.518217
89 57 990497.1825351104
89 58 69791018.68446022
89 59 5262990.306590856
89 61 765673.6961409464
89 63 105236520.99369866
89 64 1073756115.0689294
89 65 325622541.8533935
89 66 24100929.9048587
89 67 2867052262.5562916
89 68 362848349.33782357
89 69 331453950.89159495
89 70 771437671.9464691
89 71 1062960.8525299118
89 72 235007793.8684026
89 73 32698724.190181926
89 74 541400484.9260045
89 75 121394711.0486922
89 76 127742770.84541892
89 77 59293601.26357865
89 78 182742.73400249076
89 79 771602966.5968745
89 83 3763378.9761635372
89 84 18921577.502477605
89 86 119693624.07836056
89 87 413797.17292941565
89 88 30311105.443774667
89 90 835275.0520992383
89 91 219516.204354998
89 93 10224249.583176328
89 94 22263712.26947479
89 96 14892.050922051103
89 97 218288358.23237467
89 100 11872761.760681909
89 101 1811825179.7666147
89 102 60442832.21835367
89 103 13971682.895285958
89 104 4951473.051622792
89 105 240914811.66910896
89 106 887479093.1871077
89 107 112815772.0769048
89 109 1459134.5028105832
89 111 21338129.25852643
89 112 106904254.80717526
89 113 244406860.2823532
89 114 597859695.4276252
89 115 617662988.2361493
89 117 72526342.85411197
89 118 316019791.03352964
89 119 521708.7375615919
89 120 1165207.1151738367
89 121 2049924.2530440933
89 122 6575988.719516073
89 124 196138.21656262316
89 125 2074611332.4285836
89 126 9695662.081012899
89 129 2529003071.3723044
89 130 76895091.66340038
89 131 8534264.66738652
89 133 399356883.0103378
89 134 73688898.54114045
89 135 10862352.611953609
89 136 1846026.4195798016
89 137 144503092.9337232
89 138 3824671641.2114525
89 141 666326.794479707
89 142 4275302196.4262133
89 143 4082201.5748269977
89 145 58479272.51838193
89 146 44117295.074516356
89 147 153366835.3869298
89 148 2897300.8996934067
89 149 2839485.6055166894
89 150 547916684.4034888
89 152 2261093832.3928623
89 153 55797521.52222521
89 154 4872557544.79244
89 157 151622167.93640763
89 160 3486416.3382319068
90 6 1607228.684031388
90 7 3009640.199117675
90 14 6570921.075965842
90 18 1674892.2615092976
90 19 7407760.566721094
90 22 4544384.197638204
90 26 3245094.8355265707
90 28 1265730.6184378562
90 30 9715048.645828495
90 32 1240149.835904691
90 37 767852.1752682541
90 38 4294257.056740203
90 49 293326.5934659174
90 51 4667894.5130753685
90 52 788570.2434130505
90 54 4674098.201033791
90 55 7679557.441305304
90 56 780623.0680488818
90 57 2249204.3497088724
90 64 1319332.1601233147
90 65 690170.1613276614
90 66 3871864.68699889
90 67 3375270.2278797813
90 69 2129827.3839347637
90 70 5209131.189827025
90 72 1614548.6750942618
90 74 2072428.8762938501
90 77 189077.25027748512
90 89 6380332.118747353
90 94 3925886.0851882184
90 97 3033531.128700241
90 101 844993.4786702875
90 102 447611.4681815396
90 103 132968.17567091243
90 106 208262.5284639073
90 112 697938.757911848
90 114 1664431.620224453
90 115 90972.17529884237
90 117 2325888.5480403365
90 125 869037.5101533877
90 130 1549474.5171934115
90 131 2473689.1151968166
90 133 9319273.22738849
90 138 3624228.419225173
90 142 3315846.5691118464
90 145 797432.8607167567
90 150 150610.383900509
90 152 3574105.93272602
90 154 2638763.4312795284
90 157 3173849.361161109
91 1 10305329.6245532
91 6 3173225.44195001
91 7 11294049.384266807
91 9 4513908.543658201
91 12 3215179.4677068675
91 14 120518.99257677625
91 15 1271134.1324301597
91 18 20038742.923865784
91 19 2004620.862634075
91 21 18702736.4814243
91 26 6626490.0105262315
91 30 72835.73236316693
91 31 2849442.1396693545
91 32 2539617.7438942543
91 35 1809898.4255326178
91 36 8832718.974675518
91 37 2560274.767658407
91 38 20241825.490600735
91 40 495839.1756805291
91 42 2073370.7218926288
91 45 40245728.61594688
91 49 7087647.035398588
91 51 16885749.15163028
91 52 18418689.17160067
91 54 4372549.321284316
91 55 2286207.2131010275
91 56 3341905.4366680617
91 64 7845296.919922478
91 67 5233424.049497583
91 68 7259925.392637851
91 70 5586963.236040571
91 72 6336975.829442735
91 74 4238871.177009996
91 76 6301195.830509689
91 79 115543.29969238711
91 84 10164712.381615968
91 86 4322212.922312749
91 88 274975.6782270674
91 89 6252802.37672205
91 93 4010254.984968225
91 94 5489575.082568121
91 95 2722629.9998268336
91 97 11600269.0979653
91 100 1925858.8097471762
91 101 2929397.1576204943
91 102 14876356.671530351
91 104 6364305.9586307565
91 105 23213651.143222347
91 106 4345239.594957482
91 109 6420751.070214456
91 112 1713038.2482832621
91 113 9680384.117924271
91 114 3021111.311509916
91 115 2932047.2992285583
91 117 1642789.2097277166
91 118 7525801.304618835
91 121 2786893.6184372003
91 122 269847.7326381995
91 125 53850.42761202328
91 126 3414887.874541745
91 129 15195829.089403812
91 130 551107.4811723281
91 131 6685391.580006506
91 133 10346324.92148503
91 135 1730269.742721791
91 137 3711464.079695555
91 138 8336512.910064753
91 141 149270.12635123357
91 142 6890672.094776274
91 143 514778.5717939001
91 147 12738152.923442563
91 149 5503774.477118315
91 150 10037386.207535869
91 152 2208713.1050353143
91 154 268538.64175824536
91 160 189568.62572877013
92 1 538962.3042358807
92 3 579963.5050545615
92 6 7529866.025534846
92 7 13248905.006887637
92 8 2765624.9114128137
92 9 6019427.4901748905
92 12 4429025.440571382
92 13 18184047.222759083
92 14 6356456.364759198
92 16 9198146.602721065
92 18 7848405.71150085
92 19 8753285.015646033
92 21 29208521.21625748
92 25 12782473.816526596
92 26 15353802.87344114
92 27 655332.5239841708
92 31 38158358.8663402
92 32 1064909.8042173537
92 35 10847734.577832773
92 37 6454025.502966758
92 38 4183932.9112821524
92 40 5179615.433308366
92 45 8680487.061436154
92 49 8176150.641132705
92 50 3772786.623255188
92 51 3963115.685879322
92 52 7347517.833699571
92 53 757303.1288907352
92 54 24113931.728202477
92 55 4164631.603900028
92 56 15229017.618662806
92 61 10334029.167434003
92 64 27203433.21304755
92 65 25107388.820653036
92 67 3949571.027987542
92 68 10231917.25602382
92 69 26165131.334064476
92 70 7326920.1408861745
92 71 10310278.802702652
92 72 913834.308535092
92 74 37374044.629578255
92 76 7419371.67168215
92 79 11466181.71923836
92 84 1583960.3688061303
92 86 10946330.36950634
92 88 10124491.863356164
92 89 20770264.1203756
92 93 9945450.579057366
92 94 3779207.8397008283
92 97 2740162.83833543
92 101 11272893.93030903
92 102 7008072.763467952
92 104 2505415.169762327
92 105 26740353.24776356
92 106 21483214.829189368
92 107 4157630.531097293
92 111 1262120.20200324
92 112 3149050.3778217705
92 113 1224368.3346256195
92 114 492990.42974520626
92 115 2376550.615931507
92 118 4610249.119574292
92 119 1407522.5479990775
92 120 883541.8030734428
92 125 2697720.4109949837
92 126 9682378.131017502
92 129 7074222.894923066
92 130 8029103.930256142
92 131 8807743.096918046
92 133 9837405.592741825
92 134 10784984.935400492
92 135 4809102.8646121025
92 137 14340019.537142264
92 138 35449746.1493723
92 142 43833345.66850041
92 145 8645428.599010473
92 146 14193989.355990265
92 147 1662941.368760446
92 149 166698.25814757118
92 150 259265.3600487663
92 152 9921093.67564325
92 154 5254094.09439153
92 160 8939530.48250937
93 1 52687316.41513549
93 4 26538389.625222687
93 5 1279173.2182433205
93 6 1108285.697961288
93 7 17742661.435326844
93 9 20877092.978914406
93 12 9045586.598559976
93 13 18253703.10487871
93 14 20219440.47947051
93 16 1612313.3388560654
93 18 47653224.119987905
93 19 36001884.3216872
93 22 2284589.9184800237
93 25 1717858.588258978
93 26 31599590.7095302
93 30 23472980.30816118
93 31 18897289.680378046
93 32 82343512.95119363
93 35 8661624.570948664
93 36 26962560.468400337
93 37 19461698.133113902
93 40 65924279.989192374
93 44 10390026.129005834
93 46 11741073.333720753
93 49 11826530.134970587
93 51 28178222.927670997
93 54 17600245.57873948
93 55 6339069.258517293
93 56 60392968.23522752
93 58 15518631.734385371
93 64 14328870.445877034
93 65 88945129.23214866
93 66 80529.42067115153
93 67 9449951.597733473
93 70 67907060.03055699
93 71 3619141.3466216456
93 72 1027813.9209030654
93 74 6273505.912758237
93 75 9998083.084977524
93 76 7607190.408423226
93 79 38175553.40980427
93 83 15014463.977493698
93 84 15977266.41941587
93 86 491161.5739609565
93 89 10925333.00162963
93 91 14574188.151061347
93 94 21902031.113748726
93 97 35216369.69323781
93 101 7415482.564544822
93 102 29252046.437444307
93 104 3846183.5454618568
93 105 1195147.2120082648
93 106 11918357.921216946
93 109 1685646.1001076587
93 113 72248645.51705647
93 114 13345962.13680907
93 115 7714009.586993352
93 117 26054109.781435378
93 118 66559376.062568985
93 121 1286246.4766519917
93 125 59707688.13861527
93 129 4276209.935790669
93 130 22152029.944118604
93 131 94972096.20373634
93 133 46045680.16528995
93 134 43314037.95688141
93 135 6913937.877433
93 136 12869286.330945194
93 137 2505647.785774684
93 138 12627737.074013466
93 142 1261655.5716227079
93 143 394245.3548982673
93 145 16042015.519011727
93 146 4629316.623345754
93 147 7468369.632132882
93 150 33446445.563270755
93 152 23536382.580654893
93 154 10910576.070748696
94 0 2010780.9997291665
94 1 255334077.0682282
94 4 465691946.9108128
94 5 21852216.521852277
94 6 334157415.6037333
94 7 165388404.19541284
94 9 50953856.25643596
94 12 42168189.96060594
94 13 46920850.06269693
94 14 1020423947.1795189
94 15 3529594.889813183
94 16 628542.2377209658
94 18 27814558.37395152
94 19 548816597.2975178
94 21 64913099.196769975
94 22 2186090.4283756143
94 23 375341.25219209044
94 25 13125585.863021623
94 26 1844203976.845075
94 27 3333804.012069187
94 30 190055915.340317
94 31 2124410993.449189
94 32 374027170.42155826
94 33 255166.77004972886
94 35 14368149.49332656
94 36 199117385.71819538
94 37 325040805.55158997
94 38 2294767.8619766254
94 40 1449351717.067013
94 42 608994.7409067592
94 44 49427535.60491304
94 45 414026954.59431756
94 46 46016330.51931432
94 49 321948995.70309013
94 50 26814683.68031266
94 51 7169157874.202177
94 52 26958716.620439213
94 53 10388458.204886207
94 54 4607892875.596216
94 55 1248606.1918059955
94 56 1741288445.5414011
94 57 895439.3462008367
94 58 169116974.42751157
94 59 1420002.3365497899
94 61 4323450.775008918
94 64 7057533511.520472
94 65 281888016.42968416
94 66 16216842.362624556
94 67 538931588.0868794
94 68 60537361.82477146
94 69 95323176.49148454
94 70 550690647.8531075
94 71 2227628056.954708
94 72 987483472.265892
94 73 28272171.635535814
94 74 2930937343.1627054
94 75 20213453.623209383
94 76 105905679.43480568
94 77 5397321.27295712
94 79 1800349836.4049156
94 83 40145019.076914765
94 84 109934744.97090775
94 86 129886411.33528508
94 87 2223225.0591839
94 88 8290814.502267822
94 89 909528832.6118848
94 90 337018.4748908922
94 91 9388318.412045395
94 93 824923.0743685635
94 95 9255979.25243278
94 96 5691584.062899128
94 97 86380350.26205431
94 100 15099328.64142413
94 101 637828819.4517095
94 102 380786661.9910488
94 103 1251198.1365845215
94 104 3624084.0072504324
94 105 84388545.01408073
94 106 126408671.40198147
94 107 7137360.682867098
94 111 27862034.085030433
94 112 96943849.30210973
94 113 58510511.23284433
94 114 1963711693.1491108
94 115 8176660.910587261
94 117 59098335.53667422
94 118 1088582857.9065707
94 119 884591.3340615369
94 120 776180.0973394376
94 122 1375180.1361739964
94 125 1071829406.0524303
94 126 44714999.741607785
94 129 6864797785.725241
94 130 683213550.9406295
94 131 635115711.075878
94 133 11225604316.173067
94 134 63225521.63185971
94 135 8416303.089452479
94 136 10761123.402069915
94 137 483524560.0764026
94 138 2414489766.4011436
94 141 33188210.183742747
94 142 2940744243.438595
94 143 16907466.90859849
94 145 33833629.46969922
94 146 252873590.89318553
94 147 1194474799.6659102
94 148 7704572.136862128
94 149 6221422.384162394
94 150 162996395.4221427
94 152 5379210317.38499
94 153 12720804.430520283
94 154 2934189933.6459956
94 157 61448954.83247575
94 160 31867975.610765908
95 3 1885358.634911845
95 4 10049832.296665901
95 6 17018048.096722607
95 7 188644.47055353064
95 12 3203875.440458112
95 13 8966.561441428408
95 14 9421093.814056505
95 22 2072447.0811603074
95 26 3151540.1374285035
95 31 2963127.481899567
95 35 13527018.29703936
95 38 28927717.16690048
95 40 14346297.256297762
95 49 1183638.655899738
95 51 3535458.1280581728
95 54 37161830.159281455
95 55 3181312.5189232016
95 56 14449353.594538653
95 59 5191011.811275846
95 64 10521623.723937484
95 65 9537140.843960922
95 66 27191520.937933415
95 68 19890462.80773933
95 70 5982652.723747851
95 72 24237364.579734273
95 74 27348910.610233847
95 79 1204331.9074839968
95 83 13976610.88474563
95 84 9302414.445872251
95 89 10256673.938369289
95 91 3001882.980294024
95 93 684936.229330072
95 94 35292009.074898496
95 97 7896169.950531826
95 101 64564683.87762516
95 102 14933503.665656108
95 106 1821679.3707944627
95 107 4665062.835041925
95 113 4539027.342062092
95 114 1066306.4415495244
95 115 4157449.6487030447
95 118 23031950.735729262
95 125 8031440.373978477
95 129 1971868.6415311038
95 131 7896138.03643197
95 133 2808895.452528401
95 135 1613200.5244057013
95 136 4991485.920524063
95 137 12409129.764071595
95 138 255118.58919216026
95 142 13257817.184516255
95 145 1173713.003490579
95 146 3641186.033252212
95 147 32051644.497764744
95 149 1230281.754113236
95 152 11139898.300455544
95 154 50165196.99062135
96 6 4255403.959740495
96 7 6684324.297074721
96 14 14809125.320378313
96 18 15556776.45813966
96 19 2088901.3627962347
96 26 9878793.81863107
96 32 875271.4570721751
96 40 25211070.049067542
96 49 12345680.310238246
96 51 2496697.613505443
96 54 10517403.580096893
96 55 20217993.91436941
96 56 2871318.059600163
96 59 5898171.108413398
96 64 740995.2893374411
96 65 15558986.112116763
96 68 364023.21853289625
96 70 15632961.847127883
96 71 12229828.862797301
96 72 3093746.9890585337
96 73 2218041.00211486
96 74 4150396.093188745
96 76 8179707.659132871
96 79 987781.8026468022
96 83 6541574.864906358
96 84 9045850.435842728
96 89 1055310.6451674844
96 94 6817709.417470939
96 101 26278315.053853855
96 102 4476920.072388626
96 106 2230201.600879655
96 113 775546.2610153349
96 115 9215801.94727241
96 117 977467.084499045
96 119 825864.818836496
96 125 32215336.483316787
96 126 2489625.468922265
96 129 815693.2184678639
96 130 2559454.2895306204
96 131 2423159.126934566
96 133 1107249.5647576044
96 135 4779509.820127835
96 137 123101.81896855173
96 138 19530195.55298198
96 142 3941389.6490063434
96 146 5887271.183461818
96 147 3314608.013619087
96 152 7437671.7922001425
96 153 232318.17062064278
96 154 3120233.3153058183
97 1 1600703.5357988325
97 3 4629423.833140951
97 4 160567940.02509043
97 5 7366622.039098654
97 6 138933531.76297635
97 7 143216256.94821993
97 9 47577714.57447007
97 12 13423622.592352103
97 13 26250181.27527911
97 14 194705853.01334423
97 18 27820483.74920325
97 21 69571040.65391605
97 22 2661463.292712025
97 25 2000265.5546828792
97 26 128450946.38664334
97 27 1045468.6288074545
97 28 4976607.038445072
97 30 98741703.24263343
97 31 47523132.18391378
97 32 218713410.696868
97 35 220374882.4527975
97 36 9026862.984960591
97 37 17566248.246793386
97 38 3779628.678395571
97 40 161194208.32948005
97 42 566762.1791347018
97 44 5312589.141243731
97 45 35488043.31114751
97 46 8307817.131772984
97 49 78065551.60942559
97 50 1655974.8605885957
97 51 21882054.20584478
97 53 4850291.623518542
97 54 64616075.990588576
97 55 29771110.32660219
97 56 82177667.42299822
97 58 211116773.64398614
97 59 1720406.9881615187
97 61 16474131.09232994
97 63 17195578.98674597
97 64 677511.6075278484
97 65 74045416.78673208
97 66 4951198.54232669
97 67 115888775.91099745
97 68 269236920.34309286
97 69 120526536.7760492
97 70 78982271.97428405
97 71 58152839.06420727
97 72 83137090.82497866
97 74 136896334.5073281
97 75 62467808.946205996
97 76 51092172.63442854
97 77 8964643.669971231
97 79 39302631.840502895
97 83 30904364.23311641
97 84 25845953.259282835
97 86 53690928.91118809
97 87 615392.327539228
97 88 2133692.1740194056
97 89 101771213.57848407
97 90 33843663.03063158
97 93 540673.4623335818
97 94 99738287.43125159
97 95 1751140.889920302
97 100 64438850.43996135
97 101 143260295.97813326
97 102 229337067.54675296
97 103 10107274.07845868
97 104 24936935.475764953
97 105 3250622.1008428317
97 106 315602568.30944556
97 107 167558139.65919435
97 109 15341659.244932622
97 111 34494002.97584423
97 112 84153751.50254966
97 113 25435241.571928576
97 114 96992524.06005788
97 115 62419696.4571533
97 117 198798777.9188801
97 118 162260424.44433397
97 119 498502.0205911096
97 120 784971.566619661
97 121 573822.1195124018
97 122 1024837.5868273317
97 125 27477784.05899004
97 126 14746284.90373374
97 129 144118145.8081379
97 130 120236696.58728695
97 131 123490337.54617931
97 133 223731452.115481
97 134 88448115.23435445
97 135 5069928.456641394
97 136 2893193.7181526474
97 137 414324826.1972153
97 138 96837885.18900953
97 141 9725821.22115988
97 142 541109815.1738421
97 143 12520001.448836729
97 145 70872414.55270733
97 146 177729800.8348824
97 147 88522847.55039212
97 148 28526451.516992316
97 149 8287459.884783357
97 150 6300250.753148971
97 152 88317025.51767345
97 154 15383468.004078725
97 157 129044945.01556236
97 160 11895071.626210494
98 0 14325594.891946679
98 1 5538595.983874644
98 4 1869464.7878043074
98 6 6259229.274537649
98 7 1608222.97227837
98 8 2424904.842466809
98 13 515832.9926260669
98 14 1199339.2257785157
98 18 1448198.0700640888
98 19 712397.1632137991
98 21 154663.6538941839
98 22 2152239.010514554
98 26 12600469.659672277
98 30 1549240.121267589
98 31 4971960.353871152
98 32 11125583.296442408
98 35 3954746.1798463664
98 36 226935.96278437588
98 37 3170186.8646979546
98 38 4880191.906111943
98 40 5239516.951951945
98 42 927679.7611704173
98 45 8292366.483467522
98 50 8327340.4702391075
98 51 255280.42107227692
98 54 316985.00989096385
98 55 1480672.9966520797
98 56 319653.0458593926
98 65 6270404.886155257
98 66 3551889.3840744733
98 68 352071.9231321296
98 69 2983133.2764970264
98 70 3563854.626417737
98 72 5724926.534122965
98 73 176899.93821202207
98 74 6040887.0515135275
98 76 301529.5523174176
98 79 119580.32082931927
98 84 8394485.500865748
98 86 1621529.5763520633
98 87 1024442.477058487
98 88 4598665.79268582
98 89 4248687.807471671
98 94 21591042.41010802
98 101 1654119.0328912607
98 102 7240220.171258088
98 105 6211442.973155409
98 106 2205758.806594682
98 107 290747.52494791494
98 111 2230187.4184047324
98 112 8331217.122139268
98 113 2226058.044939214
98 115 1360064.3322067915
98 117 10621018.631425677
98 118 846060.1367885632
98 120 866923.6004524558
98 121 1582700.4605513264
98 130 853049.6733285578
98 131 195786.8982891868
98 133 807787.5559892735
98 135 549485.1526761483
98 137 3894505.080450073
98 138 10444085.723626656
98 145 4612294.144610837
98 146 3148989.688530407
98 147 52882.48720614099
98 149 6137327.63714641
98 152 351796.7672726968
98 153 5200389.7196019925
98 154 8355523.4278466655
99 1 15634716.474385705
99 5 10152727.827710966
99 6 2494080.1323753735
99 7 2777296.0552949137
99 12 5344972.355928008
99 14 2774210.967029712
99 16 2828319.03714044
99 19 34484007.8591605
99 21 11231221.367705934
99 26 22019798.412264843
99 31 40344886.05939002
99 32 1023149.9863518839
99 36 16213696.270277644
99 37 9222710.265997054
99 38 34822834.90105754
99 40 75669585.50037117
99 45 8662790.079823513
99 49 29473841.095951676
99 51 17067011.966186903
99 52 13751586.836950349
99 54 27650422.388850115
99 55 14863439.811136419
99 56 23460267.11278445
99 57 4000526.0059339497
99 64 23464037.276663274
99 65 44286354.74600795
99 67 2338289.8053428996
99 68 34970419.36106367
99 70 6716116.697531639
99 71 7201972.387040552
99 72 31191405.085913677
99 74 14733918.161378376
99 76 3436326.4489828013
99 79 5849686.557401144
99 83 47065928.93839117
99 84 36131432.745067425
99 87 3079543.628438569
99 89 1658793.0690422214
99 94 8813287.726024097
99 96 3886591.340638192
99 97 36869858.776735246
99 101 20493158.741910454
99 103 32248272.230560027
99 105 6140307.134484672
99 106 23248571.670423735
99 107 1009959.6683901931
99 112 4962900.190350643
99 113 6293932.361863649
99 114 4786268.258346321
99 115 7217853.915917998
99 117 8136461.514232427
99 118 19691897.331437085
99 125 28190223.779430375
99 129 62199173.352644935
99 130 13785423.609434621
99 131 3555696.1014621872
99 133 23080271.433998365
99 134 22714224.42956886
99 135 8187864.660846628
99 137 35968725.69857133
99 138 16426325.158765662
99 141 763839.9189280906
99 142 35055903.263507254
99 143 15598017.402726678
99 145 7163040.509399109
99 146 11981547.669993846
99 147 11273323.326087879
99 150 14746588.734646415
99 152 43969795.269482814
99 154 770393.1135250308
100 4 4954659.348962395
100 6 8022194.337738904
100 7 12267569.363877904
100 14 3563121.8915423527
100 15 1810214.1116181551
100 19 16105334.286978006
100 21 8456178.254777066
100 22 335463.13588831865
100 25 10305526.371411057
100 26 1045883.3578053823
100 27 3319598.946990952
100 31 6898420.872849325
100 32 35521576.449513935
100 35 1401693.4790882638
100 36 31613.915091024497
100 37 6683992.321567938
100 40 7007252.768853314
100 44 24455439.53335474
100 45 6038407.601801334
100 46 5047657.369691063
100 49 18635962.880943183
100 50 803407.0001678754
100 51 2207384.053201223
100 54 46691839.52876948
100 55 7788128.723578074
100 56 6052938.461241333
100 58 15455209.6781818
100 64 17803929.19448657
100 65 23248316.934741426
100 67 14089792.47983772
100 68 20839098.48298608
100 70 803253.9605386537
100 72 32750897.56565716
100 74 4455089.791874751
100 76 1451158.0427563102
100 79 342326.08688083966
100 83 10225644.566246457
100 84 20832904.159061816
100 88 4685321.549592348
100 89 3132270.4691814487
100 91 4935542.567688266
100 93 5016123.462316423
100 94 1081565.6465873856
100 95 11653946.760644915
100 101 12067219.071273053
100 112 22410260.421541136
100 113 7898297.071551668
100 114 21242786.393895466
100 115 1751664.386322846
100 119 1285819.3486614702
100 125 1829861.09259596
100 129 23984937.266371936
100 130 4060680.4869338395
100 131 380462.45120326575
100 133 7600901.846971282
100 137 5615554.421955545
100 138 13732616.919754146
100 142 8216435.6671162145
100 143 2953285.4231865923
100 147 2247041.014006095
100 149 523992.94467948633
100 150 11205377.533408137
100 152 6102045.191922531
100 154 24670699.038548116
100 157 13449248.349347264
101 0 28765557.492964678
101 1 133706136.55569191
101 3 1949837.8927645823
101 4 361388904.88103867
101 5 61968512.54089882
101 6 2719305364.4703794
101 7 6006650160.895519
101 8 10976740.983342199
101 9 76608675.48367009
101 12 937384.2792261421
101 13 17691949.37008114
101 14 11545980.122654283
101 15 149585.28770585574
101 16 6383401.4145892495
101 17 1393276.2275799233
101 18 8391560.48514105
101 19 223888173.50825962
101 21 4458477.658445233
101 22 16663552.965188906
101 23 5443968.093792644
101 25 8240042.3610107
101 26 1495479142.6789033
101 27 201939.43851930817
101 28 389970.3859527241
101 30 141661359.4508732
101 31 7013391277.601404
101 32 55931998.38644151
101 33 1079200.838354873
101 35 156548775.16263035
101 36 2198991.5958305066
101 37 165068092.16993406
101 38 16147444.48105988
101 40 174542461.09395906
101 42 121716.47130898402
101 44 115059612.6215208
101 45 39104420.3464586
101 46 308599184.38262886
101 49 530006546.87083167
101 50 22867436.58437804
101 51 722396428.0439839
101 52 2423228.3839719947
101 53 1070225.4485672216
101 54 2731119470.7020764
101 55 4974125.674664817
101 56 800365505.1143168
101 57 638353.5030692238
101 58 27314060.60196636
101 59 2765902.788089525
101 61 4696171.21787673
101 63 8597202.48974516
101 64 1962315685.6786542
101 65 171818402.55414253
101 66 75658218.46425973
101 67 2015562141.5430224
101 68 106660623.52391174
101 69 68084335.93018548
101 70 864387625.1021931
101 71 380854453.5547328
101 72 6695237184.438583
101 73 76598416.43080562
101 74 5735213157.443391
101 75 24206021.70332957
101 76 15147938.521397479
101 77 20177567.860849846
101 78 2448976.826514093
101 79 2044268646.615316
101 83 164646.76528447066
101 84 38951617.79415905
101 86 15005953.507329082
101 87 3936405.461430676
101 88 11841.563987784477
101 89 851294411.8295401
101 90 9481310.929944592
101 91 735289.8734320777
101 93 30648011.937504172
101 94 5713777447.276822
101 95 427726.4882393439
101 96 14333608.746288987
101 97 109631547.58485663
101 100 27158729.449300274
101 102 462513028.2036079
101 103 24463705.542397253
101 104 7772858.795509917
101 105 8793777.367125534
101 106 965384518.8724827
101 107 20886374.289718483
101 109 93079180.38260108
101 111 43471866.60863447
101 112 195011441.03199583
101 113 231867868.70759177
101 114 628352339.1820828
101 115 2240789765.802624
101 117 40587371.93529244
101 118 47884713.2326058
101 119 1027934.6323651281
101 120 39268.72517106266
101 121 6638692.191013802
101 122 1603904.7755354957
101 124 748517.0148601473
101 125 707530406.503032
101 126 18548464.60399963
101 129 2559490243.4938846
101 130 17333419.977506038
101 131 795951448.4340643
101 133 3888610951.6219935
101 134 635090.293115776
101 135 9777394.542998763
101 136 7412676.021709693
101 137 1591451312.6287944
101 138 74033068.66537946
101 141 12897065.537739411
101 142 555120342.1206473
101 143 3389911.1463004597
101 145 43220111.08190558
101 146 98495795.85121
101 147 1537101402.49
101 148 9083046.37924473
101 149 5355224.039038464
101 150 233989834.78860334
101 152 11663227116.521683
101 153 21596407.05401056
101 154 17311546719.013966
101 157 304157737.90500367
101 160 5938760.169119224
102 0 8392829.515673531
102 1 180031846.50548512
102 3 9930144.668492878
102 4 113494073.38685584
102 5 26608601.377991922
102 6 827375349.9304183
102 7 14369178.985826459
102 8 27562217.026893463
102 9 7912983.809609076
102 12 41753216.949059136
102 13 8841613.773885323
102 14 50887208.063710906
102 15 1049925.9473259407
102 16 31410377.40416833
102 17 5842421.519474423
102 18 10966085.700784946
102 19 48754781.450815536
102 21 126839054.85570402
102 22 5210425.39698452
102 23 16406.207713520056
102 25 12230089.744296245
102 26 96155554.82142489
102 27 3358895.1156970332
102 30 96994396.6902617
102 31 278927162.47549295
102 32 64102521.176301144
102 33 992333.5442064668
102 35 22260032.057905093
102 36 4491402.166202124
102 38 49636633.6142754
102 40 295636702.094939
102 42 322760.2500881919
102 44 25908923.047767263
102 45 151591220.93736887
102 46 74185840.47779258
102 49 4694239.324465018
102 50 14981048.912778893
102 51 496364622.80692357
102 52 5784969.316644869
102 53 3213074.4856335963
102 54 237872021.98666152
102 55 48700269.58213052
102 56 103656544.44813828
102 57 3754722.772396011
102 58 159268659.38446832
102 59 26084534.623205446
102 61 11081551.136914143
102 63 6411081.8211384555
102 64 1406654079.6457746
102 65 179391074.9810457
102 66 23727631.624692168
102 67 204595425.85739377
102 68 145832295.12768587
102 69 161015518.78504655
102 70 35922577.10751092
102 71 420493087.4378418
102 72 130651782.0468671
102 73 26842888.553934388
102 74 330717971.83632344
102 75 13989283.327495018
102 76 30572669.769394025
102 79 563755731.5914873
102 83 50663285.25017911
102 84 2151863.9296229593
102 86 157424659.12791416
102 87 9869206.51287341
102 88 9842945.121344004
102 89 362442930.3247925
102 90 12123634.630387688
102 91 7742508.081396707
102 93 46980075.926290676
102 94 36027755.194416866
102 95 130366.53805948705
102 96 10647391.868939321
102 97 124418520.9797414
102 100 57605134.18381523
102 101 470277715.2200651
102 103 1510676.9779665065
102 104 487751.4278776381
102 105 28161351.910257116
102 106 107767597.17399827
102 107 118959266.09998143
102 109 12608236.728196241
102 111 42311277.93421801
102 112 44244996.85999604
102 113 91607098.69800465
102 114 189673999.01726976
102 115 325951133.93379843
102 117 10970593.626875605
102 118 396381132.82465935
102 119 2774389.505698489
102 120 7493526.11793801
102 121 2476224.196956145
102 122 455001.1854248989
102 125 329398584.2960953
102 126 7814372.189501708
102 129 9103061.609371275
102 130 673207865.182113
102 131 114223481.45304202
102 133 4748148.525554669
102 134 218882630.24100837
102 135 3315785.779444251
102 136 1358052.6274355897
102 137 162745818.5470832
102 138 57066675.918288976
102 141 18562419.754948724
102 142 120943122.52338381
102 143 10541759.476152284
102 145 9100070.35401016
102 146 76622386.35324167
102 147 513536374.3810325
102 148 9204907.160252947
102 149 3740003.5422833106
102 150 5806628.445475352
102 152 299530598.88624334
102 153 134856266.01110592
102 154 99087903.40791252
102 157 80347718.67126758
102 160 11428375.489021242
103 4 22384087.754449617
103 6 10696483.17358626
103 7 5747866.5277775675
103 12 6931707.2184189875
103 14 25603603.541733954
103 15 6605008.861789007
103 19 32876125.844432842
103 21 4284697.486979088
103 23 5217984.2778877765
103 25 1930785.3798900726
103 26 756121.3944469936
103 27 6510322.982775233
103 30 173986.15387430502
103 32 21049163.13053947
103 36 11294113.998541517
103 37 7390763.828599053
103 38 11884585.776227301
103 40 19696017.533260413
103 45 10504710.176991753
103 46 2438222.5387549493
103 49 2511157.4700242076
103 50 5525532.4236513395
103 51 8052961.249807045
103 52 1079553.2289842488
103 54 3777567.4102787287
103 55 260155.4864143102
103 56 12245711.065819094
103 57 4073118.4224185436
103 64 2941876.1533292
103 65 5428523.286788032
103 66 1915413.2054784142
103 67 26231553.787029598
103 68 3454163.2471826146
103 70 352566.9241847697
103 71 21307564.45613905
103 72 31076594.549199212
103 74 25350564.572247744
103 77 2666556.7630255963
103 79 6768525.951095927
103 83 17949528.557675302
103 84 1110554.7791418675
103 86 5298566.505219404
103 87 2452106.409341187
103 89 10216311.042979391
103 91 11302653.279684918
103 94 13084452.134132404
103 101 15679341.120590402
103 102 3137029.7026764187
103 105 3661397.748075735
103 106 4437954.075212306
103 107 5974969.678311603
103 109 20585300.929810405
103 113 6715379.445155571
103 114 1114597.3086546618
103 115 15420721.16017056
103 117 8476954.515053473
103 118 31333904.632127263
103 121 971287.7803606606
103 122 1691884.7317997182
103 124 517777.21463459387
103 125 7739300.7526536165
103 126 7296589.6569238845
103 129 1385180.5082342988
103 130 208465.16063595173
103 131 5342050.582962727
103 133 1480146.2040288732
103 137 7844332.874128738
103 138 664853.2278556881
103 141 7536672.29327388
103 142 8660133.524052875
103 143 1742971.9836574818
103 146 23769411.656243294
103 147 11972839.385866402
103 149 16464216.915740602
103 152 3849169.9596852055
103 154 3062050.761789796
103 157 31943277.635466132
104 6 8775007.971059931
104 7 931433.1581259168
104 13 6691345.4517912185
104 14 1044082.4789367535
104 15 3305054.9044410298
104 18 5046529.365406292
104 19 2150132.0945771
104 21 17485773.93145257
104 25 2077295.7419151359
104 26 7127631.0250421595
104 27 12041957.25392323
104 31 2882049.1922050896
104 40 3622611.2725353907
104 45 10669668.092465514
104 46 7367372.554925176
104 50 967593.8508159854
104 51 1837236.1660583455
104 54 16304719.662623407
104 55 4765533.076105014
104 56 180930.15488513742
104 65 10837886.496505376
104 68 2477582.002881099
104 70 1667077.8913490218
104 72 2653505.5218100958
104 74 1625907.4810488785
104 75 15810670.943727382
104 76 3923733.2880190075
104 79 7806465.497196583
104 83 7854511.902189374
104 84 2282603.781128401
104 86 8642889.285272386
104 87 560038.9160226352
104 89 6655950.921118573
104 93 1802647.2953267118
104 94 1259632.5405058302
104 101 4614259.684885472
104 102 1917074.9109936461
104 105 6189190.909299853
104 106 20313115.128598716
104 107 5749416.809174728
104 111 14534648.221345682
104 113 416937.7128152789
104 114 2427927.5136038987
104 115 2218383.4196582134
104 119 183773.85655294356
104 122 1226835.7169184147
104 129 33754.500783075244
104 130 3755506.940700101
104 131 3130880.9687973475
104 133 5882412.146073081
104 136 4881926.775676776
104 137 2947637.9063219945
104 138 325265.5272428952
104 141 635600.5429624406
104 142 4966461.49460986
104 143 1329020.1888473462
104 147 8221734.947513656
104 152 8079894.457966138
104 153 4014388.109457063
104 154 632604.2665930212
105 1 8107558.841226506
105 4 314385494.53730947
105 5 14867304.672104511
105 6 260312335.64959487
105 7 24617270.39482552
105 8 3861124.9071293734
105 12 51480165.71145705
105 13 42003218.47941985
105 14 27840284.64996315
105 16 24795273.701535497
105 18 30750530.99432985
105 19 205329133.2357039
105 21 19574191.327755585
105 22 1882049.9320963302
105 25 1194601.7889593788
105 26 509885540.807179
105 30 230219788.06517562
105 31 123758850.26436591
105 32 77793514.6603317
105 35 4104492.573758836
105 37 144883825.5671162
105 38 1576804.5132809659
105 40 214845270.48554003
105 44 4666623.689125509
105 45 42302564.38076694
105 46 11563778.67455863
105 49 697515272.0560919
105 50 1269256.386706176
105 51 9299795.774859428
105 52 16899512.1878611
105 54 195135030.52024454
105 55 120550755.53686894
105 56 143478788.2275342
105 58 26196265.443423633
105 63 77175234.41415061
105 64 300250484.41870356
105 65 100225074.8234813
105 66 11413857.85399374
105 67 108778859.71379608
105 68 668378482.8671962
105 69 219786863.24618563
105 70 17959660.081991166
105 71 134660489.46334413
105 72 1453269.0618389305
105 73 64944170.56400576
105 74 416019485.97504646
105 75 10835166.076756252
105 76 49863290.41330666
105 77 84221536.74338065
105 79 15477597.583869908
105 84 148433374.8453947
105 86 45609089.11707133
105 88 4604325.657936226
105 89 133517656.96717788
105 93 9352707.0077563
105 94 102280647.31165016
105 97 95246351.0510602
105 101 103151767.03256303
105 102 80964661.62009443
105 103 36027208.904647805
105 106 61747192.02435201
105 107 197418961.07362494
105 109 35450726.63373895
105 112 17645366.0596731
105 113 259149626.60559726
105 115 157103637.6824299
105 117 89056449.61455531
105 118 253391122.24261647
105 119 3029072.86833858
105 121 6458594.76875931
105 122 841195.3368554994
105 125 5162120.746612518
105 126 83722047.38661785
105 129 547308889.5944673
105 130 274869833.9836656
105 131 285574214.26832074
105 133 178737907.68950453
105 135 992987.9048924521
105 137 320840860.94822156
105 138 373985253.64693445
105 141 44310145.079748966
105 142 610009972.9874325
105 143 3243060.080930672
105 145 419001.04349765665
105 147 75417435.57368344
105 148 3775184.8952985625
105 149 4882507.7844489515
105 150 51131961.51436709
105 152 161016366.8787828
105 154 19323554.193023037
105 157 159571258.49292156
106 0 4001504.501213332
106 1 85961081.8317038
106 3 1073115.857564283
106 4 57272247.45252256
106 5 25656665.627119504
106 6 695991554.817189
106 7 839792884.0024059
106 8 10438198.363320125
106 9 73366515.8624597
106 12 12554970.929043608
106 13 73124963.42309892
106 14 170304376.48857135
106 15 6666135.785197022
106 16 5005711.128651651
106 17 3359966.5689909747
106 18 30424058.67990513
106 19 379045176.91757405
106 21 106798192.67698433
106 22 8374374.913491699
106 23 160455.07825407665
106 25 45607121.72698284
106 26 2356180207.9327354
106 27 862723.2047194943
106 28 5892866.053654667
106 30 93853396.38313445
106 31 263585113.1433879
106 32 189847363.87915486
106 33 552254.6329154002
106 35 87308310.32477246
106 36 82858195.53410341
106 37 130750370.76261291
106 38 7681382.014565846
106 40 868762261.4999831
106 42 692568.4754167175
106 44 31351204.60487756
106 45 6065936.981203423
106 46 51564155.920695595
106 49 667674394.4051366
106 50 21962334.93686523
106 51 3038396526.4393654
106 52 800206.9488230147
106 53 1058711.3626149741
106 54 3833942711.035291
106 55 13900993.616629323
106 56 2394632.3625967097
106 57 2679196.370897667
106 58 29468554.666585997
106 61 5710082.633738071
106 63 2872875.3440291565
106 64 217525757.86571407
106 65 95825168.75559846
106 66 66921977.60536747
106 67 444460895.1860809
106 68 285368196.320432
106 69 113003272.43604952
106 70 175687682.422922
106 71 237050757.31663147
106 72 2951214711.1511793
106 73 39985379.937821746
106 74 1918708218.6024485
106 75 63431246.614657804
106 76 69077252.49571481
106 77 128984512.56582855
106 78 682627.7476006667
106 79 1155325825.408435
106 83 10098125.861312076
106 84 104412974.98331723
106 86 17296054.80730926
106 87 3003593.8530271226
106 88 418911.8431221013
106 89 3337908208.864994
106 90 19786066.503511827
106 91 11966471.692824889
106 93 77864100.21585669
106 94 2071747360.5124223
106 95 4291207.790937911
106 97 8213815.589240955
106 100 33084340.083239384
106 101 3300836102.9860435
106 102 4688806.35564369
106 103 120357788.62993284
106 104 7065371.6289548315
106 105 27902575.249200635
106 107 157429858.46887675
106 109 66676915.94520043
106 111 29231528.92573071
106 112 14315449.668934325
106 113 529629451.8424653
106 114 178921132.17543718
106 115 11708904.266047435
106 117 110118023.71379381
106 118 357547.51106239413
106 119 1640433.7428228809
106 120 298955.4844653117
106 121 728480.8964616715
106 122 410261.5116788227
106 124 3497109.6178140864
106 125 967131972.8377355
106 126 20260952.46614737
106 129 349660482.0221843
106 130 143616392.7249212
106 131 324507394.2591082
106 133 758713288.0462132
106 134 50520875.984861314
106 135 3211785.876972509
106 136 1080550.8989353986
106 137 200854253.14833078
106 138 122779857.89663363
106 141 17550872.080844294
106 142 609405778.4439257
106 143 2663434.6198246633
106 145 14331572.7792093
106 146 150008446.92386335
106 147 1251329328.6509984
106 148 25994439.322091512
106 149 2941761.9428819027
106 150 277775215.5236282
106 152 683949044.137943
106 153 49058652.739861175
106 154 1428413609.0333662
106 157 86918907.81963411
106 160 2146660.7459201515
107 1 36524567.81775693
107 4 43210213.18087941
107 7 239954857.48256612
107 9 3106059.9908631505
107 12 9730925.55314841
107 14 20673071.448745776
107 16 351260.55437374604
107 18 8616824.087135809
107 19 60221180.05305717
107 21 16680484.513892895
107 23 613151.5433182261
107 25 14065220.20891534
107 26 19885738.611842014
107 30 139558435.31724143
107 31 92189992.05236264
107 32 26331951.091762546
107 35 54244997.63357352
107 36 19478618.483749885
107 37 174373744.21081585
107 38 4145834.547873665
107 40 144835104.3472855
107 42 293006.46373476286
107 44 42714167.100728504
107 45 58831094.09740135
107 49 220946744.42251801
107 51 25803181.88959617
107 52 1449841.6743185935
107 54 163614483.39146554
107 56 60520448.839666024
107 57 1946209.6543154188
107 59 7217899.29233868
107 63 17978813.647980243
107 64 58640655.40846272
107 65 17895398.358266436
107 67 70504540.88944185
107 68 86837432.91732918
107 69 10694892.068831868
107 70 388961195.1099263
107 71 30609982.64939609
107 72 5879308.404195919
107 74 329762013.69388926
107 75 41398610.87193279
107 79 85020644.72503366
107 83 89340465.30742778
107 84 37645698.799425215
107 86 30770043.367647547
107 87 3719144.4591887933
107 88 3830452.023232645
107 89 67449930.40115051
107 91 43771124.34098125
107 93 415701.73010470415
107 94 405658337.9274913
107 95 27223011.508323822
107 97 98788524.78593655
107 100 34865948.62631102
107 101 267381151.99719742
107 102 37929860.864009745
107 104 2338838.211983612
107 105 65187758.06408175
107 106 152857992.36888528
107 112 362775156.0764005
107 113 55794140.132753976
107 114 59760233.679699115
107 115 196761177.65997046
107 117 32533861.670735635
107 118 19603576.42457355
107 125 218672270.8112565
107 126 10099459.80500317
107 129 104949601.4117412
107 130 155329887.7724079
107 131 128037082.70221005
107 133 4552412.474892139
107 134 9187605.296205265
107 135 1040733.5016085944
107 137 235192418.89784133
107 138 5477066.739834229
107 142 97464660.05184135
107 143 11551398.717186404
107 145 5464224.381359943
107 146 52369443.73621017
107 147 28747275.29810177
107 150 268803121.118483
107 152 34569613.233179346
107 153 62564224.059502944
107 154 48703953.7171715
107 157 331433569.0872634
108 0 29450020.6212527
108 1 430242053.48748493
108 3 705700.5957498746
108 4 15698220.745327666
108 5 1802551.7232134575
108 6 115358318.5489272
108 7 129380806.74098176
108 8 19121565.083197817
108 9 14774091.26955084
108 12 10809450.854141772
108 13 40504874.72786837
108 14 90029299.04348388
108 15 3130662.222436942
108 16 4156877.9559328146
108 18 22638047.65725585
108 19 410991776.4833306
108 21 100497885.17725064
108 22 6919936.6709305355
108 23 2548291.7303656996
108 25 28204268.062112145
108 26 50099011.02839489
108 27 138239.49412435477
108 30 183617441.54588932
108 31 11904956.534669673
108 32 151797916.4426894
108 33 2060758.6851903005
108 35 54873650.06018156
108 36 2780900.794887687
108 37 375397756.24428517
108 38 37314443.8050222
108 40 47072976.57927417
108 42 139754.37575618402
108 44 5157838.897686401
108 45 73424765.55591065
108 46 14775657.121075468
108 49 269346049.6977987
108 50 9773126.681940176
108 51 321052607.69485736
108 52 2525404.435420135
108 53 998725.3881819648
108 54 224621854.52599862
108 55 1237231.6279057795
108 56 128258239.1345466
108 57 7156232.435642519
108 58 15071452.040468734
108 59 11116955.110293811
108 61 1268634.2794402996
108 63 42173746.5295662
108 64 226305541.8277842
108 65 43835459.36838252
108 66 56606694.394980125
108 67 289626858.0045775
108 68 190822124.42961022
108 69 53680399.20464028
108 70 180540199.05628878
108 71 240895277.71668065
108 72 334761473.2808025
108 73 35743519.880257055
108 74 172338121.68069318
108 75 16261366.250046887
108 76 6956382.950150877
108 77 12541966.359458093
108 79 348334327.58340216
108 83 58172941.748732954
108 84 70448606.12338497
108 87 2501937.110390946
108 88 4277270.594355011
108 89 254828283.611217
108 90 6704688.821809439
108 93 18890876.028872855
108 94 620372308.6064912
108 95 5651951.795057692
108 97 27260425.53277044
108 100 30668296.072597448
108 101 101909698.13540237
108 102 43590779.69864536
108 103 20614952.96888403
108 104 922329.099192999
108 105 56024794.80107063
108 106 153021048.91964176
108 107 21761193.966852397
108 109 16191815.07795065
108 111 136374.84880958707
108 112 24389995.495588798
108 113 300032015.54381907
108 114 132513000.44368665
108 115 124022453.01594305
108 117 162836976.31095728
108 118 28112282.96377779
108 119 4812827.932464045
108 120 1494359.1620170355
108 121 3375780.0937015973
108 122 3456694.742254632
108 125 7855334.727513998
108 126 1285440.7066165768
108 129 301467905.111972
108 130 26785833.776084855
108 131 179678493.58597162
108 133 68406072.1474281
108 134 22464700.37992942
108 135 4898396.494068411
108 136 889587.3203981738
108 137 10951312.475444904
108 138 7862204.698752045
108 141 7063363.134254422
108 142 21081884.60341169
108 143 231621.12496354466
108 145 92228213.86209129
108 146 235912826.8324348
108 147 48590053.76772371
108 148 26976451.6092181
108 149 23497286.419982962
108 150 18358235.92616112
108 152 271175830.4461353
108 153 8317590.401944132
108 154 493258539.1104473
108 157 7163134.465566736
108 160 625181.6345882704
109 0 1830626.188557038
109 3 720330.9895121732
109 4 25431701.639488045
109 6 28092366.036339425
109 7 5759583.7212814195
109 8 609520.1540756348
109 9 26571970.714559507
109 12 9159139.525623178
109 13 6706188.601418085
109 14 12540490.854551625
109 15 17543115.949007317
109 18 17386278.59538706
109 19 10041564.049722059
109 21 55058492.67436317
109 22 1335000.0263142833
109 23 430733.73745418317
109 25 7579075.036109657
109 26 28272240.80285138
109 27 2242547.371974558
109 30 24001598.623032805
109 31 12163144.039576378
109 32 52651067.95307363
109 35 3875987.055203698
109 36 8351139.253661861
109 37 15856380.85807343
109 38 8004419.219575744
109 40 2123231.3795842286
109 44 20668601.349294562
109 45 59760933.10261286
109 46 77021460.6988667
109 49 69710795.1233896
109 50 4132341.2986845905
109 51 20442940.515361335
109 52 27095932.0247317
109 54 478237.12116028625
109 55 23865829.815116554
109 56 23177786.21993528
109 57 15813094.231521405
109 59 4176932.548181673
109 61 9279947.995724384
109 63 52175101.00539601
109 64 91498378.97024444
109 65 15158790.022912966
109 66 1719048.069737382
109 67 48731139.45778551
109 68 29927140.01365556
109 69 14143016.1841133
109 70 60980419.381533176
109 71 19088689.306637816
109 72 19744188.154562946
109 73 8760678.700863672
109 74 23902325.940632865
109 75 37718971.189743266
109 76 963029.2912603559
109 79 10875675.994177718
109 83 13538857.072539996
109 84 7962281.390884564
109 87 9015692.538203757
109 88 3122467.458524784
109 89 28657891.907234542
109 91 2686429.184453828
109 93 29623101.392477736
109 94 114385877.9128218
109 95 4421785.421776367
109 96 17257536.233406287
109 97 68234788.79701361
109 100 805185.0967496724
109 101 32216592.313278317
109 102 32662314.03145168
109 103 8905357.235868504
109 104 3163649.1152927894
109 105 15442105.857608588
109 106 76751073.83970496
109 107 17445325.494644314
109 112 37322923.53045628
109 113 16831141.633103948
109 115 2153832.59974599
109 117 12025653.46235649
109 118 45627740.583909035
109 119 4862118.636520693
109 120 3434873.3520505
109 121 4633142.631657905
109 122 669197.3835246619
109 125 87898090.88292196
109 129 140117491.33323643
109 130 41325058.86815813
109 131 3483391.97164452
109 133 86538520.2271884
109 134 5862435.921163742
109 135 612067.3335422205
109 137 44700611.068501614
109 141 10968665.832895504
109 142 42939526.50936767
109 143 3769987.2552612065
109 145 8269588.485804151
109 146 11184265.520226873
109 147 783078.645251418
109 149 2142090.247008982
109 150 1535308.1595356916
109 152 11043015.224858837
109 153 16927254.770638295
109 154 38074318.83855223
109 157 97203379.95372458
109 160 12921670.01296919
110 0 48771606.67142171
110 4 72889109.89976844
110 6 21128025.751498625
110 7 767747.3779239429
110 8 22050076.099312756
110 14 74751855.0669948
110 25 7167381.833286151
110 26 69550201.59844251
110 27 347334.6268590643
110 38 54000943.80272064
110 40 23023470.400651585
110 44 2146602.0120129087
110 51 42663230.03089141
110 54 7649746.437885582
110 55 6841618.611370016
110 56 15188520.50000123
110 59 11499063.487511419
110 61 1075305.4316739046
110 64 24594908.844187558
110 65 24064479.119442523
110 67 11478518.984377354
110 68 11232327.149180193
110 70 16260249.98750551
110 72 5397248.268801587
110 74 61415003.47117292
110 75 49688711.77739091
110 79 363662.28682981915
110 84 4376798.858020424
110 87 4549154.772512236
110 89 9387406.001400104
110 94 2749000.776477354
110 97 63198937.0998609
110 101 16539154.571453804
110 102 31373471.243456427
110 105 62651415.74934123
110 106 64162419.5426101
110 113 54188968.16818191
110 114 45169931.313244425
110 115 10667393.629749857
110 117 49513155.2412788
110 120 1386363.5977897097
110 126 10755165.428418044
110 129 64813449.157198794
110 131 8306326.322766404
110 133 48026582.33360343
110 135 689912.037233473
110 138 18983208.771820918
110 142 110705918.65162773
110 143 9203440.599545151
110 146 76117285.97438155
110 147 72790559.50961255
110 149 11873649.548393637
110 152 63762351.0667638
110 154 842060.5928144288
111 1 1451875.4817608653
111 3 3657029.727299196
111 4 39242544.7186318
111 6 6750334.083212502
111 7 7899525.124531952
111 13 1807643.3865095144
111 14 11790275.54531424
111 16 1673278.3790389064
111 19 11981212.084727498
111 21 10264659.73912766
111 22 19248205.012455665
111 25 4625904.89432928
111 26 4416421.295565567
111 30 12180520.667585647
111 31 17012209.731825948
111 32 10836885.915616134
111 37 3087084.5404033326
111 38 16437809.57713309
111 40 5750863.913329056
111 45 2431424.982983664
111 46 28252571.94588473
111 49 8586894.46502781
111 50 5040959.24802774
111 51 4475078.242181536
111 52 2896890.389612495
111 54 40096826.33074164
111 55 3297872.1943674176
111 56 16197359.292217698
111 58 16043037.53788291
111 59 1490578.1366198596
111 61 14789367.614868825
111 64 3109260.2117829993
111 65 9454378.303465024
111 66 7955670.0644248035
111 67 5869024.51367292
111 68 69097117.48903073
111 69 15483910.749048162
111 70 8232347.729877038
111 71 37745958.39704605
111 72 51726076.45449811
111 74 10613590.973197976
111 75 16295812.472592454
111 76 4479400.96035542
111 77 11451256.010083519
111 79 82236042.93649343
111 84 6952906.444830376
111 88 3402394.2744655204
111 89 1594049.7795790448
111 94 25362159.919169303
111 97 2489758.708055222
111 101 2718372.52285569
111 102 2226604.748492769
111 106 35214248.01179048
111 107 29351682.51735856
111 112 9274106.81540399
111 114 19105077.56167135
111 115 9215369.55767022
111 117 5167508.61953964
111 118 14927406.480923442
111 121 12688421.82374496
111 122 199247.9090101335
111 125 42581172.10950977
111 126 24890984.1836108
111 129 5026530.073628209
111 131 28903934.06898875
111 133 17953074.297447946
111 135 1159699.412862504
111 137 1160335.4317099615
111 138 24205245.735823322
111 141 557009.613755742
111 142 30529376.81833905
111 143 6203472.766163846
111 146 44884815.57456784
111 147 82303808.17013682
111 150 2645994.176133173
111 152 5090648.581248864
111 153 3910858.9647878376
111 154 11689835.786252111
111 157 15056278.462994121
111 160 4427708.708452567
112 0 6790572.579579353
112 1 72875668.75337797
112 3 2275256.4482947993
112 4 381835289.92452586
112 6 49458156.976030104
112 7 71599098.52996738
112 8 3933827.818494464
112 9 14266879.45428333
112 12 11012416.957012625
112 13 36303355.61954353
112 14 45891230.33944695
112 15 9840596.332519215
112 16 6526483.934873576
112 18 20762070.527726304
112 19 49186979.76551396
112 21 20245934.35267845
112 22 20440968.672698203
112 23 1501597.8823756035
112 25 31106013.21912221
112 26 118365213.427428
112 27 10414195.06057422
112 31 8739588.793646742
112 32 38755231.03576441
112 33 2338476.5266987844
112 35 72491726.24782407
112 36 3585440.3236624347
112 37 4930253.381006952
112 38 100612488.25258425
112 40 213314075.37245172
112 45 147354769.2754504
112 46 30186760.746522672
112 49 106319273.5101362
112 50 11611917.390948309
112 51 43800065.886539504
112 52 17014452.66729232
112 54 304029308.114319
112 55 846123.2419615691
112 56 8668572.411775501
112 57 1386805.151364511
112 58 24076782.003265366
112 59 27770147.0965469
112 61 4307801.845043873
112 64 13090820.64710041
112 65 82235134.3789927
112 66 16012429.947700748
112 67 249862601.81194344
112 68 7242586.13361982
112 69 45725431.34991338
112 70 87908934.99398293
112 71 8659229.358677737
112 72 3665068.1438276316
112 73 66320323.8562414
112 74 1933883.2010664144
112 75 40923452.558124706
112 76 64201479.8402197
112 79 16691712.034703175
112 83 9875290.05469566
112 84 163517623.4432119
112 86 10153932.363865586
112 87 4937392.207743761
112 88 3060262.9956145696
112 89 254675381.17647415
112 91 1028176.2583947298
112 93 114434872.81156881
112 94 180560283.81343377
112 95 7614184.51896575
112 96 8464921.520409586
112 97 36102872.73378695
112 101 36509063.73455193
112 102 35731796.20203655
112 103 81405.58328260745
112 104 3990510.8347569797
112 105 27357184.66045704
112 107 11282134.348177567
112 109 9798972.928093128
112 113 9358111.186084365
112 114 16132591.056700766
112 115 625473617.3435929
112 117 10204503.815571938
112 118 48655431.21873762
112 119 3867630.705491135
112 121 10830032.265406951
112 122 1448680.9866808155
112 125 130085897.22182299
112 126 25525255.504527345
112 129 244521549.6901812
112 130 66453732.0294791
112 131 87828476.81150895
112 133 47821352.59066494
112 134 5684740.1694067735
112 135 5325783.648539476
112 137 6889936.164440703
112 138 25408900.253533427
112 141 11975935.173670271
112 142 230695379.2841347
112 143 16141217.574954279
112 146 209427826.36631504
112 147 21443799.086740233
112 148 8577417.048526239
112 149 17840448.316905662
112 150 57851321.20033412
112 152 43503130.34712164
112 153 8758995.144350063
112 154 61406113.28323535
112 157 20166092.00564006
112 160 5491647.774876466
113 0 4773023.097840912
113 1 13038148.792488245
113 4 230918280.15624052
113 5 5293209.04500811
113 6 767828131.6012262
113 7 1074470170.090434
113 8 11436514.72537301
113 9 2907754.9885745808
113 12 14541710.25461494
113 13 52835497.89120534
113 14 340900224.0967709
113 15 2575200.596602818
113 16 9568561.884982957
113 18 19566635.69623882
113 19 803049223.9043711
113 21 59810976.28622691
113 23 56015.641274554146
113 25 24160361.324018657
113 26 668420093.1400038
113 27 3190500.8531349567
113 30 67610942.53113574
113 31 2476638055.741715
113 32 162057326.0725952
113 35 180987163.62821677
113 36 42651032.16697442
113 37 146701382.1217711
113 38 24402655.22188901
113 40 265833437.23720658
113 42 228717.3626767656
113 44 159154743.61464182
113 45 25174664.560815025
113 49 549626032.9147537
113 50 19426268.40692595
113 51 155329222.5008999
113 52 25324585.8179685
113 53 254063.50813292287
113 54 707771523.5911057
113 55 22094185.33426681
113 56 165572880.31802675
113 57 1725444.1701810358
113 58 63443603.11195265
113 59 1241163.3062464336
113 63 24040967.48540476
113 64 241331518.60572472
113 65 71307430.25826807
113 66 40974544.5742785
113 67 316883139.6019234
113 68 342175464.7913816
113 69 3220549.6926040608
113 70 390898502.340154
113 71 423076713.1070284
113 72 1463975064.1619306
113 73 27968390.79717087
113 74 296132678.1001997
113 75 21287021.472382244
113 76 84050748.76254086
113 78 2476853.887715237
113 79 1266989850.4785364
113 83 4026425.7507139137
113 84 115283671.7932002
113 86 356728227.7083284
113 87 886029.2852875211
113 88 11038478.543025091
113 89 797935877.888936
113 91 1782727.6385168124
113 93 32028547.941198044
113 94 343948714.804756
113 95 5892719.62099949
113 97 910443509.6141711
113 101 11051139.150514157
113 102 601715155.2784145
113 103 10223918.703597741
113 104 4161869.903388795
113 105 91693003.21370381
113 106 509694273.22595495
113 107 27962120.369406525
113 109 4360954.428828143
113 111 15361773.186465207
113 112 43041723.45452126
113 114 931732201.4363536
113 115 653526232.7551488
113 117 79586017.27282213
113 118 151860241.85666037
113 119 10918643.629778985
113 120 2166226.042520548
113 121 2875575.9659928256
113 122 226013.75402709137
113 125 141454711.45413375
113 126 1539317.1517641328
113 129 930433229.4944923
113 130 15855632.159167586
113 131 177438746.92103404
113 133 1145471812.9529166
113 134 146544018.1573805
113 135 1701622.1779255392
113 136 973247.5021756673
113 137 97869736.84549043
113 138 1009988867.2640439
113 141 12677594.82021725
113 142 580186701.0487307
113 143 4354900.264228135
113 145 8809121.72204926
113 146 317883872.7505801
113 147 981978020.6910636
113 148 4935893.098862711
113 149 45150750.62877681
113 150 469315552.1965131
113 152 668463279.1522515
113 153 22211563.456909966
113 154 21601475.785790358
113 157 372710437.2347001
113 160 12998622.541935228
114 0 35856372.39031451
114 1 13049096.595061354
114 3 6788389.711927895
114 4 546030451.7009441
114 5 8478185.158996452
114 6 229079748.03209817
114 7 96800379.43376271
114 8 3272107.089795138
114 9 1032142.4073917599
114 12 1292727.8730128822
114 13 134201120.85831177
114 14 66478324.99645676
114 15 6804349.373838669
114 16 19949591.018259987
114 18 12257668.984877372
114 19 147015911.5824174
114 21 27584122.673393626
114 22 7755203.057281758
114 23 1248961.6756674885
114 25 3462933.569945096
114 26 262012481.72284147
114 28 3519302.820599603
114 30 29993391.38354388
114 31 1300381007.3116934
114 32 1281123979.9051497
114 33 870900.4456886352
114 35 227108526.0373632
114 36 6754103.822927088
114 37 31536620.77846604
114 38 125731287.90351081
114 40 394791105.8112916
114 42 664948.964949227
114 44 194782985.148214
114 45 368817643.5826431
114 46 66491240.32442856
114 49 107056045.65775625
114 51 46618039.9735076
114 52 7086952.443261998
114 54 54382341.06958885
114 55 7435385.608821439
114 56 296918792.3290159
114 57 1687674.0122456332
114 58 293273777.0644159
114 59 4945967.872929259
114 61 2828170.146109517
114 64 563301058.2774024
114 65 69771468.20479785
114 66 42092313.64560186
114 67 367944990.49721646
114 68 33964950.29324619
114 69 170264899.53071705
114 70 1165973068.9493558
114 71 396167366.6171122
114 72 849459986.9891602
114 73 52734631.22927873
114 74 445518244.0821524
114 75 30140901.68986883
114 76 25484246.64205511
114 77 10087020.54449514
114 78 94635.71602441554
114 79 1688079324.4264667
114 83 29847438.262068912
114 84 56639140.18259183
114 86 55455274.91772953
114 87 1771311.7276276418
114 88 5094140.8725502845
114 89 25261368.428393707
114 90 12665844.077330459
114 91 9149769.250131099
114 93 19443878.92938769
114 94 138946938.58324724
114 95 23001136.29868739
114 97 9562534.038567077
114 100 39000677.46144553
114 101 365102109.8208462
114 102 180088691.9524129
114 103 10288076.938787261
114 105 89078573.62434119
114 106 259349538.28397042
114 107 36787959.53458957
114 109 5918085.650648666
114 111 9010808.955310447
114 112 72701041.49344043
114 113 805594877.9321033
114 115 1512924347.511525
114 117 25090714.27323493
114 118 84101048.02565247
114 119 718934.6370238938
114 120 3626008.5902640084
114 121 6558275.461347139
114 122 5453528.513261691
114 124 3212287.1688514603
114 125 334077620.20271754
114 126 40227189.73637427
114 129 279199505.30490494
114 130 91789526.50274797
114 131 99028540.15199278
114 133 833036519.2501063
114 134 15906709.80835824
114 135 10534272.665160237
114 136 5234794.325331474
114 137 657497301.7849919
114 138 325595763.8102861
114 141 36413003.073699005
114 142 889274790.447969
114 143 1388454.2963717356
114 145 69499470.36487578
114 146 71021208.31258908
114 147 416684517.7092022
114 148 28066943.06763424
114 149 7765132.638353304
114 150 108932445.07653864
114 152 145222828.9679171
114 153 33879132.50497285
114 154 755466708.4917697
114 157 42534551.468432195
114 160 5091235.967602062
115 0 71364662.91942607
115 1 507401533.9384849
115 3 7615255.479807187
115 4 135591060.93053672
115 5 19921202.253160078
115 6 76127179.06627315
115 7 1803820499.7815294
115 8 21220838.13862513
115 9 7042906.045411541
115 12 19480815.709228545
115 13 36547281.38221767
115 14 675722504.8993932
115 15 5630166.226859883
115 16 5453047.685571223
115 17 4348937.36824444
115 18 27457705.84836447
115 19 689557328.6435753
115 21 122082522.50306642
115 22 14556753.974570012
115 23 4914959.2366260225
115 25 48836394.31562798
115 26 111858487.9821365
115 28 1115017.423197762
115 30 284241210.844856
115 31 250465065.02446494
115 32 195508199.31186333
115 35 127957424.0365121
115 36 13899977.069575863
115 37 301115370.0988206
115 38 1364524.763599089
115 40 372638640.4903736
115 42 1842788.3916809044
115 44 40717704.12518366
115 45 62926049.58249721
115 46 2239535.645405437
115 49 122134862.81213921
115 50 11267258.67480381
115 51 61130093.572894886
115 52 10649606.248614317
115 53 3612569.670217364
115 54 130612377.22439884
115 55 13842125.189499747
115 56 767768769.6114259
115 58 12979711.36289619
115 59 2889116.487728138
115 61 268015.23980045784
115 63 22522483.079689573
115 64 37234311.1627614
115 65 205724365.04025897
115 66 10007935.664964022
115 67 203776696.46469423
115 68 329856095.0307628
115 69 132492504.19277737
115 70 817176311.0056164
115 71 68488015.14995633
115 72 173782446.6681212
115 73 120019024.84754172
115 74 527267109.9883875
115 75 45013199.70722419
115 76 48458497.959002934
115 77 56580328.689426705
115 78 2146832.8696301193
115 79 7814359.8919375865
115 83 13510196.508518087
115 84 204867427.0725805
115 86 33103120.67768744
115 87 1825435.5301150219
115 88 25149984.64721114
115 89 22481968.181751344
115 90 436691.04250052234
115 91 5460767.179853829
115 93 54673309.96254344
115 94 296750213.95270276
115 95 34038704.17475502
115 96 8692100.356079932
115 97 125891934.1238341
115 100 34193471.590083934
115 101 77256120.00849028
115 102 413130765.6961265
115 103 4838971.933172251
115 104 353444.6296568685
115 105 78921783.5437706
115 106 948949318.9233512
115 107 9905150.700976761
115 109 43385432.36112312
115 111 56442075.256393805
115 112 75919126.90400591
115 113 1851214783.1490545
115 114 83018393.12749468
115 117 43344591.14794035
115 118 601010398.3833786
115 119 4201749.98595882
115 120 3428121.1485987213
115 121 1001429.9205631928
115 122 1498688.8826242029
115 124 3891465.965194215
115 125 162195899.28924102
115 126 14487333.189614272
115 129 310507168.67664933
115 130 392999922.5876421
115 131 238711104.74054462
115 133 778402790.7307836
115 134 30778542.24767944
115 135 12320790.025817325
115 136 296094.8546113201
115 137 190290310.9365882
115 138 458772849.6251144
115 141 4300937.970809807
115 142 175776483.194308
115 143 1249132.2574634734
115 145 32865736.83518297
115 146 61787542.84391593
115 147 329041243.0682156
115 148 14687903.817012148
115 149 9197371.188478958
115 150 432815081.8289782
115 152 1168795529.6579342
115 153 46714287.5275912
115 154 659287506.2435409
115 157 292365082.5133205
115 160 2950254.6371009815
116 4 265055807.44417822
116 6 130903600.44348179
116 7 42710540.155583546
116 9 20483855.299215484
116 12 10856892.770088807
116 13 63503853.29250508
116 14 816998288.5167565
116 16 2738678.3487104466
116 18 47336868.05361267
116 19 342659445.21125203
116 21 76330470.07492334
116 25 5336168.259650382
116 26 124807945.77198875
116 32 110951350.73414068
116 35 95905470.71339357
116 40 75905494.45589994
116 42 5353978.177189558
116 44 129511914.26471777
116 46 41008864.84733521
116 50 16545694.088249857
116 51 156785986.98321053
116 52 2487600.35691747
116 54 187769112.44734946
116 55 22248685.437523313
116 56 16521826.55697156
116 58 20919728.320931803
116 61 18031226.875960432
116 64 236918671.66690004
116 65 46590042.80278294
116 66 15458164.416686209
116 68 156792495.71620354
116 70 73474049.02561414
116 71 28017749.36697273
116 72 137900569.18825367
116 73 4386894.376733298
116 74 1832748.9299293782
116 75 14268551.961005993
116 77 3376314.146234293
116 79 232097285.33286
116 83 95069529.00868715
116 84 120750472.82659484
116 86 130819674.0966571
116 88 3280430.8983146106
116 89 19837638.611551188
116 94 10674358.529018026
116 97 20556961.180470366
116 101 64467148.93148527
116 103 11863583.096532768
116 105 21196281.348527323
116 106 29204716.581241407
116 107 51964277.22564989
116 112 13387989.096318537
116 113 343702476.2940741
116 114 301267852.8094162
116 115 277528089.1096469
116 117 4045297.5684496034
116 118 230004148.7603809
116 125 101201342.19508654
116 126 27327477.063828435
116 129 115593365.99645594
116 130 32830171.33468217
116 131 156500132.25851956
116 133 102537530.76714395
116 137 100714580.3443388
116 138 66983015.64108632
116 141 8630513.680883951
116 142 222499763.7922528
116 145 76178358.46558751
116 147 147847114.2209416
116 149 3962136.1631902503
116 150 152772388.7724742
116 152 162371988.6851119
116 154 57339625.26816557
116 157 59603028.71579783
116 160 2150494.1646411675
117 0 1148610.9202328718
117 1 240913229.9241916
117 3 9697899.66974247
117 4 493415571.8888264
117 6 543746005.1149967
117 7 302139334.2748344
117 8 21135576.25358565
117 12 28057422.026967574
117 13 98550243.16408972
117 14 19580772.31807808
117 15 625392.5896026274
117 16 16723595.670365596
117 17 9003798.214641226
117 18 53765796.19986928
117 19 434384357.2765725
117 21 75019931.58828658
117 22 20716042.66578935
117 23 2065999.5271379084
117 25 12602368.6276132
117 26 157307000.43605942
117 30 20861735.826809954
117 31 37274802.06988663
117 32 8178162.647086689
117 33 2496910.209256343
117 35 16073563.42726026
117 36 42110711.810302354
117 37 257800910.72673896
117 38 35963774.95063424
117 40 135053463.79365698
117 42 328979.64107208466
117 44 20936609.46962162
117 45 409188845.99435174
117 46 18621957.30922921
117 49 129016872.66262616
117 50 5008678.529260023
117 51 25531933.431554466
117 52 3903560.5961793903
117 53 1890236.540200255
117 54 236796102.80548093
117 55 29518757.260687567
117 56 56474280.365442306
117 57 3450420.9182222625
117 58 102488973.601277
117 59 13446395.76658597
117 61 5817640.088848523
117 63 17869562.717941098
117 64 47605007.464909695
117 65 701152896.6224679
117 66 13231758.642708082
117 67 141482995.62128076
117 68 78034218.77791592
117 69 46440346.089199536
117 70 18278930.51861091
117 71 18227705.904619537
117 72 72636985.33515342
117 73 7991652.514485921
117 74 79636902.88240919
117 75 16259846.073137037
117 76 37690728.11451245
117 77 73090977.55392267
117 79 102034411.55411133
117 83 29707599.73407467
117 84 15017579.19555563
117 86 143056550.577542
117 87 6354413.00470768
117 88 8463857.411493191
117 89 436157874.0949446
117 91 4502291.055131571
117 93 32190507.276782237
117 94 557862202.4659964
117 95 3055167.0330507495
117 97 21950738.35721634
117 100 12930293.04246574
117 101 204268198.8192216
117 102 87635292.49043946
117 104 1798409.8093919405
117 105 3419923.7099048253
117 106 322133027.3531529
117 107 4535942.819130534
117 109 30719032.73507733
117 112 24831204.980298594
117 113 154840362.97458732
117 114 108308530.99027298
117 115 43807786.13347519
117 118 88418167.60655753
117 119 133964.71843045848
117 120 1624600.3637845237
117 121 873553.4131198294
117 122 28172.511747703822
117 125 143166006.05562505
117 126 14065848.223347578
117 129 15381680.070698136
117 130 1725212.6491624245
117 131 5905609.5318910405
117 133 117354485.21255857
117 134 18606612.610669244
117 135 4221726.979389108
117 136 1545334.8892645598
117 137 269907048.9133932
117 138 413344964.9954983
117 141 20486362.22625096
117 142 59938092.942760214
117 143 10606683.414834827
117 145 32792086.41354206
117 146 175154128.69479114
117 147 120230138.63120882
117 148 504596.69976730883
117 149 44640421.41900773
117 150 781577.2385008786
117 152 396652930.58849764
117 153 73597275.65991387
117 154 179613559.58662724
117 157 268188303.81412238
117 160 23407441.460840285
118 0 14906949.300927646
118 1 690918210.6310782
118 4 347738865.1989997
118 5 7875831.401711738
118 6 5361348648.768935
118 7 5280803695.793254
118 8 1118648.761200308
118 9 19709697.55495466
118 12 21139879.057935905
118 14 10886926.77683253
118 15 4594561.19083312
118 16 3358961.232717247
118 18 29408599.69028237
118 19 578749208.3413846
118 21 840153.5624116714
118 22 16303140.394241516
118 23 605130.781304973
118 25 16967570.695957884
118 26 1519255011.3073304
118 27 4041280.5278301104
118 30 17377406.145966906
118 31 2643097591.199011
118 32 342258608.3657291
118 33 858088.3856701128
118 35 9054314.344778653
118 36 96715233.73457532
118 37 19346914.254417982
118 38 32246257.18344541
118 40 945850832.3243698
118 42 641437.9870472346
118 44 22605918.827089008
118 45 488175553.3972377
118 46 64560809.78068181
118 49 759534263.3153322
118 50 1361648.0667037005
118 51 5561729402.987754
118 52 36421012.48145866
118 53 77761.46305989564
118 54 2860731364.864066
118 55 17916007.38416606
118 56 772324267.8248403
118 57 3988855.8813573206
118 58 22352161.859477177
118 59 12239442.64771095
118 61 23145741.89016816
118 63 97155308.71406396
118 64 355677474.24041694
118 65 37784728.34206764
118 66 19400142.984622896
118 67 2185065489.8041625
118 68 3863690788.860181
118 69 83803490.61939377
118 70 1086251878.7813096
118 71 132470248.80919582
118 72 1598519575.4984977
118 73 3524219.982880036
118 74 5746983865.221368
118 75 95240655.37783383
118 76 17979154.097771123
118 77 33880904.221479505
118 79 397850759.9914427
118 83 537700.9350817836
118 84 94429253.20826758
118 86 4315179.998198308
118 87 9136681.360979516
118 88 11139193.9349289
118 89 747783197.9937068
118 90 5032948.775746247
118 93 3581187.620041404
118 94 1854070519.183666
118 95 1582980.5118452578
118 96 367726.179580172
118 97 133073991.77951725
118 100 31178893.488695886
118 101 1326648593.551906
118 102 172165351.37079644
118 103 3176417.6120912936
118 104 4685153.506463925
118 105 70998928.6940921
118 106 1704013402.2446015
118 107 8333609.500995314
118 109 3265125.7804327067
118 112 21408339.972109646
118 113 452291231.8594124
118 114 875242039.053967
118 115 200135423.76003554
118 117 12959339.650711562
118 119 3696727.0745093254
118 120 4287037.306317818
118 121 25071.636965471072
118 122 1022857.5681186215
118 125 502726265.2886367
118 126 2250374.0534818303
118 129 330342217.83885986
118 130 177293931.6982555
118 131 397841409.189118
118 133 1596282067.2084584
118 134 257920.3699847051
118 135 9082368.220441256
118 136 3201024.575048443
118 137 259013458.17860326
118 138 4270851133.160508
118 141 37525486.857301764
118 142 878650731.153217
118 143 5192697.978112273
118 145 91133877.99112304
118 146 567704486.5349661
118 147 662511366.5355707
118 148 5320911.121068686
118 149 30484725.403531507
118 150 35206264.5235414
118 152 4278527876.204248
118 153 34963175.86427881
118 154 4250029972.0122504
118 157 628043650.0462635
118 160 6475527.646666389
119 7 295880.43836018967
119 14 435494.46722133923
119 19 184810.10880370988
119 21 244310.64372303028
119 26 571723.8684366157
119 40 642132.2736163135
119 45 499439.58000866167
119 51 535026.8871623991
119 54 223466.61341679306
119 55 359172.57854876237
119 58 386216.5357308869
119 64 145903.14227474947
119 65 298583.7969381211
119 67 841930.504443316
119 68 1666745.8190304644
119 70 2679927.8094503595
119 72 1428818.1138475146
119 74 4063946.4953047424
119 79 205781.2457927358
119 89 2454948.862704084
119 91 581195.1345163223
119 94 1719045.0693308117
119 101 1132263.8935704343
119 106 484371.8652095808
119 113 1595886.852721091
119 114 1094004.7109490128
119 115 1171060.0002860876
119 118 648854.1389291527
119 125 1088616.3444259847
119 129 1197955.7120632436
119 131 1675031.3101682775
119 133 405335.8680588189
119 137 167939.85415643465
119 138 490853.2820608993
119 152 898202.3219748621
120 1 376670.2490201114
120 7 1135041.8078955929
120 9 88626.4870780308
120 13 4880270.193526788
120 14 657298.0056761825
120 19 333070.459431222
120 21 3089333.009882182
120 26 80563.74455100246
120 31 2148321.9984979467
120 40 1112967.0599943008
120 50 1238585.0908271165
120 51 259140.5031219684
120 54 1790974.2724510317
120 56 1397921.2849284378
120 65 3267006.762693859
120 67 1758877.1207743052
120 68 2889148.7100669146
120 69 1086202.1938107365
120 70 422674.10269645957
120 72 1074789.636052537
120 74 553232.255242736
120 79 639744.2123461199
120 84 359075.298817967
120 89 1916891.780729744
120 94 1325399.3491499166
120 101 994645.6838407128
120 105 737096.6539508894
120 106 332325.95775343844
120 107 381008.6511697151
120 109 2746430.13347954
120 112 2186539.795467723
120 117 731446.0533327196
120 119 1003992.057358228
120 125 1529121.077157049
120 129 110466.59724827645
120 130 2014546.1247551509
120 133 629856.885068119
120 134 1513033.524232877
120 142 1835965.9363372785
120 146 326500.8451377671
120 147 4152888.0803706157
120 150 543901.8055728453
120 152 123447.16375507179
120 154 657177.6274267791
121 0 2164894.1580769294
121 6 169937.32572605216
121 7 19650149.85725319
121 12 4387580.904660021
121 14 3832095.272270586
121 19 1143848.2636832902
121 26 1154600.3123779541
121 38 306403.3460475282
121 49 6206810.929425217
121 50 1022154.4524997128
121 51 15485412.506542634
121 54 633711.1090380262
121 56 1162282.7977712052
121 58 3142971.31183809
121 61 500586.7138507512
121 65 6263418.44024581
121 69 2458934.420159223
121 70 2670125.074606346
121 72 569112.8276347049
121 74 1869673.5606449079
121 79 4605021.733449539
121 84 29057.655010052567
121 89 2732866.8795649903
121 94 435808.8596176703
121 101 7994472.030491532
121 106 6572377.043929117
121 113 417672.90505905345
121 118 1812341.5789911624
121 129 3973612.5424047164
121 131 839817.2112475672
121 133 792299.3484150977
121 138 9029913.655096227
121 141 22555.853071022666
121 147 2537595.7418688443
121 152 5008195.759735349
121 154 168475.95752462058
122 4 365192.7190177268
122 6 168521.9798051536
122 7 4556332.13324819
122 13 390187.59286738833
122 14 278359.974672312
122 16 7126812.511936084
122 21 2077614.820642667
122 25 710078.2501916279
122 26 516041.52559517836
122 40 584525.0350581566
122 45 1946986.6743225944
122 46 1675790.1818654377
122 49 949855.2182363507
122 51 283488.88086968515
122 54 7100638.418548527
122 55 384879.9292442794
122 56 1573869.0852583628
122 65 3439829.464684312
122 67 1040965.539667225
122 68 3363171.3058203217
122 70 52385.26250517197
122 72 5122433.575686189
122 74 553889.2196889076
122 75 666216.3495376023
122 79 5705963.612765245
122 86 1195295.071196461
122 89 6616966.673357273
122 101 6219623.580342575
122 103 12991473.815341307
122 105 189381.89913711484
122 106 546263.2342047592
122 113 714708.3049456885
122 114 1139544.2799719097
122 119 266807.6191670371
122 120 2345437.63055753
122 130 1518013.755798366
122 131 3794522.826896938
122 133 9335480.96321136
122 135 1830422.4921682305
122 137 2199315.8849996533
122 142 1348632.5829997999
122 143 2029751.0095277007
122 145 570487.8627629806
122 146 539672.7330274344
122 147 1100370.8139099109
122 152 3215159.7963837814
122 154 2645615.417345404
123 7 1319972.0063187229
123 14 456514.84914046904
123 21 628751.3653646486
123 26 2261572.0406681416
123 31 2182129.3875475056
123 51 6261907.680319342
123 52 136106.382174927
123 54 321021.7583707533
123 67 799614.1770170851
123 72 2341.088689368368
123 74 1099391.5742473232
123 89 7216807.320232774
123 101 2050394.5082021032
123 115 2032609.5095335832
123 118 521974.98689519963
123 129 148631.44412201925
123 130 1626024.8379028754
123 133 577677.8547059112
123 134 2639356.489352575
123 138 777577.4363021293
123 142 289568.5911761262
123 145 2856754.1370232464
123 152 3533965.63615884
123 154 469850.8003073287
124 4 49488.60653343655
124 6 710607.0450069022
124 7 191144.86326040022
124 9 27183.00608022395
124 14 33344.88269015128
124 26 86342.37915233194
124 30 267065.46109897
124 31 140713.50881713742
124 49 332073.1011479355
124 51 161314.7475126036
124 54 627997.8456175792
124 55 445400.5146905591
124 56 20617.506952367592
124 57 81021.04074981283
124 65 388225.52902230085
124 68 1743105.9729908227
124 72 2804830.944109173
124 74 292061.8505691429
124 89 204710.88764423586
124 94 5016.943430561148
124 101 182243.5633575366
124 107 162428.11176608515
124 115 125594.68501598392
124 117 624475.9007086683
124 125 820164.8116480688
124 133 96982.95154230004
124 137 955732.4136290419
124 138 689639.207843321
124 141 1265805.9848668177
124 142 483193.6574249597
124 147 379438.0703824747
124 149 582426.2926517752
124 152 441948.85243121826
124 154 171626.2609099836
124 160 424806.4268061003
125 0 27891474.936640553
125 1 196308109.10329273
125 3 2126605.538207534
125 4 553690842.5384582
125 6 96044486.87078594
125 7 156869396.168899
125 8 7442360.418369755
125 9 5080106.659486987
125 12 18045188.430105507
125 13 18066513.56098357
125 14 342651761.4989756
125 16 21053910.767159786
125 18 48997576.783752635
125 21 20716591.911103964
125 22 2494250.2548956578
125 23 1277754.9061084925
125 25 10082759.01998383
125 26 459184593.7831993
125 27 1575787.2327264613
125 28 35159.92219047353
125 31 413620050.5750099
125 32 325480079.1335487
125 35 13265724.558034338
125 36 4445302.172926879
125 37 99352443.20160717
125 38 7644572.771980248
125 40 71957269.35314393
125 42 1760048.173488378
125 44 36024903.407596715
125 45 147635732.96669814
125 46 27416243.79889835
125 49 5204583.587520773
125 50 1425436.4160762648
125 51 1951509710.660775
125 52 1552651.1538322351
125 53 6765648.146476678
125 54 24760714.25239116
125 55 13327570.50359696
125 56 157691624.42164618
125 57 3199625.2014294122
125 58 86029520.91305618
125 59 2550916.921378141
125 63 32955540.103574894
125 64 2424521254.579126
125 65 37954412.684586935
125 66 82057712.95820051
125 67 1608139587.676099
125 68 99453598.15844424
125 69 123952869.79250953
125 70 258508292.98021632
125 71 394675826.79433924
125 72 40406315.61839628
125 73 25837098.071057986
125 74 388854371.71088743
125 75 123496097.56328823
125 76 43061177.52159992
125 77 80035148.47296414
125 79 393158310.44911295
125 83 34441162.120591246
125 84 84961604.81146413
125 86 115210883.59407324
125 87 2530302.247292234
125 89 858139107.8964956
125 90 14977270.432102498
125 91 5777556.88780839
125 93 44465449.79508072
125 94 1367347070.0187862
125 95 17055781.00546414
125 96 3081916.387245118
125 97 119375455.41541247
125 101 125207280.13919918
125 102 127731359.22474961
125 103 8516525.384245617
125 104 901683.1200992246
125 105 93893952.65251632
125 106 27051979.155673236
125 107 21911165.06794027
125 111 7704639.751329791
125 112 106284793.78581528
125 113 14120835.99136625
125 114 247432911.3441747
125 115 252042629.86398682
125 117 16773302.032603966
125 118 340748101.0735943
125 119 1079404.472547783
125 120 1353533.7117592094
125 121 1367683.6148944404
125 122 1971740.7119067453
125 126 45093049.6341459
125 129 926786013.5589318
125 130 269105651.99495834
125 131 1231590843.9856746
125 133 1186617739.1959765
125 135 19648956.325421374
125 137 577434134.0468737
125 138 1582728213.2797964
125 142 659608708.1768309
125 143 33733946.723958835
125 145 104050943.51926109
125 146 248251150.39767846
125 147 729853867.107038
125 148 29270215.143092845
125 149 5736378.250369821
125 150 234923140.68973818
125 152 3566279349.892109
125 153 27775877.04912534
125 154 1787737283.313338
125 157 147533255.51669356
125 160 8706932.468110926
126 1 22582843.315653738
126 5 1847577.271721242
126 6 12355939.691483187
126 7 15795243.505229535
126 8 1295380.7595930719
126 13 16142887.35131482
126 14 2458445.58158871
126 15 1406418.24919307
126 16 5176130.70190924
126 18 12145509.949979896
126 19 17734034.352140173
126 21 181419.5112656406
126 25 4379965.551493169
126 26 12554083.6420833
126 30 2561570.128166639
126 31 3964077.7568025272
126 32 28080016.95880986
126 36 20946606.978581015
126 37 29914233.511272043
126 38 11636486.081472998
126 40 10154330.22002276
126 44 3440566.587963113
126 45 146503.19397316186
126 46 4606198.791218033
126 49 26014209.205566835
126 51 20018989.3636272
126 52 9198297.318644436
126 54 5516446.448806583
126 55 12086312.61223932
126 56 7971954.769298666
126 57 4021804.931246459
126 64 5020479.719899935
126 65 23937978.10833166
126 67 1929621.3525594121
126 68 29106750.265847158
126 69 15306475.815735975
126 70 3663804.341873736
126 71 11907896.629633656
126 72 10950812.831977533
126 73 3628182.134808497
126 74 2610359.202761644
126 75 8511765.499939907
126 76 1951605.9627795555
126 79 11105551.378422052
126 83 11665570.482237548
126 84 9146590.260152228
126 89 17943627.020142186
126 91 6223539.612163527
126 94 5545938.824561114
126 97 3236904.6442371556
126 101 30682276.43903836
126 102 13278487.311159818
126 105 3283132.5671438035
126 106 10605290.797925452
126 107 31685350.281168934
126 109 7808602.754018267
126 112 16464898.664245777
126 113 30089298.769215744
126 114 8075020.40374725
126 115 5543349.621091297
126 117 1572110.0741208182
126 118 14550347.407122457
126 122 1552260.3126919505
126 125 2424051.9655787097
126 129 25478066.51559535
126 130 4920877.8665636005
126 131 20163920.55541907
126 133 16632278.894434648
126 135 876455.1597558617
126 137 4232834.040110851
126 138 6513372.315731424
126 141 5424839.134359978
126 142 4347088.1253485
126 143 4997005.646256942
126 146 6145020.169843864
126 147 20625832.55366976
126 149 5260501.586521327
126 152 1806325.905615861
126 154 1946241.0299593306
127 1 801339.9181788617
127 6 488197.4385994307
127 7 6353219.672787718
127 14 2385404.629885724
127 21 624800.6569792831
127 26 1265646.7455993814
127 31 309930.28878783155
127 38 3666596.8224663096
127 40 102041.55925689083
127 42 1861108.0652919307
127 45 524378.9888162925
127 49 623846.0082027123
127 50 453262.84298517974
127 51 2590896.3209726834
127 54 312456.74466611526
127 55 2324296.1948541515
127 56 599509.0108901287
127 57 146326.35703022228
127 64 55403.030308828886
127 65 1195046.2053135193
127 67 1277012.720683818
127 68 1194687.3092566633
127 70 1242391.537890734
127 72 2824589.0243177847
127 74 4844655.42486392
127 76 2168060.3200775124
127 79 2019423.8286448806
127 84 456926.6292026303
127 89 928165.4616438214
127 91 3288630.4824414486
127 94 836046.8640162321
127 97 1542980.4047080716
127 101 3036840.87997394
127 102 317140.74775828485
127 104 3784999.3836191385
127 105 5849601.097785177
127 106 1901654.057657777
127 113 524067.46775148995
127 115 2836288.5238474417
127 117 1386599.891607485
127 118 1075955.9804128145
127 125 262439.2632264694
127 126 617406.2817133511
127 129 2246666.5855123326
127 131 920295.2496656203
127 133 205048.89885358026
127 137 305544.363657333
127 138 2201341.3381987545
127 141 1438981.9226695378
127 142 6392369.078785237
127 146 317497.8173554076
127 147 2725873.4094195953
127 149 9966522.705103543
127 152 1561457.4983301852
127 154 1602262.5757635792
127 160 5107570.079382221
128 0 941066.8142734888
128 1 2057149.8427410212
128 5 975460.9297358359
128 6 2168018.62200321
128 7 1341378.70272812
128 14 643133.5216361886
128 18 1328942.0148986748
128 21 363200.70480610663
128 26 1483418.0073743418
128 30 1286482.2581955462
128 31 1679249.8071629107
128 35 901804.683775477
128 37 8228104.677962028
128 38 1673614.9766504732
128 40 495906.3557166911
128 45 297639.83855435794
128 46 2613288.6473625274
128 49 741630.583312974
128 50 1071239.7945083105
128 51 1801758.824399786
128 54 1625357.3097560485
128 55 676668.2534903409
128 56 1237093.2237102645
128 64 1798175.9561964388
128 65 66997.51785080365
128 67 1069978.8626340884
128 68 848768.3122813816
128 69 1029870.479384961
128 70 893684.514289827
128 71 1503854.070035475
128 72 447664.10953392216
128 73 1904631.0039331506
128 74 358113.24565204856
128 76 296778.9485132549
128 77 6324070.236903676
128 79 1738255.6960072233
128 84 382389.57520636776
128 87 366320.91608922946
128 89 1401933.6959566178
128 91 3067828.2698389958
128 93 642544.9498753375
128 94 1793387.644369875
128 97 2226859.2848502058
128 101 640980.87570189
128 104 566690.0807466542
128 105 700897.2667016875
128 106 5217281.071456718
128 107 263733.85881956614
128 113 222226.57047477545
128 117 615775.1282088822
128 121 7034717.510974103
128 125 3091004.2645991067
128 129 713746.7795802228
128 131 106329.03235777655
128 133 1732713.6097927282
128 134 1034505.0077193009
128 135 1735246.3627050584
128 137 462817.87246494973
128 138 3202336.265101204
128 141 243300.64817665203
128 142 1201159.0109142028
128 145 3435183.0363335563
128 147 1793743.655322314
128 150 133103.9037937809
128 152 4010811.980003067
128 154 402403.75228962535
128 157 1036732.6817668059
128 160 129741.70856335708
129 0 26390988.14800103
129 1 27819609.21502543
129 3 687659.5512709758
129 4 592100325.4417393
129 5 20121169.78203274
129 6 1499971747.8375866
129 7 937243773.7099507
129 8 45368433.236377954
129 9 9315977.087176321
129 12 56456539.79057158
129 13 35282473.14987276
129 14 105830256.30446242
129 15 14839048.8631586
129 16 5194342.36440079
129 18 6522483.7925141
129 19 567918924.0866842
129 21 30484931.42275674
129 22 17166269.190664034
129 23 1568472.8758069985
129 25 73907.5732427749
129 26 3331208067.3627553
129 27 5672757.636232146
129 30 600824139.1135834
129 31 384396603.84034616
129 32 42247821.77814737
129 33 1216463.3275591123
129 35 1951785.1042545612
129 36 136325741.46877086
129 37 75711222.47549197
129 38 29043883.00161348
129 40 156474203.7805154
129 42 2763597.175043724
129 44 46002435.91756096
129 45 68038622.31524612
129 46 16168309.792705934
129 49 1053985586.093629
129 50 13667243.70626659
129 51 3896904274.666706
129 52 1549010.1127047103
129 53 4195214.587175397
129 54 3272789893.3450713
129 55 7570563.97360081
129 56 50094549.4415475
129 57 1239256.402127199
129 58 57235609.86856344
129 59 2362443.327846052
129 61 7956630.632300922
129 63 40258324.36703997
129 64 937863326.3181661
129 65 103102387.93240221
129 66 3112272.8961008233
129 67 126110041.5526509
129 68 541348975.1934186
129 69 715790565.9767513
129 70 2200182748.4607553
129 71 1446020826.702373
129 72 490573355.6331043
129 73 57690651.22766652
129 74 576939853.1584375
129 75 57954930.206720695
129 76 26977176.771798983
129 77 4077727.740025342
129 78 2253975.079327001
129 79 2776002258.5167856
129 83 29327008.936411913
129 84 11648572.40391955
129 86 126368588.38582167
129 87 12266088.724978724
129 88 2179885.1875338857
129 89 492939701.240049
129 90 3618927.026146614
129 91 1637064.5348655106
129 93 8283900.535288672
129 94 3272672907.5358734
129 95 1580129.6226497309
129 96 11115289.170135235
129 97 270531721.0724511
129 100 65431548.18645777
129 101 1759167533.2960358
129 102 965699009.6776567
129 103 26080103.542063206
129 104 1771651.5551033246
129 105 90961826.02972421
129 106 2632307053.0558424
129 107 31282254.014731497
129 109 28531053.28902805
129 111 40054004.673963316
129 112 2572455.368356663
129 113 1152834034.2256145
129 114 1252287331.1873715
129 115 349983565.0752034
129 117 161594041.77567336
129 118 1708864316.963578
129 119 4508522.709821665
129 120 173361.2090567041
129 121 9215357.6706103
129 122 3668611.1192552145
129 124 2237114.8649683
129 125 373202603.66375697
129 126 47652354.06559362
129 130 162604774.01037782
129 131 983832382.1914055
129 133 563421805.8570749
129 134 2401306.6897707973
129 135 26598496.288847554
129 136 15026405.316608962
129 137 1910437960.3394914
129 138 2551667506.3922324
129 141 11228758.139937824
129 142 304739557.8222653
129 143 708952.5808415558
129 145 14610067.160678737
129 146 166969981.5838741
129 147 1896023548.3804948
129 148 14542237.26767824
129 149 8204998.869784442
129 150 55110157.27092228
129 152 5497217834.451193
129 153 171700410.94670358
129 154 1180457195.016284
129 157 47516130.252528235
129 160 4881616.025088772
130 1 49629585.39856704
130 4 443101385.53116757
130 6 146444448.04316306
130 7 68761986.67104402
130 8 7384341.78641474
130 12 21147737.465584375
130 13 20743446.0564317
130 14 260144132.86861184
130 16 4081771.3500239253
130 18 22478509.52735784
130 19 388925660.3570726
130 21 102597746.03546938
130 22 240115.04982483247
130 26 14189668.6198992
130 30 55202588.52488977
130 31 240427588.4625264
130 32 168643585.08637983
130 36 4791311.106773714
130 37 91404625.14543623
130 38 1186677.274575553
130 40 170847276.7825427
130 42 29631.7028074262
130 44 68242553.87838739
130 45 18144872.793382704
130 49 73587709.03988354
130 50 50504253.1843223
130 51 130414393.50276656
130 53 2266965.397620619
130 54 66420863.86635331
130 55 9218147.566008126
130 56 940421849.3519763
130 58 144900707.1265047
130 63 44646885.420056485
130 64 110829843.11702168
130 65 115578297.49165253
130 66 2269030.991309962
130 67 66569155.54025792
130 68 41838946.034079544
130 69 258722613.55583102
130 70 9691431.30928185
130 71 320350742.854916
130 72 162866691.58751315
130 73 51187931.033458084
130 74 101370297.01158531
130 75 9115134.012891
130 77 8054596.901767195
130 79 14824793.041247552
130 83 9901475.643827464
130 84 42930117.55748789
130 86 18715294.29135059
130 87 8901331.340812806
130 88 9442979.931304827
130 89 98760965.05674604
130 90 23493473.363271397
130 93 30996146.167007297
130 94 86124684.08676644
130 97 17629093.539720807
130 101 121552417.84470779
130 102 6999744.919160104
130 105 9311816.546643618
130 106 170563251.39616665
130 112 28375112.046048846
130 113 251746815.74232677
130 114 28829229.754691612
130 115 66200746.70546516
130 117 7365078.613806613
130 118 405677435.0322168
130 120 1171809.6716134506
130 122 8270484.851699762
130 125 171801024.97253773
130 129 47658337.74716887
130 131 545299852.8893884
130 133 374085656.3328185
130 135 1188681.6727259576
130 137 298948480.9330395
130 138 211358223.7072338
130 141 19894986.733067255
130 142 331116020.4607855
130 143 5364136.329105844
130 145 1787395.9537666705
130 146 125300545.43988504
130 147 212717.62926586575
130 152 446721190.948242
130 153 40987698.14252907
130 154 53973346.91452333
130 157 19002260.421864875
130 160 30602675.677456927
131 0 61848998.439625435
131 1 190720859.73284206
131 3 891810.2396207536
131 4 162656425.4621855
131 5 11307127.296730718
131 6 2462124005.28396
131 7 1339514505.489135
131 8 25622380.864717215
131 9 103547824.57243447
131 12 1433664.8543041246
131 13 5080064.680000887
131 14 599838705.0131675
131 15 1815486.1838409968
131 16 6291005.1364335595
131 18 13096734.705662796
131 19 532036.9671377199
131 21 116220638.861889
131 22 8065743.419684101
131 23 1799558.1441738124
131 25 25293025.603212576
131 26 355041437.4955211
131 27 4835539.066782026
131 30 115594100.78398354
131 31 184429936.29868206
131 32 360506919.7840876
131 35 461778535.1207732
131 36 51133078.00997483
131 37 61674760.19572208
131 38 168661113.4232065
131 40 912913327.4177376
131 42 1380480.1365448937
131 44 5490491.209136047
131 45 524168967.38554925
131 46 3332951.0517465714
131 49 99346912.19022088
131 50 39480581.36415045
131 51 317113874.01338285
131 52 9197983.705166569
131 53 1042519.3356064432
131 54 30037256.27262042
131 55 57848332.92448678
131 56 96748089.90476747
131 57 1435242.2171673076
131 58 124123030.77095875
131 59 2155678.149979802
131 61 10925896.546912951
131 63 108136830.12931769
131 64 1212095819.4548624
131 65 86817330.61642665
131 66 20102172.696367506
131 67 366943457.5965339
131 68 161536065.84852618
131 69 33004531.601274356
131 70 1169484071.833051
131 71 617406619.1353067
131 72 1059770192.3109429
131 73 79386191.08045094
131 74 1245923366.731686
131 75 4530110.953681584
131 76 86044517.19183871
131 77 38017702.57002764
131 79 3667803972.6175537
131 83 93659533.25617857
131 84 12719384.322704412
131 86 4957638.593855726
131 87 364129.17430418066
131 88 22631754.06180202
131 89 150903093.75079137
131 90 7446203.188357324
131 91 39537939.119261764
131 93 38618826.39971721
131 94 10522717.017846448
131 95 21644146.109884065
131 96 47909805.155458935
131 97 295660894.4749714
131 100 96365821.44633284
131 101 438558191.3064001
131 102 263170102.4334083
131 103 55528512.17017725
131 104 4563083.36969976
131 105 5136182.42638853
131 106 223742960.57333943
131 107 79923834.63282011
131 109 437928.59281789727
131 111 38538409.80379877
131 112 62212479.402019836
131 113 299245075.92425144
131 114 435106060.58073556
131 115 440938800.4247232
131 117 189411565.20355344
131 118 150578849.7371047
131 119 493419.2800462916
131 120 3141332.0069348807
131 121 4416408.998022911
131 122 828565.3057498112
131 125 192406953.77723098
131 126 15896005.93641815
131 129 835408208.1608394
131 130 133825018.36731559
131 133 20910674.78909028
131 134 96409070.15806119
131 135 28706243.226278268
131 136 11383942.224635689
131 137 236409147.3933591
131 138 475271178.0498429
131 141 3238884.1177959065
131 142 15382922.110213436
131 143 3555324.4691987582
131 145 31893891.138103545
131 146 139696424.1124053
131 147 64884990.58875944
131 148 11387292.711665414
131 149 30169274.853012472
131 150 525072902.005187
131 152 5663855895.602588
131 153 12421811.980274709
131 154 1110744742.5556345
131 157 100921606.98678775
131 160 19585565.637747668
132 4 15346842.935703665
132 6 1578740.8721818782
132 7 11367301.591651773
132 14 227213.18833693195
132 21 161200.1734144655
132 26 923767.617508793
132 35 2816000.324419528
132 38 4630961.688917286
132 51 929812.5654303429
132 54 4466823.420947369
132 56 3094781.4312586864
132 64 822571.7224929719
132 65 581768.5327963531
132 68 2889439.1549024372
132 70 8857769.515781697
132 72 621776.5260853136
132 74 16662180.18179222
132 83 1660924.2616360255
132 89 3039513.8624484907
132 94 1075993.2522542754
132 101 3257923.154115066
132 106 918069.9522154543
132 125 103274.55258731748
132 130 8444278.501465643
132 131 23681174.25780969
132 133 138715.4043932279
132 137 10867878.691580042
132 138 1209828.6829764256
132 141 260814.4076690483
132 142 112565.18236223623
132 150 760260.3224813013
132 152 463500.74418648466
132 154 1265193.254043506
132 160 1352577.351795932
133 0 82641206.60008836
133 1 94739403.01771298
133 3 1598451.3763243866
133 4 172725796.0778887
133 5 1809253.5821394303
133 6 121402606.93366164
133 7 789194428.9119786
133 8 10626959.49821178
133 9 3219437.841888325
133 12 41529985.49020058
133 13 276896384.66205186
133 14 388234826.75615746
133 15 1237051.8386105513
133 16 11331125.198134812
133 17 1244201.038852031
133 18 9455526.592732448
133 19 2502963707.043696
133 21 54832999.99833002
133 22 1155023.1268803007
133 23 3811284.988484742
133 25 69899601.95052135
133 26 932234440.8843496
133 27 2774820.0274159657
133 28 1681255.7927020483
133 30 82871421.60556589
133 31 4390963387.713712
133 32 84700516.82060586
133 33 192870.65952911286
133 35 160564155.55533272
133 36 10952622.933894238
133 37 47371700.3036207
133 38 84484621.62033951
133 40 80650008.90488672
133 42 2896242.4086369667
133 44 53233002.93076754
133 45 1073800782.3173764
133 46 174704252.2066748
133 49 129794558.71467732
133 50 4784329.99497312
133 51 5933147130.747797
133 52 11945258.742777156
133 53 1129091.97627967
133 54 1383123639.2103868
133 55 3548854.6612775167
133 56 460047220.5413467
133 57 3365869.076815309
133 58 111833620.46904583
133 59 9170911.41899959
133 61 11959539.818825739
133 63 22052205.592549898
133 64 122975951.82322945
133 65 34265976.31268766
133 66 4223225.271636115
133 67 4742694661.265183
133 68 259773360.11068583
133 69 102056999.5143522
133 70 241210953.44034803
133 71 656627066.0691987
133 72 3815892159.994439
133 73 71677864.49235153
133 74 2384189021.486479
133 75 841330.9982668997
133 76 13880297.407049252
133 77 27959007.474023875
133 79 4349610919.439942
133 84 200229131.6012561
133 86 10382709.885045335
133 87 4516823.268610753
133 88 3828446.6722084363
133 89 555947836.8513803
133 90 10947699.743285278
133 91 27305117.70960312
133 93 67135703.06091934
133 94 2782902053.2650604
133 95 3604790.159281372
133 96 48636395.60963668
133 97 442289556.4367529
133 100 9467486.721664425
133 101 319188557.2507405
133 102 368745918.3626557
133 103 21675605.743020542
133 104 3244973.6521620667
133 105 52183561.22159167
133 106 2230151326.568945
133 107 27605220.794357188
133 109 131468317.70299573
133 111 3975478.6367791123
133 112 167329349.8916804
133 113 290766304.525684
133 114 2271775649.09411
133 115 214599889.1313676
133 117 135609383.78799933
133 118 511590105.2722891
133 119 12166173.394833889
133 120 198751.66593939567
133 121 4825317.902560689
133 122 3654811.7889403524
133 124 1883884.1578631948
133 125 1590575582.583627
133 126 2624636.2870627223
133 129 782264742.1936003
133 130 55295665.40502125
133 131 18286718.057388492
133 134 108092073.35782076
133 135 23175517.682007145
133 136 6272005.538470038
133 137 2385122459.097243
133 138 1184675734.790754
133 141 10714765.048915062
133 142 1880535537.9529889
133 143 1945711.1895811395
133 145 45049557.58654011
133 146 60850423.174780294
133 147 2638524724.9329767
133 148 953439.7127782173
133 149 63896401.62879022
133 150 80718576.78228585
133 152 5604239463.750238
133 153 59515127.00764083
133 154 2102056163.460264
133 157 292529584.21793395
133 160 3480670.50485942
134 0 10154627.967572683
134 1 7075571.424542096
134 3 7320702.872949547
134 4 14956258.845531262
134 5 7377553.720427919
134 6 44790524.31985114
134 7 3145710.2488731514
134 8 6950159.655666522
134 12 6872138.308770832
134 13 12884850.584529351
134 14 2026669.3251137512
134 15 3533628.3692792836
134 16 1501867.898535425
134 18 15750403.115037585
134 19 32806842.718823794
134 21 13784329.748049494
134 22 3183029.7928567925
134 23 858816.1521506481
134 25 2495718.1417467566
134 26 26929655.544129003
134 27 1061140.1014467636
134 28 421499.2930403497
134 30 36134486.00383428
134 31 6697182.821949317
134 32 79152652.79939789
134 35 26112705.812437445
134 36 5965198.4668257525
134 37 1941701.475854161
134 38 659411.6379195397
134 40 15247464.854912214
134 42 58765.05846239843
134 44 14950003.528856892
134 45 15547218.137923887
134 46 10179365.34008632
134 49 11555561.938229641
134 50 16771965.214517243
134 51 7625638.360755349
134 52 7367649.388120823
134 54 105734505.89123088
134 55 7286571.058990055
134 56 55915626.25678161
134 57 8377586.154863704
134 58 2493264.927697285
134 59 8036155.970298257
134 61 16085968.235175526
134 63 37481084.93347309
134 64 72795017.27210851
134 65 87798244.42520581
134 66 4989685.40758368
134 67 86120422.6628122
134 68 73891079.52143906
134 69 30875323.173687715
134 70 13060499.267400023
134 71 132348203.3859297
134 72 18930315.438555297
134 73 54773390.51935142
134 74 4420113.56595802
134 75 19081176.697044443
134 76 12387162.302691886
134 77 22592079.729724832
134 78 1432387.9577622786
134 79 109935227.6192968
134 83 8286642.893090588
134 84 104818582.04976869
134 86 44274281.70601902
134 87 2687982.3343477002
134 89 39092586.70754505
134 90 8349183.339437502
134 91 5300544.884812421
134 93 6159014.803979745
134 94 28508266.066324726
134 95 4753591.781402697
134 96 4357462.99532903
134 97 16684096.682554662
134 101 75554760.2220346
134 102 17482918.997776784
134 103 12324999.613166254
134 104 7813433.026861394
134 105 6852951.607059442
134 106 146039473.04969543
134 107 80352.01231380444
134 109 29723282.874460425
134 111 26390566.00081185
134 112 56318481.405386925
134 113 125113649.05850147
134 114 21088417.98903532
134 115 206972968.44862384
134 117 23439453.388163846
134 118 12416110.142482035
134 119 626775.3839757225
134 120 2406991.198654237
134 121 2318170.081747904
134 122 1219916.9299446829
134 125 29114541.933270436
134 126 3246253.9626186504
134 129 46547561.93241067
134 130 54586805.552183196
134 131 99041773.76865558
134 133 76052445.29677792
134 135 14676241.489390662
134 136 20000073.19474342
134 137 12803156.135363095
134 138 23171324.388758153
134 141 10432847.267380554
134 142 11495720.226130279
134 143 1922600.3819497789
134 145 26362834.534781154
134 146 39475200.68863477
134 147 128272493.1635665
134 149 6009537.659945081
134 150 26595141.137780514
134 152 7922733.84737013
134 153 2774324.9905689927
134 154 49747977.16602088
134 157 8906180.31157812
134 160 7767766.424682499
135 0 2228615.5599248335
135 1 1327277.3562016424
135 6 21424843.54668586
135 7 2723972.7739874725
135 13 3172018.7344535096
135 14 8584090.733030628
135 16 734825.641779021
135 18 28553416.525865402
135 19 3688146.238001674
135 21 9810268.683571594
135 22 10614778.692421746
135 23 1696693.919371717
135 25 791288.5477714109
135 26 19125572.23477397
135 31 4024991.5163171496
135 32 11533713.133120397
135 35 13222004.424091807
135 37 19138666.15323984
135 38 9421479.3034565
135 40 2676185.0967831053
135 45 22462959.590754483
135 49 9301646.369146686
135 50 8645601.073753284
135 51 39567680.07104825
135 54 1323321.2265014988
135 55 391608.2354533284
135 56 10342346.176127246
135 57 1336000.2119582887
135 61 1824106.5045169212
135 64 11013079.421252875
135 65 14674429.61143438
135 66 2818985.800627904
135 67 2691711.3544951794
135 68 15958481.778702432
135 70 34632673.504688874
135 71 4026599.170523288
135 72 1310823.2161399927
135 74 6367958.300359402
135 75 28833047.87755256
135 76 13771714.239540327
135 77 14843537.903301595
135 79 330221.3083697564
135 84 3394243.0817806856
135 86 12414541.097519832
135 87 6737452.065138801
135 89 1769197.306473413
135 91 97613.63563922056
135 94 195731.02439859483
135 97 9205168.571489291
135 101 1494084.4576507742
135 106 9486500.153629035
135 111 5214590.258202547
135 113 2864694.9375255345
135 114 10529353.955985116
135 115 7255256.97058963
135 117 9827765.318541422
135 118 11997645.752224408
135 125 15525844.288069239
135 126 1441847.9819406406
135 129 1337514.092873266
135 130 3746549.479661193
135 131 2192775.0643124734
135 133 1763181.1964367346
135 137 2647844.6106562824
135 138 22146597.495056115
135 142 4219370.95702759
135 146 6371420.925364899
135 147 34476026.70180958
135 149 945311.7742583037
135 150 2089913.0718703992
135 152 11967033.11568157
135 154 22135468.707800303
135 157 20011533.032999616
135 160 5605980.50991444
136 1 8848615.215220235
136 6 26761050.83057268
136 7 11517035.44769732
136 14 2933600.592997113
136 15 7281228.840885271
136 18 2802725.7940586396
136 19 11438572.294900207
136 21 4164795.210014197
136 23 620914.3040393117
136 26 5884302.429326067
136 30 11998562.599747999
136 32 24554606.18793817
136 37 25554516.61272481
136 38 8376936.767096367
136 40 12547839.190842286
136 44 1621323.5928874582
136 49 2767644.067574527
136 50 1212119.234612678
136 51 26906646.56994712
136 52 187235.79546077794
136 54 25814019.506289266
136 55 15861831.640907925
136 56 12067204.50033633
136 57 862004.1526323992
136 64 21900914.744564407
136 65 15478521.454347005
136 68 30187.23578947209
136 70 19564603.860235922
136 72 5820053.470109707
136 74 1956919.4881174003
136 76 5499568.004512775
136 79 15721834.26936829
136 84 17974381.034849994
136 86 233935.8222351422
136 88 2738281.9180719326
136 89 1687275.4112197044
136 94 14055566.147339428
136 95 757027.7236129389
136 101 5048171.810349281
136 103 6534978.441696737
136 105 14745228.703670645
136 106 1182740.5815754503
136 113 52029819.27526914
136 117 39029211.762103006
136 118 6864856.172920971
136 121 1989887.072383831
136 125 9281075.74047795
136 129 7621002.575304958
136 131 3876788.548510256
136 133 2632444.832667227
136 135 4297387.078238814
136 137 8885486.221337324
136 138 19568661.66046079
136 141 11096883.63243352
136 146 6386188.728049764
136 147 2914073.0290897125
136 149 2292.5952516629777
136 150 4873101.359115418
136 152 55253572.02817531
136 154 3492824.7902551577
136 160 9161994.474015899
137 0 23184842.561861664
137 1 109907423.50976236
137 3 2116040.635937785
137 4 523362037.71193767
137 5 1548225.4423071495
137 6 2264368146.6715946
137 7 1669993442.7845905
137 8 2582126.560786266
137 9 71527880.53446484
137 12 13341502.158357792
137 13 308750971.8817962
137 14 956122024.3541672
137 15 2628954.2735133893
137 16 20182861.225459255
137 17 12564592.985292718
137 18 26654283.436583128
137 19 874350518.1398215
137 21 35244819.79185218
137 22 10714413.030918643
137 23 863593.1261189957
137 25 14333210.692104813
137 26 3183007433.7469196
137 27 4232051.50871636
137 28 1556167.587554374
137 30 43784419.139154114
137 31 2379794027.1848235
137 32 618653668.3911244
137 33 1517321.1698986448
137 35 14592374.826373244
137 36 28773501.431778874
137 37 1010885.2804072181
137 38 26184310.060087007
137 40 1765159440.0449593
137 42 6696808.185035707
137 44 46338875.63293065
137 45 474812318.29663986
137 46 5404974.936380804
137 49 345255007.7402187
137 50 18642399.17559956
137 51 11270620410.745743
137 52 4519888.177818616
137 53 6775831.806888138
137 54 3137588902.0709944
137 55 32286307.2905357
137 56 1787540777.712564
137 57 2735671.2304168344
137 58 79920600.27955642
137 59 8264637.018822061
137 61 6773608.200282867
137 63 27745801.561684947
137 64 5096495581.762113
137 65 516777705.42402947
137 66 12966314.782861132
137 67 240232648.3821553
137 68 272153922.90099084
137 69 280510411.79498565
137 70 1397953663.2510436
137 71 1161284759.0036144
137 72 805550823.0044162
137 73 21225108.999182865
137 74 2451740299.4798703
137 75 23495842.378173623
137 76 437098.11470505147
137 77 19003452.54075306
137 79 51079407.77858575
137 83 100899588.45996346
137 84 168129543.81732103
137 86 41084205.474679925
137 87 12505083.778964097
137 88 3352561.8842291087
137 89 1691667991.0061944
137 91 2253234.978699258
137 93 14726630.622398695
137 94 1227342213.0907695
137 95 19515774.968627036
137 96 18217047.975712214
137 97 271814836.08302695
137 100 42354485.835443646
137 101 1564527182.2163582
137 102 88709107.88292846
137 103 27983508.53628353
137 104 1031593.490322181
137 105 30543273.681953374
137 106 28437478.31348434
137 107 34865875.969844565
137 109 69002512.80671088
137 111 16480623.814208074
137 112 185755063.71718532
137 113 10334252.122037997
137 114 773852909.8765694
137 115 348652822.102007
137 117 39770634.86834837
137 118 53286268.03176815
137 119 10692268.194762263
137 120 1400322.461692805
137 121 2147790.624224895
137 122 307992.5122076565
137 124 1504256.7618975465
137 125 1478559382.8433042
137 126 70801809.77211453
137 129 811225850.3056172
137 130 490303560.8770021
137 131 560495859.407642
137 133 2763874708.255409
137 134 280754115.5930896
137 135 6692637.447081166
137 136 17461849.98635684
137 138 3556669664.725509
137 141 34128105.798756406
137 142 1042910201.3040773
137 143 1127580.4362555672
137 145 18818279.078195263
137 146 215560536.20108494
137 147 991862976.1317153
137 148 10207349.117127964
137 149 19014168.311252665
137 150 203248783.9639975
137 152 4560492694.162988
137 153 10911565.14351191
137 154 1208055890.9719763
137 157 297001064.17095035
137 160 24364803.36965076
138 0 4702258.888260594
138 1 26199712.88830968
138 3 3721057.9415000957
138 4 640179281.5231527
138 5 8799624.869434139
138 6 4606304865.398269
138 7 2910021464.1911
138 8 3291296.069001708
138 9 53732614.19418688
138 12 18754610.293256283
138 13 37161890.55208335
138 14 3875370.4290809957
138 15 9720890.790657308
138 16 480217.8986413695
138 17 3279697.570568327
138 18 9829669.53409253
138 19 383169926.4744112
138 21 83333154.06934848
138 22 3922870.708543805
138 23 4461386.5014679665
138 25 782946.2306737358
138 26 1174527456.054655
138 27 1703959.2160970098
138 28 1590492.0773231136
138 30 197248354.4894759
138 31 3727117152.5422363
138 32 8781058.515761955
138 33 81432.46098652628
138 35 97811289.16955191
138 36 22289097.89194902
138 37 359174652.4297704
138 38 8604352.42917957
138 40 255920643.3811013
138 42 113841.13189056209
138 44 29670079.220589947
138 45 415364824.50354373
138 46 33834859.300409235
138 49 1113138495.9294808
138 50 22909550.606121104
138 51 279697387.33153576
138 52 1721449.351052375
138 53 2232689.4481132524
138 54 208383947.96255103
138 55 6493588.488151121
138 56 870489334.2071393
138 57 810020.7016863858
138 58 19952199.747023284
138 59 198662.99404721564
138 61 151840.77160669427
138 63 61721666.449939206
138 64 1062795381.7212204
138 65 90284151.5861159
138 66 81577218.25225924
138 67 31923291.520112146
138 68 825082443.7328829
138 69 100097195.71703891
138 70 244522795.5843698
138 71 122505867.3597103
138 72 2062878190.8350854
138 73 2579922.6684602834
138 74 9771518267.873116
138 75 76198831.68590242
138 76 14494391.616358036
138 77 14423055.919664077
138 78 1962376.3479742408
138 79 3726259614.8775263
138 83 7569922.2869485235
138 84 271821185.96210265
138 86 152165364.02907726
138 87 18588326.107937608
138 88 20426725.30573985
138 89 929934699.8051596
138 90 3161183.1108301985
138 91 3199621.419119266
138 93 15762153.675544746
138 94 2088550399.7947974
138 95 4422823.895179153
138 96 1335497.2467548796
138 97 25650931.681537658
138 100 4998294.917139004
138 101 1797144054.136275
138 102 418214855.5349054
138 103 7018128.853854647
138 104 9897746.941880092
138 105 142910974.52984297
138 106 678036496.8852909
138 107 91044482.36531115
138 109 21820953.5425623
138 111 19636743.223670404
138 112 148915107.48086894
138 113 996532016.9751238
138 114 331032627.2165734
138 115 591437181.3334126
138 117 17095744.346464053
138 118 118554894.53557871
138 119 1081689.92870572
138 120 123974.75325223668
138 121 213010.27087656345
138 122 1920509.0761335422
138 124 2251537.100886237
138 125 853263553.2858199
138 126 16741102.059079885
138 129 1245063041.0565999
138 130 25532980.61160827
138 131 133496321.62229186
138 133 7501171485.410574
138 134 69549519.32573166
138 135 3066704.7692791154
138 136 3919597.664922921
138 137 93702549.10593474
138 141 5216897.804207172
138 142 1209065946.58762
138 143 13524989.675372377
138 145 64403821.55596732
138 146 28611990.17680824
138 147 2251705226.3326106
138 148 2149086.7208331646
138 149 2214136.773872642
138 150 89401338.98118973
138 152 1692909406.7954657
138 153 86906187.48785308
138 154 1748886915.2610564
138 157 29733394.873881027
138 160 5788570.996145928
139 1 116976493.70553625
139 4 18695383.4847152
139 5 1052838.6957350227
139 6 22666298.07429015
139 7 164513034.90439713
139 14 126463599.04192674
139 15 393061.5247668514
139 16 11744577.478310963
139 18 17899453.397653695
139 19 59114952.91599906
139 21 11885639.061671535
139 23 153878.2301388963
139 25 10161493.379309826
139 26 60239727.22070517
139 27 3833484.3534237887
139 30 86866664.19743374
139 31 48970729.028095566
139 32 42385271.858330905
139 35 86377608.83625402
139 36 50238128.53716992
139 37 11456509.387263699
139 38 5161542.724291027
139 40 27462764.616515227
139 44 1199248.2081578372
139 45 34462526.7641835
139 46 53162.588021395124
139 49 65261338.24538252
139 50 3238775.6479139
139 51 92958820.2696855
139 52 4311538.243166013
139 53 2198312.6584784305
139 54 257940573.12295973
139 55 24877652.992119182
139 56 161132485.52257854
139 58 18228939.37136475
139 61 4166559.513996113
139 63 645793.7214858194
139 64 54880421.40985537
139 65 183291649.43775412
139 66 18948441.31193601
139 67 16096249.260473022
139 68 50959935.642756045
139 70 12341671.581485108
139 71 22794922.72603316
139 72 133136389.62994552
139 74 8498480.765354794
139 75 8606281.128299514
139 76 35624946.72022232
139 77 151463902.4971898
139 79 136379400.49151543
139 83 1216978.595332598
139 84 96350289.21259555
139 87 7794437.247687878
139 88 5346474.592242601
139 89 127094333.62570451
139 94 18084401.24229906
139 95 11576144.666775985
139 97 70094355.39968602
139 100 11709847.84173483
139 101 92875981.66144404
139 102 3638171.192110988
139 105 27546886.39840649
139 106 1800501.110066801
139 107 37678090.73785351
139 111 1221734.6063699932
139 112 112895102.97556694
139 114 121888500.16684057
139 115 9722251.485613685
139 117 72345091.55515568
139 118 28146356.982386775
139 121 8778437.741977267
139 125 34915574.36231551
139 129 23670278.969771508
139 130 13920597.288635496
139 131 78842327.71214725
139 133 13816232.94691817
139 134 21390958.946950495
139 135 2594012.220172468
139 137 6397881.591938349
139 138 12583896.90922516
139 141 1824123.219640381
139 142 205721167.0760018
139 143 2851476.7130220653
139 145 8603176.73745906
139 146 30944992.047413945
139 147 32093310.826088674
139 150 63980833.247856274
139 152 84474520.51749043
139 153 56573721.16532843
139 154 47768412.11990137
139 157 103416173.13514987
139 160 13520820.189909432
140 1 5077847.958812403
140 6 15018297.945965767
140 7 2306719.079844952
140 13 2215955.0178776635
140 14 6946054.106769265
140 16 1675379.5777494588
140 19 3551517.4575307784
140 21 4202725.361994832
140 22 6217213.662418967
140 26 15197086.835741859
140 30 1874188.1428676273
140 31 1175447.3951487867
140 32 1172934.6614753066
140 35 204907.33644509435
140 36 1543096.4693500532
140 38 1029496.7991952768
140 44 4283263.625124926
140 45 14454128.11336424
140 51 10696842.472160084
140 54 208231.76020644195
140 56 2652638.973577545
140 64 2644269.587925491
140 65 12593464.200335529
140 68 4773116.130069366
140 70 2651294.563898841
140 71 146875.57046312527
140 72 3006409.9715515384
140 74 16435089.974882655
140 79 1851367.5439531545
140 84 3029515.8787546465
140 94 201951.8859732949
140 97 19822525.114242222
140 101 301854.89644841244
140 105 891386.1061409954
140 106 3582268.9574604286
140 115 2295471.8703165464
140 117 17198430.67339943
140 125 10111240.924102735
140 126 6100987.765099394
140 129 1765164.8125297646
140 130 6643703.065653792
140 131 4038570.3987660613
140 133 3491133.1718401583
140 135 1412381.5953486252
140 138 4256715.996201034
140 142 6420156.0670303125
140 143 4955995.688780936
140 146 6044684.821720796
140 147 4428744.379483498
140 149 205217.46294049523
140 152 6221847.495678039
140 154 508847.5270109818
141 1 1377193.3813200127
141 4 8563331.789804667
141 5 1067398.3205902302
141 6 6162434.783822656
141 7 1812172.2343136
141 8 3292507.66692576
141 12 4231502.405988402
141 14 576154.8612994447
141 15 6866714.6524193045
141 16 3319062.653040706
141 18 11173508.049044296
141 19 44178496.20495334
141 21 4639492.540480415
141 22 286674.5391971343
141 26 38407115.813005075
141 27 5886154.260043467
141 31 5531354.300088711
141 32 2573666.5460533127
141 35 8064243.486634337
141 36 10219288.397065602
141 37 1946186.7237242192
141 40 114233.55653211355
141 42 162421.91816221515
141 44 22117858.33628765
141 45 182446.28337048722
141 46 6502562.050174824
141 49 12512897.825541787
141 50 8239699.663679976
141 51 3638867.6765087787
141 52 734962.0894928363
141 54 6289477.865922441
141 55 5821997.687426646
141 56 22227714.73371061
141 57 1040932.7711744859
141 58 4649460.116719063
141 59 1083941.5996645058
141 63 589083.103691541
141 64 4837305.189211411
141 65 17236236.673623785
141 66 8228578.042067165
141 67 4517962.685560571
141 68 11523338.816884495
141 70 1932937.415821566
141 72 15942251.049795143
141 74 1860731.6454708185
141 76 6749817.336958153
141 79 19519314.19020667
141 83 3052076.9863620847
141 84 5239468.904397489
141 87 15015.391817724589
141 88 840071.5415290875
141 89 7202367.209057185
141 91 9228357.013249708
141 93 2261147.354573292
141 94 22128921.13110291
141 97 226755.20935278037
141 101 7919576.454712776
141 102 6251677.477957364
141 105 493694.9322154108
141 106 3996170.033541259
141 112 6882828.523473976
141 113 11195052.936810018
141 114 29009322.159524024
141 115 1459256.836325146
141 117 6200076.3223401075
141 118 3330924.506584946
141 119 500677.255827573
141 121 3210329.7860221085
141 125 9043366.707882108
141 126 6731683.818468823
141 129 3863106.571894033
141 130 9705514.978806518
141 131 1327660.1288480791
141 133 9427544.961919755
141 134 4466920.982353788
141 135 5686435.201240409
141 137 1852471.1506994283
141 138 294267.5271141122
141 142 13016564.055753184
141 143 5053004.466350366
141 147 9259290.643263496
141 149 1014320.5355151261
141 150 6027762.101526256
141 152 1142386.1869285489
141 154 17502558.39406842
142 0 18532868.526450448
142 1 271459849.0811162
142 3 5513730.220348835
142 4 1618960954.2320347
142 5 25178474.532758724
142 6 276622404.2592681
142 7 3687338487.70116
142 8 24936835.631218843
142 9 9538503.880044816
142 12 2912162.932228759
142 13 46743513.95101182
142 14 194586027.08132315
142 16 2318299.6292197043
142 18 6417933.69088776
142 19 4270129008.777904
142 21 10230499.09046539
142 22 78646.27372332697
142 23 2234689.5243079965
142 25 12372352.634453584
142 26 533428160.6002825
142 27 6179860.333911128
142 28 480956.3727160017
142 30 109068746.18298554
142 31 857253300.0824827
142 32 24506586.948715482
142 33 783726.5631566433
142 35 197821375.58773437
142 36 22511.9386651148
142 37 49983538.170510314
142 38 10504041.74980113
142 40 995990770.2025716
142 42 379580.0619924443
142 44 51141579.45666108
142 45 722881663.0123612
142 46 98836078.2805761
142 49 1272647455.7056706
142 50 2308429.6097912625
142 51 9169692356.890326
142 52 4540441.527356858
142 53 2436107.681822083
142 54 2024197136.3646765
142 55 14351156.86002675
142 56 454695658.13655394
142 57 2820802.1597634256
142 58 43445152.51572039
142 59 7022517.928211849
142 61 2758428.965366305
142 63 2540475.192998828
142 64 494608138.3728707
142 65 126506243.28979291
142 66 979552.485091467
142 67 895050424.2746023
142 68 405775710.1204163
142 69 69143761.90723303
142 70 483699763.4392695
142 71 790771681.5880424
142 72 628994395.8209852
142 73 2101064.1074950476
142 74 628652436.62174
142 75 7467277.564350011
142 76 44335897.072467834
142 77 7052800.829276561
142 79 967591104.3981855
142 83 7013277.357033091
142 84 187326772.7234661
142 86 59433455.67616125
142 87 6333153.666479875
142 88 12277488.617321905
142 89 1081907492.8585315
142 90 48474951.30757311
142 91 4464358.848626034
142 93 2380018.2797100064
142 94 2167104263.7027154
142 95 1452206.9202003402
142 96 388935.5584572179
142 97 80973397.39479974
142 100 51759121.10671502
142 101 2456061396.870013
142 102 92725347.62133648
142 103 2287063.351590386
142 104 9784692.720068771
142 105 12556276.132935734
142 106 1653034581.763105
142 107 63633230.019166715
142 109 86283829.5618416
142 111 35064398.1628678
142 112 4128912.487780059
142 113 512202561.166461
142 114 3214820091.844089
142 115 4484328.789268298
142 117 151288743.13771388
142 118 925955343.4652742
142 119 3511720.430048221
142 120 7534501.543337614
142 121 439980.3466858181
142 122 5400133.255875199
142 125 170691477.19777355
142 126 5827394.132969076
142 129 598793553.5849074
142 130 439555644.0799667
142 131 101811423.45215988
142 133 933536653.4573013
142 134 189543575.61596647
142 135 1382851.125487807
142 136 4948722.311319666
142 137 932422684.5102863
142 138 513711752.8359271
142 141 44430108.60709915
142 143 2361466.5843096594
142 145 66893908.29210771
142 146 17146164.070045352
142 147 22362191.86284405
142 148 93148049.86526354
142 149 10490405.591147779
142 150 213044511.45880708
142 152 1299144683.9379077
142 153 21002749.20437879
142 154 3375210842.7772007
142 157 254655585.87128273
142 160 15701435.295386184
143 0 1419713.8896419066
143 1 635928.3397780616
143 3 29112.81771789738
143 4 4761649.374052486
143 6 3438898.908404968
143 7 1253594.3372670654
143 12 1311193.4597575543
143 14 2252677.2621199074
143 15 134368.63961820104
143 21 922111.1392091314
143 26 155390.3672791667
143 32 1045006.858625825
143 36 1807070.149937939
143 38 1351321.6217898782
143 40 5100807.484591015
143 46 2843462.4006300927
143 49 6596707.08442253
143 50 11181479.514349218
143 51 3715155.2191298357
143 54 837418.4281583555
143 55 5059783.767960675
143 56 1056973.2283854415
143 61 8173807.746200318
143 64 53046.54020467117
143 65 809621.7012497048
143 67 14301922.515958183
143 68 13483817.48807575
143 70 7029054.207442578
143 72 2083507.7175105182
143 73 4932350.003297172
143 74 13100640.50611858
143 75 16363017.067598607
143 76 487255.0177652594
143 79 18585390.066111956
143 84 5948517.177850429
143 87 952361.0970624626
143 88 7077319.365981897
143 89 9545.539706043039
143 90 2837779.1091324016
143 91 6774040.198642085
143 94 2910750.76950595
143 95 5193628.011597353
143 97 810030.2802788392
143 102 13198797.585986096
143 103 12029645.461089004
143 105 3226604.4117102283
143 106 5806822.7527835
143 111 6419420.214110796
143 112 101194.13961092112
143 114 5639736.289980109
143 117 7561898.733777879
143 118 5618957.193475063
143 121 9929111.925953798
143 125 2093116.6434639674
143 129 18038432.021122996
143 130 6106193.647825908
143 131 4387956.177219776
143 133 1712237.175933232
143 137 6528982.692047625
143 138 2295478.7849975373
143 141 3823509.5752497916
143 145 2014081.9388179106
143 146 219207.95130382862
143 147 246183.97869100925
143 152 3442949.55058972
143 154 3088667.541787366
143 160 5246316.056301642
144 7 540189.6211090313
144 12 918294.1377971685
144 14 1032238.8733542986
144 25 549967.0570394526
144 26 567964.4386328339
144 31 289872.65753042256
144 32 835362.2237170436
144 40 168254.37625575828
144 50 208244.69698243888
144 51 303615.5145096461
144 54 393486.77894227236
144 55 261227.00689251232
144 56 397201.8357909873
144 66 320713.0925958821
144 67 102704.25633011265
144 70 1270340.018759051
144 72 223380.54289136943
144 74 607165.4463300379
144 79 293333.729134038
144 89 336353.0236271116
144 97 1288255.1222133057
144 101 193878.00475730473
144 106 335599.82488877804
144 115 577208.1102091613
144 117 356940.57909441384
144 125 227640.74137240916
144 129 529223.886924428
144 131 4728.341314282547
144 133 1917155.1692820482
144 137 107039.0038609171
144 138 839291.5345095576
144 142 1093018.1448016693
144 147 233672.87023348102
144 152 505079.5226631184
144 154 1358040.1649316058
145 1 48895528.35912123
145 3 3090436.8845028593
145 6 39128555.02490371
145 7 153475591.57863677
145 12 4102029.584461416
145 14 55926647.73823713
145 15 3040965.600603852
145 18 26312021.111430608
145 19 18278852.698217537
145 21 8888253.99752176
145 22 10202957.858699087
145 23 3897256.7095166566
145 26 1818958.8069581392
145 31 59739008.46865607
145 32 32147713.55595796
145 36 33359429.566300042
145 37 60389588.237313874
145 38 3976289.1647981307
145 42 1567494.851375051
145 45 27818405.663035918
145 46 36346567.63455517
145 49 34403443.61693021
145 50 12131427.499841254
145 51 58648572.856136486
145 52 16155726.170472039
145 53 3172216.648316027
145 54 29203154.322490606
145 55 129593.55089784526
145 56 8982398.343216717
145 57 865131.0286261898
145 59 61823.19707484466
145 61 5139473.433122657
145 65 131418562.7776592
145 66 18916597.43734166
145 67 134384844.41623136
145 68 21988025.177562576
145 69 7635536.126226808
145 70 176957036.79000834
145 71 225876156.45743313
145 72 12981007.649847666
145 73 13195897.810869455
145 74 49090724.57964334
145 75 10335706.032133913
145 77 23244129.314085655
145 79 41179005.03245356
145 83 37045349.715208806
145 87 5219389.516784568
145 88 5171493.8469672715
145 89 242004225.87700462
145 91 13420139.864942139
145 93 14009777.270505913
145 94 39819840.88752194
145 97 51251870.78190082
145 101 45455525.57235966
145 102 64424158.8822007
145 103 11562625.724795714
145 104 2505148.8464813996
145 105 10377930.81549481
145 106 43738106.967252485
145 111 16648518.03754108
145 112 4368485.3498135945
145 114 62469364.27897879
145 115 157563240.10007957
145 117 43425358.68983703
145 118 45227734.24434354
145 120 2797580.7729532407
145 121 1966270.693170836
145 122 1063442.9507648367
145 125 27155557.94807682
145 126 28700327.14241839
145 129 5114756.3071471825
145 130 22664782.431768462
145 131 26274617.973726653
145 133 70287407.97981119
145 135 9649950.155986955
145 136 5826559.993612059
145 137 40805550.057819024
145 138 13516913.295615101
145 141 4947582.127681624
145 142 67761023.70252772
145 146 1991625.1946245132
145 147 24812667.357024092
145 150 16547028.359000849
145 152 39214143.35026389
145 153 5808582.469341213
145 154 43036556.04188145
145 157 16448523.430302978
145 160 2964901.8782896968
146 1 80582965.53497702
146 4 16495994.646958057
146 6 308912179.99504626
146 7 117916529.79973312
146 8 14571504.961870188
146 9 10883186.440699387
146 12 15363593.163704647
146 13 54890166.98722855
146 14 257647989.4741122
146 15 3984655.10616681
146 16 9817152.080419896
146 18 81944866.1980945
146 19 327220330.79751235
146 21 7199663.241107273
146 22 4919065.698499119
146 23 405645.65162972396
146 25 6414905.55087626
146 26 212721124.2343228
146 28 1015262.2684249398
146 31 64639349.369446225
146 32 34543448.78369191
146 37 18974913.029361922
146 40 194195297.86226624
146 42 559211.7840609886
146 44 75102537.43252887
146 45 68440774.3013437
146 49 84384277.19079956
146 51 22054455.892602816
146 52 15495152.37635797
146 53 1579555.1850361582
146 54 74760693.41719432
146 55 37983961.02254485
146 56 149007597.47550806
146 59 3643740.2389332675
146 61 5511701.430639187
146 63 5001819.460316059
146 64 210947592.50362742
146 65 36637944.47285905
146 66 8007514.495996285
146 67 140373856.1543001
146 68 20754386.486590464
146 69 31056758.640915893
146 71 28804272.604487617
146 72 80313415.08758272
146 74 198826594.98393354
146 75 5787148.687937783
146 76 4261800.002020468
146 77 2054930.7037458136
146 79 329187313.02874583
146 83 66299512.4906651
146 84 19460431.095832847
146 86 11003936.023617228
146 87 9925827.840166198
146 89 46734286.380706064
146 91 7629183.786306757
146 93 11580572.0644813
146 94 114555303.49818295
146 96 2740246.804366167
146 97 133195222.50623783
146 101 117928082.60713334
146 102 17076739.205328725
146 103 7037984.358609821
146 105 15527763.382513529
146 106 101894779.67530581
146 107 48745169.631865606
146 109 8150811.9062242005
146 112 27073588.52229337
146 113 134907514.78687665
146 114 22852515.87055488
146 115 30888183.655791026
146 117 11933323.209338937
146 118 45960630.68121604
146 119 653460.530827676
146 125 65332088.923719384
146 126 30851218.918959253
146 129 5719653.920727978
146 130 2669504.404725472
146 131 37496291.61891307
146 133 7148979.741993892
146 134 1554954.3733568285
146 135 358604.0050903099
146 136 3876773.219963165
146 137 46317548.04074183
146 138 34158266.028101824
146 141 29771985.84379418
146 142 412131357.62130046
146 143 4117535.4344425667
146 145 68161303.50860985
146 147 111477619.85748062
146 149 7784031.570442681
146 150 44536440.23316972
146 152 263644164.98267773
146 153 29167027.04270536
146 154 55491340.514801696
146 160 13258143.050177325
147 0 70718715.29087685
147 1 33303233.248675622
147 3 4895971.876747786
147 4 82621276.2384956
147 5 10402715.226334913
147 6 1037173930.6390936
147 7 8337514.397947579
147 8 26199075.449379366
147 9 33177424.357585076
147 12 18072772.44522292
147 13 37218111.54027394
147 14 333182283.94874233
147 15 4448660.667228147
147 16 16168050.139787326
147 19 209444166.3079672
147 21 167168322.56520715
147 22 491875.27083616465
147 23 7695614.301336489
147 25 1200413.8081471182
147 26 898064037.60445
147 27 3626094.82154178
147 28 399061.50204592966
147 30 225058266.13880965
147 31 1382662493.003812
147 32 178121058.5028605
147 33 778479.9293963499
147 35 76749836.75949831
147 36 9831796.980200287
147 37 118350700.83536446
147 38 47224921.02648059
147 40 123669148.4776285
147 42 804676.7812958925
147 44 49866988.79855306
147 45 77218385.6444239
147 46 26671576.44009207
147 49 487560375.86889523
147 50 551266.8426392454
147 51 2232123384.5300355
147 52 26807848.365028843
147 53 4752503.448053635
147 54 1523183622.2725422
147 55 68224963.79295681
147 56 64060176.26016237
147 57 3552921.736970701
147 58 4075650.948570347
147 59 7276426.400324985
147 61 8746354.129208818
147 63 57416283.59594368
147 64 303996774.21200883
147 65 388847410.03145707
147 66 48338238.47863318
147 67 157314178.72732764
147 68 69674376.16565832
147 69 238382200.15291628
147 70 134007351.4411751
147 71 1009338199.5897112
147 72 738815723.143392
147 73 52203272.699110135
147 74 365926121.3071133
147 75 40603141.71391334
147 76 6631725.466943878
147 77 6930243.538579897
147 78 439124.2235992871
147 79 1429528260.500387
147 83 38730421.40868127
147 84 38769414.90944853
147 86 329006.63241009926
147 87 25393172.183395285
147 88 4745538.557974049
147 89 157985033.21297702
147 90 8835384.227260346
147 91 2141890.0392301935
147 93 3797069.370921419
147 94 683409.3276674703
147 95 11811035.79004644
147 97 101117104.87648517
147 100 1879964.955738794
147 101 1129438608.7813447
147 102 68343374.8100981
147 103 49708807.59424159
147 104 3652623.6434620684
147 105 79650531.18637002
147 106 187996775.08115023
147 107 38673112.19368748
147 111 4999894.488066355
147 112 128741051.55855216
147 113 56485342.347394064
147 114 235217.6902954397
147 115 401587643.20352525
147 117 106365939.47040619
147 118 174911189.00743636
147 119 403205.52990018623
147 120 1015822.741694811
147 121 3008561.2987713995
147 122 5837944.405838888
147 125 74959839.88555554
147 126 17879288.427967485
147 129 347570484.917404
147 130 162203753.6334336
147 131 37207945.12362209
147 133 42245817.002634
147 134 20970016.08465409
147 135 6951476.661997837
147 136 15284544.768891012
147 137 1209555075.432043
147 138 2563457226.857865
147 141 11176435.301667608
147 142 37361527.20122921
147 143 6799212.04773453
147 145 37152537.72071397
147 146 2740716.587068874
147 148 18596310.794384163
147 150 91028287.58028078
147 152 805683068.5585879
147 153 40559089.76412299
147 154 3884069980.2193594
147 157 192600568.96795222
147 160 9835042.426282732
148 1 5129934.623445258
148 4 5115104.877380084
148 6 19550793.42189944
148 7 44386.53611406187
148 12 8271201.200098517
148 14 88974079.81989509
148 23 3313704.0687531135
148 25 12060613.53902436
148 26 50406545.354641296
148 32 26020609.21724064
148 33 1707547.5890958793
148 36 7101376.959404147
148 37 21564546.240117706
148 40 3631501.475990663
148 45 14409252.934876917
148 49 3645879.120690402
148 51 29479752.670749914
148 54 17170955.293803602
148 55 7072696.688296048
148 56 3320857.722849359
148 64 19192589.356918797
148 65 80329286.32726352
148 67 9089377.446904859
148 70 111809603.08225982
148 72 5492232.2488154955
148 74 21858073.19916427
148 75 12770186.198124304
148 76 10063254.983117744
148 79 27038910.705677137
148 84 10909520.847010113
148 88 13337664.471538486
148 89 7590580.755958735
148 93 27693899.07512589
148 94 18724470.471506566
148 97 124571954.26133779
148 101 40874955.95587965
148 102 46413140.61504761
148 106 39551760.595110014
148 113 8091057.782085892
148 114 20465603.852283534
148 125 61248392.741906784
148 129 14828169.815642282
148 131 26188934.19549929
148 133 7342540.514299558
148 138 4261944.398776682
148 142 7405181.257489666
148 145 4460082.663682928
148 152 27051788.42572456
148 153 51778917.68248721
148 154 11214299.196117979
149 1 605954.8719468747
149 6 3087159.891441073
149 7 1746481.5465512816
149 12 930229.9794354807
149 13 401792.5175316549
149 14 8565563.206669994
149 18 3574498.450135298
149 19 134432.23834144874
149 21 13184447.93575865
149 22 13743153.746969141
149 25 2590342.7993761227
149 26 7593998.181159081
149 31 1933831.1146968163
149 32 111568.2097270589
149 36 3828874.8999780435
149 37 3991326.0683831605
149 40 4962463.263457386
149 44 4141437.347220426
149 45 4041546.664235094
149 49 64709.10226397613
149 50 1042406.8073013965
149 51 18520758.458230395
149 54 278080.9687699288
149 55 7439820.82743755
149 56 4242703.290400822
149 58 3741391.8792220447
149 59 7600382.925607725
149 63 919838.8095895227
149 65 3889199.7364349547
149 67 2676591.784224301
149 68 12558503.510794878
149 70 2550576.953670783
149 71 11928533.618116302
149 72 4504930.27962571
149 73 1188974.5789504226
149 74 3890062.794838528
149 75 599590.385971652
149 76 26814.94854341083
149 78 2994959.7050302927
149 79 921916.2715121477
149 83 8844336.455325257
149 84 2976999.4636930367
149 86 5699494.847154213
149 89 9490433.127573512
149 94 5746594.369202552
149 97 17436150.088394653
149 101 3728869.838254187
149 102 1314680.6294050147
149 105 2302659.503918258
149 106 305540.25716722885
149 113 6879960.116797616
149 114 1805663.4964479285
149 115 3202132.3762159906
149 117 12310511.109817944
149 118 6137028.669792374
149 119 432813.47438954865
149 125 3771771.8362691635
149 126 11114866.526895324
149 129 5934709.215887272
149 130 9510593.812523054
149 131 1843338.496605188
149 133 2625983.98213473
149 135 916329.1525622937
149 136 9757008.924835829
149 137 2190405.352686061
149 138 6654424.516584602
149 141 921364.3034442958
149 142 10803304.296842052
149 143 1338455.779392898
149 146 1344857.3330702493
149 147 5656130.306476981
149 150 12015224.993607901
149 152 6947334.640069913
149 153 3076461.204538252
149 154 22360403.04204628
149 157 9513079.946700642
150 0 4377091.64799575
150 1 21576009.907916993
150 3 17837148.7521392
150 4 457919152.643301
150 5 1010643.6013271709
150 6 276364573.43889034
150 7 208473303.74466488
150 8 21078073.689054128
150 13 10737457.922260217
150 14 5400383.34898148
150 16 5656641.215545713
150 19 26510994.97636957
150 21 13305095.08889264
150 22 2714234.7168421545
150 23 3796639.254168003
150 25 2682133.9778021257
150 26 77585658.12980632
150 30 64013983.134295315
150 31 117915753.29547645
150 32 20977832.599425234
150 35 35568865.36319527
150 36 77971592.06446362
150 37 31193083.743543856
150 38 1032982.7380735076
150 40 94784696.80197005
150 44 74055367.38393927
150 45 91551330.43253449
150 46 38460034.63187802
150 49 88154581.40112348
150 50 2640651.174363156
150 51 219714005.97980157
150 53 1034835.1019405372
150 54 209630608.30016452
150 55 24210983.06526173
150 56 504064715.2982338
150 58 13829385.015839376
150 61 5529555.643400027
150 63 22350804.567957275
150 64 323268392.83869857
150 65 206241021.80786002
150 66 765184.6584773799
150 67 48758942.27860773
150 68 509648284.0316208
150 70 15042595.74350585
150 71 30482208.4395883
150 72 520835195.8808271
150 73 3643468.75848435
150 74 303125363.39156
150 75 44748098.983822405
150 76 4095580.0578808286
150 77 70378850.90295649
150 79 14334194.59541443
150 83 27675138.684041146
150 84 8216903.576292452
150 86 28757379.60761016
150 87 4869742.643386948
150 88 2064954.6268390145
150 89 360265640.01775265
150 90 10002845.915730074
150 91 6365089.0819097925
150 93 3611127.9542591996
150 94 118231350.36928159
150 97 62993821.28657284
150 101 829406165.8046541
150 102 17631990.494617533
150 104 1102676.205670318
150 105 116315.44214962429
150 106 217941012.7714478
150 107 12784277.084576488
150 109 67064351.23990922
150 111 9659031.922871
150 112 10132078.047171025
150 113 1758540.5078802758
150 114 85022545.02329384
150 115 124565588.37375754
150 117 506900722.0876608
150 118 122060081.22973917
150 119 48779.67411137623
150 122 348465.89504053403
150 125 144791499.46919414
150 126 11815382.030397048
150 129 46687764.15424397
150 130 64609963.45290848
150 131 110077610.26763655
150 133 894817976.6314468
150 134 12407533.843803722
150 135 3221850.8804850536
150 137 42496369.25041534
150 138 493595932.12287134
150 141 4805515.043477921
150 142 426362758.6842994
150 143 4637068.602856249
150 145 31610976.832979497
150 147 122493755.6744212
150 149 21659660.823328078
150 152 444500229.1895578
150 154 218371665.37165293
150 157 52312367.89178723
150 160 2640968.7098856606
151 0 6968815.284952334
151 1 273269060.9929097
151 3 4739272.920046491
151 4 508535008.16825616
151 6 235405367.13183248
151 7 32569582.20726968
151 8 15481393.648249544
151 9 11963440.34218802
151 12 19732208.650270812
151 13 101233532.07008672
151 14 47396891.87080954
151 15 3675788.3330289936
151 16 7254649.154897676
151 18 6682182.230822691
151 19 530801857.3338168
151 21 75431662.70436679
151 22 5602089.265382307
151 23 1036465.4286417178
151 25 3462551.429007279
151 26 479756505.8942973
151 27 4280567.170669326
151 28 749600.6823133649
151 30 3812614.577124266
151 31 856539943.1723446
151 32 422923132.6158101
151 35 52087384.19350731
151 36 19512532.246769644
151 37 200876209.70297855
151 38 37791043.68583041
151 40 91731660.2733293
151 42 4387453.966848328
151 44 57200641.00047815
151 45 61268957.28206444
151 46 16754676.845146302
151 49 626218212.3540224
151 50 43219401.91851566
151 51 179294449.2341749
151 52 139348.7235353033
151 53 10560102.071759097
151 54 151429268.01410866
151 55 8116786.068891724
151 56 835568313.9962108
151 57 460787.8523847008
151 58 27453312.800142955
151 59 1855786.2791531314
151 61 8553795.591756212
151 63 4305757.175462359
151 64 216509230.68900445
151 65 92808311.87196305
151 66 29457945.61053484
151 67 36345422.329906285
151 68 378950003.7663397
151 70 498274900.19439614
151 71 138203801.2940131
151 72 480944763.44813025
151 73 5357701.179167896
151 74 58462043.95745328
151 76 137391896.74033695
151 77 36581967.41191038
151 79 34253603.04849781
151 83 24254242.9221518
151 84 20077956.211099654
151 86 66747595.66892168
151 87 6046739.690254707
151 88 6499290.460417036
151 89 15940484.373449398
151 90 5292617.91158346
151 91 6392631.990059457
151 93 36570275.12546685
151 94 110046488.91261145
151 95 798036.4099265728
151 97 20263280.933526244
151 100 64778561.98331635
151 101 15089526.062456874
151 102 190597459.3662271
151 103 6168535.234569708
151 105 37680014.95833433
151 106 1006898622.5465437
151 107 8330798.127903508
151 109 32714318.751248658
151 111 16066714.04265074
151 112 28830330.09245293
151 113 1039642210.1430826
151 114 237914073.92558104
151 115 86579746.77724245
151 117 176988658.93852952
151 118 169899707.3916279
151 119 4564784.074524561
151 120 1940774.414945208
151 121 9276737.273892324
151 122 5500254.948661841
151 125 481877658.79143167
151 126 27442869.251759857
151 129 98568929.2581224
151 130 269500155.00464165
151 131 11184529.726039143
151 133 14659152.032997068
151 134 66869841.41296408
151 135 13720108.97915357
151 136 4769621.676345829
151 137 411794166.0411213
151 138 409580638.20224345
151 141 64964702.35016567
151 142 1418647.9177352886
151 143 4845112.625495948
151 146 63006838.96407311
151 147 58276848.9088336
151 148 51600986.77193508
151 149 14929032.11419329
151 150 68828414.79429498
151 152 342191364.7116526
151 153 46862794.57623821
151 154 13630425.594951225
151 160 911260.2465657591
152 0 37608245.64300691
152 1 133676307.63732816
152 3 2784509.7188936556
152 4 1173871142.6848922
152 5 12524529.57490237
152 6 1108026674.5587494
152 7 658278694.677284
152 8 2880329.037098038
152 9 32030330.516007744
152 12 6093404.365886046
152 13 20131904.709943507
152 14 741936579.3493856
152 15 12901077.96671792
152 16 5674661.983694491
152 17 2090294.1492909142
152 18 14867950.571173687
152 19 1827718978.3920658
152 21 81826766.87567054
152 22 5363953.237407913
152 23 247474.26358818315
152 25 10024802.971504817
152 26 5591123105.552711
152 27 2136488.309948294
152 28 641955.7008325071
152 30 191045285.89493954
152 31 1491338461.6605272
152 32 96248751.64811751
152 33 5343309.74559978
152 35 392972758.9602949
152 36 39925694.96569217
152 37 43497192.63145877
152 38 830819.014547069
152 40 1432939630.3766966
152 42 1187043.4243699592
152 44 29998003.579873186
152 45 94034292.24130495
152 46 15188840.844874583
152 49 2582937662.0475864
152 50 18225787.11150241
152 51 10621588553.369226
152 52 1558290.2714587555
152 53 1198746.6287572375
152 54 1731933353.1426551
152 55 15548495.643571274
152 56 1119938002.4406848
152 57 1666533.045318622
152 58 118282626.33129942
152 59 1699487.5352943377
152 61 2133821.042165619
152 63 89106918.54184389
152 64 2492637908.2154355
152 65 160348512.83800396
152 66 51913470.11517087
152 67 1402402965.1385505
152 68 1162728253.4173512
152 69 118993496.71666938
152 70 58475991.66633505
152 71 824899763.798817
152 72 23218024804.488304
152 73 22206749.30929752
152 74 7813500466.223826
152 75 6193525.873669698
152 76 80675965.96613862
152 77 45560015.33994718
152 78 1417681.415033235
152 79 3475786382.188536
152 83 71926637.71840937
152 84 99998395.72842857
152 86 75821242.52244358
152 87 15835687.250626186
152 88 7351720.627196411
152 89 408731088.68527764
152 90 9524215.804984877
152 91 4872962.03170001
152 93 4134131.440154593
152 94 987554919.0482297
152 95 8614295.186307743
152 96 25808651.97120673
152 97 3475553.737017046
152 100 13197108.27577517
152 101 15904484823.789343
152 102 647856065.0936408
152 103 6994588.661414352
152 104 439437.92531870794
152 105 43125703.856159784
152 106 1570836670.3580134
152 107 56258880.15933636
152 109 28749896.285573382
152 111 45538698.45817631
152 112 122584260.71260573
152 113 1670443217.1097507
152 114 282364651.54206604
152 115 4960138729.862953
152 117 61158807.042802505
152 118 3820132931.6280293
152 119 3811300.0670692883
152 120 589101.4984005945
152 121 256258.8701508051
152 122 2466890.3756551347
152 125 691042898.7188841
152 126 35757351.405124746
152 129 931786075.6471249
152 130 91943700.4830425
152 131 68282950.51179537
152 133 8232645598.975081
152 134 125876170.68893103
152 135 3052072.7369570616
152 136 531757.2165947935
152 137 3834344315.0113583
152 138 3912258375.6866026
152 141 92965348.07520092
152 142 529171683.3087286
152 143 6269992.848916212
152 145 21406731.240458667
152 146 96821943.51859748
152 147 350318438.3653722
152 148 2617965.093402265
152 149 6406997.491865297
152 150 21732639.881809223
152 153 60588261.26418245
152 154 3718330779.9817743
152 157 275904895.62910926
152 160 15409698.92953124
153 1 1337430.5804407808
153 5 5372267.854158992
153 6 10775393.416404858
153 7 62865611.903020196
153 8 3356924.062472245
153 9 66423418.37897162
153 12 9698435.713866197
153 14 558767.0937095365
153 15 3016972.220888094
153 16 8244240.563204906
153 18 12258219.488034064
153 19 1301332.6242030044
153 21 12454022.659872755
153 22 1878554.4382591457
153 23 1381445.1481309922
153 25 9717772.681355711
153 26 105743039.7255329
153 30 208830288.72887805
153 31 40168173.017993376
153 32 10858231.653095517
153 35 64198980.38848012
153 37 10134954.578027122
153 38 32654904.1367532
153 42 635053.041671071
153 44 12949194.256648006
153 45 54693573.659463406
153 46 46806502.39672067
153 49 24423331.70374967
153 50 18903569.126476936
153 51 45564838.41519479
153 52 10926160.802510919
153 54 5136388.924194588
153 55 9577254.513252618
153 56 25465872.235522814
153 58 9991480.06558867
153 59 3674856.796878567
153 61 7062146.8693933515
153 63 19209009.933636338
153 64 22948660.10222568
153 65 6973083.164206426
153 67 6332102.000788741
153 68 29196113.41145802
153 69 41415858.88529127
153 70 18964176.617918797
153 71 32380435.791065183
153 72 66891796.834764555
153 73 31205811.736975465
153 74 2479550.1771003194
153 75 82593664.61286034
153 76 9908892.963806985
153 77 6068953.880580965
153 78 1384035.8047142318
153 79 39993104.05885842
153 84 21862285.445808537
153 86 3224080.5803571343
153 87 148759.2881094367
153 88 10102371.09169801
153 89 80994142.36148009
153 91 2460491.052035661
153 93 16355803.96028602
153 94 3311023.998032341
153 95 16365674.658396726
153 97 31525245.266641054
153 100 304510.5766885398
153 101 13393888.635181947
153 102 43440531.07777855
153 103 5866989.3518167855
153 104 10137040.647003723
153 105 22395569.560848717
153 106 95411395.17082924
153 107 6054887.702513107
153 112 38379701.18491995
153 113 17953893.7359039
153 114 66210374.14602849
153 115 19081388.522859044
153 117 11359212.917402336
153 118 2223110.777163587
153 121 4627665.848422061
153 122 5036410.432311637
153 125 29157616.887167946
153 126 7332246.916052579
153 129 3449881.5183197595
153 130 9393623.343268365
153 131 25110739.19388443
153 133 48067406.02817459
153 134 23617045.20694534
153 135 14255964.13938196
153 136 6892232.087352508
153 137 9673079.096140524
153 138 79175772.28432567
153 141 9884072.13591823
153 142 9934315.124378752
153 143 1508455.865441885
153 145 25637492.691963464
153 146 2180151.8997562407
153 147 84662765.19261815
153 149 9799130.116176972
153 150 31601892.447034054
153 152 19651071.55834208
153 154 10270706.502083844
153 157 11502161.334629508
154 0 2449627.0634326073
154 1 12698567.43734167
154 3 139347.8633699056
154 4 1299752046.7427518
154 5 716955.1499552653
154 6 7355655184.298999
154 7 1201237643.6650975
154 8 5005863.260761277
154 9 32844399.63818548
154 12 8352600.378768453
154 13 105907231.30761917
154 14 414928434.84303826
154 15 7549397.720634788
154 16 3047390.5892418344
154 17 7094087.932514549
154 18 83019959.84683609
154 19 2035043875.3438475
154 21 29176239.559929963
154 22 16385408.741261357
154 23 2172639.4111508406
154 25 15874403.988306649
154 26 9243137733.599718
154 27 6128160.062390979
154 28 46709.404384853675
154 30 550360160.3859756
154 31 3575413328.002024
154 32 70419970.31898907
154 33 258548.59133708884
154 35 137431371.94368592
154 36 70651456.61129273
154 37 914452799.4562497
154 38 34555447.10607883
154 40 255891183.49464262
154 42 1133655.8314650415
154 44 31910701.62289443
154 45 164770251.12074912
154 46 8558145.650518812
154 49 1008716978.2734462
154 50 24122080.176031694
154 51 93164263598.96179
154 52 3630537.1185701736
154 53 1821609.5775518916
154 54 30874839304.167683
154 55 61059266.34580909
154 56 778312323.0788516
154 57 1166832.4538659134
154 58 51448025.08680763
154 59 5830432.132929313
154 61 1527787.3077857601
154 63 18445983.293103598
154 64 5608889226.950996
154 65 95722226.10167554
154 66 21623066.23542343
154 67 2858544042.7103367
154 68 522927626.7300261
154 69 38645734.96191001
154 70 4042138185.2359548
154 71 289570774.1815831
154 72 4050535295.387039
154 73 10149962.209760237
154 74 13338162014.11034
154 75 70916155.66425774
154 76 64613761.058574885
154 77 22546500.90045046
154 78 146707.9585558753
154 79 8400340078.327424
154 83 40071753.76102778
154 84 36375955.18964656
154 86 290244391.9056751
154 87 248266.6997888272
154 89 291357417.270682
154 90 6731067.760111652
154 91 2592232.883625963
154 93 42420008.910517484
154 94 3107669370.629033
154 95 4995188.316868062
154 97 432610180.41964346
154 100 15444084.8682299
154 101 17980875336.52733
154 102 77216088.44541152
154 103 2146911.8455811916
154 104 251138.03858008666
154 105 2106957.244171204
154 106 200019446.78719282
154 107 12366473.073369956
154 109 17593012.910554834
154 111 15488611.50190204
154 112 139488943.8623482
154 113 77215931.54391971
154 114 26496928.238229807
154 115 575481655.3158705
154 117 267203167.09070995
154 118 38127292.73309878
154 119 3659792.103162383
154 120 633874.6726708504
154 121 856247.7459385487
154 122 2218788.4649467203
154 124 3760843.089576583
154 125 1487022626.0824192
154 126 73471144.29664873
154 129 6479207384.262212
154 130 23496510.330820747
154 131 568074476.599521
154 133 2436783803.8171115
154 134 1009919.4958505334
154 135 16138562.860707799
154 136 12748142.089399796
154 137 7918410533.152578
154 138 5661578504.353915
154 141 6462928.628846113
154 142 688986990.0285075
154 143 19862335.250529077
154 145 8684562.167353287
154 146 9799898.978394898
154 147 103846239.78243992
154 148 35150700.28522479
154 149 24990928.56360549
154 150 162578736.27836403
154 152 11976019575.49753
154 153 34583973.453611754
154 157 110042197.75763668
154 160 8195142.416328668
155 1 34775173.08814023
155 4 32747498.811729286
155 5 19722587.546118308
155 6 64206742.85020947
155 7 127266.02276219105
155 9 1757062.4138082087
155 12 1620072.880715901
155 13 17676008.889578614
155 14 9900297.176996876
155 19 13541818.84172214
155 22 19275570.604424875
155 26 47434563.710074
155 31 87599746.8721985
155 32 16377225.77369786
155 36 99433271.7810179
155 37 38555998.33118504
155 38 26757069.33548509
155 40 51934239.52043173
155 45 34179375.24159489
155 49 25196013.491639517
155 51 54746006.41094686
155 52 3690446.0380488415
155 54 57328856.01988307
155 55 34705901.06392995
155 56 15719677.373861516
155 64 22652474.629289262
155 65 10003066.27418487
155 67 49181694.76985193
155 69 56430835.23138798
155 70 3389248.304936878
155 72 98696007.66691148
155 73 38878025.53790558
155 74 45140283.477116585
155 79 11845816.3190266
155 84 46949013.44797773
155 89 11335622.900907088
155 91 1375551.3060847903
155 93 32729794.73059301
155 94 1376950.9165368692
155 97 26598656.873921447
155 101 5243449.675412778
155 105 29315447.516344663
155 106 13748158.321329769
155 117 7330265.0625237515
155 118 31916215.14142808
155 125 24829564.55411978
155 129 10759168.143941598
155 130 37297300.719201505
155 131 20191813.751308244
155 133 54468444.15054922
155 137 30432407.217516385
155 138 88356575.00724173
155 141 71781934.99133576
155 142 56303449.27555938
155 143 10486004.310336564
155 147 598166.1424436817
155 150 22263867.14448268
155 152 136856856.56939307
155 154 30251587.025855053
155 160 10878953.48844062
156 3 668089.342496624
156 6 1961111.6224842006
156 7 5909656.526347395
156 14 1835764.6734450997
156 19 3541288.042103957
156 26 5825937.023478921
156 31 3076345.7250666386
156 32 73707.21744601494
156 35 2026621.2368164652
156 37 1762844.1269446698
156 40 2047524.7021895915
156 45 105153.39413410817
156 49 226326.7295876001
156 51 1758265.4665367755
156 52 2173174.0770227243
156 54 508401.0571231132
156 56 829337.2130310426
156 67 2142094.150706561
156 70 80711.82781227997
156 71 1415309.4836186008
156 72 1804912.7584421854
156 73 443575.5302218289
156 74 749116.9621811978
156 76 183610.44785300642
156 88 2071281.4163756007
156 97 90992.14765810815
156 101 245246.76604480293
156 109 317004.31318085326
156 115 25963.112197156737
156 133 3235608.2692608903
156 138 1947984.4230502846
156 141 310984.0439919861
156 147 1955667.9943303515
156 152 1866848.6956982794
156 154 2515869.7425309955
157 1 27097275.297997423
157 4 281107352.60810107
157 6 308035552.4894717
157 7 168230285.2726169
157 9 15256310.22689201
157 12 7324421.273725138
157 13 215092092.7163927
157 14 165187145.96236295
157 16 16339111.599349534
157 18 4105188.640991663
157 19 630224627.115856
157 21 109524986.69169092
157 22 3691986.4221292296
157 23 3714189.4107738794
157 25 7367553.787617671
157 26 12033142.462337404
157 27 1467684.7911312704
157 30 66451255.42616861
157 31 59421407.64894269
157 35 74241244.34202674
157 36 5674740.751660293
157 37 5578378.509411021
157 38 23441614.833140094
157 40 44580857.909203544
157 42 6303579.99471754
157 44 16208801.526309263
157 45 70196595.74228053
157 46 11231206.895005263
157 49 387935121.34596264
157 50 12923258.541271547
157 51 364825369.5744121
157 54 113400828.01361704
157 55 17974028.566664524
157 56 215117927.80902144
157 58 40126740.531887315
157 59 20473481.069289755
157 63 48726709.533079095
157 64 9900372.702650154
157 65 169963335.14562815
157 66 141050002.0897705
157 67 245983516.21184725
157 68 88656594.33631866
157 69 193223501.58690307
157 70 476658488.67962253
157 71 158709456.8799136
157 72 101653135.23309505
157 73 28501526.416376658
157 74 94393599.83867796
157 75 50140364.24487229
157 76 43430021.159977235
157 77 7607213.346780114
157 79 64709728.90561225
157 83 76722991.46694581
157 84 17262972.45542697
157 86 111812106.84572977
157 87 9990322.073865857
157 88 2854833.4677530285
157 89 169117140.22970062
157 91 5225654.912808085
157 94 144408327.46809316
157 95 5045476.12597986
157 97 3301450.3251545504
157 100 88969403.60162342
157 101 294602307.7723542
157 102 150697241.36508253
157 103 32217313.724355374
157 104 21386419.384516515
157 105 16030062.07381281
157 106 56039871.3389475
157 107 1280577.2330341262
157 109 57610566.68213118
157 112 284773109.5622211
157 113 144902865.2979309
157 114 95341455.47850433
157 115 156445715.70164028
157 117 160021359.51038438
157 118 482253803.2401388
157 119 489348.0959031201
157 122 2923569.417173939
157 125 277439875.06906396
157 129 21958992.99930916
157 130 46005415.15278109
157 131 17941620.936775427
157 133 99415201.51691517
157 134 10350131.224222712
157 135 20271251.905983504
157 137 18579596.474000566
157 138 186997148.17885602
157 141 32678084.38824931
157 142 296026792.9002704
157 143 2023016.3781077606
157 145 30771199.680436682
157 146 29698367.938425153
157 147 172125515.13203314
157 148 29170997.698496543
157 150 241743379.57573014
157 152 41229033.79533018
157 153 51742319.03653122
157 154 70463976.83050492
158 0 2752730.397487151
158 1 3160813.4489800516
158 3 7272700.887937976
158 4 117566034.32549399
158 5 8637423.961659364
158 6 174919638.97915655
158 7 175546930.75596926
158 8 16518843.14264944
158 12 19658979.24758418
158 13 19538625.60808802
158 14 82313095.48363453
158 15 1165991.8179082035
158 16 5693602.587329312
158 18 4658117.074728633
158 19 340775255.64181197
158 21 18003153.72968354
158 22 10022396.247681146
158 23 2560496.05236564
158 26 678091408.5908579
158 27 1978350.2177919066
158 30 120299639.56434199
158 31 196596633.47134003
158 32 208088800.95542037
158 33 41698.74774084625
158 35 122245953.50550307
158 36 83069516.6675825
158 37 25446351.18631693
158 38 74099016.39233291
158 40 228574462.81408083
158 42 1183054.5457084137
158 44 31013821.64083018
158 45 100938232.97306024
158 46 2823087.521604355
158 49 222971856.48800185
158 50 9234687.459400307
158 51 629747653.6546295
158 52 1383302.1868752113
158 53 4075014.854077385
158 54 117124385.61995548
158 55 65754739.38735999
158 56 156315280.5034
158 57 4792155.452677981
158 58 34773198.493947625
158 59 8763360.792703116
158 61 19310397.62449285
158 63 11437209.645147659
158 64 414549194.6029179
158 65 177174711.3138661
158 66 2521696.688917682
158 67 163178934.71177313
158 68 64331737.21189268
158 69 139686631.3743333
158 70 9384654.730773078
158 71 178879351.38458845
158 72 200140878.2947704
158 73 16461900.275671273
158 74 55317094.151346214
158 75 104329697.33604465
158 76 52423816.68812745
158 77 20937169.88139638
158 79 29561333.11189364
158 83 9090732.318688245
158 84 84888774.7379262
158 86 80632935.45896636
158 87 1383104.1922943874
158 88 10457057.713235289
158 89 75657744.17162521
158 90 4158050.5211042576
158 93 44018409.16122794
158 94 118257457.98002177
158 95 1725811.1475615797
158 96 4039077.973721452
158 97 200565773.44704187
158 100 15922643.607534895
158 101 21613089.859106723
158 102 78835368.25463967
158 103 14553936.43487139
158 104 9631219.393134315
158 105 84143193.51795396
158 106 139820251.3744258
158 107 31448062.529340792
158 109 39243033.23988383
158 111 8635098.402120646
158 112 261773850.21171978
158 113 20951546.45842989
158 114 277692955.28503686
158 115 73770072.85991105
158 117 111679249.62632333
158 118 211986951.0478338
158 119 1959844.6145885685
158 120 477860.8554018037
158 121 3681154.342343974
158 122 920684.9522086768
158 126 9303391.149056768
158 129 435544362.44543284
158 130 54200694.2552318
158 131 178585461.90280038
158 133 74926604.42415585
158 134 96530107.09574467
158 135 1811243.5175364108
158 136 697950.3812597202
158 137 515419750.88154304
158 138 234736693.50560907
158 141 6460426.316012879
158 142 138861665.42584795
158 143 8730354.151547944
158 145 6646039.274662098
158 146 75816065.27854373
158 147 24214538.45838504
158 148 48540369.09702358
158 149 3885492.1329913815
158 150 308706713.675427
158 152 558941860.9292977
158 153 105021480.18181008
158 154 126143555.65022737
158 157 28888597.273206737
158 160 1046066.6002125606
159 1 6987254.352405943
159 3 515252.8263192616
159 4 23535180.648544174
159 6 35511609.24287773
159 7 9850819.90119068
159 8 4943956.476701925
159 12 20307297.17357422
159 13 15708982.229622487
159 14 21435194.069493532
159 22 227243.9388499714
159 26 27816106.471426845
159 27 2075023.457502423
159 30 11882116.54115259
159 31 56131486.50927544
159 32 26143768.526002873
159 36 15161490.623193834
159 37 124944498.58195464
159 38 7180357.563697162
159 40 32978572.832557216
159 44 24524104.471645266
159 45 29636151.397618264
159 50 23905002.42489503
159 51 134186715.54576387
159 52 29885612.08742531
159 54 35761938.83042897
159 56 86828041.34605385
159 58 28997675.720662862
159 59 6833827.190858265
159 64 104495304.83426215
159 65 5033655.329536883
159 66 2795119.1720469072
159 69 12757187.904997367
159 70 85068422.29670002
159 72 15777529.194884222
159 74 42651310.9261622
159 79 16133046.662755188
159 83 29019702.41919383
159 84 7190333.143275122
159 86 10328768.273541132
159 88 5594676.71463637
159 89 61176107.32355154
159 93 682158.0147622153
159 94 14397060.384987377
159 95 1689984.1056007713
159 97 59676757.31744187
159 101 28439569.024411835
159 102 32011101.561385553
159 106 25061920.035254408
159 112 44391286.12502414
159 113 26084947.78699788
159 114 19370830.240137942
159 115 68305045.66790311
159 117 80328669.74770866
159 118 22131551.54361563
159 129 4864734.990110675
159 130 33382166.83281178
159 133 66810251.29949998
159 134 677242.1528905554
159 135 15616186.135601167
159 137 23573089.31012445
159 138 12317544.24594422
159 142 5281004.584054706
159 143 12487405.055042006
159 145 67273832.51286781
159 146 14057665.479405636
159 147 56971029.6319542
159 152 42312830.039078064
159 153 4005916.633297402
159 154 55123918.6548382
160 1 24618316.574540626
160 6 41172420.754681714
160 7 834719.2760535483
160 14 2657477.1667110147
160 18 800209.92618086
160 21 6865717.895394457
160 22 2965531.3543047686
160 26 3861655.8340883465
160 27 7699983.61569118
160 31 12113099.009710653
160 32 8090568.972903322
160 35 14194609.962496093
160 36 7226810.4813577095
160 37 7945947.058171928
160 38 2260132.740938071
160 40 24367610.140269
160 44 12820780.300940102
160 45 2463671.5913859606
160 46 6619596.027231177
160 49 10604769.361648107
160 50 8951857.166420054
160 51 9130981.088218467
160 52 3666337.2301369095
160 54 25941326.316164132
160 55 663721.080705325
160 56 62952399.350975454
160 58 10697982.431157619
160 64 13278615.903376268
160 65 4174492.475004819
160 67 3455062.123545202
160 68 8188506.528348941
160 70 6868125.347523724
160 72 4052014.374923015
160 74 6550025.106163633
160 75 959979.5085701777
160 76 20119708.61385249
160 77 11871828.483918339
160 79 8276232.909753267
160 84 28878827.95625046
160 86 1669301.647594102
160 89 7856798.31137481
160 91 6005098.22151685
160 93 9250544.086795675
160 94 2314436.8736725436
160 97 15997877.969404465
160 101 24502117.846271336
160 102 5206633.667505601
160 103 7250756.22572551
160 104 790218.7066339449
160 105 7381469.806866475
160 106 10012813.562435172
160 107 5867204.623936849
160 112 9940539.80809777
160 113 1279534.2010133879
160 115 2787107.5843975847
160 117 6676934.7812622525
160 118 7243400.52184254
160 125 3678904.876498675
160 129 9437515.299366102
160 130 62373755.03038919
160 131 10669266.18757045
160 133 3398999.752271028
160 135 3871461.2720957603
160 136 11826224.3588117
160 137 2287124.0956273484
160 138 1727309.5727606704
160 141 3529983.7435108754
160 142 456124.3087214731
160 145 5218504.374277047
160 146 19444946.3270962
160 147 2954215.7363251485
160 148 26322511.379566994
160 150 853330.394352752
160 152 6255738.4099009195
160 154 8576519.87948583
161 0 142322.81378835507
161 1 17888174.008510545
161 3 9723156.936463531
161 4 40277621.90937948
161 6 20741706.352572832
161 7 84273029.44204502
161 8 6971775.664927793
161 13 8420197.29877488
161 14 34780611.53127401
161 15 13562664.21715859
161 16 3686755.5434779963
161 18 23892910.842188224
161 19 21982796.41222971
161 21 22192036.84389826
161 22 6774098.731188124
161 23 3826563.0707131857
161 25 8233776.300745918
161 26 12164921.346299702
161 28 3918403.956201321
161 30 40413112.896874234
161 31 5236277.796957824
161 32 10704882.721715044
161 35 38526284.85958055
161 36 4848659.1615769975
161 37 45235285.47431096
161 38 17007394.041541543
161 40 7453237.0913511785
161 42 1966417.5876155382
161 44 4593893.594850197
161 45 1207671.6337546578
161 46 2004803.6041191684
161 49 3579712.0135659436
161 51 19637981.755666036
161 52 7021578.458841862
161 53 307996.86922900565
161 54 97582904.776726
161 55 2906314.816937684
161 56 19215119.831140004
161 58 6191765.154529617
161 59 1642032.8487776774
161 64 40806724.899585165
161 65 33356650.94055544
161 66 7031773.281009022
161 67 57591718.8698022
161 68 57308109.002695195
161 70 12733475.436250834
161 71 5250281.17802511
161 72 53216071.50307104
161 74 3009304.781315424
161 75 8183038.060427688
161 76 1003170.9354082402
161 79 3417574.050865091
161 83 1953482.053798308
161 84 2601940.0370364403
161 86 56191977.693381056
161 88 4137790.093403735
161 89 40393490.215616204
161 91 35858443.0919697
161 93 25403206.287305623
161 94 72817722.81231706
161 95 31048505.78434351
161 97 42619042.562634565
161 101 26771058.719719004
161 102 52348518.12237722
161 103 12782881.337147994
161 104 3671965.3521769517
161 105 17225294.15412496
161 106 26993865.400260273
161 107 24343302.010028537
161 109 10846180.252759805
161 111 983514.5833581166
161 113 61103228.19970756
161 114 15549862.555219783
161 115 9115992.695107386
161 117 8664435.270181162
161 118 2435492.8063400346
161 121 4759656.01182692
161 122 9073273.887272315
161 125 13535497.331205176
161 129 22059821.35353062
161 130 14066427.829690732
161 131 5846672.145363468
161 133 8807005.022402178
161 134 6565761.968697786
161 135 2624072.874685707
161 137 83734351.7917313
161 138 29934562.40603115
161 141 24070140.106278148
161 142 90579853.15557162
161 143 8622151.943209838
161 145 11324626.745621111
161 146 28822964.274249576
161 147 24937760.322131876
161 148 5547000.174895814
161 150 29053658.18973506
161 152 26503517.455981802
161 153 1207991.1981768005
161 154 54704616.85312986
161 157 15931815.838381354
