0 1 0.38922305845201666
0 6 2.2718771620605067
0 7 2.6285147041590484
0 11 0.058084078058743674
0 14 0.18857411904672514
0 18 1.1597277090187068
0 19 0.9178622425370109
0 21 2.040174023582315
0 25 0.3068900298846328
0 26 3.1342452028107584
0 30 4.384604424510127
0 31 0.28758459599066316
0 32 0.5597967427046583
0 35 0.6504428153039566
0 36 0.3682524674271017
0 39 0.27695127532481967
0 40 1.179380471227786
0 44 1.5798800498397858
0 45 0.048936478587270175
0 49 0.5897550604182986
0 50 0.386741518171629
0 51 0.10277649856661793
0 52 2.1857178946830436
0 53 1.105555563406097
0 54 0.15951395200420432
0 55 1.685858907796914
0 56 0.34058037464868685
0 57 1.4726692772781271
0 59 0.5113871643293952
0 64 0.979523280601332
0 65 0.7899412447387186
0 67 2.4149368331659287
0 68 0.5982271136494546
0 69 0.994411936976471
0 70 0.05741916482668237
0 71 1.177032417222399
0 72 0.44829718011981184
0 73 2.4683017350013357
0 74 5.834768955786412
0 75 1.317030861503074
0 79 0.46034983419865305
0 80 0.5352541573774837
0 82 0.3404440082861956
0 84 1.3444059617006288
0 88 0.3231605875172198
0 89 1.0681534070151988
0 91 1.591752388242127
0 94 2.899796236968927
0 95 0.601807917215258
0 96 0.4843327835890666
0 97 2.504696733900433
0 101 0.9242118606752445
0 102 0.3254189558735677
0 104 1.282012426790081
0 105 0.9712966482365492
0 106 0.031160934495345884
0 107 0.10716034754567928
0 108 1.9517805022238046
0 109 0.3433342430183962
0 114 2.4670878943048566
0 115 1.8266831633915344
0 117 0.5525972426185641
0 118 0.47665909852048144
0 122 4.58526809032291
0 129 1.361728644009085
0 130 0.5381332778922343
0 131 0.21114420420546878
0 133 1.0297755775850335
0 134 0.40876046554022083
0 135 1.8296699870757052
0 136 0.5783386208932106
0 137 1.3780682354166558
0 138 0.40006261335816995
0 141 2.8939122234931034
0 142 0.5668652638096154
0 143 2.365006922372673
0 147 0.10519659025658815
0 148 0.1996989532869043
0 150 2.521217071903441
0 152 0.09242824538334686
0 153 0.2973344758476717
0 154 3.354735742478746
0 157 2.4482940897919123
0 158 4.039491051946976
1 0 0.0837180180818744
1 3 1.169613518076403
1 4 0.024728446497262347
1 6 2.4593614055608466
1 7 0.0433175724685898
1 8 1.6451491700005083
1 9 0.13580017717765375
1 10 2.176561513270221
1 11 1.7323855472635945
1 12 1.6336186087131155
1 14 1.5683423504474383
1 18 2.0677102960957088
1 19 0.44992624151611393
1 20 6.475933560986146
1 21 1.56622403264202
1 22 1.1004259071883078
1 25 0.4669083316233737
1 26 0.3115354865207094
1 27 0.7194009939860921
1 29 0.10065428079421623
1 30 16.96259097729886
1 31 1.493311692784286
1 32 1.3391752985013878
1 33 0.11330653263607803
1 34 0.994331914747171
1 35 1.0575138198125829
1 36 1.4131910308300373
1 37 0.1289125289337466
1 38 0.11534382896121463
1 40 0.44826131211238435
1 42 0.24797436609713586
1 44 0.20710084811532717
1 46 0.015319495826756213
1 47 2.859526481994118
1 48 0.3540395635699653
1 49 0.9142243091341401
1 50 0.9933349147660796
1 51 0.10055066683328241
1 52 0.3094562690412281
1 53 0.03520173364351425
1 54 7.169159264758656
1 55 3.7654713075682684
1 56 0.8554499973209331
1 57 5.493899493883718
1 58 4.138544530224301
1 59 0.15110443796266101
1 63 1.197681023943985
1 64 1.490276968558641
1 65 0.08128270261802469
1 66 0.9508084408735676
1 67 0.11162323474754514
1 68 0.8173610836115957
1 69 1.8586738061761332
1 70 0.08998378971680165
1 71 0.9736335029054713
1 72 1.0256503767927472
1 73 0.35281267095907465
1 74 5.499642683265383
1 75 0.1375111577809028
1 77 2.4076647766773753
1 79 0.8602677672708697
1 83 0.6852670089951118
1 84 0.261328039525214
1 86 1.1153778303758108
1 88 2.9792396772593204
1 89 0.9602797552741882
1 90 2.9903299886186137
1 91 0.3512900332781141
1 93 1.726885256094488
1 94 0.6950657470450171
1 95 0.014134870503761216
1 96 1.6969544584080933
1 97 0.23083140563333995
1 100 2.5554819593175293
1 101 0.37525368007732657
1 102 0.45357804212979097
1 104 0.4402228669862247
1 105 0.0866171636438136
1 106 1.712060742244507
1 107 0.6842431191809664
1 108 3.959977545777945
1 109 0.31669947899545975
1 112 1.846292922788834
1 113 0.7139581189348052
1 114 3.8244506571519654
1 115 0.22061622586298976
1 117 0.8747680556209776
1 118 0.5098011944799704
1 119 0.7345637514804649
1 120 0.034921054959610676
1 121 0.5046072617854803
1 122 4.229027609086336
1 125 2.6926873529545827
1 126 2.666565282831412
1 128 2.216164897383858
1 129 0.1066447488448042
1 130 7.277033583422414
1 131 1.5430668439468873
1 133 5.3846441000449055
1 134 0.6733051937077015
1 135 1.6676164328470018
1 137 8.139488000457538
1 138 0.2421257293378869
1 139 1.5388530576423918
1 141 0.7866537952611333
1 142 3.5581359502562226
1 143 0.4855054605302863
1 145 0.7959253442723738
1 146 0.9253695749425742
1 147 1.1944684394913567
1 149 1.2665707634359882
1 150 4.375583752177176
1 151 1.8151549391120758
1 152 4.532120782775899
1 153 0.043477978239688235
1 154 1.6854771618846138
1 156 0.5018031073685186
1 157 0.16248409330027463
1 158 0.5316739753683365
1 161 0.15227498237695827
2 3 1.3275968028617513
2 4 1.5552316832069366
2 7 1.1561721327824377
2 11 1.8656514796349555
2 14 3.1716726591272
2 18 0.04154600043394752
2 19 0.8866723835204366
2 21 1.8316219734297676
2 22 0.2416324552032009
2 26 0.08857228723303524
2 31 3.7713417220281498
2 32 0.141960878196938
2 34 0.6317574855448185
2 36 1.251702118289729
2 37 0.5100406393189177
2 38 4.006321512136666
2 40 3.0000353995040543
2 45 2.048764977405546
2 49 5.460832334283233
2 51 0.8517861276435972
2 54 0.7230348177262355
2 55 1.316682841777017
2 56 0.880258006389343
2 64 1.177100093909554
2 65 1.133844488392311
2 67 0.24319103631677308
2 68 2.8509164187719866
2 70 0.7587373007839583
2 71 0.46137863710986493
2 72 0.7246396154437544
2 73 1.7124718404631514
2 74 8.932326201248229
2 77 0.741828265108313
2 79 0.2395885201833441
2 84 0.8671980054528898
2 87 0.5828472518988578
2 89 1.1443285703248411
2 91 0.1675373631967604
2 93 3.987006989662325
2 94 0.06526860749906055
2 95 0.042581851696626226
2 97 0.15169680725177156
2 101 3.816875911694083
2 102 0.10178304499092002
2 106 2.660598503790816
2 109 3.214469195786083
2 112 2.496524826087858
2 113 0.6704452467073378
2 114 2.0159141727649126
2 115 2.5315982168618074
2 117 1.62051220278292
2 125 2.776067353805651
2 126 1.7766944356913656
2 129 0.2827511164088053
2 130 0.19295124887915366
2 131 3.3517072129547136
2 133 0.7695434047673455
2 137 0.6075322833282039
2 138 2.40488408317215
2 139 0.8828866306453561
2 141 3.8777711489337827
2 142 3.2113745702778784
2 143 0.5392562012443012
2 146 0.6758992111096086
2 147 1.1875697877491385
2 152 1.0373391284882076
2 154 6.436881493530581
2 157 0.9725636659847477
3 1 0.6380849758292049
3 6 4.132710718093345
3 7 0.13240135219989246
3 9 1.170645653528713
3 12 1.1337189787753859
3 13 2.699447442549294
3 14 2.082379420323932
3 15 2.2096122558465168
3 20 3.6021445615312104
3 21 2.6862671611748925
3 26 5.9510473103715364
3 30 5.772689839875574
3 31 1.4163649663509756
3 35 2.3034851198680104
3 37 1.6141310922675538
3 38 0.7446795305793223
3 39 4.604074018195011
3 40 0.2748371350462464
3 49 4.160698173440178
3 51 1.09135852433759
3 54 2.333975812762011
3 55 0.7663582303815246
3 56 10.317441611837006
3 57 2.9089260248032773
3 64 0.08624766835745966
3 65 0.17792529054186293
3 67 1.4199041150157665
3 68 8.406341664328073
3 70 2.6973125138980203
3 71 0.7777129692425087
3 72 1.9559923004402515
3 74 10.608549107842602
3 79 0.023524340842032143
3 84 4.04156021777453
3 89 0.3482630789471327
3 91 0.641191086420494
3 101 1.0810104017150535
3 114 0.4131124875355445
3 115 1.2927437402143107
3 117 0.3622219994142739
3 118 2.4654181782371705
3 126 1.5295902747443852
3 130 0.34806262032282814
3 131 2.131109064488352
3 133 0.7823528272101051
3 134 3.966046416104114
3 137 9.775292548056091
3 138 0.021317239834735494
3 142 3.4127091901022677
3 143 4.833959176852726
3 146 0.980639314361079
3 147 1.4309870276226724
3 149 0.2149436357918048
3 151 4.613357955364733
3 152 8.569776453691244
3 154 13.43826694543397
3 157 5.057033079046846
3 160 3.0677328299288695
4 0 1.7233636030002237
4 1 2.59717267401517
4 2 0.3279508669965607
4 5 0.26861759981025324
4 6 2.1491302689659113
4 7 0.23609714688195932
4 8 3.141457942284735
4 9 0.8822565354679539
4 10 3.2419210569617336
4 11 0.8809622574219497
4 12 0.9657876642489857
4 13 1.0807278807794352
4 14 1.366747654038416
4 15 0.14721615708691013
4 16 3.630556281347498
4 18 0.26943947222039333
4 19 0.6900606210560398
4 20 0.6856083007382876
4 21 0.35021044725952916
4 22 0.8544854486885629
4 23 2.472150180267525
4 25 1.3094088913959359
4 26 0.04355809404444048
4 27 1.0163881554305114
4 28 1.1156236750535755
4 29 1.193475597493482
4 30 1.4648041776157428
4 31 2.1522715267790575
4 32 0.6862097758927628
4 34 0.7822274301586525
4 35 0.4825500601531253
4 36 0.4343219524676704
4 37 0.7901904073137815
4 38 2.4412004392893043
4 39 1.238155726810192
4 40 0.5920671773751353
4 41 0.884249430318661
4 42 0.17035562368920248
4 43 2.4141350649999356
4 44 4.1859360550961195
4 45 0.3872358302181068
4 46 0.8963647132113463
4 49 1.2353380436571477
4 50 0.2011993893449056
4 51 0.037652796492199096
4 52 0.28824080342997727
4 53 1.6275782286149587
4 54 0.7197129846569398
4 55 4.6636715913174065
4 56 0.6391998217519639
4 57 0.1539128222595541
4 58 5.462618079879606
4 59 0.5818814962245037
4 61 0.09600072463608235
4 62 0.017522439850133898
4 63 0.20072689285190082
4 64 2.216085419644626
4 65 1.6763355491994083
4 67 0.6562906324581473
4 68 3.1113903680764112
4 69 0.574345061660605
4 70 1.1925805369722735
4 71 2.5055553995089803
4 72 2.279009712989497
4 73 0.29301950005963073
4 74 0.2954135940067685
4 75 1.40583890282896
4 76 1.6683430638808632
4 77 0.555448296653647
4 79 0.10125354628168931
4 80 0.5918145325650604
4 83 0.3011992421408374
4 84 0.4459407566470769
4 85 0.6966702930216159
4 86 1.3108269123642156
4 87 1.590591733310645
4 88 0.10277965244445769
4 89 0.18995170437727726
4 90 0.149911022971003
4 91 0.04829453002058261
4 92 0.024732372199328223
4 93 2.9697732464247335
4 94 1.3416989315957772
4 95 0.1386995628740995
4 96 1.2097645488350433
4 97 0.34868148329449145
4 98 0.2965903807056095
4 99 4.633996835158153
4 100 1.0119322707074534
4 101 1.39010356106997
4 102 0.11931092224564163
4 103 0.921933997971228
4 104 0.2566779081432339
4 106 0.5504216478951443
4 107 0.18412024263247134
4 108 0.16830581232661776
4 109 1.7151172022184469
4 110 0.18260204574842948
4 111 0.546199307178848
4 112 0.4244385186142733
4 113 0.7298495303124353
4 114 1.2662168955328184
4 115 0.5890065291274792
4 116 0.6953509299127221
4 117 0.35813551655803827
4 118 0.8823451842034469
4 119 0.2107102474682394
4 120 0.5276767222615361
4 121 0.5634423911139843
4 122 0.5581232959415753
4 123 1.209227567659944
4 125 3.2586135218831465
4 126 1.260074839464861
4 127 2.5969657136965743
4 128 0.06650691764165355
4 129 0.9598100879824508
4 130 0.013758327611575197
4 131 0.06423653098969369
4 133 0.07434987783383729
4 134 2.151611296407122
4 135 0.6029394615939594
4 136 4.190932737977971
4 137 0.011574158687104893
4 138 0.27587776638115885
4 139 0.03982599697754225
4 141 1.6227834379576733
4 142 1.2253999793553545
4 143 0.27398829622133497
4 145 0.32247633859130953
4 146 0.10917375819601591
4 147 0.26390022666277724
4 148 0.46178599537022796
4 149 0.8085316243812319
4 150 2.041561950136616
4 151 2.6569398280457865
4 152 2.945182792596673
4 153 3.5324523644256725
4 154 1.2768530437848689
4 155 0.4926733686692799
4 156 0.10038066376306702
4 157 1.9999271587331104
4 158 1.7044538858407388
4 159 0.3580356183251727
4 161 1.6297680870629474
5 4 0.12765053596551668
5 6 0.5941999706238787
5 7 0.5739261122102344
5 11 0.13934166534897777
5 12 0.1628511718037159
5 14 0.06537089229140858
5 19 0.23945269020805593
5 21 0.8911362483618799
5 26 0.09970084482835498
5 30 1.2675252748199997
5 31 1.2929741111570199
5 32 0.7173674089740819
5 37 0.2930328800663044
5 38 0.5956642166823202
5 40 0.8982337115273411
5 44 0.8595894434488061
5 50 0.019649964784604745
5 51 0.287549576646111
5 54 0.1148939939697345
5 55 2.6295326306435696
5 56 1.3018495945143937
5 59 1.0933733867937512
5 63 2.6847667001628523
5 64 2.0741377146577094
5 65 0.6871664761394652
5 67 0.004700958300450281
5 68 1.4027563987625213
5 70 0.25710935820614383
5 72 0.4763226769172507
5 73 0.409147522367488
5 74 0.574457614084215
5 76 0.14636855652885547
5 77 1.867424250233671
5 79 0.540753675429859
5 84 2.666325554550942
5 93 3.0541011540505183
5 94 0.2006693245136367
5 96 0.04950843719158182
5 101 1.5985670381207786
5 102 0.5617683549908487
5 103 0.18681635604747596
5 105 0.043846881624469314
5 106 0.9305521188227037
5 112 0.35160094435354
5 113 1.07853377630477
5 114 0.020525916809760635
5 115 0.29142905771289546
5 118 0.18825716711059037
5 125 1.7192206681250424
5 129 0.5885497299898814
5 130 0.08043235476207732
5 131 0.6526453803849454
5 133 0.33636188779409865
5 135 0.5251921919076141
5 137 0.03497754050542319
5 139 0.2353085341186553
5 141 1.642824315153752
5 142 0.6531814591681984
5 143 2.8390518404614635
5 146 0.003967975819506494
5 147 1.1400224704467454
5 150 2.4750845372669263
5 152 0.6473614782903203
5 154 0.26392463342540545
5 157 0.1364544452067996
5 158 1.0055224452787814
5 161 0.012348629035806405
6 0 0.3730930826950678
6 1 3.277718971983794
6 2 1.4964362764475836
6 3 0.6358448228408684
6 4 1.5481294313999203
6 5 2.6593486738130308
6 7 3.91844724883839
6 8 1.6593951111576897
6 9 0.1201116365988462
6 10 9.10274018044035
6 11 0.7500975722142524
6 12 0.913943204011767
6 13 2.26806475252581
6 14 5.608346186616186
6 15 2.4393337165757387
6 16 2.9258797784287243
6 17 0.530004372563854
6 18 0.3680731701157088
6 19 0.5705279529416237
6 20 0.808701475088843
6 21 5.167784757949255
6 22 1.2822288818950907
6 23 15.052025935394235
6 25 4.626588011303962
6 26 3.476516866926876
6 27 3.1649338628768735
6 28 1.01604680223407
6 29 0.5991350098003566
6 30 0.9488083770193948
6 31 1.8534816894446977
6 32 0.4181746458298619
6 34 0.027078937226910228
6 35 1.0571409751533603
6 36 0.5846115223656682
6 37 7.242862905649235
6 38 0.15431312354580917
6 39 3.9383909301208386
6 40 0.3958693219200386
6 42 0.1601730803308213
6 43 2.157401987516197
6 44 1.710443521600171
6 45 0.024329455925196027
6 46 0.02347493217035462
6 49 2.0441421675331317
6 50 1.4532464173542956
6 51 1.1045815623320354
6 52 4.758554965471821
6 53 2.444062584592958
6 54 22.82304876142984
6 55 7.561131222147512
6 56 4.823734917446692
6 57 0.32876907277836925
6 58 0.9235456039524975
6 59 1.2244419989809232
6 61 0.069188685711337
6 63 12.586547556278594
6 64 1.5044625818908026
6 65 4.755129899879817
6 66 1.0367168508545783
6 67 0.5079165578228659
6 68 2.4933208117573136
6 69 2.042035056626698
6 70 1.108812978533577
6 71 2.0297811212352164
6 72 6.21347849885966
6 73 0.3320160451664912
6 74 7.796128495313269
6 75 1.6586010659162407
6 76 0.3159670538782176
6 77 0.423984119983932
6 79 0.7845925343979819
6 80 1.151769431125648
6 82 0.7106165296380724
6 83 0.7230830463102863
6 84 1.4883001297491294
6 85 2.184365034513785
6 86 0.09429172580814439
6 87 0.3870349071389803
6 88 0.1700802452098159
6 89 0.5148069299082989
6 90 6.685762462887252
6 91 0.305027832938759
6 92 0.7075863653648563
6 93 0.27267153864972377
6 94 3.8133620506109245
6 95 0.011924966775271708
6 96 3.2951304338690472
6 97 0.49988310093596955
6 98 0.6548402507957208
6 99 2.6170611821694765
6 100 1.2157489683992078
6 101 0.1763475140435466
6 102 1.177655553248234
6 103 3.0134268869865064
6 104 0.38855567876387487
6 105 0.0937735820980071
6 106 1.1511531617831519
6 107 2.265491929986049
6 108 3.228957666918811
6 109 2.6429625602619513
6 110 1.9916628464250445
6 111 0.16793590479384174
6 112 16.693880913248694
6 113 1.014830960234781
6 114 0.9647356394641737
6 115 0.701706532232538
6 116 0.451852524060993
6 117 1.7401364999886975
6 118 0.9326366313472859
6 119 3.855878785462298
6 120 0.011698820814037995
6 121 0.04391002563861128
6 122 10.063877699755405
6 124 0.20631574017851514
6 125 9.972586432595595
6 126 0.6634624954686626
6 127 1.0181188419104366
6 128 3.3044483412636088
6 129 0.11083236794439875
6 130 1.146960638573694
6 131 0.4967096015196542
6 133 3.8835594716491384
6 134 1.368143359607543
6 135 0.2018146763689072
6 137 0.7961548376796596
6 138 3.3787010279116236
6 140 1.5007218853694493
6 141 0.49287881126069927
6 142 3.050241555835058
6 143 28.699038390492497
6 144 0.09994265745677447
6 145 0.30892871863512766
6 146 0.03912130963218565
6 147 0.8006763447085827
6 148 4.2195098501783805
6 149 4.491278864490546
6 150 2.1574124824040863
6 151 20.618841988594962
6 152 1.1962961643892887
6 153 3.222330779424588
6 154 8.789695126802865
6 155 3.3187027683007804
6 157 6.817667479926636
6 158 5.160192281938622
6 159 0.06583471070289836
6 160 6.716114428430445
6 161 1.4230822491573152
7 0 1.2817411246903532
7 1 1.8603682446720007
7 3 0.3294257982343683
7 4 1.0992755409476702
7 5 0.05095493407369723
7 6 0.42039770410732324
7 8 5.731463258391601
7 9 1.3439606793824004
7 10 1.6652821224579266
7 11 0.18929209906017905
7 12 0.06019922190170805
7 13 2.6282419124962457
7 14 5.305085127085856
7 15 0.8449192965747931
7 16 0.7482762374594858
7 17 1.6761329723130987
7 18 0.1255651388148038
7 19 0.09609148752446896
7 20 0.7732399814327926
7 21 1.6627402071275954
7 22 0.4589630310697326
7 23 0.9788000992956254
7 24 0.29192672893382243
7 25 2.321088137113153
7 26 1.389311474538536
7 27 0.3843382085570496
7 28 4.049003676383553
7 29 2.090996206003687
7 30 0.38518746774937457
7 31 0.5721115137563683
7 32 1.1915098606540677
7 33 0.5592496770172757
7 34 0.23204911104094045
7 35 4.251897419545194
7 36 0.11562480967255927
7 37 0.5455732836828223
7 38 3.4429425225573786
7 39 2.3294065929616328
7 40 1.972136304192423
7 41 0.7732967462951871
7 42 0.06896820386924404
7 43 1.6883902184741442
7 44 3.029590430734073
7 45 0.5836799828248963
7 46 1.6346100030580382
7 47 0.2372557585575113
7 48 1.4834834471546223
7 49 1.495181127190811
7 50 2.9569992713822075
7 51 1.403872216482637
7 52 3.280389301493751
7 53 2.0349763421819325
7 54 4.881058943603766
7 55 4.863088239065477
7 56 10.91527007389437
7 57 0.48154229913561303
7 58 1.695359433393308
7 59 0.1171193720119315
7 60 3.8302126593627523
7 61 1.6744692795551344
7 62 0.010533765299068637
7 63 6.6234077417754875
7 64 0.30459858727403627
7 65 2.8507353474446884
7 66 1.1261897066860074
7 67 1.9225466584130535
7 68 0.05657592361895615
7 69 0.3253459819877027
7 70 0.22603869803932938
7 71 1.3152824281050204
7 72 0.29584640361570874
7 73 3.6601380377502566
7 74 3.3065072923979533
7 75 0.27533642705905514
7 76 1.0364616412111853
7 77 1.2378823068808833
7 79 0.6995510036608176
7 80 0.09888242261985689
7 81 1.7305485300639911
7 82 0.4366872823859201
7 83 0.7752223935030343
7 84 0.17099516177330054
7 85 0.11610675791101166
7 86 0.08427522711414383
7 87 4.054752328294909
7 88 0.06805304473525459
7 89 1.3886874530153273
7 90 3.3961274218372126
7 91 0.6610042969541011
7 92 1.5075783299932473
7 93 0.9966556480632074
7 94 3.221569158677739
7 95 1.20476180589443
7 96 0.317429365642226
7 97 3.08919509805656
7 98 0.02069150793721983
7 99 3.3711541888044443
7 100 0.11541029621224846
7 101 0.4256262846016552
7 102 0.44258938671717757
7 103 0.41238929015207676
7 104 0.9445352509190481
7 105 2.4136394466706115
7 106 0.1359115536399504
7 107 0.37438073276884287
7 108 3.2411931760218877
7 109 0.29020941136329687
7 110 0.2896798732964785
7 111 0.14772797725993875
7 112 1.4575707135506715
7 113 0.33709619572464555
7 114 4.014696047451267
7 115 3.304795051523159
7 116 1.4149593651105177
7 117 0.610648408380831
7 118 1.7983228991448668
7 119 0.022099339673289434
7 120 0.315912042691532
7 121 0.7241444191794141
7 122 9.457019131204142
7 123 0.7178000199149013
7 124 0.4495701103362702
7 125 4.730695633178737
7 126 2.8610066270544396
7 127 4.002676832073903
7 128 0.4709859387669699
7 129 0.03855708941364998
7 130 2.0708959854285864
7 131 3.519852638064398
7 132 0.6691493014263067
7 133 0.05142425650190581
7 134 8.241590777709236
7 135 2.139735764117668
7 136 1.4551202746559975
7 137 10.488400167836426
7 138 2.7036672140791373
7 139 1.0506580568925659
7 140 0.6388892228475178
7 141 1.4616821173373353
7 142 1.2151342447467972
7 143 4.7992229644819
7 144 4.633408032597471
7 145 1.1687926883579662
7 146 0.8635682922540572
7 147 0.7985267822864234
7 148 1.6772081408383035
7 149 0.822659248093906
7 150 0.12201590236586012
7 151 2.243948257229442
7 152 2.3947523933374555
7 153 0.17268998978779113
7 154 1.9333519393399488
7 155 1.5951387190807964
7 156 1.5203161218896397
7 157 1.6487399214864795
7 158 2.7681366093020836
7 159 2.176040795144412
7 160 0.06766843892427774
7 161 1.0719059333219965
8 1 0.39708255073067056
8 4 3.858093901377896
8 7 2.0916958888942108
8 14 1.6731811757566344
8 21 0.9620460844421113
8 26 3.5212059492073458
8 30 5.6955025398490635
8 31 0.7776810458401289
8 35 0.5228881172204868
8 36 0.6048234469592428
8 37 0.9246011606971518
8 38 1.077146812613662
8 40 1.128429475646234
8 45 0.3397670573236143
8 49 4.358996275815351
8 51 0.14241939570916076
8 54 2.343602327462714
8 55 0.29652590479120716
8 56 2.4391536952402655
8 57 0.09680535574639398
8 59 3.1246660214853925
8 63 1.1227684316213784
8 64 1.0514969800033387
8 66 0.05847121634619794
8 67 1.3993995224261484
8 68 2.5891326343353693
8 69 0.28188898814939867
8 70 0.043727995777267645
8 71 0.23736152840179503
8 72 0.5568144106089304
8 74 0.42298799417190575
8 77 0.9255550594003439
8 79 0.5144642304988861
8 84 0.6671081894158705
8 89 0.09262093525252094
8 94 0.9789782515117993
8 97 0.10435339434792795
8 101 0.32095451143857284
8 102 0.7890202954407046
8 105 2.1182093663461328
8 106 0.8986604441015681
8 108 0.5662484656495262
8 109 0.15914260619044318
8 112 0.18850016551452212
8 113 0.31293669199077606
8 114 1.8888473669041126
8 115 0.3859637933543608
8 117 0.6525404459338667
8 118 0.0029591262238062898
8 126 0.28083998988691317
8 129 0.47349354490597567
8 131 0.33644683913679985
8 133 0.1450426103698006
8 134 1.7978123842417628
8 137 0.5699578514506918
8 138 1.476809052533882
8 139 1.068782943957501
8 141 1.3020840185404148
8 142 1.2012956614710044
8 145 0.08436465466268687
8 147 0.15824604979608628
8 149 0.4862904661005981
8 150 0.4023498200854168
8 151 0.41600584083756653
8 152 1.3106059405725539
8 154 0.12292808786770203
8 155 2.695982733277065
8 157 3.7365862455316514
9 1 0.886190365119385
9 3 2.1682102789721367
9 4 1.0052193065907589
9 5 0.098507350172854
9 6 1.5363274712487522
9 7 7.666555603098364
9 10 3.3106356973664304
9 11 0.1276519105489914
9 14 2.4432759135655995
9 19 0.24960063479160635
9 21 3.132219214447127
9 22 1.0633897576258824
9 23 0.4050140145904592
9 25 0.6112944576274095
9 26 0.27175915309301985
9 30 6.894552657878093
9 31 3.115439870518313
9 32 1.502330321611774
9 35 4.736952510711343
9 36 1.0229264308842216
9 37 0.13422629050472132
9 38 1.7739211874269774
9 40 0.12647317994219182
9 44 0.07165996502574079
9 45 0.32370374909935257
9 46 0.2291439980376602
9 49 0.3449172854818806
9 51 0.15664977875085065
9 52 0.7452902459182515
9 54 2.3302739414775253
9 55 0.7820112233795524
9 56 0.9627398306009289
9 59 0.22598415465996904
9 61 0.5187578473739578
9 63 3.6558030667223154
9 64 0.5812039832239967
9 65 3.143866542327849
9 66 1.343242981698587
9 67 1.3401464702119306
9 68 5.599211272306845
9 69 1.5601104473129819
9 70 0.7348304755326942
9 71 0.5488228065973847
9 72 0.661215290926794
9 73 1.1029000557405513
9 74 6.342775392316785
9 75 0.4146417598656499
9 76 0.020000802485351278
9 78 0.1581244572971653
9 79 0.06156811637039565
9 84 0.35489467165739075
9 85 0.37147183427000274
9 86 0.5656372926326466
9 89 1.8982566881708742
9 91 0.1748065395479466
9 93 1.0024839210244283
9 94 2.2202380780582525
9 95 1.2185753387050362
9 101 0.7202662890414389
9 102 0.2598637298008441
9 104 0.008147352606724079
9 105 2.4703258094814142
9 106 3.0324238543182673
9 107 1.0770160673226303
9 108 1.3174944185092416
9 110 0.6550193702755903
9 111 0.7334409443633205
9 112 1.0373323157967433
9 113 0.7449174875892179
9 114 2.3891758848862947
9 115 0.5568665430446248
9 117 0.27815393360117197
9 118 0.33291857128772273
9 121 0.8716715274283516
9 125 2.7724411975938197
9 126 0.224837880794426
9 129 1.714740098748272
9 130 1.2672108457355784
9 131 0.5582278395577567
9 133 0.5267962518119913
9 135 1.403108581252644
9 136 0.8549448829231364
9 137 0.46332561082087
9 138 1.0514448217795291
9 141 0.15363771047999064
9 142 1.499482331318352
9 144 1.1416372862561266
9 145 5.879129508330195
9 146 1.6683094916654393
9 147 0.4341446435664729
9 149 0.5672976625009728
9 150 0.930691001103165
9 152 4.262826550934573
9 154 0.08730241371402979
9 157 0.32778736493614213
9 159 0.3971760773067133
10 1 0.5182907702238776
10 4 0.12905603551726383
10 6 0.3338780359512955
10 7 6.799005728571938
10 9 1.1186951881757896
10 11 1.948666277536493
10 14 2.6718516571802633
10 16 0.9885520000225277
10 18 1.206713670875307
10 19 0.5959153453792877
10 21 7.006057516850931
10 24 1.383660987100084
10 25 0.2418586489168625
10 26 0.3095910282126199
10 27 0.5067692501501319
10 29 1.300914912316656
10 30 2.7228617098710957
10 31 10.069109454882653
10 35 0.9105504629204713
10 37 1.964468599382019
10 38 0.13589130036501748
10 40 0.7229459906948268
10 42 0.3299778952083174
10 44 2.1022193856870914
10 45 0.39725456672596415
10 49 2.128488245842008
10 50 1.0113305010566114
10 51 1.811856649116621
10 54 3.408262540212818
10 55 0.9434635314016291
10 56 2.7459302224348625
10 57 0.6186630986976697
10 59 1.255853724902038
10 61 0.11997862790879008
10 63 4.304414641378677
10 64 6.8557052585323595
10 66 0.8287646714491804
10 67 1.3829914664080458
10 68 0.5685841019276883
10 70 1.384535650283777
10 71 1.4262249899827517
10 72 0.6077931314617286
10 74 2.3204998772670664
10 75 0.014991524526911954
10 76 5.913670469751985
10 79 0.8618721816340544
10 84 1.4723533389372467
10 88 0.44157958113109524
10 89 0.49119011406566254
10 90 1.0348950172072198
10 91 0.418122877550819
10 93 5.219477068602401
10 94 0.1831670019794569
10 101 0.27423864913648066
10 102 0.01457213725857619
10 103 0.031996138180147064
10 105 0.09832692728579825
10 106 3.896884076108533
10 107 0.1350367440485508
10 109 0.10769671487407377
10 114 0.2372350184652316
10 115 0.7147213371350272
10 117 0.4881707164703582
10 118 3.4422882388212366
10 125 9.28581144507005
10 126 0.012912401522867436
10 129 0.04230243634534642
10 130 1.2977720657936682
10 131 0.2501283641990048
10 133 8.967253858869753
10 137 3.9319818526714454
10 138 0.9577296120105289
10 141 0.5669908646369288
10 142 2.7643945135180745
10 143 4.303406675713225
10 146 1.0441462668840233
10 147 0.5981274892632727
10 148 2.617694866419102
10 149 0.5076669862193608
10 150 2.835846197275587
10 152 3.6857639806843543
10 154 1.905883217861794
10 157 5.967736737665353
10 158 0.3174209446829868
11 0 1.0401073198504414
11 1 0.18126230941490284
11 4 1.6322093634223211
11 5 1.1949980746915336
11 6 0.627882255923843
11 7 2.737359663821548
11 9 0.16458960416643112
11 10 0.09084980272028303
11 12 1.0932703189847055
11 14 0.45605430897735044
11 15 1.1829867688543771
11 16 0.09460276559821137
11 19 1.0488212934258374
11 20 1.7227418853047596
11 21 4.819284086802922
11 22 0.5555576791193453
11 23 0.18857196132292234
11 24 1.2610694867919603
11 25 0.3528821564152442
11 26 0.198418440789882
11 27 0.301247524589836
11 28 0.17729641951326555
11 30 2.4648118284638056
11 31 0.10094733896674007
11 32 0.9836854866602658
11 33 1.0233118826677643
11 34 0.08733301852494921
11 35 1.1365254831912421
11 36 1.293616929563279
11 37 0.0964141410910512
11 38 0.42221831438405877
11 40 0.1378880494520054
11 41 0.5950362079961269
11 42 0.49273888332809107
11 43 1.047307340717649
11 44 1.374220053629768
11 45 0.9524198344538898
11 46 1.6708311372208928
11 49 2.751125329287178
11 50 1.344268024961469
11 51 0.34591204688827265
11 52 0.9959628495492407
11 53 0.475497438759546
11 54 1.0507203829009737
11 55 1.2915556840592946
11 56 0.40580989431079206
11 57 2.1357759183920355
11 58 0.2044574056989993
11 59 1.7835674054526642
11 61 1.3292409025267236
11 62 0.3357895812416585
11 63 2.5284845497042547
11 64 2.11964861876123
11 65 0.40090393463101054
11 66 2.916234352468249
11 67 0.05947149698504168
11 68 0.5614788756575128
11 69 1.9352088104596066
11 70 2.3537523724593887
11 71 0.666635875463373
11 72 1.8416483541197284
11 73 0.3151075145548218
11 74 0.21403014350143248
11 75 0.21141733503295682
11 76 1.6640715726139326
11 77 1.2553344076329969
11 78 0.1368870325168779
11 79 1.2706617951950274
11 80 0.8146674985728762
11 81 0.01428068665798969
11 82 0.4381741328486578
11 83 0.2119019864437221
11 84 0.5624829816382205
11 87 0.6413163890555651
11 89 1.9729262963596172
11 90 1.2423171426945634
11 91 3.55414349309647
11 94 1.1953638103179562
11 96 0.9014074017777417
11 97 0.4768864757507263
11 98 1.9617877898837166
11 100 0.8108624145815532
11 101 1.0976246179552223
11 102 0.43042295168335626
11 103 0.17971527581682745
11 104 1.0673267954601993
11 105 0.2535108842358635
11 106 0.9050687694381694
11 107 0.453235111394725
11 108 0.23973858926651634
11 109 2.049547837471407
11 110 0.4795316622723518
11 111 0.5717195571477214
11 112 0.5363127943811024
11 113 0.2567707878578519
11 114 0.3794505041314386
11 115 0.6825016234024504
11 116 0.8289273045050979
11 117 0.7361428889913988
11 118 1.798010595078493
11 119 0.004392869126627716
11 121 0.20260515883312596
11 124 0.33865916277583025
11 125 0.8031172287860133
11 126 0.8579377766716211
11 127 4.230843592566127
11 129 2.766793496992981
11 130 0.8056800285552238
11 131 0.5802368276446075
11 132 0.014945749618635411
11 133 0.6585920697221723
11 134 0.4492083078898559
11 135 0.9339662126169852
11 136 0.42426630782427543
11 137 0.3341589156493582
11 138 0.4760397867890017
11 139 0.10767870006464007
11 140 0.07501905824212099
11 141 0.5263614424502733
11 142 2.6815414923619194
11 143 0.12246170769993048
11 145 0.2685459905727961
11 146 1.1587291718964357
11 147 0.587960464907694
11 148 0.06926579384397326
11 149 0.6561582474286453
11 150 0.845722472353322
11 151 0.27138759813158103
11 152 2.2551124572781025
11 153 0.7166336078199147
11 154 1.0988111058273704
11 158 0.7706649565057899
11 159 0.03976939919396923
11 160 0.39346316838004447
11 161 0.8960557335490288
12 1 0.4825385040774733
12 3 0.33302156326296317
12 4 0.5774514562195088
12 6 1.4508687129817397
12 7 4.3702775214819525
12 8 3.625524996542757
12 9 0.04910317880096397
12 11 0.2975983172530141
12 14 1.547838796419095
12 15 1.7738733918636025
12 17 0.05745413556881162
12 18 1.2368853731641591
12 19 0.18456131531773998
12 20 2.049480429605555
12 21 0.5556821230328929
12 22 0.04036228388701072
12 25 0.38846901539522494
12 26 0.22027474201882322
12 28 0.6308304339483687
12 30 0.351098493241382
12 31 0.7838117973551787
12 32 1.9237043331037436
12 35 2.6690539862154936
12 36 2.999711256908217
12 37 1.052407180199215
12 38 1.001883134823104
12 39 2.4603624560780126
12 40 1.2251459558085238
12 43 2.1663720419237364
12 44 0.06563396146092394
12 45 0.5974650153765145
12 46 0.4272584779722974
12 49 3.956990249942653
12 51 0.2922107829527805
12 54 2.326646461510964
12 55 7.069148725251319
12 56 2.5934034784162026
12 58 1.3600866336659847
12 59 0.12624864773284147
12 61 0.03385390008779646
12 62 0.6952381949662741
12 64 0.5738982447702984
12 66 0.4511119748751271
12 67 0.49574332520106706
12 68 0.692433735118729
12 69 0.13645525076085638
12 70 1.625324576964602
12 71 0.92068089548866
12 72 1.6387440774352275
12 73 0.13519073057791345
12 74 4.432409465916613
12 75 0.550900632402171
12 76 0.9685212769180853
12 77 0.08154680778247822
12 79 2.0784097399884742
12 80 2.4193701928774214
12 83 1.4503606641747444
12 84 2.235182188473368
12 85 1.4875197777113756
12 86 0.0665333298899946
12 87 1.9988616046738668
12 89 0.6603667664213554
12 91 0.2554840592345348
12 94 0.10148722940944782
12 95 0.06990742215136843
12 97 0.574236536905254
12 101 2.148490415431276
12 102 0.4305615883146241
12 104 0.6196402870800118
12 105 1.4681829553177255
12 106 0.0459237273387481
12 107 1.1663227723211285
12 108 0.3992494081835703
12 109 0.907569660147601
12 111 0.47529289474722436
12 112 1.0699221159139851
12 113 0.49748461256543275
12 114 3.4554246096790884
12 115 1.2343562938758283
12 116 2.008554948156056
12 117 0.3302152819202261
12 118 0.8561761602281752
12 120 0.9773425580321785
12 121 0.5128245701560271
12 125 4.667772310439965
12 126 0.42623963176448026
12 127 1.088741705378176
12 129 1.2066166785350794
12 130 2.6719509830085353
12 131 1.5339833536459935
12 133 2.8499036978525516
12 134 2.4670909383561477
12 137 4.693440609831534
12 138 1.1680825764824587
12 139 2.455900047821137
12 141 0.6424319662100372
12 142 0.627971521167152
12 143 5.299461345770742
12 145 0.9905650784090586
12 146 1.0566062189115415
12 147 0.0454086364851132
12 149 1.1549209306004062
12 150 0.16524351413464525
12 151 0.8576476521093692
12 152 1.6606978634810383
12 153 0.6667826445664331
12 154 0.5992415528927586
12 156 0.33619182599147995
12 157 2.983139890098001
12 158 0.26900516764595594
13 1 0.2345977014841742
13 4 1.1991187220904531
13 6 0.7749060566264839
13 7 0.11354434678727393
13 9 0.6799388142719072
13 11 1.0608555680747365
13 14 0.9111175869801873
13 18 0.7357375243642457
13 19 1.2684543121805896
13 21 0.4201162149828203
13 26 0.3210365596984266
13 31 2.291247023630518
13 32 1.1357086438969954
13 36 0.13838177740465565
13 40 1.5624076372742404
13 45 0.5119213192802238
13 49 0.3340712901597237
13 50 0.9112399189826925
13 51 0.8907347882109711
13 52 0.05989883464201629
13 54 0.41674596392268254
13 55 0.5124902210686726
13 56 0.31878834920629523
13 58 2.6802238252848776
13 62 1.7373541440987867
13 63 0.6314800334549409
13 64 1.5925587215739498
13 65 0.11923018844415553
13 67 0.6060468542344901
13 68 0.007473530608369739
13 70 1.7334090343917727
13 72 0.19027002071700325
13 74 0.9972791925676159
13 75 0.35325172889071965
13 79 1.5398382976403227
13 82 0.13592191528659933
13 84 0.36537416156046415
13 86 0.17002003897402787
13 89 0.5750327383190702
13 93 0.39508469139096003
13 94 1.5535167477383929
13 97 0.6682611591317646
13 101 0.7260426729458612
13 102 2.3666955466466355
13 105 2.8274688644611916
13 106 1.4142054894632625
13 108 0.3874312433663607
13 113 0.3428346605787374
13 114 0.29585985592533454
13 115 0.8840502143174459
13 117 2.6463659224644993
13 120 0.05165826415654603
13 127 0.14614293899424843
13 129 0.22109698333493155
13 130 0.06347848369107753
13 131 0.26019332009931556
13 133 0.9830270567927589
13 134 1.9033127982138394
13 135 0.16881661989725566
13 137 4.066940821861319
13 138 0.921266368306059
13 141 0.8336559809921146
13 142 1.739859715848192
13 143 0.12799629514080957
13 145 1.4990712578455978
13 146 0.03761625080032251
13 152 1.2476504866424984
13 154 0.8897626068068848
13 157 0.45244822252132716
13 158 2.2868054288117206
14 0 0.16920134621906707
14 1 2.4984299398434966
14 2 1.508923925270917
14 3 0.08259447989682434
14 4 0.07874582104999403
14 5 5.789427049350721
14 6 6.263689145528294
14 7 6.1789109863791145
14 8 0.5728325431746221
14 9 0.8891160170299228
14 10 1.6016480468505687
14 11 2.9208938555521535
14 12 0.33354055375915936
14 13 6.371375394112651
14 15 3.9332650631864676
14 16 0.22407256650524413
14 17 0.6090171845480243
14 18 0.5849301933191654
14 19 1.7165102774769956
14 20 4.9630338031968355
14 21 15.654336598283942
14 22 2.500856580565721
14 23 0.8070465951165605
14 24 3.109850189825253
14 25 0.8000090509316496
14 26 0.1758709863984253
14 27 1.8732601375162306
14 28 3.91142285263252
14 29 2.23575208583741
14 30 4.522734790218532
14 31 0.3726310072893395
14 32 0.45185865025248007
14 33 0.35654710677926116
14 34 0.16651569885873724
14 35 0.8884311126370311
14 36 1.0168681234945576
14 37 0.7110659539472935
14 38 0.5264589683458625
14 39 5.26640317306556
14 40 1.8435104412370094
14 41 0.07969089340958276
14 42 0.1876420707486661
14 43 0.44166362748970006
14 44 2.1487421689951374
14 45 0.008270337347678711
14 46 1.1609506792626278
14 47 0.7647113048534853
14 48 0.765539603559273
14 49 3.3654741690226264
14 50 0.17006634163171094
14 51 2.245854974193261
14 52 0.8639224738892746
14 53 0.5399686833923296
14 54 4.2059114104080315
14 55 12.439575378689353
14 56 3.6595236986788793
14 57 0.596471288400239
14 58 0.7172888897646194
14 59 0.0837910014970216
14 60 4.076390311944175
14 61 0.011933679439516797
14 62 0.9807635173763024
14 63 2.6935977218859253
14 64 0.09304617447036936
14 65 0.015472778259990074
14 66 1.2405456932504955
14 67 0.9568312609218875
14 68 3.2400939544904257
14 69 0.4023662144300021
14 70 4.515608143317631
14 71 7.538102268066461
14 72 5.319073284918178
14 73 2.8414819423941435
14 74 13.906622576696881
14 75 0.06911238419354729
14 76 0.19485613611054647
14 77 1.597286433632816
14 78 1.1337150361329815
14 79 1.2869945017768345
14 80 0.1020144396162858
14 81 0.23748844196544427
14 82 0.6926485706384138
14 83 3.743208184664836
14 84 0.8257342411482587
14 85 0.4702588080492885
14 86 0.459144404187554
14 87 5.174967998326139
14 88 2.019762916639674
14 89 3.395778599461314
14 90 1.3482859400769738
14 91 4.52911302781658
14 92 0.14968441028669177
14 93 5.910584671846929
14 94 5.88359407524266
14 95 0.5013645448468581
14 96 0.1987366908884517
14 97 0.24341471800626482
14 98 0.40968775928299983
14 99 5.6180160521726545
14 100 0.13913254067685998
14 101 0.6972645187733667
14 102 1.7642450122508615
14 103 0.9384086921528816
14 104 4.13649052344542
14 105 1.1048446133883503
14 106 6.143029398586082
14 107 0.410571543892252
14 108 1.0194229304548366
14 109 2.100556696152677
14 110 1.910657845200643
14 111 0.5344543516621352
14 112 4.959155714093753
14 113 0.9229990973636615
14 114 0.6892806772441774
14 115 0.46663076320248564
14 116 1.0798990458260371
14 117 1.5964064268218467
14 118 1.447031002613063
14 119 0.5717370921688325
14 120 3.756694999900869
14 121 0.500287935695283
14 122 2.9085592612687607
14 123 1.2569953618350915
14 124 0.6216135825121397
14 125 0.05228267263329105
14 126 0.4387646534581224
14 127 0.8472269890209371
14 128 0.20895097361436407
14 129 0.7957370426753424
14 130 0.05650765539031388
14 131 0.002027075193304605
14 132 0.17963717328969517
14 133 10.467889271849238
14 134 0.9004601940613987
14 135 1.625435701426993
14 136 11.606559668864806
14 137 4.333008969733663
14 138 0.3836934907072316
14 139 0.03132426858244913
14 140 2.1343755525222785
14 141 2.8349789527394056
14 142 0.9888612701084589
14 143 8.765033085432371
14 144 1.0433808953865533
14 145 1.9202155670448653
14 146 0.47486743355684286
14 147 1.8723526151058665
14 148 0.7006760210851002
14 149 0.66911243964724
14 150 2.2238995019761827
14 151 2.576995314580314
14 152 7.243745886331899
14 153 4.365538350494205
14 154 2.1004310179885466
14 155 0.7878388624524192
14 156 2.731333683976695
14 157 6.2833656615432005
14 158 0.2035624797315129
14 159 0.6242428839191292
14 160 4.773885753434013
14 161 0.5696708347103794
15 4 2.6484808634512746
15 6 2.8705137404367367
15 7 0.38273310085273377
15 14 8.387898381486632
15 18 0.024413796248054356
15 19 1.9734495061113644
15 21 2.6872738082259766
15 22 0.3071413937794773
15 26 0.18179912993783046
15 31 4.296455493183071
15 32 2.910742045191079
15 36 5.054698965787155
15 37 3.422973897763751
15 38 1.0770029785223831
15 40 1.6332030984721349
15 44 1.48106195022376
15 45 0.04689933614220271
15 48 3.473060768697434
15 49 6.390259624838165
15 51 0.7450156991105393
15 52 1.6485397980305467
15 53 2.655993654808255
15 54 2.9953540907210114
15 56 5.777055505753454
15 57 0.26234431068923475
15 58 8.995383333996937
15 59 1.140532515511573
15 64 2.4857151399936126
15 65 1.0033466050130704
15 66 0.5096138640696962
15 67 2.0220351574139603
15 68 1.6544409314187491
15 69 5.672769386905731
15 70 0.019851957874369264
15 71 1.508339586765351
15 72 2.222277413620636
15 74 24.193267135223344
15 79 3.8457260644498388
15 89 1.5941964669788693
15 94 1.8636349946389548
15 97 1.109031404263537
15 101 0.19046408813690777
15 102 2.2643357420849552
15 106 7.668168565424729
15 107 0.06207135625167121
15 108 1.4626674198000493
15 109 3.0113198564404478
15 112 0.3439154333111015
15 113 0.6680661987815828
15 114 5.2734799347862245
15 115 0.3984628644715157
15 118 3.2254286987824874
15 122 2.8236687762575587
15 126 0.595677585913286
15 129 5.294464190754314
15 130 2.1918058133277083
15 131 0.2675535482615783
15 133 0.7836370396658212
15 134 24.595532515006717
15 135 1.8469448277544323
15 137 31.275716451387954
15 138 1.7529950533167646
15 141 0.5177677494398436
15 142 40.6125370903362
15 143 4.083264723424148
15 146 1.0036968178781858
15 147 3.510966116346167
15 152 24.164234808209937
15 153 7.781843467893691
15 154 38.538708730616406
15 160 5.048406844937224
15 161 2.5070178119705977
16 1 0.5481291370235067
16 9 0.05217565375995832
16 11 0.17706712090349994
16 12 0.46930142437407185
16 14 0.41204506535427565
16 19 0.048596171336901056
16 21 2.5907509883359787
16 23 0.05513448808375039
16 25 0.914374415099438
16 26 0.5232451859841438
16 30 0.2799036842021512
16 31 0.012798642892998563
16 32 0.12983101927489718
16 37 0.5861829432688966
16 38 0.4992243039685625
16 40 0.21049748940695803
16 44 0.12069260095862262
16 45 0.863826065105358
16 46 1.2293370843277824
16 49 2.115100870798007
16 51 0.07866290100703185
16 52 0.9766647535002285
16 54 0.2906204855115684
16 56 1.734206655667239
16 63 0.3414558873432073
16 64 0.4312028675871365
16 65 0.11548180392993433
16 67 0.13797474508788837
16 68 1.0132386819090498
16 70 0.8506321363757169
16 71 3.3479871787119824
16 72 0.020893996083391483
16 73 1.595175787846157
16 74 1.532557000221909
16 79 0.10591688036823875
16 87 1.395845566124745
16 89 0.6591240425535124
16 92 0.2768647307461102
16 94 0.5726034620444499
16 95 0.6362335129908666
16 101 0.06794608125779661
16 102 0.7420093208442982
16 104 0.5957331609741782
16 106 0.41438234928413853
16 114 0.8434550418512908
16 115 0.7812068971520263
16 117 0.5846811362720338
16 118 0.4736099209779041
16 119 0.7812740543677448
16 122 0.08344079460928053
16 126 0.17593152173191906
16 131 0.38915343671438346
16 133 1.3523233837607955
16 137 4.077533143214819
16 142 1.4367573025532805
16 147 0.8041266060897739
16 150 1.3205011775094264
16 152 0.4830071830133537
17 6 3.4853404617503125
17 7 1.042047971470216
17 10 1.0549665285352021
17 11 1.397852064944386
17 14 0.14321300731273875
17 19 0.1283888213789637
17 26 0.1693892767795845
17 27 0.360289970777414
17 30 1.5916505773857155
17 32 0.3903654821850528
17 38 0.3425421332301025
17 49 0.28000087778744515
17 50 0.9690693955762283
17 51 0.5264055906049291
17 54 0.15053545929509266
17 67 0.06842246977583594
17 68 1.0172077543881768
17 70 0.31754071269361844
17 71 1.0286298766842163
17 72 0.6475375399174377
17 74 0.4224217596039656
17 79 0.29224674232694914
17 84 0.45261956084195903
17 87 0.023619533163315366
17 89 0.10341944688997944
17 94 0.9649537854073305
17 97 1.098372823779578
17 101 0.10960995911198328
17 102 0.09295088068836516
17 108 1.6828811806185637
17 113 1.1625578238062686
17 114 0.07779185825799054
17 115 1.0926967269223646
17 117 0.0423243343912051
17 126 0.8275623131014896
17 129 0.1483084529525474
17 130 1.076124043084383
17 131 0.25226973715952145
17 133 0.34201710199213015
17 138 1.5662983332526703
17 139 0.22630779101900106
17 142 0.28621702987106407
17 147 0.41884979399042754
17 152 0.4627314292105817
17 154 0.6759710119125988
18 0 0.21143354593203215
18 1 0.44950782835170006
18 4 1.0539058749748873
18 6 1.001804405747296
18 7 0.42664586866711235
18 10 0.7191291578104708
18 11 0.5815149917726984
18 12 0.03856640055163849
18 14 0.679871640488135
18 15 0.4418271093402175
18 19 0.11181924983460498
18 20 0.9301807113836826
18 21 0.26984285029661054
18 22 0.08034761592405648
18 23 1.9845354593952202
18 25 1.2533967207998493
18 26 0.013251609506300785
18 30 1.9538467786895588
18 31 0.698829883407179
18 32 0.338900531022107
18 37 0.21168618372665446
18 38 0.4911281606934071
18 40 0.11625088231642494
18 42 0.494593405105117
18 43 0.4541904706756758
18 44 0.5681686694227447
18 45 2.439277949073814
18 46 0.45948736621866015
18 49 1.3904481471338739
18 50 0.6189314258507735
18 51 0.6648607611483827
18 52 0.2959434678156468
18 54 0.4345980116775392
18 55 0.4156412058389104
18 56 0.7356137640113215
18 57 0.7234822946877378
18 58 2.8944807534557757
18 59 1.1271108811844293
18 63 1.8481835455756297
18 64 0.1197684152677091
18 65 0.4864339315246532
18 67 0.39790947584044506
18 68 2.7035379155487
18 69 0.4698233967313067
18 70 0.15750327709317696
18 71 0.08796714067003969
18 72 0.2613772975656809
18 73 0.350586637513906
18 74 1.1714196849360716
18 75 0.13287405425336096
18 76 1.2248654872896056
18 77 0.8314247380330545
18 79 0.20695464824282997
18 83 0.9504858988828647
18 84 0.5136063646873715
18 85 2.744584533234432
18 86 0.127581600637752
18 87 4.018943480877091
18 89 0.6110672068101197
18 93 0.9956043757875991
18 94 1.0847876723460914
18 95 0.05891423133046493
18 97 0.4583078875295518
18 101 0.3976794707020521
18 102 0.11370911346557636
18 103 0.46718808796902495
18 104 0.13694934720171864
18 105 0.4949760117104995
18 106 0.9923163188064932
18 107 0.6176366534601071
18 108 1.2615876000104738
18 109 0.9665208996446367
18 111 1.740665617742132
18 114 0.6657641925040176
18 115 1.0092162223133696
18 117 0.20471473006412833
18 118 0.38672624190936833
18 122 0.8199079319444307
18 125 0.8398626245192202
18 126 0.14726348204920942
18 128 1.0129323660255505
18 129 0.15900223068976374
18 130 0.12511114701558726
18 131 1.433975509533462
18 133 0.9001593870034021
18 135 3.5931634505138947
18 137 0.8390823179074752
18 138 0.05711695089612533
18 141 0.19797292440644912
18 142 0.9463273214781969
18 143 0.8559911068016564
18 145 1.3035144761007738
18 146 0.069695962183538
18 147 1.364424777048895
18 149 0.4461134066835808
18 150 0.9082249538822103
18 151 1.6973238654155836
18 152 0.7348741791066609
18 154 0.7006097022518386
18 157 0.010747402080939794
18 158 0.7836971748373104
18 160 0.04212517970243859
19 0 0.2061305936996755
19 1 1.0988885871580638
19 3 0.10505748871956345
19 4 0.6673251003925159
19 5 0.8082951552883688
19 6 0.009791025373737345
19 7 1.2732891251193574
19 8 1.03833205461933
19 9 0.2209721265432668
19 10 0.07874721846439893
19 11 1.1755770007384592
19 12 0.33296354929861205
19 14 2.5949941601682216
19 15 0.6308905010036155
19 16 0.7021571153597892
19 18 0.9993479326841143
19 20 0.5133630290716618
19 21 0.9408683568710201
19 22 0.8440689868524158
19 23 2.399947320064678
19 24 1.31038641103325
19 25 0.13239927308965843
19 26 0.26744225608421124
19 27 0.19856465700869413
19 28 1.9025545620683049
19 30 0.46048736118859257
19 31 2.486510030172701
19 32 1.15234511740296
19 33 0.011192752661857954
19 34 0.5193604323023269
19 35 0.08960815085703819
19 36 0.8910967308772002
19 37 0.7934351195017117
19 38 1.9055885175715883
19 39 4.6551598454519265
19 40 0.46377113452428487
19 41 0.2518195758785138
19 42 0.5318333228252069
19 43 1.2848660846590192
19 44 1.5593937250115164
19 45 0.548589409896974
19 46 0.694247518354925
19 47 0.34585833284131434
19 48 3.4911317521107392
19 49 0.925227556106436
19 50 0.1316366217898489
19 51 0.31608580724369373
19 52 0.8981134511525201
19 53 0.05590122484832184
19 54 0.8767965956427235
19 55 2.396053202306607
19 56 1.4328787617405017
19 57 1.483595016719359
19 58 0.1926858109177629
19 59 0.35061506234029494
19 61 0.07559110289540699
19 63 1.3355966669723358
19 64 0.6579786016599803
19 65 0.3052241564156357
19 66 1.0714060528000904
19 67 0.23576023363468188
19 68 0.6696903640577125
19 69 0.20490076153498304
19 70 0.7077418560493127
19 71 0.1473334372527757
19 72 0.4789936095527701
19 73 0.18388694306605607
19 74 3.3147113157498764
19 75 0.7110004918499307
19 76 0.18490887826217756
19 77 0.48827837995138906
19 78 0.510093563256837
19 79 0.10488095442165306
19 80 1.4508335166756512
19 81 0.08216939585760173
19 82 0.21201350805742036
19 83 0.13350095490265113
19 84 1.4367068113335117
19 86 0.2790645339940159
19 87 0.5273728848598176
19 88 2.805283588638666
19 89 0.006575411756887012
19 91 0.13332128126703352
19 92 0.37184749448376714
19 93 2.4651459647456715
19 94 0.5575495514745147
19 96 1.8902204721823852
19 97 0.25023505858875167
19 99 0.9005493142609784
19 100 0.3109096546099869
19 101 0.5365690483252736
19 102 0.6262147253015682
19 103 0.8291835905775233
19 104 0.25684396965620504
19 105 0.3838305651146228
19 106 0.5117695267534407
19 107 1.713143236193078
19 108 0.28963686337648
19 111 1.243104713309245
19 112 1.2478437513940668
19 113 0.018202541970620163
19 114 1.0294627378667096
19 115 0.21047111040619895
19 116 1.0528766682672428
19 117 0.24531385297841518
19 118 0.4931654990325576
19 119 1.8980672258375855
19 120 0.7098542572217948
19 121 0.012751237004901822
19 122 0.6589134599386937
19 125 0.049578953614255024
19 126 0.6061735917655022
19 127 0.26737472914293436
19 128 0.1601841508435518
19 129 1.5028769359586027
19 130 2.3337284579326387
19 131 0.23757575585175847
19 132 0.8700328353064669
19 133 0.6319530309050114
19 134 0.6521918844515271
19 135 0.08930266604774777
19 136 0.6543215622916047
19 137 0.0861463164332269
19 138 0.1453175819479106
19 139 0.16892171764963881
19 140 0.07782856124773718
19 141 1.4545572341534627
19 142 0.6209030712133665
19 143 0.4295511350062823
19 144 0.8767522240524719
19 145 0.5378817872726449
19 146 0.3203066266197557
19 147 1.1457600074096566
19 149 0.5826328180818732
19 150 1.07697001828868
19 151 0.3257057102241398
19 152 1.2857359021648622
19 153 0.21474230532712008
19 154 2.1265590207596987
19 155 0.011465000966938975
19 157 0.3167412498715221
19 158 0.4531074402886106
19 159 0.048144169811463584
19 160 1.0255901175347817
19 161 0.025898364855626396
20 1 0.41054846926769284
20 4 0.920420186360103
20 6 3.98452832552409
20 7 3.181093168164823
20 11 1.6296805923061952
20 12 1.64814849384256
20 14 2.2616449358386834
20 19 0.03236111150588104
20 21 18.997603566367534
20 22 0.11973141076733593
20 25 0.6460864399816479
20 26 0.940496639909225
20 31 1.6200710667269174
20 32 0.5739704555741556
20 35 1.4473142978273525
20 36 2.7188494255111335
20 38 0.3527878056578607
20 39 12.175425067180406
20 40 0.7350970049627389
20 44 1.2391424691337796
20 45 0.5260150704885228
20 46 0.1902789294290883
20 49 2.330182472093805
20 50 1.4828932745082624
20 51 0.9064807974938982
20 52 2.3260264932787824
20 53 2.90335927631554
20 54 5.572694987673981
20 55 0.41725657851998393
20 56 9.279603917486392
20 58 3.543058417956761
20 59 0.25450076053004267
20 63 24.84094837194418
20 64 8.655357242682761
20 65 0.551752317133003
20 67 0.4260359654316436
20 68 7.259985206179386
20 69 0.7434917720387204
20 70 2.5454916279743123
20 71 3.949750434035632
20 72 2.290151169954052
20 74 8.836711279176313
20 75 1.0297011319524898
20 79 0.26411549782498694
20 83 1.901440964723921
20 84 0.05523337896265945
20 86 0.19457830950346786
20 87 2.899407803045496
20 89 3.8429403716884836
20 91 0.6078710722964676
20 92 1.0297896341615123
20 96 1.4280704452727273
20 97 0.019550507105598653
20 98 0.817004733861668
20 101 1.9088233575803935
20 102 0.6661475900064109
20 104 2.6244262582275852
20 105 0.7765979352083606
20 106 1.109989740601527
20 112 3.853800901599936
20 113 0.31620721134174895
20 114 4.344823714593322
20 115 1.4610832694676628
20 117 0.6353741702211189
20 118 0.7153367395705358
20 120 6.561030698295044
20 125 0.5762591538084733
20 126 0.8589921703907359
20 129 5.243622484807541
20 130 4.073501275312687
20 131 0.21571143165309903
20 133 11.047965811404561
20 134 26.599403688603015
20 137 2.0417888090095735
20 138 0.09578796823386379
20 139 2.5708367494734388
20 141 1.7151169364608645
20 142 23.902444349812363
20 145 0.5390729863929077
20 146 0.5885607467956414
20 147 0.03815673181545925
20 149 0.6308029835148358
20 150 6.8053505785956485
20 151 15.041207546129083
20 152 2.6497956329634613
20 153 6.746922231175909
20 154 1.09485080406438
21 0 5.350632721619315
21 1 1.1034681435266014
21 4 5.689776372247359
21 6 5.043986789625483
21 7 0.05815738685237788
21 9 0.5146070894869241
21 10 0.08654700013691408
21 11 3.8443430957118587
21 12 0.6195855031183652
21 13 9.395981673414823
21 14 6.292427136469431
21 15 1.8199800346418469
21 18 3.272582313232721
21 19 1.4002734246727073
21 20 3.868181397708644
21 22 1.1943271613699165
21 23 8.968436890412228
21 24 0.6156174397976717
21 25 0.40818078950796177
21 26 0.19789910869556943
21 27 0.6079067430414726
21 28 0.4753282257365573
21 30 4.836692086892564
21 31 0.2155252372432232
21 32 0.23492164384494366
21 33 1.563381684022642
21 34 0.3444116013101734
21 35 1.228488261643377
21 36 0.23679674687198432
21 37 0.3502941393003372
21 38 0.6927671298723524
21 39 2.717184117834204
21 40 1.529725062277068
21 41 0.25112157403645297
21 42 1.8277994138570004
21 43 3.4434603932858536
21 44 4.261686074381124
21 45 0.10446155321138453
21 46 2.0253326837121333
21 49 0.1028228313624553
21 50 0.07938096268406229
21 51 0.6686253146133874
21 52 0.6191155036285464
21 53 2.942336957850536
21 54 0.6394585968344535
21 55 0.4367076315636602
21 56 6.169317331464572
21 57 0.03540749192019975
21 58 2.032707710582056
21 59 0.5316425493005362
21 60 1.474070257555958
21 63 4.182891487301143
21 64 0.08671891540527428
21 65 1.3299879273288402
21 66 2.5956607156858698
21 67 0.21191807576392319
21 68 2.014599049856615
21 69 2.2921187988736005
21 70 3.5219019463056647
21 71 2.0081410106228095
21 72 1.8933931257354826
21 73 9.282474341849841
21 74 0.4261316352491887
21 75 3.6740515095638138
21 76 0.7983329292525876
21 77 0.36001911712547957
21 78 0.1995896962057754
21 79 4.639421323883539
21 80 0.2676630209298262
21 82 0.038345668377666876
21 83 0.6995380012692316
21 84 2.1981644350660536
21 85 5.18440558449749
21 86 0.0031251215203320715
21 87 2.5872231469742615
21 88 0.7916864566580855
21 89 0.4280295074297841
21 90 3.379218566395158
21 91 1.3854374589393093
21 93 4.628286845477546
21 94 0.3292574042714767
21 96 7.152628267240108
21 97 1.807842624831916
21 98 0.3399905484485769
21 99 1.081272402385625
21 100 0.8569298648694258
21 101 2.3630319473019648
21 102 0.23907015738489892
21 103 0.6277809491141959
21 104 4.420948415417456
21 106 6.39224151961424
21 107 1.1151366915616339
21 108 0.6082118329436971
21 109 2.5896697014328716
21 111 6.527491476080481
21 112 0.1319048136141144
21 113 0.32762676569398863
21 114 0.4006516505249997
21 115 0.9575471013712109
21 116 2.4018746375999696
21 117 0.11301173039257617
21 118 1.2387347965214075
21 119 0.5924700167519807
21 120 2.6645946450163627
21 121 0.5759435221902973
21 122 2.1823601324238986
21 126 1.899805394381604
21 127 3.4112972744926093
21 128 4.031232680409816
21 129 2.2620179148085455
21 130 6.320114035987719
21 131 0.5340331948146873
21 133 5.866331807950136
21 134 1.217667122819907
21 135 0.02062629298509777
21 136 3.8034084619441746
21 137 4.388928118068006
21 138 1.417096778837811
21 139 3.558901249512136
21 141 0.13091375428624907
21 142 13.032537927537662
21 143 2.304883957327265
21 144 0.7545940420819287
21 145 0.3353553713966191
21 146 0.21911165789863477
21 147 1.1265905066671453
21 149 0.26368587937236526
21 150 0.6052183612556461
21 151 5.669582638708456
21 152 11.013625172416079
21 153 2.073355186252521
21 154 7.6589403396394875
21 155 2.248348530715814
21 157 1.261855130406321
21 158 1.8479865570400595
21 160 2.106337030260314
21 161 2.5141038551114665
22 1 0.6444431534373006
22 3 0.0334544916304192
22 4 2.6601329099598248
22 6 0.3564627405945931
22 7 0.5949875160431819
22 9 1.099970593172187
22 11 0.24388621027178725
22 12 0.11995313026831206
22 14 1.070794633853106
22 15 1.6349479887947513
22 18 0.07393594103455241
22 19 1.0314985739358127
22 20 0.20471627166807083
22 25 0.07316560726589134
22 26 1.2227390665123898
22 28 0.20469176040183584
22 30 2.5198917241721785
22 31 0.06612366799250984
22 32 0.7100604922833493
22 33 1.936782915465778
22 34 0.28443763953159573
22 35 0.06027216588200509
22 36 1.4820576958068052
22 37 5.922143629752581
22 38 0.9426465592625977
22 40 1.1422124213924147
22 42 0.22790204780353446
22 43 0.6715929988827832
22 44 0.3043020240071348
22 45 0.20892986911712802
22 46 2.9602919578539204
22 49 2.3200244576366016
22 50 0.2261936628085145
22 51 1.3116128442028547
22 52 0.5883339258699093
22 53 1.556746425516334
22 54 1.2389060800583303
22 55 0.23113241548050834
22 56 3.621628349634189
22 58 2.4348908720026
22 59 0.38181851243869613
22 63 3.0148892014209183
22 64 2.675015947846681
22 65 1.354813213264093
22 66 2.491275497027684
22 67 0.257154872956626
22 68 0.41365671845744795
22 69 0.05871004680701728
22 70 0.16053156410666256
22 71 1.108856636520879
22 72 1.6026914261969203
22 73 0.11179150786305442
22 74 0.5218484416177371
22 75 0.4542194868803338
22 76 0.3842796426210078
22 77 0.8225442361561691
22 79 0.2703414865256243
22 80 1.1846964916825298
22 84 0.058158822676183095
22 85 1.4638062027653853
22 87 5.794132478795747
22 89 2.7350441230569844
22 91 0.20243039382866548
22 93 0.6966414191055366
22 94 0.6514513149169496
22 95 2.166594948294084
22 96 0.025875620220714185
22 99 0.8357134455776936
22 101 0.2640563956340858
22 102 0.943600769452957
22 103 1.8717675061858001
22 106 0.12242808750024237
22 108 1.6591297197353667
22 109 1.1357106770233485
22 111 0.9629461850545382
22 112 0.8693212127862188
22 113 0.6763508424786
22 114 0.14865513462459182
22 115 1.3910541709426125
22 117 0.37955326753316143
22 118 0.6133753549865956
22 119 0.38053399867833027
22 120 0.7929047074592073
22 121 0.23072918875489762
22 122 8.302370510453763
22 124 1.0981956603218967
22 125 1.6648833039294078
22 126 0.07386849563165322
22 129 1.8913258764132217
22 130 0.7758591417708478
22 131 0.11362481421508053
22 133 1.4874363996312359
22 134 3.8774820213762498
22 135 1.8383024789197047
22 137 7.102366045148063
22 138 0.5355241023755641
22 139 0.7494383946202848
22 141 0.5404442737055893
22 142 0.8831181481887476
22 143 2.381598979216604
22 146 0.17429266144203723
22 147 2.4376926822342204
22 149 1.7510047577789336
22 150 2.120930944648655
22 151 0.10358439494550165
22 152 0.7013794332511649
22 153 1.0376811667768728
22 154 0.7853979767570098
22 157 0.06626215697709585
22 158 0.5166812077849933
22 159 0.13205050118512898
22 161 0.7161028828747287
23 1 1.9377915403981802
23 4 2.921896900164546
23 6 1.2780904972123515
23 7 1.5619907055533777
23 11 0.9177408707617243
23 14 10.64453060233175
23 15 14.83313292450307
23 19 0.37151035968624485
23 21 23.366803870490326
23 25 0.6812502383159214
23 26 0.8370893070964918
23 28 1.2967836202110092
23 30 3.7072750112322606
23 31 2.284519750497341
23 32 1.9035556492028964
23 37 6.126022666553572
23 38 7.078130436058053
23 40 5.343945766648201
23 44 1.0116792517278146
23 45 2.069408007486257
23 49 0.043176300105941395
23 50 0.14248074433066382
23 51 8.54381828825067
23 52 1.2767495580498889
23 54 4.705179927665636
23 55 0.026259498900765413
23 56 0.9520674467314288
23 59 4.90843363033642
23 64 3.4978313404972865
23 65 0.3247808408551585
23 66 2.3978276884565317
23 68 1.0516234637960575
23 69 11.315369383040634
23 70 0.1906711832063367
23 72 0.8903148570229491
23 74 1.3576964054352212
23 76 0.23571616869717152
23 79 4.257122080287148
23 82 0.9278600441289805
23 83 0.4767178150548114
23 84 2.3070334213965475
23 87 28.84284664892829
23 89 2.495586386498867
23 94 5.735702731866784
23 97 3.1159469335633023
23 98 3.6293489559801646
23 101 2.96558764168761
23 102 1.1163029185835254
23 103 0.7407949471642253
23 105 0.9611374753168643
23 106 7.1037142232484145
23 113 0.8631962630543477
23 114 4.565709925936056
23 115 2.3567332276374326
23 116 2.929658846641016
23 118 1.5637471709986397
23 119 8.260200407114882
23 120 0.3141062452082791
23 122 4.100901268937924
23 125 26.565466393992917
23 126 0.3429888615934185
23 130 1.431569287606875
23 131 4.575842791599508
23 133 1.7451675548755337
23 134 3.4649537110227766
23 135 1.4424841573467992
23 137 2.906636028290561
23 138 2.375662209880286
23 141 0.015460075064903368
23 142 3.834416058405214
23 143 1.1264481842619463
23 146 0.3008520786070169
23 149 0.4750996975558327
23 150 2.2753530097848147
23 151 16.50098271200592
23 152 6.316739001832075
23 153 20.870846363044244
23 154 2.7137592289425787
23 157 0.6867165179339448
23 158 2.79662195434158
24 1 2.8651707495404843
24 4 0.0815243708221122
24 6 0.5856013010050162
24 7 0.31828507107075565
24 11 0.09647727831942696
24 14 0.3754756477600814
24 18 0.5773199384502139
24 19 1.5740887083604214
24 26 1.171283138253236
24 31 0.37015847158196463
24 33 0.48135714707965727
24 38 0.5331730825061496
24 40 2.0683510412209087
24 44 0.22410330678912269
24 45 0.3598344952197023
24 49 0.12036538703761829
24 51 1.2911166241428496
24 54 0.19038937402501976
24 56 0.7372688493986176
24 64 1.1163444210895328
24 65 1.115866745767923
24 68 0.09126255273362041
24 72 0.023719610381394522
24 74 0.1023485457874046
24 75 0.8371952989531092
24 77 0.8717246912516716
24 79 2.851476752682456
24 84 0.24820399837223794
24 89 2.469293582026433
24 94 1.3103808248619169
24 97 0.4796247929530664
24 101 2.390501967457685
24 113 0.3679716177585283
24 114 6.10698254633785
24 115 3.0142656164208645
24 117 0.7349077839556367
24 118 0.8928511321784557
24 130 0.34440921369929983
24 131 1.5809114823741734
24 133 0.36958917562068344
24 134 0.056054686811528996
24 135 3.0185879855109667
24 137 1.4015856828088669
24 138 1.2401196676427797
24 141 4.945926976665361
24 142 0.24714183152486074
24 152 0.11374895387899862
24 154 1.0654793878029103
24 157 5.093946598916551
25 1 0.2543340486978982
25 2 1.4482010807955608
25 4 0.2086817155148488
25 5 2.898387192550813
25 6 0.2261019123354596
25 7 0.5492007604723589
25 10 1.4832595082258229
25 11 0.03112195081842701
25 12 0.6199170714363716
25 14 1.4386790554741544
25 15 0.5450257666717275
25 19 1.0917585272669297
25 20 4.6223750383927875
25 21 1.173673207458694
25 22 1.2393529156951006
25 26 0.11377309660232753
25 27 1.3606394049156079
25 30 2.0254465109627477
25 31 0.024918857542221135
25 32 1.1599599053064988
25 35 2.4866056139416433
25 36 0.14565977300738256
25 37 0.9945131004730196
25 38 0.527909705586141
25 39 0.5529433800828923
25 40 1.2062583908116402
25 42 0.01780433680036773
25 44 0.5794719789932423
25 45 0.5678131477853796
25 46 1.3045290854354978
25 49 0.9830810412959814
25 51 5.195669357740367
25 52 4.026189141449864
25 54 2.334539191158429
25 55 2.196195638243685
25 56 1.4102313726096134
25 58 0.1236918210668454
25 59 0.8421100238761584
25 61 0.08383258611751719
25 63 2.2389775140710992
25 64 0.606282552947094
25 65 0.03515215982580298
25 66 0.4787446601528854
25 67 0.3469117449222062
25 68 0.16832193570412887
25 69 0.5194329896460361
25 70 1.4725092747870356
25 71 1.622410445339937
25 72 0.5140532648860012
25 74 0.8118930698920801
25 75 0.44530060502470187
25 76 0.8317277524921961
25 77 3.7577542657223764
25 79 0.06373349321425353
25 80 0.3360781874743947
25 82 0.34399130436749836
25 83 0.20751342553646096
25 84 1.5880072045966875
25 87 0.08723544387217647
25 88 0.5346991718752945
25 89 0.0142341398236511
25 93 0.3548801951121733
25 94 0.8440110871022478
25 95 0.3119110337382565
25 96 0.3370885623713234
25 97 0.24035855495139738
25 98 0.30684217206349496
25 101 1.9306029088977747
25 102 0.729231818545693
25 104 1.0082225171516885
25 105 8.064248996938755
25 106 0.31044586846852157
25 107 0.9194648429127801
25 108 1.1335442078177425
25 109 0.861501160196587
25 110 0.6209084874892593
25 111 2.6371798721504347
25 112 0.7432670845364007
25 113 0.47939530829990623
25 114 1.0627395993364213
25 115 0.645143325012617
25 116 1.1602182734129898
25 117 0.9605919492325009
25 118 1.4528999424247673
25 120 3.1266918603839806
25 121 3.1462492472416557
25 122 0.5542006442128568
25 125 0.6135380320012733
25 126 0.3572886592787481
25 127 1.8159727202145417
25 129 3.052857446124646
25 130 1.0231305848416834
25 131 1.4342228595185875
25 133 6.7615154845851775
25 134 5.428454254017689
25 135 0.9466266379137553
25 137 0.2686074376067488
25 138 0.9364759163337065
25 139 1.7309732442693493
25 141 1.6605295726454377
25 142 0.8616245344833682
25 145 0.3434116922299643
25 146 1.4614021763536393
25 147 0.5366089031971353
25 149 0.05026718317231728
25 150 0.3205853229495581
25 152 0.9000428437364095
25 153 0.022322621023926324
25 154 2.597102557989675
25 158 2.246177657507923
25 161 1.212994287390864
26 0 0.15540240812778014
26 1 2.433033145641569
26 2 2.0090223701041645
26 3 0.5979108944468081
26 4 1.551039585018866
26 5 0.2526611168613791
26 6 0.43332434364269196
26 7 3.843827406349895
26 8 0.5315043029012592
26 9 0.6752146937159814
26 10 0.9083791224908367
26 11 0.016786023262354118
26 12 1.6069680856252113
26 13 0.24252749015026315
26 14 0.7513792432048058
26 15 0.8405069316470346
26 16 0.9127004469285003
26 17 0.08736103988796075
26 18 0.7566315652702481
26 19 1.2178869299549504
26 20 4.498276696408091
26 21 0.41294743023779756
26 22 0.03652736851550565
26 23 2.345613643372097
26 24 0.6457079805414944
26 25 0.512082962125589
26 27 0.08312613152576984
26 28 0.8336585336077752
26 29 0.7213658316575184
26 30 3.6456352362983435
26 31 0.15774530213401775
26 32 0.5642307513328888
26 33 0.24892574486671878
26 34 0.12010521241971114
26 35 1.0006383173673805
26 36 1.122055120554334
26 37 0.21930962601474555
26 38 0.2929600190195193
26 39 0.7959370513422986
26 40 0.7134399688839922
26 41 1.1468341398654036
26 42 0.07664891043059446
26 43 0.39686181621991506
26 44 0.14849978431982871
26 45 0.4954888168368295
26 46 0.24946153165731041
26 47 1.4477500037871207
26 48 0.22279613713054533
26 49 0.8810423297204124
26 50 0.4492472268275203
26 51 0.14913723319458272
26 52 0.6894698507890741
26 53 0.9055439181319094
26 54 1.0553960434825103
26 55 2.586182564522678
26 56 0.03621510214335321
26 57 0.4306268415007957
26 58 4.350903302564605
26 59 0.12504421528943885
26 60 1.5150009715910537
26 61 0.0032995146925217417
26 62 0.6645534161606836
26 63 0.3160732168793999
26 64 0.8515670937246723
26 65 0.16323862658061244
26 66 0.15952368526870156
26 67 0.15247833426515556
26 68 0.6635846848853932
26 69 0.9863854109113435
26 70 0.817431060623245
26 71 0.42817157947357515
26 72 0.18305067483091889
26 73 1.6531238309976892
26 74 0.7715755719235649
26 75 0.517938870794283
26 76 0.8429971939195503
26 77 0.029556898884299684
26 78 0.879066317764673
26 79 0.5730030010839666
26 80 0.8001125208871505
26 81 1.6206814286477598
26 82 0.06292149828073575
26 83 0.27448767380990174
26 84 0.4529819294496039
26 85 0.04759453470848574
26 86 1.8830057384308434
26 87 0.19055212921466477
26 88 0.4733947011795799
26 89 1.320195968582888
26 90 0.5477119601067575
26 91 0.3448867949408469
26 92 0.7775414031518085
26 93 0.8787423708408728
26 94 0.6221163521554234
26 95 1.0756616735994864
26 96 0.04679231934330815
26 97 0.2309686510543845
26 98 1.180509502101088
26 99 0.7430669643263226
26 100 0.5160350608817684
26 101 1.6261808357783394
26 102 0.5388706132335653
26 103 0.6859735118436542
26 104 0.4419052391656521
26 105 0.021314089679078992
26 106 0.04683442606119681
26 107 0.5590259142895727
26 108 0.2597746099386385
26 109 0.9987526745611962
26 110 0.27030643270885746
26 111 0.36612428005868536
26 112 0.47071499476776535
26 113 0.49295756735276997
26 114 1.2866783870510758
26 115 0.465459744897101
26 116 1.3834631733958547
26 117 0.9538743558150592
26 118 0.3008561799908303
26 119 0.2892332911219963
26 120 1.5996469509179236
26 121 0.22756488199536154
26 122 1.2699215962599215
26 123 0.07711272262352221
26 124 0.05233163274424485
26 125 1.1418561715426598
26 126 0.9366450196191926
26 127 1.3364990811024189
26 128 0.3437801071713543
26 129 1.0477421242602523
26 130 0.05098721002474657
26 131 0.2315213889766438
26 132 0.15610189780415967
26 133 2.7377211464794082
26 134 1.248862470392406
26 135 1.6855442850231175
26 136 3.9909057640457766
26 137 0.14111999529332217
26 138 0.8932323412549281
26 139 1.836781149063055
26 140 1.5463647076165354
26 141 0.5566397089349173
26 142 1.0384555709881675
26 143 3.2978663237487185
26 144 0.4238243320898179
26 145 0.08102849246808519
26 146 0.04264524886835988
26 147 0.32822316345925495
26 148 0.13433251989148243
26 149 0.5099956464003758
26 150 1.2908717021215799
26 151 4.925425266660456
26 152 0.8270799738275513
26 153 1.027666074799683
26 154 0.7042890965637217
26 155 0.6074349886019347
26 156 0.8433755916593773
26 157 0.5796533172132319
26 158 0.5267218668564188
26 159 0.5607890956985228
26 160 0.1227015171046736
26 161 0.0855141657509479
27 1 0.23884592756656187
27 4 1.0656812278167513
27 6 2.9133540812589196
27 7 2.56332344489196
27 11 0.33586557214301627
27 12 2.6212626400415155
27 13 1.4593919649257339
27 14 1.2497357473376856
27 19 0.09286154309098947
27 21 1.1360842221219494
27 26 0.9998495829515075
27 28 0.8116302970984871
27 30 0.8891002260506454
27 31 3.508805960644015
27 32 0.7320696561313026
27 35 4.678153755070819
27 37 2.219915499269273
27 38 0.5909138403874039
27 39 0.9888069047859418
27 40 0.7296419792702826
27 42 1.6817450524420097
27 45 0.58776813967804
27 49 2.0399711957295215
27 50 2.4057244034990375
27 51 0.5360437951444006
27 53 0.22449409240291682
27 54 0.22040955782141655
27 55 3.723519337924188
27 58 0.6185011223036219
27 59 0.6167049568419104
27 64 0.04631149006004391
27 65 1.6884958742101042
27 66 0.6090088460637039
27 67 0.1355561848518946
27 68 1.923973947253306
27 70 0.47357201265837967
27 72 0.9002383204816193
27 74 0.4038218685636291
27 76 1.0499973685983353
27 77 2.9344523474348922
27 79 1.0476634291265712
27 84 0.5955908359244985
27 86 0.09918230155754106
27 89 1.7945219069341447
27 91 2.30963074140451
27 92 0.21051079559343028
27 93 3.1731496876529897
27 94 3.3644826470470184
27 97 0.9866048678807664
27 101 1.8650405038192543
27 102 0.8317083590903834
27 103 0.44802276158141746
27 105 0.6122992178875252
27 106 1.3571996426300694
27 107 0.23708092569477227
27 108 0.3316554958071735
27 109 2.5727591634842004
27 110 0.40174114432471647
27 112 1.2742611435612394
27 114 1.0643220836910094
27 115 0.09960444557142796
27 117 0.1311620398060002
27 118 0.3062375885334923
27 126 0.26552513327021393
27 129 1.9037061565287434
27 130 0.8155334521235625
27 131 0.5129004647304585
27 133 0.8835814134069003
27 134 0.7410643531627511
27 135 0.5210254648221239
27 137 3.299346624724946
27 138 2.7078869663902996
27 141 0.43222889658939523
27 142 0.1693722944085491
27 145 0.023124511995098518
27 146 0.8492757195999655
27 147 1.7450011964483019
27 149 0.03505381049956431
27 150 4.212826480480959
27 151 1.837671214970482
27 152 1.3943407721598788
27 153 5.245073244802591
27 154 3.420391878535962
27 157 0.6726319331765598
27 161 1.0090577001219354
28 1 0.342749131275813
28 4 0.4158092341263729
28 6 0.23924941989743304
28 7 2.46292891391276
28 9 0.11019468283861178
28 11 1.206112858012541
28 14 1.3151183200491814
28 16 1.8694596930955283
28 18 0.1260496631320378
28 19 0.3271039246092667
28 21 0.7755765050751877
28 22 1.345308411624624
28 25 0.2911065160915418
28 26 0.8838864969343261
28 30 1.114120411569593
28 31 1.1801395230365506
28 32 0.8698762300101267
28 35 2.9050322587821964
28 37 0.4850989620853549
28 38 0.32368332910328484
28 40 1.2812038454006531
28 42 0.023887458096675033
28 44 0.839122757252934
28 45 2.8913975940205887
28 49 2.0584825811049594
28 51 0.024571098263832525
28 54 0.022420441562643362
28 55 5.453958358098009
28 56 5.143472701367416
28 64 0.038292870786539444
28 65 0.30405004698639254
28 66 0.8626461134369929
28 67 0.8148557202165191
28 68 0.3121844732738782
28 70 1.3807844296028082
28 71 0.3079326540803411
28 72 0.8205777291650744
28 73 0.6464196600210464
28 74 1.2105957548656405
28 75 0.1905300294081523
28 79 0.016541296522632382
28 84 0.15271600266382035
28 89 4.108568624514816
28 91 0.279744931320858
28 94 2.6217872115147154
28 97 1.312960087588132
28 101 0.20279455252375467
28 102 0.20006832600608587
28 104 0.8500317908694345
28 106 0.6153856042393385
28 109 0.5129147213107178
28 110 0.7201879703478757
28 112 1.1355414991429453
28 113 0.2061627399818841
28 115 1.5379194412714774
28 117 0.25506430264551383
28 118 0.5060517566453497
28 119 3.6433362301842207
28 125 2.1106035246746244
28 129 0.30677744819775987
28 131 1.2377494999978655
28 133 1.0348814217700506
28 137 3.2814947244203516
28 138 0.8204681960092042
28 140 0.18414308726596346
28 141 0.04712457766849543
28 142 0.9975195658450874
28 143 0.952567442555424
28 146 0.7467676028309165
28 147 0.44511523617762716
28 149 0.7575853542075717
28 150 4.871717745657804
28 152 2.244108057754413
28 153 0.6931479151483554
28 154 1.9980550898621063
28 157 0.384359486843947
28 161 0.8028476886098727
29 4 1.0959298622341849
29 7 14.556762640778352
29 14 32.38284051180839
29 16 0.9973109643574043
29 18 0.6273327296068324
29 19 0.3221858031935195
29 21 1.3468134220101062
29 26 2.6229472863134085
29 31 0.08972153659328
29 32 4.296506443030235
29 37 1.1006225113589858
29 38 4.954062443939437
29 40 4.247396875387043
29 45 3.4474925849797744
29 49 7.206231085016059
29 50 1.8156738434072603
29 51 0.281435736637509
29 53 1.9258839001901897
29 54 2.481765551704084
29 55 12.065846194418356
29 56 4.6271075603963
29 58 13.497933599419804
29 64 1.7172783770721367
29 65 0.21998935561621535
29 67 0.4118397363135085
29 68 9.832448242702071
29 69 3.1451754849339233
29 70 1.1780565862829753
29 72 0.8014182416668534
29 73 6.974195342315302
29 74 34.21670427866508
29 77 1.146185436074117
29 79 5.5989363955607026
29 84 1.1114926928265814
29 89 0.6392749631414701
29 91 0.8475722068380153
29 94 1.699919831702652
29 97 0.7280451021432227
29 101 2.1689605725036496
29 106 8.585812288080211
29 107 1.0956378430868787
29 112 31.329745021116125
29 113 0.019252972171194756
29 115 0.33066549227503106
29 117 0.27309727991518884
29 125 36.187259130746064
29 129 2.5655116408742713
29 130 4.767145963314567
29 133 1.1293699395344614
29 134 48.18341314486092
29 135 2.003148081353207
29 137 17.878176100528336
29 138 2.2665211117815542
29 140 1.9988176964762616
29 141 2.4416228367202724
29 142 8.57737274273849
29 146 0.9616076665274097
29 152 13.455318825920838
29 154 14.857694264081841
30 0 0.0214879049191722
30 1 0.8197403511596046
30 3 2.003435401684632
30 4 0.6608019860707601
30 5 1.3697292893631856
30 6 1.165320118182717
30 7 4.033170352500876
30 8 0.047681273752273816
30 9 0.7588320203354227
30 10 1.976490073930028
30 11 0.6892134785154861
30 12 1.4794023074001525
30 14 0.5688930041088558
30 18 1.0248888409661177
30 19 0.19164905273692845
30 20 0.01697205150970859
30 21 0.6451394507475494
30 24 1.6240177581996544
30 25 0.03762596696544957
30 26 0.40433006912146463
30 27 0.06611473095449621
30 28 0.7644603803400891
30 29 0.05191228641896039
30 31 3.8923136960550173
30 32 1.5685463829033501
30 34 2.1164580232344505
30 35 2.0198536145535746
30 36 0.6382538127469293
30 37 0.7797925910726309
30 38 0.7669832663842499
30 39 0.7076819538077822
30 40 0.4081607402138272
30 42 0.06733959052060172
30 43 0.09985533996497639
30 45 0.5958572997047236
30 46 0.914245707178379
30 49 0.2699014208237624
30 50 1.3345040310307326
30 51 0.4683717295456994
30 52 0.1779653806432141
30 53 0.6257031851921584
30 54 0.4946230995288525
30 55 1.2137769866847148
30 56 0.039004325371102065
30 58 0.3539887545024738
30 61 0.7552200206342069
30 62 0.3502489504773302
30 63 0.06925754177345061
30 64 0.7297553006396784
30 65 1.7924398761144225
30 66 0.10512956705314665
30 67 1.8149352324345953
30 68 0.7276006936791721
30 69 0.13152458123487568
30 70 0.3531965922274521
30 71 0.2852894740916284
30 72 1.049401319885537
30 73 0.19510319507928894
30 74 0.2116320432891284
30 75 0.26391084533254866
30 76 0.19355673422544886
30 77 0.21544545438708798
30 79 0.24073568397371628
30 80 1.6533104363747868
30 82 0.2189323959083254
30 83 0.3208520791908625
30 84 0.8599608494665771
30 88 1.4990395242026275
30 89 1.11422365918161
30 90 0.19310879971182002
30 91 1.3647905891680403
30 92 0.2938912098969104
30 93 0.7227930120303205
30 94 0.28165861125487685
30 95 1.8477350623898925
30 96 0.0700791944007719
30 97 0.5239990341819254
30 98 0.09515569669535862
30 99 0.4026253072958064
30 100 0.07060270407764019
30 101 1.2815831902442685
30 102 0.0616644889748998
30 103 0.022188270037271845
30 106 0.483892265189958
30 107 1.1623684519531639
30 108 1.8388331206700916
30 109 0.0628674676804259
30 110 0.0037855729319092907
30 111 0.3088323385151548
30 112 0.16741633118757318
30 113 0.2888468461861195
30 114 0.49853685011310395
30 115 1.6241829734334718
30 117 0.9389314007516202
30 118 0.2060047511152412
30 119 1.5943331353013037
30 120 0.9695387186479507
30 121 1.5280947523488693
30 122 1.0185320103571163
30 126 0.0358642455132589
30 127 1.8431069821044315
30 128 0.3653289151570435
30 129 0.04461854422982236
30 130 1.6521943094310978
30 131 1.1479222027100748
30 132 0.07051488911800773
30 133 0.9923618897593189
30 134 0.8155341108960537
30 135 0.1835310705679137
30 136 0.3594379743082295
30 137 3.5073733422118716
30 138 0.9997399066335345
30 139 1.1020031111061661
30 141 0.5272745615250101
30 142 0.147941764175683
30 143 0.007167689856428854
30 145 1.0508899980650042
30 146 0.2925338635986773
30 147 0.056913777741691936
30 149 0.33815059096970923
30 150 1.3392628324751379
30 151 1.415721652437606
30 152 0.3620764058465531
30 153 0.3180108890237045
30 154 0.7193725345635532
30 156 3.3801840418667255
30 157 0.6741645587550756
30 158 0.570082238084002
30 159 0.02092403072007029
31 0 0.9409353136310308
31 1 0.09685207796440308
31 2 2.1063854304988414
31 3 0.10273444966896335
31 4 2.87675572726091
31 5 0.5022229930951544
31 6 0.0761778656229732
31 7 1.020485855439165
31 8 5.151257406319456
31 9 5.027969032041061
31 10 0.4166512504662377
31 11 1.7016739792221018
31 12 2.6878517773112036
31 13 2.970737916553066
31 14 4.25108454323634
31 15 0.7174850165027403
31 16 0.529696719338533
31 18 0.19385241592799507
31 19 0.41518637028610766
31 20 0.5078888320355402
31 21 2.1174266879045494
31 22 4.232429981379701
31 23 2.320813436777394
31 24 0.5230362224717765
31 25 1.182586752876471
31 26 3.1791533610382485
31 27 1.0211625914652291
31 28 0.7929348411629683
31 29 0.09917809971156445
31 30 4.340539853142155
31 32 0.824908181383301
31 33 0.5410339948793874
31 34 0.2827502563072493
31 35 3.4375779580295864
31 36 2.722628802961528
31 37 0.1937584131899266
31 38 0.3791756298745648
31 39 0.16706624884691315
31 40 1.683115519680951
31 41 1.7821273476544737
31 42 0.3246160610346586
31 43 0.5404568808915469
31 44 2.7240493277566866
31 45 0.4819948878310729
31 46 1.8747456338732198
31 47 0.7548293002288331
31 48 2.3757972851920686
31 49 1.9145399030015355
31 50 1.1544724256820806
31 51 2.0680787948340886
31 52 0.5669497302025721
31 53 1.6039977320200602
31 54 0.8593077471172215
31 55 3.1520706894847472
31 56 10.658974334370125
31 57 0.5222649989530017
31 58 0.20330987371179957
31 59 0.9045243986246129
31 60 1.2919753597219612
31 61 0.9732310624444798
31 62 0.4480529476702329
31 63 5.539694226004777
31 64 2.506994826016202
31 65 1.9207280125027797
31 66 0.2253909023101617
31 67 1.211251617834601
31 68 1.6483220924696314
31 69 2.7524312867161527
31 70 2.1208780043422593
31 71 7.157490043399039
31 72 2.026307798355545
31 73 4.000817273748125
31 74 0.26415981784473563
31 75 0.4110341808261789
31 76 1.8128686513484689
31 77 2.2404920316320407
31 78 0.8197526628833212
31 79 1.7159132556957668
31 80 0.1397632991900629
31 81 1.4756284482210968
31 82 1.2557363419707432
31 83 0.6244628121675516
31 84 0.2376613914001032
31 85 0.12923671165620254
31 86 0.957408321124395
31 87 7.518735356729901
31 88 3.2010384171279394
31 89 0.001831492354298289
31 90 1.3735699359588442
31 91 0.33480724918689614
31 92 6.92707194694519
31 93 1.1339808727680996
31 94 0.39821442871107154
31 95 1.864804897995154
31 96 2.5260352427713295
31 97 0.7717968223795754
31 98 0.16514154409946075
31 99 0.8715491080418375
31 100 0.3069700965725957
31 101 0.6096592160430281
31 102 0.9375731833903034
31 104 0.7214517286381094
31 105 0.17292184259472715
31 106 1.8234028157164286
31 107 1.5269477868267967
31 108 1.5709605818974606
31 109 4.805120092761108
31 110 0.029776743541042427
31 111 0.29361823843283563
31 112 1.3193263794099153
31 113 0.05541835021767554
31 114 1.4162853516470186
31 115 2.065849617554285
31 116 2.8913506648859424
31 117 2.590596107232677
31 118 1.3393285006599605
31 119 2.6804557242250473
31 120 6.000763760472161
31 121 0.26175693947252887
31 122 15.185464140153066
31 124 0.19144457528832293
31 125 2.894234547220732
31 126 0.38696956948810846
31 127 0.18861012599411653
31 128 0.7667244073505872
31 129 1.632125896222179
31 130 2.419838070899929
31 131 0.09419611739371242
31 132 1.3566111382943224
31 133 1.3645081951317115
31 134 0.31598348313588015
31 135 5.119934214968207
31 136 1.1551091057547584
31 137 2.099531971919058
31 138 0.18744867719306857
31 139 1.0120106133310676
31 140 0.17206053876128663
31 141 0.09497729140465962
31 142 2.2525194794099495
31 143 0.3280696842978851
31 145 1.7515755367894776
31 146 2.713054379907215
31 147 0.5999214808424324
31 148 0.20294859494230144
31 149 0.8190358819253711
31 150 0.8327561423133019
31 151 0.1469884378427553
31 152 0.006786849666972817
31 153 3.4384886316536027
31 154 2.561707012597492
31 155 5.846567929728412
31 156 2.159680040956392
31 157 3.552107446268499
31 158 2.42463334718762
31 159 0.45440705192622644
31 160 0.704579220480618
31 161 0.5004138295068356
32 0 0.27907776383522076
32 1 0.3929548513870112
32 3 2.097077640734964
32 4 1.9978268216267714
32 6 0.49836811779534096
32 7 1.8813954996756344
32 8 3.6335819067193116
32 9 0.12063310048234295
32 10 4.765574571818195
32 11 2.262526129181165
32 12 0.27503648164501837
32 13 1.6271146461772612
32 14 1.3181337497824703
32 15 0.17546192863783686
32 16 0.9886752803999278
32 17 0.5157902978170541
32 18 0.42138710090606574
32 19 0.2616243107836442
32 21 2.775297526081007
32 22 0.1743021445797329
32 23 0.29059565948785515
32 25 0.4173591207527541
32 26 0.32892537785321957
32 29 0.31447519409944835
32 30 1.4298105202819613
32 31 1.0190478381716799
32 34 0.6170064207700092
32 35 2.097145925058761
32 36 0.9802961418798614
32 37 1.7685785349645877
32 38 0.730469914333651
32 39 0.5744592622912732
32 40 1.1198628000109718
32 41 1.4421191568012546
32 42 1.808476502118192
32 44 1.7416026549695094
32 45 1.3499761625285067
32 46 0.3597801128204332
32 49 0.9271901562946233
32 50 0.20405168715116884
32 51 1.023490181313886
32 52 0.8969510874651282
32 53 0.8369642615119085
32 54 0.1502309410195342
32 55 4.033457520250531
32 56 0.9976904301207384
32 57 0.005012030762786564
32 58 3.805616203407709
32 59 0.09495014083373261
32 61 0.1739340915968061
32 63 1.5163020600782204
32 64 1.7898548680340869
32 65 0.9521691777991113
32 66 0.5725187255087348
32 67 0.7101585060155494
32 68 0.4589387053729308
32 69 0.5948901232769929
32 70 0.05876435756089656
32 71 0.05099931013639971
32 72 0.6382035235907514
32 73 2.8744197777387335
32 74 1.375234351643246
32 75 0.0486765118288961
32 77 0.694854349433897
32 79 1.277746193516198
32 80 0.539095749458681
32 81 0.003127698283508239
32 83 1.3988713342396042
32 84 0.41407668669142383
32 85 0.24107495075845403
32 86 0.6471336553669991
32 87 6.857081619075345
32 88 2.2219250982322523
32 89 2.338477267265053
32 90 0.3931557163077256
32 91 0.07785622708391161
32 92 0.4791585590530699
32 93 0.20360202028889635
32 94 0.5897213389462241
32 96 1.0718130757217856
32 97 1.0224182054471407
32 98 0.07614764056434672
32 100 0.20293454589178916
32 101 0.14049165370030953
32 102 0.8590868250342055
32 103 0.11271515580551532
32 104 1.8185694864924742
32 105 0.08901905978839111
32 106 0.5102586171347729
32 107 0.6589419788403217
32 108 1.0011936475578345
32 109 3.078609548303392
32 111 1.7853714950908823
32 112 1.755029106344538
32 113 0.6182740841314863
32 114 0.9675345365523778
32 115 0.8901051042576191
32 116 0.13359129585027352
32 117 1.0319695077566515
32 118 0.7834190941349175
32 119 0.9614449293141533
32 120 1.159519707217277
32 122 0.9758157707848994
32 123 1.5020676820042735
32 124 0.39140741289998865
32 125 3.9726262162288575
32 126 1.7765165373644944
32 127 1.8617678428010176
32 128 1.4467773956016643
32 129 1.600280285215067
32 130 0.23372302283570462
32 131 0.6446515381131783
32 133 0.08653563602932805
32 134 0.21603408771842347
32 135 0.5981276111891444
32 137 1.0033712546910887
32 138 0.24834654320252622
32 139 0.8010085125677252
32 140 0.5281915160509277
32 141 0.23402523650896018
32 142 0.26412581911001604
32 143 0.8464626112106212
32 146 0.1823433064991584
32 147 0.214351621581353
32 148 0.4867328508223078
32 149 2.3951807076567007
32 150 0.9209440848752865
32 151 0.5047638022377673
32 152 0.5879474546902584
32 153 0.8860254803317318
32 154 2.8556323726260855
32 157 0.15344541565223765
32 158 0.32809601357596135
32 159 0.7453344609684805
32 160 2.055117420312051
32 161 0.7902220379640994
33 1 2.956500535148623
33 4 0.8897231184221666
33 6 1.6482886232230936
33 7 7.384006723212352
33 11 0.057922950333432456
33 14 0.02428263299595088
33 21 0.6536398821188033
33 22 1.6589385672386654
33 26 0.04007275943963446
33 30 0.949762600475861
33 31 3.6416648001853136
33 32 0.5019949080585098
33 36 0.0688975280830644
33 37 4.9524383226472946
33 38 1.565748884137549
33 40 1.645442247568789
33 45 0.5353990386052006
33 49 0.2038171600502506
33 51 0.17959856955236062
33 54 4.185109065156852
33 55 0.03527258145664288
33 56 0.3396175399808479
33 58 3.6012309891107037
33 64 1.3571565091324118
33 65 1.6463411302048563
33 66 1.7691919842193018
33 67 0.6233097409439753
33 68 1.2201558178941463
33 69 2.430572335907629
33 70 0.14278082640837952
33 71 0.47865523143147237
33 72 0.11164079516093108
33 73 0.8929536144482412
33 74 5.827173020101593
33 79 0.45308114071301364
33 87 1.2840592202567942
33 89 0.5078824710086938
33 93 0.46016285059606526
33 94 1.122052209855438
33 97 1.3037885943939214
33 98 0.13918988448047886
33 101 0.017159041758199343
33 105 1.1323214621398063
33 106 6.7788141898274725
33 108 0.12318356972358205
33 115 1.9044731168433684
33 117 4.122234628334866
33 118 0.2788316367229782
33 120 1.185372722322524
33 122 0.1494099019144607
33 126 1.7727410881231906
33 130 0.8806636796921176
33 131 0.3919814732245368
33 133 1.0985958409755392
33 138 0.5175452811713499
33 139 1.9177434927054615
33 142 0.8070970038515194
33 143 1.5000000909272715
33 147 0.20008149086369867
33 149 1.4855060760137202
33 150 0.28010168907442096
33 152 0.08573006271303096
33 153 5.928610951971693
33 154 0.6130697538191556
34 1 2.8517345885538483
34 4 1.0416144410092114
34 6 1.3754584028499544
34 7 3.3690927891813542
34 11 0.2523637244793135
34 14 1.178741895412205
34 18 0.7431615811936633
34 21 0.39017322496933055
34 25 0.404200295399874
34 26 2.809250339164894
34 30 1.1201836134389969
34 31 1.47185160302031
34 36 0.033648256589560575
34 37 0.4557438113381496
34 40 1.0089084961746302
34 42 1.2152589860191003
34 45 0.3742017820920291
34 49 0.5302671727607621
34 50 0.6872945393386473
34 51 0.08758469043340707
34 54 0.9599672644644793
34 59 1.5589437589208965
34 64 0.04776098208563491
34 65 1.3703271932638597
34 66 0.2579510709173667
34 67 0.4814159287399329
34 68 1.5914288764504336
34 69 4.358449831842977
34 70 0.46192628427737775
34 71 0.4729901648738989
34 72 2.22700034900741
34 73 1.2016372822769548
34 74 3.9969625519405465
34 76 0.1927052746326981
34 77 0.02512339516661844
34 79 1.2505698192052057
34 84 0.07814807520776353
34 87 0.8181821730297332
34 89 0.46636578506920773
34 97 1.75108252117419
34 101 1.949545552023434
34 102 0.9146297815415257
34 105 0.44836945962089864
34 106 1.4576229295151268
34 113 1.4225368498234954
34 114 0.04626973717182658
34 115 0.3625768870161591
34 116 0.8618344952794053
34 117 0.2791820306743134
34 118 0.7495828689845809
34 125 2.2556998401746644
34 126 0.21661860391110618
34 130 1.7173000468313888
34 131 3.6442009771902777
34 133 0.8657760529541206
34 134 2.368698999516749
34 135 0.5754728047399088
34 138 0.7544129006114264
34 141 0.08249932092180322
34 142 7.484495862947858
34 146 1.175527486932445
34 147 0.08214504601086876
34 150 1.1207817837309197
34 152 1.162375588734944
34 154 0.18859852792128462
34 157 2.0657945262160893
35 1 4.181625328075157
35 3 0.2597334388709637
35 4 1.5771570256881218
35 5 2.777362084381746
35 6 0.7343836327105003
35 7 0.7161509917747039
35 8 4.060937153802148
35 9 0.6579364848545706
35 11 1.2670263540065796
35 12 1.8911147398081392
35 13 2.0732091800341483
35 14 0.15052690988686673
35 15 0.5389050875059295
35 19 0.9342682082914975
35 21 0.7486616476786077
35 23 0.1619044458601601
35 25 0.3587802849406909
35 26 0.8280426594205572
35 27 0.4432392904896671
35 28 1.3491834324646608
35 31 1.8284553457344408
35 32 0.2002857198521039
35 33 3.1552247301350547
35 34 0.182591226042739
35 36 0.3051462828251296
35 37 1.3940533579015326
35 38 0.6541197750863448
35 40 2.2001836834258617
35 44 0.21504819177374218
35 45 0.9737952655381057
35 48 3.692794579797084
35 49 3.0832020018864994
35 50 3.0168284343703964
35 51 0.3406385825826949
35 52 1.977781930066641
35 53 0.2816021383372915
35 54 1.1819162095147033
35 55 1.2408025324702026
35 56 0.1937759230643973
35 57 2.064699810416032
35 58 0.7050158457726343
35 59 0.3496465836928147
35 61 1.4766513022353185
35 62 0.21442228761010945
35 63 3.4514101958917958
35 64 0.12610108785544802
35 65 0.8033791723344127
35 66 0.09745473450874086
35 67 0.23942317749398295
35 68 1.3645945758184403
35 70 0.3290233825180699
35 71 2.058401551814669
35 72 1.496303907098601
35 73 1.1662929701487723
35 74 4.7655493138885605
35 75 0.1725634160404378
35 76 0.3619374347434935
35 77 2.0608584418776386
35 79 1.5182833837174534
35 80 0.21872078831259764
35 82 0.814269171485153
35 84 0.2707550753973536
35 89 0.7513401710662069
35 91 1.3717806757994977
35 92 1.5896368554067928
35 93 0.6165305249931288
35 94 0.562651475371983
35 97 0.025876002352610367
35 98 0.7594901605419426
35 99 1.8375402711203732
35 100 0.49286042851500045
35 101 0.1651367779904176
35 102 0.1749006288532629
35 103 2.0127545454816653
35 104 0.518624076227662
35 105 1.1738517563947646
35 106 1.3617732318792573
35 107 0.6076780580579564
35 108 1.402630411116145
35 109 3.4752649786588634
35 112 0.2971406894159032
35 113 1.2119781146933273
35 114 1.246083267431175
35 115 2.0057048704666927
35 117 2.3574088623793803
35 118 0.7615331318337968
35 121 1.0058562513815308
35 125 4.528256469716484
35 126 0.6335080488762986
35 128 1.4104272860866152
35 129 1.0108587764562853
35 130 1.9469894156445804
35 131 0.021432778543977963
35 133 0.23796665603299771
35 134 5.7313555401836975
35 135 0.9037405675043191
35 136 2.3873998838696338
35 137 0.6541440227577809
35 138 1.9643179068971666
35 139 2.239802912738475
35 141 1.199341511733779
35 142 1.3418079142202899
35 143 2.422180058113454
35 145 3.695628458157898
35 146 0.4613019689429883
35 147 0.9276942913244314
35 150 2.7130873328274907
35 152 3.128680884458252
35 153 0.9517172312488127
35 154 2.18406629544775
35 156 5.389181470029653
35 157 7.1062690870869005
35 158 2.457787881578216
35 159 1.4465300886506545
35 160 0.3525013806080831
35 161 2.424471803800947
36 1 0.8167041410983001
36 3 1.0249973838420268
36 4 1.4452431756810056
36 6 1.3425294262271419
36 7 0.012408205850554972
36 8 0.28508330027052026
36 10 0.834851187834125
36 11 4.709745760659253
36 14 1.5478626887242435
36 16 1.0499212471800712
36 18 0.38980194893534476
36 19 0.11444888692507822
36 20 0.21155431299008703
36 21 0.48892268653794235
36 22 0.34411969121148867
36 23 0.9041207395215073
36 25 1.719173986363171
36 26 0.6629883824010218
36 27 0.6893646883643126
36 28 6.200086799759853
36 30 0.1567447430407749
36 31 1.9856362592361838
36 32 0.5170247747553621
36 34 0.45904618530955116
36 35 0.006274362908738305
36 37 0.21309791338362247
36 38 0.9694180236255876
36 40 2.4480770627927004
36 41 0.3271374748217662
36 42 0.19674562137442653
36 43 0.4146294353391802
36 44 0.47281680217337024
36 45 0.7518308012141987
36 46 0.9714708094710864
36 48 1.0367974837452651
36 49 0.41028034305872585
36 50 0.00680090800356699
36 51 1.1171046090027814
36 52 0.9978285310210018
36 53 0.4699682380350843
36 54 0.09410301241556362
36 55 0.09082983558727875
36 56 1.494722945375508
36 58 0.9989582625834394
36 59 0.3835770111041831
36 63 1.2166698752119331
36 64 0.3428377483274549
36 65 0.6052484110260443
36 66 0.6411831106682024
36 67 2.1041016347527557
36 68 0.4314157348737839
36 69 0.5124465538206726
36 70 0.12911087304343621
36 71 0.029956179859721398
36 72 0.33489044250011785
36 73 1.353700520134382
36 74 0.7077395975087767
36 75 0.7080070178062341
36 76 0.5428626875977776
36 79 0.6547800355805713
36 80 0.8367872576728481
36 82 0.35652343190027835
36 83 0.49540248931084774
36 84 1.294533716053686
36 86 0.21281575210166856
36 87 1.7878771683781423
36 89 2.3244604094716244
36 90 0.5664629513914046
36 91 1.0851752699728208
36 92 0.9066746109175147
36 93 0.842135860217104
36 95 0.6377825097855405
36 96 0.4434558478832079
36 97 0.8376444020973176
36 98 1.5628973938574624
36 101 1.0684606395229574
36 102 1.585980348025492
36 103 0.3573563331020235
36 104 0.4189135853340286
36 105 1.4420222583217845
36 106 0.8095861593842439
36 107 0.2996051532110779
36 109 0.7342716758256246
36 110 0.4495280986132342
36 112 0.3277989007761865
36 113 0.3932091886401475
36 114 1.9434172540051602
36 115 1.73526086042919
36 116 0.08501036147471763
36 117 1.2166715286562486
36 118 0.007908918223948408
36 119 0.24540871997058428
36 122 1.611089430646243
36 125 0.8494423014599211
36 126 0.4163228010522681
36 127 0.011997184082300627
36 129 0.6796537968055504
36 130 1.2161145709500927
36 131 0.970785377952726
36 133 1.820393734510965
36 135 0.9953806116600302
36 137 0.6361966550452358
36 138 0.5160469343523373
36 139 0.2276591165152372
36 141 0.21690686371591786
36 142 1.2265643333374383
36 143 3.784781175598509
36 145 0.6264691613049556
36 146 0.527122841483098
36 147 0.8112395356638282
36 148 0.6788290117458202
36 149 0.4098728682978423
36 150 3.0867155180527415
36 151 0.24101105351803612
36 152 5.905172139343312
36 153 0.3851702544324679
36 154 1.6929661747147076
36 155 1.5548024448177693
36 157 0.13330436636690685
36 158 1.6663938960610245
36 159 0.48986056584704135
36 160 0.016362964791269093
36 161 0.27728306233177946
37 0 1.3786441445086441
37 1 0.6897200710051381
37 3 1.9077217927504417
37 4 0.26455137522097383
37 5 2.4588314049325666
37 6 0.9654878673610643
37 7 0.269563024217224
37 9 0.1333660436731777
37 10 1.8652538802063097
37 11 0.12335219848480959
37 12 1.2072389776579564
37 13 0.1183373352202369
37 14 0.6877422313504264
37 15 1.5084086073519076
37 18 0.14940332403385523
37 19 0.018903201988370782
37 20 0.41791326630075687
37 21 0.3085497453032348
37 23 1.088122481525531
37 25 0.6405252861726779
37 26 0.35257205293578114
37 28 0.07783599567905052
37 29 0.25269544590686943
37 30 1.6212718998841196
37 31 0.3539110289254683
37 32 0.8574518524456984
37 33 2.082069131579293
37 35 4.238260919746431
37 36 0.7598302086941499
37 38 0.5722385668989637
37 39 1.030518163975213
37 40 3.300432140326263
37 42 0.5507418613532985
37 44 0.051127392199094075
37 46 0.25500100172267576
37 47 0.11355094900238033
37 48 0.043928218602973995
37 49 1.639299615530762
37 50 0.45509820959249186
37 51 0.5778545522204941
37 52 0.09837986106482344
37 53 1.1089490776175106
37 54 0.22406822436326546
37 55 5.061019103620156
37 56 2.1497244174925103
37 57 0.8803461716604595
37 58 0.6302414580936405
37 59 0.7610338810489993
37 61 0.13222251049185707
37 63 0.6280577517120393
37 64 1.1848687823264954
37 65 0.11868869251770583
37 66 1.0126812012878872
37 67 0.4028484221182672
37 68 0.31430382780187416
37 69 0.0032556457441818335
37 70 1.4658743747537601
37 71 0.179712491933317
37 72 0.412049214385276
37 73 0.4013474829900454
37 74 0.032765738232704185
37 75 0.1360515123466934
37 77 1.197774475695586
37 79 2.7061018590878474
37 80 0.3745968817838954
37 83 0.5821384687409518
37 84 0.03222900144967167
37 86 1.573058124412219
37 87 0.34352538466153765
37 89 0.5432014251320068
37 91 0.9932680069091556
37 93 3.9871614216911104
37 94 0.8160656415244313
37 95 0.35022926166918655
37 96 0.2545574664072089
37 97 0.6256156523756299
37 98 0.1893433582043265
37 100 1.0739979122968997
37 101 0.2992771934452791
37 102 1.2218105008859517
37 103 0.41426156451442464
37 104 0.3495822341459125
37 105 0.8431363949314874
37 106 0.5528587133343462
37 107 0.6713216246606716
37 108 2.523665435800215
37 109 4.600470307582809
37 111 1.8768297695763856
37 112 0.4241545375617475
37 113 0.7300685738133655
37 114 0.1562572310211106
37 115 0.061840044299551984
37 116 0.46096202122253094
37 117 1.2516122050397473
37 118 0.04155315609548453
37 119 0.7715053438144462
37 120 1.5620809793052968
37 121 0.3878052905880346
37 124 0.25369177629577866
37 125 0.649545620746987
37 126 0.8179710099458691
37 127 3.2115868468194084
37 128 0.7725501613740243
37 129 0.3693534137183197
37 130 1.6360620611049255
37 131 1.0281425158906237
37 133 0.7124096916730177
37 134 0.8259402986312872
37 135 1.3626470567913336
37 137 0.18895100900330142
37 138 1.212347197556221
37 139 0.36472629343215857
37 140 0.5131636178837775
37 141 0.39200256279819823
37 142 2.545639766038924
37 143 0.37174495947527236
37 144 1.5948948234993647
37 146 0.2224038629841977
37 147 3.027789351804051
37 149 0.14334127629073598
37 150 1.9476237682672235
37 151 4.00027989103172
37 152 2.5987886785321037
37 154 0.5840369019733153
37 155 0.5260616919066955
37 157 0.45819984558191496
37 158 0.14519645100155598
37 160 1.0618741288733549
37 161 2.2439436823718437
38 0 0.6867668252538022
38 1 0.8292993464719509
38 2 0.2977321981504526
38 4 0.10596177438527019
38 5 0.02666791633002907
38 6 0.021526732362673304
38 7 0.09531590255690373
38 9 0.4380818436478903
38 10 1.9781226142276442
38 11 1.5543408939505523
38 12 0.6663045453930776
38 13 0.0655277563536516
38 14 0.2571575119762118
38 15 0.9489951927129638
38 18 0.07690632795283059
38 19 0.5213389201008866
38 20 0.10401395936404535
38 21 0.6003280194267301
38 22 0.34845477156851307
38 23 0.027320579648590044
38 25 0.7145247645539129
38 26 0.8032015238996004
38 27 0.07186240232295307
38 28 0.18925660851663778
38 29 0.76666819835635
38 30 0.6763636737424832
38 31 0.08168321787680397
38 32 0.7423677691472811
38 33 0.9141358796043579
38 34 0.7836160068531014
38 35 0.481681146127969
38 36 0.3016507132936335
38 37 1.176665560063822
38 39 0.41449727330606173
38 40 0.568274325814127
38 41 1.2063440679486495
38 42 0.22318300423560353
38 43 0.9980123097839136
38 44 1.0152120825013433
38 45 0.019747871208050827
38 46 1.309270985808013
38 48 0.7434329973363579
38 49 0.7836220420735219
38 50 0.05241430438535009
38 51 0.029418465062159643
38 52 0.19443369641441757
38 53 0.8406849238284658
38 54 0.6518145499601182
38 55 0.01325122025680867
38 56 0.20131687428374126
38 57 0.30162642790641114
38 58 0.22386853129251377
38 59 0.06805789030398367
38 60 3.2176990291222722
38 62 1.4849392506821792
38 63 0.14070272345659549
38 64 2.2810026550242735
38 65 0.12382000769528721
38 66 0.012980062356793243
38 67 0.06589583899180151
38 68 0.04112911839148943
38 69 0.1332176715329996
38 70 0.18330176565443154
38 71 0.5063494634005699
38 72 0.17777400612748354
38 73 0.6526495535231012
38 74 0.06317877082985086
38 75 0.22622816902785506
38 76 0.4211414988102655
38 79 0.6880687614624511
38 80 0.11443375462029877
38 83 0.28253685610583945
38 84 0.8701875671792851
38 85 0.12991450541811633
38 86 0.2686835712120147
38 87 2.447595599715405
38 88 0.1663563588676749
38 89 0.7982791299824461
38 90 0.14686679421599652
38 91 1.471022608956183
38 92 0.8026788632166463
38 93 0.5761769224525064
38 94 1.3105559567258562
38 96 0.9803282823515136
38 97 1.213580201985223
38 98 1.5372964406682499
38 99 0.0446271891575275
38 101 0.09967084911398404
38 102 0.30943221981628993
38 103 0.33209143314099343
38 104 0.6398618187988276
38 105 2.91012891534147
38 106 0.0762634416022174
38 107 0.048703425057804596
38 108 0.4753028407954299
38 109 2.401349894490129
38 110 0.2140249867353725
38 111 0.48360394203779705
38 112 1.0923769357027564
38 113 0.8557241916313544
38 114 0.2525523128370846
38 115 0.14620357157872665
38 117 0.4847958517791204
38 118 0.08612343261117797
38 119 0.298783577551635
38 120 0.559636042613128
38 121 0.20731593819688107
38 122 0.7989877510203932
38 125 1.7962548320636742
38 126 0.22503430420803025
38 127 1.0567297032131133
38 128 2.6755556660648825
38 129 0.08793436532011585
38 130 0.2972323650414559
38 131 0.15190800358800913
38 133 1.2457141161735474
38 134 0.12166162574147027
38 135 0.38771465667030786
38 136 1.04122615151663
38 137 2.340844036891588
38 138 1.4761865503838576
38 139 0.35211865601531156
38 141 0.0024762995422584876
38 142 0.17096241649200797
38 143 0.9453421194094054
38 145 0.16818210766718322
38 146 0.387111935946102
38 147 1.2525345535740127
38 150 0.47441476741312416
38 151 1.5202578036960885
38 152 1.4527522888128668
38 153 0.3452566191931184
38 154 0.18605391203621036
38 157 1.473723808935287
38 158 2.6741461182207
38 159 1.7359429210948802
38 160 2.4175761959842945
38 161 1.027826152540672
39 4 1.4074130437181531
39 6 3.163834137642797
39 7 6.611946263439282
39 11 1.0407792211448672
39 14 0.23930856378277562
39 19 1.4004704842868587
39 21 12.58124512151459
39 22 3.8061578674428076
39 26 1.6565445554635985
39 30 6.216001137723586
39 31 3.390681695403427
39 32 1.1376455281501154
39 35 0.8468594025767738
39 37 4.154702181702248
39 38 1.1635294716622961
39 40 1.2774499242047364
39 44 0.8031513354927932
39 45 0.19471967415843944
39 49 4.0790137300844895
39 50 0.12020337413192252
39 51 0.8535412162845301
39 52 3.5506830950766313
39 54 2.089718313203531
39 55 0.3435341726758152
39 56 2.2035966019613404
39 57 1.0048791149069518
39 59 0.22060495199803398
39 63 3.358261458162432
39 64 0.7077183127292959
39 65 0.1722714683779074
39 66 0.20680545469094672
39 67 1.6216536647013295
39 68 2.182151043679445
39 69 12.051275650492308
39 70 2.094072474355819
39 72 0.45058234757718246
39 73 2.7791366089196377
39 74 4.252867416636435
39 76 0.13389562608430816
39 77 6.401803521671063
39 79 4.4862404896287424
39 84 0.5898216815118875
39 88 4.099001975028861
39 89 0.985238478977455
39 93 4.223107537948177
39 101 0.16352901268072473
39 102 0.7000516924012898
39 105 1.9268514993773889
39 106 2.9089900222147365
39 109 16.843952985841973
39 111 1.9971606566143376
39 113 0.32477360995022375
39 115 8.31750471062694
39 118 0.21058236029331465
39 119 0.7045448614066699
39 125 11.714452050018169
39 126 0.2920031805983757
39 129 3.0318278609819354
39 131 0.4936803876738883
39 135 5.130350238949829
39 137 4.319654941422048
39 138 0.5125144829474172
39 142 0.11539446325300895
39 143 0.9899251479115724
39 145 1.060943435246641
39 146 0.31451497127470246
39 147 0.8104313599137848
39 149 1.8827252658854734
39 150 0.1700918286804466
39 152 9.528579820542621
39 154 5.188382883233155
39 157 0.3460952620228368
40 0 0.2583800292756703
40 1 2.0989776433940923
40 2 0.07342378733841
40 3 0.7449747049005039
40 4 0.3016291775541603
40 5 2.674550747798459
40 6 1.9769916368148475
40 7 0.586039397758335
40 8 4.139828430425296
40 9 0.40545038934100575
40 10 2.985822763984854
40 11 0.5602658730622576
40 13 0.1865443743062483
40 14 1.6594769112446601
40 15 1.1237458326515752
40 16 0.5310564096668177
40 17 0.3251396080744602
40 18 0.8004930176355306
40 19 0.4631937290886984
40 20 2.133839869325995
40 21 0.8985738967723101
40 22 1.025900409572003
40 23 1.1697226181522709
40 24 0.9780714518803827
40 25 0.5946986902176266
40 26 0.8806801946157733
40 27 0.9363255053145703
40 28 1.077019818576309
40 29 0.17279078121554628
40 30 2.7548014969106482
40 31 0.2939631856813109
40 32 0.9078205091908829
40 33 1.5461602740558267
40 34 0.6959448679330615
40 35 0.6757474041793593
40 36 0.3673008103824045
40 37 2.62751632684699
40 38 0.6591496314614766
40 39 1.9813017326145936
40 42 0.5025706030470439
40 43 0.18136844926156875
40 44 0.8445870642949268
40 45 0.5860848605626029
40 46 0.24759725056365636
40 48 0.008473169450222343
40 49 0.43693457179843803
40 50 0.7618942067143439
40 51 0.09552609670113023
40 52 0.018542441037607087
40 53 1.3605413607665777
40 54 0.817872835994357
40 55 0.791139496980473
40 56 0.03912572343063163
40 57 2.388626377635011
40 58 0.15497245095587375
40 59 1.0130699164818195
40 60 0.5956597802710828
40 61 1.0235343457846267
40 62 0.503944031711163
40 63 3.3801024118956953
40 64 0.09728898048669798
40 65 1.8875446896030588
40 66 1.6418024310210833
40 67 0.41964078868895893
40 68 1.3146316719470656
40 69 0.2641791013659728
40 70 0.03703186222628105
40 71 0.32825859896879134
40 72 0.025781071607634144
40 73 0.022374462240527613
40 74 1.9910103788048061
40 75 0.43255794372203993
40 76 2.13136914282063
40 77 0.30711988148460095
40 78 1.3253607812952122
40 79 0.872195546956466
40 80 0.8800131911848438
40 81 0.756704949983138
40 82 1.1769143720588275
40 83 1.5855408351898457
40 84 0.9414507842947115
40 85 0.6096998663571839
40 86 0.3122041849759572
40 87 2.573013238133867
40 88 0.4540289150148226
40 89 1.0447452478964887
40 90 0.6680419302026291
40 91 1.0392711128239045
40 92 0.32516929981000375
40 93 2.0253434093834124
40 94 1.471232871821623
40 95 0.040309147896646164
40 96 1.5983147653877758
40 97 0.1309882906147177
40 98 0.4422608395139904
40 99 3.082463672329122
40 100 0.33537783888890005
40 101 0.2544636185612621
40 102 2.8529405487110133
40 103 0.4978081892147285
40 104 0.14726740888739032
40 105 1.5220896861296556
40 106 1.9821991802456689
40 107 0.20615659116175056
40 108 6.981857849091865
40 109 0.06888661498196655
40 111 3.7272441091016195
40 112 0.36161384744509506
40 113 0.9102033275475396
40 114 2.2097436275928035
40 115 0.0727195496281091
40 116 0.7283716431983246
40 117 0.7354950520745637
40 118 0.4143994526252924
40 119 0.22001785630262838
40 120 1.6506029779112252
40 121 0.7554975704334962
40 122 4.897342981024606
40 123 0.10542572298143528
40 124 0.25973836766481817
40 125 0.3581854146672126
40 126 0.14867839112763168
40 127 1.3244287160737664
40 129 0.3973544985844664
40 130 0.7463468099487595
40 131 1.8866697813448408
40 132 0.04182339743079586
40 133 2.549860511933887
40 134 1.41657653931172
40 135 0.34314693683419617
40 136 0.6793722838691025
40 137 1.3881978836156748
40 138 0.4414556166746888
40 139 0.4159886670303362
40 140 0.04558549842522898
40 141 0.9572185188333083
40 142 1.5832027489313036
40 143 3.2513602619656172
40 145 0.141587927725257
40 146 0.19110933670281546
40 147 0.29614533419393085
40 148 0.2933022677119889
40 149 0.0776306523070632
40 150 3.524521344511198
40 151 0.4517347613210216
40 152 4.869441476192315
40 153 0.3232715108681229
40 154 0.3393877176988747
40 155 0.5513946516649448
40 157 0.8230453513853915
40 158 3.9091588230091827
40 159 0.3899184230626946
40 160 3.5821083304956227
40 161 1.1179116804737885
41 4 0.3230932013625558
41 7 0.3682830727964367
41 14 0.6633214107000704
41 26 0.02231295507171955
41 31 0.18814134469594548
41 36 0.5227801025323678
41 37 2.530234876708162
41 38 0.08310177745464269
41 40 0.09039148465422271
41 46 0.1663860375769742
41 49 0.5618837135434371
41 50 0.10808938122384947
41 51 1.1458533597741938
41 54 0.2364920910437806
41 55 3.0696191265497728
41 66 0.01818820067131627
41 68 4.046396657346885
41 70 0.9555245319472266
41 72 1.3293421585496603
41 74 5.821811404307098
41 75 0.6918283784692811
41 76 0.41566952183084216
41 79 0.007545498535718444
41 84 0.3895286531505126
41 89 0.44394052782865245
41 91 0.03977174299540746
41 94 0.3129393121628115
41 101 0.10165385466542207
41 102 0.8108546720652935
41 115 2.719105424055873
41 130 0.9529505616091661
41 131 0.2575417645873447
41 133 0.25721766977940713
41 138 1.5513095854251744
41 142 1.3661404978570493
41 146 1.6810629901564134
41 147 0.2080504494853271
41 149 0.07550573166612419
41 152 1.4783240891426144
41 154 0.20092320755301868
42 0 0.7721102730834406
42 1 1.51451620347814
42 2 7.837012085903779
42 4 3.27070805893829
42 6 9.430081438205749
42 7 2.3102370313758933
42 8 5.447218407914562
42 11 6.500925519349468
42 12 3.9236575810207652
42 14 1.5430645295418555
42 19 0.8265173362768753
42 21 28.576807460462813
42 22 0.9915898191749357
42 26 1.7637141003796217
42 27 1.3083699730001819
42 31 0.5595130974984719
42 35 43.61754900006752
42 37 3.7459312571373884
42 38 3.373196304001958
42 39 3.1442767402482237
42 40 1.179541919059108
42 44 14.333250483688863
42 45 1.0893031184981
42 49 1.8554833828834516
42 50 0.863976409054794
42 51 0.6913636788870849
42 54 1.2577355266151558
42 55 6.9926296418527105
42 56 1.916902565002953
42 57 0.3883927574338076
42 64 0.6175931515649002
42 65 1.4689850176692094
42 67 2.897765095974484
42 68 0.33331097101596796
42 70 0.6892600629010606
42 71 0.3592291927263095
42 72 0.87053502846902
42 73 0.8209639733924531
42 74 32.836895400211226
42 77 1.2295675557375867
42 79 6.923759917165898
42 83 0.30617536777242554
42 84 0.7558344242227107
42 89 2.1544479436526607
42 91 1.8007938152314464
42 94 7.8702449210558125
42 97 0.08889826678592049
42 101 0.39304749719676874
42 102 0.6345228042929684
42 106 7.663572058114607
42 107 0.9889806673443594
42 113 0.1718928611554577
42 114 2.512155313488069
42 115 1.4644065019278258
42 116 6.690676450148365
42 117 2.196146973948289
42 118 2.518613795485248
42 119 2.4012916972026424
42 125 1.1866649243700755
42 126 0.16563397273497948
42 127 0.23373207308416266
42 130 5.280697433517895
42 131 1.5902793429090958
42 133 1.7646610077311606
42 135 0.34616421474161674
42 137 26.97821682150319
42 138 0.9863013776723534
42 141 4.064286084061145
42 142 5.6961741414661144
42 143 86.62116692290711
42 146 0.46019032966921086
42 147 1.4053165726498162
42 149 3.0758828895564414
42 150 16.61195438293484
42 152 1.2627604776318702
42 153 0.7213555956146968
42 154 16.5997401217817
42 155 0.45055982170138564
42 157 10.23457599424254
42 158 0.3399435261436246
42 161 0.45992519755285177
43 0 5.591140493202833
43 4 1.1441512229643014
43 6 0.9908569242251966
43 7 0.48265149209499003
43 11 2.1974655657119393
43 14 0.8786860411942208
43 15 1.6065724621844901
43 19 1.3337638890404804
43 23 1.3976009366770639
43 25 1.6113716813046517
43 26 0.26085323888838813
43 31 0.20263427456410935
43 32 1.39484630794316
43 35 6.478541747180602
43 36 1.118979593683772
43 38 1.6149338263367465
43 40 0.7175764966796446
43 42 0.412778352643891
43 44 0.24660464225468043
43 45 1.7009789331665939
43 49 0.07064946944925268
43 51 0.2303416919183837
43 52 1.5613314203376434
43 54 1.6948156011512654
43 55 0.550697145187969
43 56 2.7557068432240204
43 58 2.2968029852197955
43 59 0.3188438565645499
43 63 1.4848108455367635
43 64 1.8401189812437642
43 65 0.19761018083701476
43 66 1.2096243682648824
43 67 0.3393258605765206
43 68 6.1453439304026976
43 69 0.2892122392776876
43 70 0.5184588544188916
43 72 1.3596906633837533
43 74 3.113260247320484
43 76 0.13424201975110994
43 79 1.0902914241304396
43 83 0.7554590154265142
43 84 0.4504265385323788
43 89 1.1047364809947224
43 91 0.9032733686858353
43 94 0.7046394305084857
43 97 4.515995919660305
43 101 0.8494142139648245
43 102 0.0006584328418019408
43 105 0.3454640643374655
43 106 3.167300418605226
43 107 6.545907077428564
43 108 0.6095903718391296
43 109 0.01073845170201424
43 113 0.3619323229645521
43 114 0.4134333363478901
43 115 0.6170224474799384
43 117 0.6522625480925636
43 118 0.4519782802637639
43 126 0.3368671797447062
43 129 1.5775906053161068
43 130 5.7620366335536115
43 131 0.29279607670866226
43 133 2.6062993644991503
43 134 1.9975756739360009
43 135 0.0029502373652755018
43 137 2.5123288627574283
43 138 0.26327880935002057
43 141 2.0761133486578838
43 142 4.032259403796845
43 143 0.38494112945767767
43 145 0.6120739896251813
43 146 0.4912953526684184
43 147 1.667552241352944
43 149 0.7834930765188916
43 150 2.660675094409327
43 151 1.9033485182204803
43 152 1.350368128761841
43 154 0.3050322196162044
43 158 4.196172799430958
43 159 1.4827127684181078
44 0 1.5363414496396495
44 1 0.30515359411671156
44 4 0.8307940127010305
44 6 1.3860151418070028
44 7 1.070715348073503
44 9 0.3602038995437784
44 10 3.9957409661914003
44 11 0.9860623471615119
44 12 0.8386465524258332
44 13 3.2509161116478342
44 14 1.831547767469419
44 15 0.5757814717311536
44 17 1.6572788584919451
44 18 1.0952297950462797
44 19 0.2295240944098039
44 21 1.888373087389078
44 24 0.8639596617756481
44 25 0.49722271210495456
44 26 1.1761711771300396
44 28 1.8991525277486019
44 30 8.454038443074435
44 31 0.03266227652758239
44 32 1.4005523465839012
44 34 0.3636818938234558
44 36 0.29619600564377996
44 37 1.3351061208247181
44 38 0.1991506169034291
44 39 1.7495775148764283
44 40 1.5769592425088639
44 41 0.664130012468483
44 42 0.1279775895159222
44 43 2.0722971219473654
44 45 0.6369681356323469
44 49 4.246623529467681
44 51 1.253899055140927
44 52 0.17984421933856884
44 54 6.939843813521446
44 55 1.1776279339376488
44 56 1.2652407416224813
44 57 1.0652422618671256
44 58 0.25561054376413955
44 59 1.0800476698063046
44 64 0.4184690566135124
44 65 0.6751081043901259
44 66 0.22939998468474596
44 67 2.9585031258435133
44 68 1.9348337482451905
44 70 2.1082328936742956
44 71 0.5311983434118998
44 72 0.033538581731052196
44 73 1.419140804123002
44 74 0.6957359108208978
44 75 1.0267064916946478
44 76 1.1926386453872548
44 77 4.1968096914407385
44 79 0.09862873945254055
44 83 0.06552961271092823
44 84 1.9555260967308012
44 87 1.8393997713739165
44 88 0.41465381642154825
44 89 1.0723754065828306
44 91 0.9953418542222202
44 92 0.9214226025515654
44 93 1.8832700043878976
44 94 5.134776196909268
44 95 1.6838502021691877
44 97 3.040253432957235
44 98 0.5054309293600578
44 100 0.4024228676465115
44 101 0.4567778849649372
44 102 2.3400547270659176
44 103 0.24820163230704548
44 104 0.7863574321787611
44 105 0.5124902543503134
44 106 1.54804050083841
44 107 0.8247258360703501
44 108 0.9655610326935077
44 111 1.3249203068813051
44 112 0.7431861074339994
44 113 0.16514432045878397
44 114 2.9023003699851704
44 115 1.5065381059887224
44 116 1.6006637224084594
44 117 2.3440398889936773
44 118 0.8840177550251354
44 120 1.1299386823838238
44 121 0.9799773494870029
44 122 1.554386298567524
44 125 0.1306916162312732
44 126 0.06639595481304351
44 127 0.21686717587497356
44 129 1.2291107985146983
44 130 1.4691394735728716
44 131 4.1385953112946
44 133 0.3603384366047942
44 134 1.5033320958448806
44 135 2.154204827864574
44 137 1.2273606130595827
44 138 0.11484536715014888
44 139 1.6398463824923089
44 141 1.1642602411054725
44 142 2.6964453736111613
44 143 1.7242844546547522
44 145 0.1350637578212243
44 146 1.4972820932735498
44 147 0.17580168914534033
44 148 1.9246308959674991
44 149 3.2177881886824333
44 150 0.6256205998648023
44 152 4.541380453315911
44 154 1.1814475498728476
44 157 0.2654105834786235
44 158 1.862189433625496
44 159 2.123771843456746
45 0 0.15293154103446271
45 1 0.7648486772458265
45 2 1.9843117909885288
45 3 1.7579741385428378
45 4 1.3674549318326863
45 5 0.5206169696351269
45 6 0.0482700694383884
45 7 3.043185110712118
45 8 1.208836688766706
45 9 0.08690366980614217
45 10 4.064663002160385
45 11 0.8232238689526268
45 12 2.5975958400283137
45 13 1.7613628615110621
45 14 1.2697514719448986
45 15 3.301307355169953
45 16 0.15125545551333447
45 18 0.2373378164903137
45 19 1.168385269180306
45 20 0.14035142380903123
45 21 2.70116332208055
45 22 0.5959987594097651
45 23 2.705742117192006
45 25 2.407281608154207
45 26 3.261940841179695
45 27 0.34547365414042464
45 28 1.3639345125155211
45 29 0.06821406549471294
45 30 2.3572612007469353
45 31 0.41019284254458416
45 32 0.23745482841301757
45 33 0.17786382588053906
45 34 0.0760158876209679
45 35 1.2359885655455225
45 36 0.11207950726067718
45 37 0.15553888654307482
45 38 0.8283127998388912
45 40 2.144327649580228
45 42 0.1158416753478887
45 43 0.7482944901739631
45 44 0.21885999517171856
45 46 0.3691683063642069
45 48 1.0576306575689527
45 49 0.18510951967375994
45 50 0.2987359605706256
45 51 2.3312016290365984
45 52 0.1679895181683627
45 53 0.17286101578471055
45 54 0.45680943222083165
45 55 4.80697156573418
45 56 1.903189786270872
45 57 0.19622147912420854
45 58 0.08339216240132058
45 59 0.2201782750774143
45 61 1.7693793800617983
45 62 0.4570986783504697
45 63 0.6676359992794679
45 64 2.3069395052096526
45 65 1.517804615005457
45 66 0.7475975773731864
45 67 0.045999480678699516
45 68 0.14590874368128823
45 69 2.252393985665661
45 70 0.8773725548080249
45 71 1.1712599939821082
45 72 0.478837274283877
45 73 1.59326307665522
45 74 1.5372838569372516
45 75 5.238968195453083
45 76 3.1658385584035
45 77 0.775315910106123
45 78 0.8145731863482456
45 79 0.24680065123174533
45 81 0.9807699156145235
45 82 1.0856663975626737
45 83 0.7305501100866054
45 84 0.8732768145935166
45 85 4.025965892640832
45 86 0.05468892135815557
45 87 1.1985169195902456
45 88 1.1542609930270409
45 89 1.7154185970569544
45 91 0.0120020785007053
45 92 0.46980148815927597
45 93 0.011976282822774248
45 94 2.082045096378145
45 96 0.40028381856352174
45 97 0.10939881257071879
45 98 0.3346601481386044
45 99 1.6187646867071341
45 101 0.4970059346055899
45 102 0.15572802302922895
45 103 0.8732803072690255
45 104 1.5405319039582415
45 105 1.277819343511887
45 106 0.929103521106919
45 107 0.3217028878930769
45 108 0.8186995269703222
45 109 0.4936090054317678
45 110 0.1394435383080462
45 111 3.9907318443387814
45 112 0.3034380671269175
45 113 0.018078038011020866
45 114 0.09504329244249068
45 115 3.658382823014979
45 117 0.20735128996494578
45 118 1.5486276178573362
45 119 0.21183795189755938
45 120 0.09835475810649733
45 121 0.6338012171258327
45 122 0.0652536756500624
45 124 0.3460750935050708
45 125 1.8678807376355349
45 126 0.7481652119688766
45 127 1.6764185898509478
45 128 0.9165821057859419
45 129 0.09988420730220161
45 130 0.49273372872021776
45 131 0.7088356609519104
45 132 1.2867869742501186
45 133 0.18352054633161174
45 134 0.8371506241887495
45 135 0.020350302400533895
45 137 4.2327573263045535
45 138 0.7877916065536967
45 139 0.8072845015134041
45 140 0.7675461563532205
45 141 0.24250319528261213
45 142 0.9328237089647499
45 143 0.1481141839230278
45 145 0.4631145341518082
45 146 0.4637776588830593
45 147 0.7741505432789805
45 148 0.28091016062730806
45 149 0.06287432507408929
45 150 2.2922543891199094
45 151 1.7433290921472007
45 152 0.3751461918548207
45 153 7.744625068859953
45 154 1.270313222939305
45 155 1.5015738906049547
45 157 1.6324487311028544
45 158 0.2734688062555887
45 159 0.8702605682218668
45 160 0.4515641159569336
45 161 0.9579053648720424
46 0 0.2443782666423227
46 1 7.570734314293662
46 3 1.410383363152694
46 4 3.182660948480661
46 5 11.171303240762715
46 6 6.817098033791378
46 7 1.2093083322421443
46 9 0.6559195507627088
46 10 0.03071826901012042
46 11 0.5390280793333524
46 14 5.755273625355739
46 16 1.8295030692441225
46 17 0.8830429477024255
46 18 0.2660540065377271
46 19 1.0602624042285314
46 22 0.09460414874431085
46 23 10.838218046863869
46 25 0.6047255596199909
46 26 0.7190824739831648
46 30 5.998491862010866
46 31 1.5570519864027441
46 32 0.17765763021099026
46 33 1.0541066657059623
46 35 4.070504777259066
46 36 1.2927681610272352
46 37 14.713212866960259
46 38 1.6531024749945253
46 40 1.7568899155234858
46 42 2.309252626037964
46 43 1.5682658859123706
46 45 0.7025769462452818
46 49 0.2706895928468853
46 50 1.390261909327475
46 51 0.1200637932830957
46 52 0.7397351426594381
46 54 21.547683803324926
46 55 9.080732377725354
46 56 6.209911676701839
46 58 1.0783555836344083
46 59 0.6530389921343464
46 62 6.988203841004703
46 63 22.46469385259169
46 64 23.019556990008045
46 65 0.5372000249540632
46 66 0.10274119997741674
46 67 0.9335945478343752
46 68 1.032729922097267
46 70 0.29337911873138095
46 71 3.7130645549105514
46 72 0.05865625512104796
46 73 0.33772649900004204
46 74 0.7602870229800375
46 76 0.427975802406416
46 77 0.6806764299726022
46 79 0.4331511293638567
46 84 3.162004168935435
46 89 1.8150150420452407
46 91 0.8428923652782555
46 92 6.557680055657928
46 93 1.5891987810530206
46 97 2.2563922469189
46 98 4.787266716090798
46 101 0.882100912403329
46 102 1.3836087274701643
46 103 0.6611623279625783
46 104 3.1982512504166474
46 105 6.437105142610127
46 106 7.914312939814578
46 107 0.6782538628281196
46 108 15.43055285059098
46 112 0.2762357664295582
46 115 3.017275718267427
46 117 1.05785805488058
46 118 0.032782523513406436
46 119 2.3849811526350173
46 121 2.3386566082621427
46 122 5.079152956813382
46 125 9.420496270140003
46 127 0.4717444653619044
46 128 0.35701154964143667
46 130 0.15277755864823614
46 131 6.392692556561635
46 133 18.07277078302973
46 137 0.7351750885349301
46 138 1.3481025930333521
46 139 0.006636587537383796
46 141 2.3563715302320682
46 142 2.615729160468192
46 145 1.0076139875882726
46 146 0.17603232362125415
46 147 1.1123082883892665
46 148 0.18638031157204904
46 149 7.136519002092154
46 150 0.45091766199625344
46 152 43.583280420951496
46 154 5.282425295242152
46 155 0.6606113992450665
46 157 2.5002323230688224
47 7 0.23115901589205426
47 14 1.6748671206035144
47 18 0.13845570673717347
47 19 0.174701805776193
47 25 0.4337505122848575
47 26 0.6719978292248593
47 39 0.25180663494540284
47 40 2.5092999994338494
47 51 0.09061276660487125
47 54 0.7443282908587319
47 55 1.9888380347547163
47 65 0.7683625406105743
47 70 1.33808223035144
47 72 1.4768770710005017
47 73 0.029083857730519098
47 74 0.8556700439602437
47 75 0.9176589968713917
47 79 0.08706353910038638
47 89 0.017036084752399414
47 101 0.27915215111204456
47 106 1.5548281625050777
47 115 0.3926338347933223
47 130 1.2186966906148562
47 131 2.275800502090995
47 133 1.1714013208593366
47 135 0.20962628042337303
47 137 0.04254018374774397
47 138 1.10012204421975
47 142 0.5615927407120698
47 145 0.4272931222853492
47 150 2.092800564072226
47 152 1.0926832255601044
47 154 2.704751758149601
48 7 0.40327407130865006
48 9 1.2710752382753463
48 11 0.2796267909576165
48 14 1.8649171463165208
48 19 0.6697423046957766
48 26 0.27074281448032456
48 30 2.431114548249589
48 31 1.3873750429915397
48 32 1.2807876116042947
48 35 0.020008903024154832
48 36 0.9369894169198011
48 40 0.4884297218366944
48 49 0.9502260102117945
48 51 0.33544649624919565
48 54 0.9963708650547001
48 65 0.09159895967313325
48 66 1.1607214999639812
48 67 0.2306797662040082
48 69 1.1946314524114698
48 70 0.3614690325693419
48 72 2.4621133419505985
48 74 2.0542817645378872
48 75 1.2199978954614432
48 79 2.868026278329582
48 84 0.6458171039272183
48 93 2.0856787010007474
48 94 0.49391193424716245
48 101 0.7279503068895823
48 102 1.0334277124883144
48 103 1.717446549502275
48 104 1.5407442508917486
48 105 0.2497856491722931
48 108 1.894735859676983
48 113 0.042563325195989564
48 117 0.6873189827476449
48 118 0.2891672648621617
48 129 0.894699352980107
48 133 3.4913380867186925
48 137 0.909114480823271
48 138 1.7305364757689998
48 142 5.603277184036577
48 146 0.43926970160408807
48 147 0.7884557211503973
48 149 0.011477810597778621
48 150 1.6979613021861584
48 152 1.3059464992065193
48 154 2.2450837265650567
49 0 0.568248444056693
49 1 5.219299414158948
49 2 3.6326105613819775
49 3 1.7683930330952484
49 4 0.7737548365884404
49 5 3.6368338571470518
49 6 8.684281530391834
49 7 2.507963825005476
49 8 6.160427033102192
49 9 0.019805813836105943
49 10 25.050717432277896
49 11 5.058261902651775
49 12 3.6185342650915002
49 13 8.303709051801748
49 14 0.04934399296322312
49 16 2.9822836304383964
49 18 0.42665517252191393
49 19 0.28746495777547215
49 20 181.0705045426914
49 21 100.25345844320157
49 22 0.4113330260518087
49 23 4.377864085954866
49 24 0.22897272740653188
49 25 1.7524847416616187
49 26 1.1226148803811398
49 27 0.6625835814037219
49 28 0.316489828277725
49 29 2.8847826424089824
49 30 38.5922420207606
49 31 1.5977131581975494
49 32 2.638879750737773
49 34 0.6248302085667586
49 35 3.186996272367297
49 36 0.012876837086922782
49 37 4.98811519241119
49 38 1.4416460126419193
49 39 27.46336526574054
49 40 5.536598648023969
49 42 0.25778155072762654
49 43 9.406334275298846
49 44 1.937224595990785
49 45 0.8423463055303549
49 46 0.8085500540576438
49 48 3.389877104020153
49 50 0.051642150672462486
49 51 3.6670452118784866
49 52 0.06564266982867366
49 53 3.8859296510584707
49 54 11.662671320779477
49 55 34.28051294984893
49 56 9.753343512557851
49 57 3.048021675111848
49 58 6.4714850254559115
49 59 1.1317936010092637
49 61 0.4727772510188051
49 62 4.756433198057794
49 63 4.579086754286176
49 64 27.118565879354897
49 65 1.6601659323838245
49 66 0.5314555831360954
49 67 0.44119074274474807
49 68 6.163521365383534
49 69 0.8932645281921735
49 70 1.4069187563545194
49 71 0.1238496442053135
49 72 0.13742656436962308
49 73 6.442778308138864
49 74 346.91101386303217
49 75 0.1792421489039457
49 76 0.6242274637826492
49 77 0.1727540512616645
49 78 2.4295823146772255
49 79 0.6417092082485386
49 80 1.365780437976879
49 83 5.698378791824805
49 84 0.5216386714952754
49 86 1.6086315298220706
49 87 5.667626603697297
49 88 11.371225606190807
49 89 0.840630010621645
49 90 1.04422084250924
49 91 2.4972400792257554
49 92 2.9423609529130674
49 93 11.45986253250893
49 94 2.9046456270106784
49 95 0.9604635971307361
49 96 15.829114259680237
49 97 2.3041804535283705
49 98 0.012447817194272097
49 99 24.32713678080693
49 100 1.127158137512739
49 101 5.937086958311319
49 102 1.3568008015432726
49 103 0.3929139654437827
49 104 1.910834732847682
49 105 2.650806108954017
49 106 14.961713573549432
49 107 0.1379516426131023
49 108 0.03171541735378977
49 109 6.750634781377076
49 110 0.2504986456693268
49 111 0.9720873424149166
49 112 19.945443017824232
49 113 0.3339070010633551
49 114 1.5427944063285977
49 115 22.883992683706612
49 116 2.031243934604839
49 117 0.510069283366718
49 118 0.26044395024491274
49 119 11.888215427904695
49 120 5.427728103316847
49 121 5.30140716719913
49 122 101.70659769853344
49 123 3.161710906436746
49 124 2.0057271277087434
49 125 53.66317687596162
49 126 1.294288833676219
49 127 2.5798300186319936
49 128 2.476998496819895
49 129 6.220531722093069
49 130 7.460050313594974
49 131 0.2136543966977551
49 133 10.971245319173391
49 134 93.71228867287901
49 135 2.1158916816439786
49 136 6.548131830932522
49 137 8.52300504178357
49 138 2.2312523113328986
49 139 5.794052415016975
49 140 0.9216863125496167
49 141 3.448778000940784
49 142 27.04735761545115
49 143 52.64655763847582
49 144 0.07455647079953254
49 145 6.4761553057632595
49 146 1.675977824353138
49 147 2.197094853772619
49 148 7.293864535719023
49 149 5.851265219263927
49 150 10.578828444491327
49 151 11.318472271060587
49 152 11.065507211908502
49 153 7.188797143188302
49 154 19.04212694996835
49 155 6.035268789510012
49 157 19.188438873702772
49 158 21.229001770731276
49 159 0.38257440028039175
49 160 54.437509209597046
49 161 0.18614843192773972
50 0 2.666808223433541
50 1 0.9060292280426999
50 4 1.2498552050844665
50 6 7.679838511349183
50 7 4.195467886388138
50 8 0.3199080156594079
50 9 0.261830347699544
50 10 4.334759857216744
50 11 0.16579388818980356
50 12 1.4527671579414656
50 14 0.49292727396146263
50 18 0.48451327913355086
50 19 0.12411013241046129
50 20 2.2755096886474773
50 21 1.5259828052792261
50 22 0.5148550710853914
50 23 1.4925473830732863
50 25 0.08129813866450258
50 26 0.2729998860828
50 27 0.09543709091036813
50 28 1.0309324956419024
50 30 2.1385760423414704
50 31 1.6997249789015751
50 32 0.9570007035212369
50 33 0.17844271539364726
50 35 0.05706910581972021
50 36 0.8443393974190947
50 37 2.079396739775311
50 38 0.06668333649325502
50 40 3.94502633700988
50 42 0.3135660784180937
50 44 0.17959127123624358
50 45 1.1604430419031597
50 46 1.7630834452052666
50 49 0.8063458088631766
50 51 1.558693575420772
50 52 0.6291867427737813
50 54 0.046178869411828236
50 55 1.7508954639733223
50 56 0.8187740204423125
50 57 1.124390898993824
50 58 0.7101571185523641
50 59 0.3221383407448071
50 61 0.631040736565641
50 63 0.3668919706269458
50 64 0.8366353392041236
50 65 0.050891186508672366
50 66 0.12499212618403006
50 68 0.14803349524483456
50 69 0.4674312428514121
50 70 0.04065388997942764
50 71 0.19602032653180587
50 72 0.1251720680882796
50 73 1.3534438629374774
50 74 1.6700045314878595
50 75 0.12076851622513868
50 76 0.42571283573762414
50 77 2.2160935593789177
50 79 1.1642155106918572
50 80 1.8160245015112155
50 83 0.7057416869692171
50 84 0.29566091357339663
50 86 1.0215857052724353
50 87 1.5216115235692418
50 89 0.566052254303552
50 91 3.197030448412071
50 93 0.712836036100072
50 94 0.1678640605460651
50 97 0.04076545978901465
50 98 0.5611134888125857
50 100 1.1854731202866569
50 101 0.20291907394574474
50 102 0.04242839706770565
50 104 0.1605179173278153
50 105 0.0680983567990224
50 106 2.0037394192146163
50 107 0.15525249114900772
50 108 0.3844782969975824
50 109 0.1594375199022261
50 111 0.015775318622567647
50 112 0.20171347722829483
50 113 0.10483621759256254
50 114 0.3415617539416866
50 115 0.9679781379814706
50 117 0.1487949883801919
50 118 0.7915495997093832
50 119 1.4193883012687376
50 120 2.795623254394374
50 121 0.4791029214923948
50 122 0.8153123498341006
50 125 0.8844951324990998
50 126 0.6067341587055937
50 129 2.09561943449691
50 130 0.5553640201538225
50 131 0.40074845455432817
50 133 2.0149573901419986
50 134 0.3657473341887235
50 135 8.250590405008227
50 136 0.4271062348785825
50 137 2.9085682395597465
50 138 0.05679624288059325
50 139 0.44787379632335456
50 140 0.5262783485712186
50 141 0.12944275894533733
50 142 0.2198322233076375
50 143 1.3998358014350931
50 145 2.481873034226925
50 146 1.2642889603154792
50 147 1.3785299368678845
50 148 0.7063997570784828
50 150 0.02959330638821998
50 151 1.186366491893565
50 152 0.7998962742754873
50 153 1.0206384613373807
50 154 1.6472234532274
50 155 0.9409742037438953
50 157 0.37439978563170734
50 158 0.08432633130034596
50 159 1.0290494057204598
50 161 0.23684960098186109
51 0 0.301876658156487
51 1 2.3088947823504866
51 2 8.709940487781584
51 3 0.15317495590626762
51 4 0.39294121500366913
51 5 0.4194923947103467
51 6 1.790924135705695
51 7 2.529216201115997
51 8 1.916545435434645
51 9 1.09284643972285
51 10 0.9211688473014259
51 11 1.3916887036942285
51 12 0.8904706689161898
51 13 2.1664233807468896
51 14 3.4205439827129536
51 15 0.7775367862903801
51 16 0.857503579082552
51 17 1.2767553610357965
51 18 0.5400532316877613
51 19 3.014688413767394
51 20 3.6004569177646366
51 21 1.5965128047670054
51 22 1.581198908877923
51 23 0.7699111724063258
51 24 0.3905822972305689
51 25 0.90784287539303
51 26 0.19279773382404633
51 27 1.1751035918041934
51 28 3.4216749509356323
51 29 0.35212716363995306
51 30 0.8639642072600567
51 31 0.03204397053939948
51 32 0.006794700310674275
51 33 1.4903315989027568
51 34 1.5211047112978355
51 35 2.756329557454159
51 36 0.26298505035244624
51 37 1.2659073628175197
51 38 0.0008867534408219411
51 39 0.3232597154330255
51 40 0.1592582347750502
51 41 1.004109328627078
51 42 0.25932090665887547
51 43 0.19181091779684672
51 44 1.0920654480529293
51 45 0.19613828857975907
51 46 0.7959613184822613
51 47 0.5599637396983798
51 48 1.354424097184836
51 49 0.9695491020283648
51 50 0.23687538645331788
51 52 0.8116148972626337
51 53 0.7308410083495541
51 54 3.0087768462769646
51 55 3.7924128142220908
51 56 2.646698837868112
51 57 0.2163239818375689
51 58 3.442131866797475
51 59 1.2939887741005476
51 61 0.331759243580549
51 62 2.1626780606099745
51 63 0.13496634526713386
51 64 9.19903367310065
51 65 4.789062822540654
51 66 0.6101536425567605
51 67 0.8969929833891833
51 68 3.696256340615906
51 69 4.218698168797311
51 70 0.8303464845122006
51 71 0.07682359422174148
51 72 0.22085506506685418
51 73 1.5073271521868625
51 74 3.5683710986883357
51 75 0.026727353135293345
51 76 0.7238123143245655
51 77 1.697991993097148
51 78 0.49249178111156244
51 79 0.2838067801517854
51 80 3.4390151008691805
51 81 1.2864687844524367
51 82 0.15764346983423955
51 83 0.7157092904300054
51 84 0.8162347009467387
51 85 0.04654776848741438
51 86 0.026407055670163732
51 87 1.079090022642301
51 88 0.48391267518597186
51 89 1.0829321416100341
51 90 0.45450184185502
51 91 0.24470972458697235
51 92 1.191983171242099
51 93 1.1686890633491709
51 94 1.8718940306804153
51 95 0.2719512226476486
51 96 0.012541518428713008
51 97 1.5621995816586556
51 98 0.11036082386249298
51 99 0.5755958263056313
51 100 0.05533717715683981
51 101 1.7093516997243472
51 102 0.21028427070452774
51 103 2.1026433111263705
51 104 1.5086673796202321
51 105 2.30983282143171
51 106 1.4528658032470163
51 107 0.0644022775142486
51 108 0.3777872579831715
51 109 0.44384379559433285
51 110 3.483203786546129
51 111 1.0686326324595348
51 112 1.0231501381168315
51 113 0.12399241080055502
51 114 1.4209938554093875
51 115 0.8928859952392149
51 116 0.9053608909025909
51 117 0.17473576813994857
51 118 0.3381031557182385
51 119 3.0952244280754813
51 120 0.32082621159463864
51 121 1.2856834881823227
51 122 0.4145033291255337
51 123 1.520711264879503
51 124 0.20996936456009552
51 125 0.028582071550993637
51 126 0.1623919769348003
51 127 0.7777161730709264
51 128 0.37600364699499306
51 129 0.2047144367267105
51 130 1.7232798398062519
51 131 0.23881409917356
51 132 1.308223718625167
51 133 5.259562062075537
51 134 1.4055556055231473
51 135 0.3533215603645094
51 136 3.3547864649384658
51 137 1.5861168087697757
51 138 0.13968949179958728
51 139 0.004041398571376378
51 140 0.3878104072541049
51 141 0.4214079746209755
51 142 2.5993805922860203
51 143 3.4253868170356547
51 144 0.6611356456877187
51 145 0.47495685947736827
51 146 0.5434650511579782
51 147 1.0427944533458329
51 148 1.4796779623810972
51 149 1.6368959160995704
51 150 2.0348932518851663
51 151 0.7949934786656463
51 152 0.49082379967485845
51 153 1.3731421525193517
51 154 2.595359977898719
51 155 0.5385382348263553
51 156 0.3978240800703338
51 157 3.4007490235182463
51 158 2.661828741604227
51 159 0.1054486328947424
51 160 6.646297884040771
51 161 0.5727967613520262
52 1 6.1961588520086766
52 2 7.774854955463077
52 4 4.561882114917137
52 5 2.0644234202436214
52 6 7.740355428001812
52 7 12.626303779040377
52 9 0.3012704379177014
52 11 7.026771130462436
52 12 0.07466147801606891
52 14 3.5945411341766254
52 15 0.7860159371027098
52 18 0.1937106553946917
52 19 0.5960377558376586
52 21 0.5755306587986208
52 22 1.2531493423486484
52 23 0.08033199662096784
52 24 0.8022061860026813
52 25 2.024130895883543
52 26 0.07723498503523393
52 30 10.960019602397477
52 31 1.7649751293744085
52 32 1.7202725973331092
52 33 4.987663808410257
52 35 69.99603756073176
52 36 3.6159135245160186
52 37 1.650656519186412
52 38 0.8668213487246167
52 40 19.033867843501678
52 41 0.09142884047610256
52 42 3.7483701241900693
52 45 1.4093085964180012
52 49 18.005708617392624
52 50 2.4076204581325373
52 51 0.24455607779513489
52 53 0.8473327149411064
52 54 5.547271273490265
52 55 3.7731805111381873
52 56 15.33033226160243
52 57 0.6628696352916739
52 58 3.7173374978450315
52 59 1.1709388814064914
52 62 2.1708793333022163
52 63 37.066135324660436
52 64 2.0808159740874363
52 65 4.196281525964295
52 66 5.685983005409772
52 67 2.142286659319299
52 68 4.303707712498638
52 69 6.539753645967236
52 70 2.7477433672165796
52 71 0.9159738406322411
52 72 2.2264689635628967
52 74 55.47911783378562
52 75 2.209384657707113
52 76 2.974611529933762
52 77 4.144712147208067
52 79 0.39395359736604385
52 82 4.519071673551306
52 83 0.5005378121409277
52 84 0.020541159320873737
52 85 2.593063160563489
52 89 1.660451097304218
52 91 2.4352966571167785
52 93 0.6102317373742071
52 94 1.8167821611989285
52 97 0.5245823036756111
52 98 0.4726620295778419
52 99 1.7916874942079317
52 101 0.7150871531631527
52 102 0.49573228743060993
52 103 1.2057854492613553
52 104 6.016793030698406
52 105 0.09193199798313566
52 106 9.688795623818969
52 107 1.4028231159858708
52 108 2.1574926066724984
52 109 4.166241980643452
52 111 5.045810278933629
52 112 11.616556097816458
52 113 0.24400267126435557
52 114 1.5343536702500082
52 115 0.06451007201397721
52 117 1.8921019245350648
52 118 0.8033386786523871
52 119 2.0531004564273085
52 120 8.388128411356899
52 121 0.10138013215823165
52 125 16.46503745361575
52 126 0.5554247091172643
52 129 0.3501206197299507
52 130 10.394078417865382
52 131 0.6100348870500796
52 133 8.441943096026
52 134 21.897004451489593
52 137 2.7731886077177226
52 138 1.7042156582432433
52 141 0.4258574695508193
52 142 26.288199882863417
52 143 54.80268826029087
52 145 1.5147239024089396
52 146 0.6102677556312623
52 147 3.5795663535866593
52 149 2.37538983106256
52 150 0.07460892643844695
52 152 7.7219260094853555
52 153 2.490332049411253
52 154 34.38651957163216
52 157 14.024081695687322
52 158 6.383438694418552
52 160 8.830858807231932
53 0 1.0951986390940556
53 1 0.006775390764879723
53 4 1.2608616026937787
53 6 3.112150495869554
53 7 0.3873088780516969
53 11 9.58155882474863
53 12 1.5244272067040514
53 14 0.08696212544782703
53 19 0.8443922962356339
53 21 4.432389462706554
53 22 0.7472981355297259
53 26 0.35383678115478323
53 27 1.8714494314598438
53 30 0.06034932071756165
53 31 1.4552288454097233
53 32 0.057669055205706
53 35 4.1402958358999085
53 37 0.9736259538327545
53 40 3.9116402466868205
53 45 0.373660081148685
53 46 1.1392459170045908
53 49 3.1116495178457715
53 51 0.259934519994831
53 54 0.3146530949501906
53 56 2.990502633295167
53 59 0.6099641879739535
53 64 1.6573113597966889
53 66 0.8512968673827555
53 67 0.09703590821514053
53 68 0.6048964808400563
53 69 1.4463581955523144
53 70 0.7149799072390666
53 71 0.5826074433166868
53 72 0.09264043410707579
53 74 5.740530231581501
53 75 1.3207525118333394
53 77 2.5113748945717727
53 79 0.006386908262284668
53 83 0.23058555647012885
53 84 0.24388814658384783
53 86 0.2622605939492913
53 89 3.0094558267677254
53 93 4.395225718080884
53 94 0.26495993464576006
53 95 0.7267299447658184
53 97 0.5714928356183383
53 101 2.7039465401243135
53 102 0.43092365804500354
53 103 1.0519946334721877
53 105 0.508644308093431
53 106 3.5848614483656625
53 108 0.5605088690597088
53 109 1.3282772964391045
53 111 1.845164368839767
53 113 0.6505841777699376
53 114 1.3811333663454164
53 115 1.266402091326966
53 117 0.06602592502972894
53 118 0.21613986503308452
53 119 1.2184565493666466
53 121 1.3770412282823479
53 122 0.0829657091995343
53 125 4.658761641687454
53 126 0.06774918511771079
53 129 0.09720117771839239
53 130 0.7705987521375934
53 131 4.276389442166431
53 133 1.5960058351951154
53 135 2.689654646602089
53 137 0.9198975105174125
53 138 1.8549481680344861
53 141 0.7224753719524463
53 142 0.9723327836456638
53 146 1.1516515953853337
53 147 1.160385472271583
53 150 1.7003569202592232
53 152 1.285601425618794
53 154 0.16555615505479415
53 155 3.1697434625672707
53 157 1.438508249071777
53 158 4.768032207282179
54 0 5.044653442681401
54 1 1.9772445852250875
54 2 5.263042722259169
54 3 0.6963370794167199
54 4 1.909753430826344
54 5 2.3980165143256054
54 6 2.3101431013383684
54 7 4.935478392104147
54 8 8.469442660111786
54 9 1.6902246954119375
54 10 2.8301951261078373
54 11 1.1599856326280789
54 12 0.42326259184316173
54 13 0.8001478402095323
54 14 0.8066389617547034
54 15 1.663123607614072
54 16 0.3375099797791739
54 17 0.04146395547375391
54 18 0.9243521755204366
54 19 1.1161147095593988
54 20 7.82817844849056
54 21 4.596489607126003
54 22 0.17989793357299527
54 23 2.810404626393705
54 24 2.5198586012148447
54 25 3.1712653820904917
54 26 0.601448356573986
54 27 0.2884709893697337
54 28 1.4644830873714638
54 29 1.2796326215765248
54 30 0.1861868775917687
54 31 2.0397329713405226
54 32 2.2001575384833214
54 33 1.514118726960391
54 34 0.21177584594464105
54 35 6.510164759889009
54 36 0.9146770613639569
54 37 10.164575329258176
54 38 0.5860466229076225
54 39 13.119437861213498
54 40 1.8087983434877586
54 41 1.0023325287228027
54 42 0.5011759635617423
54 43 0.9569204201135051
54 44 1.9380672689220955
54 45 0.011590803677999353
54 46 2.3936043061297676
54 47 1.0676101038986106
54 48 1.1233576582987745
54 49 0.12624677873299897
54 50 4.28382963708784
54 51 2.5625272494827915
54 52 0.4165994103160837
54 53 0.22900301772761297
54 55 3.987816457367377
54 56 2.1729421317765265
54 57 0.32022533802186404
54 58 1.6890039376721833
54 59 0.6717161324363623
54 60 0.44728959584658
54 61 0.15543987624581
54 62 1.9642603750636518
54 63 4.399186868391415
54 64 2.5573904631461235
54 65 0.10703225978261292
54 66 0.40457318339894993
54 67 0.06753909543046581
54 68 5.4519403852256625
54 69 1.211180135164772
54 70 0.11578741788778277
54 71 0.927727951199842
54 72 1.2116409516337585
54 73 0.72342544077202
54 74 0.04241632349877334
54 75 1.349964254692237
54 76 0.6742786537834018
54 77 2.001200527916833
54 78 0.2721004305760135
54 79 1.1503450511254614
54 80 0.23643417799492172
54 81 0.019287129124650748
54 82 1.0186764228868812
54 83 0.04542386949482495
54 84 0.2603833468065501
54 85 1.249095147050661
54 86 1.128868080370748
54 87 2.419810604163466
54 88 0.782794318488494
54 89 2.1483206562472246
54 90 0.830275545161546
54 91 0.39723932042065807
54 92 0.8938022669499377
54 93 0.17502208081634876
54 94 2.3441157503674193
54 95 0.1292912177236294
54 96 5.113689958970258
54 97 0.2624051429887313
54 98 2.151651772773797
54 99 4.7305160038481135
54 100 0.9094105494735502
54 101 1.1496274301073368
54 102 0.03690381149059982
54 103 0.22138035516883803
54 104 0.7149297939872968
54 105 0.015508499678418053
54 106 11.734761461108008
54 107 1.4244061578742695
54 108 0.48069482743082587
54 109 4.566819182874607
54 110 4.818859508332798
54 111 0.9165135071293941
54 112 0.30724556600094133
54 113 1.4952148292417575
54 114 2.0300350188172094
54 115 0.32220323168648823
54 116 5.313574164201938
54 117 0.7167353920786426
54 118 1.0345435702062105
54 119 7.928853130502648
54 120 1.1405005361159433
54 121 1.0726500965642778
54 122 3.866729381851056
54 123 3.3332258321506876
54 124 0.11256996593255356
54 125 4.139560166114212
54 126 2.2553488141773887
54 127 0.5208197861573943
54 128 1.6678395749303885
54 129 0.19351177273497294
54 130 0.7360847344730825
54 131 0.6561069986309769
54 132 0.6542757515809032
54 133 1.2605970924250938
54 134 0.552339750597817
54 135 0.6244371695081306
54 136 3.568579581598127
54 137 4.274607715903231
54 138 2.495237237697084
54 139 1.3329931797325623
54 140 0.5111256336688569
54 141 5.564632364413141
54 142 2.4575779467123526
54 143 1.3673447630693243
54 144 0.2916235368656062
54 145 1.039014725836524
54 146 0.45521351486579487
54 147 0.7524610303277791
54 148 0.44684626115812337
54 149 1.829317136831618
54 150 0.09175093795482837
54 151 5.72896605374844
54 152 13.366885546896157
54 153 0.6214628740992141
54 154 6.564868491590383
54 155 0.27149596519931657
54 156 6.933799367214276
54 157 2.4375850100039878
54 158 4.130883809983188
54 159 0.9380672954470024
54 160 2.1454316003276546
54 161 0.18473033738198363
55 0 0.17385187644940894
55 1 0.6561553479570178
55 2 0.9541254353661844
55 3 1.130509740451395
55 4 1.0665813635925696
55 5 0.3653349053521169
55 6 0.7438882491561285
55 7 0.8705273557769823
55 8 0.007603780637295923
55 10 3.94954778924488
55 11 5.110769071370374
55 12 0.3089355201012704
55 13 2.174883914295515
55 14 0.13913019895573794
55 15 2.7116116716007217
55 18 2.7177606795942557
55 19 0.9241012302286168
55 20 5.426771336264914
55 21 0.2974696244284196
55 22 0.26611280915228774
55 23 0.46754457359755336
55 25 1.2426583216433387
55 26 0.5160287398358657
55 27 0.5596325945539571
55 28 0.2035127987812757
55 29 1.1221861693329556
55 30 6.920525610863622
55 31 0.1928455376715205
55 32 0.7596537454193983
55 33 0.03997688193297516
55 34 1.4702678576619164
55 35 0.5832004801122119
55 36 5.706056463996031
55 37 0.7674596050466076
55 38 2.3187669434921703
55 40 0.00710420290186159
55 41 1.5570604778785915
55 43 1.1163120175756915
55 44 1.4766062013461831
55 45 0.7495792138877947
55 46 1.2600396385193962
55 48 2.2730959691644275
55 49 6.8091149945367455
55 50 1.1821231709523812
55 51 0.04583940859947764
55 52 1.3168353755143671
55 53 0.7469428249529545
55 54 0.7362378273219373
55 56 5.466404494403338
55 57 0.41573067175180917
55 58 3.9866298312017863
55 59 0.2359606577943332
55 61 0.5568043797468258
55 63 1.6823879564579132
55 64 1.5960993381322728
55 65 2.62605349075336
55 66 0.7138336594297194
55 67 0.2020319327174593
55 68 0.5750144681654419
55 69 3.425801223163027
55 70 0.6663555276416437
55 71 1.1150397437529302
55 72 2.934258973552352
55 73 0.5469341757631921
55 74 1.912796977147409
55 75 0.5246220992869155
55 77 1.7038354754798741
55 79 1.0086138688169293
55 80 1.460478884323391
55 81 0.6298548542462438
55 82 2.7013332007867974
55 83 0.20083863073245042
55 84 0.47378406474128937
55 85 6.158283505238582
55 86 2.1941644586915334
55 87 0.687036771274903
55 89 6.361352549637297
55 90 0.47710605603131373
55 91 0.6987285237078072
55 93 0.15162400438905257
55 94 2.650005809863342
55 95 0.37784227988322777
55 96 1.672423312264534
55 97 4.070161435712996
55 98 0.8589152737168609
55 99 0.2273838581461391
55 100 0.5221968000259363
55 101 0.309685022429522
55 103 0.9021872744698093
55 104 1.9742483575289635
55 105 2.1982431610938913
55 106 0.28343552261587285
55 107 0.9644094448645829
55 108 1.3067247093727854
55 110 1.3792657713138712
55 111 6.440417503641047
55 112 0.11604396279562151
55 113 1.0153454354048865
55 114 0.09035563989041363
55 115 1.1750297514743209
55 117 0.5845923537413668
55 118 0.030514284296882948
55 119 2.8380742253298434
55 120 2.065210968315062
55 121 0.34422041429393807
55 125 3.838951860411028
55 126 6.180402625824445
55 127 0.07621071406512131
55 128 0.30090495698162556
55 129 1.4532573592056113
55 130 5.535112479295151
55 131 0.09688348109975488
55 133 2.7270571585780132
55 134 3.694476543884916
55 135 1.631587102252659
55 137 1.1147634194050517
55 138 2.071366145347949
55 139 0.13025635524024223
55 140 0.3190936595804584
55 141 0.06978890871122029
55 142 1.7142947319594626
55 143 1.0713008782272522
55 145 0.7713357750985933
55 146 0.18162341598136902
55 147 0.25107202016336877
55 148 2.6262829636884475
55 149 2.522152968610539
55 150 4.102645289476177
55 151 0.9694632032093136
55 152 4.820606149823892
55 153 2.53428568107521
55 154 2.961185241872136
55 156 0.19249136763187458
55 157 0.9482048143801792
55 158 0.49303693420508793
55 160 3.397114349782266
56 0 0.7005543479217916
56 1 0.15548776171621537
56 2 0.06629111605804856
56 3 0.11837332611115053
56 4 0.12230471453688042
56 5 1.994666033727737
56 6 2.0920314541342986
56 7 1.8579044583901887
56 8 0.7122338016223522
56 9 2.0385660999978903
56 10 0.5365185122507848
56 11 0.9486296956478579
56 12 0.46352766682093716
56 13 0.2444073001173166
56 14 1.1727511016427483
56 15 0.564046870824222
56 16 0.26319862247736386
56 17 0.47091334793705236
56 18 1.0582411416728756
56 19 0.6832495468913149
56 20 1.0699184093392529
56 21 0.8324377717486595
56 22 2.3896604625707942
56 23 0.8015463534342846
56 24 0.30631948765798683
56 25 0.7247458750947957
56 26 0.4261670931211423
56 27 0.17564077302161904
56 28 0.6989138400507399
56 29 0.3803234541949486
56 30 1.7401731210141436
56 31 3.5996766863391882
56 32 0.040629701955613426
56 34 2.1410837514906396
56 35 0.34441302636755183
56 36 0.006534889485014922
56 37 0.09686972893404944
56 38 1.2559223277923437
56 39 3.6445518321014183
56 40 0.1283347897241978
56 41 0.029755775543153038
56 42 0.08381482511420135
56 43 0.23270037645140354
56 44 1.9556632732762107
56 45 0.5147251509728102
56 46 0.5952727288594335
56 49 0.9212028184851624
56 50 0.4262234641318318
56 51 2.2805809656952
56 52 2.2660654484872147
56 53 0.3364015612508015
56 54 0.593470837900748
56 55 0.5888608270566571
56 57 0.13437530704754944
56 59 0.5819151807987237
56 60 1.99709474325492
56 62 0.5555722878378484
56 63 2.374549841410258
56 64 1.2194366045423581
56 65 0.12824097981567814
56 66 0.4445841241805337
56 67 0.44863470733348504
56 68 0.15771352992231122
56 69 0.8426929466712588
56 70 0.18051766533993044
56 71 2.7837365686501747
56 72 0.061465744601203555
56 73 1.551735061573408
56 74 0.409344808551664
56 75 0.08805228323298815
56 76 1.6547902431516455
56 77 0.3116336587416058
56 78 0.4483179416510039
56 79 1.215408209325903
56 80 0.27471806615862143
56 81 0.40724577022333946
56 82 0.33048627138590503
56 83 0.22018483742697728
56 84 0.8907131519664766
56 85 1.4166125125361662
56 86 1.3606764593487155
56 87 3.257585881315174
56 88 0.3403976495688379
56 89 1.5054341777821572
56 90 1.1167458810949584
56 91 0.11556491603686771
56 92 0.29920985745289264
56 93 0.10578400845954516
56 94 0.7133936872610662
56 95 0.6444805191428029
56 96 0.7020945105585644
56 97 0.47018857810435427
56 98 0.8467901089328518
56 99 1.2954911721863482
56 100 0.29991467543020267
56 101 0.3910561965600399
56 102 0.08541108458847188
56 103 0.44948215251512996
56 104 0.4581428741812334
56 105 0.03429920044047033
56 106 2.3090405201327577
56 107 0.8566187186863028
56 108 2.846789230294976
56 109 1.2447123239295004
56 110 0.7105085756129141
56 111 1.0281528104028357
56 112 0.789132794630037
56 113 0.003991107339196575
56 114 2.2542305210465625
56 115 0.5283010574081557
56 117 0.50789108681356
56 118 0.24166591998354703
56 119 1.2083503879121122
56 120 2.3684862575233123
56 121 0.14974473623710355
56 122 3.8945137130644185
56 123 0.004288648245106481
56 124 0.42725743638407604
56 125 2.020489539504761
56 126 0.676033313155553
56 127 1.945731263542674
56 128 0.01502950672478406
56 129 1.8052719697379485
56 130 0.5347606926546414
56 131 0.32826376863001877
56 132 0.054888852238996824
56 133 2.3502149770422816
56 134 0.5534684015822983
56 135 0.7986474014449924
56 136 0.9770385985865866
56 137 1.8220902196121742
56 138 1.4650631171435498
56 139 0.4653155248052882
56 140 0.3738455037350926
56 141 0.40175296441401404
56 142 0.761309183645604
56 143 2.1475483175787575
56 144 0.17032515185341446
56 145 0.628105631491297
56 146 0.5593804519918459
56 147 0.24911541958523564
56 149 1.3776033961821907
56 150 1.4902691330452453
56 151 0.8893238024297667
56 152 1.3936316713565895
56 153 2.3469419267044276
56 154 0.2494669193935487
56 155 4.519166040341641
56 157 0.6554801399326369
56 158 2.710744480595942
56 159 0.9891450761417251
56 160 0.9965149772560339
57 1 2.0352594708763463
57 4 0.6902690467372082
57 6 0.26657851354770346
57 7 0.1396981165683483
57 9 0.3581129602209527
57 10 0.31773905321553886
57 11 0.2947971353038637
57 14 6.407627004339227
57 15 0.6018791896513116
57 18 0.24724450570551135
57 19 0.7626206394244711
57 21 0.06562628758757161
57 22 0.37531006777194575
57 23 1.7796589309138584
57 25 1.039198944558084
57 26 1.1943603529011966
57 30 4.2023140534312065
57 31 0.18430341574861797
57 32 1.228467014410546
57 35 1.8861596086666965
57 36 0.7316724467056871
57 37 9.092985165189795
57 40 5.360618853533631
57 44 0.7435420715991823
57 45 0.31626853123486115
57 50 0.5752692393466496
57 51 0.3941347707586425
57 53 0.27683592454860684
57 54 0.45921841917304634
57 55 1.159413302413538
57 56 2.133696268567758
57 59 0.344056933507437
57 63 1.952258241411015
57 64 0.018863004759501745
57 65 2.654283778750972
57 66 0.23880604184491216
57 67 0.7233248768013936
57 68 3.1147198635199884
57 69 2.6223188662528782
57 70 0.18569945297598892
57 71 0.3160926523122671
57 72 0.9162980716533846
57 74 2.3364122233387583
57 75 0.030409946113555325
57 76 0.394415862706012
57 77 1.7848594890919132
57 79 0.44819235684639647
57 84 0.8672367054669328
57 85 0.7964995778034166
57 86 0.8357076955747578
57 88 2.0026290540480276
57 89 1.60313141221202
57 93 0.25693440475167056
57 94 0.4371033725210714
57 95 0.2567170764673962
57 97 1.8167024652676174
57 98 0.8566510029116006
57 101 0.43709276439696226
57 103 0.13639665984354624
57 104 3.5657607750809386
57 105 2.213817578831823
57 106 1.3519332779282625
57 107 0.7645461992045958
57 108 2.6119056784163885
57 112 2.476626478521717
57 113 0.40370576260321356
57 114 0.9577144196829633
57 115 0.30579364133536896
57 116 0.6968817892305154
57 117 0.33667075259775714
57 118 1.1422915412451617
57 121 0.8607801515992712
57 122 3.3383233890390662
57 125 0.7986528679128287
57 126 0.11339554344570177
57 127 0.3127381457241504
57 129 1.023543191182643
57 130 0.023606149819414158
57 131 1.7728509934981849
57 133 0.1861415234572742
57 135 4.790098688170356
57 137 0.23626135277623544
57 138 2.3677281118687694
57 139 1.5306696033118863
57 141 0.8856464789078105
57 142 3.01481239490579
57 143 1.3276129336259208
57 145 2.2046889686636577
57 146 1.1694061298148153
57 147 0.3996214058507994
57 149 1.5381343661164086
57 150 0.6197287305904867
57 151 2.984525246311149
57 152 0.7341299353145213
57 154 1.0581955561639615
57 157 0.3439035929610253
57 161 0.41218272671350836
58 1 0.01585330577729776
58 4 3.472967833806289
58 5 13.53989725058215
58 6 1.0909569169813047
58 7 1.4237511301801575
58 9 0.9595766573803137
58 11 0.9152373888730416
58 12 0.6814553032920226
58 13 3.740333101425399
58 14 13.863102148490276
58 15 0.6723207194717181
58 18 0.36963569599778534
58 19 2.9501788377661384
58 21 7.134376856862772
58 25 0.2842792986226285
58 26 0.529580167761972
58 28 0.23712361671403356
58 30 6.2138439986673495
58 31 8.062342250122894
58 32 1.4115861574104906
58 37 0.7947912360772
58 38 0.10217248470351606
58 40 0.5820493267520672
58 43 0.3702685162467718
58 44 0.9089652393565912
58 46 0.215945850403653
58 49 1.3973547480017505
58 50 1.5167707201098237
58 51 0.05324089314957469
58 52 2.7109904620787484
58 53 2.4996237534205634
58 54 4.056312715359551
58 55 0.6417594900391755
58 56 3.320212600141438
58 57 2.6360825758112405
58 63 2.3527070080832115
58 64 0.029922756473974934
58 65 0.5615021603399464
58 66 0.6904227868455924
58 67 0.044044870111038185
58 68 1.9363848511699753
58 70 1.410395641340432
58 72 1.903023753294888
58 73 5.891943556072785
58 74 2.4979049874508226
58 75 0.20189858132214009
58 76 1.406144482175234
58 77 0.35103833174213256
58 79 0.8850476818365455
58 83 0.4175954862480461
58 84 1.2741672888406814
58 86 0.31204419087729446
58 87 0.9264226600140328
58 88 2.6947662491903315
58 89 2.3263961230370027
58 90 2.2144032903490647
58 93 6.188108531017245
58 94 1.374923735273238
58 97 0.5132714496757054
58 98 0.21609203379495046
58 99 7.131467857523971
58 101 0.4169965658724637
58 102 0.027213347309226754
58 104 0.6773069997126362
58 105 1.576291414402072
58 106 4.037828409973781
58 107 0.47020775324974823
58 108 1.2316650019737638
58 109 6.418512310147278
58 112 15.430509501613942
58 113 1.7329862597499757
58 114 6.414643780094099
58 115 2.3883748579552355
58 116 0.54195137496812
58 117 1.5927278194940533
58 118 0.0531048552614827
58 119 0.07142419256772642
58 120 0.36275151285435525
58 121 0.243673430435661
58 122 0.6902046697265869
58 125 19.480966538623296
58 126 1.6962708670595514
58 127 2.778489185733999
58 129 2.303134602596799
58 130 2.1894799805057596
58 131 0.6733002237107027
58 133 3.3749132303284335
58 134 4.2117839738267815
58 135 2.649639900037245
58 137 16.568150310708695
58 138 0.6728271082491263
58 141 2.1312152284475623
58 142 5.008811059615589
58 143 0.5760479410710767
58 145 0.622922693602771
58 146 0.8209251494612443
58 147 0.9888405686865817
58 149 2.195384760995154
58 150 1.3426375700099644
58 152 0.7643281323735219
58 154 0.22489395773564264
58 157 0.8286778564162399
58 158 4.7832737768264835
58 159 1.1606780821642295
59 1 0.5433635420482842
59 2 0.6510092814713742
59 4 0.28161422153892374
59 5 0.8088460112134923
59 6 0.16522167279911448
59 7 1.1885494112765842
59 8 1.796300096615152
59 11 0.6462390827668585
59 12 0.39992370861731946
59 13 0.8630288867987506
59 14 0.3296577704668167
59 15 3.2792962080545087
59 18 0.6505617692547028
59 19 1.0944174656187293
59 20 2.9414556177420446
59 21 0.7967661021351549
59 23 3.157551190481247
59 24 0.6906253970799462
59 25 0.8627175759259756
59 26 0.06920222907252944
59 30 1.1984736180413302
59 31 4.296160029178331
59 32 0.1337196537632874
59 33 1.761331886566915
59 35 1.3128771750756878
59 36 1.5370249204518327
59 37 0.4317331466741193
59 38 1.0659512283861017
59 39 0.276430001007882
59 40 0.23723895587081448
59 44 0.7338601182006295
59 45 0.7424174051919818
59 46 0.09049427437280293
59 49 0.4224226101528549
59 50 0.30663846724912297
59 51 1.6834011582051382
59 52 0.9365562591283291
59 54 0.09257195487572813
59 55 0.2446634546031997
59 56 1.4634887825996903
59 57 0.06778005662543718
59 58 0.10653227542354508
59 60 0.8213462841919185
59 63 1.5915947384893985
59 64 3.5033241118615397
59 65 0.10111220829303057
59 66 0.5290387847280943
59 67 0.2942923849884493
59 68 2.0319942254327628
59 69 0.02692014299008572
59 70 2.315387087945419
59 71 2.4427370643050526
59 72 1.3533506139591467
59 73 0.2361148799182287
59 74 1.8616227677109523
59 75 1.1203238318862518
59 76 1.3471250692187553
59 79 1.0251937086129181
59 80 1.2302540025898159
59 81 0.3070700257584005
59 84 0.7810641915350328
59 86 0.5309641190397527
59 87 0.6250751562207194
59 89 0.10106159102914207
59 90 0.8012539300380699
59 91 1.0363172773198333
59 93 1.9530178665301805
59 94 0.5280107031543598
59 96 0.8632304043936561
59 97 0.072866192598952
59 98 0.1847892144446491
59 99 0.20983650573434398
59 101 0.6892381820080151
59 102 0.30161728666417703
59 104 0.976035820780561
59 105 2.6356075792675338
59 106 0.5590365771842545
59 107 0.12416206872553809
59 109 1.956143257140157
59 111 0.3911896144709067
59 113 0.11687753057428425
59 114 0.018663309767233183
59 115 0.8081351573903363
59 116 0.5885408063020864
59 117 0.014103427146740908
59 118 0.3586873519678926
59 119 1.1040924587051417
59 120 0.24913505543326178
59 122 0.21746639442618557
59 126 2.5823686352644075
59 127 0.05772001918486571
59 129 0.9085277476809036
59 130 1.3126575107452334
59 131 0.017032352789479618
59 133 0.5427843929665467
59 134 0.4016516230556898
59 135 0.30328488399060205
59 137 0.11181884812341726
59 138 0.33083259338605026
59 139 0.4537541786654899
59 141 0.848553754135046
59 142 1.4405034229834754
59 143 0.054247412618403684
59 145 0.5187729459789844
59 146 0.025381437085157152
59 147 0.08081985791738101
59 149 0.33902603285626776
59 151 0.37624791188773876
59 152 1.8000697169169169
59 153 0.43813139365116766
59 154 1.2576269122733157
59 157 2.997647316482183
59 158 0.26928636749013846
59 159 0.519828664023714
60 4 0.6772066196777318
60 6 0.5628949542799946
60 7 0.30522420841276754
60 14 0.08252264245136846
60 21 0.5167915780249575
60 26 0.9696937619779279
60 27 0.06687861229190034
60 31 1.1693423252820667
60 36 0.0048838180028852205
60 40 0.426130516420464
60 44 7.3142560957799185
60 45 0.27543156861874674
60 49 0.4667549645597608
60 51 0.04819210392062008
60 53 0.8947508199999591
60 54 0.44118069952169453
60 65 0.2845509948148908
60 67 0.885190207909345
60 72 3.912158404443841
60 74 3.9311395621067815
60 77 1.006978677956043
60 79 0.82719180289024
60 89 0.886989828859959
60 95 0.6188259840342751
60 101 1.0585595898350049
60 105 1.0721770104204138
60 106 1.9672745029393377
60 115 1.5233454358214642
60 117 0.9760393049768442
60 129 0.04875731090343943
60 131 0.352583728361804
60 133 0.4165753891120089
60 138 0.7902272929945776
60 143 1.5947028403930217
60 150 3.645571857107038
60 152 1.9851828977712023
60 154 1.1496161170101336
61 1 0.12902936267102627
61 4 2.004480558834912
61 6 1.0982950984867734
61 7 0.3403249786013452
61 11 1.581757781811156
61 14 0.3956567653478705
61 19 0.4647741216554889
61 21 0.7067447894579658
61 24 0.19491050764721443
61 25 0.3694939540494746
61 26 1.0046645790212931
61 30 0.7264772686080155
61 31 2.942491564625212
61 32 0.10027365237083691
61 35 2.019671164953153
61 38 0.7005185794727475
61 40 0.26027676062193483
61 44 0.8094037296821074
61 49 7.181967546647257
61 51 0.07420022819304956
61 54 2.3465622914752733
61 55 4.836479260287308
61 56 0.7974227870444762
61 64 0.01321152518006315
61 66 0.1628621330862437
61 67 0.6141844597557531
61 68 0.11555377395203341
61 70 1.1322791733791338
61 71 1.4627614722826912
61 72 0.5433182251060341
61 74 0.026566558411969705
61 75 0.7527882043933155
61 77 1.1460279793948367
61 79 0.26961376286242433
61 84 0.052163187532225756
61 89 2.188900343416017
61 93 1.6686954544686123
61 94 1.1965214225622318
61 97 0.4845194716143139
61 101 0.12677373698151823
61 106 0.18492983567689283
61 107 0.7243788487591164
61 112 0.39654855731088234
61 114 1.7622646239224837
61 115 0.5313835491545358
61 117 0.15503418498215835
61 118 1.001170790164069
61 125 0.07068105530131645
61 130 0.6310164934428304
61 131 0.6748030982978577
61 133 3.6003425078689033
61 137 1.7639744043279442
61 138 0.11091253215210621
61 139 0.08409610472023935
61 141 0.3744050025715869
61 142 7.2876832230121735
61 146 0.3193007189811661
61 147 0.13264479253930636
61 152 1.6047664632255103
61 154 1.0022485408184596
61 158 0.27054962691237905
62 5 0.06061188341127023
62 6 0.17655137136792443
62 7 0.4881119859412726
62 8 1.8401672302264218
62 10 0.06813155770924761
62 14 2.6674734612053648
62 19 1.397734630243471
62 21 0.29124851542709096
62 25 2.234661011758241
62 26 0.30023940421505824
62 30 0.5959948827660781
62 31 0.30696900373959723
62 32 0.6539891678831516
62 35 0.005627493899968123
62 36 0.42213111198789993
62 38 0.660166078827866
62 40 0.3100645304441839
62 45 0.5419587375038113
62 50 0.07705044004409854
62 51 0.06747040714437695
62 52 0.02472580949554543
62 54 0.5918597056659822
62 55 1.2120665603857725
62 56 1.1359025677374672
62 63 2.080608491096317
62 64 0.5394111543461649
62 65 0.3478423638718792
62 66 0.07904006397902374
62 67 0.11810802621724688
62 68 0.4734636285633843
62 69 2.5730178892342974
62 70 4.352920570739443
62 71 0.3023213184738346
62 72 0.008814909475531946
62 73 0.28903267289909734
62 74 0.9038623621248213
62 77 0.3804712715950765
62 79 0.0015224044600686505
62 84 1.0311480558662767
62 89 0.7098242340237249
62 90 0.23925811319406465
62 91 1.2772349017419993
62 93 0.08506911235998928
62 97 1.236807077964632
62 101 1.3208653743936336
62 102 0.6955001226080167
62 105 2.1340661608992457
62 106 0.6078486666622788
62 107 0.9926575718578372
62 112 0.18407496502875648
62 113 0.5478581043677554
62 114 0.18273491068109654
62 115 0.27354568629768533
62 117 0.40249426632798435
62 118 0.7067263900843157
62 120 0.459042992548695
62 126 1.0123119608186575
62 130 0.5680325305125931
62 131 0.9373745475690108
62 133 4.29309682129023
62 135 0.23384354373268335
62 137 0.24502843203671307
62 138 0.15974590701302127
62 142 0.7265769956842559
62 143 0.17567566413067096
62 147 0.06742000943479134
62 149 1.1220129478402907
62 150 0.39845504285098987
62 152 0.17753183328508085
62 153 0.09602434435527998
62 154 2.1437007480218564
62 161 0.6147912397290416
63 1 1.2050557594619207
63 4 0.2774473905876402
63 6 1.2853118883656816
63 7 2.041466161640691
63 11 0.7160525466973963
63 12 0.5604380259794243
63 13 1.1012606253427148
63 14 0.04423981549829319
63 15 0.10250204098599243
63 18 0.35052079633435473
63 19 0.24365555545306844
63 20 0.195823175512701
63 21 0.41262890230996613
63 22 0.40259692705229927
63 25 1.1928909680522521
63 26 0.2362741122666919
63 27 2.176735905159119
63 28 0.03631540597167154
63 30 1.7842497826913004
63 31 0.7240109557257435
63 32 0.19829266554827504
63 34 0.6439658595244734
63 35 3.239104953672548
63 36 0.41392399340386377
63 37 0.19241655990677248
63 38 2.2981604360975894
63 39 4.638166317993161
63 40 1.4850051931664194
63 43 0.639143436799011
63 44 0.688579517498897
63 45 0.24784124409029631
63 46 0.8998179042687726
63 48 0.309337134024733
63 49 0.07639945278013034
63 50 0.2791999226535439
63 51 0.7981469055108523
63 52 1.7427588052998155
63 53 0.8651192754557407
63 54 0.7647131466492872
63 55 1.1517255638672612
63 56 0.6595044583452531
63 59 0.8378867286789518
63 61 0.4582533440262406
63 64 0.17960150352825213
63 65 1.1685057472155074
63 66 0.08570491647423852
63 67 1.1253410334037195
63 68 0.19143510076361447
63 69 0.743519036852366
63 70 0.5123333368513786
63 71 0.8875329153329841
63 72 0.687891782671434
63 73 1.206805355554043
63 74 0.04617061218958485
63 75 0.7337362643126204
63 76 3.0865742448218434
63 77 0.06961732368530911
63 79 0.16790102456853015
63 80 1.0637699116919284
63 84 1.2605716154437325
63 86 0.14887148708826622
63 89 0.30370734582201675
63 90 0.7190507879768642
63 93 0.9379994067886591
63 94 2.370239620092354
63 97 0.28872375110939225
63 100 0.3369544606622807
63 101 0.1322610700661653
63 102 0.1585635122778868
63 104 0.2187249925974331
63 105 0.7890988346071753
63 106 2.2916231870240344
63 109 1.9346710466567874
63 112 1.4623342850984498
63 113 0.4333060898925721
63 115 0.11682387082444644
63 117 0.8180829179774335
63 118 0.03732319711780738
63 119 0.5105400186681566
63 120 1.0922748650966172
63 125 0.4273092747287331
63 126 0.23839030298552638
63 127 0.34578671384217496
63 128 0.8526477944960258
63 129 1.4195847000618964
63 131 0.2849725804378842
63 133 0.5281247319310821
63 134 7.180581128392008
63 135 0.48892864491573
63 137 2.9057369753228217
63 138 0.19320309029465932
63 139 0.18846908173442056
63 141 0.6775605996624937
63 142 0.1856315916724113
63 143 1.9186716051349708
63 144 0.15704152039761152
63 145 0.49313462158287225
63 146 0.19178099305563764
63 147 0.5401767562810803
63 149 0.20824350163344432
63 150 1.0773160447743992
63 152 0.4937463958590426
63 153 0.04071106741483606
63 154 0.2874087200734661
63 157 1.3146376822930608
63 158 0.3550758986961249
63 161 0.08143710417620692
64 0 0.04787032548881575
64 1 0.10477481724522726
64 2 0.35063599916647714
64 3 1.0764775443127657
64 4 1.3344074941992246
64 5 0.8211769080615974
64 6 0.569380028429397
64 7 2.003793670643703
64 8 1.24129838465531
64 9 0.2347853812944346
64 10 0.48237029937675835
64 11 1.21004046404409
64 12 0.46365252542700036
64 13 0.029392292419046274
64 14 0.28581493946767866
64 15 0.4038929407925012
64 16 0.3643782557768231
64 17 1.5747335107742904
64 18 0.46612297053724766
64 19 0.6217009970833296
64 20 0.4919827198484417
64 21 0.30094133883614804
64 22 0.5610552510603245
64 23 1.1870000297602827
64 24 0.7963263585575182
64 25 0.05780120971286409
64 26 0.21369052238173922
64 27 2.4774469009102846
64 28 0.17711040533126024
64 29 0.34517909963867716
64 30 2.367788378081433
64 31 0.7889164353153513
64 32 0.3771548528298131
64 33 0.2542107619692856
64 35 0.7612756038775004
64 36 1.238398329413436
64 37 1.963430704462494
64 38 1.5581435308573364
64 39 0.439601340000653
64 40 0.30457552276698213
64 41 0.235358863724025
64 42 0.18834714756398976
64 43 0.4804507355391151
64 44 0.4767727895263181
64 45 0.041386820790238275
64 46 1.046857386530091
64 48 0.9220050047300298
64 49 7.629705408117532
64 50 0.5550166990966456
64 51 0.5370925098351251
64 52 0.6170425351450523
64 53 1.333552505503724
64 54 0.16545770104315446
64 55 0.06898063065900492
64 56 0.9615731060904463
64 57 0.6750895642827442
64 58 0.5574364233064829
64 59 1.287088070540575
64 60 0.650522589797859
64 61 1.4480458485728795
64 62 0.5789924868078001
64 63 1.63517767805925
64 65 0.7425402788446713
64 66 0.49996933351775497
64 67 1.6486211742438484
64 68 3.630908317769659
64 69 3.5897474887637273
64 70 0.0025838062158854286
64 71 3.174273275092216
64 72 0.1894544494240115
64 73 0.8317598383727037
64 74 1.0702911496042133
64 75 0.6031439030964952
64 76 1.7121710883162453
64 77 0.20229570842981565
64 78 0.9185559112816618
64 79 0.23545407317061876
64 80 0.5967394845717479
64 81 1.2305164584937756
64 82 2.261198465240466
64 83 0.7780758517461852
64 84 0.9639667289118005
64 85 1.5020046080270049
64 86 0.024625490593378787
64 87 0.3943729534020977
64 88 0.0019958355306593277
64 89 2.0044894147660903
64 90 0.9115216927873647
64 91 0.33233157752898973
64 93 2.907721831625342
64 94 0.25916731719206043
64 95 0.9470198697663649
64 96 0.9104436710687678
64 97 0.4495924424683931
64 98 0.07578110379140893
64 99 0.34328290462422384
64 100 0.7412024501656442
64 101 0.03921385809982663
64 102 0.02844600094351925
64 103 0.9217404001004739
64 104 0.8356618117356235
64 105 1.1474739860540648
64 106 2.8755908029472756
64 107 0.06788699621999914
64 108 0.8534400781170212
64 109 1.3855509153208898
64 110 1.032768332079488
64 111 1.0655078295370874
64 112 1.251631737879583
64 113 0.026963445897160078
64 114 0.7361456155900153
64 115 0.17283696158319878
64 116 1.5182541251478117
64 117 1.1047199616139114
64 118 0.2498263308055612
64 119 0.7665352308558615
64 120 1.5689227580772847
64 121 1.0341743869525553
64 122 1.1619927124475933
64 123 2.1247927249945624
64 124 0.11288209060965813
64 125 1.7967681460382923
64 126 0.628165418502243
64 127 0.8412275009464961
64 128 0.3570215646922283
64 129 0.965942335729734
64 130 0.08503779305667987
64 131 0.585907476435887
64 132 0.5632156273692375
64 133 0.5606548751110314
64 134 0.344109310567767
64 135 1.3245403682000774
64 136 0.6676572772966094
64 137 0.6803316201403613
64 138 0.08108779419799585
64 139 0.5882338221081919
64 141 0.01417548304856423
64 142 2.0153297076407637
64 143 0.3852920081028725
64 144 0.17233035896092114
64 145 1.1056565956689377
64 146 0.4917194888650356
64 147 0.42246935225537124
64 148 0.5179244696384663
64 149 0.6320225021901809
64 150 0.35965844519435264
64 151 0.8831811991130077
64 152 0.12830621839901965
64 153 3.113752780936941
64 154 4.678816826939884
64 155 0.004171918642827225
64 156 2.678284144489385
64 157 1.3084814248186183
64 158 0.351787075413327
64 159 0.27900850902634666
64 160 1.697850311468617
64 161 2.212834651843996
65 0 0.01844078814959352
65 1 8.59838200321471
65 2 5.926598012881646
65 3 1.737922085533614
65 4 3.673120057664694
65 5 16.762834226503855
65 6 13.273579793516884
65 7 6.8921507496486765
65 8 6.44381998659016
65 9 1.1567778808191054
65 10 9.011300614393926
65 11 2.848690387017228
65 12 0.5362846470839948
65 13 4.630681394805202
65 14 3.6955380119754695
65 15 0.8751261894792386
65 16 0.9649032145896991
65 18 0.19271592133760462
65 19 0.5287374538044844
65 20 3.163158651084006
65 21 15.892646312980183
65 22 0.2725575499664817
65 23 10.957349843767066
65 24 0.5247153786582155
65 25 0.4453212592227324
65 26 4.027723773834046
65 27 0.8393151664689686
65 28 3.2705402698427384
65 29 1.251830707258998
65 30 25.209250101645537
65 31 2.621560171831693
65 32 1.342613637962355
65 33 0.020412362576394723
65 35 8.849882061970705
65 36 0.11752704339391469
65 37 3.680783888817355
65 38 3.963645672439916
65 39 1.1136211047587996
65 40 2.9603775613034906
65 41 0.29620822860371443
65 42 0.06183394577208762
65 43 0.5796352068919989
65 44 0.13714104991170425
65 45 0.5053732014285234
65 46 1.5732541473391177
65 48 6.3409130040910995
65 49 9.914354490764994
65 50 0.9506801526814822
65 51 1.4535424344235686
65 52 3.399705826463874
65 53 0.1090962079358258
65 54 6.472438383542757
65 55 38.2647258659716
65 56 7.591616153553467
65 58 9.15756770337216
65 59 0.3682902136083851
65 60 22.521336591874757
65 61 0.49115237716362786
65 62 1.6526691726409952
65 63 20.59767121480829
65 64 12.199425620913566
65 66 1.429412687172408
65 67 1.2481072249943226
65 68 7.153769370093038
65 69 6.022527663115674
65 70 4.297347261609163
65 71 3.4409559932023654
65 72 3.4426797298060428
65 73 2.7557663275771924
65 74 0.03495864950506376
65 75 2.4748892217818295
65 76 0.11779455694852152
65 77 10.754711438240829
65 79 0.008271699730903592
65 80 0.9877441010426777
65 81 3.267949489138199
65 83 1.6290227549211613
65 84 0.14388894045573686
65 85 0.21284974965474815
65 86 0.33710873960505605
65 87 8.017672588474804
65 88 12.181444571904589
65 89 0.2639889406967532
65 90 1.892921084407661
65 91 0.007980315089020537
65 92 3.761195610307699
65 93 16.731383765421064
65 94 5.674184626271923
65 95 2.629589337198599
65 96 0.21328776786008813
65 97 0.09017072272200496
65 98 0.054929399748114206
65 99 1.722880461148096
65 100 0.04652918319425974
65 101 1.1350668660095158
65 102 0.24555671894173325
65 103 1.7726083322875776
65 104 1.119211369327684
65 105 5.256662710026575
65 106 4.580777479425084
65 107 0.1698752327931274
65 108 2.033153621962345
65 109 1.2118502990924094
65 111 2.2482379962692445
65 112 9.094350589571167
65 113 1.7921358403231071
65 114 4.580673037208625
65 115 24.073893470429677
65 116 7.135388496430021
65 117 3.870713400064406
65 118 2.4439286597439827
65 119 7.0263663580285645
65 120 6.937916942488369
65 121 0.2862899807836368
65 122 21.308157709685442
65 123 0.9236606071526714
65 125 8.145578161298445
65 126 1.5178103944915533
65 127 2.6707006771642745
65 129 1.839231138394748
65 130 0.49185880036250657
65 131 0.31172336471066614
65 133 10.795239208080801
65 134 1.7090449781658275
65 135 0.698390962091362
65 136 6.011626702147872
65 137 0.37949106812206873
65 138 0.4661853875691905
65 139 0.3913806265969366
65 140 0.03197490896503868
65 141 0.7081029524683995
65 142 1.037777928301104
65 143 3.4449980062902186
65 144 0.4789514712212182
65 145 4.070628456127067
65 146 1.8298342787849644
65 147 0.6315523188823581
65 148 0.12106235782870368
65 149 6.298343276901567
65 150 6.002423891456274
65 151 1.1856873152049139
65 152 13.850459336468775
65 153 3.6926354041432075
65 154 9.23479314799476
65 156 1.9219505462137947
65 157 1.562356522278786
65 158 19.14932038788777
65 159 0.039527600029223196
65 161 0.5498115913069359
66 1 0.3032714097571567
66 4 1.9225772220211939
66 6 0.7990613144572585
66 7 1.5565292305890215
66 8 1.0923931907418847
66 9 0.3361262688947557
66 11 0.41860063275092707
66 12 1.3623414850914035
66 13 0.014210680691066072
66 14 3.8046749868431813
66 16 0.3060803050081646
66 18 0.19279978038772935
66 19 0.784302838211418
66 20 3.022619273300772
66 21 1.7409705152787733
66 22 0.20552774966699505
66 24 0.5145807811514
66 25 0.30293770492859
66 26 0.1034784558269379
66 27 0.9883895259427832
66 28 0.2899873688349388
66 30 3.111615565384397
66 31 0.5436169296083448
66 32 1.278479638260253
66 34 0.11934533440630381
66 35 1.1504853714476269
66 36 0.011436126528032395
66 37 4.263396052659719
66 38 1.4671142775300354
66 39 1.2015986010203015
66 40 1.2555389968314024
66 41 0.47066174497422214
66 42 0.02683456413201342
66 43 1.018815618132916
66 44 2.305630998428645
66 45 1.619257576838895
66 46 0.11135216085945572
66 47 0.08675441615428453
66 48 2.3882948160153092
66 49 2.1551463267601805
66 50 2.2564498967676228
66 51 1.855537938886552
66 52 0.45343773980343716
66 53 2.0108600521459654
66 54 0.40435123792026495
66 55 5.65692657898114
66 56 2.824941507660685
66 59 0.34157407320996747
66 61 0.945511600169157
66 62 1.8572919818636693
66 63 3.8840701616604347
66 64 0.745188312614802
66 65 0.6568601342173584
66 67 0.5591942168404853
66 68 1.2005052871332778
66 69 0.052702419253976805
66 70 1.0313343910061057
66 71 1.9642637029006602
66 72 0.29667934030276105
66 73 2.2057564110206482
66 74 1.5389341337220488
66 75 0.8630530877362046
66 76 0.18009437997096134
66 77 3.578374123506343
66 79 0.9744604387785563
66 80 0.9203420597031502
66 83 2.3796351986401896
66 84 0.09721688099704565
66 87 2.3432045980698364
66 88 0.013321662950912656
66 89 0.7947398491214608
66 91 0.8079894977475464
66 93 1.6212620983376198
66 94 1.9084898391454288
66 95 0.5748595869956876
66 96 0.10174920487331374
66 97 2.9449278994065953
66 98 0.0629618160190228
66 99 1.6221897441523618
66 100 0.1027894013913248
66 101 1.6952530283971132
66 102 0.3225528848096626
66 103 1.2945638412957428
66 104 1.3873088279246653
66 105 0.3680570227575168
66 106 2.7119378966133856
66 107 0.28115436179958464
66 108 0.8908757717282514
66 110 0.2745137931459188
66 111 0.3531840985481126
66 112 2.434465267247335
66 113 1.6357417127547156
66 114 0.02908836300751134
66 115 6.3022745655454395
66 116 0.7033595652160192
66 117 0.3889742614770913
66 118 2.190750730583684
66 119 0.334464867077338
66 121 0.5312322815041169
66 125 3.443325619530024
66 129 0.3225723780525182
66 130 0.4630100759190302
66 131 0.7492068642880839
66 133 0.5603432685819213
66 134 12.55941959363353
66 135 1.8328117678335876
66 137 1.8978838252245591
66 138 2.434094374361516
66 141 0.11225929582247716
66 142 1.7965894986866553
66 143 0.5371245600605719
66 146 2.2584221234755
66 147 0.18686696275500128
66 149 1.6124552251754
66 150 1.3160083506608482
66 151 1.8155087834242674
66 152 0.4186791574242352
66 153 0.5153421865355444
66 154 0.6280358742895765
66 155 0.5124696202742776
66 157 0.64941495079289
66 158 2.8618758573552827
66 161 1.5958573783982117
67 0 3.251899056359725
67 1 2.0999939459160992
67 3 0.07422276398430518
67 4 0.8009576295216727
67 5 0.5949325809511194
67 6 4.203850481917289
67 7 0.8838671160014069
67 8 0.4128154279452313
67 9 0.2704533782307247
67 10 4.82497527953671
67 11 0.07872065736740204
67 12 1.016986393775324
67 13 0.5177550168408387
67 14 0.2086000426874696
67 15 0.9441980346675638
67 16 0.4486329822739789
67 17 0.09207953440261714
67 18 0.917883888633821
67 19 0.5145056310365563
67 20 7.476125331544081
67 21 0.7903499805020824
67 22 0.0010592716624020291
67 23 1.4439033337192564
67 24 1.4863463151623533
67 25 0.6946824006273606
67 26 0.8173903967790646
67 27 0.633588145153158
67 28 0.014064729040366777
67 30 0.6516504302416959
67 31 2.1815914942491994
67 32 1.5604330982688361
67 33 0.6691848828761614
67 34 0.9500417392763842
67 35 1.6727946164800065
67 36 2.286579771963446
67 37 2.6385032586394335
67 38 1.0600482360302554
67 39 1.7594128159670488
67 40 3.9249385679401017
67 41 0.635241089938839
67 42 0.2387236705598029
67 43 0.2629678274432869
67 44 0.9692374758179586
67 45 0.985589051364231
67 46 0.12496983010073115
67 48 1.4347118131217576
67 49 1.3672907444384483
67 50 0.09186646689596197
67 51 0.7406249427453316
67 52 0.2187982935262967
67 53 0.3351319094216999
67 54 1.209791492752281
67 55 0.892627901095159
67 56 1.5493569288813986
67 57 1.495862254766929
67 58 3.261459628205605
67 59 1.002203635538209
67 61 1.662489599783989
67 62 0.4972303735046508
67 63 0.18971986836003274
67 64 11.403973295050324
67 65 0.0814342994646728
67 66 0.5687622243300694
67 68 0.9808129526426005
67 69 0.6176487787994119
67 70 0.8641657320071991
67 71 1.8619295947312025
67 72 1.2204695589720387
67 73 1.4349811393547756
67 74 0.1182652641111329
67 75 1.243089658102547
67 76 0.18869202142423216
67 77 1.2211755141033376
67 79 0.7531256064242756
67 80 0.40385683749264384
67 82 0.2336089213009442
67 83 0.6414148970157942
67 84 0.002538998154753791
67 85 0.6321282600156986
67 86 0.4600347275854756
67 87 2.33846170056032
67 88 0.027488673768508724
67 89 1.4152996466657728
67 90 2.5033630075558233
67 91 0.31252689312591386
67 92 1.8481925739170992
67 93 6.640451377238193
67 94 2.0200644175743734
67 95 0.04789194009269863
67 96 0.7955288584135443
67 97 0.11025344986408318
67 98 0.10380919044239707
67 99 0.06736678091704737
67 100 0.6952567317285006
67 101 0.10513487629034278
67 102 0.26949295475055735
67 103 0.16019937915834528
67 104 3.135828732361661
67 105 0.8827081824122389
67 106 5.5360547114105945
67 107 0.5203780746390749
67 108 1.177679806101415
67 109 0.735284335882733
67 110 0.4479976227233172
67 111 0.6677689339522827
67 112 1.4872400007622755
67 113 0.9704909575437197
67 114 3.609207523167655
67 115 0.4547577897643512
67 116 0.4576118928126708
67 117 0.7035268400237236
67 118 1.6137087226036912
67 119 0.39823851399683746
67 120 3.452182339535229
67 121 0.5703644323224554
67 122 0.5203554538535613
67 123 0.22374066086728975
67 125 0.4768023229630309
67 126 0.33866492798777453
67 127 0.3296962904458764
67 128 0.14018787862167562
67 129 1.4003103485797006
67 130 1.6038053924180096
67 131 0.28217384825680125
67 132 1.629264810108494
67 133 0.04365999865689947
67 134 0.44209762218493115
67 135 0.18392371313170483
67 137 1.3019814781571253
67 138 0.9691475838753083
67 139 1.8286050055374616
67 140 0.341194760066553
67 141 0.03529781769522303
67 142 1.79786874692365
67 143 0.031059974106593925
67 145 0.7141649044456259
67 146 0.10121269906481356
67 147 1.2850767412357316
67 149 0.8095770107320762
67 150 7.602743179910014
67 151 1.9100512291800682
67 152 3.1776776399523827
67 153 1.6225840756119962
67 154 3.848460607988558
67 155 0.7322917409145889
67 156 0.9566499099235201
67 157 1.0367437202257699
67 158 4.862800265533279
67 159 0.7211778616483934
67 160 0.4548671363615296
67 161 1.2347571641647783
68 0 0.02458061265159851
68 1 0.148778699063533
68 2 1.4746856558048331
68 3 0.6951599727631921
68 4 0.7861342325139894
68 5 1.4393486823310337
68 6 2.4111178335737837
68 7 2.3418272294620737
68 9 0.45882749073192797
68 10 0.1436564853766111
68 11 0.7518959676442719
68 12 0.14969609770018918
68 13 0.9122848275634886
68 14 0.08834230346125833
68 16 1.8109347252748482
68 17 0.6466895864560294
68 18 0.5523103622895912
68 19 0.4230136444413614
68 20 0.675824769662248
68 21 0.7147099845218442
68 22 0.025965616904536207
68 23 0.37181635986042993
68 24 0.9628922597696209
68 25 0.4501177946266848
68 26 0.43291860899906215
68 27 2.918146750686696
68 28 3.0834243146423113
68 29 0.002925020388427385
68 30 2.655280718929438
68 31 2.3873429112820648
68 32 0.44140556669963454
68 33 1.3934425693674615
68 34 0.368977844149871
68 35 0.7970581105289722
68 36 0.040028218358124014
68 37 1.4777243036010457
68 38 1.0193190755063464
68 39 1.4904529144698124
68 40 1.280550963069392
68 41 0.5578812238908241
68 42 0.24608590527867807
68 43 1.5950875392247268
68 44 0.2245313748809728
68 45 0.07909130964819312
68 46 0.43681333790220467
68 48 0.004092950110109756
68 49 1.2485509398078787
68 50 2.724182399697779
68 51 0.7697528695182229
68 52 0.09816931850423413
68 53 1.014965265841156
68 54 4.488581240037637
68 55 1.3988688940859795
68 56 1.3727766099019616
68 57 1.7486654384635993
68 58 0.9881163722865581
68 59 0.5759447922320801
68 60 5.005688525500335
68 61 0.7639500843727114
68 62 0.22969020249140892
68 63 0.5341184325292319
68 64 0.38194396044280327
68 65 0.8753246585195058
68 66 0.5950351819703359
68 67 1.6415511138474062
68 69 0.49556147270221124
68 70 0.08404427069177213
68 71 0.985327184497692
68 72 0.8063698065196818
68 73 1.9959305992552716
68 74 2.9381167551627128
68 75 1.4946777695396538
68 76 0.03925378288894724
68 77 0.5370014689504718
68 79 0.17067591963715106
68 80 0.7590401295065554
68 81 0.03293652838538322
68 82 4.430695484097738
68 83 0.99337426716355
68 84 0.3168275363689626
68 85 0.19141627619958676
68 86 1.0420819220301367
68 87 2.26379675169086
68 88 0.13257046878233933
68 89 5.358069282778264
68 90 2.4267176021777406
68 91 0.3230842245324766
68 92 0.22038115937322814
68 93 0.012328979422070906
68 94 0.70244264527938
68 95 0.8526060240236639
68 96 2.5725524170636276
68 97 0.24934244542662568
68 98 0.004481931547778937
68 99 2.1259156512370274
68 100 0.5335822855965325
68 101 1.8829144664395907
68 102 0.4555530554455146
68 103 0.25440237108151564
68 104 0.5340590630357425
68 105 1.297827193580536
68 106 6.303238622155816
68 107 0.15415697059830266
68 108 1.7056315452457085
68 109 0.9646693323668417
68 110 2.8339914091137497
68 111 0.5958662781385371
68 112 4.120778300201397
68 113 1.4411987692716743
68 114 0.3607314167139883
68 115 0.7783117324649401
68 116 0.3061130135021817
68 117 0.2792288953587153
68 118 0.1744139038957287
68 119 3.5893468148848675
68 121 0.04132489747321538
68 122 0.8761440326460782
68 123 0.29394038290864805
68 125 1.867159050305362
68 126 0.2978618501618228
68 127 0.897543403535639
68 128 1.0977608518139832
68 129 7.971537228967968
68 130 1.2164082621390375
68 131 1.667678569706905
68 132 0.025411693145793723
68 133 2.174167194520614
68 134 1.8990119130877199
68 135 2.417138654784173
68 136 4.365255145216923
68 137 0.4999068484381431
68 138 0.5215388341598426
68 139 0.20349444160017305
68 140 0.555475722953683
68 141 0.29454290920582427
68 142 1.9768773287233223
68 143 1.0347992825783303
68 144 0.05760564936847902
68 145 3.3985083012086004
68 146 0.7941626869417814
68 147 0.4598007701178436
68 148 0.48088687632089394
68 149 0.26682260927692414
68 150 4.390361536055901
68 151 0.941196794467329
68 152 2.602836750859787
68 153 3.289387071766955
68 154 0.6099602271779637
68 155 0.6370188770990818
68 157 1.1848967268486832
68 158 0.2711760382709693
68 159 0.8496879694172506
68 160 3.8768502030273866
68 161 1.3666699166845087
69 0 0.38059198623182283
69 1 0.07419140863740195
69 2 1.2175657754329705
69 4 0.24203131632603506
69 6 0.29170748496745574
69 7 4.306484891109179
69 11 0.3300142555173931
69 12 3.6152026509658315
69 13 0.5121694512960446
69 14 2.237543489253101
69 15 2.2027263009304576
69 17 0.3278430261583533
69 18 0.9182712120360563
69 19 0.6899368330713133
69 20 3.309004982940534
69 21 1.5453724499728296
69 23 0.20027236053843941
69 24 0.017714533675787222
69 25 1.0906332417143483
69 26 1.1963951553986119
69 29 1.1628817171106702
69 30 3.3148325821590454
69 31 2.0737245503659882
69 32 0.8956640440358015
69 34 0.6450931864226417
69 35 3.357464313172509
69 36 1.0548776378333393
69 37 1.4173327208604265
69 38 2.1578020847871344
69 40 1.5279542609616512
69 42 0.11708958666079604
69 43 0.7151047311265224
69 45 0.1799538305631043
69 46 0.8399739127316811
69 49 0.3887045963798404
69 50 1.3113079451679275
69 51 0.14307796979613302
69 52 0.22002070446882596
69 53 2.3853050052102582
69 54 1.541004244063611
69 55 2.0705476250506076
69 56 3.9196589436628284
69 57 0.8054441445667102
69 59 0.2649776352469146
69 63 1.2159037296015425
69 64 8.992115374284445
69 65 1.4643690823429691
69 66 0.009270467103553804
69 67 0.23434134478735721
69 68 10.382304158005427
69 70 1.342022307690188
69 71 4.087040415924347
69 72 4.0909578998996805
69 73 0.31982441713966686
69 74 1.9505342960725764
69 75 0.5322578509768554
69 76 0.6868376958428102
69 77 0.742336327744276
69 79 3.534322651314304
69 82 1.048169809967674
69 83 2.352712368428322
69 84 0.803933631032695
69 86 1.1554738164644378
69 87 4.162661995954624
69 88 0.8255696279757203
69 89 7.121279024200189
69 90 2.3035833124494323
69 91 1.2197673527176518
69 92 1.1903401299011984
69 93 2.1459718000720267
69 94 0.7194733538944313
69 97 0.7268597453264511
69 101 0.9418958363978301
69 102 0.36055031584295316
69 103 0.8225152019173406
69 104 3.457300955753074
69 105 0.7394310574275614
69 106 2.335084494511965
69 107 0.7290576880721876
69 108 1.2220045205568
69 109 4.619072772967728
69 111 4.385720151618657
69 112 3.480396935836637
69 113 0.20783257529155366
69 114 1.8936580105791545
69 115 0.8805594985257573
69 117 1.0933263149155734
69 118 1.1166111166580928
69 120 0.6610549212588064
69 122 4.305035962628776
69 125 1.8491729352012671
69 129 1.435296107558678
69 130 3.7687463706070403
69 131 0.537626895585021
69 133 2.8224162909077166
69 134 10.052748508021892
69 135 0.8979402730091316
69 137 0.28569585904005396
69 138 0.12339688292931396
69 139 1.299345995188545
69 141 1.7853808296389666
69 142 3.054164958090156
69 145 0.24410286875500178
69 146 3.1343387916878607
69 147 0.22955473394509407
69 149 1.1682812836999186
69 150 2.3469089778293677
69 151 6.64666525869625
69 152 6.195165759779834
69 153 0.35024885490787405
69 154 0.6419837271202523
69 155 0.010130963937663927
69 156 0.05189799665419118
69 157 10.341416835485012
69 158 0.7163180333416381
69 159 0.15650596049526735
69 160 4.053073319466506
69 161 0.5981627249229609
70 0 0.7434400084509525
70 1 0.7910702833209099
70 2 0.02130924744143912
70 3 0.4878507383012022
70 4 1.138970983465782
70 5 1.0848126063097885
70 6 2.2829091826758185
70 7 0.5608480156276846
70 9 0.273587542812652
70 11 1.3576619571143036
70 12 0.857051882740765
70 13 3.1821831782406282
70 14 0.9681814331604937
70 15 0.8459789242147355
70 16 0.21866987016069847
70 17 1.6362898488017115
70 18 0.19355791791444488
70 19 1.0532524560026597
70 20 1.6876332936823302
70 21 4.496883752299961
70 22 3.245941181487264
70 23 0.0833158774899603
70 24 0.8233999124451539
70 25 0.230275155671509
70 26 0.9653836410012949
70 27 2.069936718136344
70 28 4.570841458193438
70 30 2.12558571256029
70 31 0.012124176332796043
70 32 0.275292479806008
70 33 0.63551846993214
70 34 0.3990422774525921
70 35 0.4335791129297389
70 36 1.3315477389990167
70 37 0.6089965936510563
70 38 1.5598263671300812
70 39 2.1369499177330367
70 40 1.4274465603325706
70 41 0.06880417960944304
70 42 0.05290149438078183
70 43 0.9047290054080378
70 44 0.11186640058253791
70 45 0.1652332220681058
70 46 0.10439129221405298
70 48 0.1593282380510753
70 49 0.01707890456228489
70 50 0.09412771623167192
70 51 1.4106680415264723
70 52 1.2713087139535895
70 53 0.9428007835583354
70 54 1.439250767908492
70 55 2.470701356076341
70 56 0.009038236007347553
70 57 0.823212344051503
70 58 1.322166092936481
70 59 0.2876928803390017
70 60 0.23093121845442377
70 61 0.5714704827771322
70 62 0.2800151304991032
70 63 0.026112524720617786
70 64 0.4972734952186568
70 65 1.8696805133505132
70 66 4.252268783971609
70 67 2.3214178078361556
70 68 0.48422839339805174
70 69 1.6093991920273538
70 71 0.11457294563798757
70 72 1.8252243037619935
70 73 0.10448524411932926
70 74 3.014779187942302
70 75 0.27870947795987955
70 76 0.17332866393509988
70 77 0.6411630058541093
70 78 0.7006666286773664
70 79 0.13089253465285686
70 80 0.2805392287926193
70 83 0.22565952630747668
70 84 0.2363233375666891
70 86 2.761698724046893
70 87 1.2270382088976501
70 88 0.3617373889953438
70 89 0.7432365038811893
70 90 4.4710998673070135
70 91 1.2500786145995866
70 93 1.87323502595661
70 94 2.755430237153245
70 95 0.006225582921951213
70 97 1.2837919013005872
70 98 0.33163332969825376
70 99 4.1809083811705285
70 100 0.03729917320855861
70 101 1.7109908999346626
70 102 1.4657648566783972
70 103 1.2642863909116278
70 104 0.25553208506695896
70 105 0.2934300410427312
70 106 0.8846787004268023
70 107 2.5386547893482416
70 108 2.804400770148207
70 109 1.8573287800356364
70 110 5.366238278299735
70 111 1.9955916294236593
70 112 2.005164598750561
70 113 0.4202982877978109
70 114 0.35648794039034426
70 115 0.3790157468855038
70 116 0.5349106848067908
70 117 0.008592395666812361
70 118 0.28516514664709497
70 119 0.5271598754187935
70 120 1.0217895770883434
70 121 0.6025950161723539
70 122 0.9632959961036115
70 124 1.6621884490267018
70 125 0.9334866333710644
70 126 0.06392294409017217
70 127 0.3208370086279528
70 128 0.1583299298117317
70 129 0.18253918267011054
70 130 1.4512058434253081
70 131 0.10683816234805821
70 132 0.4920755823991984
70 133 1.0145434601458219
70 134 2.5586963161848515
70 135 0.16351430412961165
70 136 3.2641194374286457
70 137 0.6859017001585564
70 138 0.8658531217220792
70 139 0.6785931740218217
70 141 1.1028339549013964
70 142 2.065327281876851
70 143 0.27075126569823293
70 145 3.1222546069507833
70 146 0.14897099665784455
70 147 0.24653708239177066
70 148 0.3748104294417851
70 149 0.02116262186077055
70 150 1.2161110338397991
70 151 3.528707070894306
70 152 1.5997216855838348
70 153 5.847609126628651
70 154 0.8455665921416768
70 155 2.7665320536905975
70 156 1.735616346161752
70 157 0.07923192458308898
70 158 0.00872633581736764
70 159 0.8202305580081869
70 160 0.6826668642879139
70 161 1.3616030363390386
71 0 0.08302445920741801
71 1 1.6620142774699371
71 2 0.8500548511717968
71 4 0.0063375137888188075
71 5 0.4248771229368401
71 6 0.4530340089867447
71 7 1.0231731467570868
71 8 4.211296461838682
71 9 1.530457258929289
71 10 2.4065620558052325
71 11 0.7293966708847285
71 12 2.3940098924313196
71 13 0.01619689075152026
71 14 3.7946018504007015
71 17 1.7370359808325955
71 18 0.2055294380013343
71 19 0.9365255674422686
71 21 0.2312575590067109
71 22 0.8565507895519723
71 23 6.319784798030507
71 24 0.3002346929389033
71 25 0.13479712094804724
71 26 1.534174913820835
71 27 0.08100395206436978
71 30 0.9253021989618394
71 31 0.08095332284617238
71 32 0.8711518129728837
71 34 0.6473563721775346
71 35 3.464957427388035
71 36 1.9475497654421834
71 37 0.7047057467579202
71 38 2.186169106394855
71 39 0.07417142025955478
71 40 0.7544057015639122
71 42 1.2986037318226014
71 43 1.4214056948937686
71 44 0.4568397850038928
71 45 0.015051312136945572
71 46 0.08034412098222919
71 49 0.004674052018314343
71 50 0.2926719964787488
71 51 0.5480821108229981
71 52 0.07522117330488035
71 53 0.28342542561847717
71 54 2.5653790420386855
71 55 0.22335409268965017
71 56 0.5094931347890697
71 57 1.121926208836817
71 58 0.22492069863652672
71 59 2.3064715975338648
71 61 0.26225562743654923
71 62 0.001256959687329531
71 64 1.7002524536971864
71 65 0.5860565197554457
71 66 0.004188440497344442
71 67 2.056540259783076
71 68 1.0908313876161422
71 69 3.097480784820252
71 70 1.5359192933600812
71 72 0.0011946846882733896
71 74 0.1483091535345723
71 75 0.39671554555796
71 76 0.4245062834785364
71 77 0.6015476999676924
71 79 0.8204905655912439
71 80 0.3090673036431971
71 82 1.0239824180489532
71 83 0.7703315403112969
71 84 0.8319219967577131
71 86 1.0682451126636319
71 89 4.014206952026507
71 91 0.6774092614823901
71 92 0.04736070601044416
71 93 2.5398218825888224
71 94 5.440207437423695
71 97 0.12311860203182116
71 98 0.04653942448290536
71 99 1.2151732373277622
71 101 0.5696887530474617
71 102 0.3179053857071972
71 103 0.10376394758431931
71 104 0.9751888827207448
71 106 2.676511424270518
71 107 0.29936822215088565
71 108 0.8402961319426756
71 110 0.12466596597062428
71 111 0.8253417383565104
71 112 3.443623171572061
71 113 0.071657543780199
71 114 0.9838569990575388
71 115 0.39308726817890405
71 117 0.04137293059850088
71 118 0.16986111644733326
71 119 2.079708542160514
71 120 1.5498783016710425
71 122 0.7390691264389309
71 124 0.6655778111993232
71 126 0.1304440077219219
71 128 0.13567678596989688
71 129 0.5912339324456675
71 130 0.7478863216025535
71 131 0.7684553110572128
71 132 0.6640978921372052
71 133 0.47938786875428524
71 134 0.1603020393703091
71 135 0.029108864745250134
71 136 6.4491446162176915
71 137 1.3867147735481211
71 138 0.037079906302674194
71 139 0.574205553055224
71 141 0.3994222880642872
71 143 2.076996975984482
71 145 0.23924230129697602
71 146 0.92042924547012
71 147 1.52668046869157
71 148 1.2082968138323296
71 149 1.248456794711162
71 150 1.598385330374108
71 151 1.6091636721799534
71 152 0.20139210983296169
71 153 2.1734514365030737
71 154 0.08319999714995817
71 155 0.02547936423289272
71 157 4.3878601197991225
71 158 1.3337749794707456
71 161 1.3726555656645538
72 0 0.08922892494445535
72 1 1.9996771781124763
72 2 3.0298471363011923
72 3 0.8373808834649193
72 4 0.6256943395927029
72 5 29.845274930608188
72 6 7.065451519574801
72 7 9.72581136527156
72 8 13.22081158924741
72 9 0.7366408035476735
72 10 0.3180650807359105
72 11 2.606726760840191
72 12 1.163744178832979
72 13 19.89312470783403
72 14 26.886713889697155
72 15 2.1765079446343734
72 16 2.2785672847812526
72 17 1.5001993739535198
72 18 0.8545731501371899
72 19 0.01347023179804172
72 20 10800546.237086631
72 21 1489560.6730946929
72 22 1.5667828068156233
72 23 1.0608477242126517
72 24 0.8739889606396135
72 25 1.0070928390907834
72 26 0.09871040359036579
72 27 0.7798843887339528
72 28 5.81531010338417
72 29 0.363570815656992
72 30 871567.6702422255
72 31 0.6554172771385766
72 32 2.499362334050449
72 33 4.45517983024314
72 34 0.6799082100169472
72 35 14.242340266705309
72 36 2.5579950951835007
72 37 0.9206221984359382
72 38 3.6856088826095537
72 39 16.229676300082346
72 40 2.160901403710055
72 41 0.3759223488027713
72 42 1.5943425488471148
72 43 2.9797476099505698
72 44 0.8544497417163609
72 45 0.39944129861113775
72 46 2.616262026949832
72 47 7.482918022362418
72 48 10.74068849719502
72 49 12.322019366373796
72 50 5.169781924154881
72 51 1.3670560192950052
72 52 3.6577555696376374
72 53 4.09184917011754
72 54 6.14190735656563
72 55 487.89566453169834
72 56 11.506261190531685
72 57 0.5308532611099115
72 58 6.803031934558477
72 59 1.0322318517051081
72 60 9.727527785270917
72 61 0.53052842304135
72 62 4.881630743680709
72 63 12.250884067475914
72 64 8.015928998330919
72 65 0.917679587534688
72 66 4.313512477801283
72 67 2.0561454626758002
72 68 2.9066751368198855
72 69 2.377468179426565
72 70 2.0862334338700497
72 71 3.1770948310936027
72 73 4.233649900300003
72 74 36046647.0957736
72 75 0.001771476652474719
72 76 1.241755221762534
72 77 0.3262832143991704
72 78 0.8493932811159922
72 79 3.6360312586864914
72 80 2.390461400617496
72 81 0.6616227805846577
72 82 2.2165754233976473
72 83 2.873286217941273
72 84 1.788472843890082
72 85 1.3443611874653532
72 86 0.49717099830435096
72 87 10.781295804946609
72 88 6.250631301387506
72 89 2.5542369864005394
72 90 1.946374111148211
72 91 0.3953243306440173
72 92 0.19860722529863667
72 93 463.3726797373347
72 94 0.60311867880463
72 95 0.23582611867949854
72 96 9.195080585066616
72 97 1.4287631520350896
72 98 1.1327767017046086
72 99 0.6242615869970783
72 100 0.32584309979434506
72 101 0.8051337290516422
72 102 0.5425035374543394
72 103 0.06865629113499684
72 104 6.564888063118437
72 105 4.547074403949172
72 106 2.759484256522786
72 107 0.43199811939393773
72 108 5.885749519426616
72 109 27.336228642386644
72 110 0.4899520480360005
72 111 4.294411684598926
72 112 4.322329847845654
72 113 0.7560893043874936
72 114 15.065279369813043
72 115 0.6736583317003986
72 116 4.008201071028639
72 117 1.0212239756476158
72 118 1.1840803955038137
72 119 5.552980277138432
72 120 0.813161001402585
72 121 2.555124211164519
72 122 757154.4377488637
72 123 0.9128778010975398
72 124 1.8517476999160765
72 125 759323.6579599453
72 126 1.7061395593238486
72 127 2.237680587888997
72 129 12.778111625254397
72 130 4.470616561210718
72 131 1.5638236959398752
72 132 0.923293341405347
72 133 27.24975905442161
72 134 14644191.357423158
72 135 2.499769516375485
72 136 8.159832062433455
72 137 213.16696937887053
72 138 1.7734511853718384
72 139 0.09358442299491077
72 140 0.4434732174343251
72 141 0.11997831510735465
72 142 9637966.814503241
72 143 1770900.3474434447
72 145 5.740769349859808
72 146 0.0591754853432375
72 147 1.6381501507269352
72 148 1.2318451894887734
72 149 3.2561353857099156
72 150 5.078457109833203
72 151 84.71005855122374
72 152 6758319.3888814
72 153 14.001605569190179
72 154 28884252.789872747
72 155 1.3831429808289535
72 156 3.5210948272644833
72 157 7.734354334146409
72 158 35.355046521397774
72 159 2.2089421375857
72 160 11926396.19374493
72 161 0.9336526435609284
73 1 0.218048929949688
73 4 5.580641580479312
73 6 0.3931889817189486
73 7 7.6482358146390625
73 9 1.072737892742444
73 10 2.407556523426334
73 11 1.646994826934434
73 12 0.2949253735564328
73 13 2.1368064570127614
73 14 0.23106393690563506
73 15 1.3174076912688006
73 16 0.9140046860146982
73 18 0.42296869774614076
73 19 1.8129285028689863
73 20 3.5674855339711886
73 21 0.3470681009839737
73 23 0.005321971587541651
73 24 3.441560423390439
73 25 0.3516026817993227
73 26 0.5341083283828678
73 30 0.7548808961325982
73 31 1.8654846316260032
73 32 1.6140699456889005
73 35 1.4259372982409555
73 36 2.7772240554656302
73 37 3.813533532294635
73 38 0.33284106597626284
73 39 1.118278099839548
73 40 0.02447179610846401
73 41 0.8416454759294902
73 42 0.203123780018082
73 44 0.09541900265928725
73 45 0.5477786851982465
73 46 0.9783087283932322
73 49 2.5049361417432667
73 51 5.092072720278316
73 52 3.2578212154779727
73 54 8.543262071724095
73 55 1.1033557813909873
73 56 0.025918257616954543
73 58 1.484282359840192
73 59 5.952922594777167
73 61 0.22030227962067842
73 63 3.557459031710798
73 64 0.9827004673479766
73 65 1.0671451391960964
73 66 0.708708307456888
73 67 0.19684188274119147
73 68 0.7080437901215144
73 69 0.16690910807030812
73 70 0.8083446132661587
73 71 1.3503065363441384
73 72 0.04721901939801717
73 74 6.486490092910448
73 75 1.5490338231386147
73 76 0.3697982151732144
73 77 3.1823168142779434
73 78 0.6638862144078964
73 79 0.9362683990666104
73 82 0.022228223965630626
73 83 2.6958272823645753
73 84 1.0229657717055023
73 86 0.7820096230537309
73 87 8.484304631059885
73 88 2.845072141171014
73 89 0.41136672129190494
73 90 1.1342974564752697
73 91 0.28744002636780175
73 92 0.2440499904452737
73 93 0.6983958750008152
73 94 0.9397187962234966
73 96 4.402023517404949
73 97 0.7419811079607851
73 98 0.8281776744832913
73 99 0.6945543151926502
73 100 1.676360538171575
73 101 0.1779519794057486
73 102 1.2395879303103803
73 103 2.0473964327078495
73 104 0.6090292735671243
73 105 1.525482734166477
73 106 1.7312909407237465
73 108 7.183518997184236
73 112 0.1695072279237453
73 113 0.6119732571130347
73 114 2.082711839875716
73 115 5.117084000241337
73 117 2.9872053995324785
73 118 0.0597668786431646
73 121 0.2788543651260586
73 122 0.2308618347320981
73 126 0.08554947754262035
73 127 1.1535283070530837
73 129 0.798790763170819
73 130 0.5414698836164599
73 131 4.25711723671191
73 133 0.6003613626525645
73 134 10.582168916457135
73 135 1.7406772127873271
73 137 0.2148007062660196
73 138 2.4551685648506894
73 139 1.2131032456595243
73 141 1.6721865316046873
73 142 0.7225378979968604
73 143 0.034275009986737145
73 145 0.7175338354842304
73 146 1.0835863497877765
73 147 1.75908082216491
73 148 0.35498569918014794
73 149 2.857578670993136
73 150 0.7837522763410034
73 151 0.3531244057180142
73 152 4.098088881380184
73 153 1.2911311588662078
73 154 2.938985188734846
73 155 0.4219787981328344
73 158 1.6641765722678354
73 161 0.1673277295860394
74 0 4.353543104063935
74 1 2.785966386355452
74 2 20.315057834091622
74 3 4.787457826262498
74 4 1.0057017738951066
74 5 7.523621214035195
74 6 3.069113061440365
74 7 12.020098698860116
74 8 30.632805815162452
74 9 1.156630499931334
74 10 7.724717579566778
74 11 5.492739512986897
74 12 0.2739299534408796
74 13 1.1993833758968382
74 14 6.731725231771579
74 15 2.9684605245488296
74 16 1.2223295756645751
74 17 0.24441738696198484
74 18 1.2324980197754014
74 19 0.7184801071548833
74 20 8236915.850136229
74 21 1254622.9173907903
74 22 6.15540229214498
74 23 90.5533882247539
74 24 1.9955680518936203
74 25 0.4404493704218992
74 26 1.7894365084883803
74 27 1.463479894405863
74 28 3.3613635180033175
74 29 0.8364166489042589
74 30 3363479233.9900503
74 31 0.9325153666518035
74 32 0.7000139209551381
74 33 8.93041121122548
74 34 3.3241111029677444
74 35 36.6541398795903
74 36 3.95880548687514
74 37 3.2762435126899705
74 38 1.023396771807941
74 39 35.47698541871855
74 40 13.874754655470007
74 41 0.2924343329394579
74 42 0.29744290419909053
74 43 2.0282671191782518
74 44 1.2080208532588046
74 45 0.9372336755898497
74 46 0.7030557601514398
74 47 0.8029706910476568
74 48 4.339697885001992
74 49 0.4084424866460641
74 50 0.24042145030066434
74 51 1.1680877712953277
74 52 0.8761467623920858
74 53 4.400469657976432
74 54 70.758391242566
74 55 1222.1677396075631
74 56 4.250372121997034
74 57 0.890381404548512
74 58 12.814489016312734
74 59 2.106713183266277
74 60 10.857799069246894
74 61 0.4167397638350027
74 62 0.8132317034751838
74 63 20.3822888107914
74 64 14.025676734825996
74 65 6.868598046740924
74 66 0.35191235077072264
74 67 2.025248817669603
74 68 1.682496709578666
74 69 7.514367380589149
74 70 0.5679642783664928
74 71 0.992905657015257
74 72 2.511550625164773
74 73 0.3450533041456816
74 75 1.4646830718242716
74 76 1.043135076005528
74 77 1.1438246867961424
74 78 4.167055662543156
74 79 4.670398588458172
74 80 0.7033940855721376
74 81 0.17972429982495694
74 82 1.0441659702726869
74 83 0.08329436368384428
74 84 1.101988528684124
74 85 0.5879702590381597
74 86 0.37417953976744045
74 87 87.71481339874438
74 88 2.446161053514311
74 89 2.2230765316053627
74 90 2.0575061132363546
74 91 2.700598182401848
74 92 5.103482595696411
74 93 53.051314844689216
74 94 1.4191102213840636
74 95 0.13600877983846185
74 96 10.11624729262844
74 97 2.204829922665765
74 98 2.031929259545504
74 99 1.112186376686962
74 100 0.219923794642402
74 101 1.0032065444618716
74 102 2.0052315982871987
74 103 2.0176027745367064
74 104 0.5870782263405432
74 105 4.077607296101131
74 106 13.071480053816337
74 107 0.6484552481803342
74 108 5.712353156844975
74 109 27.130480007431075
74 110 1.7528410717667775
74 111 3.688149460945197
74 112 5.24290560942734
74 113 2.483610259365617
74 114 1.4677012469908826
74 115 5.363405745427929
74 116 0.0634365948931629
74 117 0.29567102380311916
74 118 3.214203635226433
74 119 0.6400072412979417
74 120 2.361688683020888
74 121 4.294313271217539
74 122 3890904.826677177
74 123 0.23648132258938978
74 124 0.18568288130635047
74 125 1987840.4929083271
74 126 0.6993430523791042
74 127 5.038865173147045
74 128 0.13708108497020996
74 129 2.1422824556471984
74 130 0.8411179443184654
74 131 0.8637467518577946
74 132 0.8479045146674333
74 133 3.8670716028839855
74 134 871110.4215354893
74 135 13.648983269146244
74 136 10.702826239711325
74 137 144.09323482909286
74 138 3.0772099492959746
74 139 2.1672588704301563
74 140 0.18163159671827922
74 141 4.139746648619677
74 142 40876757.581492595
74 143 1585873.2970951449
74 144 1.1096455784016066
74 145 0.8789333236175179
74 146 1.6074046070342765
74 147 0.3933486131975708
74 148 0.963305313307082
74 149 0.38647239805775196
74 150 42.32008041911116
74 151 12.432111830040034
74 152 10178251.65352912
74 153 3.4701940581693598
74 154 210296512.5629881
74 155 12.847637076863188
74 156 0.23871739841353506
74 157 22.967733807059336
74 158 298.5306318840406
74 159 0.3270578851979277
74 160 4000232.9666494355
74 161 4.686673377706726
75 3 1.4899570267125142
75 4 2.5392684051103855
75 5 6.12237492668035
75 6 3.731596157915261
75 7 4.001634104657248
75 8 24.65495271521592
75 11 1.0424982996928005
75 12 2.180545653177205
75 14 8.60557157052185
75 15 1.7897032905027277
75 18 0.8952600051403627
75 19 0.9390705099806246
75 20 1.9711252010375837
75 21 14.547144348345286
75 22 2.653567645930867
75 23 13.110566483389126
75 25 2.2509507962647324
75 26 3.938794369758014
75 27 2.0441276559196506
75 28 4.699619013949301
75 30 7.396060110349896
75 31 9.60093511669399
75 32 0.7616775415604461
75 34 0.609339918776265
75 35 17.183440213727998
75 36 1.5148283307954884
75 37 1.0351505719121106
75 38 0.493362475035756
75 40 0.6901094452460212
75 43 3.298294494160256
75 44 0.05140505855327378
75 45 0.8082132668571529
75 46 0.3063580776140383
75 48 0.7164575936372156
75 49 4.964094032729781
75 50 1.0990066596642816
75 51 2.4245954098898137
75 54 2.310056268840302
75 55 13.372923791596625
75 56 9.398717849789811
75 58 9.711874401337852
75 64 1.6427754433036792
75 65 0.9811435330319562
75 66 0.4063703150234952
75 67 2.095866397885725
75 68 5.895696859917932
75 69 2.1531321082839896
75 70 1.0949103015758297
75 71 0.5601077791455623
75 72 5.900231620090843
75 73 1.1217193163502035
75 74 0.0859804039435069
75 76 0.5640500081529696
75 77 3.6724027879870595
75 78 0.26141536342937194
75 79 2.8718940237542907
75 80 1.6576204396227825
75 82 1.5241693422383986
75 83 0.08980038690128823
75 84 1.7500252677219341
75 86 0.5219280412363319
75 88 0.5109547163501014
75 89 0.5270238614667341
75 91 3.067461266674756
75 93 6.628856390764827
75 94 3.422107315686826
75 95 3.024808568881525
75 96 2.9414797349295463
75 97 0.7156841791317474
75 98 0.5783506666456224
75 101 0.9640085625598446
75 102 0.27982859307072144
75 103 0.20305331834396495
75 104 5.568908373483147
75 105 2.4289225047354632
75 106 0.872083954020096
75 108 6.471125499411747
75 109 22.528929688809388
75 113 0.29466059476391543
75 114 0.37398858830477066
75 115 0.26447922752024333
75 116 1.4332776435250787
75 118 2.5401294710249998
75 119 2.780552885428422
75 125 17.263685967200292
75 126 0.04727941075400844
75 127 1.0498760552140687
75 130 0.4050402941409066
75 131 1.9856811434388557
75 133 6.611957926473145
75 134 14.037252950166035
75 135 0.9976855967139818
75 136 1.1211604800378114
75 137 11.363674924299932
75 138 1.9272504788708689
75 139 1.355142927842406
75 141 1.7144875320862878
75 142 14.95992912895594
75 143 11.88292293170475
75 145 2.088523383137496
75 146 0.8537447251751729
75 147 0.8829198257149327
75 148 1.5945876098284217
75 149 5.19461828110826
75 150 9.751966547721366
75 151 2.016528188470178
75 152 0.6783942349698895
75 154 4.466355072948077
75 158 2.5440392985491194
76 1 0.2556393193875163
76 3 0.10239890929757069
76 4 2.7447872682351497
76 6 1.238566832865653
76 7 0.7706117784816985
76 8 2.627315920984718
76 9 0.7013397045459568
76 12 2.3702630921926504
76 13 0.9175252653839053
76 14 0.23427463605085647
76 18 1.0373464671518382
76 19 0.8661035377585871
76 21 1.84922600293
76 26 0.6637095296755839
76 27 3.8557296128871053
76 30 4.151928191588011
76 31 0.5724496409654021
76 32 0.1031227316820405
76 35 0.6119205143984401
76 36 0.6415038239371877
76 37 1.8233433254614322
76 38 0.7973157075264277
76 40 3.2395226607509433
76 43 4.424922554520924
76 44 2.8231430091508534
76 45 0.6800712836423688
76 49 3.308283493840432
76 51 0.8699358181823782
76 52 0.06824230369653257
76 53 0.30680383600114153
76 54 0.09684293190964573
76 55 2.5084987559407246
76 56 0.20911092283146004
76 57 2.7730012638132706
76 58 2.082504619145095
76 59 0.20238680242273668
76 60 0.12146706164666932
76 64 4.50350045694985
76 65 3.329232853687812
76 66 0.14275384920208556
76 67 0.4442913526492795
76 68 1.0783888748896941
76 69 4.218266112159172
76 70 0.8494491695314229
76 71 0.10830512230056945
76 72 0.05074515539855111
76 73 0.11830401054313128
76 74 0.6093621737220313
76 75 0.43063022109134486
76 77 0.6172546354469308
76 79 0.0934460573078448
76 83 0.027922624702426745
76 84 0.31439771061832444
76 87 0.7903749389627661
76 88 0.5383112282551998
76 89 0.1540754368843247
76 91 0.7298468056946212
76 93 2.5536315704542676
76 94 0.9177109598797714
76 96 0.8539703822059396
76 97 0.9870766312719449
76 99 1.6070343685716948
76 101 0.21848181885870138
76 102 1.043997959875668
76 103 0.4852821357587091
76 105 0.5633543551742902
76 106 1.7421286090791819
76 107 1.0237439466447849
76 108 1.4274984749748023
76 109 0.5233730877847325
76 113 0.31400475142827233
76 114 2.0247815085462477
76 115 0.4998174963079388
76 117 0.6839499094337309
76 118 0.5778010868882077
76 119 0.24636235445548532
76 124 0.27857034332775604
76 125 6.5537138823132715
76 126 0.6959812985166379
76 127 0.5216980913371717
76 129 0.6783133768322555
76 130 2.369577354702047
76 131 1.7828465977710892
76 133 0.8579531845050601
76 135 0.9951508456401457
76 136 7.76069638653228
76 137 0.19320692653544205
76 138 2.582814430214724
76 141 0.022459881113312066
76 142 0.9205209188458772
76 143 1.9927889876387173
76 145 2.7873984147588953
76 146 0.8330432676163961
76 147 1.0079979754465351
76 149 0.6471242883039036
76 150 0.0330318744999952
76 152 2.0876891222684053
76 153 1.0105133471098335
76 154 0.12253819875978536
76 158 0.6563057101532537
77 4 0.189195541306245
77 5 0.35034962847119316
77 6 0.16724550322555223
77 7 0.29362299686720245
77 9 0.12442521389232532
77 11 0.1966290566260806
77 12 0.7051216317953346
77 14 0.9610462122162468
77 15 1.1016170234516858
77 16 0.04372871873104729
77 18 0.10076543726605641
77 19 0.22266655798754942
77 21 0.8958743697239171
77 22 1.369615714376921
77 25 0.5158699853768214
77 26 1.0702749236488587
77 29 0.258088537017309
77 30 2.4010294928747475
77 31 0.014142947174025497
77 32 0.9601192674098414
77 35 2.333863944501981
77 36 0.1927342556439049
77 37 2.017459403271853
77 38 2.465689763263971
77 39 0.22073854322662073
77 40 0.9039081170895821
77 42 0.3985724156896865
77 43 0.2410243966741879
77 44 0.7633055806232304
77 45 1.084074895065625
77 46 0.19923363591881357
77 48 0.6664443471258013
77 49 0.5779476669885159
77 50 0.6937506516442712
77 51 1.5552507689943087
77 52 0.3609063171226788
77 53 0.337954985468474
77 54 1.0011747147009902
77 55 0.08404316901412844
77 56 0.4853218838040221
77 58 0.9159498630136181
77 59 0.8862070626819059
77 62 0.3893528582102125
77 64 0.724396513265928
77 65 0.07045615092400494
77 66 0.36332842547991423
77 67 1.089020690276867
77 68 1.3596407343508212
77 69 0.9592033165443119
77 70 2.494866444603405
77 71 0.49055727847191505
77 72 0.15017952274215315
77 73 0.03827505205725623
77 74 1.7372922312808898
77 78 1.5328922368214362
77 79 0.5629698340101178
77 80 0.4195324912411959
77 84 1.1819034153657006
77 86 0.02414115814155451
77 87 4.424954336888007
77 88 0.26409146838137104
77 89 0.3008732111575412
77 90 1.908850838551066
77 91 0.4606464626938182
77 92 0.22676730808585946
77 93 1.5247904377441168
77 94 0.7881636254686352
77 97 1.24766540484823
77 98 0.08974456380141013
77 100 0.984441990071038
77 101 0.7612110303288789
77 102 0.3722254135717818
77 103 0.2813442899566421
77 105 0.37054867791521945
77 106 1.2507697395243325
77 107 0.3775991141905379
77 109 0.8911498557892231
77 111 0.6008346873494332
77 112 3.66037996729809
77 113 0.7154495717238077
77 114 0.06416653290977599
77 115 0.993277174775186
77 117 0.06987204346717832
77 121 0.04936500359964446
77 125 0.22449411150147616
77 127 1.0893614185474125
77 129 0.15674617048923264
77 130 0.9198497195555521
77 131 0.14489868887810697
77 133 2.3194999834720704
77 134 3.3423337920225356
77 135 0.4934718157492467
77 137 0.601263984013665
77 138 1.6146513267273135
77 139 0.3222989496339896
77 140 0.33237398398827156
77 141 1.5413845969978097
77 142 2.494750617853343
77 143 3.7007929233853107
77 145 0.24665819401684674
77 146 0.1842045593058204
77 147 2.1032899387499224
77 148 0.4163646659268964
77 149 2.3171139118389408
77 150 0.0877022174337023
77 151 0.00466094740102593
77 152 0.25922345619109194
77 154 0.4241733089101793
77 157 0.8348116328749969
77 158 0.40709042610141677
77 159 0.0612883757827569
77 160 1.0278750959071874
77 161 3.6556610634991396
78 7 1.0390893566282127
78 11 0.4213894233789415
78 14 1.3505772304060855
78 19 0.1201686138324826
78 21 1.09186121577106
78 26 1.891945579839646
78 31 0.03624208742364023
78 32 1.540151594698986
78 36 0.6270845987652686
78 40 0.19766345237872207
78 45 0.2689247797358297
78 49 0.3176736429391059
78 51 0.34502984480247434
78 54 0.5393300190569161
78 56 4.887245477663231
78 59 0.09867501906639578
78 64 3.5484217913320686
78 65 0.20927789525414184
78 66 2.9052592942768753
78 67 0.6025857362877078
78 72 0.030776893668977862
78 73 0.07374632399845406
78 74 1.6905612598859545
78 89 0.06915773202435302
78 93 1.2874832156241127
78 101 1.2410822724034976
78 106 3.156486443914891
78 108 0.605401252301604
78 113 0.1755702953431034
78 114 0.8793043654417813
78 117 0.9280538267787424
78 118 0.1604453820208127
78 127 1.448529894172557
78 130 0.9702856809137645
78 131 3.7096757143958956
78 133 0.40134512849595305
78 138 0.1796096721068635
78 142 9.713121123278366
78 146 0.7322062648732066
78 147 0.25581759651637015
78 149 0.6475873228864928
78 151 4.03551721757016
78 152 3.0687371267633767
78 154 1.2840655599456055
79 0 3.615317926086873
79 1 1.7636875796541067
79 2 2.9565002887617386
79 3 1.2325568221613512
79 4 3.123985011350862
79 5 8.41385376472527
79 6 2.1055949654829105
79 7 0.9810853223423572
79 8 1.0471698778682945
79 9 0.4462322026104413
79 10 10.996247665572291
79 11 0.9945788737025781
79 12 0.4558725830692027
79 13 4.659338096943617
79 14 2.9572085472983227
79 15 0.04267587127757516
79 16 0.4722922658460207
79 17 3.707421913079631
79 18 0.6498130255662056
79 19 1.5167003254264666
79 20 199.90555753656642
79 21 793.5165245895585
79 22 0.1746242743177894
79 23 15.240691063244439
79 24 3.594356639652035
79 25 4.9041628207146735
79 26 0.7378834255340382
79 27 1.548707531329479
79 28 1.1267415035852453
79 29 1.638041951999999
79 30 989.7148900103494
79 31 5.911055861458946
79 32 2.3341335588471543
79 33 0.2636875728572804
79 35 55.34482431099444
79 36 0.10639233760228585
79 37 0.36492628539560307
79 38 1.0594568225879624
79 39 174.25087633387588
79 40 7.884611296525933
79 41 2.487953320480569
79 42 0.05156704614263482
79 43 2.176732197761342
79 44 5.088497091572805
79 45 0.48776672882506805
79 46 1.587135106374349
79 48 1.616685829977923
79 49 1.3109797569831136
79 50 0.3693315411228613
79 51 0.6154759777304502
79 52 1.6848149223589397
79 53 4.65369389645458
79 54 26.203472023001353
79 55 6.504501758564104
79 56 7.778957705566255
79 57 3.5299535403928095
79 58 3.847762492717847
79 59 1.6813506846733266
79 61 0.565110705934657
79 62 1.0822263186093364
79 63 18.686158130200358
79 64 26.407139174843127
79 65 2.0304590681490264
79 66 0.6381329318052
79 67 0.3264682202739871
79 68 2.7722783049944892
79 69 9.688661183334188
79 70 0.15290551766412067
79 71 5.443581765361591
79 72 0.4622699299783144
79 73 0.4043863998274967
79 74 638.9007620600058
79 75 1.2432983478948947
79 76 3.5397117562810996
79 77 2.6457525225424217
79 78 5.893859477423069
79 80 0.3790970982148292
79 81 0.30086416701984514
79 82 0.8257599567419702
79 83 1.8587282199943138
79 84 1.6652333775201689
79 85 0.14157207134766256
79 86 0.9869847142423898
79 87 33.38780274015664
79 88 1.029968505163195
79 89 2.1700561830888776
79 90 1.1204819678926423
79 91 1.7991097934953182
79 92 2.7823092436671812
79 93 144.0635605699523
79 94 1.90748864733981
79 95 0.3679943979027283
79 96 19.687648643291144
79 97 0.9471231545384886
79 98 2.105630001847755
79 99 11.579972322236333
79 100 2.327320322497001
79 101 1.3519515090119518
79 102 2.572604524706175
79 103 0.20170066681515803
79 104 3.8121101343257577
79 105 6.910806446668507
79 106 2.2289127183664146
79 107 0.9932149605015088
79 108 0.2765666086261732
79 109 19.521335950030338
79 110 3.12911087230383
79 111 4.790300067521838
79 112 22.576121842841903
79 113 0.2939125684834717
79 114 0.6906694635980233
79 115 0.003230200987269839
79 116 9.533823365995666
79 117 2.763201124982224
79 118 1.9964549625787065
79 119 0.1506179295522034
79 120 5.379027956612598
79 121 3.094102664570454
79 122 609.4947504552966
79 123 1.1969794404179281
79 124 0.013929370355799853
79 125 487.81623675702167
79 126 1.3145786300496423
79 127 0.12729126512013983
79 128 2.157541790098117
79 129 0.2616463788277836
79 130 2.1762093580062216
79 131 3.4232014181316335
79 132 0.9478940820557702
79 133 11.286125774147118
79 134 67.46924167847307
79 135 3.437524069924106
79 136 0.007440973667603458
79 137 201.884104827055
79 138 3.734581447502945
79 139 3.436856007750408
79 140 1.3986541996914024
79 141 0.7279066296637163
79 142 77.68002205685876
79 143 864.7146920824288
79 145 0.44522435799044735
79 146 0.03912837576722275
79 147 0.8865033133836044
79 148 0.04191310809956635
79 149 3.054212156517872
79 150 44.21835862202831
79 151 7.0355733000662735
79 152 1285.9559805934887
79 153 17.77963235440879
79 154 220.57728763396292
79 155 0.7381340850093213
79 156 3.7736349349617138
79 157 3.875894022816309
79 158 4.517253143496422
79 159 1.3441385033505875
79 160 1326.8351322859817
79 161 1.9585401207603124
80 1 0.9667246342711517
80 2 1.6982456450997214
80 4 0.9896456703383535
80 5 1.8540283010238559
80 6 0.4259182685662219
80 7 5.87244531579676
80 10 4.05679744708218
80 11 3.164233055788165
80 12 2.013977774205269
80 14 6.493892972950426
80 19 0.8344888394136302
80 21 8.783304719830507
80 22 1.5656154449775719
80 25 5.106652855027319
80 26 3.8466095138377376
80 30 0.6699879171336006
80 31 1.8871543265269526
80 32 1.3598985366628256
80 34 0.20510933759058153
80 35 1.928101143771667
80 36 1.3299166973750103
80 37 2.1588906875241656
80 38 0.7760599740526023
80 40 1.7814232283488287
80 42 0.7774494701194871
80 44 3.320469683916323
80 45 0.06991941499575988
80 50 1.5701209630011441
80 51 0.6632554683546744
80 52 0.7302521183194591
80 54 6.9826129822524425
80 55 12.185713469338832
80 56 0.14812192783799863
80 58 1.7165088108361672
80 59 0.06701315017523025
80 61 0.024915432503881264
80 63 6.642361989531773
80 64 11.389073662407604
80 65 0.22112916097905858
80 66 0.18846547313574843
80 67 2.680941559303697
80 68 0.29313488092133855
80 70 0.07833016346012227
80 71 1.8243321279796096
80 72 1.7615857851339942
80 73 1.6801715908986836
80 74 16.617106037593228
80 79 1.3188558435070397
80 84 0.027639610352101877
80 89 0.5964292356272334
80 93 3.9021347601535736
80 94 4.458542748462596
80 95 0.6759233353890698
80 97 0.10301539187369742
80 98 0.07964740597102903
80 101 0.426893433076847
80 103 1.9328075233708675
80 104 0.5952638619718342
80 105 3.261023855214707
80 106 7.858415818652315
80 108 1.5024195367454898
80 113 0.220380205282726
80 114 2.506519120817928
80 115 0.3156507212235167
80 117 0.0820512113653891
80 118 1.2256220530235669
80 121 0.806945149153054
80 129 2.5228800338769175
80 130 2.3852700518318235
80 131 0.14514082951676638
80 133 8.001272196942995
80 134 9.220313404934911
80 135 2.2870331001318824
80 137 3.4641024054949194
80 138 1.266227524182065
80 141 4.220891011001635
80 142 1.5635805105845917
80 147 0.633421923466865
80 149 1.8244485757242654
80 152 6.904310083186937
80 154 52.04684826384606
80 155 0.9557704184016681
80 157 11.297470942636652
80 158 5.683367646852688
81 6 0.07464383697743893
81 7 0.10155874336497386
81 11 0.9692117644155035
81 14 3.404447137949953
81 26 0.04310863578425155
81 30 0.0414556485808139
81 31 0.7935526610233704
81 32 0.11983178608749348
81 37 3.663898597603704
81 40 0.2676351862883024
81 44 0.1174681497463004
81 45 1.4136532828206145
81 49 1.6819232297282836
81 54 0.10848273120242789
81 55 0.06781492307318084
81 64 2.7870018460724744
81 65 1.121283480406928
81 66 0.3222169387935164
81 67 0.6459150144465855
81 68 1.6629567674289523
81 70 0.3339702720848346
81 72 0.7900386189669403
81 73 0.5370051644256338
81 74 0.47187345830265354
81 79 2.293626131186796
81 84 0.1897591782821448
81 87 0.28652194643831697
81 89 1.8628854661271805
81 91 1.5905621818090432
81 93 0.8005526718416028
81 101 0.01167429021882083
81 102 0.1977825912790483
81 114 1.682642452657124
81 115 0.9081482084547368
81 118 0.9228460408920856
81 130 0.2408744629892255
81 131 0.4523872089057096
81 133 0.9724983771031409
81 137 1.8939252418848547
81 138 0.004186331273753215
81 142 1.0770688233415302
81 146 0.06558558631187264
81 149 0.20036770681118493
81 152 4.291016901998898
81 154 0.0010650234619499742
82 1 0.11708883019399821
82 4 1.243932952774573
82 6 2.004289154222777
82 11 0.3686906520461055
82 14 2.4433890926997353
82 19 1.1724949831332234
82 26 2.13170450960273
82 30 2.3092989232094197
82 31 0.24093164694131886
82 32 0.9360799538451524
82 38 0.012362574116627037
82 40 1.3266322641746124
82 45 0.05520016476995442
82 49 1.9291109303189393
82 50 0.1567183050488013
82 51 0.15127816846670344
82 54 1.1823280539910492
82 56 0.544310348444925
82 64 1.355068523266384
82 65 0.5576102934309438
82 67 0.01494778020253295
82 68 1.1679233296481626
82 70 0.4298784160357632
82 71 1.5616502072500273
82 72 0.3491916147677894
82 74 0.34223338151338073
82 79 1.8492393349457152
82 84 1.828363609113273
82 89 0.5183033773933633
82 94 0.3065342860934002
82 98 0.06907632866811866
82 101 0.2937961861529922
82 102 0.348187788765299
82 106 0.7260444120489514
82 108 4.296871358030683
82 109 0.6780266303895055
82 115 0.7732509258920541
82 117 0.09294950505652934
82 118 0.0570837119472258
82 129 2.713340494659272
82 131 0.9918859090583079
82 133 0.43833483615248714
82 134 0.03756917081196089
82 135 0.2298745044766607
82 137 0.07660955167410641
82 138 1.4197814418274306
82 141 0.2540049956411778
82 142 1.3090089037213946
82 145 0.8480087596436738
82 146 1.1177530042069475
82 147 1.6675270583151214
82 149 1.5099487128286997
82 152 2.0801311389018196
82 153 1.3996790944626223
82 154 0.9565821065237257
83 0 0.007579073129431415
83 4 3.7913858560132985
83 6 0.745876657405827
83 7 0.33924391701017736
83 10 7.573409348559494
83 11 7.49765901972491
83 12 1.1528991437189975
83 14 7.823019242403572
83 15 3.6333393489585957
83 17 0.6266569728661064
83 18 0.07110079632072185
83 19 1.0500003358131318
83 21 2.436055015778051
83 22 0.36155579676754
83 25 1.8597681643629396
83 26 1.4907193576201654
83 29 3.5117527538877584
83 30 0.04559420673205401
83 31 1.0622685824172615
83 32 3.5538915858491595
83 35 1.540744329327347
83 36 1.512697728277316
83 37 0.18929552314965864
83 38 0.752828329604417
83 40 3.5035154643179225
83 44 0.01372993713467976
83 45 0.04248406616497874
83 49 2.8089954671581476
83 50 0.04699001852658301
83 51 1.3485112661552787
83 52 0.9323169700916272
83 53 2.621135174762643
83 54 1.1373655634902673
83 55 3.2635771046301603
83 56 1.742771060855402
83 57 1.61210280742339
83 64 1.9987713859222143
83 65 1.8786891091930982
83 66 0.34177987268210486
83 67 0.10092220271314557
83 68 4.520822443941237
83 69 0.0005170996398698347
83 70 0.8443003433285503
83 71 4.400165353828099
83 72 1.5437010312868311
83 73 6.208350979309745
83 74 0.3780762547084518
83 76 2.278095414256482
83 77 0.4833297881131272
83 79 1.2097016234676494
83 80 0.23991698652627375
83 84 1.0866410726017801
83 86 0.39504105065204603
83 87 7.564967059596938
83 88 0.04687698294554347
83 89 1.7558142386230302
83 91 0.23220683610025136
83 92 0.18879121499761153
83 93 1.4217699189609323
83 94 1.0037350691957343
83 97 2.0534572921502026
83 98 1.3306020339004492
83 101 0.5758293244803008
83 102 0.33295881739329886
83 103 0.34316022356687675
83 104 0.48674411743463536
83 105 1.9413503865097987
83 106 6.148245079486364
83 108 2.4948725968261267
83 109 0.9663488652186935
83 110 2.1356761002996167
83 111 0.4890955638449094
83 112 5.800169043257481
83 114 0.1766906467210847
83 115 4.382479049114446
83 117 0.2841281026240052
83 118 0.34583575379464926
83 119 2.6719175269368742
83 120 0.27283604908205145
83 121 1.2022793580195545
83 122 4.494812987696283
83 125 9.348745055210633
83 129 1.1179879417677
83 130 0.7885213361250565
83 131 0.4036180146268589
83 133 2.1293755797879252
83 134 0.20472577038123657
83 135 0.5768114743441329
83 136 0.8911434892490909
83 137 0.5835204627501472
83 138 4.040308070629791
83 139 1.7844939503701807
83 141 0.7321649622775318
83 142 6.403127146154761
83 143 0.5696652053239766
83 145 3.646023306717246
83 146 0.7006629914228253
83 147 5.8387515245837545
83 148 0.5763334188930515
83 150 3.8672135124193785
83 151 4.850219803561238
83 152 7.303642784805284
83 154 0.5744677245297303
83 157 4.490346819387675
83 158 3.514226582910352
83 159 1.4524149462223195
83 161 0.8769037680641637
84 1 1.5062996407213916
84 2 0.8391485773429049
84 3 0.4542167576683567
84 4 2.1963930474802424
84 5 1.4556725598099098
84 6 1.493008476420554
84 7 0.5384663061182057
84 8 0.687119898899695
84 9 0.646028700755552
84 10 0.06766108718546018
84 11 0.18691565188917109
84 12 0.5586195577794142
84 13 0.7744895069565754
84 14 6.923044733307425
84 15 1.4798880269086754
84 18 0.12493746536959585
84 19 0.9115979227002327
84 20 0.36332370514838414
84 21 1.5103221092085353
84 22 0.1485150903736723
84 23 1.2615700317790786
84 24 0.16704792485307773
84 25 2.4974935227923423
84 26 2.3322439807378728
84 27 0.3585061728957086
84 28 0.10829644506239856
84 29 0.11873433971485114
84 30 3.737516125481136
84 31 0.17521716052704683
84 32 0.8785945214018531
84 34 0.5625499372917669
84 35 1.1650222685439156
84 36 0.263900519859863
84 37 0.024050509729676522
84 38 0.5460094673868735
84 39 0.3024422845841023
84 40 1.9938783197759251
84 41 0.6836469859860683
84 42 0.8252335379663732
84 43 0.7774119192273099
84 44 0.23378746381872442
84 45 0.3281358639142509
84 46 1.1768578038249142
84 48 1.2446821584266266
84 49 0.26144786694732686
84 50 0.9744705648838949
84 51 0.1398972281084179
84 52 0.6925483829116892
84 53 0.501562712211731
84 54 1.2461940434553627
84 55 0.037548663332512375
84 56 1.5554589522167062
84 57 0.22191598675629817
84 58 0.3951311794099314
84 59 0.38575639390101857
84 60 0.9467427513074776
84 61 1.0712794322487935
84 62 0.940337838854897
84 63 0.2728999080607609
84 64 0.5296642691734261
84 65 0.977303634840214
84 66 0.15986225168785975
84 67 0.8261083568670475
84 68 2.951244478475107
84 69 0.9355559892694805
84 70 0.8043807663934363
84 71 0.6214567719734508
84 72 0.49071581912098367
84 73 0.48505088636097177
84 74 0.6970681939318336
84 75 0.007781652697621077
84 77 0.1185599188244817
84 78 0.24536478069997766
84 79 2.0237961735582166
84 80 0.8904344446798637
84 81 0.11470353137054774
84 82 2.067621079494454
84 83 0.5706039005404641
84 86 0.21671316741586466
84 87 4.515121562753378
84 88 0.8858224383139625
84 89 0.21068233096068548
84 90 1.9207588271827203
84 91 0.12188235156896599
84 92 0.12214317121840722
84 93 1.0222463098324965
84 94 1.0481452331259464
84 95 0.34361605611532264
84 96 1.3935492438411483
84 97 0.464906270136082
84 98 0.7883442391900367
84 99 1.7344533718941944
84 100 0.8174229499758638
84 101 1.051418095037811
84 102 0.09829248171606936
84 103 0.3206647759369793
84 104 0.3600940978844326
84 105 0.31447915868648074
84 106 0.6294556869619786
84 107 0.5343425810836846
84 108 0.14250924356059058
84 109 0.012212647296712061
84 111 0.2386552968790312
84 112 1.709500433489079
84 113 0.23297485535258458
84 114 1.2261585787807412
84 115 0.4208941145137106
84 116 0.5584788134697618
84 117 1.0227288703799238
84 118 0.6857745558767543
84 119 2.4307853343953076
84 120 4.095754603408184
84 121 0.15866283895103825
84 122 2.232076416722787
84 123 0.6404087994097845
84 125 1.352110160159489
84 126 0.9998101874624511
84 127 1.9721549615187133
84 128 0.2759719729321419
84 129 1.2860802802854698
84 130 0.4652048333776767
84 131 0.17120247000593883
84 133 2.9528665150890387
84 134 0.4050015109427713
84 135 0.24430986246322908
84 136 1.1147648263433698
84 137 0.5811734120498814
84 138 1.7873098428048837
84 139 0.7472612344834767
84 141 0.19773594834331915
84 142 3.0029806805846913
84 143 0.17624724960806268
84 144 0.09682241726802099
84 145 1.5171128309000774
84 146 0.1450301527777825
84 147 1.7065218425856012
84 148 0.2066258082022726
84 149 0.20368153087566113
84 150 0.30890681388710334
84 151 2.1030632008371803
84 152 1.0874154280322283
84 153 1.0427363894199508
84 154 6.800563208123236
84 155 1.743667654375951
84 157 0.07326359078951106
84 158 1.2456478687349863
84 159 1.2191835839496914
84 160 0.5979804294669471
84 161 0.6835895170749668
85 1 0.633167033948965
85 6 5.042959092890926
85 7 2.260176527288907
85 11 0.5739820582144108
85 14 0.002314455146047812
85 18 0.616807467761473
85 26 1.2577801827164128
85 30 0.5335441298257079
85 31 3.206829050381686
85 37 0.0037314295130529487
85 40 1.4238206688397534
85 45 1.6334892674132009
85 47 2.823828992389549
85 49 0.9657853645985768
85 50 1.6440785080653044
85 51 0.7671854891151516
85 53 0.04186927462821591
85 54 1.2190266281883977
85 56 4.8885421987338695
85 64 0.03268141379460832
85 65 0.40550955717329845
85 67 0.44669427299449366
85 69 5.275437089645845
85 70 0.13148579980892053
85 71 1.4760716076324654
85 72 0.3471644413920049
85 74 3.7952257304500425
85 79 0.24371815170499958
85 83 0.03416276741925114
85 84 1.0617928791678062
85 89 1.1474091023278783
85 91 0.5029851517233662
85 93 2.9347754028073734
85 101 0.803498600461273
85 102 0.7250213381726193
85 103 0.9368712967245402
85 105 0.07657615658317261
85 106 1.2855853306662892
85 107 0.6284962741723872
85 114 0.6094678995661128
85 115 0.351370904468054
85 117 0.2628626101657906
85 118 1.4156239038777998
85 125 0.20769882232728942
85 128 0.9287967602991287
85 129 0.10668892819435558
85 131 0.214578707786794
85 133 0.9868834631328885
85 138 0.048467637073304724
85 142 0.3366859124726143
85 146 0.06120259325423999
85 150 3.031101564297706
85 152 1.8424903138851252
85 154 0.0247033321342643
85 157 0.003241488870157852
85 161 0.48903960574683353
86 1 0.5411692378388478
86 4 0.46847280684305287
86 6 6.034869360365
86 7 2.1819107042834247
86 9 0.1893271552410526
86 11 0.17332827927224517
86 12 2.883623017181054
86 14 3.6807116030788363
86 15 2.081414463282863
86 19 0.38600308497682223
86 21 0.83609800861313
86 22 1.6077839636424867
86 23 0.449158099788562
86 26 1.572243089641341
86 27 0.0710862948869419
86 30 5.458057948417107
86 31 0.12892204608811214
86 32 0.4696183921124944
86 33 0.29813852492851844
86 36 0.12293006283717195
86 37 1.7819273375590994
86 38 0.8170622226077306
86 40 0.5012777484307023
86 42 0.6059751847400705
86 44 0.08661027834503988
86 45 0.1907000502129414
86 47 0.12182155146553969
86 49 1.083682665150458
86 51 0.352150593008002
86 52 0.3533686581192239
86 53 0.49083441239100095
86 54 1.922432361674755
86 55 1.1159965258022497
86 56 5.457725409006365
86 57 0.33377928239147925
86 63 0.3723430774406027
86 64 0.3295608777713577
86 65 0.3881113277614392
86 66 1.001861864632843
86 67 0.25011776380653833
86 68 4.562494138777077
86 70 2.1527909547197672
86 71 1.0625268091043947
86 72 0.33237417827844634
86 73 4.153400840056232
86 74 1.0226347358508672
86 75 0.39313737842214014
86 76 0.7582387128272997
86 77 1.5910200128974048
86 79 0.3822433353663448
86 83 1.0464292676321376
86 84 1.0873001804709888
86 87 4.341090503433606
86 89 1.5037542757424207
86 91 0.40129054588942714
86 94 2.453507078132658
86 97 0.4026230174399027
86 101 0.03037384351028022
86 102 0.8387405097574953
86 104 0.26440443102272343
86 105 0.304619380477102
86 106 3.3523461603866984
86 107 0.1085939424233998
86 108 0.15412759921795524
86 109 0.5457207063361559
86 112 2.0055692151585847
86 113 0.406197996768321
86 114 0.07594028701229687
86 115 0.08405448073922353
86 117 1.1174767332219981
86 118 1.5677494038261515
86 119 0.22900203660093768
86 128 1.5432244155901178
86 129 0.9279314458287284
86 130 0.6192596826923721
86 131 0.05096468132382052
86 133 0.6078007054450005
86 134 2.7415644130227643
86 135 2.5925408527995404
86 137 0.050703026250729394
86 138 2.388052241208817
86 139 1.0836283402416602
86 140 1.1144909002736862
86 141 0.39040075056034207
86 142 1.3558830066962957
86 145 0.2951767175107589
86 146 0.7285889294686834
86 147 0.3668167345261207
86 148 0.058405258586268306
86 149 3.2487582278646743
86 150 4.290947468019729
86 151 0.44616145996125933
86 152 3.128366043507578
86 153 2.9125232718593255
86 154 0.815038922041174
86 157 2.572299370641376
86 159 0.7052872968650417
86 160 0.40060222098291676
86 161 0.05022059929755959
87 1 1.3582236280364632
87 4 0.06126365045745557
87 6 7.685161070018033
87 7 1.0556963713494594
87 9 1.9401081242474902
87 11 1.157245081907563
87 12 0.6794551599408986
87 13 0.47930476174215064
87 14 9.316200378483032
87 16 1.1467670788657807
87 18 0.3322961787673386
87 19 0.17518797566883104
87 20 9.521865177829218
87 21 10.155604120134837
87 22 0.016977739021591377
87 23 11.344714028094401
87 26 0.6712827277085571
87 30 1.6924863707063347
87 31 0.6814357760752231
87 32 8.819271849781925
87 34 0.18864148008881332
87 35 3.7116875515945975
87 36 1.0627603751321157
87 37 0.8776548397683347
87 38 0.18886277861494244
87 40 3.5898856145403912
87 42 0.9647447835882659
87 44 2.3210991718853973
87 49 16.33146554492425
87 51 0.6379891487445944
87 52 1.3362431758419193
87 54 2.4348131805399005
87 55 4.367751672012877
87 56 8.668949085303494
87 57 0.4809100893194159
87 58 2.4799421118105065
87 59 1.878705213536115
87 64 2.391414721641173
87 65 3.047561521799689
87 66 0.08746009212142626
87 67 1.5226615905267908
87 68 1.9650208754889913
87 69 0.1836753252806648
87 70 0.3974319832218942
87 71 1.9164288723663165
87 72 4.539891162495509
87 73 0.053649882871962
87 74 7.4833381447800225
87 75 0.2523558155107477
87 77 0.09531044260815065
87 79 0.5199777339552873
87 82 0.34178210378089163
87 83 1.341023364696016
87 84 0.08361527144170752
87 86 1.6212575476154627
87 89 0.09487662076273583
87 90 0.08032588046513166
87 91 0.4811576424032022
87 92 5.366019296672103
87 93 1.5759493898506363
87 94 0.9206442147123822
87 97 0.2694581089554241
87 101 2.1738056110241595
87 102 0.43853191011583575
87 104 0.18016186271056941
87 106 0.627654778041359
87 107 0.07995439889069225
87 108 0.2516142878499438
87 109 3.507601193663767
87 111 0.4459356194937227
87 112 2.943285556492868
87 113 2.753425021811244
87 115 0.3731698471684316
87 117 1.3031995780433303
87 118 0.7300476415688513
87 120 1.2706804458163
87 121 0.9883306452803762
87 123 0.02242627915531327
87 125 5.049061968598809
87 126 0.5134684521640066
87 129 3.585122516905144
87 131 1.2680545458948402
87 133 22.40427259275493
87 134 0.8322866291844109
87 135 2.3383098951590573
87 137 0.2388515763292974
87 138 2.5106519296508907
87 139 0.0866168708709411
87 141 2.340850303701722
87 142 6.322091066180088
87 145 5.77185844724114
87 146 0.01239372088165496
87 147 3.6238721054112415
87 149 1.4276067219761424
87 150 0.6629294764552794
87 151 2.3446454250611954
87 152 11.371598230104075
87 154 3.7654939995663255
87 157 1.0557955684132456
87 158 8.773679068634113
87 161 3.5292416565845306
88 6 2.0630537859377296
88 7 0.31720288765398724
88 11 1.0359453688955291
88 14 0.8566713485584808
88 19 0.10777367357658406
88 20 1.897018384879315
88 21 0.716597069578877
88 25 0.0548574843244627
88 26 0.26237702014999215
88 28 0.11455798830230332
88 30 0.7834942553771576
88 31 2.7055054774834093
88 32 0.36927935927368966
88 35 0.8407216006934324
88 36 0.3548385249202418
88 37 1.5250238694997549
88 38 0.05907055492850332
88 40 1.249959069604441
88 43 3.673244175100012
88 44 0.7076730356590194
88 45 0.0703274273704532
88 49 0.24651253296535156
88 51 0.21637570873690828
88 52 0.5204972144823217
88 54 1.3883875027716799
88 55 1.8688084825154128
88 56 0.2824436401056123
88 58 0.16810512174413703
88 64 2.245170733101336
88 65 0.1781299403247058
88 66 0.4282069109438095
88 67 0.09481092509897068
88 68 0.24341398797937513
88 69 0.21622977469324584
88 70 0.18310444662786876
88 72 2.2149332173568235
88 74 0.2501126871328449
88 75 0.23499485214841986
88 77 0.598290480371522
88 79 0.6328755288928324
88 80 0.46107474156276973
88 84 0.2359443171010449
88 89 1.5393442880956578
88 91 0.8538955834186166
88 94 0.948075519278601
88 101 0.8341162752220385
88 102 0.9020963666441645
88 106 0.5269143947262931
88 107 0.011245495728659701
88 112 1.320462104294237
88 113 0.16090386419621786
88 114 0.1104283226902226
88 115 0.46105456660098587
88 117 0.1059869451913957
88 118 0.3176846279847221
88 125 0.13988487502140645
88 126 0.46509901660878816
88 129 0.045190937533679164
88 130 2.3881568697470286
88 131 0.6127482071758907
88 133 1.7356420936043344
88 135 1.208726750713123
88 137 0.0703595318755976
88 138 0.06722018671482587
88 141 1.0510508631700983
88 142 0.0945736598653916
88 143 1.495958585812418
88 145 0.8749263544473678
88 146 0.10346741840996451
88 147 0.2469378647631262
88 150 0.6462922148261278
88 152 0.6414611687486804
88 153 1.0345819063837807
88 154 0.2085725210362725
88 158 0.11726963446026048
89 0 2.4303518053241375
89 1 1.1549541835542159
89 2 1.3555857213186453
89 3 2.7359113103960944
89 4 0.8731823887377976
89 5 0.4891341901105488
89 6 0.3733733260929991
89 7 0.11566356306304257
89 8 0.7064096024644274
89 9 0.5165729322816013
89 11 0.9487754529017167
89 12 0.4008277965784917
89 13 4.541652489565638
89 14 0.28097243390300225
89 15 0.6577134993549328
89 16 0.07543676686488635
89 17 0.6767348781916704
89 18 0.4091476878225891
89 19 0.5791730063558886
89 20 0.1639431789642596
89 21 0.20118393749996777
89 22 0.4931963886876378
89 23 1.5028291198848835
89 25 1.9660976353394193
89 26 0.1290370045572977
89 27 0.29821207690407786
89 28 2.3249951082825278
89 29 2.271048134119546
89 30 0.8119468559386662
89 31 1.0016606595139839
89 32 0.1586014359318944
89 34 0.2040506618305265
89 35 2.4994562803515543
89 36 0.5977299235206184
89 37 2.319099111302872
89 38 1.0004853435140504
89 39 0.8930712883108539
89 40 0.1308045193899911
89 41 0.20868226019827232
89 42 0.005083931957079966
89 43 0.7168447166445212
89 44 1.1745704015332685
89 45 1.286382119194383
89 46 0.11619131764554853
89 48 0.38385081752601824
89 49 0.07225360293054024
89 50 0.5417003422380585
89 51 0.27801369033091594
89 52 0.14365243702998903
89 53 3.6227282251765875
89 54 1.1150317625965696
89 55 0.33428836704664755
89 56 0.5335719890678416
89 57 0.250576003970216
89 58 2.7205365082143667
89 59 0.30501144258969215
89 61 0.04210252313271376
89 63 1.7384632887424556
89 64 0.6270999902342622
89 65 0.1665337963123323
89 67 0.6869863817946784
89 68 0.25815963843038725
89 69 2.1513591476779883
89 70 0.7291621445318863
89 71 0.4024061939917786
89 72 0.3415355037573947
89 73 1.0115021609451784
89 74 1.0375010310687776
89 75 0.009598809476592352
89 76 0.401501664347553
89 77 0.5454779105500723
89 78 1.0435898552285672
89 79 0.6125130786559241
89 80 0.7978108288158487
89 81 0.016810095273282005
89 82 0.3864214465523754
89 83 1.0778731068226688
89 84 0.1600042931467443
89 85 0.13570960493014572
89 86 0.11457089203448367
89 87 0.16131615262663498
89 88 2.1440790344825036
89 90 0.7881443394827099
89 91 2.810037184111587
89 92 0.005179050517529144
89 93 0.8585661603243083
89 94 0.38624484577328894
89 95 0.05774051216876218
89 97 1.1186225058295742
89 98 0.12303571226229762
89 99 0.13692755504790208
89 100 0.9012909024214532
89 101 0.4432746444408046
89 102 0.36431782170722443
89 103 0.7445312216397233
89 104 0.005433013328789954
89 105 0.6308897301689231
89 106 0.23807038303354106
89 107 1.0159187765728717
89 108 0.3826709432954433
89 109 0.5995518915309249
89 110 0.8245449619726237
89 111 6.7432091275119515
89 112 0.7669878388658591
89 113 0.04726774545862757
89 114 0.17754536111130476
89 115 3.3835549771181994
89 116 0.5116543216385376
89 117 1.7010412892080744
89 118 0.046623202315428804
89 119 1.0234493402031675
89 120 0.5038108746692918
89 121 0.60692700933963
89 122 0.34456155844903097
89 123 1.0886935882301927
89 124 0.4202547222834036
89 125 1.2916033410190213
89 126 0.7421816495004637
89 127 0.14030236637898397
89 128 0.3856001607522756
89 129 0.7929723340335648
89 130 2.1029651310968007
89 131 0.30926072133196086
89 133 1.9218432949842599
89 134 2.060148933449384
89 135 0.993256658133178
89 136 0.003160536745297174
89 137 1.7091332546035762
89 138 0.9176801382054361
89 139 1.60919332695664
89 140 0.018842303387531775
89 141 0.6693345099813937
89 142 2.2110107372029386
89 143 0.43000381840135216
89 145 0.20839321808219793
89 146 0.7473194121777015
89 147 0.1609352935114675
89 148 0.08961421563851342
89 149 1.072886242948331
89 150 0.13340449414418643
89 151 0.03827437892374969
89 152 0.16216191014908543
89 153 0.45259575444612316
89 154 2.4427781431127373
89 156 0.1272806822438927
89 157 3.0308852757601925
89 158 1.8994340974075614
89 159 0.1470187962877883
89 160 1.5637003760142618
89 161 0.09540792163773038
90 4 0.09973191456135391
90 6 0.8057964927870246
90 7 2.6237983552609627
90 11 0.9217634628819493
90 14 0.9991403291315823
90 19 0.4271883146397586
90 20 4.064462574442942
90 26 0.575057631749824
90 30 1.5460968367535282
90 31 0.08917194810512523
90 32 1.0628646880002963
90 35 2.9423609333639025
90 36 0.2666538926666321
90 37 2.8430624162931397
90 38 0.5176560383661759
90 40 1.4292473742744451
90 45 0.3358941228829439
90 46 0.16315854514472297
90 49 1.9769891486387485
90 50 0.2654561056327507
90 51 0.08743494753550424
90 54 1.0674177108507568
90 55 0.2764479390927249
90 64 3.4917752220807996
90 65 1.8924150511740494
90 66 0.871741905209573
90 67 0.32059520773845285
90 68 0.19037233217807797
90 69 0.2839047243790198
90 70 0.1207936920678061
90 72 0.2518072360629737
90 73 1.1342501536217064
90 74 0.3208678922098348
90 75 0.2126470705573941
90 79 1.2191059771476047
90 84 0.14080895389077272
90 89 1.8777910723417341
90 91 0.43605403345683064
90 94 0.1716588088325548
90 101 0.5402722298796688
90 102 0.17921210565421236
90 105 0.5837141541385783
90 106 0.7593656661015863
90 108 4.891577533037106
90 112 1.2464297826089745
90 113 0.6318835862958693
90 114 1.353918816968562
90 115 1.045162146467801
90 117 0.05852302430302865
90 118 0.33516462144258735
90 125 0.37528077836925755
90 127 4.049124113973969
90 129 0.6047040227826692
90 130 0.6923862300841147
90 131 0.5429101973278663
90 133 0.824394633144799
90 135 1.8791540147678
90 137 1.7600059282800986
90 138 0.636506027938943
90 140 0.14665710641393284
90 141 0.5696210095761752
90 142 0.3162887361384055
90 143 0.31674068332079325
90 147 1.3393823855752005
90 149 0.3079881439834374
90 150 5.555610051125076
90 151 0.3592797250680666
90 152 2.6750754281010543
90 154 0.7154662779375793
91 1 0.5168579353083611
91 4 3.308054636853154
91 5 1.4921724490988242
91 6 4.6645893801705105
91 7 0.32067334072317116
91 8 0.2150368668135492
91 11 1.2022756364662075
91 12 1.5578061086363495
91 13 3.484554158752291
91 14 2.165457243858863
91 18 0.1369458999961611
91 19 2.541832372830017
91 21 1.6624582333553215
91 22 0.32013132135400196
91 26 2.056316631811308
91 28 0.9873628950125802
91 30 2.224354244351197
91 31 0.4130146671181548
91 32 0.1643004105529481
91 34 0.4683972434108873
91 37 0.23702665405997778
91 38 2.4483794823931473
91 39 0.2306405673405553
91 40 0.4128242698905711
91 42 1.2940860246615205
91 43 0.06584034469069314
91 44 1.0690917265685842
91 45 0.12352982371157233
91 46 1.7205796584461373
91 49 2.5224206130178644
91 51 0.04040500094779353
91 52 0.6282939151755949
91 53 1.1180989151786829
91 54 0.4306461825778003
91 55 2.4955759547782304
91 56 3.6054656331984662
91 57 0.29049142235252823
91 58 2.7322869498084965
91 59 0.00775147725150037
91 63 14.766711568685709
91 64 0.22546069065687
91 65 0.14698219747774696
91 66 0.1321318142262704
91 67 1.2702909991543025
91 68 1.1840607288915053
91 69 0.4222401167522533
91 70 0.7457146712220583
91 71 0.4160794521467626
91 72 0.37131425333864443
91 73 0.42047057624610207
91 74 0.6497093943285269
91 75 1.1183119483826958
91 76 1.6522529979576095
91 79 0.9764265490710584
91 80 1.161964626626067
91 83 2.614943430314931
91 84 0.7606644771242314
91 89 0.9859675016128355
91 90 0.49989223425874796
91 93 2.608507054833453
91 94 0.4976778384986809
91 95 0.3031785329443573
91 101 0.4615827169778241
91 102 2.580480068571977
91 103 0.500026394023445
91 105 0.32118988691948636
91 106 0.05225655321124083
91 107 1.378309328494882
91 108 2.5196421109197193
91 109 4.5566270433339024
91 111 0.9210215407942712
91 112 1.368859354214726
91 113 2.6263010973528083
91 114 0.15250798821503855
91 115 0.33832258322042247
91 116 0.032133085876598175
91 117 0.9173100435976532
91 118 0.054368242065299256
91 119 1.2499043781354489
91 120 0.057683042579224963
91 121 1.8573210951880998
91 122 1.783044721518351
91 125 1.97672342878104
91 126 1.1641089829615026
91 129 1.7885392616887479
91 130 1.0519618904000163
91 131 0.2356228428642019
91 133 1.38895934308971
91 134 0.22911145322653445
91 135 3.044031383628157
91 136 1.4618204222942146
91 137 0.31089624379537695
91 138 0.8151837744568496
91 140 1.6983948125883839
91 141 0.1990352954875237
91 142 2.7395227997427583
91 143 1.2612214764132859
91 145 0.3058662673037603
91 146 0.06844243714292585
91 147 0.32930222163479017
91 149 1.1055360802505567
91 150 3.0326206893096557
91 151 0.20894128801793796
91 152 1.0763007982048778
91 153 0.35279008508630505
91 154 0.5276077264616759
91 155 0.46897771712153374
91 157 1.7343003802165038
91 158 0.6729046543932906
91 159 0.17590780641978257
92 1 0.48128864423425105
92 4 0.2613461330533999
92 6 2.5127836960422303
92 7 1.351322861694892
92 9 2.9481436214793106
92 14 0.5296189632671864
92 19 0.0852605160522046
92 23 0.5723099302837991
92 25 0.05795218688602963
92 26 1.1841311035553668
92 30 1.5192991464253158
92 31 0.035204786531807496
92 32 1.2155134406185497
92 36 1.906939290234322
92 37 3.3562215999372347
92 38 0.14946726714377678
92 45 0.10849500662702057
92 46 0.5306799806838732
92 49 3.8616256362532675
92 51 0.918714844870679
92 54 0.09498264009618836
92 55 1.9315307832824034
92 56 3.16292177751734
92 61 0.24607187625002888
92 63 2.022134291957576
92 64 0.31560212478522753
92 66 0.021753131171140062
92 67 0.2316504041681268
92 68 1.9875340225400289
92 70 0.14985759053266842
92 72 1.413159782578035
92 73 0.432029326814896
92 74 1.2163214228571526
92 75 0.057371749472001146
92 76 0.93296371154861
92 79 0.13614110728503745
92 84 1.0441053383227263
92 87 0.6915191468111694
92 89 0.9377886813016219
92 93 0.6404023897952339
92 94 2.8027756083512836
92 100 0.008271911859683869
92 101 0.7410119961866677
92 102 0.21024449074691037
92 105 2.2189367576852526
92 106 0.21410316959969986
92 113 1.0006804325556757
92 114 0.2553226286263026
92 117 0.19656699307711556
92 118 1.4240502771354002
92 119 0.13110305425495314
92 125 0.20838737953678418
92 126 2.7692005716277737
92 127 2.924963412121984
92 130 1.883500517763149
92 131 0.6826743500430948
92 133 0.31820681877809154
92 137 0.449718057278032
92 138 1.6076104490761858
92 142 0.4057717825930912
92 146 0.1467777886144203
92 152 1.4257402393271372
92 154 0.5758815158459257
93 0 3.1636188670817207
93 1 0.4637118046980939
93 2 0.7469704466088068
93 3 0.4444254578211167
93 4 0.2665754897817938
93 5 2.373570670916357
93 6 0.0008166439482709108
93 7 0.07985492530742469
93 8 0.8880967529311187
93 11 1.2116972366582546
93 12 1.4553348325729156
93 14 0.7863757797897433
93 17 0.016716475745072037
93 18 0.6355907672852769
93 19 0.2835365379361103
93 21 2.7170539415653674
93 22 0.28677534800488363
93 25 0.10823974380301263
93 26 0.49134798743082975
93 27 0.7092934938747789
93 28 0.7546900801801693
93 29 1.996169482347253
93 30 1.521515151366232
93 31 0.2355785996350288
93 32 4.2945581524823595
93 33 1.0382434123361306
93 34 0.8370883253609811
93 35 1.4671256419132106
93 36 0.6027805436095325
93 37 3.7742714234640014
93 38 0.6039385631760772
93 40 0.2769550941390076
93 42 1.7653669412587403
93 43 0.3264434020714296
93 44 0.24951902573610013
93 45 1.2536948084232002
93 46 3.637127160806888
93 49 4.983886305458245
93 50 0.024429241096053416
93 51 0.08112039542099422
93 52 0.817277468419766
93 53 0.03574984987315589
93 54 0.8822991017269003
93 55 0.09480005759700744
93 56 0.6816244206045986
93 58 4.142126398157739
93 59 1.2645201987748482
93 62 0.48443022964828936
93 63 1.2805866048543564
93 64 0.9126357300108447
93 65 0.19637762063844277
93 66 0.4687700238716519
93 67 0.26530314063402777
93 68 3.9232054783973225
93 69 0.6633416801254269
93 70 0.08855201536986758
93 72 0.6669635270521338
93 73 1.3810042791232808
93 74 4.387175683657618
93 75 0.16734254659371448
93 76 0.3362266860816467
93 77 0.7818028265206303
93 79 0.661059172894781
93 80 0.6904614990279568
93 82 1.5108203139268175
93 84 0.9792741266576135
93 85 0.7198226009834131
93 86 0.27955443114037265
93 87 1.696058812574509
93 89 0.165639519146439
93 90 0.4963856125057977
93 91 0.09730342647493294
93 94 0.16208431705373258
93 95 0.8434943354814163
93 97 0.9534271370910606
93 98 0.37700272894390885
93 101 0.35642295793321055
93 102 0.7916583574685833
93 103 1.538097110867863
93 106 0.8146921088358728
93 107 2.056721744443552
93 108 0.7497271811208832
93 109 0.058536808265784855
93 111 0.884162996967305
93 112 2.278579302920988
93 113 0.3908352977650125
93 114 5.958970449483779
93 115 1.9534082935267814
93 116 0.04765081462229474
93 117 0.8323982052900701
93 118 0.18545760102222114
93 119 1.6607107276949393
93 120 0.21141175869225096
93 121 1.5962495448370368
93 122 0.6492514090396685
93 125 3.855139247713223
93 126 0.04458966732895875
93 127 1.0161781333750466
93 128 3.0397113224006205
93 129 0.24915136648116262
93 130 0.28379009415061174
93 131 1.3255395846852502
93 133 3.747021919141558
93 134 0.34094624324377293
93 135 6.122386103131683
93 137 1.549013949314791
93 138 0.022822709822340772
93 139 1.6270630192813929
93 140 0.13890096011696101
93 141 0.05139263370844658
93 142 3.3808265732254785
93 143 0.23741763040039077
93 145 0.5967723824806017
93 146 0.11816145406258777
93 147 0.8967867316016435
93 148 0.013250631307957872
93 149 0.2819078540091241
93 150 2.829542714614855
93 151 3.1815167130545485
93 152 1.43447826949552
93 153 1.5815578856926875
93 154 0.6706489468078024
93 157 0.48471823608610115
93 158 0.06264811988080732
93 159 0.06792601266169501
93 160 0.1387697715213235
93 161 0.5833277795056253
94 0 0.7935832460316107
94 1 0.08248647688485594
94 3 1.7778644865172835
94 4 4.220430797277559
94 5 0.6424833380150285
94 6 2.1174918017485806
94 7 3.5934816801158838
94 8 0.06659847637457662
94 9 0.35007897634876634
94 10 0.9817200611955208
94 11 1.2626789296478627
94 12 0.3265498381880902
94 13 1.6083121230600874
94 14 1.0838370492396912
94 15 0.5586643443808115
94 16 0.03714149313059075
94 17 0.8241585961846634
94 18 0.034855231625759465
94 19 0.3056864471014042
94 20 1.2929159776536119
94 21 0.7775992138967769
94 22 0.3978556516958348
94 23 1.2094341741755825
94 25 1.3050434952010606
94 26 0.8681615903763953
94 27 0.777123005439186
94 28 0.9001473703262787
94 30 0.06850912284721998
94 31 0.03143933192790414
94 32 0.1449755071356336
94 33 0.6961231293132437
94 34 0.17632507196975772
94 35 2.4811531237093027
94 36 0.6138842845040186
94 37 1.9538020802946685
94 38 0.6956894074327403
94 39 0.2382602262965852
94 40 0.0054871309238308606
94 41 0.8645133461775626
94 42 0.53654253665246
94 43 0.6894837303671744
94 44 0.35605210409709676
94 45 0.027348919933361138
94 46 1.0002023884940952
94 49 1.3050720445866175
94 50 0.21448368673080118
94 51 0.7012163913810336
94 52 1.8183997548868014
94 53 0.5891677295294251
94 54 2.0732800906908446
94 55 4.59745013415708
94 56 2.3341213071033433
94 57 0.45388937606768354
94 58 0.6449097761634868
94 59 0.235494043087564
94 61 0.6127087840032166
94 63 0.9488764210779569
94 64 0.36525457789294913
94 65 0.9499183117276484
94 66 0.36767051450711813
94 67 0.07815092189135214
94 68 0.3261997037541389
94 69 0.957866555323261
94 70 1.0003000031433618
94 71 1.898459819616432
94 72 0.7003493628797952
94 73 2.559500097250295
94 74 0.6068528622897723
94 75 0.7971460628492962
94 76 0.24991187452686767
94 77 0.2751027883688706
94 79 0.032663056578237884
94 80 1.3690605190297747
94 82 0.2420557545952708
94 83 0.7112091354143864
94 84 0.6302402837398112
94 85 3.2133913449955305
94 86 1.0293400913240667
94 87 2.022135468738115
94 88 1.059693759938445
94 89 1.4680124681235538
94 91 0.36447487087161884
94 92 3.016862580315808
94 93 0.5970929491329603
94 95 1.0602350751273375
94 96 0.04689887561456341
94 97 0.26239504594054697
94 98 0.3285165608853654
94 99 0.5966519917772329
94 101 0.8993670032310507
94 102 0.5164113498205436
94 103 0.4725888275372029
94 104 0.7008685916775753
94 105 0.16991301056307428
94 106 1.6415270622893103
94 107 0.06268507676984561
94 108 0.4615709392784096
94 109 1.727624508652104
94 111 0.24776682449089493
94 112 0.7772788516793013
94 113 0.49422564282925396
94 114 1.4167320091591398
94 115 0.1257631312128192
94 116 0.08777847636255455
94 117 0.2976829837558694
94 118 0.1740435287936484
94 119 5.606726650668154
94 120 2.6245818462520627
94 121 0.7545427783295032
94 122 0.6561432541733128
94 125 3.0406192875422424
94 126 0.28614090769382644
94 127 2.4228489023454065
94 129 0.8635212904156102
94 130 0.6205133785877355
94 131 1.1567722317832143
94 133 4.149278504068581
94 134 2.427399399054008
94 135 0.14354558075339266
94 136 0.13688076488817888
94 137 0.9744281612861224
94 138 0.733555756332711
94 139 0.4369661059005385
94 140 0.26802763998417783
94 141 0.249381250086638
94 142 0.49276103969781254
94 143 1.3213769730208453
94 145 0.6134989267604605
94 146 1.0715854382717291
94 147 1.2856171828360916
94 148 0.9392268094690503
94 149 2.1635771422443684
94 150 1.3183587164173316
94 151 0.787835213888421
94 152 0.19027826427368494
94 153 0.04193523935778624
94 154 0.07407138742522744
94 155 2.1244698638045474
94 157 1.3825654794537345
94 158 0.3482508482643897
94 159 1.057348413738077
94 160 0.18052740945899776
94 161 0.607672813925585
95 3 0.242899754775098
95 7 0.6385589199177274
95 9 0.04191248767991934
95 14 5.281616220782989
95 18 1.7970211622324568
95 19 1.39312607846771
95 21 9.713198950328668
95 26 0.5432767594635717
95 30 6.229182403760869
95 31 0.07000070243218177
95 32 0.7135791548465198
95 36 0.21480895360364188
95 37 3.285179473992048
95 38 2.9751923842515895
95 43 0.1607688755962336
95 44 3.3120212323953218
95 45 0.6351731821259501
95 49 5.549193439980668
95 50 0.875637353536015
95 51 1.8016962541812156
95 54 0.30444331110032513
95 55 25.617269285774583
95 56 2.0758681623625272
95 64 5.450286957602852
95 67 0.7067784359564848
95 68 17.692123986786715
95 70 0.054049690490941375
95 71 1.5529065067923802
95 72 1.7433676522688346
95 73 4.495258685697701
95 74 9.934665802045393
95 77 1.681065051596789
95 79 2.9955175167671917
95 83 1.022809899671821
95 87 9.46891554094142
95 88 0.49835208933653513
95 89 6.515934598248545
95 91 2.5491414678340254
95 93 3.9425790581787554
95 94 0.03367476218293732
95 101 0.200426329270895
95 102 0.2573830211984082
95 107 0.22710772754999348
95 113 4.8654637925658735
95 114 4.748606768803468
95 115 2.1703050840579365
95 117 1.1104744605398877
95 118 0.14918269846001297
95 119 0.5028598810832108
95 120 1.1086002837420244
95 125 36.49340913433411
95 126 0.2905133039176133
95 129 2.8923120442939405
95 130 3.131393360107524
95 131 2.1710089177067085
95 133 5.049024434717564
95 135 2.2197170104196973
95 137 2.796837603301989
95 138 0.07547125387741009
95 141 0.6549061497709211
95 142 15.846960523568093
95 146 1.9549572394220198
95 147 1.5469795411724163
95 150 0.04505403455944439
95 151 2.1301061222731996
95 152 1.0181874066801393
95 154 13.270295025546925
96 1 0.6901038664262426
96 4 0.6576156860159976
96 5 0.2044413617764414
96 6 0.3344651556675082
96 7 3.503889623765954
96 11 1.1583337028913787
96 12 1.6768429603123165
96 14 6.522272862657179
96 21 1.0550640162747453
96 22 1.2857517762133666
96 26 0.23654847510770044
96 28 0.5161355092303509
96 30 2.11305148849601
96 31 4.311687721680925
96 32 0.03512309665158958
96 37 1.0458249223104408
96 38 0.19754580973907476
96 40 1.976278920284786
96 44 0.0937851197156992
96 45 1.1838583940151306
96 46 1.9064551091833213
96 49 4.594417591254289
96 51 0.7767748472128816
96 54 0.11041002900300315
96 55 4.5266052001223285
96 56 0.48821758570788576
96 58 1.1315286549048693
96 63 0.2550537741954514
96 64 1.0606534565336272
96 65 1.2336811017685159
96 66 0.6642727578809667
96 67 1.5258503628682574
96 68 1.0115653821040616
96 69 0.32010049481609304
96 70 1.2651735577962222
96 71 0.4831161563708087
96 72 3.4039920051170935
96 74 0.3175780030501968
96 75 1.256152518239101
96 79 0.7793260493279726
96 83 0.9712861225823068
96 84 0.6065784859089592
96 89 0.7642954343804356
96 97 0.15911403190253492
96 101 0.6813722559049878
96 102 1.1826958789435604
96 106 0.011441968061386512
96 109 1.406280213729463
96 112 2.9275861121192555
96 113 0.6213225704894115
96 114 2.636567946353422
96 117 0.10350491775842316
96 118 0.8830963185282057
96 120 7.229095034037347
96 130 0.9976224420689132
96 131 0.2276653376715719
96 133 0.14914142093753396
96 135 3.9122121285980755
96 137 1.6010840309962027
96 138 0.3422951522030107
96 142 1.1431109302883187
96 143 0.9738498044044072
96 146 0.04973600277870902
96 149 0.6462399470766897
96 150 1.7179187850874178
96 152 1.9647747262040438
96 154 0.6506975285850534
96 157 0.531682332785488
96 159 0.3634480164024486
97 0 2.871639108554422
97 1 0.01147249399014881
97 2 0.4716297375224776
97 3 0.18763940573309537
97 4 2.6497411359824774
97 6 5.047161394537829
97 7 3.2469069234669576
97 9 0.7512737721123253
97 10 0.13674430363695605
97 11 0.4040143976377855
97 12 0.25267233847286225
97 13 3.7279985706991376
97 14 1.8582208254582857
97 16 0.3202124428636645
97 18 1.6302206507114678
97 19 1.4573586963045524
97 20 1.7497747861970072
97 21 5.255371236634
97 22 0.5349991365717227
97 23 0.06327789598842799
97 25 0.8275695928243478
97 26 3.6427569508829603
97 28 0.29396442730716477
97 30 0.4999994170220056
97 31 0.23502997592653352
97 32 1.0616002891232368
97 35 4.011851650086462
97 36 0.7153631135196385
97 37 2.253675676686053
97 38 0.28420939014274704
97 39 0.376196302201821
97 40 0.13798044552980906
97 43 1.855226241498908
97 44 2.8242554809361593
97 45 0.7816435422051226
97 46 0.1665385981122111
97 49 2.3137089110432427
97 50 1.6816152792837067
97 51 1.1183771129859548
97 52 0.6040864691994361
97 53 1.511960048184176
97 54 0.5083494805432678
97 55 2.9002818027303268
97 56 2.691842671391164
97 58 2.5354105103754914
97 59 0.22183779290801833
97 60 1.367730535130309
97 63 0.96856392606291
97 64 1.5544003058883695
97 65 1.4903458279493977
97 66 0.9338850852039162
97 67 2.0310858971882575
97 68 4.684856693438744
97 69 1.0754763240982028
97 70 1.6686392896164322
97 71 0.14302983238151443
97 72 4.326371728918205
97 73 0.8531971928781293
97 74 0.4509809578912149
97 76 0.7594347063954444
97 77 4.125802646361793
97 79 0.9463344720500277
97 80 0.551333451018949
97 82 0.30671593595051494
97 83 1.2495559660898687
97 84 0.04454199681183921
97 85 0.5622570598826001
97 86 0.4180997991879318
97 87 0.0994536282641119
97 88 0.11883201545787393
97 89 0.37869171872088825
97 90 1.4388722661826843
97 91 0.09504785680639859
97 92 0.7422684371489513
97 93 2.2190257005349454
97 94 2.436072393561289
97 96 1.1945029395699278
97 99 2.084009600769569
97 100 0.44056077473290517
97 101 0.07250555932816027
97 102 0.16390547231430222
97 104 2.0948639681471275
97 105 0.8194846991134498
97 106 0.2646530555650921
97 107 0.6287485327521716
97 108 0.7441113709563314
97 109 1.7613579641875658
97 111 0.2813209697112684
97 112 0.7731886411796092
97 113 0.1854806374029118
97 114 0.18906356185213619
97 115 0.21727663927333274
97 117 0.45070612230437446
97 118 3.6989442328212983
97 119 0.9465264093934164
97 121 0.45348762593280956
97 122 4.457896567556705
97 125 2.9832426752806303
97 126 0.19368708666746112
97 127 0.6672011498546514
97 129 0.009826841734880137
97 130 1.2248117658480426
97 131 1.2603121554305619
97 133 0.9663588339025276
97 135 0.039105089846998474
97 136 1.853238242429879
97 137 0.6897395063525091
97 138 0.03674944784485902
97 139 0.3228107884071986
97 140 1.554291379250481
97 141 0.8023450059260648
97 142 0.010706066725017407
97 143 1.444120999807484
97 145 0.32552078768809345
97 146 0.44041898946689173
97 147 0.530036223425848
97 148 0.11566463669062853
97 150 0.1365624560973169
97 151 1.5117664037475362
97 152 1.1053208399867143
97 153 0.5022658943699224
97 154 0.4372635721948472
97 155 0.29354529630884063
97 157 0.5433136738933971
97 158 2.6993585529877864
97 159 0.21533595052531712
97 161 0.19318355237968599
98 0 0.05175524871466098
98 4 1.143335806548578
98 6 0.3930613169165782
98 7 0.3815122386180588
98 11 2.033116053722206
98 12 0.644782557732401
98 14 1.0726129476835993
98 15 0.9519089376631579
98 21 0.9271941597956287
98 22 0.15247040850674787
98 24 0.12362945994260541
98 25 0.36084312694055626
98 26 1.5753752976076
98 30 0.8122447298367023
98 31 0.20089440896015548
98 38 3.825485376209202
98 40 0.29067681765935505
98 42 2.043335700318258
98 44 0.9813344548581839
98 45 0.6877991043281585
98 46 0.054531890697531143
98 48 3.2961413069193024
98 49 0.030432736082963072
98 50 0.48509583648212623
98 51 1.5801215949982437
98 52 0.7227845267103757
98 53 3.4935523937407114
98 54 3.534898542209136
98 55 1.237091601923225
98 56 2.2656857747131984
98 57 0.6889090042850793
98 59 0.09037559656827569
98 64 0.18222938875084327
98 65 0.023712371867939567
98 67 0.3393275628284273
98 68 1.042860982297259
98 69 1.326636151036549
98 70 0.39123132907735786
98 71 2.692366983328746
98 72 0.31817959748781416
98 74 5.216013559376741
98 76 0.876849158999507
98 79 0.5400728246143641
98 80 0.6083828737494171
98 86 0.8600382072897526
98 89 2.4652309697050367
98 91 0.24499370787605884
98 93 1.4406632463818159
98 94 1.3175383820200814
98 97 0.5142986586219813
98 99 2.081890247437366
98 101 0.12798155452031246
98 102 0.1820962556124058
98 103 0.026574558332699925
98 104 4.768763380329903
98 106 4.431982793923887
98 107 1.020304823583795
98 108 0.6841974712595542
98 112 2.4554917123180444
98 113 0.5320479422054749
98 114 2.377970765711766
98 115 3.073169120281598
98 116 1.2013098937334252
98 117 1.465845456873125
98 118 1.6347722697229148
98 120 1.7975496340493966
98 126 0.42969606743157673
98 129 0.9125671899008848
98 131 1.3807225922016841
98 133 0.213301765403744
98 134 0.9755699832914547
98 135 0.4599573732102106
98 137 0.61485870672873
98 142 1.6139858085486607
98 143 4.269348351617864
98 146 0.5652718795441711
98 147 0.8470691056515866
98 149 0.048528597574684126
98 152 0.5936295212039868
98 153 5.289950449392884
98 154 3.241282171362362
98 157 3.650566360327716
99 4 0.33918945173121146
99 6 1.4538293299794045
99 7 2.0865038748946634
99 8 0.09283555527885519
99 14 0.029149820309824916
99 19 0.2547762583218567
99 22 0.11387599098840429
99 24 1.1985989297239505
99 26 0.2599302720001263
99 30 0.11019869394510307
99 31 1.3897765390697039
99 32 0.40720143074565757
99 36 0.3566493098209517
99 37 0.5301585724796161
99 40 0.15157092718951182
99 45 0.7640977039790752
99 49 0.5622622417317228
99 50 0.6206829648503459
99 51 0.26285239723595816
99 54 1.0568962560580502
99 61 0.29432888851287226
99 64 2.5674089820374473
99 65 0.12249759922368936
99 66 0.29860379642406626
99 67 0.615612906441771
99 68 0.8678528153558314
99 70 0.17968234726815066
99 71 0.605282600537031
99 72 1.337587098527755
99 74 0.10425281303160663
99 76 2.007272208724006
99 79 0.18453466282937203
99 83 0.5859854996666342
99 86 0.1298674885146071
99 89 1.1977259445370345
99 92 0.10547175569523799
99 94 0.2054619003410779
99 101 0.4655587665725726
99 102 0.25850826035028884
99 106 0.5695252750286603
99 108 1.938125116790887
99 113 0.591865549928758
99 114 0.01799491489859261
99 115 1.497519324665679
99 118 0.03649075775818291
99 126 0.7565142715870378
99 129 0.18021341169052982
99 130 0.2559246809748425
99 131 0.33241351285455145
99 133 1.421327372446198
99 134 0.7763421629292421
99 135 0.6105621000042166
99 137 1.9412189185100512
99 138 0.9038956339738767
99 141 0.2813429273828879
99 142 1.8034997736762481
99 143 1.2242936989359516
99 145 1.7876338802441911
99 146 0.4395405646141263
99 149 0.20124637394082195
99 150 1.5507520333079252
99 151 1.5113349950705453
99 152 0.7251870205937473
99 153 0.9390227149534173
99 154 0.47134504933862464
99 157 2.0519829701892425
100 4 0.2152364384760116
100 7 0.7212093526170129
100 11 0.5352293420672122
100 14 1.51753441505395
100 26 1.1772616846408654
100 30 1.9420326866244961
100 31 2.689533926820346
100 32 0.6666741623937384
100 38 0.8169705991056428
100 40 4.163228712859035
100 46 0.38734280727019504
100 49 1.9025024851066394
100 51 2.5976250199114492
100 54 0.5987908597509386
100 55 3.519605487129307
100 58 0.8424026160888399
100 63 1.603339501856289
100 64 1.0331097472891402
100 66 0.28633476899217064
100 67 1.3193135689553677
100 68 0.1209562305014716
100 69 0.8967145195449875
100 70 0.6251595682716015
100 71 0.760322928521986
100 74 1.1576795708194898
100 79 0.8648454131233158
100 84 0.06223173367079919
100 87 8.084612327280626
100 89 0.10966527399785324
100 91 0.35937482046134434
100 94 13.500907887245557
100 98 0.6088406887168978
100 101 0.866986535526432
100 102 1.1449719312328923
100 106 0.8696739546221691
100 107 1.4867946403747823
100 109 1.4484938096718667
100 112 5.817427726309465
100 114 1.1678714735462195
100 115 2.0352660736895922
100 117 1.5953305691049546
100 118 2.869831285649983
100 119 0.928721781132973
100 129 0.7514139567432384
100 131 1.4883790413464362
100 133 1.470359095173916
100 135 1.3234220904388252
100 137 1.4440973005194415
100 138 3.2194413099482677
100 141 0.5635335571498057
100 142 4.102386153073935
100 143 0.8853156717973146
100 146 0.15266539336420668
100 149 0.04038585942473467
100 152 1.2496796134728594
100 153 0.5257963841523067
100 154 0.9010419701407173
101 0 3.034192364783451
101 1 0.8205700199171831
101 2 1.3239467983482793
101 3 0.2336133230090088
101 4 0.405905889006901
101 5 1.2213791874151603
101 6 0.010310674766946176
101 7 1.6787767324640488
101 8 2.0004215773398433
101 9 0.08953711177658388
101 10 0.8931596274310925
101 11 0.15586008655254477
101 12 0.19837651122542843
101 13 0.47664950434914477
101 14 0.8905513853718338
101 15 2.055560395700606
101 16 3.104708773316249
101 17 0.4972612202301946
101 18 0.02446704636037042
101 19 0.5435666224402395
101 20 2.8075887582590457
101 21 3.047552544638354
101 22 0.10703724095643984
101 23 0.550133700234576
101 24 0.5203606634766883
101 25 1.2494056918700545
101 26 0.49444733473228814
101 27 0.2602607300115901
101 28 1.0326275494821617
101 29 1.1311910213975556
101 30 0.4590747810615651
101 31 0.3617214592028001
101 32 0.7304897148725435
101 33 0.9800994570145158
101 34 0.22742009034810504
101 35 0.22602488762249975
101 36 0.2407510974696447
101 37 0.22538108410981475
101 38 0.4719192858267295
101 39 0.16830350714273837
101 40 1.6475943981632628
101 41 0.016312896774133417
101 42 0.854735263538849
101 43 0.997187689149974
101 44 1.127015042652577
101 45 0.26744837504887314
101 46 1.134872952318581
101 47 0.7071306446883422
101 48 0.5572607634577238
101 49 0.33318660117280435
101 50 1.6289787324640228
101 51 0.4423663554342522
101 52 0.043349250930687026
101 53 0.19466468046381905
101 54 0.9860501456787895
101 55 1.2748709740136948
101 56 0.4372257138878664
101 57 0.8064429410217664
101 58 0.7699390628377705
101 59 0.39844853587914614
101 60 0.211690632622533
101 61 0.8378770904971724
101 62 0.8585346808142091
101 63 0.2724374717414831
101 64 0.2836097396533431
101 65 1.5578040629866432
101 66 0.030339685390600404
101 67 0.7207657086632034
101 68 3.1111944185883678
101 69 0.43201232337243756
101 70 1.2269152977759232
101 71 0.19097660500167984
101 72 0.5818993782997853
101 73 1.87536879570443
101 74 0.9732738961828913
101 75 0.22573130473771563
101 76 0.9416683036561833
101 77 0.8254117494840828
101 78 1.6207466720525416
101 79 0.271640885330213
101 80 0.17374108915176478
101 81 0.3245456843048298
101 82 0.8778797023922571
101 83 1.5711139052984346
101 84 0.6248678219447942
101 85 0.23993818514986653
101 86 1.0232629794041836
101 87 0.025095496712598597
101 88 1.7658112411500444
101 89 1.51388355926253
101 90 3.484437801379559
101 91 1.6643021801153823
101 92 0.23238597809106906
101 93 0.896337139676158
101 94 0.2686106807641463
101 95 0.7956606398884198
101 96 2.74014040632777
101 97 1.500005927235756
101 98 0.156044091621626
101 99 0.9869988512991914
101 100 0.41124287100215917
101 102 1.7327764734896978
101 103 0.6382947761023593
101 104 2.6910840929688935
101 105 0.3714596152465852
101 106 4.675281996975652
101 107 0.031445190735277094
101 108 0.3363657387423974
101 109 2.044673033701283
101 111 2.1630345680229937
101 112 0.9346076062556424
101 113 0.0888936083681412
101 114 1.835244776858773
101 115 0.7386808503160134
101 116 1.3692435320514744
101 117 1.8412125777221913
101 118 0.15598045698013838
101 119 1.026051509040649
101 120 1.0332816615459808
101 121 0.2661196570799382
101 122 2.1022381065824836
101 123 1.5769686123664561
101 124 0.22401701950859873
101 125 1.9649889968788454
101 126 0.04464504720843705
101 127 0.46477463635497934
101 128 0.7946463207726646
101 129 1.3560481358950476
101 130 0.12591687581987865
101 131 0.05702060851741959
101 132 0.07262016122621466
101 133 0.6707420022578421
101 134 2.027677236108733
101 135 0.6259324826013074
101 136 0.5979459721093855
101 137 2.2700873669215658
101 138 0.6576713332443649
101 139 0.04756130991615532
101 140 0.8555608988933534
101 141 0.6405723501773748
101 142 0.533795710531553
101 143 1.918540365153636
101 145 0.842923927609615
101 146 2.2827876591453333
101 147 1.704435145977273
101 148 0.6874710088239618
101 149 0.2666574814783266
101 150 1.3036003899010304
101 151 0.07802434158538596
101 152 0.30350051518997956
101 153 2.087385987905787
101 154 3.383628854054582
101 155 1.1017057709022386
101 156 2.5430053968035535
101 157 0.6122263703513049
101 158 3.9261172444418295
101 159 0.4754075360845183
101 160 1.1885477314863269
101 161 0.6013234686541099
102 0 3.8288752521003078
102 1 0.14337912785234702
102 3 0.8896618255933366
102 4 2.0964703713497403
102 5 2.914908060675158
102 6 2.125421292590665
102 7 0.8920115972995811
102 8 0.030872165730526487
102 9 0.5137518591593512
102 10 0.8521985128540962
102 11 1.1317607499909121
102 12 1.3896780392139103
102 13 1.152601040253399
102 14 0.8145990463210905
102 17 1.0276613590258246
102 18 1.4693908391393142
102 19 0.006096006053080693
102 20 2.2419279457900863
102 21 3.105797680243958
102 22 1.8064621465317128
102 23 4.844009763359656
102 24 0.567373682836021
102 25 2.0741231205557513
102 26 0.9536824980945865
102 27 0.8579430295871696
102 29 1.1362513244684223
102 30 4.270224052566246
102 31 0.587172680683552
102 32 0.61083624099662
102 33 0.3366700258073482
102 34 0.5624739549723017
102 35 1.874221367124111
102 36 0.8189439538347376
102 37 3.8802514631913234
102 38 0.09039066743054505
102 39 0.3607970632927645
102 40 0.477857651554581
102 42 0.3391243473349761
102 43 1.0149498603704634
102 44 0.49871395847499495
102 45 0.9120290973325376
102 46 3.8899397319424307
102 48 2.162226014422192
102 49 0.3528675520697801
102 50 0.015825353535801303
102 51 1.32791795874398
102 52 0.4878446332577993
102 53 0.11095372363571569
102 54 0.4007704609509452
102 55 0.49668962922329085
102 56 2.8899031855368316
102 58 6.89962023727903
102 61 0.07334469602776661
102 62 0.09894893741955649
102 63 0.5726935396393066
102 64 4.593651587292223
102 65 1.993855688837046
102 66 0.11927369050141615
102 67 1.2230436251675971
102 68 0.1643983052081013
102 69 2.1678283232643962
102 70 0.7481987823737147
102 71 1.2712733825403197
102 72 3.0972394480339003
102 73 1.8311070810558383
102 74 2.9383517853592585
102 75 0.3765274504334328
102 76 0.5137635901659122
102 77 0.959612462131558
102 79 0.5600696232954585
102 80 0.09032897582446331
102 81 0.00583012706242206
102 82 2.2864917253040646
102 83 0.7029617098316767
102 84 0.30569930351983043
102 86 0.0955974522718189
102 87 1.1452180614788317
102 88 0.9528417439173681
102 89 0.9982281962741987
102 90 2.151352350255387
102 91 0.5274083638078464
102 92 0.9719353924760841
102 93 0.5605410728923428
102 94 3.7040663561930063
102 96 0.2912798124151191
102 97 0.946722748407806
102 98 0.1547969877629786
102 99 1.219436129369819
102 101 0.5717679122468942
102 103 1.1899268164648213
102 104 1.717311877546662
102 105 6.300853272344329
102 106 8.484292523804095
102 107 0.12384574860540044
102 108 2.726181281015263
102 109 1.8592318519292728
102 111 0.3454301619651738
102 112 0.8529535479447999
102 113 1.5371743040705792
102 114 1.6832917380056092
102 115 0.14205153613554536
102 116 1.8366757111001621
102 117 0.34837238866787495
102 118 0.2274779372272474
102 119 3.4159186266234025
102 120 0.872511278138428
102 121 1.1034713633417137
102 122 0.11824569574094322
102 125 0.9927624146929235
102 126 0.4069876619829189
102 129 1.7675853462386142
102 130 0.7781622322683543
102 131 0.3521460707794064
102 132 0.1662037512778934
102 133 2.135648612610301
102 134 7.485888066280871
102 135 0.6524859527852545
102 136 0.027129443093364857
102 137 0.5432001836962715
102 138 1.912983392429392
102 139 1.319982845108718
102 141 0.06730378770098024
102 142 1.0395471651946864
102 143 0.029387317435585345
102 145 0.7746113422322601
102 146 0.7421391889131709
102 147 0.012384724304390816
102 148 0.4466399683778089
102 149 0.007400092639017359
102 150 0.27022590317087875
102 151 0.0076311478517903375
102 152 0.009526547997585117
102 154 0.40905501134672817
102 155 5.667131397508125
102 157 0.38627850893255194
102 158 13.73057109164193
102 159 1.1088871407573437
103 1 1.134901026150739
103 4 1.1647298520823777
103 6 0.574198226978909
103 7 0.23198533766285664
103 9 0.4957700041028464
103 11 5.169508973496373
103 12 2.825540648483555
103 14 3.0604046391887767
103 19 0.40440937240530933
103 20 11.87484452112503
103 21 0.9071884020422387
103 22 2.9311299380534273
103 24 0.7117195138080997
103 25 0.017738424041119694
103 26 0.6024970263153153
103 28 2.4285012439838702
103 31 3.400261550829488
103 32 2.0106122968396605
103 35 1.8053775764533226
103 36 0.2440109510950564
103 38 0.1109302983432871
103 40 0.17282169357074897
103 48 6.004952730778023
103 50 1.6121185908411952
103 51 3.297826911377037
103 53 0.7901969906125011
103 54 5.262790996380609
103 55 6.880084544878703
103 56 1.3056147045735755
103 59 0.6434926703495161
103 64 1.6451310393031235
103 65 0.8848164735152051
103 66 0.2967550559407624
103 67 3.1444913888770367
103 68 2.1679616422797143
103 69 1.5938210426716184
103 70 0.47586283928985595
103 71 3.182258079107909
103 72 1.138530664656206
103 73 1.3810291094162768
103 74 2.703203279053953
103 79 0.021523320746362658
103 84 6.3510954133351305
103 87 4.932103044382729
103 89 1.5047137451220571
103 93 11.657766872938458
103 94 0.12157621400233737
103 97 1.1190492085028654
103 100 0.728157806997206
103 101 0.9024565703099056
103 102 0.26456644405550245
103 105 2.111966213212984
103 106 0.669985086817119
103 108 1.7575442074157563
103 113 0.0015370452525899593
103 114 3.932597905887606
103 115 2.324746019606867
103 120 0.7714797996136666
103 121 3.659495455211198
103 125 0.6397661094120739
103 127 2.114404660580569
103 130 3.9452929505668997
103 131 0.9113677249198596
103 133 1.800626327311125
103 135 0.9983189999515786
103 137 1.4337495699087413
103 138 1.5814828616412528
103 139 1.3253945727038823
103 140 1.579352431360289
103 141 0.020696745067285985
103 142 8.437958840879155
103 143 0.5315404847867622
103 145 5.097144419972483
103 146 3.134264129444026
103 150 0.22509482033682834
103 152 5.2350703208743985
103 154 3.4535637512596113
103 158 2.7892162784387975
103 160 0.08458683679699182
104 1 1.682900238665387
104 4 1.0839267768447705
104 6 0.561505785889243
104 7 0.588926849116164
104 10 2.6732398666528736
104 11 3.0836301973146525
104 14 2.9980161303424318
104 15 12.909330974390535
104 18 4.726623721825924
104 19 2.673527885675967
104 20 1.8866820090893492
104 21 7.15245521559854
104 22 0.5276209462029335
104 23 8.33805808951339
104 25 0.06918416077900201
104 26 1.1884697426766315
104 28 1.698254669766497
104 30 1.6736741022916841
104 31 3.4870124965308307
104 32 0.3472615201777322
104 35 10.060742588273348
104 38 0.6144531983170355
104 39 16.146016835935857
104 42 1.982520086028267
104 44 6.937074625558096
104 45 3.606626875448309
104 46 0.28236516206165174
104 49 3.4594937631466802
104 51 0.6405907769020681
104 54 0.08913729573014723
104 55 11.936335969098014
104 56 1.9334278760145034
104 57 0.03767076682622992
104 59 2.9659049093736427
104 64 0.4223716558054129
104 65 1.1417472111720155
104 66 0.5608001657976202
104 67 0.08427614884503695
104 68 0.8428690182520144
104 70 1.6269493790686789
104 71 0.37970255132345737
104 72 0.6107382381288671
104 73 2.809848620850575
104 74 12.620657990996321
104 75 0.7518618748121919
104 77 3.453994514245754
104 79 2.0729829832345255
104 80 0.3633902265981606
104 83 0.5745392271695553
104 86 1.0990169074713638
104 89 0.009148791882853308
104 92 3.41639774737079
104 94 5.0688549987253015
104 95 0.25829407720417114
104 96 6.680792072892405
104 97 1.096469926230958
104 98 0.005159894791266023
104 101 1.0468585081348594
104 102 0.9571897631606691
104 103 0.8207271581914862
104 106 1.2344883294825997
104 107 1.664934795708357
104 111 1.3359782765948653
104 112 1.0475833000626564
104 113 0.31775168512995394
104 114 0.12470707720652481
104 115 1.6486191722773391
104 116 0.15675977734874988
104 117 0.6690765085629147
104 118 3.2928981116863993
104 122 2.9097695239658075
104 125 11.612409893015949
104 126 0.3706528334652062
104 127 0.4581336510563142
104 129 0.11712986791887649
104 130 0.9550370826507159
104 131 0.27250578845841117
104 133 2.5392994725051836
104 134 17.93634623204389
104 135 0.45978085392584206
104 137 3.087680600083547
104 138 1.189922283132403
104 139 3.5291584870864057
104 141 2.125262692232773
104 142 19.974515513564757
104 143 3.7710458715048785
104 146 2.4402186433579387
104 147 1.8905570527797266
104 149 0.7510967443702394
104 150 5.872773010520228
104 152 7.578599303054118
104 153 3.888280007644179
104 154 3.668574977411722
104 157 3.59307124071396
104 158 10.160376317789938
104 161 0.10096589864496383
105 0 2.3117463414326473
105 1 1.9370479168956796
105 4 2.6746954322282455
105 5 3.9169649141095366
105 6 2.3710304421793738
105 7 0.585446231550363
105 8 2.031504164448622
105 9 0.8865615837890354
105 10 0.8289161883884149
105 11 0.06588355495504444
105 12 1.4606861723899913
105 13 0.03854796533098514
105 14 7.350868269062931
105 18 0.878820794603266
105 19 1.9185977243858188
105 21 0.32719036782742567
105 23 0.3513677396129856
105 24 0.969967875537914
105 25 0.017424372461902222
105 26 0.7932635575674576
105 29 0.2004687929201836
105 30 0.5843890262589144
105 31 0.9048838609834777
105 32 1.2412530896826695
105 33 2.183142636295403
105 34 0.05952706022238698
105 35 1.9044583538120867
105 36 2.4853560132682366
105 37 1.7821417500689238
105 38 0.8010643908898017
105 40 2.7367918594117793
105 41 0.3463050656392469
105 42 0.015382832803700005
105 43 0.696174112776285
105 44 0.7070187535127781
105 45 1.3124482333759429
105 46 0.5197022392272728
105 49 1.8461480506694457
105 50 1.0571948923496644
105 51 0.39378349648368555
105 52 0.6610760717609835
105 53 2.2732141318519847
105 54 0.7396394513089777
105 55 0.134091771346037
105 56 0.25140194698126733
105 57 1.243574518369563
105 59 0.6136204935145155
105 63 5.548513160105578
105 64 0.493190578525979
105 65 0.1246978683215634
105 66 0.09352917993935468
105 67 0.90393060831857
105 68 0.8598912610960909
105 69 1.092459107109385
105 70 1.1070664198883853
105 71 0.004266280301576331
105 72 4.955333376277276
105 73 2.2322112441948367
105 74 0.023516923337012316
105 75 0.2743041923747396
105 76 0.1034407838410748
105 77 2.0813768518542823
105 79 1.9625182979735427
105 80 0.42893641695966184
105 82 1.1547623012371422
105 83 0.7042688191373914
105 84 0.14877382143592638
105 86 2.370474932254236
105 87 1.5034376959678115
105 88 1.0987998826831904
105 89 1.5778286966885704
105 90 0.9560482741960061
105 91 0.7180553042076964
105 93 3.9149153147119287
105 94 2.312985592166004
105 97 1.331176584868722
105 98 0.6383280590636765
105 101 0.1665505233015281
105 102 0.01617826385704982
105 103 0.46066397158672956
105 106 1.6977290428810337
105 107 0.10334640368347033
105 108 0.6947555542901643
105 109 0.7383314838165052
105 111 1.9447910461014484
105 112 0.8928033967353693
105 113 1.5037963935029224
105 114 0.5731455371685052
105 115 2.4340693548959957
105 116 0.9621945371578216
105 117 1.0284131279049118
105 118 0.36541733051213493
105 119 0.036498395888609515
105 120 1.120808169095443
105 121 0.009111156049414188
105 122 1.4488362496635898
105 125 3.1115104050992413
105 126 0.6301988143356877
105 127 0.1214298626194922
105 128 0.17538914193900307
105 129 0.19970304440496658
105 130 1.089311145582023
105 131 0.27600807746618333
105 133 7.514512854772836
105 134 0.40332355221283794
105 135 0.11440896304651979
105 136 1.6008082540032598
105 137 1.3366362136704921
105 138 6.518089258418944
105 139 1.1019172495500833
105 140 0.11242455078367924
105 141 0.882149974791797
105 142 2.844272097556791
105 143 1.9972609268912649
105 145 0.6177408622245328
105 146 2.7889808132161953
105 147 2.2040829911303517
105 148 0.6939695076855601
105 149 0.47706648567805776
105 150 1.808095020368655
105 151 0.8350515835407563
105 152 1.0477441096035924
105 153 0.1416729482003657
105 154 5.069110220280191
105 155 2.039911710727271
105 157 0.3880521754045766
105 158 8.491742890706865
105 161 0.5064507462557183
106 0 1.7987068290719879
106 1 0.16963191687517595
106 2 2.6300581112097587
106 4 0.19200595399342182
106 5 1.9667913766734777
106 6 6.1582069805055335
106 7 2.151539349074387
106 9 1.018372314610414
106 11 0.7739396911900319
106 12 0.5046619936002477
106 14 1.1665485550397956
106 15 1.5858549097751167
106 17 2.883377733003912
106 18 2.116297863575916
106 19 0.037446119719801246
106 21 2.289505677913951
106 22 3.7819593899528234
106 23 1.6484842634277976
106 24 1.3407396966324456
106 25 0.0024083127415691543
106 26 0.21417377795521708
106 27 0.4769150281128387
106 28 0.2418610514368082
106 29 1.2700122012463677
106 30 3.870212674841914
106 31 6.505105627666832
106 32 1.3767026604527108
106 33 0.9771080332455946
106 34 0.10354494348076398
106 35 7.641942194186744
106 36 0.554563359889617
106 37 5.017959679985577
106 38 0.9321358785060342
106 40 3.6302336810406453
106 41 0.20889531330840586
106 42 0.41123265945332815
106 43 8.07442290154038
106 44 0.2719235827097124
106 45 0.4444047387174573
106 46 2.5793284271793118
106 47 0.5536750179879074
106 48 1.824078438304469
106 49 2.4040529787586205
106 50 1.0220272010654197
106 51 1.9006759669551094
106 52 2.361303900362193
106 54 3.19766191375839
106 55 11.154181591455334
106 56 3.1951992703964622
106 57 0.6039176047855069
106 58 1.6619135925830406
106 59 0.6844870595342188
106 60 4.088786752077735
106 61 0.36144388013592677
106 62 1.960731270886323
106 63 0.3611644693895393
106 64 0.23508053793146383
106 65 1.3892561014564506
106 66 0.6675071285670761
106 67 0.7099526388661319
106 68 0.25007548260928647
106 69 0.4427600421250205
106 70 0.30808121377078124
106 71 2.0236131918500213
106 72 9.472096428897524
106 73 0.5815825038699365
106 74 0.510268767059065
106 75 0.0033808072011303177
106 77 1.774265643710494
106 78 0.43002761799493705
106 79 0.61362735421069
106 80 0.019266962943233202
106 81 0.8236125000477972
106 82 0.048303934097306135
106 83 0.03277378579617678
106 84 0.8400714529544718
106 85 1.358066811234329
106 86 2.240557618999605
106 87 0.40579444412260207
106 88 3.9243554705041825
106 89 1.7157322543058733
106 90 0.648097385084321
106 91 0.2905565485349871
106 92 2.165963358858785
106 93 3.4641977193583973
106 94 0.13092702380408586
106 95 0.012101130341334523
106 96 0.16264424738693373
106 97 0.15324043691873288
106 98 0.30467162857705954
106 99 1.1630323575757249
106 100 0.09907381011374138
106 101 0.2492026974552008
106 102 3.9260933489055163
106 103 0.14454035352938202
106 104 1.7218043970133623
106 105 1.4933094889829455
106 107 0.23271620791595662
106 108 3.636821641326524
106 109 4.479190589836071
106 110 3.4810149224832423
106 111 0.4504839131216715
106 112 1.8148165582917297
106 113 2.3467661664257373
106 114 0.40513424054347336
106 115 1.6310562184295663
106 116 0.38163276742341457
106 117 0.7508493512452715
106 118 0.759488680556689
106 119 1.4634456870195705
106 121 1.6044246345761444
106 122 2.999077543822165
106 123 0.9898089450632523
106 125 2.100457234558845
106 126 0.7789256281809152
106 127 0.22101212951727767
106 128 0.4934667555191526
106 129 0.12360491846123732
106 130 0.35145362752919684
106 131 1.0625411014086206
106 133 2.3205889242650963
106 134 5.978297362670761
106 135 0.36779923891078387
106 136 3.019020468178065
106 137 4.934022251441848
106 138 0.4537908298984712
106 139 1.1586817460430947
106 140 0.5858186018146987
106 141 1.6822570961087135
106 142 0.26721322760857835
106 143 0.23962060329287785
106 145 0.462101794667847
106 146 0.789575337705565
106 147 0.10070834888112123
106 148 1.204893090783723
106 149 1.1948327900053364
106 150 7.425356600250251
106 151 0.2827875021263149
106 152 0.19643882840819413
106 153 1.537711337674311
106 154 1.831491675477625
106 155 0.7747661837734809
106 156 2.3829307402073923
106 157 8.25393384490387
106 158 2.414006789692872
106 160 5.119656773624804
106 161 1.7438344048050392
107 1 2.8990386352473654
107 4 1.0614446423138337
107 6 1.331998263777458
107 7 7.4283761828558825
107 9 2.2041254565883612
107 11 0.8484135977787641
107 12 4.499865401112996
107 13 5.220109626155442
107 14 5.072363842739913
107 16 2.011472071251495
107 18 1.4354272131772734
107 19 0.46706380969009675
107 20 0.7465816073331286
107 21 12.606733785114468
107 22 0.9851218945109964
107 25 1.7338279880617327
107 26 2.0274449332664757
107 27 2.0858251413575895
107 30 3.2255555568697782
107 31 11.736335119307014
107 32 0.3357203371933537
107 35 3.998230514825547
107 36 0.28482858712823134
107 37 4.278477779364985
107 38 2.39181240181681
107 39 25.955775874676007
107 40 2.3215994689639117
107 42 1.1274198710382135
107 43 1.0957590763263243
107 44 2.4037485405970354
107 45 1.9203069649740978
107 49 2.1186625058715682
107 50 0.5888792845263946
107 51 1.530060325386352
107 52 3.2187487579221266
107 53 6.067877496159315
107 54 1.2732613872891014
107 55 29.55869114595484
107 56 0.6124370055019956
107 58 12.781054824686672
107 59 2.748209642648919
107 63 18.566508743773376
107 64 20.290639120163757
107 65 0.09103674119798856
107 66 0.6881081041474418
107 67 0.08128679149977731
107 68 7.590224850179175
107 70 0.3792875134548824
107 71 4.248565358298684
107 72 1.5560251793147009
107 73 0.1480286938102375
107 74 6.79270303892634
107 75 0.170636352650065
107 76 0.8526257783922673
107 77 8.448248010292449
107 79 0.9046239249704631
107 83 0.7949339130409262
107 84 0.5822388344115932
107 89 4.680060560156689
107 91 0.10008408685443874
107 92 0.5649075830802427
107 93 1.6626252836337394
107 94 1.0674043847422403
107 97 0.5461862359801893
107 99 4.451017699810844
107 101 0.3132290617686572
107 102 1.6422437712299784
107 103 0.4359921025362438
107 105 4.304266478627799
107 106 13.627315413483096
107 111 1.149320825536629
107 112 16.235934096530706
107 113 3.128886035555716
107 114 0.08769967760842508
107 115 0.0905540873645794
107 117 0.2740691875607513
107 118 1.4096015808229878
107 122 16.945933649026422
107 123 1.25951196699778
107 125 2.9885091484546416
107 126 0.5809878900998515
107 127 1.5395352172101395
107 129 0.016858785177018106
107 130 4.033823761836724
107 131 0.20065134894363934
107 133 4.7030461683732625
107 134 38.727904889284694
107 135 0.2200121016511653
107 137 12.357319614412118
107 138 0.8149420152162826
107 139 1.0603934930715015
107 141 2.3185234415488702
107 142 9.31274433791832
107 143 2.5595734386543487
107 145 1.3096461098005319
107 146 0.8461091586708337
107 147 3.704536612344437
107 149 0.770449275626296
107 150 3.288634396124138
107 151 24.39762106314136
107 152 1.2714577124818451
107 153 11.138647534112177
107 154 2.325497373435693
107 155 0.5953269483944896
107 157 0.037856909438622584
107 158 1.08551149902891
107 161 0.4439980789361988
108 0 1.5858906332418037
108 1 0.6113364505588665
108 4 3.4890237880342974
108 6 2.4628900118143977
108 7 1.059124897563541
108 9 0.7505842579179207
108 11 2.625691831368735
108 12 1.5265834693796734
108 13 1.009919028644395
108 14 3.6880888602964093
108 16 1.1389371593094633
108 18 0.31240485752749836
108 19 1.5486820575881814
108 21 2.447795260624874
108 22 4.4940786368210786
108 23 3.750192763876404
108 25 1.5182413826396914
108 26 0.22731804320320012
108 29 1.175919821730062
108 30 4.194670545565071
108 31 1.5078297358709498
108 32 0.9539898888947747
108 35 13.121035648304694
108 36 1.7266321392198032
108 37 0.628097346808886
108 38 3.7485774788004953
108 40 4.6798717080985845
108 42 2.755362057203237
108 43 2.889995397438711
108 44 3.4309763186156634
108 45 0.7764030825723924
108 46 0.5884984710006189
108 49 8.986690930862945
108 50 0.5981839955306495
108 51 0.08532462819615391
108 52 0.01244412143322479
108 53 0.6641166296328807
108 54 7.28853745504484
108 55 2.8995285105728477
108 56 3.609176308399663
108 64 17.876415295635606
108 65 0.32684602290047327
108 66 0.5602279160677175
108 67 0.00977910147369885
108 68 7.210491823701119
108 69 3.9399347821419437
108 70 4.176889341786317
108 71 2.3827618960672714
108 72 2.7091788161455685
108 73 0.5223335044736452
108 74 12.092550527070982
108 75 2.014990374994332
108 76 0.5029558565650941
108 77 0.5612873086104606
108 79 2.2258730057739586
108 82 0.19751053805494498
108 83 2.335412648940947
108 84 1.3981238362928785
108 85 0.7726211973911061
108 86 0.6928647973809354
108 87 7.043854403816019
108 88 1.0952134016892077
108 89 2.8997463841269155
108 91 0.1295108308851071
108 92 1.4999671824448855
108 93 0.39502466804806324
108 94 5.683578577921674
108 97 0.11174591281637641
108 98 3.3943166221443684
108 99 7.237838314552182
108 101 0.20755478172637779
108 102 1.8378558991762473
108 103 0.03217679707001516
108 106 9.49069844377289
108 107 1.6791318133032949
108 111 1.8572379191923256
108 112 0.7636324125119911
108 113 0.42987510276631186
108 114 0.40340043977835344
108 115 10.788550631936157
108 116 0.1627359772368827
108 117 0.023467739000966832
108 118 0.5838583460668451
108 125 0.7655280092818717
108 126 1.5394617099499224
108 127 1.2360265769741205
108 128 0.15842357868316204
108 129 3.9105103380870374
108 130 0.49490219433813737
108 131 3.1394678081812906
108 133 20.523420756101324
108 135 0.8897861583368218
108 137 0.8980822318428813
108 138 0.8820854739064881
108 139 1.0325849465028423
108 141 1.0078404628891928
108 142 1.5520660422516768
108 143 14.59917666142891
108 146 0.8169808986396319
108 147 3.0957532871765285
108 149 0.8640120335551099
108 150 5.29021035724356
108 152 1.5892938153296239
108 154 9.91365958915495
108 156 4.433244690637717
108 157 3.016877234438131
108 158 0.44205696467000194
108 159 3.0986238868023523
108 161 7.775464801991392
109 0 1.407835080295701
109 4 0.8438089021604257
109 5 0.5792837156355308
109 6 0.17228149536977028
109 7 2.35710466167558
109 11 0.4783029875227921
109 13 1.00465206386349
109 14 2.1928638190362175
109 15 1.017421676733595
109 18 0.07636712425512308
109 19 0.4055274613561256
109 21 0.6879711850458398
109 22 0.28255418320881637
109 25 0.5642854053148656
109 26 1.2214046910406848
109 27 0.04962538612607061
109 31 0.4360559871325036
109 32 1.527619456561284
109 33 1.0759319405166663
109 35 1.5392558419947873
109 36 1.3307228238008286
109 37 0.7421586185514395
109 38 1.3853289976272392
109 39 0.1439062568813697
109 40 0.8580748067514846
109 42 0.6480592809090644
109 44 0.9584106068323832
109 45 0.18576735168705977
109 46 2.0053983706604246
109 49 4.513192185541605
109 51 1.1743742065735017
109 52 0.41712734046338673
109 54 1.625489426962254
109 55 1.7576757229890885
109 56 1.4383341927364546
109 58 1.990816256189305
109 59 0.15431805528784673
109 61 0.41733764518006555
109 63 3.2134380368671747
109 64 1.0351231188905148
109 65 0.0074986928838802775
109 66 1.6461358157929562
109 67 2.3110544692210837
109 68 0.8916866665626856
109 69 0.9193741151292729
109 70 1.2520956385381865
109 71 0.4440985157732522
109 72 3.376644860343284
109 73 1.4091673106873386
109 74 2.6825117052621246
109 75 0.36973712672951137
109 76 1.6546608917401355
109 77 2.514580156367246
109 79 0.8355062108919784
109 80 0.5224729372289455
109 83 1.9969669836967774
109 84 0.3873383753676817
109 88 4.9845506357978655
109 89 1.0134258620759502
109 93 0.6575410218932046
109 94 0.3896069789548657
109 97 2.0290739757138962
109 101 4.579241379847097
109 102 0.07660612040817392
109 103 0.5240328419700392
109 106 4.575030507742831
109 112 4.990932958386385
109 114 0.07719091149021337
109 115 0.6169486328923612
109 116 0.5341885267405514
109 117 0.4901310575696614
109 118 0.01110008580063301
109 122 1.1006287103178836
109 126 2.2209876491282095
109 127 0.7583790346227144
109 129 0.6946796527844441
109 130 1.0888812046291505
109 131 0.38532055118910197
109 133 4.101108753729185
109 135 0.3815683896033874
109 137 0.960258181088854
109 138 0.717425404931208
109 139 1.5458241265850812
109 141 0.5414363363697363
109 142 0.5130967331338694
109 145 1.511331168011047
109 146 0.19939027966866496
109 147 0.24639081646017055
109 149 2.5193232801835337
109 150 1.335302280124052
109 151 0.3139951331400823
109 152 1.775491139380497
109 153 4.8549828688619865
109 154 2.835956476696366
109 158 0.3752265150351091
109 160 1.1751174081585871
109 161 1.1423427724313977
110 1 0.9357103330532074
110 4 0.23120729857899458
110 6 1.345564465828184
110 7 0.9752138264326988
110 10 4.017235086205944
110 11 3.919620978921447
110 14 1.307543890933125
110 19 0.047524283350010875
110 21 3.511020822882805
110 26 1.9099785119982418
110 28 0.5018978806237524
110 31 4.057515530416917
110 32 1.1808661711871578
110 34 0.4896027808893457
110 38 1.6986474804918024
110 40 0.5348097158452567
110 45 1.1288595729876554
110 51 0.486332704237926
110 54 0.16373472221767021
110 55 0.22863125800543552
110 58 0.04987304262924557
110 63 0.42927119606211633
110 64 5.383779175422155
110 67 1.2771763282766202
110 69 0.548263507543884
110 70 1.4950977469936748
110 71 0.5559998048984944
110 72 0.0018710373103938106
110 73 0.5920789789073048
110 74 2.499873825725717
110 83 0.6469885279460439
110 84 0.387692794087076
110 88 0.17068469715849618
110 89 0.6556882603648095
110 94 0.2793955911459377
110 97 1.476975536854442
110 101 0.5235529039088306
110 102 0.6627448092818743
110 106 1.0417173270103217
110 112 0.9994826217527825
110 115 1.0289099118370635
110 117 1.2052633461318571
110 118 1.5175303947192451
110 129 0.4041925148563099
110 130 0.3797408648619292
110 133 0.35962186265576496
110 134 0.5973536528150317
110 135 2.3428699512472853
110 137 1.484682254321501
110 138 0.9288463892388865
110 142 2.745337136386428
110 150 1.1075923264885423
110 152 1.3789939878203938
110 154 7.260150709827482
111 1 0.17997721451628637
111 3 0.2967922651598128
111 4 1.7682226951014348
111 6 2.4078677558976036
111 7 1.1101583004560824
111 9 0.33685024651321205
111 10 4.023388292717241
111 11 0.016264372655230275
111 14 0.05443599955215873
111 18 0.5072452971003383
111 19 1.361673984562292
111 22 3.0574344530766417
111 24 5.077692397973618
111 25 1.42353518118538
111 26 0.6507877205893831
111 30 1.4501762618053027
111 31 0.2763357421643853
111 32 0.5881331203675814
111 33 0.07093276338838139
111 34 0.3548212337597111
111 35 1.1521193943124048
111 36 1.5460211098050307
111 37 0.20297040721654352
111 38 0.9252642748349702
111 39 0.5766073540263982
111 40 1.4062081167586125
111 42 0.12219524058967318
111 43 0.44371753458574476
111 45 0.8096568642764198
111 48 3.326241597473828
111 49 0.3791883891202412
111 50 0.21829926754625048
111 51 0.5342523569376073
111 54 0.4040504600248211
111 55 0.06424988113897424
111 56 1.255989919607383
111 57 0.11999169838199536
111 59 0.11133084750433132
111 64 0.9567356291252415
111 65 0.6450741382453036
111 66 0.15403976023081922
111 67 1.8025564402981369
111 68 0.931860027082184
111 69 0.9239537904036369
111 70 1.3971289575122083
111 71 0.7103266899644138
111 72 2.592549026939766
111 73 0.1324894641813502
111 74 0.48065483515543284
111 75 1.1363370879316605
111 77 1.9154275136269827
111 79 1.143819319738021
111 84 0.6099733309917992
111 86 1.3045278527338435
111 89 1.0457625722623876
111 93 2.250932404427876
111 97 0.10776124245844777
111 101 0.036366730563352115
111 103 3.0792077080299323
111 107 1.0993498672532425
111 108 0.1672016455827105
111 109 0.6582062137799288
111 113 0.01090525344214436
111 114 0.33172151683788736
111 115 0.6959951650175518
111 118 0.9860403353804253
111 119 0.8346222695894581
111 126 0.26916580925454503
111 130 1.2158069650637315
111 131 0.8526879307199811
111 133 0.7058569989524026
111 135 0.03388315224718345
111 137 2.8866115659273595
111 138 0.5556147008458729
111 141 0.007804767242864292
111 142 0.32473497960983605
111 143 0.10872037208938347
111 145 0.24301183325153256
111 146 0.6633199333594543
111 147 0.7727706559118517
111 150 2.128058956753352
111 152 0.2814315588903621
111 153 1.2237930068049332
111 154 1.223902673477633
111 155 0.3813909754426087
111 157 1.7558097170139555
112 1 0.3033676784687161
112 3 0.2827885912941515
112 4 0.7472117844319093
112 5 1.096708086275607
112 6 1.158985803610658
112 7 3.648817028294119
112 9 1.0091088659900924
112 11 1.1727109540925855
112 14 0.6665791811770332
112 18 0.12548564153095376
112 19 3.3359786760716568
112 20 7.995302177371501
112 21 1.7390543169030008
112 23 0.9792592678336364
112 25 0.532068110710007
112 26 0.41334450964162944
112 27 1.0741953520895249
112 28 2.144180079834374
112 30 2.0388320237730144
112 31 1.6467728366870258
112 32 0.33588773519051607
112 33 1.6157679604515975
112 34 1.170085012794176
112 35 7.985172567409477
112 37 0.5043117597863666
112 38 0.9059074501405895
112 39 0.4024220132320627
112 40 0.7110136313940831
112 42 0.3400937077804546
112 43 1.070470116180856
112 44 0.8354988729703524
112 45 0.10533425035952855
112 49 1.00959082347789
112 50 1.1103465498895468
112 51 0.9824668827362328
112 52 0.5923940647551643
112 53 1.9782012608612638
112 54 0.645814075759313
112 55 0.5910955601962885
112 56 0.009173910718859623
112 57 0.6065481899289897
112 58 1.8428707369048398
112 59 1.019258326947967
112 61 0.6699365883220199
112 62 2.309060638067341
112 63 0.45452676758896265
112 64 0.5391667555183354
112 65 0.11429201504340332
112 66 0.34373679440332777
112 67 0.11714807702372547
112 68 0.3353402312705348
112 69 0.24624848329224605
112 70 1.02026116245075
112 71 5.757053205896456
112 72 1.6322265430633425
112 73 0.2587734911167004
112 74 1.374251438252653
112 75 1.3066770004662296
112 77 2.733252315411684
112 79 0.2899356685852811
112 80 0.3014218109133685
112 83 1.708871698351945
112 84 0.17348695955456223
112 86 0.798498531741224
112 89 0.9422632271291119
112 90 0.011862175503515838
112 91 1.5507223310063192
112 92 0.8034267671397282
112 93 1.8725229707662978
112 94 0.017112051329495784
112 96 0.143146655576597
112 97 1.5778248520307074
112 100 0.30691517213114194
112 101 0.07599787886843613
112 102 0.20430988018310475
112 103 0.09324245097483157
112 105 0.5465842462085345
112 106 0.41634582372020024
112 107 2.906029829092523
112 108 0.1367828243027607
112 109 5.092384090932709
112 111 0.5744020008526767
112 113 0.5728857007601402
112 115 3.907881999679561
112 117 0.4955509274462638
112 118 0.7978467550995343
112 120 3.97419684842742
112 121 0.5123388794649708
112 122 2.997502021469763
112 125 0.805172017681547
112 126 0.8952702907938553
112 127 2.770032668465494
112 129 1.2955178072057896
112 130 1.3884546940393683
112 131 0.42250630713575266
112 133 1.9559272103015581
112 134 0.5664636422247951
112 135 1.4052432494489826
112 137 0.7351301623133242
112 138 0.5042331431383319
112 141 0.3503407588146931
112 142 8.183638790010537
112 143 9.15040367912279
112 146 1.0661402259754327
112 147 2.4228465584785046
112 148 0.04298189683033927
112 149 0.6539319574121882
112 150 0.00688875962999892
112 151 0.8370136031799209
112 152 13.4029095900334
112 154 0.023662190097528322
112 155 0.5273783314874796
112 157 2.708564563151923
112 158 2.7833347257796315
113 1 0.21421508501309425
113 3 0.025600869637258206
113 4 0.09213190218240881
113 5 2.2048044117104366
113 6 5.2214528440077626
113 7 3.5370706109371173
113 8 28.67278131950249
113 9 5.482087162320965
113 10 8.805770337047335
113 11 1.1220026652736537
113 12 0.21539106965664317
113 13 18.88665296825225
113 14 19.719095469652476
113 15 4.168131724452609
113 16 0.037461942967613945
113 17 5.278680902530079
113 18 1.5717563162786383
113 19 0.87808070626713
113 20 846290.9228322976
113 21 594374.2743031918
113 22 1.0201325234152199
113 23 54.38690172037557
113 25 0.11284644269294132
113 26 4.707369119575428
113 27 0.07254343122986227
113 28 2.4135003633989403
113 30 255371.07136871968
113 31 2.574383210939213
113 32 1.4739183691254187
113 33 0.16023482109013304
113 36 1.893805426195363
113 37 8.350000052047564
113 38 3.2105759096221553
113 39 39.13259030900103
113 40 12.068422314420678
113 42 3.3033600223447706
113 43 3.314289297770242
113 44 0.38896425312017024
113 45 2.320728921665926
113 46 0.17072718333677261
113 48 3.837090448723883
113 49 19.935525837379938
113 50 2.027649350043039
113 51 1.3778781918318355
113 52 2.5224339498082684
113 53 1.652448873408428
113 54 3.7625619621758806
113 55 289.7647972242827
113 56 4.286223256676193
113 58 2.1703660089551478
113 59 1.5808999520991505
113 60 6.536041879655551
113 61 0.25038567083252194
113 62 9.867868370047557
113 63 2.755717078475641
113 64 5.539687527678626
113 65 3.6444905498735154
113 66 1.0233347398767978
113 67 0.7114851712217543
113 68 12.523187419817788
113 69 13.680552769563196
113 70 0.02889840364650656
113 71 0.07493042072481468
113 72 2.7554720957446763
113 73 1.3290060727460251
113 74 130708.90814637621
113 75 0.053483171694467625
113 76 0.5804652708156872
113 77 1.3751709312602898
113 78 0.16812426411041126
113 79 3.1957465835327103
113 80 0.9092947950567704
113 82 0.679968729020715
113 83 0.5077694584840972
113 84 0.018050566400101803
113 85 5.4698961679257465
113 86 1.9718040621282573
113 87 8.47934387996075
113 88 4.163183587855216
113 89 8.320128949612432
113 90 0.8347927477660593
113 91 1.5472137349830637
113 92 4.106240948483831
113 93 105.50068691863015
113 94 2.4363440907388503
113 95 1.2637897103545954
113 96 10.986575778395327
113 97 1.3475805501384996
113 98 0.13582417755512868
113 99 3.1939581407803126
113 101 0.3992298342654946
113 102 0.9167712943600784
113 104 0.4402765132710833
113 105 1.4961351503430678
113 106 21.299171621243477
113 107 0.5478647496516716
113 108 2.945308576055903
113 109 3.615743429794336
113 111 2.938386846002384
113 114 3.379449450557443
113 115 2.822875164259327
113 116 2.2863770851980982
113 117 1.925406511224793
113 118 0.19530331883426838
113 119 1.321560612073969
113 120 2.75136477941574
113 121 2.495266478927482
113 122 1013883.5257955425
113 123 0.3440396878216206
113 125 67469.45796425048
113 126 0.09545404874089458
113 129 1.8315959127823302
113 130 0.09961121622198624
113 131 7.701621159438663
113 133 4.406867356559816
113 134 705787.4939898414
113 135 6.397303509222016
113 137 183.66112974757678
113 138 0.960268725736311
113 139 0.7897489104923836
113 141 3.5549619569919555
113 142 77022.45757866208
113 143 478278.9987268267
113 145 2.016058606005855
113 146 0.4067673894364211
113 147 0.382247655131201
113 149 5.367693016116499
113 150 3.172757496622006
113 151 5.463206117109243
113 152 239019.1987489955
113 153 3.3532382484467265
113 154 131669.06994765272
113 155 0.6288330769138698
113 157 5.7508919483003185
113 158 40.09999423717821
113 159 0.15151026404215154
113 160 2076009.1108629783
113 161 0.9962306150158682
114 0 0.8288506466332038
114 1 3.423780792008597
114 3 1.9553081627765507
114 4 2.5864626422550208
114 5 0.862530936421109
114 6 1.1351137841493402
114 7 0.5563558747759487
114 8 2.132082334268395
114 9 1.3578450345395228
114 10 3.713772021382647
114 11 0.026936632336647608
114 12 1.18480743326292
114 13 1.5278145434367447
114 14 0.6281303184541971
114 15 0.4108891816547366
114 18 0.08186574230870858
114 19 0.28809872497256006
114 20 3.2101742611187962
114 21 0.6964721676634306
114 22 1.145790391256862
114 23 0.21454445740605446
114 24 0.08000474710107586
114 25 1.5903291410692912
114 26 0.8846095634221592
114 27 0.5436276220135381
114 28 2.693812522427061
114 30 1.2928921057217448
114 31 0.696331555733421
114 32 0.8692839571363046
114 34 2.2992667993945566
114 35 3.2964073751439913
114 36 0.6641047169955653
114 37 3.794242161399433
114 38 0.6566740141331592
114 39 6.422369880800218
114 40 0.5362489123297242
114 41 0.9986751739864701
114 42 0.031708076540784606
114 43 0.11777900676477819
114 44 2.2918621957828105
114 45 0.7538403018272165
114 46 0.13308257566580362
114 49 2.924886630378091
114 50 0.0538568591748716
114 51 1.0416402950195447
114 52 2.435701137442462
114 53 0.5779189214163811
114 54 6.302485049403328
114 55 4.62227563267178
114 56 0.19435771675930658
114 57 1.715344291430833
114 58 3.0566931969210103
114 59 1.4035953789769477
114 61 2.5722138151435856
114 64 0.0005686490674449901
114 65 0.4351592474130838
114 66 2.2233615728262603
114 67 1.049960631017694
114 68 0.20746816477246494
114 69 1.4053349803257693
114 70 0.044535341376677764
114 71 0.5281179288431956
114 72 4.601035452436814
114 73 1.8096453095117446
114 74 0.5373334139312301
114 75 0.37484890912456026
114 76 0.06192758990661565
114 77 1.030229452819791
114 79 3.136431176832092
114 80 0.34754749773891674
114 81 0.06837828493548075
114 82 1.0085939558895265
114 83 0.42900001597
114 84 0.5232537299140807
114 86 1.6903905038091398
114 87 1.7018228578891215
114 88 1.6798304536071358
114 89 0.5629492831569387
114 90 2.130309651829027
114 91 0.6025867444057396
114 92 0.33869543999819074
114 93 1.6644228787050637
114 94 5.301188572000493
114 96 3.1600856233437424
114 97 0.02944993430788187
114 98 1.3333433913001913
114 99 1.4234910010469455
114 101 0.8335580842959933
114 102 0.4600286008450576
114 103 0.8986448605256516
114 104 0.4443272162292527
114 105 2.1306204358411165
114 106 0.7906506612490624
114 107 1.4107214776016175
114 108 1.3548950587030175
114 109 11.402323740996929
114 110 0.120688789839669
114 111 9.269092755133634
114 112 6.108363479200222
114 113 1.1043504330802048
114 115 1.2805533153325999
114 116 1.4437730535046447
114 117 2.2647111269121636
114 118 1.0344494238153348
114 119 0.26809574378852546
114 120 0.8291260631969922
114 121 4.234071491915812
114 122 0.644627506943775
114 123 0.45023776486433204
114 124 1.221298718084716
114 125 4.139638661383487
114 126 2.1577762135056524
114 127 1.50095993720738
114 128 0.12480635263132926
114 129 0.4169294975233948
114 130 1.757449014646895
114 131 4.296665903149245
114 132 1.228828775259884
114 133 0.7084448860133907
114 134 1.114108973586648
114 135 0.8205933293603577
114 136 0.5584634762711267
114 137 1.1605692758505635
114 138 2.480693175808811
114 139 0.052750901392010996
114 140 0.034301175972186765
114 141 0.19383975722672286
114 142 1.9828450433140943
114 143 0.07203396361326592
114 145 0.3989803261499795
114 146 1.7749122057237239
114 147 0.434879645410284
114 148 0.30194152629042514
114 149 0.39728604689808555
114 150 3.851500014403663
114 151 0.5327657599005718
114 152 1.112856614052571
114 153 2.0307947866696705
114 154 2.3680202115692213
114 155 1.7599773172364674
114 157 3.42729219883024
114 158 5.4482591669019
114 160 0.020066448118332376
114 161 1.5502208305622915
115 0 0.081526713779636
115 1 4.78860229266511
115 2 6.4328088431958115
115 3 0.10065806448150204
115 4 0.6949447477941344
115 6 4.52514048226984
115 7 0.10928631319205273
115 8 2.286594366927618
115 9 0.09271193500140372
115 10 0.5165766959521709
115 11 0.10743307422971604
115 12 2.315461508155452
115 13 1.8326958078211806
115 14 2.2112354636046034
115 15 1.6017366694312551
115 17 0.4201961621225663
115 18 0.5266043491024991
115 19 1.5692263452881257
115 20 0.44624511621601304
115 21 0.16279029410982865
115 22 2.882076726617754
115 23 4.240962908806803
115 24 0.8587058810943985
115 25 0.7419687371870824
115 26 1.0380992389787127
115 27 0.5113951316808604
115 28 0.05840310044840798
115 29 0.11673965652231114
115 30 1.4031343122810216
115 31 0.18747430803783813
115 32 0.012155043031565909
115 33 2.5631167507835753
115 34 1.3707045838429226
115 35 1.0618387920485342
115 36 2.5191065356917584
115 37 2.6983520893488486
115 38 0.07821659319118773
115 39 0.34588020832756305
115 40 1.8227977522640983
115 41 1.0564616535133322
115 42 0.8861886528010502
115 43 1.388745843511434
115 44 0.21207790627543346
115 45 0.6243252559649438
115 46 0.5975795849067551
115 47 1.0685346151678035
115 49 0.456940227743784
115 50 0.09705303511078543
115 51 0.3758438079537352
115 52 1.8860325785890462
115 53 0.4421417950342158
115 54 2.8180711144771764
115 55 0.2553915007749159
115 56 0.020023053697136722
115 57 1.8362905045479578
115 58 4.6932131974568625
115 59 0.07851983015865811
115 61 0.4018008642818336
115 62 2.700643905633018
115 64 0.22252328044141742
115 65 1.6199401296388922
115 66 0.0006181568465112924
115 67 1.1236727841752612
115 68 0.40253439749596004
115 69 1.886207874017724
115 70 0.7369127503623257
115 71 0.3797775033106721
115 72 1.455199177628912
115 73 2.8678415571360243
115 74 0.43250634496878276
115 75 0.3325227864780273
115 76 0.6215416568587421
115 77 1.6731888876229832
115 78 0.06459265864544017
115 79 0.2723761132490085
115 80 1.3544928046833806
115 81 0.1168652742743255
115 82 1.7914941300814096
115 83 1.284604939759206
115 84 0.02553501661366484
115 85 0.11890888449934207
115 86 0.21380723292099776
115 87 0.014948276669352513
115 88 2.6409804929159733
115 89 1.20724714396897
115 90 1.1541609682871763
115 91 0.24566935592275
115 92 0.011287409653289433
115 93 0.7790390258319801
115 94 0.39291858518053424
115 95 0.5605475893005757
115 96 2.859300248329773
115 97 0.3059167626989587
115 98 0.0522557574426633
115 99 2.5041466922606763
115 100 0.3769426899363543
115 101 0.3208972153691791
115 102 2.3267441945027176
115 103 1.7707072105635626
115 104 0.40518504797531707
115 105 0.119644516098658
115 106 0.35686163444101315
115 107 0.05376715108451016
115 108 0.7876008159559927
115 109 0.21891522701018382
115 110 1.2706268982338431
115 111 0.11703537020829749
115 112 4.55651830567159
115 113 2.1774985948075565
115 114 0.99442917664289
115 116 1.019437715168506
115 117 0.6248893887738566
115 118 1.28170885903427
115 119 1.2647650660441379
115 120 3.223989180951037
115 121 0.34414043278951373
115 122 0.18819047283204846
115 123 0.788554783485028
115 124 0.020124802942142212
115 125 1.8721031213077373
115 126 0.06603198365391678
115 127 0.4380818277483337
115 128 1.9394102214546427
115 129 1.1204462013582888
115 130 4.472456600171564
115 131 1.1012143428717005
115 132 1.2945552648394294
115 133 0.7804655171914296
115 134 2.3859732710198767
115 135 0.972833010558716
115 136 0.31598557251493675
115 137 1.1903464140872717
115 138 1.0389079755390105
115 139 0.06163856035633516
115 140 0.05149064213912925
115 141 1.5858065711323597
115 142 0.8105746447097817
115 143 0.45464096574848994
115 144 0.3873778372596033
115 145 0.34224857417362275
115 146 0.6187170670355553
115 147 0.07268381059839898
115 148 0.2698637820608397
115 149 0.37077182161856526
115 150 1.0890745747336867
115 151 1.0587807382415795
115 152 1.488862311862114
115 153 6.678860846292348
115 154 4.075812391489413
115 155 0.04733245775582322
115 156 1.106837926718275
115 157 3.2436147407860902
115 158 5.507070761128378
115 159 0.34842361351310064
115 160 0.39011338970076803
115 161 0.28196900396059255
116 0 1.1054460231930348
116 5 1.4741257440940603
116 6 0.27390644711872564
116 7 1.0137690933098402
116 14 3.479226615710721
116 18 0.2507156197931873
116 19 0.17473440250908762
116 21 1.1362152224493716
116 26 0.2249248271496845
116 30 0.044487493371569625
116 31 1.3159488306938052
116 32 0.8183248238332325
116 34 0.23136041440758753
116 36 0.604432263166736
116 37 1.5729472447456887
116 40 1.2923996205419
116 42 0.25583422060155864
116 45 0.21991449575827862
116 49 0.04644986199925878
116 50 1.3009166933105778
116 51 1.1241347224396756
116 54 0.8626308741750149
116 56 3.114171147124293
116 58 4.779987907368438
116 64 0.594782747895878
116 65 0.3459277019468195
116 66 1.0155213582599814
116 67 0.3107936963215388
116 68 2.0947770711538904
116 69 1.1034048187995278
116 70 0.8702429728293045
116 72 0.40244087361576036
116 74 2.4891134248248252
116 75 0.4415166374743689
116 79 0.8764503554242197
116 84 2.276606671268714
116 87 0.5590188109588997
116 89 0.16255181086647014
116 94 4.081809125081623
116 98 0.06682993290259885
116 101 3.906584849462718
116 102 1.2346778214897085
116 105 1.9458698048919432
116 106 0.6586680048042701
116 112 0.12124233495855832
116 113 0.9310848646095041
116 114 0.09993920329834825
116 115 0.06485897899322364
116 117 2.8666595908615795
116 118 1.6396278825343735
116 119 0.2832739042145925
116 129 0.3024576139903141
116 130 0.7200374117242865
116 131 0.3049353876778847
116 133 0.07223956698365366
116 135 0.20816983210354165
116 137 0.2591857492835385
116 138 2.6456383020105214
116 139 0.9582507379521454
116 142 3.784715626529766
116 146 0.6809025058343364
116 147 0.822587420561256
116 149 1.9079299812410722
116 150 1.5168592750531535
116 151 0.2574223988000683
116 152 0.19620874513782077
116 153 0.09066706215684744
116 154 2.0342008802902622
117 0 0.8967821555936614
117 1 1.2364289642638528
117 3 0.6671302468815408
117 4 1.3731534524688935
117 5 1.261473807655534
117 6 1.1348932598050525
117 7 0.1507497059874245
117 8 0.8913607546407286
117 9 0.04336831839482054
117 10 1.7150597840640158
117 11 0.43652429154569283
117 12 1.2655221284993377
117 13 0.8261723518741063
117 14 1.9309047137533408
117 15 2.755657333466895
117 17 0.4224672445328425
117 19 0.27175815962355504
117 20 1.5973003736150888
117 21 0.0459321328642002
117 23 3.690033169674305
117 24 0.4801067996095587
117 25 0.7730700780048357
117 26 1.3966495928640512
117 27 0.5431746672919439
117 28 1.5715140457353225
117 30 1.4866761982340517
117 31 0.018190401579369186
117 32 1.1209701991317855
117 33 0.4244561614741605
117 34 0.2293326889338816
117 35 0.5761119822924223
117 36 0.4461021109521013
117 37 0.23781929341422212
117 38 0.32980984040143807
117 39 0.3425104168374627
117 40 0.07295049635749354
117 42 0.006591733802769261
117 43 0.29510497617739845
117 44 0.03370131330774099
117 45 1.9064017087539342
117 46 3.233233696970842
117 47 1.7516905479301084
117 49 0.09778292365521682
117 50 0.2084033466682968
117 51 0.991239586859382
117 52 0.20917242007222708
117 53 0.5531893619174492
117 54 2.399875729575912
117 55 0.4661196548998151
117 56 0.6980611939974403
117 57 0.00809188353244798
117 58 1.1377899722157174
117 59 0.45247622537977694
117 62 0.9044797215472493
117 63 0.6750070718301445
117 64 1.176999414711529
117 65 1.2075460518402388
117 66 0.11177140898774718
117 67 0.7109070811397977
117 68 1.214203930044703
117 69 1.16545657022804
117 70 0.3106275359662181
117 71 0.11477250827339096
117 72 0.5929171232185068
117 74 0.09645162512231141
117 75 0.0416078960553863
117 76 0.7057296590328697
117 77 0.08581098599111171
117 78 0.11857301351453539
117 79 1.3818761129472905
117 80 0.3837071388334597
117 82 0.2008785543726241
117 83 1.2498785107724502
117 84 0.5993837684682364
117 85 0.3195921216051206
117 86 0.1324494600799243
117 87 1.5572902436140057
117 88 0.3746150664302844
117 89 1.5174788256671472
117 90 0.2655721577878188
117 91 0.42152562558242274
117 93 0.8827264370292369
117 94 1.2787047145544226
117 96 0.02407310176116108
117 97 0.8655714424553066
117 98 0.19016532585940943
117 99 1.6275665357639997
117 101 0.4849285502104296
117 102 0.1402980242063404
117 103 0.009071049782825968
117 104 0.1787062732683709
117 105 1.7580841168228052
117 106 1.477235819244783
117 107 0.04994831558116196
117 108 0.1247711976773527
117 109 0.5270796848067554
117 111 1.4643279407914143
117 112 2.400941679934402
117 113 0.21349282748139659
117 114 0.37831222642467116
117 115 0.04248484912502591
117 118 0.03721138318954001
117 119 2.0357420481469344
117 120 0.21313924624690728
117 121 1.7855300172565736
117 122 1.1439127460592373
117 124 0.3173913915278035
117 125 0.6338261521033536
117 126 0.08587088059709928
117 127 0.9681612398194593
117 128 0.9733055522481047
117 129 3.512831994352312
117 130 1.8173151747507845
117 131 0.8822443755714553
117 133 2.520167684434432
117 135 0.18769925046585445
117 136 1.9507985679334339
117 137 2.876252224644676
117 138 0.6175170848957825
117 139 0.06892475421346178
117 140 0.8308376018419927
117 141 0.37402637618190104
117 142 1.4895999656239776
117 143 3.6335656205983486
117 145 0.6916469929114567
117 146 0.07247972093988037
117 147 0.10428223281040545
117 148 1.5964606609607235
117 149 1.9424792530246056
117 150 3.654320788675407
117 151 1.7742205934963342
117 152 1.0122314067009623
117 153 0.004686605097438493
117 154 1.3149619956515242
117 155 1.085799563165546
117 157 1.0359833932347837
117 158 1.943878075008898
117 159 0.03877454281745942
117 160 0.9788740313827798
117 161 0.03768348299795236
118 0 2.8774349438606683
118 1 0.07208620829813878
118 2 2.676777059970913
118 3 1.2895615791021997
118 4 0.6363530429102273
118 5 1.8217779792276902
118 6 1.3695935363019658
118 7 0.9704964714419156
118 8 0.41437487982718413
118 9 0.11792546616350624
118 10 4.518582317782379
118 11 0.7256900754110254
118 12 0.05916714554961558
118 13 1.099969001846531
118 14 1.177466352315563
118 15 0.4742912869159916
118 17 10.039520843315856
118 18 1.2963869835837893
118 19 0.4900338800577757
118 20 4.625280681678024
118 21 2.1778236943080893
118 22 1.9556973467211614
118 23 2.8535879248727576
118 24 0.4380378223956321
118 25 0.28105837835408143
118 26 0.43169920739095613
118 27 0.8628604993419975
118 28 1.0108077764584644
118 30 0.7354412515448467
118 31 1.255891296974134
118 32 0.4709826837360427
118 33 2.0818112199193837
118 34 2.3054496195177596
118 35 5.428449068147383
118 36 0.9235565678030164
118 37 1.329079591623023
118 38 0.009795820604393709
118 40 1.3161536373218292
118 42 1.040559258440424
118 44 0.6302351734385154
118 45 0.5387446027102788
118 46 2.1410579775763607
118 49 4.653501049403318
118 50 0.34325150728186105
118 51 1.5911910067646826
118 52 2.0812664228270914
118 53 2.806481631593823
118 54 0.5318280268061937
118 55 5.187419617853354
118 56 0.331214314402458
118 57 1.1743797722837994
118 58 4.159695483227912
118 59 1.2485157990817348
118 61 0.3166831096207638
118 63 0.40190421476026034
118 64 1.2846839235285832
118 65 0.8238523449427658
118 66 0.6293688005077018
118 67 0.7249571597099435
118 68 6.963855431468266
118 69 1.5687961684086733
118 70 0.4599329571847075
118 71 0.7160155527614636
118 72 3.892051437108057
118 73 0.19960433202827196
118 74 3.0844660681636262
118 75 0.0068806569078114855
118 76 0.10480055646384938
118 77 2.951412876398829
118 79 0.48983792682749233
118 80 0.5572557573116249
118 81 0.06105834415485157
118 82 0.08668890445345309
118 83 0.04562675797471386
118 84 1.2740853406627233
118 85 0.31527747783751764
118 86 0.9300336153815787
118 87 1.3149274105197275
118 88 0.5200913951580577
118 89 0.6813314436279795
118 90 0.23861628933183593
118 91 0.42868189549095137
118 92 7.602555787516149
118 93 0.009132382003490782
118 94 0.4597798732930719
118 97 0.36896270035121387
118 98 2.5935382327279806
118 99 1.0817258327610828
118 100 1.0058210561626066
118 101 0.2522564214101341
118 102 1.1466636326202764
118 103 2.839292906455522
118 104 2.1205727691611975
118 105 3.424304014468018
118 106 0.4450175184249192
118 107 0.7181379239428249
118 108 1.0949949381019652
118 109 0.4877197989257243
118 110 0.5307202689551552
118 111 4.288994078375956
118 112 2.826928488672339
118 113 0.0024735435934347075
118 114 1.322289505119399
118 115 2.8650596934648043
118 117 0.6752025933847405
118 119 0.6355909509165717
118 120 1.3629150528482932
118 122 0.05653684119136917
118 125 3.506790156990033
118 126 2.9310902187876557
118 127 0.5251116409668671
118 129 3.452318164953272
118 130 2.621588799345063
118 131 2.997530473021049
118 133 0.7374836921816804
118 134 5.958054484619175
118 135 0.08633966398313012
118 136 6.649632568662516
118 137 2.2705289404760447
118 138 0.40711842868512904
118 139 0.8870673923667978
118 140 0.6722017042723446
118 141 1.4654285857473546
118 142 1.067645980698178
118 143 2.563161028474027
118 144 2.6670321934789856
118 145 4.279370116369068
118 146 0.4141898685639324
118 147 0.2247546208892465
118 148 2.244381702563246
118 149 0.16595379538095364
118 150 5.891392116930981
118 151 0.08117476022246974
118 152 0.8775996131996514
118 153 2.2942856005144887
118 154 1.6639905105836177
118 155 0.24384703348733744
118 158 6.430726220101777
118 159 0.8804056245844203
118 161 0.0453744370433494
119 0 0.29436590697731496
119 1 0.04036840845010774
119 2 3.561008966193843
119 3 1.696588084256179
119 4 0.3317186253032701
119 6 0.16453811235167867
119 7 0.5000024847344372
119 11 2.125479033874815
119 12 0.07533276676695023
119 13 1.7466880320593756
119 14 0.6827632128871538
119 18 1.7541783298993983
119 19 1.392756198084513
119 20 1.851587166586477
119 21 0.2759199925384246
119 26 1.456328990381461
119 28 0.008189339398642404
119 30 2.262457273611383
119 31 0.5944828954180885
119 32 0.20430829829712016
119 34 0.3179994801795825
119 35 0.14741553428431292
119 36 0.4097696292887174
119 37 1.0839196045267039
119 38 0.9867326375387216
119 40 0.3527248913085739
119 42 2.024355335799692
119 45 0.6797171497200565
119 49 0.13577222602871997
119 50 0.701965818340308
119 51 0.5170294038500793
119 52 1.3114459061305723
119 53 0.5553187298258814
119 54 0.29984353911474076
119 56 0.8830308469550344
119 57 0.009271972391276653
119 59 0.2727094994901239
119 63 1.7695569869933134
119 64 0.7975011974582046
119 65 0.05896890129624369
119 66 0.8803382518361085
119 67 0.9525386696745259
119 68 0.20984260055525483
119 69 0.7624253660836922
119 70 0.29073017167497384
119 71 1.2638729051841087
119 72 1.193515564529015
119 73 0.2767865352280407
119 74 0.16083699946187177
119 75 0.09548284952612084
119 77 3.5808511287815996
119 79 0.6397623181482915
119 80 0.35909475692156156
119 83 0.06045347802153504
119 84 1.454431333887259
119 86 0.7507557237373989
119 87 0.022402110394542915
119 89 0.22569037518352827
119 91 0.8482552821712598
119 92 0.326194858651489
119 93 0.9886476010423109
119 94 1.2016080620612293
119 95 2.139277777801604
119 97 0.492216137260917
119 101 0.002241238870197463
119 102 0.40807499213662685
119 103 1.9596751530511625
119 104 0.6520148293871646
119 106 1.6369725904164727
119 108 0.23295471113044527
119 109 0.7075932744026631
119 111 0.2932513235176
119 113 0.3787753238622508
119 114 0.4523538776486481
119 115 0.035799473753380114
119 117 0.20316373278105226
119 118 0.3579653184709834
119 122 2.5211711193471835
119 125 0.7790085111812716
119 126 0.2829000898069377
119 127 2.3555656071294684
119 129 0.0700473235123872
119 130 0.31849237183134266
119 131 2.116111781947825
119 133 3.0649368605553815
119 134 0.15515388807884292
119 135 1.1751802265403375
119 137 0.7225488471411898
119 138 0.015503341662602196
119 142 1.8042703458754186
119 146 0.31322457357636363
119 147 0.058783066601633835
119 149 0.14195485412126047
119 150 0.17720329284729527
119 151 1.0931552601205787
119 152 0.16032663515163717
119 154 1.0026132291253478
119 157 1.2438340920807707
119 158 1.5518764132719918
119 161 0.6654778349146615
120 1 0.6980731602858132
120 4 2.846871082150267
120 5 3.008034795851221
120 6 0.5751174295791237
120 7 0.6749405335484799
120 11 0.2110231975775234
120 13 2.5249719583180257
120 14 15.417698562500293
120 19 1.0040189695643853
120 21 2.395613628771646
120 25 0.061806752007668476
120 26 1.855986956849153
120 27 0.21238889408919703
120 30 18.27952597374817
120 31 0.3097281364023103
120 32 0.850684201509361
120 37 0.32729174845341436
120 40 2.6022468272632735
120 44 0.15455995251185042
120 49 5.695927610668493
120 50 1.6837597225056773
120 51 1.9321645575055248
120 52 0.6226827784610733
120 54 3.06641756801451
120 55 11.740817722877908
120 56 4.683328042713806
120 63 13.180117987254052
120 64 7.656818948986324
120 66 0.22647264687408378
120 67 0.2864902279834419
120 68 6.913695973162304
120 70 1.586786608666127
120 71 5.969708598649058
120 72 5.105203898263895
120 73 2.961886085337272
120 74 15.187506354922261
120 79 0.14863775980921112
120 89 1.2160286011524433
120 91 1.259150409585438
120 92 1.7379114376855818
120 93 12.586796479156682
120 94 3.2169823169798506
120 97 0.17995248142790196
120 101 4.360001604144501
120 102 0.7350665846806742
120 105 1.550264907449864
120 106 4.278923639069631
120 108 5.165132410401852
120 112 3.3665045330017227
120 113 0.08549418464679057
120 114 0.6704596495835612
120 115 0.6847349961900789
120 117 2.581890255021671
120 118 1.947029657016628
120 126 3.5369091155842156
120 127 0.5365753476270108
120 129 1.7962827245976214
120 130 2.4643400698377533
120 131 1.5192863688435456
120 133 5.114661331186935
120 134 9.406901320041849
120 135 1.4904495823609925
120 137 0.1693645592832705
120 138 1.5963068516936314
120 140 1.6160791103126544
120 141 1.274482227740329
120 142 6.249898863757411
120 143 4.102617823786112
120 145 0.02713518142388874
120 146 0.4938148106986737
120 147 0.714638595935551
120 149 0.43257700675376004
120 152 17.670351377680692
120 154 21.75292154714646
121 1 0.24229449468422545
121 4 0.038981220325059615
121 6 1.4592095721922147
121 7 3.7240333297045956
121 11 0.3053170736649519
121 12 2.0567888836052317
121 14 0.16866900944028057
121 19 3.0897216211620693
121 21 0.32015136601993555
121 25 0.5092206387357348
121 26 0.017246840927169604
121 30 2.4135898322124647
121 31 0.5551321537627413
121 32 0.16723828562300272
121 35 0.22005202286223094
121 36 0.28556369099313483
121 37 1.127903396925134
121 38 4.590126784581961
121 42 0.03864659538276931
121 45 0.0013022452515241943
121 46 0.894094929342176
121 49 2.9041179125533874
121 50 0.03935629423112767
121 51 0.7989879211255271
121 52 1.2195121603869579
121 53 0.0926294028590223
121 54 2.7393757128861616
121 55 6.040834536134196
121 56 0.31209651811801914
121 63 0.2552432086875238
121 64 4.080354711199139
121 65 0.056284532736273055
121 66 1.1752409014708596
121 67 0.16171314667580314
121 68 2.674517005547421
121 69 0.06272060539412112
121 70 1.515154868093174
121 71 0.10650094532530371
121 72 0.6788212868467169
121 73 0.782097235694064
121 74 1.102109503797866
121 76 2.4927829641533292
121 79 0.8092110237032083
121 83 0.7049674761351611
121 84 0.1538831751076046
121 89 1.4384495059260813
121 94 1.7865311586234704
121 97 1.0808017405895975
121 99 0.46411859068856515
121 101 3.1160119915893794
121 102 0.7745255647758479
121 104 2.751680219377062
121 105 2.6544698383027843
121 106 1.6503330995043726
121 112 1.1337254143409854
121 113 0.7153895245347094
121 114 2.9539149987435054
121 115 2.3366356401049155
121 116 1.814256444357754
121 118 1.1270523444779523
121 125 0.871542549864375
121 126 0.7668630610886467
121 127 0.497406444140553
121 128 0.30158861487376565
121 129 4.331577371609108
121 130 1.7455795269080432
121 131 1.8311674911171338
121 133 3.314701671225522
121 135 0.0019754767020968753
121 137 7.129419901495017
121 138 1.5826373769307778
121 139 0.5244871561843021
121 141 2.429112169533777
121 142 0.7767433123628789
121 145 2.4904461916809377
121 146 0.09876930076065621
121 147 1.3567249026447041
121 149 2.6341244153139387
121 150 0.6389625288743789
121 152 0.7471472757452196
121 153 0.09068482566385053
121 154 2.539714244181368
121 157 1.6066815181333272
122 0 0.5134463825238739
122 1 1.098905306329893
122 3 0.36805501907731236
122 4 0.930846430828938
122 7 2.6033619716255894
122 9 0.25304620030146746
122 11 0.18815750091947242
122 14 4.95306189170111
122 16 2.139943948422463
122 18 0.6157861697858245
122 19 1.2173506095305255
122 20 2.690171703556906
122 21 1.4329426692385094
122 23 0.7348161978397179
122 26 0.2658731137130038
122 27 1.1130043193397547
122 30 3.073914904329073
122 31 3.3144856320193115
122 32 0.24759192991316345
122 34 0.30109509704041915
122 36 2.6502610304814307
122 37 3.395961427950144
122 40 0.41698610170217504
122 42 0.2887278820046177
122 44 1.750278496719374
122 45 0.42676409743527544
122 48 0.18923974889669376
122 49 0.5394286397330079
122 51 1.221915056643773
122 52 0.5100520644402413
122 54 2.1625735520197478
122 55 0.41239505897976364
122 56 0.8188304052974247
122 58 1.7011737936459699
122 59 0.1899180408710605
122 61 0.4607522218742084
122 62 1.0183471011393856
122 64 4.754140663088315
122 65 0.026844583337905042
122 67 2.404049064676532
122 68 0.25275566048675174
122 69 4.145936218012377
122 70 3.0980410921117
122 71 0.09631667774587671
122 72 0.7883147025213428
122 73 1.4297313976323527
122 74 4.855430785376062
122 76 0.4678333475322523
122 79 0.47193581998291984
122 82 0.27225959691934387
122 84 0.09959763163717845
122 87 3.9261739132378044
122 94 3.231346443101894
122 97 0.09923684330604461
122 101 0.8511981645983645
122 102 0.5217714471799565
122 103 0.3203204055282203
122 105 2.59541898412138
122 106 0.8330771367556269
122 107 0.286523258816172
122 109 2.273171291733469
122 112 0.3905633561210706
122 113 0.21437952676467886
122 114 5.929172029163101
122 115 6.080763605255093
122 117 1.083727275748913
122 118 0.21077042644565622
122 120 2.6112657607580787
122 121 0.32626711231182365
122 126 0.3546322362430614
122 127 2.6917139136461694
122 128 0.8460928401015737
122 129 0.573441261203567
122 130 0.22400404566115784
122 131 0.2982020402631805
122 133 3.5944524450798783
122 134 2.485012766233182
122 135 1.1605693735377847
122 137 0.5256546174710548
122 138 1.1723764822994396
122 141 0.2844187246462603
122 142 2.567469833476195
122 143 0.17902168101062838
122 149 0.3051244508996378
122 151 0.21262480965617506
122 152 0.1801939491901057
122 153 2.347055777174641
122 154 1.5510215412674986
122 157 1.2524263528979331
122 158 1.627150912029644
122 159 0.5009420730846075
122 161 1.0589771442584734
123 6 1.9565384902858551
123 7 0.0465811910502947
123 11 0.8778465674756454
123 12 1.635755165545162
123 26 2.2869830687042376
123 31 0.3139427359273814
123 32 0.4614097373685353
123 40 1.3019331623723946
123 50 0.2025379193469142
123 51 0.291610689631972
123 54 0.10614720521888923
123 64 2.161964882621871
123 65 4.261765802786427
123 67 0.3865133352274265
123 68 2.026676887306989
123 70 0.41071896056626683
123 72 0.000985426246623441
123 74 0.6143175534352474
123 79 1.9887935484115529
123 84 0.3966370684368717
123 89 1.8250344490133303
123 93 0.21000243287600348
123 114 0.4084107152285631
123 115 1.377002891202676
123 133 0.4030820824534268
123 142 0.5135990923303175
123 150 0.12994084440020937
123 152 0.302034697756093
123 154 0.9080538291727671
124 7 0.37800457775068086
124 14 2.9487983068477095
124 26 1.6044585518318986
124 31 0.14027258750566374
124 38 0.4744750605359987
124 51 0.933148192290079
124 54 0.2846570862286904
124 55 0.4607913378424075
124 56 0.8261410213737688
124 64 7.42933567239155
124 65 0.030168062386792194
124 66 0.05255454978237813
124 70 1.5173961571000951
124 72 2.000233619045132
124 74 6.105060655572698
124 79 0.23884845746825395
124 93 7.875707655539326
124 101 0.922435567263495
124 106 0.5171855231682133
124 107 1.1229806277852958
124 115 0.5419287924825514
124 117 0.5621475417246872
124 118 3.503976361200869
124 131 3.0672375488874803
124 133 4.08046857797243
124 138 0.5445913876530074
124 142 10.117498932077037
124 145 0.8604168356588972
124 150 3.2701187111759302
124 152 6.7881867747176985
124 154 4.322131558004486
124 157 0.15673959195032594
125 1 1.329949630181617
125 4 0.5660587544369029
125 6 0.7497264153708416
125 7 0.12297698235121525
125 9 1.4597544092998245
125 12 1.1892408483535066
125 13 0.5254139064304989
125 14 0.6559758201790407
125 20 0.5468301346336127
125 21 1.3411547786101534
125 22 0.21233975954850934
125 23 0.4965159324711391
125 26 0.8152892506396702
125 29 1.5408748267825012
125 30 2.1769497196832535
125 31 1.1624586004086506
125 32 0.18482755962229747
125 35 0.3777780705296174
125 36 1.9257246377753667
125 37 0.2740515378820509
125 40 0.9458124654688767
125 42 0.4047287645830394
125 43 0.1401913414869678
125 44 0.007129129694072848
125 45 0.7105487316256958
125 46 0.030747161831113083
125 49 4.664690956568566
125 50 3.016965402045343
125 51 0.15478967859857456
125 52 1.201072338657698
125 53 0.48721416006273827
125 54 0.24596686414326957
125 55 1.7897381117848024
125 59 0.3376637533499489
125 64 1.5188227121409905
125 65 1.391468416506077
125 66 0.2536587247942808
125 67 1.7846881954388165
125 68 1.3782534509916735
125 69 0.7218877745372814
125 70 0.004734221935144472
125 71 0.46307194309241734
125 72 3.0194579279463674
125 74 1.317848849013342
125 75 0.7782613536637195
125 77 1.970009474839557
125 79 1.0510666142421767
125 80 0.08474012374465922
125 83 0.0350013549968234
125 84 0.7699494131343939
125 86 0.164945853563276
125 87 1.4325359443360755
125 89 0.18339219151167338
125 93 0.946908287011092
125 94 0.3543345364244403
125 97 0.3058365390924115
125 101 0.4828006305010515
125 102 0.888623643502218
125 103 0.06562277583540915
125 104 0.8710583545292945
125 105 0.09520088244817104
125 106 0.21547202845853897
125 107 0.5513650273499519
125 108 0.6782201611861308
125 109 0.694701466686593
125 110 2.103733396936057
125 112 1.8990480475846416
125 113 0.7018610323557416
125 114 0.3568991732242336
125 115 0.03813840246167053
125 117 0.007439991989359568
125 118 0.9942541872860127
125 120 0.4050609141723892
125 122 0.07239954574797823
125 126 0.0635364557684111
125 128 0.15676539091171357
125 129 0.39696370417162147
125 131 0.12000222313924008
125 133 1.8194385028399678
125 135 1.6885397881877613
125 137 0.37980320622018765
125 138 0.4709544753589447
125 139 1.355955628008326
125 141 0.1101573955026846
125 142 0.5643489635079416
125 143 0.3118711883390626
125 145 2.1591589673055096
125 146 1.205845302075842
125 147 0.3575097686776051
125 149 0.8848455613250626
125 150 0.18740355481086757
125 151 0.15533153951472434
125 152 0.09387540822559919
125 153 1.120303542549319
125 154 0.2702215632741204
125 157 0.5402420936726618
125 158 1.0617806999382478
125 161 0.17590123819988834
126 0 0.6036511878807125
126 1 2.727181755966987
126 3 0.006798604741941429
126 4 0.7137165959045461
126 5 3.439346712588078
126 6 2.21517857204718
126 7 1.300112512845897
126 8 0.3739383543444899
126 9 1.666939613120012
126 10 3.668370166562134
126 11 3.072417929183456
126 12 0.6943834164032215
126 14 0.8730200769377057
126 15 2.1700365839875633
126 18 0.1578850851027658
126 19 1.4666053477244303
126 21 0.9896949463722535
126 23 1.2252515307258327
126 24 0.5938331369868979
126 25 0.03305688971401541
126 26 1.053478471138977
126 30 1.7207333464707668
126 31 0.4998599954464452
126 32 2.5896630310602076
126 35 0.0021703854975003056
126 36 0.04641920785232844
126 37 0.2263951197768524
126 38 1.1488163647973864
126 40 0.06649290500708054
126 41 1.7949757123088512
126 42 0.09158538890180107
126 45 0.2278756474786887
126 46 1.547927011833528
126 49 1.1864111515262874
126 50 0.0423639170533651
126 51 0.2347150134774899
126 52 2.9126977669478213
126 53 0.9608348445427085
126 54 0.7889517026356014
126 55 2.903511764886101
126 56 0.5657217577640932
126 57 1.2938720061109807
126 58 0.6427879391816185
126 59 0.3530203359623289
126 62 0.2687708640424587
126 63 1.2486938934254947
126 64 1.0220747663584753
126 65 0.047572980084406954
126 66 0.10795060125327346
126 67 1.7294238147913654
126 69 0.21249287485481547
126 70 1.8824621286866816
126 72 1.8251839185927328
126 73 2.186102443788761
126 74 0.5759527728624548
126 75 0.5041472190596367
126 76 1.5169003686001388
126 77 3.800954817734724
126 79 0.38215875781968284
126 82 0.2687042151593178
126 83 0.4462054683159373
126 85 2.0210240957632624
126 86 0.8439008597751315
126 87 0.7350704506821063
126 89 1.0628097721965393
126 90 0.002554402061811095
126 91 1.3057360439189047
126 93 1.3727552058657353
126 94 0.43529997709427254
126 97 0.2604785541818256
126 98 4.431149655317704
126 100 0.6739074915013475
126 101 1.8255777903242176
126 102 0.8374125252276143
126 103 2.303609983017001
126 105 0.8043683258728282
126 106 2.354732290694324
126 107 1.752042401461153
126 108 1.6541981706928686
126 109 2.2546416725506417
126 111 1.5704004897326433
126 113 0.42895306805023864
126 114 0.43030045987245336
126 115 4.256965091484681
126 117 0.06572156360906971
126 119 1.5348012463095153
126 120 1.7687783437712032
126 122 2.4184756759009822
126 125 0.053614405582042064
126 127 1.2975109921579413
126 129 0.806176486183811
126 130 3.514668850032482
126 131 1.0021961034301083
126 133 0.3011624752950591
126 134 0.10119672156704455
126 135 0.5649214573464555
126 137 2.690956791196444
126 138 0.2581782617067916
126 141 1.026315407627438
126 142 0.42351293039850585
126 143 2.6479042616170947
126 145 0.034361017423793806
126 146 0.44019907848128603
126 147 2.6253439594306465
126 149 0.3959162175551698
126 150 0.21612820908553623
126 151 1.141041746971595
126 152 5.276817779528331
126 153 6.498488131876953
126 154 6.629872512474619
126 155 1.2035691008285438
126 157 3.36237442552579
126 159 2.6146718447454615
126 161 0.6753335026593597
127 0 1.3894000239171025
127 1 0.5577753216016881
127 4 0.14557505419147493
127 6 0.188222459220202
127 7 0.6968545317781447
127 12 0.5445548308991195
127 14 2.538110621403959
127 15 0.8884873671940289
127 20 0.1609549468249025
127 21 1.472831726660855
127 26 0.3712154067228267
127 30 1.7164781837342789
127 31 0.028584672349216134
127 32 0.3099986941141945
127 35 0.6226293283508478
127 36 0.06742551466475301
127 38 1.5156083183552398
127 40 0.7932120365626071
127 44 0.27213483727519944
127 45 0.20067561084145658
127 49 0.2607904499327977
127 51 0.8996782232512586
127 53 0.5596660379311227
127 54 0.6104954102676097
127 55 0.2140454203137752
127 57 3.456474850851145
127 59 1.9796542947268234
127 63 0.7614980287330279
127 64 3.188440264823633
127 65 0.336346638528773
127 66 0.2876265567744015
127 67 0.39551990559643774
127 68 0.3398764399780329
127 69 0.9743381702667728
127 70 0.680169948655309
127 72 1.7572104754957294
127 74 0.23817172379012164
127 77 0.09792818701380812
127 79 1.3748795492779389
127 81 0.22374638881221293
127 87 0.02336001376324079
127 88 0.6178807828260706
127 89 0.44133545071898295
127 91 0.688445931644209
127 93 0.2729895397481904
127 94 0.49536444107308103
127 95 0.32858924638917053
127 97 0.4800626954350526
127 101 0.8252069279563492
127 102 0.2804149327049475
127 103 0.8845350636657054
127 105 0.4771455052143831
127 106 1.0222553519413613
127 107 0.5807835647937621
127 114 0.9750093016730562
127 115 0.7638539061509022
127 117 0.17049114313228783
127 118 0.3435572338937061
127 119 0.6546098833162424
127 121 2.07666766172351
127 130 0.05570714260119558
127 131 0.9225216005953686
127 133 2.7051043802955443
127 137 2.1263213080913115
127 138 1.9259332686420159
127 139 0.14150155421276692
127 141 0.09480967681950173
127 142 0.08160199750624392
127 146 0.05382453537226751
127 147 1.635939271715843
127 151 1.3627277220908298
127 152 0.23365568537693726
127 153 0.049263509489553825
127 154 1.0026439056763543
127 157 0.4874413500201692
128 4 0.5233743585155903
128 6 0.7929970525587708
128 7 1.043877618262092
128 12 3.011333315231304
128 14 1.7840109131541253
128 19 2.1346678937539285
128 21 0.3414648102291641
128 26 0.08007593349971072
128 30 1.7485955641351167
128 31 3.8881362304782163
128 32 0.5678947397163329
128 35 0.4513915037704635
128 38 1.2164793102999816
128 45 0.10814396735403274
128 49 2.860030945981383
128 51 2.216863655851577
128 52 0.7091264224650872
128 54 1.6321833843489721
128 56 0.6276932176064276
128 57 1.5478874137701777
128 59 0.10283360306084142
128 60 1.163148090097969
128 64 2.808642560623626
128 67 0.2607811436789003
128 68 2.0240580319053025
128 69 0.9295595575051796
128 70 2.5157206600951993
128 71 0.560878597089623
128 72 2.631032511565061
128 73 0.19228488446086664
128 74 7.594809584595926
128 79 2.9172280356655365
128 83 0.20306882618767233
128 84 1.4524730089079883
128 87 5.752188056082137
128 89 2.134502382693879
128 92 1.6932192588748238
128 94 1.3144345087528484
128 97 0.789092716014044
128 100 0.6421397247726726
128 101 2.153290510185882
128 103 0.4684122991809467
128 104 0.28373126261605786
128 106 0.9945813872772932
128 113 0.03996955885276911
128 114 8.8566701425809
128 115 0.38283030310338295
128 118 0.07313772307501448
128 120 2.058644463700751
128 129 2.6726873027356675
128 130 1.4068004076431375
128 131 1.4297512514159936
128 133 0.5765999436529229
128 137 7.8498158404914005
128 138 0.6986530806851677
128 142 1.9069977297490754
128 143 0.01553795897443422
128 147 0.49159379960447774
128 149 0.21259384559908798
128 152 2.048731451269281
128 154 0.16972385026299455
128 157 1.3974957727769377
129 0 0.8592035588837852
129 1 0.6328993038357499
129 2 0.9508810574259361
129 3 0.032130665944913414
129 4 0.40777352280791124
129 5 0.8145854623288327
129 6 1.9449455115173702
129 7 2.195693058583804
129 8 3.780531338583413
129 9 0.061910233611942436
129 10 1.1989957695535074
129 11 0.2504934513596644
129 12 0.0470088721258912
129 13 1.2783272582720004
129 14 0.7286181766450635
129 15 0.8842717344988069
129 16 1.8581603122833557
129 18 0.21663938737667257
129 19 0.06639203294001098
129 20 0.2172179037159332
129 21 0.25218617997439624
129 22 0.22836786911289816
129 23 1.8584032464942069
129 24 0.46635660032698767
129 25 2.1677347044491344
129 26 0.18504646970619712
129 27 0.07336009725054198
129 28 0.24040555776734668
129 30 3.2421707182407657
129 31 2.98150873441161
129 32 1.1132941667993852
129 33 1.127825112300929
129 35 0.6546553160559617
129 36 0.21646023704468198
129 38 0.36723199638595744
129 39 0.6940489555811131
129 40 0.9290639564360147
129 41 3.00253645657835
129 42 0.006820767177893861
129 43 0.12838017149783426
129 44 0.6752799454450926
129 45 0.9539540551407162
129 46 0.11014614966271882
129 47 0.15078498903697649
129 48 1.959348316887113
129 49 0.2567589638134718
129 50 1.0250704188730317
129 51 0.0759029604988569
129 52 0.4536141805389554
129 53 0.1432347702149186
129 54 2.5846761990025504
129 55 0.583920652652847
129 56 6.819868920917092
129 57 1.0091299345460485
129 58 4.452630493685214
129 59 0.04212239052114327
129 60 0.35348852943170983
129 61 0.15100994775521473
129 62 1.4626295540395609
129 63 1.231318008259599
129 64 1.3283669476739046
129 65 1.581331462070959
129 66 0.24780090869985888
129 67 0.21237974898195536
129 68 2.1338885207652782
129 69 0.1698947209240383
129 70 0.13357886025179044
129 71 2.0602882526999586
129 72 0.025324564659951667
129 73 0.5314682538621415
129 74 1.1129270475736535
129 75 1.0730765762121959
129 76 1.4633012611597316
129 77 1.0130122526281338
129 79 0.5837974008041179
129 80 0.5457129223403006
129 81 0.6517381634357673
129 83 0.6969488355179948
129 84 0.08880699108230242
129 85 0.260758526032871
129 86 0.15983355551860712
129 87 2.1907748850729307
129 88 0.14800646862226297
129 89 0.976413555907293
129 90 0.5886899875180048
129 91 0.791643928245654
129 92 0.8902961027452327
129 93 4.251220234965506
129 94 0.47434114300691366
129 95 0.06420348381085035
129 96 2.1852940776771232
129 97 0.0038251654263588932
129 98 0.3088552091344588
129 101 1.5192707468848698
129 102 0.17782258589222577
129 104 1.3231882952679903
129 105 1.0672535777721266
129 106 6.961106727737269
129 107 0.06614017381872857
129 108 0.4434453355764124
129 109 0.7528674143105349
129 111 0.6283952644910678
129 112 1.2399121687571564
129 113 0.8319891708232537
129 114 2.0453375394286044
129 115 3.248489155219644
129 116 1.9522224714275926
129 117 1.063231699821215
129 118 0.12475415139747335
129 119 0.23326164255217413
129 121 2.3338441290689382
129 122 0.16667139227209876
129 125 1.5918855913265262
129 126 0.5983446710355157
129 127 0.7704127929524964
129 130 0.4933979071672426
129 131 0.8878923304683448
129 132 0.5057376289900428
129 133 0.9679322228335578
129 134 1.2349881543565662
129 135 0.018573848044657434
129 136 0.5266465911940765
129 137 0.49678322118987184
129 138 0.502413794827648
129 139 0.19057012729924042
129 141 0.019750868636668178
129 142 1.7076325770810892
129 143 0.7074750247737664
129 145 0.806434074303953
129 146 0.9268039465507008
129 147 0.008440586104735831
129 148 2.227586267932564
129 150 0.3407048417591082
129 151 0.13300158516520427
129 152 5.766902776727705
129 153 0.1782198111144498
129 154 3.7742302360460527
129 157 4.192428728656203
129 158 0.021649969651971194
129 159 0.5167844672140877
129 161 0.0006717681921682463
130 0 0.4015178650295432
130 1 0.18324378225217328
130 2 0.24454351443876235
130 3 0.3678183809340903
130 4 0.7663390522071708
130 6 4.139405901378621
130 7 1.009777288681412
130 8 0.2307595613273546
130 9 0.25663915898708495
130 10 3.632083698826346
130 11 0.9776890726738233
130 12 0.4874142283035068
130 13 0.42445586633949883
130 14 0.17629191837640232
130 15 0.46956584805134893
130 18 1.717703031103005
130 19 0.09059998917513268
130 20 0.839764000037292
130 21 1.6899596819631015
130 22 0.45462775694149105
130 24 0.8372791580609469
130 25 0.4880901854438349
130 26 1.0440326717034878
130 27 0.41512608156001746
130 30 0.4820203310440996
130 31 0.009854803767181433
130 32 0.8157379522304633
130 33 0.5618804524521424
130 34 0.6175846190432114
130 35 0.631235398980573
130 36 0.09482230311300215
130 37 1.5369307878363068
130 38 0.10577443898517143
130 39 1.9418476460358338
130 40 1.451149167718578
130 42 0.4060036497360448
130 44 1.1501525971945055
130 45 0.45765077258705594
130 46 1.4636103807555454
130 48 0.16302068537062697
130 49 1.7434722596393237
130 50 0.8370658111380036
130 51 0.618092535966061
130 52 1.053363469318227
130 53 0.6804766754403078
130 54 0.7144175433753781
130 55 0.10436821696149215
130 56 0.04447917350550717
130 58 0.4526046252936511
130 59 0.2865480516362345
130 60 0.7339616506406833
130 61 0.024633881994120657
130 62 0.7107848847909302
130 63 0.20886443322915646
130 64 1.235333281788384
130 65 0.9648280898446213
130 66 0.4839468602264129
130 67 0.08616421936443877
130 68 0.10879963801493124
130 69 0.45638268696511425
130 70 1.117656304982591
130 71 0.16810590967752584
130 72 0.1711903737297298
130 73 0.3318655865198588
130 74 0.8853667930938522
130 75 0.3146159250878426
130 76 0.2831254382988487
130 77 0.13471301934965066
130 78 0.019100552746485984
130 79 0.517357406521589
130 80 0.29927805725495565
130 82 0.3889487481491224
130 83 0.4130196060821221
130 84 0.48049644727772317
130 85 2.1880225833357696
130 86 0.2266330234700138
130 88 0.8464250096240904
130 89 0.09891666140030042
130 90 0.017294675164151174
130 91 0.08615533010806041
130 92 0.6936084583929024
130 93 0.33080776697565456
130 94 0.03127486613426549
130 95 0.11131137310844558
130 96 1.1228211968264767
130 97 1.1139884556206707
130 98 1.1336975368151723
130 99 1.1555346829553976
130 101 2.1740728237033884
130 102 0.08806797374085801
130 103 0.5214095255067641
130 104 1.1518481339178326
130 105 0.05947637925999334
130 106 0.9592526989458167
130 107 0.6594886419248912
130 108 0.058867539012579365
130 109 0.8042440312507833
130 110 0.9532458952352263
130 111 0.2759539048048539
130 112 0.45060612020323354
130 113 0.15793624164517048
130 114 0.05573738938458048
130 115 0.32607303642264285
130 116 0.2677574124653694
130 117 1.2830595982717972
130 118 0.8222720090704726
130 119 0.12830980567408815
130 120 0.6868800445497618
130 121 0.7336932531453161
130 122 1.6045954776917197
130 124 0.20245035537270978
130 125 0.3941739147346785
130 126 1.1454349847766412
130 127 0.3842889388355061
130 128 0.3930932841807258
130 129 0.12589448870715556
130 131 0.2202807327905963
130 133 1.1231586652681915
130 134 2.2037056386315466
130 135 0.146894881695465
130 136 0.3840465964528238
130 137 4.200811879160067
130 138 0.5443802394330572
130 139 0.4649909844576197
130 140 1.0374849552534826
130 141 0.4277447688966487
130 142 0.4773899731525399
130 143 0.1367901913026459
130 145 0.184438251521892
130 146 0.0011444532693264447
130 147 1.0921228685602766
130 148 0.05079121015247289
130 149 0.483728954218615
130 150 2.550703020546109
130 151 0.05339722603001115
130 152 0.15825575405859615
130 153 0.45044168376523547
130 154 0.18344402905812665
130 156 0.5156583640571588
130 157 0.40038425317727716
130 158 0.6382531273998476
130 159 0.006790811131851426
130 160 0.4900328714235536
130 161 0.1356719299115743
131 0 0.1935161239874981
131 1 0.6155853120450836
131 2 3.4041608217623196
131 3 0.42834321562766237
131 4 1.2012060736307781
131 5 3.3791711583270034
131 6 6.737836211634047
131 7 1.004895391668941
131 8 1.1033600372742611
131 9 1.3473891528921664
131 10 4.154834521040631
131 11 0.8319683546765514
131 12 0.3977064890126793
131 13 1.7301378026273098
131 14 0.2389280061821766
131 15 1.5377852624672783
131 16 0.761046950919803
131 17 0.12615412052965064
131 18 1.2697769930379883
131 19 0.5456569984315681
131 20 2.173398395428767
131 21 1.141391361511846
131 22 0.6023136570042702
131 23 1.5451897293757177
131 24 0.6316053592620229
131 25 0.4192771603456183
131 26 0.6688459808809355
131 27 0.7162600810390052
131 28 0.6046580329016055
131 29 1.6239828020382048
131 30 0.8814903947593623
131 31 2.6101261058843797
131 32 1.0074173488727418
131 34 0.6734594028476026
131 35 6.4671086084859954
131 36 0.8749214280526403
131 37 1.0394105018306337
131 38 0.8550248482110091
131 39 4.225153455536981
131 40 1.1625039757918065
131 41 1.4467980630861528
131 42 0.28959864040757877
131 43 2.6548306675400664
131 44 0.8314408687906394
131 45 0.4935988601989947
131 46 1.5266052623974677
131 47 0.047374626947170095
131 48 2.6288987267939152
131 49 0.8324820978712655
131 50 0.14456565036580332
131 51 0.29489892988826577
131 52 1.0728700882981836
131 53 3.757758741118114
131 54 3.718697902515812
131 55 3.4691236946386965
131 56 3.14923297609721
131 57 2.6740886013906158
131 58 0.8865509557772466
131 59 4.1277173775231635
131 60 0.9131697108974068
131 61 1.9244311629550057
131 62 4.015505086428018
131 63 2.443601854682469
131 64 2.242291655330313
131 65 0.13322362053726444
131 66 0.3256124850302603
131 67 0.33770497024736545
131 68 0.8766028979585155
131 69 1.7373527892653071
131 70 1.9260266103591286
131 71 0.47192521352432487
131 72 0.553342116534313
131 73 6.551498058518579
131 74 4.4618621160252045
131 75 1.291324536735106
131 76 0.8050149081038311
131 77 8.12104038139446
131 79 2.096201236182388
131 80 0.45773425893123754
131 81 1.6019984724983185
131 82 2.767429915585847
131 83 0.4052386595404013
131 84 0.01297465918498149
131 85 0.6538120736537858
131 86 0.27755100424179274
131 87 3.121242104363989
131 88 0.14203977671191914
131 89 0.37051687943808903
131 90 0.0733286416123879
131 91 3.4062696598759317
131 92 3.6013196525945834
131 93 0.9648576631925886
131 94 3.2226624268414503
131 95 2.654616536643657
131 97 2.59619998455245
131 99 0.3682075055049637
131 100 1.1454158431234414
131 101 0.10353365884469644
131 102 0.5360168090816674
131 103 0.19640524049716768
131 104 0.20809915353502867
131 105 0.9161902885496378
131 106 0.7767281062643182
131 107 0.05352622196244951
131 108 2.5560171566652796
131 109 4.094003568917234
131 110 0.1352663292981594
131 111 0.042859890104037054
131 112 4.923016113272225
131 113 0.37018726664464746
131 114 3.196152357834294
131 115 5.144554797028447
131 116 2.747645476209592
131 117 1.8461602016986298
131 118 2.0760459314110724
131 119 2.6655642668705464
131 120 5.946122576673495
131 121 2.789921299980446
131 122 4.671910622995596
131 123 2.20061657091227
131 124 0.4214873789702455
131 125 0.5493605671104727
131 126 0.25441744134402117
131 127 1.4200149549972203
131 129 4.113699511995868
131 130 0.24216567176059178
131 132 0.09177703965162734
131 133 0.43596461860865937
131 134 0.40556259666737315
131 135 0.2883264403695057
131 136 1.5397536417020465
131 137 4.666258729672204
131 138 0.776505358201745
131 139 0.5526764877963251
131 140 0.05287030924765709
131 141 0.9313624795261249
131 142 0.844456369753709
131 143 0.28404077405463113
131 144 0.02693302714047978
131 145 2.1109204800712615
131 146 1.0702394446767045
131 147 0.5799972034136343
131 148 1.4828585145565316
131 149 0.362379067781453
131 150 5.592292626860018
131 151 0.056679636760293424
131 152 5.499045982456515
131 153 3.150904328525739
131 154 6.341630452341426
131 155 1.3748396750590752
131 156 0.8773072937277233
131 157 5.429770993647112
131 158 14.855159314771125
131 159 2.2057087713039922
131 160 9.082497949907415
131 161 0.014812578006389361
132 1 0.7783332991161575
132 4 1.6552475938575297
132 7 2.8471686832145813
132 14 0.45468800904322176
132 21 0.6028132922330814
132 22 0.4667200650221169
132 26 0.09234087607729767
132 30 0.44514412206221354
132 31 2.198678607068242
132 36 0.1763898083668888
132 38 0.3898663170425823
132 40 0.7596341879839833
132 43 0.033900901066831975
132 49 1.8982702856750102
132 51 0.3684162924187562
132 54 1.251022111626505
132 56 0.6099296104685606
132 64 2.185450195958093
132 70 0.9173037373207709
132 72 0.35578938441110536
132 74 5.449017920549783
132 79 0.3081767194553653
132 93 1.0202488771334135
132 94 2.4521149898053225
132 101 0.060035579659252346
132 102 0.6570520557143417
132 104 0.035098079545878486
132 106 0.736316625172098
132 114 0.8567237249725644
132 115 0.8119356860684033
132 117 1.584182038670148
132 118 0.28398091825805777
132 130 1.8447702988407093
132 131 0.31449531804075
132 133 0.6437383820486817
132 135 1.6111836889221651
132 137 0.24411685406007594
132 138 1.3814861306982924
132 141 0.43009290582654786
132 147 0.028600415105440993
132 152 5.36240740977763
132 154 0.27399505646255884
133 0 2.334081442145716
133 1 0.11651451008184123
133 2 5.49689881313794
133 3 1.557322523387725
133 4 0.7952842741799545
133 5 11.728974761693218
133 6 0.6345628469579713
133 7 0.4460364744019797
133 8 24.264627267800638
133 9 2.029772911616067
133 10 3.8127481038366513
133 11 1.1544946448134494
133 12 4.963259193654031
133 13 2.588493055255231
133 14 1.0182073789567658
133 15 2.7619324057349095
133 16 0.28944553603304973
133 17 0.23744146013143985
133 18 0.8586587850294964
133 19 1.5148618267796357
133 20 6.928938283067269
133 21 26.553659400571348
133 22 0.36174353055294733
133 23 16.182873383934176
133 24 0.8500238543597581
133 25 1.2928394350131018
133 26 1.2262824020796357
133 27 0.8969327536181678
133 28 1.4985212079657377
133 29 4.025627509921475
133 30 28.703523522080882
133 31 7.02819938682469
133 32 1.3039177415604764
133 33 0.2539741219936518
133 34 4.982675527045931
133 35 72.91970797680439
133 36 2.3653591834470795
133 37 0.053624052148468826
133 38 0.05433429929490815
133 39 22.46965484198022
133 40 0.419576717087377
133 41 1.799684871130488
133 42 1.588922779361711
133 43 0.433951981825668
133 44 1.1111679060347692
133 45 0.06782318919713375
133 46 0.6572850798543263
133 47 0.5596194955517868
133 48 2.1065722308486934
133 49 2.4013265717592054
133 50 0.3526371554465169
133 51 0.7526523128421103
133 52 0.06576486215107871
133 53 0.1397423516722293
133 54 1.3285698088046716
133 55 6.2257866955851515
133 56 2.700860531904887
133 57 0.20274663298140982
133 58 6.353305762781033
133 59 0.8816397444387605
133 60 1.67897267362539
133 61 2.15778633177804
133 62 7.411203116248093
133 63 4.820568573517279
133 64 17.09686321030668
133 65 2.7413749784469665
133 66 1.4172726025388351
133 67 0.5187217390808903
133 68 1.0919375535265836
133 69 6.802475804532387
133 70 2.2729451003576564
133 71 0.17727911796420984
133 72 4.952748123649262
133 73 0.8910488356955121
133 74 3.1047751965222874
133 75 0.7014295131161556
133 76 2.12777622801681
133 77 2.0197510196531
133 78 0.5226316193699118
133 79 1.9906239017260972
133 80 0.3689763823123021
133 81 3.4648645147110937
133 82 1.9235702671855437
133 83 0.32994797155940236
133 84 0.5486188493562013
133 85 0.3167193649230896
133 86 0.15898186751733648
133 87 20.426362510102273
133 88 4.8950821785175425
133 89 1.0705735142514823
133 90 8.91787232526265
133 91 1.608321724076183
133 92 0.3716630888377824
133 93 1.2586166792592308
133 94 8.374419388736495
133 95 7.919342616071919
133 96 6.34992420555698
133 97 0.1658801760902091
133 98 0.5846962343728708
133 99 0.28574235279358773
133 100 2.8874082445181406
133 101 1.4427986053940718
133 102 0.6243258844167119
133 103 2.15683442828277
133 104 2.735734193146665
133 105 0.4568329614693401
133 106 26.801908800565997
133 107 0.3043206053180011
133 108 2.149982195880602
133 109 2.0535376018606972
133 110 0.46156903020414586
133 111 0.1640719424958384
133 112 2.3290221535443294
133 113 0.5164877101303006
133 114 1.1888242678151888
133 115 3.491909563074546
133 116 8.077329339253215
133 117 0.5885306716119552
133 118 0.46133533308188235
133 119 6.061770285116612
133 120 0.403544647182033
133 121 1.114025950893149
133 122 4.608861756497924
133 123 0.4524778397579279
133 124 1.910111633602433
133 125 39.44610077159328
133 126 0.9465406204477124
133 127 4.186562444074892
133 128 0.06395328571105267
133 129 1.183597120848072
133 130 11.340469616963185
133 131 3.8284642466853973
133 132 1.0659218117869742
133 134 17.500544688393315
133 135 0.716150670351088
133 136 0.72309076442198
133 137 13.608933259045902
133 138 3.092499891316708
133 139 10.378298611054664
133 140 2.2911541978886856
133 141 2.0143218254571207
133 142 1.6620769540679794
133 143 0.18887681038954202
133 144 0.8774981591700961
133 145 0.32031731187485785
133 146 2.6370519174344538
133 147 0.04491726873494141
133 148 2.1835796157713125
133 149 1.235161365556888
133 150 3.628888585655282
133 151 24.6436557521735
133 152 6.446249357988205
133 153 2.561930016314779
133 154 4.960286339504522
133 155 1.8171327137329225
133 156 4.904334275984591
133 157 4.833838276493575
133 158 10.194639909122305
133 159 0.11275758820599531
133 160 5.987416912364658
133 161 0.2892526383561343
134 1 0.6287424267545758
134 4 4.106969149696126
134 6 3.0538473776743187
134 7 4.69340373084998
134 9 0.5833676845576629
134 10 0.8520324630306045
134 11 1.0187887536714193
134 12 0.46727594469406813
134 13 9.165727137297951
134 14 0.3617749687201542
134 18 0.8912265355073024
134 19 0.46683277177967575
134 21 7.4155385514202745
134 22 1.593993763464948
134 26 2.3938893359009565
134 27 0.0506798309039981
134 31 3.2794429362746373
134 32 2.642755459359275
134 34 0.5747092789449482
134 35 9.927281323813757
134 36 0.010421904077233913
134 37 0.30099511650099225
134 38 3.027320447670362
134 39 5.350064083583778
134 40 0.3285007793527817
134 42 0.4401689947622251
134 43 0.7797757082794635
134 44 5.039398310908973
134 45 0.23853814222186195
134 46 1.4394734170460675
134 49 18.733532982264627
134 50 1.682593901324035
134 51 0.12724525614580767
134 53 6.028442453478526
134 54 3.9061383821307354
134 55 0.6993556148067341
134 56 0.20238428039515768
134 57 2.8415893394578537
134 58 0.05797474218426995
134 59 0.11643556577293243
134 63 7.586879586291457
134 64 0.740961688049645
134 65 1.3732745932290236
134 66 1.5748616915834497
134 68 3.2895721609083326
134 69 1.3363124528450934
134 70 0.45749608069488296
134 71 3.502972541210718
134 72 1.168692848244068
134 73 3.080700304677465
134 74 4.1193587157898985
134 77 0.895223448678048
134 79 1.8902097629656918
134 80 0.5204675106516287
134 84 0.3408561652770053
134 86 1.3277660552613482
134 87 8.460907676898442
134 88 1.8890864226566024
134 89 1.3679778006670418
134 90 1.3326464176783213
134 92 2.720398018183834
134 94 3.1490644372320347
134 97 1.720159858592476
134 98 0.532693282627009
134 101 0.12123834110241824
134 102 0.7023479954756181
134 106 13.625694382746403
134 107 0.8313247250325824
134 108 0.9038634492325094
134 109 5.767623183748365
134 112 2.21322573084334
134 113 0.5439928461717612
134 114 3.3205806558143496
134 115 15.872849140938696
134 117 1.2650771616361798
134 118 0.21663360329198814
134 120 6.735482012673315
134 121 1.6643466199971586
134 124 1.2055891778815322
134 127 3.892427083115818
134 129 0.08187353357667575
134 130 3.9985559896663347
134 131 0.3291793479272546
134 133 5.913830051051118
134 135 0.029381277992371148
134 137 17.262229894882438
134 138 0.8561235548795475
134 139 0.7248082829343118
134 141 0.5864534119111497
134 142 5.680825085910441
134 143 4.646782269746741
134 146 0.10711433532811146
134 147 0.911690432297169
134 148 0.8762772225027503
134 149 7.718369631059913
134 150 5.700632623696893
134 151 0.8941399036639395
134 152 10.378381233940223
134 153 3.312676299465019
134 154 8.7007186734335
134 155 0.8847572478747544
134 157 0.9399003549742646
134 160 2.795867618658893
135 0 0.3674313122421533
135 1 4.258634333712909
135 2 1.1547418038095518
135 4 0.24129785989311675
135 6 0.41104205325529297
135 7 0.7325024872480667
135 8 1.9005741153774098
135 9 1.6705344311995194
135 11 0.5774521077665534
135 13 0.5495135812641392
135 14 0.45930051965130725
135 18 0.3055822930481445
135 19 0.23013814657127954
135 20 2.035830681871307
135 21 3.762637848920961
135 22 0.8104613996827137
135 25 0.026015576517808222
135 26 0.37089056945757126
135 27 0.993840180075181
135 28 0.10385538381048542
135 30 0.02205369414040984
135 31 6.708781558869797
135 32 0.03220682551925874
135 33 0.6809376857738333
135 35 3.673384196250762
135 36 0.23701521785188048
135 37 0.5196900283111009
135 38 1.4681486790547327
135 39 0.6720734245872945
135 40 3.9471519865334312
135 43 0.3554987939649061
135 44 0.0692464201889121
135 45 0.6541408096937029
135 46 0.6068024126742044
135 49 1.605872119410657
135 51 2.884945044483937
135 52 2.812803587769466
135 53 0.18881546300050417
135 54 2.481595477943715
135 55 2.3769183580837283
135 56 2.6242246349943192
135 58 3.4386920905682916
135 63 1.094464795759822
135 64 0.4612385367914393
135 65 0.6170636620853218
135 66 0.18146451018757412
135 67 0.18833633764416668
135 68 2.0895658605870904
135 69 1.186203530233357
135 70 1.0306543490140998
135 71 1.6996786156144832
135 72 0.08071469277586467
135 73 0.8908521395092883
135 74 1.1896715522948482
135 75 0.33142733352502496
135 76 0.7205470835992879
135 77 0.19996536152632552
135 79 0.9139418595185748
135 81 0.13120782278684973
135 82 0.820798580800632
135 83 0.2944895702555143
135 84 0.4921044058131936
135 86 0.31120946622957785
135 87 6.34847323836154
135 89 3.764475888670135
135 91 0.5650538211542115
135 92 0.06556200084920293
135 93 2.1912571478294254
135 94 0.23180768871298127
135 95 0.028582224202180914
135 96 2.1237031138101345
135 97 0.33084983777282373
135 98 0.48792066962299047
135 100 0.03865014067579801
135 101 1.4721409415431546
135 102 0.3660855767588672
135 103 0.21555487657706546
135 104 0.004892494146491616
135 105 5.623381063730434
135 106 0.6609405056524393
135 107 1.5135199242725388
135 108 3.486735048489602
135 109 4.021835760310067
135 111 0.23195180135176763
135 112 0.05302985236175538
135 113 0.35675473188018353
135 114 0.9388431158535437
135 115 1.2568630773059584
135 117 0.2065540075958704
135 118 0.37499111449202066
135 119 0.0943942226796021
135 120 1.5828642424049768
135 121 1.7498159546346526
135 122 0.20259896643897407
135 123 1.4072791719861513
135 125 0.6317491830315602
135 126 0.10770204266625183
135 127 3.1736012884940834
135 129 0.7573159985241941
135 130 0.35704752895681524
135 131 1.2318288204322292
135 132 0.9636075135967419
135 133 0.12865489633262892
135 134 0.801542663302537
135 136 0.6768142515959225
135 137 2.044217504498689
135 138 1.3160222526711665
135 139 0.8996751235519833
135 140 0.4242719198446933
135 141 1.2082511663425348
135 142 1.5263201774483781
135 143 1.5353295347318254
135 145 0.19226863688744136
135 146 0.9745893990383039
135 147 0.6245711369073483
135 149 0.8186738837802017
135 150 1.0357068551767232
135 152 0.6589483141690295
135 153 0.3614544828924779
135 154 2.868395842826097
135 157 1.2225492336269765
135 158 5.450966102116993
135 159 1.3745046354835688
135 160 1.7783818476404543
135 161 2.1670422050853353
136 1 0.010268998064038824
136 7 7.017499176258722
136 9 0.47755643186542146
136 14 4.111812987302699
136 15 0.47476385111954345
136 19 2.0268159909753907
136 21 40.700738942092414
136 26 0.8370224183699163
136 31 5.233009795302538
136 32 2.5011747200160093
136 37 1.4355641341880767
136 38 4.3036956278997796
136 40 5.194412415538471
136 42 1.0343465081276975
136 44 0.1449921483202751
136 45 0.0691225382012215
136 50 1.3846017843370397
136 51 1.8565117950827144
136 52 1.1816921597423211
136 54 38.97527989857443
136 55 18.84609160705961
136 56 8.018075056870005
136 59 0.14205436626035903
136 63 9.534052612329345
136 64 7.153765199917969
136 65 0.7031460985933856
136 66 0.2743362941610745
136 67 0.1430733880107715
136 68 2.4607032097583064
136 70 0.42967366402328383
136 71 0.5648345155421367
136 72 3.859188548853611
136 74 1.240637561808004
136 79 0.526184607447946
136 83 0.23562072269778622
136 84 2.501090048263215
136 89 2.6127176385092543
136 91 10.976327585944594
136 94 2.0099415361698982
136 98 0.5051201321977601
136 101 0.5805746437155832
136 102 1.3984396402491643
136 113 1.1168045983222248
136 114 2.0290350591018345
136 115 2.0498312669269474
136 117 1.6413414616002537
136 118 0.8869189251519657
136 125 0.22695949429275233
136 129 2.432245312212801
136 130 2.1595629344534695
136 131 1.4025293311354579
136 133 6.730564512013915
136 138 0.11911269594559853
136 141 0.3532058000395376
136 142 1.5301765443448234
136 145 0.9921058183516032
136 146 0.61670519810817
136 147 0.4183994133824323
136 150 5.558743873569824
136 151 7.505322637166947
136 152 6.305283683312221
136 153 3.25522288907999
136 154 0.25392559215152194
136 157 3.951339671067286
137 0 1.643618276273185
137 1 2.620084645816113
137 3 0.22171430886716773
137 4 0.5182442847137807
137 5 0.23382106646641374
137 6 6.721730279849828
137 7 0.9701359329709053
137 8 2.8146149369524456
137 9 0.34554250691652516
137 10 0.3685644339069839
137 11 1.3852220282035694
137 12 1.4838349426074757
137 13 3.5246636295998464
137 14 2.208380709125985
137 15 0.44280334433037755
137 17 0.06055004515590936
137 18 0.17869967990432498
137 19 0.5096187896450606
137 20 1.0442601026911817
137 21 0.6393658146976591
137 22 1.9739599730054183
137 23 0.9325383794986492
137 24 2.494516921405525
137 26 0.48902136812157815
137 27 0.19251743314896533
137 28 0.6505173438963595
137 29 1.8506957205878536
137 30 0.5664121099573007
137 31 0.6480361287091775
137 32 0.1798794691774113
137 33 0.19381538987285318
137 34 0.18763847635203484
137 35 3.7188612488668826
137 36 0.6030953280622997
137 37 1.3672481252036146
137 38 1.963881089084838
137 39 6.170298815564613
137 40 0.23940521808567117
137 41 1.1679803934495516
137 42 2.6820815907083286
137 43 2.0522851219887257
137 44 0.018716134781366706
137 45 0.26997571905867934
137 46 0.7839534120360007
137 48 0.14010151662781611
137 49 1.4516993722684286
137 50 0.12594681366225832
137 51 0.45324967024635854
137 52 0.9781783938121408
137 53 0.5674181406805289
137 54 0.29131573312739584
137 55 0.9036690386309557
137 56 1.631296751442288
137 57 0.44432825802646325
137 58 6.476232569455978
137 59 0.4211589544984804
137 61 0.18515969699310267
137 62 0.4542152962900915
137 63 0.10774696426484005
137 64 0.9551712459067891
137 65 2.564727784299907
137 66 0.5193237282387745
137 67 0.6655888294646807
137 68 0.07218227016362419
137 69 5.763505362694848
137 70 0.15227228290585612
137 71 0.31138392239533114
137 72 0.5808555978775171
137 73 0.3587124349465807
137 74 2.3790000529094613
137 75 1.6157921207412558
137 76 0.4472739448622084
137 77 0.15606337407352125
137 78 0.020431710597681996
137 79 0.287407313612142
137 80 0.9203516734068203
137 81 1.3279499344109176
137 82 3.9794336247910334
137 83 0.6797967025088647
137 84 1.0899975408475637
137 85 3.695283557382408
137 86 3.0780128754732012
137 87 1.087727387847385
137 88 0.7093410518906824
137 89 0.14173531228269434
137 90 1.0076565254265581
137 91 0.22505472876144483
137 92 4.919313725155381
137 93 9.27479396844557
137 94 0.32881264147107997
137 95 2.307917274201608
137 96 2.370941329767076
137 97 0.3301031576895438
137 98 0.5087066292326321
137 99 1.847226872537969
137 100 1.026948582399384
137 101 0.696607072262841
137 102 0.3358506907890278
137 103 1.3660771253312867
137 104 0.3006618597704037
137 105 0.44687549131349136
137 106 3.43363168656565
137 107 0.07559283823586169
137 108 0.3603300547295693
137 109 0.5857065862431398
137 110 0.06558441911466237
137 111 4.504607466944526
137 112 0.9729040195372868
137 113 0.3159337829480556
137 114 0.7598591690231027
137 115 0.5771066888105755
137 116 0.7317647522302495
137 117 0.5018131353450962
137 118 1.791902873759501
137 119 3.534370511903746
137 120 0.08127325575524884
137 121 0.8380413918928915
137 122 1.1609990264476986
137 125 1.4126982099548009
137 126 0.9655592045139318
137 127 3.592076287742093
137 128 1.068256857179845
137 129 0.06915574341769697
137 130 1.6243494374950362
137 131 0.4000476610077448
137 133 3.4811545530065096
137 134 3.0513979042365684
137 135 1.2963957197967966
137 136 0.22517870280063534
137 138 0.10118410078781631
137 139 1.6525715796444156
137 141 0.2554068976114895
137 142 2.217082195533829
137 145 0.25341724118602027
137 146 1.052074986167012
137 147 0.09328357078954959
137 148 0.394403934406737
137 149 0.5104874346972842
137 150 0.6330034507522695
137 151 1.9220301732400362
137 152 0.859776547588502
137 153 3.374547152609231
137 154 5.643401108477657
137 155 2.2084019622093836
137 156 0.6465748631171127
137 157 2.7578165839609152
137 158 0.5372691758146492
137 159 0.44910357648581634
137 160 4.244629486449814
137 161 2.2872944803409605
138 0 0.006505208710844195
138 1 0.880004001920014
138 2 4.331347645409023
138 3 0.2270024203780833
138 4 1.3725261755599978
138 5 0.7376211330839174
138 6 0.7007630605449279
138 7 0.21930993787021663
138 8 0.08789759545059658
138 9 0.4211800043767148
138 10 1.3816205476476358
138 11 2.7969805727607273
138 12 0.6718328637981207
138 14 0.7450470416455873
138 15 0.0319711955287884
138 17 0.5889379949706999
138 18 0.2947514524617331
138 19 2.5604097563587813
138 20 0.6108002593642125
138 21 0.47240439440489085
138 22 0.1356122634322792
138 23 0.273710766143214
138 24 1.2980923314511885
138 25 0.02108352739989946
138 26 1.0912273743214478
138 27 1.0351417253788622
138 28 0.1535375720173325
138 29 0.6367083059436754
138 30 0.29461539822091304
138 31 0.11667419249901921
138 32 0.07709231724751975
138 33 0.014158200419609704
138 34 1.371376495441141
138 35 0.5260715205525304
138 36 1.1142929515858846
138 37 3.4625385592068847
138 38 2.0447130030819913
138 39 2.6892264479533567
138 40 0.9871292629010426
138 41 1.6217346739268026
138 42 0.47386145204232516
138 43 0.14010666554547122
138 44 1.4799522961546119
138 45 0.2924340542175242
138 46 0.49702529226106434
138 48 1.9563119485759806
138 49 0.42644797523310873
138 50 0.05557240760100723
138 51 0.23164569688240705
138 52 1.291098698781383
138 53 0.04809308459675794
138 54 0.8315329498565682
138 55 4.344319120221554
138 56 1.2676412836685726
138 57 0.2617590851574579
138 58 1.2176905582244182
138 59 0.32398060087921415
138 61 0.2759427291278909
138 62 2.212686233617742
138 63 0.20473976884917847
138 64 1.2679011673711076
138 65 0.25528355080442244
138 66 0.1322410291122721
138 67 0.48146072962237085
138 68 0.1631615483366046
138 69 2.924733570908364
138 70 0.7587894616073156
138 71 0.8473601602582977
138 72 0.6505452397460201
138 73 1.447127669049173
138 74 1.0204440924847247
138 75 0.15938437226529326
138 76 2.048028566494576
138 77 1.2155303881491573
138 78 0.15490957220275914
138 79 0.3626664898498071
138 80 1.2792348571836787
138 81 0.6089463462720384
138 82 0.7331304142277612
138 83 1.428538878360646
138 84 1.103171573025407
138 85 0.19047467065670345
138 86 0.29703933207305616
138 87 0.2360036240365827
138 88 0.585471278727924
138 89 1.2486735424922295
138 90 0.4503480567468213
138 91 0.3049443373267108
138 92 0.82240958447069
138 93 0.7884255011858239
138 94 0.7326919766986562
138 95 0.4611121066119197
138 96 0.6028945128811607
138 97 0.8779230038501032
138 98 0.484531855113463
138 99 1.93200188101512
138 100 0.11406167256780016
138 101 0.02534817605206274
138 102 0.36039091380750143
138 103 1.4471322853229596
138 104 0.055861243353045736
138 105 0.7851771444624894
138 106 0.9880183499060607
138 107 0.6443248997769895
138 108 2.52561089468214
138 109 0.6337708404659443
138 111 1.1193794002290887
138 112 0.20527637999270582
138 113 0.4348258085209294
138 114 0.3073210438598916
138 115 0.6243440674913923
138 116 0.5912987073408259
138 117 0.16860319206287436
138 118 2.902920216244941
138 119 0.6077815556996695
138 121 0.8235389447668958
138 122 4.306609503651013
138 123 0.9771354345995312
138 124 0.07920113652910116
138 125 0.7778790896641569
138 126 2.606781446246598
138 127 0.321206577321264
138 128 1.7925332059416927
138 129 0.20297764559476528
138 130 0.9740066580996064
138 131 1.9183313113537654
138 132 1.404888674323397
138 133 0.40829355329779154
138 134 1.343916096948905
138 135 0.32484666601849366
138 136 0.4258373086284196
138 137 0.11190016762491867
138 139 0.8680816423303481
138 140 0.034622343184478266
138 141 0.3782306434215314
138 142 0.9514948345756012
138 143 0.483471277195573
138 144 0.08283710777455867
138 145 0.6994841136332423
138 146 0.7930746138000586
138 147 3.0816974929641785
138 148 0.7709545349469927
138 149 0.009018967875107895
138 150 0.0390792208989731
138 151 1.0772972555601075
138 152 1.0182254164321132
138 153 0.771492720499655
138 154 2.2201517942291344
138 155 0.9981923491327251
138 156 0.3587451121817124
138 157 1.920967244991409
138 158 1.9680082936555785
138 159 0.03166389371809864
138 160 2.9267922123861414
138 161 0.05995422853346867
139 2 0.1829772189420154
139 4 1.3296314417978408
139 6 2.319314788767189
139 7 2.1931356351588085
139 8 0.17597639079286256
139 9 1.3325518980146163
139 11 0.1278198225164161
139 14 0.7839795157690036
139 19 0.590861857155501
139 22 1.3496871592187374
139 25 0.5164539626985307
139 26 0.272309544710061
139 31 0.13874131210441162
139 32 1.8135362246098845
139 34 1.6570437719660756
139 38 1.2431147918549112
139 40 0.15889764269847428
139 43 1.0849008372754998
139 44 0.28330773972333084
139 45 0.06303961470594681
139 49 2.4605854016056483
139 51 0.0020762952500086784
139 52 1.6530322537252606
139 54 1.8002713207865377
139 55 0.7705577495270292
139 56 5.511846204122244
139 57 0.7164067084087626
139 58 0.29550396546964725
139 59 1.2224280515506205
139 62 0.09249507078251344
139 63 1.365062787700204
139 64 0.7404991297771079
139 65 0.1511257073616993
139 66 0.3794103614361262
139 67 0.00920967681361192
139 68 1.0823101523253698
139 69 2.693117981185844
139 70 0.7735592137081053
139 71 0.6344520733639857
139 72 0.4103142251779666
139 74 3.7166715428141477
139 77 1.4135191333255728
139 79 0.7425424811369761
139 84 0.47237612462144546
139 88 1.4471393824843648
139 89 2.233927761779803
139 91 1.552647850487703
139 93 5.469707963116892
139 94 0.0422095211037218
139 99 1.1304645805781255
139 101 0.9534582807126846
139 102 0.008858929565017848
139 104 0.8625748913622348
139 105 2.2734721280662487
139 106 4.776118900320354
139 107 0.26875285851063957
139 109 0.5129415818082544
139 111 4.197583224766779
139 112 0.2334947634390022
139 113 0.7496288782276763
139 114 2.0201307269437563
139 115 0.19601244119284422
139 116 0.8414885088447047
139 117 0.0818177883644266
139 118 0.06172322711321211
139 121 0.17647881774272667
139 125 1.569462928844334
139 126 0.4004023495570033
139 129 3.5191099939351083
139 130 1.905505804891687
139 131 0.9674846391724442
139 133 0.7907652892725262
139 134 0.04858758393716764
139 135 0.14821261866284682
139 137 1.1781556212052824
139 138 2.133645286385834
139 142 5.869005557499219
139 143 1.2274338609311484
139 145 2.903681330018145
139 146 0.10063016400341905
139 147 0.3631016011801345
139 149 0.23847487307538673
139 150 3.013394393394729
139 151 1.2657730163049057
139 152 0.9763460343377305
139 154 0.9932369904658815
139 157 1.81196141911039
140 4 1.7279964074381085
140 6 0.720479372586163
140 7 0.2501853357949287
140 11 1.774419829267456
140 14 0.7228545231203108
140 19 0.7545159297642523
140 21 4.438269222980597
140 22 0.3123058732601139
140 25 1.1983523985160025
140 26 1.6255779493016536
140 31 0.9120290947170425
140 37 1.51106335717044
140 44 0.03275166715372654
140 45 0.276913011524767
140 49 1.9707963772271546
140 51 0.34980796967969136
140 54 6.6037327366407235
140 55 6.464477915519609
140 64 0.9187393895051873
140 67 0.6922442496439652
140 68 2.6487414374371294
140 70 0.03645105296462262
140 71 4.13158931493382
140 72 1.658252833648
140 74 4.872097770586773
140 79 0.4154957582388605
140 84 1.5773258961546635
140 89 4.129677825724597
140 92 0.354997342335567
140 93 1.6105174470438373
140 97 0.4201755628523249
140 101 0.1794148834866675
140 103 1.0466059693337537
140 106 10.284847790369502
140 113 0.5512985136191312
140 114 1.3492935651096412
140 115 1.2559320723261498
140 117 0.8848051858070448
140 118 0.4690965273664056
140 127 3.173692881742654
140 129 1.4295182093097119
140 131 0.29882606365072195
140 133 0.9382836704592982
140 138 6.685660835897495
140 142 7.103675573432722
140 146 0.22687491952848357
140 147 0.09308798437242626
140 149 1.1919091643948432
140 150 8.741911413332662
140 151 1.7446349247707236
140 152 0.8921147029662205
141 0 0.2744808959690675
141 1 1.3780731281301108
141 4 0.739904595525218
141 6 0.29615437081238405
141 7 0.19837246951414286
141 9 0.22338836392048858
141 11 0.011385599488950222
141 12 1.0621092335733868
141 13 0.06956093420755335
141 14 0.026144030049381917
141 16 0.9184261879348673
141 17 0.27766684715605405
141 18 0.8410143304920367
141 19 0.11621154091707186
141 20 3.4823188268654093
141 21 0.17960849708968235
141 22 1.1983699771246097
141 23 0.9738971380907816
141 24 0.2092182487298826
141 25 0.06957590603142094
141 26 0.17717359003349997
141 28 0.12108804305447769
141 30 0.08975209132669482
141 31 1.278529405197965
141 32 0.18361154261408033
141 33 2.396441999541759
141 35 1.057824679105023
141 36 0.12182954397820203
141 37 0.2539220653608362
141 38 0.27770272488243913
141 39 1.9087046789259399
141 40 0.021873278217795958
141 42 0.14739401789738926
141 43 0.12481405556313674
141 44 0.4898485432209467
141 45 0.9087535242263715
141 46 0.43733784145181087
141 49 1.5102585214029245
141 50 0.4688323885556897
141 51 0.7348452268428631
141 52 0.31815155871406525
141 53 0.6810183590526783
141 54 2.6415534330620734
141 55 0.12874724208458493
141 56 0.257240336079008
141 57 0.029743255587580904
141 58 3.255713255821635
141 59 0.8504045826576023
141 60 0.18543465718252375
141 61 0.42145841382381666
141 63 0.7699898325060125
141 64 0.1191068176425464
141 65 0.16823522179958175
141 66 0.07808111797163068
141 67 0.08422942064305951
141 68 0.22202935736682794
141 69 0.9592273799108347
141 70 1.5661276911566877
141 71 0.09426394853575808
141 72 1.904903765476033
141 74 0.6507452604812527
141 75 0.7957589757769464
141 79 0.12576460766169123
141 80 1.534006549466183
141 81 0.2290854360197751
141 82 2.035043288478431
141 83 0.08899901891034713
141 84 0.20441833661970912
141 86 0.3202611370322587
141 87 1.6869341885830595
141 88 0.011941377143011198
141 89 0.5316919337468841
141 90 0.6621546023761888
141 91 0.612859249522998
141 92 1.4474870845873893
141 93 1.6794907254737887
141 94 0.02118462807980655
141 96 1.1700085181198057
141 97 0.14837803172697714
141 98 0.05076022739469185
141 101 0.611747533400906
141 102 1.44492912592275
141 103 0.4717457073232084
141 105 0.07365474948049809
141 106 0.15942082684603082
141 107 0.09336720186111874
141 108 0.7178067721047495
141 109 2.1717159868265505
141 112 1.3059096171952451
141 113 0.3199882088717511
141 114 2.0152639585008214
141 115 0.6503495851012225
141 116 0.4625319620956825
141 117 0.22711879199682264
141 118 0.9843998563153357
141 119 0.36368712469162817
141 120 1.4645491883700492
141 121 0.872189213004453
141 122 1.1524392819378477
141 125 0.4982005112897245
141 126 0.3167579987934876
141 127 0.7215732149147485
141 128 0.4044207970569627
141 129 0.1270372705240259
141 130 0.6929975238770208
141 131 0.11823191364666613
141 133 0.11742993785003131
141 134 1.4496936260869813
141 135 0.916580105523116
141 136 0.48712575760364957
141 137 1.0627045773545245
141 138 0.8241403405117091
141 140 0.6123254927759806
141 142 0.8928699904411572
141 143 3.2081060856864223
141 145 1.0853073662589325
141 146 0.9120000761720233
141 147 1.1369463697314404
141 148 1.1846807675230175
141 149 0.2833824578205509
141 150 0.10310223419423518
141 151 0.19635104579285545
141 152 2.7265759368943687
141 153 0.2562409452514285
141 154 2.53702041976992
141 155 0.19049987424578876
141 157 1.0960777922745035
141 158 1.0310010566220378
141 161 0.9985147745262362
142 0 0.12057960868064183
142 1 0.3650532386469893
142 3 0.7166778253043503
142 4 0.6786541240632712
142 6 0.5566397691931236
142 7 0.8594855511187182
142 8 0.23869502667832262
142 9 0.29873779858263555
142 10 0.4700231212034777
142 11 0.23740760034500935
142 12 0.2701012478873944
142 13 0.7900216740350668
142 14 0.16672049384903442
142 15 0.569354602005027
142 17 0.14320939419080553
142 18 0.45027767655166784
142 19 0.007184045956281631
142 20 0.05291399922416836
142 21 0.6671051308429915
142 22 0.01172795054876575
142 23 2.4063388719379133
142 24 0.07654110928313643
142 25 1.133672560882209
142 26 0.4312790742530976
142 27 0.0007910262735443316
142 28 0.3993888620904166
142 29 0.7791666385731357
142 30 4.026689628072885
142 31 0.971521164073864
142 32 0.003072281694690892
142 34 0.20856095282517595
142 35 1.9838184434975397
142 36 1.574682239485743
142 37 0.12994969147487528
142 38 0.38090744948082056
142 39 0.4505959423954474
142 40 0.4020400461298996
142 41 0.05565442963430598
142 42 0.5768892001623439
142 43 0.6520081736258226
142 44 1.9495086957952272
142 45 0.45225234717232576
142 46 0.03747442241490466
142 47 0.9050336440438884
142 48 0.3558852883051298
142 49 0.00024286561310690255
142 50 0.09305789597709893
142 51 0.7183747942496835
142 52 0.2936786463818877
142 53 1.4016509241751711
142 54 1.0059571844246264
142 55 0.015329248609794259
142 56 0.6123259326001331
142 57 0.6415787210773216
142 58 0.36026893003724864
142 59 1.2270142875682406
142 60 1.7561644368101106
142 61 0.7150719001056202
142 62 2.8209758654185864
142 63 0.043745676579542196
142 64 1.8996001899631427
142 65 0.9293440964975999
142 66 1.007132411784078
142 67 0.9670187044704867
142 68 1.1555291664366045
142 69 0.4906543392951589
142 70 0.004114365709136206
142 71 1.3313626263895113
142 72 1.1242907613786561
142 73 0.7060729644147075
142 74 1.9319083513565498
142 75 1.9137905006924565
142 76 0.07281501445665674
142 77 0.17886883825383423
142 78 1.112766506881214
142 79 0.7213269553073858
142 80 0.9758212887099577
142 81 0.329545158873006
142 82 0.09958811118281405
142 83 0.040498945356098326
142 84 0.8637400829701822
142 85 1.379944111301114
142 86 0.015178657367483741
142 87 4.352281772977719
142 88 2.5711204022010077
142 89 0.14949816184485323
142 90 0.33776834564245506
142 91 1.501568658269589
142 92 1.9859923190331443
142 93 1.4128052305566168
142 94 0.3926875925519487
142 95 0.05557343790392923
142 96 0.052634697861501524
142 97 0.268234219932523
142 98 0.06553948949603772
142 99 1.3540667552184327
142 100 0.3165100034728028
142 101 0.13432740122030312
142 102 0.08444657550737167
142 103 2.901773945233357
142 104 0.06488555057467253
142 105 0.4739789948890324
142 106 0.7057756448451853
142 107 0.41999402769904826
142 108 1.3406860875897813
142 109 0.8532259054040015
142 111 0.89497904184563
142 112 0.968712599638328
142 113 0.014771820701993043
142 114 0.6703552366085268
142 115 0.07566497444445623
142 116 0.13498614549140206
142 117 0.7723495357567527
142 118 0.01494150653654185
142 119 0.9029378988551344
142 120 0.24315188453492265
142 121 0.33259893321647344
142 122 1.271107070416369
142 124 0.6357668298096745
142 125 2.541885662331634
142 126 1.1846095000812644
142 127 0.08716611638781971
142 128 0.020957708980331977
142 129 0.07235717753316859
142 130 0.04221725807014832
142 131 0.52238706403955
142 133 0.8263801400837604
142 134 0.4229405042912407
142 135 0.8857756578328143
142 136 1.7062811709852193
142 137 2.5205749105663466
142 138 0.3224067354329158
142 139 2.081421309349671
142 141 0.07413225041424118
142 143 0.07951197620581983
142 145 0.31727660937860624
142 146 0.5155780877943991
142 147 0.3754207748635972
142 149 1.8817910286756858
142 150 0.8683169472000443
142 151 0.4115370840266423
142 152 0.10701729601502417
142 153 1.8197141774297618
142 154 0.21720684908766721
142 155 0.5993763381441082
142 156 0.582440878390553
142 157 1.624797593273415
142 158 4.246566095852506
142 159 0.2931905426603115
142 160 0.4263178954866387
142 161 0.20945881404364722
143 1 1.667011985320129
143 2 10.07935358985694
143 4 2.316311749715713
143 5 0.3440818205585071
143 6 0.5726211907340433
143 7 3.009989759415433
143 8 2.803435037711791
143 9 0.05119365036365914
143 10 3.8161990010899856
143 11 0.8571615606855555
143 12 1.7093062779032713
143 14 4.72649907748808
143 19 0.5724426216628654
143 21 7.242510131453937
143 22 0.6839078582938878
143 23 7.352253609203741
143 25 0.08043178137498731
143 26 2.8249159766225227
143 27 1.5583714706988503
143 29 0.11289625871869323
143 30 1.0036845844109157
143 31 0.968924841199323
143 32 3.0295893646457297
143 33 0.6635789932889671
143 34 1.3404640639980798
143 37 0.5816550468478824
143 38 0.27227623208273594
143 40 0.4916069518938504
143 41 1.03290111930618
143 42 2.4040105147135398
143 43 0.6291505123797472
143 44 0.9489768456577169
143 45 0.5825892713051948
143 46 1.7549014003714818
143 49 13.193937715425163
143 50 0.2647843085591732
143 51 0.26238594418449007
143 54 1.2645466894294466
143 55 4.987063145845019
143 56 3.597933720827776
143 57 1.5857818063529507
143 59 0.5726370125280972
143 61 0.431540538099326
143 63 11.41103139920605
143 64 11.630540357701577
143 65 0.8126164857128877
143 66 1.945692591635375
143 67 0.09135787926926198
143 68 1.9571121551019035
143 69 3.7284874747832113
143 70 1.124847432133581
143 71 3.7312298908739874
143 72 0.8622830584706096
143 73 3.0647479721936617
143 74 1.6743307505338298
143 75 0.17364532507943675
143 76 0.0017694146563749708
143 77 1.138297385306068
143 79 0.6750495644310903
143 82 0.6634664379058924
143 84 0.8495898977653576
143 86 0.4028307415843217
143 87 3.4033202798505853
143 88 3.127500647528022
143 89 1.330107233615028
143 91 1.3817664521044704
143 92 1.0007681900933487
143 93 0.014693998590136582
143 94 0.3832605244269515
143 95 0.5082483734949655
143 96 15.208088565454812
143 97 1.2434425296355958
143 101 0.06285501174894136
143 102 1.8956235731614828
143 105 3.426255162273201
143 106 10.067298269203663
143 107 1.5623665348172493
143 108 1.552954029811526
143 112 12.50158965714348
143 113 0.6843298568784869
143 114 4.7876582510304155
143 115 0.44480542662134
143 116 3.3492776655947343
143 117 0.19706211095002685
143 118 0.7461996806257702
143 119 7.4074021762657205
143 120 0.7057385514757831
143 121 1.4953610507132244
143 125 10.940113472168333
143 126 0.18230197619978009
143 129 0.3151193179891974
143 130 1.1151102484417077
143 131 3.589873457645176
143 133 7.188302500369371
143 137 2.8620674622138558
143 138 0.6005056215700874
143 142 10.017496164023
143 145 4.618277180772671
143 146 0.8433326022426957
143 147 1.2750166731009662
143 148 1.1430423881544205
143 149 2.758313879860445
143 150 5.523215232018859
143 151 6.663420720781537
143 152 2.5623611292568635
143 153 1.7145023644987742
143 154 4.023481009469086
143 157 0.5470266997994807
143 160 1.6569422024894518
144 6 1.1073178781758763
144 7 0.4509551883728407
144 14 0.8664804318563493
144 26 2.1254287839657624
144 31 0.009395163548456828
144 51 0.8307375140273331
144 54 0.3166446380555895
144 58 0.06965748791806663
144 67 0.4029787857486028
144 68 1.4876586394045774
144 70 0.027338930148010976
144 72 0.08712930631625836
144 74 2.5064514222619354
144 79 0.0002575890220511398
144 101 0.4263978419378758
144 106 0.596584947283332
144 131 0.6727725770414387
144 133 0.5074469156200352
144 138 0.30467715843153703
144 141 0.4433122051408046
144 152 1.926698290558056
144 154 0.05165469134994537
145 0 1.0768728472675941
145 1 1.2269130772747163
145 3 1.206579331854179
145 4 0.18863410709016476
145 6 4.644529504545682
145 7 0.3518316293624399
145 10 1.05208588152155
145 11 0.6279593866573193
145 12 0.147239383468154
145 13 0.9905143243484437
145 14 2.059605230551839
145 15 0.010284682012163388
145 18 0.44248176559398167
145 19 3.608905287185888
145 20 0.0566600221853056
145 21 0.8950151749830816
145 22 1.0184647415661026
145 23 0.7982448821307749
145 25 0.6885433142611118
145 26 0.7302650771591602
145 30 2.10202302852313
145 31 0.31212350050727944
145 32 0.010911204509662428
145 36 0.638312850147482
145 37 2.8296103995832267
145 38 0.8423599071650838
145 39 1.3080807547645001
145 40 0.3942007237557432
145 41 1.452271713176687
145 42 0.3628393240178775
145 43 0.412440326213239
145 44 0.17828628336571217
145 45 0.010831440217345023
145 49 0.9103501217867337
145 50 0.335947456567051
145 51 0.8067172623545814
145 52 1.377786108408753
145 54 1.3959381917179563
145 55 4.597720254776155
145 56 1.029876226802898
145 57 3.096773063956026
145 58 4.100665370725178
145 61 0.7734218202349312
145 64 0.7435806069177475
145 65 3.5673924854673196
145 66 0.7907624798464804
145 67 1.6160861636402915
145 68 0.5133422614596125
145 69 0.9103025464679444
145 70 0.4391673118807149
145 71 3.1616233537959952
145 72 2.61473767179164
145 73 0.5416280173421884
145 74 0.6116939850769528
145 75 0.27613162733529567
145 76 0.06809582178716679
145 77 1.546298998653302
145 78 0.3695907667236174
145 79 0.6457749584429643
145 82 0.5090210740632
145 83 0.105461859343172
145 84 0.5075499388156518
145 86 0.1795729258838469
145 87 1.0178200293418598
145 89 2.041947649590201
145 91 1.4263688312988692
145 92 1.2799877168409508
145 93 0.5678477210636318
145 94 0.2927464245212633
145 95 0.3402830937896916
145 97 0.6001100207120317
145 99 0.9309203191373049
145 100 0.15841535195698483
145 101 0.9242365178120362
145 102 0.44487827600115387
145 105 0.577190666486705
145 106 0.18021370684902974
145 108 2.7991536371114236
145 109 1.6695836799229458
145 110 2.6039184951667003
145 112 0.4032286172154185
145 113 0.4453052863075555
145 114 0.6503414938254121
145 115 0.08491596746769725
145 116 0.03837661136963435
145 117 0.3645853955613384
145 118 1.4395681915948597
145 119 0.173914415764467
145 125 2.5395475546618176
145 126 0.02748143592201469
145 127 2.0326584500748104
145 129 0.2698392654632962
145 130 0.5003538717397772
145 131 0.5041367631531759
145 133 0.37657552846764436
145 134 1.657245178006232
145 135 0.07146568095060381
145 136 0.305048646746084
145 137 1.5660927586640392
145 138 0.5811416333371616
145 139 0.4427862677838747
145 141 0.64968464427768
145 142 3.0813874246323825
145 143 1.9807441133696555
145 146 0.47845490333781127
145 147 1.3852269596583622
145 149 0.28661441512190095
145 150 0.13390617579906133
145 151 0.6818036416578311
145 152 1.186507948320262
145 153 0.2627535629712673
145 154 0.10760344820655494
145 156 0.9490346271121707
145 157 0.7481949941256816
145 160 1.5070308858067138
146 0 0.261649875130379
146 1 0.7767096627623431
146 2 2.800316165425322
146 3 1.2667452706328273
146 4 0.32296983638683
146 5 0.5658466428371515
146 6 0.7228481473567515
146 7 0.7968339193766992
146 9 0.25952938588383107
146 10 2.101706661264761
146 11 0.30006029133433715
146 12 1.1376055271844672
146 14 0.993159701975568
146 15 0.16209529560961553
146 16 0.8299785333337267
146 17 0.3600486730106768
146 18 0.7669499927788427
146 19 0.22073150664420882
146 20 1.532282143325287
146 21 3.093916190976668
146 22 0.546901975465633
146 25 0.0567487665256088
146 26 0.6601777446350968
146 27 0.7095409422648007
146 31 0.45645699278196894
146 32 1.7432036485090143
146 34 1.3435120607438287
146 35 1.7783578561196842
146 36 0.5714096817251996
146 37 1.1651518069482063
146 38 1.7116424958251324
146 39 0.923526750386333
146 40 0.26333685713710203
146 42 0.12054336756934066
146 44 5.127502005265992
146 45 1.742436114922441
146 46 0.31483960062718036
146 49 7.825514137376372
146 50 0.023462709560145317
146 51 1.1277287585620421
146 52 1.272399410446674
146 54 2.7922457190664107
146 55 5.109780795432264
146 56 1.6929422577903301
146 57 0.6687886402620671
146 59 0.2390835865093207
146 62 0.769247665482359
146 63 2.9399101290558898
146 64 1.2075538655256346
146 65 2.3373160755396523
146 66 0.6977930736298762
146 67 0.15189308218178607
146 68 1.3571886630818375
146 69 2.3423179497061373
146 71 0.26009108785526974
146 72 0.2650026309753906
146 73 0.3390811560686186
146 74 0.29886035027125923
146 75 1.0518306676608367
146 76 0.32695583030447023
146 77 3.152003892763673
146 79 1.7629151217393524
146 80 0.12354128620664936
146 81 0.09736865625981486
146 83 0.9909649943708282
146 84 0.5567479528109521
146 86 0.6972277846655554
146 87 6.515886982263395
146 89 0.44798170967531065
146 90 0.16215351648405216
146 91 1.0765040659098626
146 92 0.904560533204148
146 93 0.419203175554178
146 94 0.44951071330247205
146 96 1.8918719086187252
146 97 2.3116696304798476
146 98 0.2990221255401502
146 100 0.6995435971135057
146 101 0.04524531006801719
146 102 0.05933525373213613
146 103 0.23284463531067204
146 104 0.19775098846815184
146 105 0.7582595028249316
146 106 0.9709202827973268
146 107 0.7277893845325388
146 108 1.0274171623678914
146 109 3.5240296347177456
146 110 1.7722841682718649
146 111 2.187219891718144
146 112 0.46350431998480185
146 113 0.3679324077701046
146 114 3.878781960576257
146 115 1.4733068262472593
146 117 0.2467171620007494
146 118 1.2470799277549967
146 119 1.7633064381051562
146 120 0.06659395717151753
146 121 3.479334160492906
146 122 5.401273776381467
146 123 1.653419889653273
146 124 1.1488741254790682
146 126 3.6400818026216086
146 127 0.8706478436729886
146 129 1.0738922912268647
146 130 0.612637942928521
146 131 0.3853901440519009
146 133 0.5838152465539369
146 134 0.4754147337029566
146 135 0.3588346977352001
146 137 2.107662069404168
146 138 0.9108445994989428
146 139 0.18553456314538475
146 141 1.4665562732519677
146 142 2.6617727270548768
146 143 0.8490991681990566
146 145 0.3732457969940232
146 147 0.17676671561049037
146 149 2.1385095113318555
146 150 0.18672265341315167
146 151 9.30465084075533
146 152 1.1677315429642268
146 153 0.6366135908479759
146 154 0.09726560617182654
146 155 2.1299188123253567
146 157 0.5527685983056223
146 158 1.2377171751301104
146 159 0.7369097801259243
146 160 4.70231012696448
146 161 0.29296892924739865
147 0 1.181773996894372
147 1 0.27121875599367995
147 2 2.8592256722069873
147 4 0.39458309833749255
147 5 4.42901306855713
147 6 4.132675166401152
147 7 0.4168964680193616
147 8 1.4990809175252735
147 9 0.8008582145859134
147 10 0.7014181535744848
147 11 2.0312406438435406
147 12 1.9095190776410558
147 13 0.6725741271552607
147 14 0.6680005680520124
147 15 0.4756981119121489
147 16 2.8797515739198447
147 17 4.293263442795211
147 18 0.8472161014958015
147 19 1.279328241021175
147 20 2.160065123320217
147 21 0.33775398713381116
147 22 0.2170517796769953
147 23 3.0386974525077917
147 24 0.5363729631053307
147 25 0.8440914354629143
147 26 0.5360920132432198
147 27 0.3897588136975716
147 28 0.9027643733436523
147 29 0.5378018872837859
147 30 0.35550680064319945
147 31 0.1907963520706726
147 32 1.3925322970482765
147 33 0.3100652687453008
147 34 0.37362966048078333
147 35 3.704215859136838
147 36 0.6546246930794817
147 37 2.3103318130540864
147 38 0.23414116043645267
147 40 1.199317099999634
147 42 0.5387039971289966
147 43 2.0455816262792523
147 44 0.08500543626094749
147 45 0.1815135085755874
147 46 0.3842414211014755
147 48 0.13443199910217857
147 49 0.7757274175955008
147 50 0.9857939543922167
147 51 0.0415701856928184
147 52 0.674473847751361
147 53 0.09921149315548616
147 54 6.691411989266843
147 55 1.6990924224109802
147 56 2.682655497356093
147 57 0.9337615539499061
147 58 0.6078741343521725
147 59 0.6773364385450937
147 61 1.1467430952651785
147 62 2.2934242913249787
147 63 3.31784377312095
147 64 4.49119429569768
147 65 0.16645502111462884
147 66 0.7850040537513784
147 67 1.226703749381676
147 68 0.3958202981143645
147 69 1.4937409886701873
147 70 1.8239794107741982
147 71 1.0610855806979067
147 72 0.483408823931558
147 73 0.23693063029751701
147 74 1.3462146050204797
147 75 0.8901306228507302
147 77 0.9836279018752315
147 78 0.1140942201432438
147 79 2.6949916803309217
147 82 0.25239892736685704
147 83 0.024553698038168554
147 84 2.877504896224344
147 86 0.36152893250781043
147 87 0.46880020896103614
147 88 1.6734909357544672
147 89 3.0944518602866613
147 90 3.8845807278131197
147 91 0.11300818360467853
147 92 0.7428918727207977
147 93 0.06746215353791014
147 94 1.2955166814329213
147 95 2.6841540959209604
147 96 0.5669003191282393
147 97 1.955232765262558
147 98 0.44038399088201774
147 99 0.2890637624424883
147 100 2.4679667982991815
147 101 0.2151999542271764
147 102 0.07977902602424336
147 103 1.6514115095533985
147 104 0.07434929216516528
147 105 1.7686966132730488
147 106 0.06646017091642299
147 107 2.2016071340907906
147 108 1.4131354084528807
147 109 10.305285769166787
147 110 2.0162815558443485
147 112 0.5989196352041208
147 113 0.3620378024110147
147 114 3.454591246231076
147 115 1.2781759118406804
147 117 0.22483688004291422
147 118 1.1063855282003328
147 119 0.8975912187694234
147 120 0.9446141699511192
147 121 0.2630810209185975
147 122 0.9504336926922049
147 125 5.849772903725388
147 126 0.13649363577263504
147 127 1.4994433249901746
147 129 0.36804574097561193
147 130 0.15363596984934763
147 131 0.401887219117914
147 133 0.4958910447877415
147 134 0.22853509026733174
147 135 0.11829901430469222
147 137 5.059077514589342
147 138 1.0301642130756459
147 139 3.480645577340108
147 141 0.6893082327066804
147 142 1.8072626403503844
147 143 0.9921992384729024
147 144 0.24682044069873352
147 145 0.9096845673704912
147 146 0.734200762157432
147 148 0.07568623935824617
147 149 0.21547095747690348
147 150 2.0178415707007096
147 151 2.3287265708592133
147 152 1.3099243649975811
147 153 0.12379414639074701
147 154 1.5204830546955777
147 155 1.5320015730452259
147 157 5.383719636615552
147 158 1.0236254930897448
147 160 4.42129900846559
147 161 0.061601036998416216
148 1 0.001831558673820651
148 4 0.32603580219897094
148 6 0.9787804095582043
148 7 3.7294558919431338
148 12 1.563772321480167
148 14 4.681760018764955
148 19 0.30938588878995044
148 20 2.847119613690172
148 21 0.060382036705527956
148 25 0.2354973308248689
148 26 1.4650910967696824
148 30 0.3614254484920596
148 31 2.2580814283892123
148 32 2.937489377335974
148 35 2.1874948040544986
148 36 1.5627149036377186
148 37 2.7724901065243013
148 38 0.818330465145762
148 40 0.3009713580531207
148 45 0.7361811348067211
148 49 0.24951894456794707
148 51 3.3297171610098832
148 54 0.47530453158488334
148 55 0.7783753359737535
148 61 1.435455112589522
148 63 0.09418464094634524
148 64 0.3554105691424084
148 65 0.29919414507846354
148 66 2.2797826001224557
148 67 0.1850684850656245
148 68 4.69289757405555
148 70 0.21418742723502268
148 71 0.4538394190134322
148 72 1.182717390585215
148 74 2.7145823013229933
148 76 1.891302650271369
148 79 0.0018881339992011797
148 83 1.7774940685943843
148 84 1.4929337367517184
148 87 0.4381653723729871
148 89 4.257283821594498
148 94 0.08560665921511328
148 101 1.465106367377406
148 102 0.3604648633653341
148 103 4.829380929902693
148 106 1.078378191936417
148 108 3.289447348154002
148 112 2.0555395114959865
148 113 1.5230639766853833
148 115 1.7031526253854348
148 117 0.06324992024253355
148 118 0.38348042387143516
148 119 1.1641401357225827
148 121 0.5339360552062798
148 129 0.23241796823063246
148 130 1.098830700605483
148 131 0.16511469605477727
148 133 0.7548747386311189
148 134 1.1816765714456312
148 137 1.6535186847571395
148 138 1.0485585277221443
148 141 0.16263941078421698
148 142 1.1551442742259823
148 143 2.813990355063234
148 147 1.2962849171867068
148 150 4.095445118714363
148 152 0.3956042918640885
148 154 1.5530532889768938
148 157 0.4089907814344162
149 0 0.45047494525663445
149 1 0.035153849023534384
149 4 3.0558296686976028
149 5 3.7662989216793186
149 6 0.26035573082116154
149 7 3.2143626657274336
149 8 5.417880783740537
149 9 0.5960342072480845
149 11 0.5161602952950747
149 14 2.7464864481685773
149 18 0.6606199571495803
149 19 0.5101297160931189
149 21 0.02274233493787038
149 22 0.23098940103524493
149 23 4.391914548866795
149 25 0.6144413001244456
149 26 3.5332089144856584
149 27 4.888529334072694
149 28 2.623843315236016
149 30 1.4483216934743015
149 31 0.4552182162972739
149 32 0.31701328787121663
149 34 0.6382755366999642
149 35 0.3215345970527159
149 36 1.4788037782831571
149 37 0.5117949910191878
149 38 2.2371415259701912
149 39 5.793986929735229
149 40 3.5741133130680582
149 44 1.28413535096878
149 45 0.21387671587246507
149 46 0.5948639005510817
149 49 3.251798081945652
149 50 0.3285392046534597
149 51 2.4606724506011193
149 54 0.13332544058059856
149 55 2.4529538508656796
149 56 0.9855867700296189
149 57 0.06005049050592411
149 58 1.8330910691175368
149 59 1.1238403635811183
149 63 0.04190920588026532
149 64 1.4198813572425955
149 65 0.11015810750429424
149 66 2.5015403703764125
149 67 1.5329346702887923
149 68 3.494861936715632
149 69 3.4700931927697525
149 70 0.25948111163717263
149 71 0.2211263269065023
149 72 0.40054915295706023
149 73 1.4694668945877076
149 74 1.2670318343132554
149 77 0.10474323248469666
149 79 0.042297533649303935
149 83 0.44584741811551437
149 84 0.6506076129362266
149 88 3.108683472369349
149 89 0.1121774920122807
149 90 4.514867497179916
149 91 0.6583855130321338
149 93 4.7762681345288
149 94 0.375925157566458
149 96 0.6833584020983875
149 97 0.14217274978739106
149 98 1.174356808164509
149 99 0.975974044892227
149 102 0.515312184710984
149 103 1.0209758300711433
149 105 1.0922776190635866
149 106 2.6976542063816735
149 107 1.6377545984786892
149 108 0.27789999143722066
149 109 0.49379321850852376
149 112 0.6194858102866847
149 113 0.04648422308997814
149 115 0.7469875482964162
149 117 0.7589526788149745
149 118 0.29306663992391674
149 119 2.9134315054090587
149 120 0.7653768007205507
149 121 0.21107562410336592
149 122 0.9073634305034871
149 126 0.589437219214613
149 128 0.13879666519164383
149 129 1.1213219144590576
149 130 1.0445671720534373
149 131 1.5822924857522516
149 133 0.6466326547377332
149 135 1.1121845512398925
149 137 0.3594945294131105
149 138 3.728281411273939
149 139 3.380039059805674
149 141 0.6253385762971886
149 143 1.803805736685434
149 146 0.6647159917261112
149 147 0.05522903514980496
149 150 0.7106360594686075
149 151 4.649597463363305
149 152 2.0807963866921657
149 153 1.1877544483959221
149 154 1.1603675355217329
149 157 0.4581100311333367
149 158 1.4025132941848837
149 159 0.8369570509424817
149 161 0.1524463575753484
150 0 3.0522302258807406
150 1 1.8177046288930818
150 2 1.4731827647457505
150 4 1.7207771021825806
150 6 2.0585546304090623
150 7 2.3983739097030816
150 8 0.07388816455562905
150 9 0.40494075297716176
150 10 0.0011367286916286192
150 11 0.9310305624581505
150 12 0.7678941928576762
150 14 0.7750381527088228
150 15 0.28868246697127087
150 16 1.172310023224079
150 17 0.8292917550357455
150 19 1.2070372667620697
150 21 0.8479163246966652
150 22 0.2860807331328406
150 23 0.4627617833123539
150 24 0.151805431402221
150 25 0.8273593415679433
150 26 0.0798231748422491
150 27 0.38717708530928036
150 28 0.2650903414529908
150 30 0.8040711510953383
150 31 0.4342219729845721
150 32 1.323393525632134
150 33 0.8245476349898686
150 34 0.04055711795562385
150 35 1.6424842924669236
150 36 1.6911388659261304
150 37 1.5629533742526167
150 38 0.038974673894699816
150 39 0.07826071113945596
150 40 0.4225235034140207
150 43 0.6374400878373496
150 45 0.5532353913169112
150 46 0.32075855086946903
150 49 0.2689126245828178
150 50 0.5279513294366401
150 51 0.02954617676892332
150 52 0.36873019406246704
150 53 0.23726790258959535
150 54 0.019505157925017173
150 55 1.5319782900066488
150 56 1.0383946261658346
150 57 0.8670376726750384
150 58 3.487103209950209
150 59 0.7038992382813456
150 61 0.4496189745604459
150 63 1.3201517221581267
150 64 0.7156992266335451
150 65 0.003110246863594393
150 66 0.05738192934069381
150 67 0.6166771486348855
150 68 0.27152479417304304
150 69 0.09041692427294501
150 70 0.7967012254927848
150 71 0.18831513139009728
150 72 0.2590283440261935
150 73 0.6962473284855735
150 74 0.35802130235714363
150 75 0.5992740713270611
150 76 0.5273004260128249
150 77 2.217128651266979
150 78 0.3653939351818946
150 79 0.6876812953016173
150 80 0.12769804283158037
150 81 1.7072030089173011
150 82 0.8441715679105456
150 83 0.037829983646378
150 84 0.26193318558415846
150 85 0.3672201268359982
150 86 1.2159602591585237
150 87 0.12387405052665813
150 88 0.3029722521411508
150 89 0.7278128164667973
150 91 0.032618427060499784
150 92 0.8396942287331265
150 93 1.6942900062157769
150 94 0.10203894926336853
150 95 2.228233761256351
150 96 0.6636068614163941
150 97 0.077942925023876
150 99 0.08493964631879172
150 100 0.30797970638742594
150 101 2.6786454951769776
150 102 0.09872020362509283
150 104 1.2156171334890953
150 105 0.9838213222730497
150 106 0.7704145241886534
150 107 0.37590025766600177
150 108 0.5720426025430159
150 109 0.654558750801384
150 110 0.019666827899405586
150 111 0.5200800676372025
150 112 3.9726746855652055
150 113 1.7737016006146946
150 114 0.08879773567345922
150 115 0.17501946430394338
150 116 0.250743697436198
150 117 0.2394943735902625
150 118 0.14869198667027214
150 119 1.8235999861997412
150 120 0.8306338814242916
150 121 2.467979383350485
150 122 0.45057273836212125
150 124 1.2592093115116114
150 125 1.1740607132142025
150 126 2.1745670509580988
150 127 0.9076260957006577
150 128 0.27329881534523626
150 129 1.2260722695928659
150 130 0.17051856347333466
150 131 0.8979933518951255
150 133 0.24984281685778162
150 135 0.057452060320086505
150 136 0.9197425767810682
150 137 0.9806953338074391
150 138 0.40197326332893785
150 139 0.43766087854251096
150 140 0.48634874347108636
150 141 2.543250665057663
150 142 0.3704392834056393
150 143 0.06704192203564094
150 144 0.6012813474635729
150 145 0.429996781367768
150 146 0.220486604595568
150 147 1.1396100578736126
150 148 0.14429546352800282
150 149 0.412226631072356
150 151 0.2741393328873395
150 152 1.0111728557242425
150 153 0.13850467797119942
150 154 1.7038677781295006
150 157 0.6290516830776791
150 158 0.12621869988055498
150 159 0.14940168458613434
150 160 1.8647816264900472
150 161 1.2701040188908843
151 0 2.260302280947091
151 1 0.05851947842605577
151 2 0.4486521937990519
151 3 2.3875114113516713
151 4 0.9929110689780224
151 6 0.12468886247013092
151 7 2.1363274890259563
151 9 0.27685742080923065
151 10 0.14924231698301557
151 11 0.2616590321417447
151 12 0.7242757411480428
151 13 1.657655820977391
151 14 1.723285242037705
151 19 0.06873499256953478
151 21 0.39524618432738917
151 22 0.24040161197459228
151 23 5.5298049872182125
151 25 0.10671181368769879
151 26 0.10279954665300291
151 27 0.49158414630744834
151 28 0.6294714035265774
151 30 0.916992767575806
151 31 0.5344557083320031
151 32 0.17869887403138565
151 34 0.3389487682968689
151 36 0.205665806365431
151 37 4.716910646895452
151 38 0.3344969255486204
151 40 1.0257443894228044
151 42 0.10332548709440395
151 44 1.321436307130023
151 45 0.45557016260117633
151 46 0.9869505000598943
151 49 2.2303444168867688
151 51 1.9176266745864576
151 52 1.2212649156181568
151 53 0.013495292789031384
151 54 1.9815615922407894
151 55 3.7250629867732004
151 56 0.7855515407211547
151 57 0.1947236455465249
151 58 0.022654927891240496
151 59 0.03691016874098986
151 60 1.657842834560573
151 61 0.4602913052574602
151 63 1.78435360467216
151 64 0.937095045958299
151 65 0.5764444362424748
151 66 0.04823834527771826
151 67 0.972691325911629
151 68 1.2013436675290787
151 69 1.2238088035604762
151 70 0.32805336046619915
151 71 0.319118863626734
151 72 1.6322613284306917
151 73 0.753735890553721
151 74 2.652083679867559
151 77 1.0866446895879267
151 79 0.9625709931200086
151 80 0.3927174533858493
151 82 0.8194530671935015
151 83 0.18386356276048013
151 84 2.101322395874825
151 87 1.4715788701303296
151 89 0.6166557189956312
151 91 0.1182331302693754
151 93 0.7281312196521232
151 94 0.4573716893461728
151 96 3.3352766016316897
151 97 0.3942289296753376
151 99 1.9417816083873687
151 101 0.9542985772942079
151 102 0.23964467567900272
151 104 0.9931531908710449
151 105 1.3772945230227047
151 106 1.912464604390273
151 112 3.7129239868813366
151 113 0.36484042252153154
151 114 0.5144541280604464
151 115 0.583056342613703
151 117 0.360250512219246
151 118 0.48866300200212137
151 119 0.23980407051419386
151 129 0.09603651360654356
151 130 0.8812201858979066
151 131 0.7533018628213536
151 132 0.4341372738529861
151 133 0.3001971048888839
151 134 2.5309226888928325
151 137 1.1927325296182745
151 138 1.2444581284050895
151 141 2.242651349343882
151 142 0.004655165727511653
151 143 0.8525281638703168
151 145 2.3092388598542906
151 146 1.2767486128859975
151 147 1.0600243703848067
151 149 0.09928228206082385
151 150 2.511712662129383
151 152 0.8664318217666415
151 153 0.13205075511540892
151 154 0.5129905324472137
151 155 0.35307899044816776
151 157 2.163111345628111
151 158 0.7069587690048493
151 160 1.0375442463708258
151 161 0.009856130459086882
152 0 1.6073094968720354
152 1 2.0637010450151707
152 2 8.108284497669187
152 3 0.28860624866539286
152 4 0.8191008570115101
152 5 8.661385170352917
152 6 5.318776081484016
152 7 1.31203853154326
152 8 20.1129080994677
152 9 3.3737439565078504
152 10 16.25919425576034
152 11 0.7838556165228265
152 12 1.0494515457751474
152 13 1.216773355046112
152 14 11.515147711304667
152 15 4.654778243998373
152 16 0.9527655190261898
152 17 0.154653781677927
152 18 1.3407032514009793
152 19 1.8018664567630438
152 20 6871514.363272267
152 21 437976.89269552263
152 22 1.2842116756597994
152 23 57.39775080913825
152 24 0.10621372943597962
152 25 0.7710644487065561
152 26 8.068423320552387
152 27 0.5406478964367707
152 28 0.4866504569813604
152 29 2.5336361722634413
152 30 9343804.549329592
152 31 2.537576968490837
152 32 1.0103072903397121
152 33 1.8728611905512083
152 34 2.931295807589723
152 35 29.662797923632713
152 36 0.03726683388082594
152 37 0.7385430469653742
152 38 4.9578023079792
152 39 115.86493912897518
152 40 3.580406594710099
152 41 0.8399210943427744
152 42 0.43704560964644196
152 43 5.24339897674836
152 44 2.056031766256743
152 45 0.31078931683106836
152 46 1.2236405495952898
152 47 0.01602898857958624
152 48 3.7641894084769922
152 49 20.94253322019402
152 50 0.3345444117168232
152 51 3.657341539707479
152 52 0.40386162231263745
152 53 4.627224291384416
152 54 6.959609147514655
152 55 823.1344849171167
152 56 7.979480993089047
152 57 3.464908697314838
152 58 5.884691020413026
152 59 0.9072818159502001
152 60 26.096116597183673
152 61 0.12124199072224667
152 62 4.23266950058699
152 63 81.0353093006632
152 64 19.77380444607521
152 65 0.6335132653368551
152 66 0.9179030943132579
152 67 1.1503459873384916
152 68 9.404800395145408
152 69 24.6960756096909
152 70 1.865726921370162
152 71 3.370791435019056
152 72 1.9470133538677183
152 73 2.3527379129903974
152 74 8072077.702867294
152 75 0.16149956740459448
152 76 1.4323555223234261
152 77 4.832772859068742
152 78 1.908511970263502
152 79 0.391088171920204
152 80 2.6649077384616127
152 81 0.2643003477705339
152 82 0.9568118050050433
152 83 0.6575586178045467
152 84 0.027501256304278358
152 85 0.5550008650290905
152 86 0.08403857823688754
152 87 8.00871487863546
152 88 5.614381896632061
152 89 10.742036565415187
152 90 6.145552154057304
152 91 0.5009782532312205
152 92 1.1848735416697527
152 93 118.64306223235167
152 94 3.750229386844511
152 95 1.2669034249396978
152 96 17.592551058665148
152 97 1.5929454320424021
152 98 0.7428176980038194
152 99 11.588298100827979
152 100 1.9261784954337384
152 101 2.5380904107864457
152 102 1.7884687285324827
152 103 0.18220474264173753
152 104 0.09275842529581338
152 105 1.3975789457458012
152 106 5.2081016871952714
152 107 0.9340057197681181
152 108 2.7621434822009947
152 109 25.274273778090663
152 110 9.970935644630632
152 111 7.810615170262178
152 112 77.44319939938588
152 113 4.515674672404353
152 114 4.340942257527026
152 115 0.32754901701955097
152 116 2.3894421652258915
152 117 0.05786199070540978
152 118 2.0314577142402253
152 119 2.4515199311004174
152 120 9.42274495234275
152 121 0.8119387494927714
152 122 5215748.3434829945
152 123 0.014679579098921713
152 124 0.5867107686025385
152 125 584733.4541907298
152 126 0.9088876378996731
152 127 21.12093734268537
152 128 1.1517433473598868
152 129 0.6197804848576021
152 130 0.5157709176438796
152 131 10.083610317071908
152 132 0.18447427893921928
152 133 13.26386450555524
152 134 6575855.897886937
152 135 11.075038414480607
152 136 10.915857135817195
152 137 168.29871857811636
152 138 7.212128077618056
152 139 0.022269316009186354
152 140 0.394453652807093
152 141 1.4128201545669092
152 142 880166.5033893298
152 143 4620210.649967217
152 144 5.84919377951032
152 145 1.8911924658392454
152 146 0.2673597544706738
152 147 0.5830785535018224
152 148 1.91214264803628
152 149 0.7074311091856432
152 150 16.918750519685545
152 151 29.430284002345843
152 153 0.3559445125477815
152 154 21645878.805769842
152 155 0.8257841179517895
152 156 1.641504441483775
152 157 9.57932322953971
152 158 36.51504972395126
152 159 1.2482248821459445
152 160 11668799.145634627
152 161 1.270027159483953
153 1 5.591584965961208
153 4 0.0335318534930051
153 6 8.96479000942221
153 7 2.5062883395532514
153 8 8.320268291710873
153 9 0.28661026612354074
153 11 0.06478847298267648
153 14 2.0049100515910774
153 19 1.3112938121083564
153 22 0.5299420400402252
153 23 6.638742857490899
153 25 0.5824250536401999
153 26 2.063326789385453
153 30 8.52894907851653
153 31 1.8133408249117415
153 35 9.813226856861615
153 36 0.8883303337011245
153 37 0.26699273027999904
153 38 1.3130225535967428
153 39 19.758365509728947
153 40 1.722116347118597
153 42 1.5720315967664769
153 43 4.4157469755537235
153 44 1.0739949962118736
153 49 10.378179538622291
153 51 0.7109063749086427
153 52 1.3340462774396349
153 54 4.259147686270732
153 55 5.4556581511262765
153 56 1.186655977733564
153 57 1.3361775305552503
153 58 9.15219021427159
153 59 0.12048788522009234
153 63 1.3151114756812763
153 64 30.816409341662375
153 65 1.9897820555700723
153 66 0.16625849182874716
153 67 1.3716676481462828
153 68 5.200500173269287
153 69 7.4781736643140135
153 70 0.9417445645203995
153 71 0.8716947022980328
153 72 0.01739036756615025
153 73 1.2540224982788946
153 74 11.76641686298546
153 75 0.9872780901057002
153 76 3.071904208532106
153 77 3.8321183436755084
153 79 0.27269812187227277
153 82 0.044293968085862376
153 84 0.5712412020438309
153 87 4.171077368256966
153 88 6.088690438645826
153 89 5.237868408237682
153 90 6.441207871612658
153 91 0.2074092784237708
153 93 8.220398170907593
153 94 1.638889201980394
153 95 0.4499923323177052
153 96 7.736461959045133
153 97 3.5364672510361306
153 98 0.10058512508815702
153 101 3.6308825027341354
153 102 1.204044822160917
153 103 1.5884164471832172
153 104 0.4493016380958274
153 105 3.5800372538035656
153 106 1.7432653250127215
153 107 0.49914752059523027
153 108 7.7670510953871865
153 112 19.49388046874009
153 113 0.5186386488899077
153 114 0.2351331636023249
153 115 2.7046240088897178
153 116 15.376496359980377
153 117 0.51583337276835
153 118 0.8888192671875788
153 119 1.9481169545254229
153 120 3.8969803147862354
153 122 1.2147815902602783
153 125 39.1655824785089
153 126 3.407823846710571
153 128 4.152206915177982
153 129 0.44057063045022316
153 130 0.021969365470234904
153 131 0.025856160393243555
153 133 1.8629851002742341
153 134 32.902112446875655
153 136 5.377879300436117
153 137 9.98445423340497
153 138 0.40758101118723483
153 141 0.7244098372752913
153 142 4.104399695705305
153 143 9.799557931182559
153 145 0.14071635604982893
153 146 1.605416124203634
153 147 3.8542081700520154
153 148 3.629558602108813
153 149 2.5157416044830376
153 150 1.5901027990328054
153 152 5.043845791032669
153 154 12.248690193283874
153 157 1.652272271311611
153 160 19.90838805780893
153 161 1.4307036070547408
154 0 4.8809868987673894
154 1 1.0053404728991409
154 2 10.401852106395415
154 3 3.8842926106675875
154 4 0.35361148566701384
154 5 23.921414318691873
154 6 10.10418811513238
154 7 4.042821974432632
154 8 86.03360098968903
154 9 2.873194087107317
154 10 0.7211430515418201
154 11 4.002257264445642
154 12 4.334579327242608
154 13 4.621537286000284
154 14 5.264414974223489
154 15 1.9210217550254838
154 16 2.239871930653736
154 17 0.7913612598284363
154 18 0.5850958907005968
154 19 0.46160327860688977
154 20 589347.1998007703
154 21 173803.68506144165
154 22 0.22261821056992281
154 23 6.305994144073834
154 24 0.36326261883812516
154 25 3.5180212628116307
154 26 4.6252412588297895
154 27 4.550789790459458
154 28 2.921730056958756
154 29 2.7558328077853464
154 30 57602451.44307641
154 31 0.5112717405101445
154 32 1.0332913936319787
154 33 0.3408183038540213
154 34 1.6338981063718345
154 35 8.081473525366581
154 36 0.4450481816858323
154 37 10.223174447311576
154 38 0.578016874410557
154 39 9.437770517659084
154 40 1.8158088057485986
154 41 1.0831821581457008
154 42 0.630623669237805
154 43 1.2789270678409923
154 44 2.348281321464022
154 45 1.1989731924691538
154 46 3.134622107464907
154 47 1.7845258711766607
154 48 4.370961423538661
154 49 6.827621031092044
154 50 2.42628530828594
154 51 2.8730214870911506
154 52 0.21333211223608414
154 53 13.595751878265133
154 54 3.3806316610301637
154 55 443.75396743061975
154 56 3.4872516956080375
154 57 0.7001527276310793
154 58 6.687438729865793
154 59 0.003029598666158384
154 60 9.667484953996203
154 61 0.7935071901522536
154 62 3.3563923478759308
154 63 12.34911094971605
154 64 8.950860418675981
154 65 0.12854570192008682
154 66 0.4654828987672332
154 67 0.3271047999197564
154 68 0.6164685298673668
154 69 2.8458058738476106
154 70 3.8438246300223526
154 71 3.315690521715684
154 72 5.507888131110473
154 73 2.2799188895395286
154 74 15804062.273863014
154 75 4.982429398376269
154 76 3.9108306772736237
154 77 0.3116283075712156
154 78 1.3740770186377516
154 79 0.4535660692739727
154 80 0.7978614530512539
154 81 0.5367366031092194
154 82 3.222796132495276
154 83 2.5325753175274173
154 84 0.3971287068577667
154 85 1.7059707363997327
154 86 5.621896613982239
154 87 62.757648735839474
154 88 0.5557078103679856
154 89 3.626586193946092
154 90 3.5618736666484443
154 91 1.0258645540038291
154 92 1.4140997138759561
154 93 33.55601564012368
154 94 0.3069214573268671
154 95 0.1829301130193787
154 96 3.9789051901604546
154 97 0.1513255068297766
154 98 0.38139656388213505
154 99 2.031269154733869
154 100 0.31700582525885457
154 101 0.15692638561080963
154 102 0.3891814282899959
154 103 2.078488775839652
154 104 0.19637850296616038
154 105 7.488507435958504
154 106 8.595526921875564
154 107 0.09099755656556677
154 108 23.979778595269224
154 109 28.05735706290367
154 110 0.2351300771417499
154 111 0.4538908273530603
154 112 1.2332103921191113
154 113 1.788967828756989
154 114 1.0771037660362688
154 115 5.988646906630508
154 116 0.7907871175182722
154 117 0.3165236339727658
154 118 0.27622751942507395
154 119 5.4040040048464295
154 120 3.693509835437212
154 121 1.7179035721229172
154 122 718307.7587150371
154 123 0.2519510996494499
154 124 0.044683266475267304
154 125 6121733.458839253
154 126 0.7039908349436317
154 127 8.00723467980927
154 128 0.8027201617851671
154 129 3.3168557753037087
154 130 5.967818511628569
154 131 1.4990410810436412
154 132 0.7539174527888511
154 133 0.8538206630914774
154 134 17711612.940451685
154 135 2.749279581204603
154 136 1.3528463747702106
154 137 80.0376191233545
154 138 0.43967934338565234
154 139 2.118827034861981
154 140 1.3716770971973482
154 141 0.033225104904815825
154 142 22720656.402200107
154 143 21496215.754229464
154 144 0.45997892566068027
154 145 2.83343910659237
154 146 3.7553382724885713
154 147 1.434628558064748
154 148 0.7568290441396175
154 149 1.8552428181501797
154 150 0.22756809657695518
154 151 60.665444433380586
154 152 39977658.84943784
154 153 4.214064667261645
154 155 0.7370019869308214
154 156 6.266460761884782
154 157 2.04106641936224
154 158 23.693402895554385
154 160 4776046.600513397
154 161 0.7058393471686117
155 1 2.7913480035091327
155 4 0.3638192984768178
155 6 1.7913972770609041
155 7 2.554905317402038
155 11 1.1261709693892976
155 12 0.5443639370286383
155 14 0.8329259590188166
155 19 1.0966809771523909
155 21 0.30608617330260773
155 25 0.025133569814730493
155 26 0.3321191841596774
155 30 0.6784285350877741
155 31 0.2464640872399191
155 32 0.7797465864753265
155 36 0.18874392124179898
155 37 0.2527466001457734
155 38 0.255140904775645
155 40 0.12062573988517847
155 42 0.14978113343602262
155 45 0.3630397065392434
155 46 0.30757203055752996
155 49 1.6760470781152381
155 50 0.33911246046043503
155 51 0.46949935761763717
155 53 3.071932541781535
155 54 2.161955849671725
155 56 0.5733527349232527
155 57 0.44404439395970374
155 63 0.14405325017717557
155 64 0.6143871086598545
155 67 0.5365441200591061
155 68 0.6121014235354637
155 70 0.6288861160026727
155 72 3.7254927971247382
155 73 0.46141697989238634
155 74 5.117206211954184
155 79 0.16236076615962933
155 80 0.1439880163069776
155 83 0.804525738678645
155 84 0.09137698226570797
155 87 0.9357536707914305
155 89 0.11635256348757264
155 93 1.2313027714803904
155 94 2.6142899987671004
155 97 0.15900587822407272
155 99 1.890401376216163
155 101 2.053480080294392
155 105 2.074363858151498
155 106 3.9390146558593817
155 107 0.5368678992408074
155 108 0.594985487327492
155 111 3.7131855313356708
155 112 0.28585800592339844
155 113 1.8579140712972533
155 115 1.8504048572933949
155 129 2.72232619705263
155 130 0.0629826664800695
155 131 1.4974652139333353
155 133 1.0203219221636706
155 137 1.626728621077577
155 138 1.2406952267324267
155 141 0.772928646439529
155 142 1.8437558265388951
155 146 0.5345909377263911
155 150 0.05570317435743576
155 152 1.802427057098734
155 153 2.025372513190496
155 154 0.5084997403371838
155 157 0.22535564805475164
155 158 3.95689333469112
156 1 7.581496557330069
156 4 1.5385139435444979
156 6 0.15123782144459968
156 7 0.4261780412532122
156 14 3.7987602714352406
156 26 0.540823682888407
156 32 0.7606383586325667
156 49 6.267244582815745
156 51 5.123650876391537
156 54 0.9941350726534075
156 55 0.9643937542228456
156 56 1.6584647293778552
156 64 2.6304725916817686
156 67 0.8322835108686233
156 68 3.3118364142883694
156 70 0.6000555309958711
156 72 3.037056070429674
156 74 0.4746369235490093
156 79 0.17119137855179686
156 84 0.228642863931987
156 89 1.6300444800846026
156 101 4.186090960795499
156 106 2.408332906345179
156 115 7.566131038936188
156 117 2.5618171531727265
156 118 0.45232389261467587
156 133 3.602186982642714
156 142 5.353598478827084
156 147 0.02139661468644054
156 152 4.262929016442854
156 154 9.061412930710018
156 158 3.5414396830238353
157 0 1.789091963714998
157 1 0.5737588522145153
157 4 5.328559861830566
157 6 1.8982427659914825
157 7 3.5908162323166106
157 9 1.0998858127037923
157 11 0.49700123017784126
157 13 1.9187221665393337
157 14 7.307910400641871
157 19 2.1050374015115554
157 20 2.57637428100266
157 21 7.5191465084131766
157 22 0.7741897392423194
157 25 3.5242980204671484
157 26 6.972357135414601
157 27 0.6043397050361461
157 30 2.2293763670002305
157 31 1.7374963918174362
157 32 0.46364468283119786
157 33 1.8276395289453555
157 35 6.219567449389008
157 36 0.455605337943145
157 37 1.440266972753887
157 38 3.387829191829855
157 40 1.8863431835499511
157 41 1.0951744149038656
157 42 0.3059557214094929
157 43 0.875321346106704
157 45 0.16906496084027087
157 48 0.3324538895162622
157 49 3.455980353467128
157 50 0.26726576313047834
157 51 0.07875988691955506
157 52 0.5574449813291299
157 53 3.3860481738223536
157 54 4.8249478977767195
157 55 5.594084063098905
157 56 0.5830719664881694
157 57 1.4513124010116247
157 58 0.3412716519554782
157 61 0.27290560657479074
157 64 2.9700587082759147
157 65 0.7024583359436299
157 66 2.6496510968747615
157 67 1.8192727382613092
157 68 1.0570608051532957
157 70 2.283550455131533
157 71 1.0243651203749293
157 72 0.213564782860622
157 73 3.13589777686246
157 74 3.5678074047185047
157 75 0.3760737265089271
157 76 0.5184825087102924
157 77 0.6040460052694573
157 79 1.8413230946239825
157 82 0.15192537098916242
157 83 1.2704646936715558
157 84 1.7338281225833045
157 87 4.917965254481947
157 89 1.639463721672442
157 91 0.8345586710874313
157 93 2.282364290065362
157 94 3.564609649101292
157 95 0.7940113689566377
157 97 0.765116463983626
157 98 2.7631402483678156
157 99 1.5060166076338726
157 100 0.8847060831481367
157 101 0.98785519057807
157 102 0.3453991195487312
157 103 0.3273052455583843
157 104 1.3132285501280412
157 105 1.351022163399672
157 106 0.16515952846068307
157 107 0.34515114892921545
157 108 1.827977227760211
157 109 0.22044322757699544
157 111 0.08671845074140666
157 112 0.010688155493800294
157 113 0.6315776813441525
157 114 3.813057119954029
157 115 1.6153435009656105
157 116 0.02440905047416695
157 117 0.2173877362267751
157 118 0.370384929022843
157 119 0.039234968225308885
157 123 2.4042762927596946
157 125 1.9753829709292725
157 126 0.814905479477463
157 127 0.6513096128150668
157 129 0.3144174335311611
157 130 1.4500369812166252
157 131 0.4234701582938415
157 133 4.71203327730693
157 134 2.5351430298941335
157 135 1.9783209280861578
157 137 7.778085645712833
157 138 0.9887352090521194
157 139 0.46672319607285545
157 141 0.05473359810885845
157 142 10.04669196354052
157 143 4.772763194507024
157 145 0.9368193209574348
157 146 0.6849159738632699
157 147 1.0905623512518372
157 149 1.6000290956313474
157 150 0.5143620121842833
157 151 2.348833491299752
157 152 1.3557110959878578
157 153 0.5101745383214161
157 154 2.7443491052867337
157 158 9.401776760413041
157 160 0.0024255227043623317
158 1 0.9236336508193732
158 4 0.062133528825448966
158 6 1.947043241140657
158 7 0.6434289270900572
158 8 1.0718542684925327
158 10 2.0276561307281873
158 11 1.0441295771664905
158 13 2.3960731235465356
158 14 0.12587233330118003
158 16 0.11950288828541678
158 18 0.3663154039731109
158 19 0.045531334081930365
158 21 1.7645816244677703
158 22 3.071755909436415
158 25 0.9998532252482523
158 26 0.36764171032608733
158 27 0.232882618153645
158 30 2.9133369704902337
158 31 2.3214279057474476
158 35 0.5035029850547993
158 36 2.245776354537449
158 37 1.5520053602183665
158 39 1.2793737771564762
158 40 1.1311799155229931
158 42 1.6970498557063807
158 43 2.677874790506581
158 45 0.0999406087143563
158 46 1.3352729003096222
158 49 2.405972780625045
158 50 0.875033307653317
158 51 2.034515013952019
158 52 0.9967293565988528
158 54 2.4408557453927098
158 56 2.0072611519182817
158 58 1.1253185652448379
158 59 2.026291836001685
158 63 1.6762602652071932
158 64 0.11726919419880422
158 65 0.5184402446483205
158 66 1.451563043448585
158 67 1.7059804402725482
158 68 2.0884182694403304
158 69 3.2406672033610193
158 70 2.450195584583753
158 71 0.40797871327047225
158 72 2.4478616504850823
158 73 0.4714497340144846
158 74 1.1581242851740006
158 75 3.3691594569065018
158 77 1.5616868558529693
158 79 0.8781916911052144
158 83 1.3433450739841721
158 84 0.39497216617834935
158 86 0.8957959182883045
158 87 1.4680858082558192
158 89 1.0400079356623435
158 91 0.33633102857340663
158 93 1.544721035063335
158 94 0.09368292479380218
158 95 0.0664671348118389
158 96 2.964586557807318
158 101 0.12493203172528411
158 102 0.23329182967988166
158 103 1.3935016927286963
158 104 0.6954128231737012
158 105 0.25282033691246353
158 106 1.4345639741286464
158 107 0.7545118553443938
158 108 3.591583140078209
158 109 0.7557616686547007
158 111 0.8171019524380077
158 112 2.7992031054646955
158 113 0.04915591156049849
158 114 1.7651115970482694
158 115 1.1704653797423905
158 117 1.154104026637521
158 118 2.58650666140269
158 119 0.06927840385513716
158 121 0.4939774123217539
158 122 4.055239951899265
158 125 0.0773528487210475
158 126 3.473851934482443
158 127 5.099916893480964
158 128 0.28144022842685285
158 129 0.32264219632240954
158 130 4.372225392778979
158 131 0.35703924617448224
158 133 2.6363457489836657
158 134 2.1239411653930693
158 137 1.8882751924601873
158 138 1.118271708049823
158 139 0.20688448930323378
158 141 0.5891753293451348
158 142 1.3795527376727328
158 143 0.05832637254634637
158 145 1.7370489093405077
158 146 0.10275457021185808
158 147 0.16218543381777253
158 150 0.5645319580653866
158 151 6.275482655671143
158 152 0.750171696665048
158 153 3.02093782652758
158 154 1.5711673154807733
158 157 0.5749501690793131
158 159 1.0863957582033321
158 161 0.32590296035154753
159 4 0.65173496062652
159 6 0.41316760528164614
159 7 4.286196139299053
159 11 1.834105965808456
159 13 0.3520423277604122
159 14 1.0491823741752302
159 19 0.25715164259173695
159 21 0.5557689559603072
159 26 1.6144198514082737
159 30 3.1754470023658
159 31 1.7376551114505832
159 32 1.5952653029096548
159 36 0.6953692036209683
159 38 0.712836119647464
159 40 2.594839518998791
159 42 0.8680597494385983
159 45 0.05181522816322673
159 49 0.9686379097543599
159 50 2.4593105921634826
159 51 1.2545409402021093
159 54 0.2978045936616757
159 55 0.4113620550032178
159 56 1.1847698999740919
159 64 0.24779100286737354
159 65 5.268547835771494
159 66 0.13311925765521038
159 67 0.5150063607775954
159 68 5.550311581618122
159 69 0.11305788369400337
159 70 0.46481058421327875
159 71 0.1108030038940979
159 72 0.22467958929784188
159 74 1.5290024597702656
159 75 0.7556203459669313
159 77 1.5322598158913254
159 79 0.09571218274938852
159 84 0.389774364555338
159 89 1.0008618252037698
159 92 0.18299964011239994
159 93 1.83527488062076
159 97 2.43945467055226
159 101 1.575540711574715
159 102 0.21119658249832096
159 106 0.9133021696971635
159 109 2.0831102248435496
159 112 0.797099697687406
159 113 0.16051533133511134
159 115 0.47820169493338543
159 118 0.16905487711535838
159 121 0.8017925172020407
159 129 2.25733792364536
159 130 0.10943913424595501
159 131 0.08381243694929577
159 133 1.0353078731562546
159 134 1.354518440226368
159 135 1.5466964118874298
159 137 0.5815516079624443
159 138 0.13731755599851236
159 139 0.11602405648888028
159 141 0.009599987638878866
159 142 1.3267494431442872
159 143 1.3350517442649008
159 146 0.12553410880139332
159 147 2.0212562465527295
159 150 1.1369858132736541
159 152 3.3883421872916606
159 154 0.5453933305457003
160 1 0.5511125364849779
160 6 1.2322603530668192
160 7 0.5275584023086547
160 11 0.13945370444217345
160 12 0.6960003504623219
160 14 0.03934670340314129
160 21 0.44050678133284354
160 23 1.1108156513277767
160 25 0.42187911633755176
160 26 0.3791486449528943
160 31 0.030598590605899315
160 32 0.46547025188875596
160 37 0.8620804472806504
160 38 0.13570046581880604
160 45 0.9419134308124778
160 49 0.8479335885687944
160 51 0.7829999084107203
160 54 1.095921648379921
160 55 0.0034766794582880576
160 56 0.348582394884529
160 64 0.21330734236700483
160 65 0.5692700674507272
160 66 0.5100444565582211
160 67 0.9689698688006905
160 68 0.848073444246132
160 69 0.5464910041975143
160 70 0.43801863262644936
160 71 0.2771525386388535
160 72 1.84062830871898
160 74 2.3161957942878897
160 75 1.6138157634252137
160 77 0.3466522619397407
160 79 0.33669160869234027
160 84 0.6649970122450315
160 91 0.32440243798791585
160 93 1.0106252714278157
160 94 0.3797761978408496
160 101 0.6239466836929397
160 103 0.1156544273723184
160 104 0.2975008294576893
160 105 1.3086655522605068
160 106 0.04776631804913965
160 113 0.010806759712293655
160 114 0.1652063691741857
160 115 1.6889730393012174
160 117 0.6931699314490919
160 118 1.163012694756768
160 119 1.1053896474127605
160 129 0.08671583056414785
160 130 3.638317687999276
160 131 2.982746628128136
160 133 1.4262547601935323
160 134 0.9260751600567482
160 135 0.2878081117421617
160 137 0.0027865187904699278
160 138 1.8048074403175014
160 139 0.42588768553760076
160 141 0.2202003467334547
160 142 1.7508135742034863
160 143 1.4938603008498281
160 147 0.7093962791985878
160 149 1.4779488486431733
160 150 0.43611570503745467
160 151 0.31114109554253927
160 152 0.7122793505474453
160 153 1.0559887349234962
160 154 0.4965591249253475
160 157 0.35639754983903793
160 158 0.7735357505032336
161 1 0.7274033288010844
161 4 0.6561211659898663
161 6 3.2674907836454783
161 7 0.17318196254527501
161 9 0.30943922216968067
161 10 0.5980125477189805
161 11 3.094861908213292
161 14 0.7263499460578212
161 19 0.5465023938423456
161 21 0.9430044825556666
161 22 1.5077386106328332
161 23 1.069854016579001
161 25 0.3854999240921358
161 26 0.12109283062857748
161 27 0.48746424818024514
161 30 0.6331570371016608
161 31 0.4232944802276654
161 32 0.18739409618487768
161 36 0.9415400226894196
161 37 0.06200828729533883
161 38 0.903743867764253
161 40 1.2276836875990202
161 43 1.384771562653371
161 44 0.7870515069414198
161 45 1.2328086860666019
161 49 0.11860995735432872
161 50 1.0286280523917974
161 51 2.2157179889100265
161 52 0.18493935174041423
161 54 2.597640388213644
161 55 2.25992789799112
161 56 1.35657096527682
161 57 1.5808648583275022
161 59 0.22119486427148566
161 63 0.010206811187716748
161 64 1.902371630616428
161 65 0.22515718014405264
161 66 0.5323158946526145
161 67 0.20747274640683433
161 68 1.433736832042034
161 69 0.22670387234325914
161 70 0.15953516105987445
161 71 0.5122920705928841
161 72 1.9802025543663844
161 74 0.5912755983818002
161 76 1.6850641496161218
161 79 0.10712134276200358
161 80 0.3903248763816706
161 83 1.038855049783647
161 84 0.317689429458084
161 86 0.41148305979508215
161 87 0.7297275500449837
161 89 0.059834783693445213
161 91 0.08037727312097759
161 94 0.772406740598277
161 100 1.611678499263203
161 101 0.7133470757153151
161 102 0.19276754966829784
161 103 0.054166317886438144
161 104 0.3449891286116033
161 105 0.06986266161424662
161 106 2.304144950827201
161 107 0.07417019172592232
161 108 0.269120585644069
161 109 0.9041526076377461
161 112 0.4117245874957407
161 113 0.6646634841378671
161 114 0.21702251037328732
161 115 4.015651375416848
161 117 0.2734738149887621
161 118 0.5594681810212901
161 119 3.532729997955285
161 120 0.718647254156964
161 124 4.5483858258286185
161 126 0.46794074934209834
161 129 0.17199628666788883
161 130 1.3313021832333576
161 131 1.4229603578915382
161 133 0.22199490633534472
161 137 0.07429470177606673
161 138 0.66332903547501
161 141 0.2513321985824054
161 142 1.420143145217726
161 146 0.005171978543026358
161 147 0.3233959878102989
161 149 0.1479345928231812
161 150 0.9665678094988757
161 151 3.038975765008223
161 152 0.028634746940486108
161 154 0.10205525091874483
161 157 2.2877902951575373
