0 1 1.470057243461815
0 4 3.3584057687400213
0 6 1.7953705524618624
0 7 2.172038965702573
0 9 1.3238340796446915
0 11 0.48342888930827116
0 12 0.17373018510456575
0 14 2.238560710115796
0 19 1.14074802688518
0 20 0.4467716375758703
0 21 2.654920967353932
0 22 1.4532692496863018
0 26 0.9382466692664546
0 30 0.25717350251278953
0 31 0.3724728977545494
0 32 0.07157731280521702
0 34 2.4238891182450746
0 35 1.0015412156618004
0 37 0.3610739828062098
0 38 4.276190320019568
0 40 0.14817190605329084
0 44 0.2919444219184901
0 45 0.8325046922973333
0 49 0.8099128913400998
0 50 1.3532127764273278
0 51 0.24314275348921105
0 52 1.087270471799143
0 53 0.017457698055450038
0 54 0.13423948706473854
0 55 0.7423100461267702
0 56 0.838271563926603
0 57 0.7150154927809163
0 64 3.8001649079496356
0 65 0.9050259260830074
0 66 1.8030161120225368
0 67 2.892684434857805
0 68 0.12580835713008012
0 69 0.36820405760982633
0 70 0.013721948698412516
0 71 0.09675645575493193
0 72 0.5908517114890864
0 74 3.717872859411424
0 79 3.291724683217338
0 80 0.6307071810659038
0 82 0.7777185894382128
0 84 0.5953925738586571
0 85 1.651412057380848
0 89 5.391295783163894
0 91 0.30772070933620044
0 93 2.277632788212289
0 94 0.04831470182283217
0 95 0.1915165190555396
0 96 1.9218792647548013
0 97 0.8494713849548534
0 100 0.2580684982909053
0 101 0.38915554254589296
0 102 0.7304738537390939
0 104 0.09582521034139663
0 105 2.134804716020372
0 106 2.8000640757399755
0 108 0.04974004502280802
0 111 0.5274574936229334
0 113 2.051041454178232
0 114 0.20183146175490685
0 115 1.129715259210301
0 118 0.06715633635082255
0 123 0.8524749958394855
0 126 1.5824184583057535
0 130 0.48648786230055896
0 131 0.002360930583585308
0 133 3.1567356196665384
0 134 0.43754695515629144
0 135 0.15923121275927807
0 138 0.30526556219025586
0 141 0.902739513126173
0 142 1.5939134559033232
0 145 3.8712982751642504
0 147 0.07654661043828827
0 149 0.5657176626096876
0 150 1.2615153520403286
0 152 1.3578459956444344
0 153 4.396476060059657
0 154 4.180247661950011
0 157 0.8563373271693239
0 158 1.062332487566771
1 0 0.15449804080485538
1 4 2.2137740422888097
1 6 0.1319397224909562
1 7 1.5862508159479924
1 10 1.3384000929305913
1 11 0.35587585114250914
1 12 0.7964312276826043
1 14 3.457800885067559
1 16 0.6717098321908936
1 18 3.0068951920202
1 19 2.220092911178157
1 20 4.3901332939312265
1 21 0.7119503665078195
1 22 1.2756040112081686
1 24 0.6097614435996749
1 25 1.0507862039531914
1 26 0.9883713313539687
1 27 0.07111857975061864
1 28 0.6514155125169989
1 30 0.09784643688880526
1 31 3.507248012379773
1 32 0.24279721043326727
1 33 0.21658286474489194
1 34 1.1726336691293635
1 35 1.476609187970012
1 36 0.5081692365013688
1 37 0.3355530538551163
1 38 0.17544100827199133
1 39 3.4594479621527716
1 40 1.483674994979385
1 41 0.8266449237721027
1 44 0.5651823392562628
1 45 0.99153484092038
1 47 0.775930308418896
1 49 2.2549365350491817
1 50 0.25882991760694607
1 51 0.01651345582354752
1 52 1.1439470075019125
1 53 2.5623225104361533
1 54 5.415404149007113
1 55 5.59929538688962
1 56 1.1860477350080778
1 57 1.678911632776795
1 58 3.0577894289899077
1 59 0.07954229377419371
1 63 2.100184178147358
1 64 1.0918447299297207
1 65 0.4213491564573791
1 66 0.040311474826588235
1 67 0.010863925814948617
1 68 1.114320135177971
1 69 0.9402922792429763
1 70 0.4142103319778692
1 71 1.5169098436075374
1 72 2.2969203818860366
1 73 0.8535592310681808
1 74 2.174235259206786
1 75 0.3610275219765873
1 76 0.5306207565501656
1 79 1.7452186913190384
1 80 0.9515730705551841
1 83 2.452252668684825
1 84 1.2012531546435183
1 87 0.15685600363757762
1 88 2.5561425496421335
1 89 1.2144885774999243
1 90 0.38971419299076177
1 91 0.7047971046800633
1 92 0.7853947635806725
1 93 0.5638685330471895
1 94 0.07692012068846388
1 95 0.4769671358806859
1 96 3.0046336625216488
1 97 0.09256411348851029
1 98 0.08574896540298015
1 99 0.8758363892091912
1 100 0.3397706119817942
1 101 0.4936652296285509
1 102 0.26766760468593903
1 103 0.3025704535735412
1 104 4.13173372731341
1 105 3.8802755072338564
1 106 9.327519992862074
1 107 1.6855894542680405
1 108 1.7497695453141677
1 109 3.828343596729329
1 111 0.4335294612876496
1 112 3.9804980578196574
1 113 0.23381170845672805
1 114 1.3741952381148437
1 115 1.2916570561741592
1 117 0.9462120823917868
1 118 1.30640046048349
1 119 0.4003111701787426
1 121 0.06680206668676392
1 122 1.4297641148928844
1 125 0.23191664069588436
1 126 1.2306529617058473
1 127 8.977804994162362
1 129 0.09133659464602646
1 130 1.3599724700911207
1 131 1.0181350153929438
1 133 4.424659865981801
1 134 0.1451399756304168
1 136 2.2411040385697225
1 137 0.4013220690104925
1 138 1.3441292873775756
1 139 0.5352646499953697
1 141 0.24862021728569206
1 142 0.742542575713043
1 143 1.4067791664420413
1 145 1.6969173015753833
1 146 0.2184126957514301
1 147 1.0218054725649828
1 149 1.167119451628716
1 150 0.2541202247504087
1 152 0.27965589114702805
1 153 6.003325875598162
1 154 0.4828285840739241
1 156 1.930959713575536
1 157 7.533239768372084
1 160 7.862320612582988
2 6 1.7209270756197705
2 7 2.049992276478957
2 12 0.7455050334810267
2 14 1.4718432704065818
2 19 0.3577361940740058
2 21 0.5386101973809542
2 25 1.7387460226079554
2 26 0.45845031919531876
2 30 1.6173600390280867
2 31 0.038393233193541564
2 32 1.7184439394695015
2 35 0.6593041225066505
2 36 2.238161114916385
2 38 2.422121140431016
2 40 1.0374464247612403
2 49 0.8318687694029353
2 51 0.6671513087045989
2 53 0.2194080002651744
2 54 1.8929322356242242
2 55 1.5114554963447775
2 56 0.02351354381591131
2 58 1.7776731234140744
2 64 4.0369164181566255
2 65 0.6220978788373565
2 67 0.1917342484080052
2 68 3.0643039592126744
2 70 1.2945153078859497
2 71 0.012543550979382298
2 72 1.651624448210732
2 74 0.36274340428098073
2 79 2.272267308944314
2 89 0.37205698736230497
2 93 3.5693767349770447
2 101 0.24947710183756303
2 102 1.6287398298691866
2 106 2.3664994585969357
2 113 1.5809136855532973
2 114 3.954868312840627
2 115 0.1414731693291536
2 117 0.09529109223961227
2 118 0.5275739272477988
2 120 0.18289538717613527
2 121 0.5736350340156239
2 129 0.6106325939174099
2 131 0.8331242719417534
2 133 5.347078422485519
2 138 0.15439911149283536
2 141 0.534576161068002
2 142 1.489378997287117
2 149 0.5582224046841873
2 150 0.9286893277059509
2 152 3.3963227882247913
2 154 3.8437334544423534
2 158 2.070756169602511
2 159 0.9260266943274507
3 0 0.9670378807945103
3 4 0.08549621651404768
3 7 2.880850149272439
3 11 0.42604810356356093
3 14 9.769703464635187
3 19 0.22542890263694848
3 21 3.7467748868776747
3 26 1.7015038884139724
3 29 0.1825804068686827
3 30 3.852093424488616
3 31 2.5949899566096244
3 32 0.9598215211207319
3 35 8.465027964462928
3 37 0.387924950996782
3 38 0.2963089308085831
3 39 7.173584252788203
3 44 0.2297627233670137
3 49 6.010875812108168
3 51 2.605955663254838
3 52 0.3855621457943943
3 54 2.7530300336525855
3 56 1.4042130676684021
3 64 5.040348249673779
3 65 5.466908314729051
3 67 0.990016229412462
3 68 3.467468702048273
3 69 4.109691257403306
3 70 0.6216441618061066
3 71 1.2631337424075326
3 72 0.5557534611854358
3 74 1.5672994384854484
3 79 0.9517941742841002
3 84 2.997400224708316
3 89 4.442776431210117
3 94 3.524504248842344
3 97 0.02266396536477019
3 99 7.938184649755143
3 101 2.3995460949495815
3 102 1.6466355260355312
3 103 0.5140838127093766
3 106 2.9275922751968717
3 107 0.414061085942927
3 112 4.668026528972679
3 114 0.07012580424088452
3 115 0.7343064160987067
3 117 0.6356697864032287
3 118 1.4368764637229423
3 129 1.047987651677297
3 131 3.8321510412157362
3 133 4.220797886943407
3 134 0.21736681121455562
3 137 6.655019321551653
3 138 1.0682486313855726
3 141 0.16119806642163886
3 142 12.924103798473753
3 143 0.4634946782461398
3 145 1.6037729160417669
3 146 0.5459944547990947
3 147 4.587684481898741
3 150 0.40804226207745725
3 151 0.6918261019345837
3 152 1.942536129559426
3 153 2.810320782984706
3 154 0.1052648820134841
4 0 0.6215119262557457
4 1 0.5105273927131381
4 2 2.3362115221596107
4 3 0.15491591818775824
4 5 2.683462667337226
4 6 1.5166853378165925
4 7 5.21283453143221
4 8 2.5503641114708366
4 9 0.5017433469424695
4 10 0.5965377837560407
4 11 0.504804256367985
4 12 0.25585213777522736
4 14 0.24842988812972205
4 15 1.4567403463831068
4 16 0.6589252685248745
4 18 1.1909719085850703
4 19 1.2375866397021262
4 20 5.5320816305792055
4 21 0.30178658591509067
4 22 0.3815548568969257
4 23 1.2204262229866796
4 24 0.2557230041776873
4 25 3.8305130336193236
4 26 2.62186965486936
4 27 2.2188466325890337
4 28 0.03419001089615504
4 30 0.6848173201604727
4 31 0.30889693835720344
4 32 0.8913534212909426
4 34 0.10867833123062749
4 35 1.6991540720914968
4 36 0.05556089840053293
4 37 2.2626938764695668
4 38 1.605515902433537
4 39 1.0741487864307204
4 40 0.41556868401956004
4 41 0.2830355785086637
4 42 0.45996819533246086
4 43 0.6447710305811124
4 44 3.0944083493678716
4 45 0.467883899546096
4 46 0.025281298515764123
4 49 0.2569929061410505
4 50 0.6135148284786428
4 51 0.22203427688267233
4 53 1.2848670287552584
4 54 1.460189087643841
4 55 7.756083821223437
4 56 0.5949360727403751
4 57 0.3172780157994832
4 58 0.619717914293496
4 59 0.4826105203284783
4 61 0.017763540934605783
4 62 4.304646216677208
4 63 2.6721217226084835
4 64 2.214728775571635
4 65 0.019203938699828813
4 66 2.1041578239137833
4 67 1.211683375434225
4 68 1.1256265364540745
4 69 1.9150719258969862
4 70 2.4742432506697822
4 71 0.2914336304613365
4 72 0.032860811103273206
4 73 1.2835684383896313
4 74 0.30322744029026355
4 75 0.5276737240247948
4 76 0.4462804109964338
4 77 0.9699518944415118
4 78 0.9739053158312131
4 79 0.5167648904926514
4 80 0.6471206191906379
4 81 0.1879565763519093
4 82 0.3651713265758301
4 83 0.24347564797481971
4 84 0.7177423203117237
4 85 0.7193411158476145
4 86 0.4834848386898945
4 87 1.207250040869057
4 88 0.08860087192416054
4 89 1.182684419127062
4 90 1.983773068655103
4 91 0.7784743126892543
4 92 2.0438199394531824
4 93 1.0685568929380225
4 94 0.16704657617564722
4 95 1.7411946710981325
4 96 4.258663242749558
4 97 0.1860444936062258
4 98 0.36221756454757637
4 99 0.05829299148412004
4 100 0.6956158202578383
4 101 1.945172904188554
4 102 0.4266290784378248
4 103 0.04898313261325852
4 104 1.4102446264412536
4 105 2.7856241136349738
4 106 0.877962842027093
4 107 0.15268521397696713
4 108 0.4639297210922838
4 109 0.3208516310939824
4 110 0.7412579273163794
4 111 0.6792943934078474
4 112 0.010697092895577456
4 113 0.15138731645737294
4 114 1.4213895956178877
4 115 1.1898465587481852
4 116 6.171496960130534
4 117 0.3459866949388003
4 118 0.857001278063306
4 120 1.578907287517932
4 121 0.9502802264960828
4 125 0.8782126147348344
4 126 0.15102875222949802
4 127 0.7125759717227234
4 128 2.679329676807521
4 129 0.27901644111378704
4 130 0.3042844201460032
4 131 2.438879509220437
4 132 3.158940711294488
4 133 1.8808530339579412
4 134 1.5552862735633994
4 135 0.970494349839156
4 136 0.43155474445724334
4 137 0.9771217575703337
4 138 0.15758192509816493
4 139 1.1053356692021687
4 140 1.3645593774969538
4 141 0.016524167059062712
4 142 0.58547867528155
4 143 7.100719174501002
4 145 0.39071093528959483
4 146 2.7394627396164215
4 147 0.14796555576150858
4 148 1.1824523864334697
4 149 0.9918984272140848
4 150 0.18326901485448943
4 151 1.3388396851373896
4 152 0.2804780944915241
4 153 1.952638758660994
4 154 2.0502949750592196
4 155 1.4344019346655803
4 156 1.6030798274366593
4 157 0.9035422439654429
4 158 1.8016189000877139
4 160 1.7893486017086018
4 161 0.3949963128976964
5 1 0.20479572770486698
5 4 1.2316959979742632
5 6 0.47777905968917433
5 7 0.5975993188238946
5 11 0.050979851713108974
5 14 4.095213175926108
5 19 0.21323374989227442
5 21 0.060906338337495924
5 25 0.7101895590054655
5 26 0.5347328672200851
5 28 0.20621486342480538
5 31 2.6980594169203154
5 32 0.9986938556285532
5 37 0.8945374981961944
5 38 0.3563179283113307
5 39 0.26700257482473894
5 40 0.0377643999805941
5 44 1.0258375611088153
5 45 0.402522726371874
5 46 0.07932533947584067
5 49 0.2881205151813514
5 51 0.2286906888743106
5 52 0.43293854142364446
5 54 0.8849727999002885
5 55 1.6806474704737842
5 56 0.39503426790501606
5 59 1.4555557926014715
5 61 0.8745439287168119
5 64 0.07090762267927067
5 65 0.33503641033923104
5 67 0.23137657064183795
5 68 0.8625509360566089
5 69 0.39706792570736726
5 70 0.15735299953764975
5 71 0.21513564948235078
5 72 1.523356372875821
5 74 0.24963631900947347
5 75 0.6137383517221453
5 76 0.4164497704026877
5 79 1.9657802523616572
5 84 0.2070089185004081
5 86 0.08260494101703877
5 89 1.1773571946170978
5 92 0.04911307111933712
5 97 0.0306417049991003
5 101 0.17810726854375594
5 103 1.4215118561693958
5 104 1.9728083124209719
5 106 0.18725678370705295
5 113 0.08194449598651754
5 115 0.8381623832602834
5 117 0.9567233918415643
5 118 0.15006492591937223
5 125 1.8435175268193091
5 126 0.41549052317221996
5 129 1.607862897916293
5 130 0.7193007218620162
5 131 1.2893224117987714
5 133 0.7300948500878591
5 135 2.280813563665778
5 137 1.3057909609635558
5 138 1.4486010578821895
5 141 0.08025694943975344
5 142 0.67738476224836
5 143 1.271442596774923
5 146 0.64950536591917
5 147 0.10934800409454999
5 150 0.14276756910672553
5 152 1.1032679456541419
5 154 0.0320641611639315
6 0 1.0397871082526644
6 1 1.9265815475487846
6 4 4.596758542612184
6 5 4.274458635450326
6 7 0.6813388757462329
6 8 5.881695133106492
6 9 0.1876581799290982
6 11 6.424470950164614
6 12 1.7310952769713217
6 14 8.369416290041116
6 15 0.4750341173374101
6 16 0.9761126468671129
6 17 1.288931864482641
6 18 0.6070901696629117
6 19 1.7319394118954006
6 20 1.8474079387812614
6 21 2.1378124365892224
6 22 5.562467272655224
6 23 0.7436132550333637
6 24 0.009970680609258556
6 25 0.15453934197849922
6 26 1.4245744604402295
6 27 0.6230335604449162
6 28 0.055536381792215685
6 29 2.3209163192735547
6 30 3.3564222654692837
6 31 3.9203083179453153
6 32 5.7401086729542765
6 33 0.395382295215803
6 34 1.6352439062966615
6 35 0.4517624548069105
6 36 1.3876560318194457
6 37 1.8735657462854387
6 38 2.2187083994059695
6 39 6.626672585608254
6 40 1.774991746116879
6 42 0.11023155601871196
6 43 1.574542347133123
6 44 0.23718522836686448
6 45 0.448779273622162
6 46 1.6139534790315384
6 48 1.4145518389323646
6 49 0.9003628100106307
6 50 0.894670801840108
6 51 2.016911680163493
6 52 1.1789778276026626
6 53 0.1685217564233863
6 54 0.1665064398040781
6 55 20.94268066794485
6 56 1.555687165087211
6 57 2.486944362667509
6 58 0.8682286745412616
6 59 0.33413246954042036
6 60 7.026199407692249
6 61 0.4125017121075138
6 62 2.6150681553360036
6 63 1.0791087339430152
6 64 0.1801396615572666
6 65 3.4100182838588378
6 66 0.8211862756315766
6 67 0.35893699483168273
6 68 3.1213880861272614
6 69 1.683115119738516
6 70 1.2389257857141673
6 71 0.6798437673214487
6 72 1.2113404370143248
6 73 0.45799100699990597
6 74 0.6876043980759824
6 75 4.353304511899155
6 76 0.11426737040226635
6 77 0.8179366572030322
6 79 2.3224767377508178
6 80 2.5460188976704887
6 81 0.385769387867933
6 82 0.3245088330728797
6 84 0.9796606889420771
6 86 0.22365744107876237
6 87 7.799382859442108
6 88 0.8857657020718348
6 89 0.34223093270116006
6 90 0.9655998660323157
6 91 1.2017341317588282
6 92 3.021099753257228
6 93 3.2081938750563874
6 94 0.49045097537657534
6 95 1.2693840296853585
6 96 2.2624757188822304
6 97 1.818917240308302
6 98 1.1276412512884197
6 99 3.1388175868348576
6 100 2.867568528730336
6 101 1.4692957698143274
6 102 1.99786429805269
6 103 1.1238038662191454
6 104 0.09587172079102482
6 105 2.606289487468371
6 106 4.196118862858
6 107 0.02791782342809147
6 108 2.3364208099721155
6 109 4.069022958111771
6 110 0.12812684500490612
6 111 0.07570802576808933
6 112 3.1141592248475964
6 113 1.1628886723285705
6 114 1.2232000914641579
6 115 1.7986796760513362
6 116 4.923802891221703
6 117 0.08638941335440771
6 118 0.8815897431367552
6 119 4.130228035859388
6 120 0.58426123927761
6 121 0.9661640251425345
6 122 2.5862929705187003
6 124 2.373219177005284
6 125 0.124389003878107
6 126 0.5306426962453697
6 127 0.049696611236699204
6 129 0.4168415968199535
6 130 2.292599498550882
6 131 1.43315168016121
6 132 0.3469148123301495
6 133 6.793803948079348
6 134 13.624536179169212
6 135 1.0265699199025722
6 136 1.0316112351646185
6 137 2.29000680488703
6 138 1.6334296764196143
6 139 0.6185078566057176
6 140 0.6297744840882356
6 141 0.5981369385731247
6 142 3.037100978712405
6 143 11.811805896936587
6 144 0.456412240376517
6 145 0.04320508773576497
6 146 0.7110384896021126
6 147 0.48156427712660005
6 148 0.7185549404609145
6 149 3.9065318837011507
6 150 3.0668814738390457
6 151 3.9969043229396437
6 152 4.936533879960761
6 153 2.9970643601107874
6 154 6.609881928663275
6 155 0.3977357067057035
6 157 0.9083676099749952
6 158 6.765873144403886
6 159 0.13060852387567412
6 160 2.7999712427193364
6 161 0.7191393275088845
7 0 2.0570454438827968
7 1 2.8195172603825633
7 2 2.717719245818576
7 3 0.40705636580323024
7 4 0.25491900590046684
7 5 2.234750966627117
7 6 2.3204593637963
7 8 13.873061418829558
7 9 1.6557618370304055
7 10 1.0842844227793174
7 11 0.21330475471790272
7 12 0.8162439196316015
7 13 3.305138591387981
7 14 0.7604861999094119
7 15 4.823147413652762
7 16 0.9230218966655218
7 17 1.225583554729223
7 18 0.3482273592171974
7 19 1.7574991316736126
7 21 2.531377322080521
7 22 2.128079113285476
7 23 7.222610997292946
7 24 0.8901536036294245
7 25 3.8850592268003674
7 26 0.3132031674317622
7 27 4.2003265466456625
7 28 1.6581985558232828
7 29 0.022655798319457437
7 30 0.486604127502838
7 31 0.6669561835231281
7 32 1.3419803069852907
7 33 0.6095159194124206
7 34 0.5417708555448859
7 35 7.048155728192488
7 36 0.8024482809874444
7 37 1.7887912773591215
7 38 1.7825076888583096
7 39 1.1740540262480044
7 40 0.5844271096144453
7 41 0.3263752294761278
7 42 1.030369957916131
7 43 2.4699320938601845
7 44 1.7978090203545505
7 45 2.133001369135982
7 46 1.5843478681524987
7 48 6.3599998731411365
7 49 0.6311438951673752
7 50 0.0372489746745069
7 51 2.2628110416189915
7 52 0.9698828179516986
7 53 0.3784065506048413
7 54 0.49876125427874407
7 55 0.6175179241027856
7 56 0.6039703190670124
7 57 2.3376756230522333
7 58 4.364693611754345
7 59 2.842727533775543
7 60 1.7297348647345172
7 61 0.32003607157330544
7 62 0.211183709971709
7 63 5.956722958159782
7 64 6.497554604178364
7 65 1.4482902908081723
7 66 1.8481305976080111
7 67 0.9873589488825675
7 68 1.4041315465411963
7 69 1.1100408807436937
7 70 0.3507896300159048
7 71 0.41754923022366747
7 72 0.45666913794028435
7 73 0.6972728266735813
7 74 0.18040014719538225
7 75 0.22091310771733683
7 76 2.876282044521945
7 77 2.209379211540742
7 78 0.9566837373063667
7 79 0.16292560372335263
7 80 0.5035407450177846
7 81 0.33826478561813983
7 83 0.0961773636252898
7 84 0.17151245615176
7 86 0.4057643320260992
7 87 5.4754453201174185
7 88 1.1645828867383854
7 89 0.5217952048748612
7 90 1.32564408739438
7 91 1.349369322888276
7 92 2.944464464456462
7 93 0.899133443307628
7 94 0.2617995355980731
7 95 2.2119808878665133
7 96 0.4147558521332206
7 97 0.14064112445937152
7 98 0.23603609359845235
7 99 1.6357108115313919
7 100 0.3100171346577093
7 101 0.9522459665618885
7 102 0.31711881056583757
7 103 1.871465621584351
7 104 1.6154890755012488
7 105 0.02324759665477745
7 106 0.2038687336757061
7 107 0.7997235380442937
7 108 1.3057298080549922
7 109 1.3782245647263551
7 110 0.21508332024573418
7 111 1.950566335493931
7 112 0.9515602083832414
7 113 1.3697055743521904
7 114 1.0093081414328557
7 115 0.7566774286773699
7 116 0.4852698846928089
7 117 0.22224339303702953
7 118 0.9675307166619794
7 119 2.58059373763947
7 120 0.5409426884576082
7 121 1.16433089368898
7 122 17.26776435602086
7 123 5.889041990410522
7 124 0.7497205954697355
7 125 6.206547954121387
7 126 1.5752852709177734
7 127 0.8227261477684322
7 128 0.00784741301316781
7 129 2.736133165085798
7 130 0.3470135892613844
7 131 1.0691954743120073
7 133 0.30544309690012195
7 134 5.898983214880156
7 135 5.468848277843735
7 136 1.187935025095615
7 137 1.572805633033579
7 138 0.03924134584638838
7 139 2.4320982185764053
7 140 1.041693022837369
7 141 0.2979079870861704
7 142 2.647329400251402
7 143 1.682997834150331
7 145 5.350017600825796
7 146 0.6641142687244204
7 147 1.6017037494179966
7 148 0.9032542985827171
7 149 2.211739047832252
7 150 9.998782520688968
7 151 3.9563420877572875
7 152 1.0154757895987048
7 153 8.341111448608252
7 154 0.6858920609700473
7 155 2.9073101478097616
7 156 3.065034209629788
7 157 0.1497507893545461
7 158 1.84808252473152
7 159 0.38301616626943935
7 160 4.597066128670603
7 161 2.410698836925944
8 4 1.591299304988916
8 6 1.702988053023369
8 7 1.396943642289244
8 11 0.259288111351923
8 13 0.6864965417869233
8 14 0.2984079822052366
8 19 0.5885326572081427
8 21 3.62061998146859
8 25 1.1639889732526165
8 26 1.0677616155424565
8 30 0.7308288755924797
8 31 1.8416702302429822
8 32 1.5663239664795816
8 35 0.7661940994638343
8 36 0.2268157319794134
8 37 0.3693137023850314
8 38 2.27493896406013
8 40 1.864177183300394
8 44 0.48025329872783445
8 45 0.1585500352238639
8 46 0.14504952547099892
8 49 0.8280627648038346
8 50 0.0003739037214954187
8 51 0.5821386662068065
8 52 0.29760982362900257
8 54 1.0348776962488055
8 55 0.7537523552117361
8 56 0.6876871298592749
8 57 0.24553187894046916
8 58 0.5163285385632187
8 62 1.2483464356595142
8 64 2.8028571013410635
8 65 0.9014881649865886
8 67 0.25137709844157496
8 68 4.1771729810590115
8 69 0.8031605016313969
8 70 0.2468498390152797
8 71 0.48033231312371166
8 72 0.22762564145072672
8 74 0.5375086336026492
8 77 0.3067878091292274
8 79 0.485993239867269
8 83 1.329406454055489
8 84 3.0672458152813316
8 87 0.38171812484414286
8 88 0.15634342124225434
8 89 0.9847557418835976
8 93 0.563028138022373
8 94 0.6467187069924362
8 97 3.0925086905559582
8 101 1.0290002461873342
8 102 0.5295282448609285
8 106 0.8034926865667555
8 107 0.8911432946074199
8 108 0.35226254182030936
8 112 3.069155812332808
8 114 0.29957639549714815
8 115 2.113844452794457
8 118 0.21739923409126688
8 128 0.031237536126091276
8 129 2.0693851076675283
8 130 2.893577924180734
8 131 3.2206893571933373
8 133 2.3922762285362964
8 137 1.0222184586036729
8 138 0.2859922625247846
8 141 0.12461854061288971
8 142 6.034485469054179
8 143 1.4765007382031363
8 146 1.0753142787598402
8 147 0.013053699285894374
8 149 0.5777270178407115
8 150 1.3084556532268325
8 152 0.8894731659984912
8 154 1.2056790281466594
9 1 0.9523457227467222
9 4 1.6179364498259843
9 6 3.6901428582718707
9 7 0.8917933522684275
9 11 0.8359825772684382
9 12 3.4295698295779213
9 14 0.45120723378351013
9 19 0.8204243918542939
9 20 3.203889124259777
9 21 3.21019869124286
9 22 0.5351247780345016
9 23 10.408008737316372
9 25 1.4127887004474664
9 26 0.2925373985669991
9 27 2.8250021382101935
9 28 0.8975793876852192
9 30 0.6191214203071479
9 31 0.7761437234067986
9 32 0.9018670760543762
9 36 0.14028773992206825
9 38 2.6343906007010984
9 40 0.9833353847677363
9 44 1.9959477552091616
9 45 2.176758382138786
9 46 0.6712251021459132
9 49 1.5286398306181892
9 50 1.8967662598435815
9 51 0.20018232538660571
9 52 0.15897618796685806
9 53 1.2418238485827182
9 54 2.3098400371851926
9 55 0.03758637367973302
9 56 0.7274387074609059
9 57 0.25091887089628767
9 58 0.2637085797105877
9 59 0.6933671190626776
9 64 1.3395292874398015
9 65 0.8498042108461764
9 66 2.140469923988787
9 67 2.3186216473336057
9 68 3.0094256504969996
9 71 0.6983924192239029
9 72 0.11607304387559798
9 73 0.25368212800676176
9 74 5.050395257419289
9 75 0.360804043389174
9 76 0.18507531138871525
9 79 0.2607488236058982
9 83 1.277519499177656
9 84 1.40423648882091
9 86 0.8574370094893194
9 87 0.13267200876610213
9 89 1.1554333950262894
9 90 0.41985610426901937
9 91 0.3652801739047494
9 93 7.493381126184409
9 94 1.1639893864706214
9 97 0.18755766328609544
9 101 0.12024325477190838
9 102 1.0736880535515152
9 104 0.07708188002111711
9 105 0.040599548144743265
9 106 0.5974908731645532
9 108 1.0255416130049375
9 110 0.4331797013108644
9 112 0.80412301935207
9 113 0.8014998354030834
9 114 2.4952149007357973
9 115 0.8600601395822829
9 117 0.4442656032818882
9 120 2.9319860235464343
9 121 0.9574507011478788
9 122 6.7008277366995275
9 125 0.355389938198743
9 129 0.991524148630063
9 130 3.161851522075514
9 131 1.291443696202533
9 133 1.5875264531310007
9 134 1.9590641510047668
9 135 0.8846625647590344
9 136 3.263298175286642
9 137 2.7800261172833096
9 138 3.5874317411293104
9 141 0.3785995519642393
9 142 3.160920841019155
9 143 4.812436640794438
9 145 0.034438952100297696
9 146 0.5826378895455386
9 147 0.02066707011021896
9 150 0.3997581706242444
9 151 0.622129874573219
9 152 1.5272500027279465
9 153 1.4947202718089183
9 154 9.68253820142831
9 157 5.013488070484621
9 158 1.306478850135437
10 4 4.209030463960346
10 6 1.3900351649060956
10 7 0.8925130819271646
10 11 4.54988018407249
10 14 3.436365774194452
10 19 1.9311959145511601
10 21 3.0456635881843757
10 22 3.2431989268081467
10 26 2.076544447074666
10 30 2.4542356563384726
10 31 1.9796379835595237
10 32 7.047799540474181
10 38 0.6697760457511542
10 40 10.21006361529053
10 42 0.4057045106476497
10 45 0.6067092298717592
10 49 0.8029446448585685
10 51 1.9147862948992693
10 52 3.8173534262978146
10 54 1.4325017364913568
10 55 1.6192653975343854
10 56 5.243966475766456
10 59 1.16307003919248
10 64 2.236844944859736
10 65 0.41793804544537877
10 66 0.323000661336212
10 68 4.184221186615999
10 69 5.518528053357249
10 70 0.5544363187122597
10 71 4.540552446216198
10 72 0.2588156669493577
10 73 0.4652370581590236
10 74 7.319842244276573
10 76 0.24254558383149474
10 77 0.4683556271863251
10 78 0.17864017404405644
10 79 0.018771036281842256
10 84 4.198579045012103
10 87 3.050233436794674
10 89 9.144210383308154
10 92 2.126084858499115
10 94 0.14135453410256912
10 96 3.5457853118756155
10 97 0.2033522015261029
10 101 0.05384990146757879
10 102 1.2901146998960122
10 105 4.414691618857577
10 106 5.471702840130563
10 107 2.6135981284368004
10 108 2.134238342871256
10 112 2.00938217731469
10 114 3.2187705296103455
10 115 1.4910512948455314
10 118 2.0166956240120806
10 126 7.7524294477775575
10 129 0.911169154553911
10 130 1.5629372196871942
10 131 1.791024002123662
10 133 7.9773072343604525
10 135 6.7312325496639245
10 137 4.6186289698978165
10 138 0.24446772438260536
10 142 5.2930713473801045
10 143 3.232998568126751
10 145 2.0663840860510025
10 146 0.16346436434318443
10 147 0.06745395618330921
10 149 3.8136874729663184
10 150 1.4381945948262345
10 151 2.805260827148859
10 152 5.316781695025204
10 153 2.4335756670223763
10 154 3.555048972023374
10 157 2.606725277843222
10 159 1.0436867915375692
11 0 0.10619504979110704
11 1 0.6282720499882934
11 2 0.7351131773429422
11 3 0.4989847701578513
11 4 2.28204047233131
11 6 0.2901619085831459
11 7 0.052079968500246036
11 8 0.7678759884453115
11 9 0.48963677545653667
11 10 0.04760600949142098
11 12 0.3982738324365143
11 14 0.4255535348473074
11 15 0.002337848360375128
11 17 0.07946674723668758
11 18 0.16494349131579086
11 19 0.6337107909799558
11 20 2.6744406384235546
11 21 0.7173993781288504
11 22 0.38881486615362726
11 23 1.3749241522677291
11 25 0.5387075798705393
11 26 1.4167258990366822
11 27 0.9233201247078823
11 28 0.34102488944788795
11 30 0.37547908687869047
11 31 0.41792211137590213
11 32 3.0843508146551555
11 33 1.2632070817536076
11 34 0.07083114191180154
11 35 0.49819952808659906
11 37 0.04149713092203038
11 38 0.09617333916673315
11 39 0.8721489936971284
11 40 0.7486296363780701
11 43 0.4018479670188664
11 44 1.1303045613761853
11 45 0.8491015861921198
11 46 0.2321488466631772
11 48 0.5065722365770723
11 49 0.11037647225184184
11 50 2.077596204412357
11 51 0.19576128379225757
11 52 3.668808908615148
11 53 0.33605943575369635
11 54 1.0521082498334018
11 55 3.3524652362183005
11 56 3.1069127938292582
11 57 0.4487344364576509
11 58 0.04648260187008859
11 59 0.12244267987740137
11 60 0.24860245941154166
11 61 0.4656581097871732
11 63 2.1466969919414947
11 64 1.5488027079578286
11 65 0.10363182307835193
11 66 0.07551545637449321
11 67 0.2114897102407865
11 68 1.4042693665537667
11 69 0.056207271871044434
11 70 0.06843447827727246
11 71 2.2827600179675605
11 72 0.24440613080343995
11 73 1.1424423815460787
11 74 0.3397504453976982
11 75 0.3722148902295515
11 76 1.3664508281799326
11 77 1.3119029407750902
11 78 5.204365976606635
11 79 0.4375838728758753
11 80 3.041491652985443
11 82 0.060502239648496506
11 83 1.295266360405655
11 84 0.06445936946481132
11 86 0.007631986699051031
11 87 0.2956485468405437
11 88 0.02577657618360419
11 89 0.051726317810452435
11 90 1.0493942218905754
11 91 0.8956117113332354
11 93 2.498816967022165
11 94 0.5985340468686143
11 96 0.23511635865108715
11 97 0.42481532315193815
11 98 0.11873037894165445
11 99 0.09935680658330442
11 100 0.7804513109036866
11 101 0.8683037439232268
11 102 3.161735620683631
11 103 0.0612102818309005
11 105 3.5463159786701763
11 106 0.7502097535562121
11 107 0.3061821284800368
11 108 0.4648799009876624
11 109 2.777929834072838
11 110 0.4272694384650897
11 111 0.1734370213289732
11 112 0.5398653486750813
11 113 0.23200544069065648
11 114 0.041367079476973934
11 115 2.4873193019016875
11 116 0.567574869977078
11 117 0.017816294845723824
11 118 2.0634310763533215
11 119 0.7659258650531406
11 120 0.5053606250147054
11 121 0.007731370950758482
11 122 1.370034584515424
11 124 0.987652002293105
11 125 3.6365662623251023
11 126 1.3632373099323372
11 127 2.487817036772713
11 129 3.5142717133639447
11 130 0.04517446781525979
11 131 0.10426849247616155
11 132 0.3570466364640216
11 133 1.7574559390592994
11 134 0.47880198080780206
11 135 0.9816087367855492
11 136 3.7738214246085002
11 137 0.04048461337654047
11 138 0.6508635140077932
11 139 0.6032622869623316
11 141 2.280176507087676
11 142 1.0845752086836664
11 143 2.224063444141347
11 145 0.14442171955756675
11 146 1.2154460590867802
11 147 0.40583071441087754
11 148 0.0802641687993603
11 149 1.3621014651869117
11 150 0.4308140489330358
11 151 0.7384148885855194
11 152 0.004740501106266515
11 154 0.47186664656334393
11 155 0.3334642783796642
11 156 0.09397834705947442
11 157 3.228760301975653
11 158 0.9220861172844007
12 0 1.535415901545006
12 4 0.28934830743536505
12 5 0.2661234388801862
12 6 1.7053832305279584
12 7 0.6556287343291448
12 9 0.04904288608002059
12 11 0.09905943862624109
12 13 0.49455089524088947
12 14 1.7522743231322324
12 19 0.007314381161027294
12 20 0.08896530452014122
12 21 0.04445047363065284
12 22 2.2970502951887033
12 25 0.3232081079283915
12 26 0.5209818256861081
12 30 0.8054891491053986
12 31 0.15882904668464437
12 32 0.7684771905115333
12 35 2.521354548106273
12 36 2.587229348332689
12 37 3.495363976250635
12 38 0.4522533753497898
12 40 3.154436156773735
12 43 0.4336627163157892
12 44 0.40564407202719766
12 45 0.9205995226113114
12 46 0.7439958196232648
12 49 0.932196100393213
12 50 1.800139912914029
12 51 0.36798006765160546
12 52 1.800106438546753
12 54 1.0178535407364453
12 55 0.6466287864739648
12 56 2.8690819086863453
12 57 2.6471658025821614
12 63 2.1652972809281876
12 64 2.706915197863426
12 65 1.3554016851715478
12 66 2.5190461981444425
12 67 2.1439445458939814
12 68 0.16088782246440989
12 69 1.7843193892469884
12 70 0.3732965406554539
12 71 1.4540686412814354
12 72 1.1306484854163503
12 73 1.1219774163757956
12 74 6.138952678402683
12 75 0.4495825834887412
12 76 0.2759640504135045
12 77 5.312616371145318
12 79 0.37455740039304425
12 80 0.22243023640281964
12 83 0.5440387308178721
12 84 0.13114499428123588
12 85 0.8459781758226287
12 86 0.2054742669365428
12 87 2.7401539905942935
12 89 1.004345709485601
12 90 0.06738757457223712
12 92 0.07586483033080486
12 93 1.22157246859074
12 94 0.16844399768328006
12 97 0.40310158773825555
12 100 0.49166138833956047
12 101 1.136292523460785
12 102 0.3135715324485619
12 103 0.6884432537180897
12 105 0.4853764711227508
12 106 2.2440207734479345
12 108 3.959458058184534
12 109 0.01087986601746515
12 110 0.6425227563313006
12 111 0.3851785171057342
12 112 3.127420495077108
12 113 0.7617809655161885
12 114 0.5386762945151551
12 115 0.9231651933498753
12 116 0.4637607124653032
12 117 0.26272314390319207
12 118 1.6022210286209113
12 119 1.3327055932679517
12 122 6.986452488406295
12 126 0.3933467722776458
12 128 1.3770777763577333
12 129 5.973168521080146
12 130 1.780360827155127
12 131 2.6394088883042612
12 133 0.2703452447348289
12 134 0.015217556602967284
12 135 3.477491211789805
12 136 5.164620589596843
12 137 0.05288061919815611
12 138 2.5930005896784225
12 139 0.4829146586526983
12 141 0.5947564056190371
12 142 3.110614346297754
12 143 3.299783439958022
12 145 2.2270682454740545
12 146 1.5991810831277598
12 147 1.0367292316568668
12 149 1.295291412358639
12 150 1.062293111709817
12 151 0.07189688377191968
12 152 1.1868210107100077
12 153 3.6895532669429825
12 154 0.2614269287391503
12 157 0.9427142298970327
12 158 5.342491515302771
12 161 0.36857441430860755
13 4 0.5656604496622998
13 6 0.24651685420878303
13 7 1.431054747955929
13 11 1.753644494027055
13 12 1.0395301913947679
13 14 1.3592141078738913
13 15 0.4212263889161878
13 19 0.7632968932089852
13 25 1.1922761131912467
13 26 2.527403936714245
13 28 2.8662229493453317
13 29 2.134509297068378
13 30 0.13523755121686878
13 31 1.854255693067449
13 32 0.08406726159271724
13 36 1.5420981575571504
13 37 0.07004995035026582
13 38 0.10948343264268716
13 40 0.6963395253658229
13 42 1.5114034780211452
13 45 0.11198192653047287
13 46 0.6390200455614098
13 51 0.2429675382285692
13 54 0.7060361392711278
13 55 2.659075174403547
13 56 0.6623142085459883
13 58 0.09219614190842519
13 59 0.5163145068784422
13 64 1.412976502305927
13 65 1.2525541577019932
13 66 1.2947107842660324
13 67 0.2770079027107677
13 68 0.014511338764342052
13 70 0.37323585758465183
13 71 0.7217597700625077
13 72 0.11772378889787866
13 74 0.3016315851433309
13 79 0.14228496160729265
13 80 1.4717706751799624
13 83 0.46818224824507754
13 84 0.6159223983507096
13 86 1.3792447130001744
13 89 0.36367091569185217
13 91 0.9763233989857589
13 94 0.25040993086341956
13 97 0.03130331902376872
13 101 0.004240934205233958
13 104 0.08805256855288753
13 105 1.4620793027353736
13 106 0.3326800442085097
13 107 1.1806539395098739
13 108 0.17776353046511395
13 109 0.16600068773734014
13 113 0.03297934049831389
13 115 0.48619752558165313
13 118 0.10569335994363946
13 119 1.3105326369937562
13 121 1.8133771928146463
13 126 0.07198891345253175
13 129 0.19455092608254268
13 130 0.6410850996334001
13 131 0.4628944383275546
13 133 0.09061612331379723
13 135 0.7561932230956263
13 137 0.6098828994545497
13 138 0.49813069259161413
13 141 0.29877040090643847
13 142 1.6006486141349412
13 146 0.021736635699368987
13 147 1.183921326083871
13 149 0.4013040396678471
13 150 1.2121298293984268
13 152 0.6861029888694089
13 153 0.858164575503775
13 154 2.2505130194714926
13 157 0.18381785190490132
14 0 1.262604024738134
14 1 6.167436175932643
14 2 1.1266331041056408
14 3 1.7809250074107523
14 4 1.0641197469741237
14 5 0.06790082483849012
14 6 1.3601852530292293
14 7 1.5902914704688706
14 8 0.476088653106837
14 9 1.9180974325692637
14 10 0.7944643128756846
14 11 0.5946656214472145
14 12 2.2580830750775496
14 13 1.063125317602311
14 15 1.3912285614150433
14 16 3.1845548172492673
14 17 1.7637417513050966
14 18 0.6411400668196131
14 19 0.2119809274787998
14 20 2.5036794573250347
14 21 3.594718112269954
14 22 0.8108759576789334
14 23 6.553045977423172
14 24 0.7498468215365546
14 25 1.8037912150989746
14 26 0.056372172549366606
14 27 0.4287109368271611
14 28 0.10242196574195793
14 29 1.3247949785110718
14 30 1.3855576757769892
14 31 1.6338389461775975
14 32 0.0709428541481121
14 33 1.1634958376622886
14 34 5.53073220378642
14 35 7.927500164067174
14 36 1.9328290838829405
14 37 1.57442400827192
14 38 0.12376066240233873
14 39 13.369531447710603
14 40 2.2412025944617087
14 41 0.5023329689986833
14 42 0.22683355039450875
14 43 0.922945543075
14 44 1.277037628569576
14 45 0.6051328914768294
14 46 0.7586262245218559
14 47 0.2621511754357651
14 48 0.6059035394191951
14 49 0.12578136828561076
14 50 0.8550293224097409
14 51 2.1454743344873113
14 52 0.5117806221261987
14 53 0.004564969352602779
14 54 6.590001093435166
14 55 1.0371490559635268
14 56 6.638965556604141
14 57 0.5063030235940229
14 58 0.4727074871665851
14 59 0.8637840962038236
14 60 1.3598635977424036
14 61 0.6042947416382257
14 62 5.11351566540317
14 63 5.0192734039574205
14 64 4.677532247009916
14 65 0.6313194300568671
14 66 0.4163145677642564
14 67 0.6357507269966545
14 68 0.415142921719238
14 69 0.8077649778068533
14 70 0.3785340936649528
14 71 0.875105479194832
14 72 1.538874199354022
14 73 0.8912880435023551
14 74 1.2781111516832393
14 75 1.002741042540074
14 76 0.8419384161139425
14 77 0.11278147050518962
14 78 0.46758154857323175
14 79 0.5221723129151512
14 80 0.13349090301971395
14 81 0.38952232048451035
14 82 1.271017310062001
14 83 1.9823094572609803
14 84 0.001764094159844822
14 85 0.0831607921885163
14 86 0.935052503215618
14 87 2.1320811180520596
14 88 2.4078666680590173
14 89 3.3937757021502004
14 90 0.80746892143239
14 91 1.555122961932655
14 92 0.04706050544618991
14 93 3.2659572277089266
14 94 0.1338401858957448
14 95 0.2878181220431851
14 96 0.3432890814820881
14 97 0.9143620492034716
14 98 2.6017880875180666
14 99 1.1015052844619955
14 100 0.5813162956124469
14 101 0.4658376820466382
14 102 0.005001947399380048
14 103 0.2742203453942572
14 104 3.1985919332188812
14 105 1.012431478215184
14 106 0.5031881384219213
14 107 0.1589084832856219
14 108 0.9245022211599073
14 109 1.9552832372177544
14 110 3.7882784239146283
14 111 0.9317332904395831
14 112 3.1568545265745045
14 113 1.414239138003331
14 114 0.831460668858629
14 115 0.05607043206905972
14 116 0.3534403504898454
14 117 4.941833499504024
14 118 0.16011898197771804
14 119 5.59346016202878
14 120 2.6461327170755817
14 121 0.16691342531594286
14 122 0.006202755901096672
14 123 1.3831687225527833
14 125 1.968326560622704
14 126 1.2781844284422257
14 127 0.64931872747738
14 128 1.972084190011118
14 129 1.745990594771387
14 130 2.559077919944833
14 131 0.23459268476857775
14 132 0.2573412850075891
14 133 2.0758909931443164
14 134 0.06969245777284373
14 135 1.8997220688444436
14 136 0.18687867025282665
14 137 1.3890720556160694
14 138 0.33490517251194757
14 139 0.3137991430134479
14 140 0.6582167952729931
14 141 0.8637970807439272
14 142 3.7725638976660156
14 143 13.475789391301287
14 144 1.31468608407775
14 145 4.755832646904345
14 146 1.6928930867409284
14 147 1.4577778332559963
14 148 1.0983208857509954
14 149 0.38854359086122225
14 150 3.672161523708498
14 151 2.363041921157335
14 152 3.547347738049691
14 153 4.2859656585529775
14 154 1.699923397553691
14 155 1.4641105403700345
14 156 2.284764838854138
14 157 8.00959842571363
14 158 0.46388017225474576
14 159 0.27759059778950024
14 160 1.6761583841814875
14 161 2.3801339969864164
15 1 2.955124169398522
15 4 1.822870385468403
15 6 4.4924546767988085
15 7 4.292263061357042
15 11 9.279623694008277
15 12 2.151181299650753
15 13 6.624819907595738
15 14 1.8012789070275308
15 19 5.32060891935332
15 26 0.4316947840832254
15 31 0.1911870823267771
15 33 0.5527890720855648
15 36 0.9877780758313977
15 37 2.3397455392836912
15 40 3.10545329738521
15 44 1.9305865568153517
15 49 2.0878638063827766
15 51 0.49538988934255096
15 54 0.6340973138594906
15 55 1.118868209948011
15 56 10.800659808172513
15 57 2.227988700195383
15 58 2.992240122524342
15 61 0.9776096896978888
15 64 1.1507698049524318
15 66 0.3410727339017044
15 68 21.50048900879908
15 69 1.5366119554423676
15 70 0.02058992538482869
15 71 2.534099687102769
15 72 1.1063101553428198
15 74 4.93048988854855
15 77 4.094514078335714
15 79 3.692082397983462
15 84 0.2445843025639336
15 89 4.639779238572286
15 93 7.622298782769162
15 94 14.906740590950497
15 97 0.9075154109097642
15 99 4.580195814723323
15 101 0.8935899045636568
15 102 0.7272378596315309
15 103 0.45068467789961747
15 106 38.16174045701186
15 108 20.141768971029745
15 109 5.911299771490261
15 113 0.7977539092182392
15 114 2.828315202077674
15 115 2.1236531161441716
15 117 4.79120444590022
15 118 0.12956469237346688
15 119 2.6537707070720336
15 129 1.4655230063670965
15 130 11.224877915376497
15 131 0.38558948081810485
15 133 6.009889082025486
15 135 3.86885866265485
15 137 30.980623922546858
15 138 0.8296372297234318
15 141 0.36889298903194384
15 142 27.92110224650311
15 143 44.52354368199394
15 150 15.890758157031781
15 152 63.503776474847136
15 153 4.956216971561453
15 154 36.984216591853034
15 157 7.273096410397433
16 1 2.087965330655826
16 4 0.6194736930100614
16 6 0.6265439395905915
16 7 0.655608913347871
16 12 0.7757741662536166
16 14 0.6459278068657576
16 22 0.43916371612249383
16 26 0.10504736278849311
16 30 0.8264297925269739
16 31 0.213939163292827
16 32 0.056474699247229435
16 38 0.07077831847019458
16 40 0.08307316373690173
16 50 3.7391209915520602
16 51 0.06302024723045205
16 54 0.6078975396389796
16 56 0.10058511143645253
16 64 0.05103130786546707
16 67 0.05498011266821655
16 68 1.0755419417084304
16 70 0.24349903256992547
16 71 0.21631794749797395
16 72 1.5328913660429169
16 74 1.6502826134382151
16 77 1.409801828633582
16 79 0.12585273896155968
16 84 1.0086590904984212
16 89 0.32010870266103253
16 94 2.6362222234129176
16 95 0.9533060556804944
16 106 1.300419954174289
16 109 0.10560461345022747
16 113 0.28841050518510014
16 115 1.813492119135113
16 118 0.2804192791674492
16 129 0.0353929005603516
16 130 0.14151527237739248
16 131 0.9780156958699692
16 133 0.008143723018529298
16 134 1.017985953907608
16 138 0.07788012628341241
16 141 0.06288643900818472
16 146 1.1200438128009904
16 147 0.051765463449284545
16 149 0.23174532199072276
16 150 0.5693247228307121
16 152 0.2131014702489588
16 154 0.09647997531734581
16 158 0.7036015660966927
16 161 0.47214116239269605
17 5 1.7947877715767333
17 7 0.5595578997928039
17 14 0.848875250042953
17 19 0.21700311208117293
17 21 0.6581840839955475
17 25 0.9380177764106762
17 26 1.0449158945370878
17 30 1.8110741862679496
17 31 0.418087729945299
17 40 0.8646321498452159
17 45 0.043581334845059654
17 51 0.1390421505488918
17 54 1.714188822522631
17 64 0.7818071496044395
17 65 0.570425616735721
17 67 0.8956662058179024
17 70 0.8303361252244698
17 72 1.6713346288688484
17 74 2.4096022716521484
17 77 0.9555146487906699
17 79 1.1489214929873393
17 89 0.3007205476176121
17 91 1.3567951293135672
17 94 2.424605519240885
17 101 0.06834017213648397
17 106 1.4188180626446885
17 113 0.2929140520378681
17 115 0.7058219699464106
17 117 0.8567271499253016
17 118 0.7896134964362972
17 126 0.012378928075869306
17 130 0.2539409987132979
17 131 0.22935839122930962
17 133 1.1992624282326902
17 137 0.4863744587474818
17 138 1.9963351407391479
17 142 4.267463235793354
17 146 0.08081070312859974
17 147 0.5012849249773552
17 152 1.189719850520445
17 154 0.3999704828541403
17 158 0.2839467550931284
18 0 0.13885563561545772
18 1 3.125196757355839
18 4 1.1958888675047996
18 6 1.5062024632308482
18 7 1.0977746522188563
18 8 1.2117982798314464
18 9 0.1349753323571871
18 10 0.2958175836259372
18 11 0.05197663480960443
18 14 1.9923977994852222
18 15 0.14659621352548008
18 19 0.5160414020005675
18 21 2.9592404824251344
18 22 2.5407700214514586
18 25 0.5260574531290998
18 26 0.9128792510623023
18 30 1.1729130835968282
18 31 0.3174394394001687
18 32 0.47168989853604126
18 36 0.7721003753885428
18 37 0.3664759506277156
18 40 0.45868327996817215
18 44 0.6016405255996834
18 45 2.1099468037545157
18 49 0.15638568766504493
18 51 0.10044511500399417
18 54 0.574379656201769
18 55 1.8875775529149708
18 56 0.7740430225038321
18 57 0.2963036338884736
18 59 0.26336769273608
18 63 0.4435061650793796
18 64 0.03680628653933153
18 65 0.4304062460446785
18 66 1.079623979841635
18 67 0.49290700514524693
18 68 0.5074925084691017
18 70 1.0625647716546167
18 71 0.2950936441716638
18 72 1.283807878944545
18 73 0.7955255755667985
18 74 0.34264187500182675
18 75 1.0102398767707084
18 76 0.33152272123623105
18 77 0.052469212495425514
18 79 1.164750915356112
18 80 0.07087224204744666
18 83 0.47222201934849845
18 84 0.043651739585748923
18 87 0.8052821746286883
18 88 0.8481637888730065
18 89 0.2360431491874881
18 91 0.11720724323363542
18 94 0.11083737450533232
18 97 0.0043582950567741365
18 99 0.21240122075430135
18 101 0.0550862916677031
18 102 0.5557444591696696
18 103 0.2422715054216641
18 106 1.5499599023969997
18 107 0.13592827849347905
18 111 0.49056111128618984
18 112 1.5192749469689895
18 114 1.3110202764917698
18 116 1.1172338112194355
18 117 0.040100053791813604
18 118 0.04513518421175283
18 119 0.3266983485852095
18 120 0.0017799023522578027
18 125 1.6257437654501863
18 127 0.9441137983770375
18 128 0.051702871344656814
18 129 1.1595064865993394
18 130 1.763499916447986
18 131 1.2026535645294707
18 133 4.376968999436194
18 135 2.065394532143931
18 137 2.5346784318910713
18 138 0.7629311884481047
18 139 0.5741637183674663
18 141 0.15448060299133795
18 142 0.7040503496314544
18 143 0.2748151179053886
18 145 0.36024175342302717
18 146 0.8963741656993091
18 147 0.0878649358222304
18 148 0.007933937601692165
18 149 0.3315675078891635
18 150 3.740682457519571
18 151 1.5560305106769883
18 152 0.058396441744560636
18 153 0.8921650978182613
18 154 2.7723854003775648
18 157 0.3589034946206039
18 160 1.4497385380779015
18 161 0.2818773261170613
19 0 0.035269109495247274
19 1 1.751566694646907
19 2 0.026802912944831846
19 3 0.02122683542507907
19 4 0.7129920765770938
19 5 1.3135838365468067
19 6 1.5442178448914519
19 7 3.336026568948052
19 8 0.037283821561383976
19 9 1.5236540991482002
19 10 1.1656210264315476
19 11 2.1790201964260043
19 12 1.530366843794834
19 13 1.3886244893192536
19 14 0.8908892307260696
19 15 0.14792171088011236
19 16 1.5528786606719887
19 17 1.235936795575921
19 18 0.39527315192656004
19 20 0.6950302411212129
19 21 0.37800163524818176
19 22 4.063080844115806
19 23 0.014399347009726166
19 24 0.44151403464039574
19 25 0.1296534821861567
19 26 1.3418655990655224
19 27 0.0983681517239627
19 28 0.5062776910826169
19 29 0.2642348938754413
19 30 1.0273310306163246
19 31 0.49840133256701397
19 32 0.5200125505569811
19 33 1.1248193942862463
19 34 2.855945397144494
19 35 0.4630652947256012
19 36 1.4776811535477812
19 37 0.0556286113255272
19 38 1.056236511693505
19 39 0.26110033507602615
19 40 0.9860758765034863
19 42 0.008892417822673561
19 43 0.9095222590137966
19 44 0.42514909231730036
19 45 0.4636189991932497
19 46 0.6373380424118642
19 49 0.2543139028744061
19 50 0.2036644066779135
19 51 0.3871310055455573
19 52 0.6421128781121587
19 53 0.05508410737662202
19 54 1.2038097835952886
19 55 1.1091514359854846
19 56 0.2967473811738916
19 57 0.15067204555863278
19 58 0.3755634518658334
19 59 0.2811088760783518
19 60 0.01914052978672187
19 61 0.1859155671350254
19 62 0.9570430709355188
19 63 0.635753714236267
19 64 2.091674366211026
19 65 0.5288692972382086
19 66 1.2772526794082115
19 67 0.7973145376933819
19 68 3.087397858900774
19 69 0.4269451458280717
19 70 0.4947132666304915
19 71 0.003705832227826609
19 72 0.9359647981345285
19 73 0.06026915844069977
19 74 0.666308833589077
19 75 0.20744855168504692
19 76 0.6087954868317993
19 77 0.4854734277840689
19 78 0.4226192621819007
19 79 0.4639707645706333
19 80 0.07818866881996325
19 81 0.0010019739741086472
19 82 0.02613068386030921
19 83 2.4503690410765815
19 84 0.04037275687550961
19 85 0.07719746808394966
19 86 0.2004024529559725
19 87 0.7708666028022467
19 88 1.602268925753669
19 89 0.005468379324881623
19 91 0.15276343747941099
19 92 0.29184426363270416
19 93 2.6011673845209122
19 94 1.141354643748406
19 95 0.44096762521601474
19 96 1.0082804725207326
19 97 0.2760476988215874
19 98 0.06653950935142965
19 99 0.15150531051305557
19 101 1.0980095699729653
19 102 0.26924842173682356
19 103 0.0190569959585132
19 104 0.7127202521984101
19 105 1.806192184560194
19 106 1.537596334134033
19 107 2.6282366295742072
19 108 0.08465311415133293
19 109 1.2910341507673788
19 111 0.0015302736815513928
19 112 0.5024556332245315
19 113 0.18951059618870433
19 114 0.9853072306312568
19 115 0.5182199182565063
19 116 3.2451282020952883
19 117 0.9697078516661147
19 118 0.8709527019192651
19 119 0.00033063859191643434
19 120 5.178422230342698
19 121 2.0001107360477666
19 122 1.5226281149680847
19 125 0.09223513035362266
19 126 0.7694636779266952
19 128 0.09725317148319312
19 129 0.572036281245525
19 130 1.7727285991251933
19 131 0.09626692696913994
19 132 2.8778691850198466
19 133 4.166541665958398
19 134 0.461408251140967
19 135 0.1901772977382679
19 137 2.391377610983047
19 138 1.3842180504742774
19 139 0.37450425509862206
19 140 0.11297625303794682
19 141 0.024275054996825144
19 142 2.0031572582826804
19 143 1.1643450197157508
19 145 0.8199944874649917
19 146 0.9707556825373085
19 147 1.2374309673804182
19 148 0.5909053087231633
19 149 1.7260389787894486
19 150 0.3187468002417307
19 151 0.5686085713759728
19 152 0.2377009291364663
19 153 0.36754478078859626
19 154 0.48273106008474154
19 155 0.16961746062029306
19 156 2.378405984645472
19 157 1.32031710142621
19 158 1.1954568165182426
19 159 0.31048274791435887
19 160 0.8177001714006089
19 161 1.0426163434802573
20 0 0.48236981599918893
20 1 5.045321402170027
20 4 0.6995080411333939
20 6 2.093044186656065
20 7 0.9311563391447006
20 11 0.09966441729174914
20 12 3.6077435440368824
20 14 2.9010538428235106
20 18 0.6894648801257538
20 19 1.1575316222256056
20 21 1.303299324266822
20 26 0.8492680122765799
20 30 40.565743326746585
20 31 2.464591140792119
20 32 6.64039662941189
20 36 3.419324311336029
20 37 2.54451039482414
20 38 1.3071605099702603
20 40 0.4503130528102341
20 42 0.010043454974207146
20 44 0.9301406802103754
20 45 1.6221811770502716
20 49 10.58724100017968
20 50 0.45655725945397885
20 51 0.3358084691722641
20 52 0.11732457742781402
20 54 2.6871833603288944
20 55 12.80381201342015
20 56 14.116987296987483
20 58 6.673462092998869
20 63 0.09793662026618984
20 64 4.480776104807253
20 65 0.36134365384612194
20 66 1.2240592754065396
20 67 0.5924352707238906
20 68 3.3010082821295716
20 69 0.11396350821440396
20 70 0.9664315678823523
20 71 3.444671656061256
20 72 0.4957028278648329
20 73 3.254843253393771
20 74 10.05201180232762
20 77 2.5482494740491615
20 79 0.9173150421760448
20 83 2.5556159369554816
20 84 1.7804950200178724
20 88 0.02033524276802748
20 89 5.928860820725783
20 91 0.6372068026866304
20 92 0.7660026345804581
20 93 3.349655956575517
20 94 6.315521386273026
20 97 4.079319551040176
20 101 0.5530724769023516
20 102 0.13325677742521438
20 105 1.220044166997601
20 106 11.797374729188338
20 108 12.667870396516575
20 109 26.57693410374836
20 112 6.744454212263627
20 113 2.4475522430822143
20 114 3.452382239181265
20 115 1.8140853868143352
20 117 1.2069742567178525
20 118 0.4295608131057711
20 119 7.971703577560441
20 122 11.005828267514458
20 125 21.738347230622473
20 127 8.773745361142218
20 129 2.546641730650869
20 130 9.148696981081372
20 131 2.385532695066101
20 133 19.556922372655876
20 137 13.280889903948083
20 138 1.1983014551331892
20 139 2.436191954885819
20 141 1.4925374144255172
20 142 0.33815836033304175
20 143 11.674504283264126
20 147 0.25696798705563695
20 150 2.0328682395797393
20 151 0.4523302262542016
20 152 14.845256573026342
20 153 5.411019617808721
20 154 11.860285467058048
20 156 2.773046362673731
20 157 15.711041503712181
20 158 4.018988971632732
20 159 0.8412468548539825
20 161 0.5509973418438574
21 0 0.2005141480867843
21 1 0.18844375973658317
21 3 0.21043762228436078
21 4 2.4244722725012555
21 5 0.7718512701096827
21 6 3.3338220015723854
21 7 1.048240355320424
21 8 0.28114758587065397
21 9 1.0105266184536466
21 10 6.938189681873278
21 11 0.07038054956522498
21 12 1.9490969491009502
21 13 3.1257574770453163
21 14 0.5550896052934682
21 16 1.150460180443248
21 17 0.5870037716527338
21 18 1.57503082679789
21 19 2.065822354216928
21 20 1.81840593060064
21 22 1.3190012144047132
21 23 2.5059395715321866
21 25 3.589286271390987
21 26 0.254415847726006
21 27 3.040228989127598
21 30 10.360641892666136
21 31 1.8695281451245649
21 32 1.4948249817858006
21 34 0.3352595984905571
21 36 1.0958606271854987
21 37 3.181559213716158
21 38 0.7039417555617601
21 39 4.138307313202868
21 40 0.3201083186518782
21 44 0.37014752745110724
21 45 0.7913084927324984
21 46 1.5678630126808608
21 48 4.102862362387329
21 49 10.611921757152329
21 50 0.22445280702779646
21 51 3.3609254192395945
21 52 0.9396960933509678
21 53 2.2124270359287808
21 54 1.2566300306351939
21 55 0.033711646883720296
21 56 15.727845154588575
21 57 0.5281557714474298
21 58 6.108451400282472
21 59 0.18636498930342044
21 63 4.447233511000202
21 64 12.963837345760396
21 65 2.226209498714796
21 66 3.570184017261383
21 67 0.028310739443702757
21 68 0.20522578852206952
21 69 1.4892548646861683
21 70 0.64834289689439
21 71 0.16741192915363332
21 72 2.0059563230231108
21 73 5.79024849846657
21 74 0.8667390221330642
21 75 1.177334625533275
21 76 1.3467023846928905
21 77 0.8200335712226692
21 79 0.788330737528488
21 80 0.9405238166797822
21 81 0.7380598538548749
21 83 0.4393113164815098
21 84 1.9836748771415096
21 87 7.897032689890435
21 89 3.5434685736227074
21 91 0.03428703185931729
21 92 0.5859410104062186
21 93 2.0659949163526354
21 94 4.335135661598241
21 97 0.06847065554257546
21 98 0.6712258667182783
21 99 3.851774669063533
21 101 0.3414965977274521
21 102 1.0446375640964647
21 103 0.938906549131679
21 105 8.329133420170312
21 106 5.762184961034231
21 107 0.7258155725349592
21 108 6.09217906632058
21 109 3.2236600788124523
21 111 1.4304586959789094
21 113 0.5444479604601506
21 114 3.8132926868493278
21 115 2.569245132878454
21 116 1.7492079842674797
21 117 0.361683063077692
21 118 0.08855902649990421
21 119 3.2331743835342026
21 120 2.4601686169386845
21 121 1.0173608266410077
21 122 1.9832182431650016
21 124 0.3093073559657481
21 125 13.48263306396126
21 126 0.429132656509522
21 127 0.21146320310032804
21 129 2.5198395124221946
21 130 8.73294970537761
21 131 3.1282684848118327
21 132 0.7363204566909624
21 133 3.4133986251127566
21 134 7.802348132154236
21 135 0.016219807478839023
21 137 4.058191515299476
21 138 0.9125680537088815
21 139 0.7809931672120944
21 140 0.2910556930312696
21 141 1.2605785211512253
21 142 0.46169984669453895
21 143 7.619657960408984
21 145 3.538458145404007
21 146 0.31100049140231545
21 147 0.058175997964085346
21 149 1.2827953599295385
21 150 0.18368974258898244
21 151 2.2687373778284767
21 152 3.023732569784512
21 153 3.1079551123685816
21 154 2.5095795892664357
21 156 7.455875167018845
21 157 5.877950840388088
21 158 4.135423509611386
21 161 1.137386684866583
22 0 0.3625484116308826
22 1 0.2981502584722813
22 3 3.276329014548266
22 4 2.6588108949235747
22 5 0.3761721830191833
22 6 1.8485188880577736
22 7 2.2413966355045547
22 9 0.6517096184433053
22 11 0.1981208916422159
22 12 0.5742414437116193
22 14 2.2468942707004924
22 15 1.8297935967461003
22 17 1.3210334435433992
22 18 0.4249732178439883
22 19 0.18581275849703197
22 20 1.6336876543684968
22 21 0.4473925248228127
22 25 0.011700065473302813
22 26 0.059513388796259004
22 28 0.8044861891290677
22 30 2.078664172944658
22 31 2.1234411624820373
22 32 1.7766773244648377
22 34 0.6914020944237579
22 36 0.7628386933355584
22 37 2.8307453537662095
22 38 1.1688641714597314
22 39 1.7240641468216726
22 40 0.24717122388070445
22 42 1.7437227356114902
22 44 0.7241661701271728
22 45 0.9777641278527172
22 46 0.45521592714533193
22 49 3.0569466973380908
22 50 0.6519517899138907
22 51 0.16073489462962173
22 52 0.19138926342315307
22 54 3.659649622018775
22 55 1.5001875409190617
22 56 2.1252247326331575
22 57 0.29058272488212894
22 58 1.3549980024389132
22 63 1.9700674528263713
22 64 0.2561431943872684
22 65 1.7128492257612413
22 67 0.42925000698072113
22 68 1.0107311813023019
22 69 1.2139948554503663
22 70 2.7393156055244043
22 71 1.6197338760918905
22 72 0.11677857276248853
22 73 3.2492052552431288
22 74 0.26774247369180504
22 75 1.5354315594383856
22 77 0.5777013444737997
22 79 0.11427977737625343
22 81 0.012783186161564722
22 83 0.9398804878211711
22 84 0.9842739844930584
22 87 4.0487721619337025
22 89 1.1624646362908393
22 90 0.4155757289848229
22 91 1.9113480344530043
22 94 3.796262478213664
22 95 0.8490603164255349
22 97 1.3674624880798765
22 100 0.05478099528084822
22 101 0.09087312300453917
22 102 0.5344087897810171
22 104 0.35999832590396785
22 105 0.05417324479266472
22 106 0.6936646222314256
22 107 0.045808616264038364
22 108 0.5320394198559123
22 109 3.298852275732156
22 112 1.4195962629172074
22 113 2.094239078497858
22 114 3.7090504786834737
22 115 0.47640464572973307
22 117 1.1290712171710995
22 118 1.1536930632194133
22 121 0.14888987154602595
22 129 0.11145767973359329
22 130 0.2751151080006923
22 131 0.879017246543631
22 133 3.2034032687390703
22 134 5.469458784305926
22 135 2.254575074660269
22 137 3.0746710255447085
22 138 0.23216058285629368
22 142 3.949091749108539
22 145 1.2606182966748714
22 146 0.20097122290697558
22 147 1.5189555689140362
22 148 1.0920449520394697
22 150 0.8933966661635787
22 151 0.08149075359253098
22 152 1.768209948018818
22 153 0.980377584349724
22 154 1.1176835489931833
22 157 0.5660977588247511
22 158 0.8684856633764988
22 160 1.1919180697347513
22 161 0.3143411600384769
23 1 0.42748427366026276
23 3 2.8846037949491405
23 4 0.6089481720266597
23 6 5.961807945549119
23 7 0.7696304487505522
23 11 0.9699282416081965
23 12 0.15565888686152735
23 14 7.388552697363062
23 19 0.6153422004249042
23 21 2.8462166832339078
23 26 0.12631506202750234
23 28 1.2404833238733681
23 30 2.9121111418705103
23 31 5.020723445479351
23 32 0.295717503291526
23 35 0.8635222945023481
23 37 1.2067577899657438
23 38 6.260818558730777
23 40 3.5093421487644356
23 44 2.596049222408076
23 45 0.14284081451194425
23 49 6.2993609304918134
23 50 0.8329727236700367
23 51 0.4231241290283828
23 52 1.406940219451009
23 54 2.5555202096665464
23 55 0.040888396841201935
23 56 4.4933998219753315
23 59 0.23894811736191768
23 61 1.861308798570618
23 64 7.19362065207159
23 65 1.3567960999439515
23 66 2.2853087292099925
23 67 0.17234048576886016
23 68 4.949451300712603
23 70 0.30547928870684193
23 71 0.651547491294644
23 72 4.480623823180709
23 73 5.516188432280684
23 74 0.3635660707478147
23 75 0.016743290243638756
23 76 0.9582470396114775
23 77 0.20755797244530189
23 79 0.2505225488968615
23 84 0.6026347063078453
23 89 0.9284068462197274
23 91 2.5497373000035566
23 93 5.0284286142903225
23 94 1.097913447491951
23 97 0.6927760533291552
23 101 3.741676784264517
23 102 1.0713217754446
23 103 1.6589036204172845
23 104 0.45086991637531243
23 105 0.7505809852811112
23 106 5.596481884729517
23 107 1.2569570794131788
23 108 1.3835842676894197
23 111 1.243054508406421
23 113 0.2807808794876038
23 114 5.435639915228994
23 115 4.481424219163364
23 117 0.09438242763824163
23 118 2.957882081236345
23 121 3.6102505641604115
23 122 7.239726709371408
23 125 10.217903017815797
23 126 1.1703960789274532
23 129 3.887360505700784
23 130 8.163978005685488
23 131 1.3462324301262159
23 132 0.5354360106699777
23 133 5.17322961509284
23 134 7.774338690277838
23 137 9.80179731608725
23 138 0.34015334381983986
23 141 1.060304325038355
23 142 0.6711231434291735
23 145 1.0276120299930591
23 146 0.5458540759953001
23 149 2.3367160119776162
23 150 10.301448440146226
23 151 9.95486551628415
23 152 3.860499414077351
23 154 4.09001306551499
23 157 1.5506732867112483
24 8 1.71667377764077
24 11 0.10445637782715617
24 14 2.009418569104162
24 19 2.5180383628301337
24 21 1.7512519179460644
24 26 1.0009140837525825
24 30 1.3321867999003918
24 31 1.0342158777269346
24 32 0.8398370892817307
24 36 0.5178382868213236
24 37 3.008365515129135
24 38 0.5019755779415832
24 44 0.6277639631868412
24 45 0.07211967294407517
24 49 0.05533159326098169
24 50 0.0945268597539328
24 51 1.8582095515436658
24 52 4.988373523558105
24 54 5.041815782552911
24 55 1.2438040910657846
24 56 4.446331124466477
24 64 4.643487341143302
24 65 0.015053402935908011
24 67 0.29293616000714845
24 68 4.766181523418109
24 72 0.06887003435120535
24 74 0.9705633551314644
24 79 0.7674574033194753
24 84 0.17576552964822503
24 89 0.5279202325098986
24 91 6.2444709447008515
24 93 0.027454680576032044
24 94 0.37866214234136436
24 101 1.09384212145437
24 102 2.578568700473831
24 106 1.1380700099511312
24 114 0.3087782256243185
24 117 1.8411540814667993
24 118 2.2542088090584964
24 125 0.12497596733876386
24 131 0.258652392049705
24 133 0.6065246693421069
24 138 0.7836604472194627
24 142 0.33114169292882956
24 147 1.3119833019535292
24 150 0.1277220346121473
24 152 0.8539255867104877
24 154 1.5241297147517303
25 0 0.10860075862666871
25 1 2.5367028969727405
25 4 2.23724393706186
25 6 2.2230344504887407
25 7 0.8067000777322817
25 9 0.0015354330794413625
25 11 0.41879041868820244
25 12 0.5156547297843121
25 14 3.572299877974536
25 18 0.7162101522741404
25 19 0.10513501118200792
25 21 0.2400673380468515
25 22 1.2068156870303908
25 23 1.8318343241275028
25 24 0.3894360565385735
25 26 1.37852702715809
25 30 0.7760176299669787
25 31 0.12948487204607972
25 32 3.6143971485281083
25 36 0.26234671308575686
25 37 1.1835650241722422
25 38 1.197086214882911
25 40 2.1458648962957163
25 41 0.42747640093331346
25 42 1.8125818374393416
25 44 0.1427553902548551
25 45 2.409834991521224
25 46 0.18670345606112657
25 49 2.1310712747519314
25 50 0.057208273179088505
25 51 1.4174982235217608
25 52 2.3161724495653027
25 53 2.7108984849648965
25 54 3.1607189465901104
25 55 3.6103844586585487
25 56 0.27172359775108584
25 57 0.7028879596095893
25 58 4.151624536335637
25 59 0.2510529057879957
25 61 0.05903391409979542
25 62 1.3125828988721355
25 64 0.5105481916702306
25 65 0.06556316195313909
25 66 0.0007376937693231207
25 67 0.6463259021754266
25 68 1.454907889130019
25 69 0.1514358934472438
25 70 0.2602102584627202
25 71 0.22856073136253255
25 72 0.3582082500746761
25 73 0.563262417844321
25 74 5.812517591947003
25 76 2.094482663700025
25 77 0.4391268150294471
25 79 0.2637268513482066
25 80 2.331341190569094
25 83 0.22173157291793516
25 84 1.2428600494353275
25 85 0.48404888045114897
25 87 0.20936569373180577
25 89 1.868994630523643
25 90 0.03426625473022784
25 91 0.5817210533456103
25 93 1.3237558061990755
25 94 0.7250724571141813
25 95 0.5342681618110607
25 97 0.8523952774407294
25 101 0.12632950599419138
25 102 1.5683657585389594
25 103 0.02564509476798171
25 105 2.735030083404546
25 106 1.9016056476713614
25 107 0.16585528197075114
25 108 1.073324766092182
25 109 0.45082594368256057
25 111 0.8487969862148937
25 112 5.652543907081478
25 113 0.41138830156891953
25 114 0.514146461671215
25 115 0.1414794221006369
25 116 2.322101049744294
25 117 0.09764385398031993
25 118 1.6112940320828057
25 120 0.46920709567481095
25 122 1.0319495715641143
25 125 0.7107658412303002
25 126 1.2006618469104702
25 127 0.9166790161642678
25 129 0.7012347028337823
25 130 2.0129073850944947
25 131 1.595363128081325
25 133 1.0789944541885077
25 134 0.5691838464473943
25 135 0.2086700047505925
25 137 1.4356142201600752
25 138 0.47699443261505325
25 139 1.184408625550074
25 141 2.9631160105836263
25 142 2.743993911360908
25 143 0.4881381960708921
25 145 1.647851960644648
25 146 0.04308219828552851
25 147 1.0628274631385872
25 149 0.5947642270067687
25 150 0.4662340685338332
25 151 0.9204031224843722
25 152 0.9932680468766285
25 153 0.2730808358061199
25 154 6.033366912842972
25 155 0.39899682671776576
25 157 2.580635960505807
26 0 0.18416116791486972
26 1 0.18831510460758533
26 2 1.4495909589558786
26 3 0.3810280120713245
26 4 0.269209464141477
26 5 0.3304606841153067
26 6 0.6479745758760974
26 7 0.5100626348064583
26 8 0.7199108630450122
26 9 2.31236574259963
26 10 0.24185051337119312
26 11 0.689183657260282
26 12 0.3780060227836843
26 13 0.8513843875237275
26 14 0.6224074495657607
26 15 0.05728679747269213
26 16 0.12753618614345308
26 17 0.12376364445175632
26 18 0.14430973870727656
26 19 0.40802145146233687
26 20 0.8992440729264704
26 21 2.5746686768385794
26 22 0.8939815516318818
26 23 1.4500201471006082
26 24 0.4444598172343977
26 25 0.22596559813084927
26 27 0.8129824708022895
26 28 0.1738566090986053
26 29 0.5968802909188687
26 30 0.9709685774487833
26 31 0.7884888874805237
26 32 0.5804039906802786
26 33 0.08915949439364812
26 34 2.621826156838678
26 35 3.204904155284474
26 36 0.3116614113403947
26 37 1.7878422769151414
26 38 0.8754464885548144
26 39 0.47376161550424517
26 40 0.016903008033169395
26 41 0.322692355534111
26 42 0.14139716715183773
26 43 0.12078523584486145
26 44 0.9233699479369856
26 45 0.9133692511135859
26 46 0.39180131052298706
26 47 1.3983026331718036
26 48 1.6681689720006032
26 49 1.5121243073052657
26 50 0.7688815691292138
26 51 0.6112543496725893
26 52 0.03508134303900744
26 53 0.2169274919665633
26 54 0.2669685648035262
26 55 1.155422517613921
26 56 0.5594912039198615
26 57 1.5181326489686322
26 58 0.31639995819962535
26 59 0.0010233755463760572
26 60 2.01790405634801
26 61 1.9900063111683834
26 62 0.5759044377770273
26 63 0.7065648010185005
26 64 1.7024038870723186
26 65 0.5660689181088174
26 66 0.7952870350806723
26 67 0.9133274979110519
26 68 0.8330317891094683
26 69 1.9678738905596762
26 70 0.31089028389298556
26 71 0.04243630028846486
26 72 0.14949695659182952
26 73 0.3390624075146419
26 74 2.0288365016856402
26 75 0.4164982800146615
26 76 2.1428687964496054
26 77 0.4169190533389059
26 78 0.9051301221913027
26 79 0.18524322805227367
26 80 0.5188886085120138
26 81 1.3749289763678867
26 82 0.6662711986831784
26 83 0.6965393484795414
26 84 1.1571641419683416
26 85 0.05462371130168925
26 86 0.4857895767059303
26 87 2.8055358333176126
26 88 0.3653821392833083
26 89 0.19065825372992729
26 90 0.1511393369121046
26 91 1.577502186173891
26 92 0.4503722689687703
26 93 2.452893876016096
26 94 0.2345407788702492
26 95 0.432495508059979
26 96 6.0340036238010635
26 97 1.9367442571709863
26 98 0.6519614449932598
26 99 0.2851702066902698
26 100 0.8712157845597116
26 101 0.7556461293645712
26 102 1.6664457500338858
26 103 2.3342173996905906
26 104 0.3107060048457719
26 105 1.8605127281631162
26 106 0.08880828173903407
26 107 1.0638626184103543
26 108 0.9587920244481818
26 109 0.2209301505767119
26 110 0.20368133807273814
26 111 1.5737854891178225
26 112 0.6763695841660019
26 113 0.06845548985675119
26 114 2.573168711660541
26 115 1.4904287351248073
26 116 1.0455139002564866
26 117 0.17907470613854676
26 118 1.0927924362911616
26 119 0.021713998555442926
26 120 0.5959506570043944
26 121 0.03768087789985082
26 122 0.9148229043866615
26 123 0.36081981110726824
26 124 0.5766594380926917
26 125 0.3716756626501927
26 126 0.5076963115828634
26 127 0.9666219281330984
26 128 0.26297735686259344
26 129 0.6657844837985935
26 130 1.2589883683108363
26 131 1.247037783287984
26 132 0.03542291556446346
26 133 1.104110580872243
26 134 0.6523680885536004
26 135 0.14507962559882598
26 136 3.9255795945693426
26 137 0.8064324284595041
26 138 1.6470943751919984
26 139 0.689969055967559
26 140 0.9352693022521471
26 141 0.0096588061644009
26 142 2.443631048487649
26 143 0.7279412914738524
26 144 0.03866068685766324
26 145 0.24755851465865067
26 146 0.06503338417871146
26 147 0.005923161777394867
26 148 0.935108316156524
26 149 2.6921601316288135
26 150 0.2530632665319645
26 151 1.0478925863297268
26 152 0.5026099775010885
26 153 0.19149121324457288
26 154 0.053535909200137136
26 155 0.0013484896834832162
26 156 0.7933180625720867
26 157 2.2926369534978557
26 158 0.17494460746015655
26 159 1.395104616855003
26 160 0.6454618428172884
26 161 0.19032681116212236
27 4 0.22005102439597976
27 6 0.5080043318716926
27 7 3.8538676674632537
27 11 3.870189989288874
27 14 0.610039686974946
27 18 0.23397002631642017
27 19 0.3163815278287951
27 20 0.07074397553646194
27 25 0.44791273394170406
27 26 1.74798150432582
27 30 0.03196321067078978
27 31 0.9992928785994071
27 32 0.1482995443459909
27 35 0.5695811177811362
27 37 0.38269294832653233
27 38 1.1311287088404751
27 40 0.3288256627689584
27 42 0.48166909068694624
27 44 0.7583592022369797
27 45 1.7063813117841344
27 50 0.5419428239901912
27 51 1.3433133207356303
27 52 0.062005809016864
27 54 2.0436095781942547
27 55 2.4656193659520302
27 56 0.44224237208016964
27 64 1.4559732989103293
27 65 1.5326797404247092
27 66 0.9665328460120577
27 67 1.0441480004521477
27 68 2.4909687783185954
27 70 0.2955710228321141
27 71 5.135298640408866
27 72 1.8221156673677852
27 73 0.8379280173895082
27 74 1.218757752702104
27 76 0.2822466695961805
27 77 1.1351960715085965
27 79 1.4782702652199153
27 83 1.0808296280240532
27 84 0.30025601905461974
27 87 1.7373038534977272
27 89 3.7429494289038168
27 93 4.57740947698412
27 94 3.633537836423407
27 101 1.0611815074384332
27 102 0.13986794231128544
27 103 0.46328640469246396
27 106 1.158435295002347
27 111 0.3748834144756573
27 112 3.7559379675177444
27 113 0.6398371559089494
27 114 0.18565327871434423
27 115 0.9849162924191814
27 117 0.24421179491142983
27 118 0.37905619901154614
27 126 0.42442962851248
27 129 1.1075775131957382
27 130 0.14909607583778667
27 131 0.14303842072225678
27 133 0.5405542426900499
27 135 1.3919034090906535
27 137 0.3081177771477645
27 138 0.3291709882730929
27 141 3.0671913804705935
27 142 0.23690283024542572
27 146 0.3655328219127777
27 147 0.09448824526485385
27 149 0.254395437768677
27 150 2.13718732875782
27 152 0.985711617470926
27 154 0.2590612737022038
27 157 1.6015594532974446
27 159 0.1210108093149274
28 1 0.1362223945127559
28 4 1.938002231206387
28 6 0.06120125750343399
28 7 0.23019890830487763
28 14 1.177844430385396
28 19 1.7664963252342698
28 21 0.7406257208230125
28 25 2.068740705519015
28 26 1.2366507795861843
28 30 0.2042208040097896
28 31 1.2423965821840748
28 32 3.8354309093725707
28 34 0.10439363978204061
28 37 0.20199046753709676
28 38 1.0647508596481599
28 40 1.5076667879229573
28 44 1.0287295664168974
28 49 1.8706035089286355
28 51 0.20959049092352894
28 52 0.2944112888749015
28 54 1.6247324993153323
28 55 0.5659644515281518
28 56 1.1746200667101483
28 59 0.10616108549164051
28 64 0.017269692780076416
28 65 0.6618115946095717
28 66 0.5179459328225654
28 67 0.1662920359806564
28 68 1.2820483298858498
28 69 0.19790221935986785
28 70 0.09016544623417272
28 71 0.2408572040816119
28 72 1.3155350935819754
28 74 0.26699980160075404
28 75 1.47773543301571
28 79 0.03887449624875081
28 80 0.9828121641494512
28 83 0.7206223146957893
28 84 0.014931142080710917
28 86 0.040336185815896014
28 89 1.3936678221041487
28 92 0.13763135590128622
28 93 0.8451737618130913
28 94 0.8193995843846231
28 101 0.2923792093718051
28 102 0.6065843976818776
28 105 0.996304770184485
28 106 0.5953058223586737
28 113 0.8318177625602902
28 114 0.42331902961231305
28 115 3.3179234907041315
28 116 2.0944948014651272
28 117 0.3126391276962088
28 118 1.9046495152483542
28 121 0.6707784427542998
28 129 0.8808001170869999
28 130 1.105603666502035
28 131 2.5276801823216073
28 133 1.794396144736562
28 134 1.2147513755206234
28 135 0.9609717958143995
28 138 0.029853468595865774
28 139 0.04351115210235415
28 140 0.9811798683848949
28 142 0.6638144075888738
28 147 4.681970764928486
28 150 1.769212785368589
28 152 4.987946391514824
28 154 0.15167055922593436
28 161 2.360949353434993
29 0 7.136089555479616
29 4 8.495722622972549
29 6 9.082531124239898
29 7 6.821382044847733
29 11 0.6979140596395547
29 14 26.686424391809453
29 19 0.5396401085027847
29 20 28.819999193297594
29 26 0.5153001142013962
29 35 8.13173938406576
29 36 1.1316282536814637
29 37 3.8441299656679377
29 49 15.225203722815564
29 51 0.21500502444927178
29 54 24.646663217940464
29 56 0.23274604156508294
29 64 11.55254267336083
29 66 0.03135577533795775
29 67 2.202250329616002
29 68 5.852979166015735
29 70 1.3592070515801364
29 71 1.863982548798199
29 72 13.947830877148931
29 74 16.21177961385017
29 84 6.309614219255276
29 89 3.307967052738362
29 94 0.7440322753286721
29 101 0.08534393454893627
29 102 0.1833515696104513
29 103 5.303059993301172
29 106 7.507382187451017
29 108 4.871483664320072
29 112 8.069843517136826
29 115 1.3079947598372659
29 117 0.5936206631307243
29 118 0.1511040737675318
29 125 9.309379790826574
29 126 1.9769416740690928
29 131 1.423920283272223
29 133 5.279547265998366
29 138 5.567767614325042
29 142 3.878293615774076
29 145 2.06154226775663
29 147 0.08435092481418355
29 150 14.845324222553103
29 152 21.81674653928204
29 154 22.48312705634345
30 0 1.1897205545069578
30 1 0.023867851447592642
30 3 0.44629425328132344
30 4 0.1897897434665969
30 5 1.6824400979606358
30 6 0.628392887672327
30 7 0.8276735712968679
30 8 0.24632013346767018
30 9 0.5775705455190476
30 11 0.3369471582004172
30 12 0.39090674778472156
30 13 0.8862406485218306
30 14 2.8271597423569212
30 15 0.07272418259487201
30 16 0.5808040154296858
30 19 0.3106996309056844
30 20 0.3002580896984166
30 21 0.1257937946923646
30 22 0.7194284022301469
30 23 0.4877728626958898
30 24 1.3105634881289785
30 25 1.88922712093565
30 26 1.80169216661639
30 27 0.24464690830381378
30 28 0.29043523061466975
30 29 0.862321789085594
30 31 1.5312220986122538
30 32 1.4936795372478329
30 33 0.5098778186158072
30 34 0.0335806233828369
30 35 0.058662040335747706
30 36 0.8073536184501997
30 37 2.3428006059216036
30 38 0.3942776276376231
30 40 0.8075421022476739
30 42 0.3950305865151596
30 43 0.06338129121437155
30 44 4.042349768847538
30 45 0.9225801934266998
30 46 0.06453007748748228
30 48 1.7723592571287907
30 49 0.8176246281062693
30 50 0.07081363715825253
30 51 0.26214152429849696
30 52 0.41728115000016636
30 54 0.31700380077752566
30 55 0.3401234930495883
30 56 0.02648832179534636
30 57 2.113301064173078
30 58 0.27331061323084754
30 59 0.4824996056272081
30 61 0.07380648656227817
30 62 1.2403801577550593
30 63 1.3368159088874192
30 64 0.15837873347938133
30 65 0.3134663143586316
30 67 0.5443781426803632
30 68 0.16813058538028458
30 69 1.5270049056624235
30 70 0.3481777788051778
30 71 0.8346171769236982
30 72 1.144949995170107
30 73 0.9775139212306504
30 74 3.1519616606707785
30 75 0.060327943816832964
30 76 1.0070849381241027
30 77 0.004612735514855486
30 78 0.8487475575039495
30 79 0.7525363197156846
30 80 0.2708657195101462
30 81 1.536342183687764
30 82 0.23795460105695276
30 83 0.04027573980970175
30 84 0.18584761963507915
30 85 0.6627535106418175
30 86 0.21742454085983834
30 87 0.919753511798995
30 88 0.9418499700810933
30 89 3.3102191963482497
30 90 0.39155159846473414
30 91 0.2411301863190659
30 92 2.3353668844140665
30 93 0.3279801623538718
30 94 0.7246219042096984
30 95 0.0607135772747985
30 97 1.0614760157222702
30 99 0.3247338635506017
30 100 0.09343140207859484
30 101 1.1550504123772458
30 102 0.5909785208629696
30 103 0.6442628183332701
30 104 0.6982471210811739
30 105 1.2961509740804606
30 106 0.4954989125800477
30 107 1.1832947153112323
30 108 1.1754555772013608
30 110 0.18052099359394308
30 111 0.8641077156391404
30 112 0.2954752518243859
30 113 0.07926620985295009
30 114 1.6835757163420233
30 115 0.5233663208629327
30 117 1.3187979710246904
30 118 0.22759662854806548
30 119 0.23752677652745915
30 120 2.0843912278876133
30 121 0.3403658376500905
30 122 1.0480541355062534
30 125 1.275359635072109
30 126 2.0402874949884007
30 127 0.570752562851227
30 129 0.12813262133525116
30 130 0.4897251222418648
30 131 0.41088999444864666
30 133 1.2001533852165251
30 134 1.839701906694096
30 135 1.7703408780479966
30 137 0.95351106452041
30 138 0.7657263378195709
30 141 0.12540436467073302
30 142 0.933621524605429
30 145 0.5009195366952602
30 146 0.7262203870208467
30 147 0.6532328259949723
30 149 0.5035549723769055
30 150 0.03242396027809224
30 151 0.10661229041383562
30 152 0.8647593608071812
30 153 0.09864879081805593
30 154 0.3511009070425485
30 155 0.4228214675830846
30 157 0.07161508390680717
30 158 1.1087789956447511
30 159 1.221457923051946
30 160 0.3694137412140955
30 161 0.3322680881967574
31 0 0.11873637522794739
31 1 1.791760026234659
31 2 4.705242404186342
31 4 1.5810715933746875
31 5 6.798167929028295
31 6 8.16688423116474
31 7 3.9632507033482405
31 8 0.7301747648537972
31 9 0.5532729248718449
31 10 0.11104834575015168
31 11 0.5399085591355451
31 12 4.206559264523669
31 13 1.6483559413672217
31 14 8.56007457701148
31 15 2.400334796067764
31 16 0.20297277749453557
31 18 0.34097171337948484
31 19 0.09441039103795466
31 20 5.1139094104353555
31 21 0.15254202643767584
31 22 3.1233188487872994
31 23 5.901917213282699
31 24 0.4636555514911678
31 25 0.1317813930858644
31 26 1.302580931474784
31 27 2.0747351980281215
31 28 0.037060285554876324
31 30 2.1067797418081313
31 32 1.018433165952874
31 33 0.9537739197568754
31 34 1.9552833936216143
31 35 3.35683084327447
31 36 0.5314750814484983
31 37 0.6874451687182179
31 38 0.21383023703418905
31 39 10.139408052405448
31 40 1.3071305709046852
31 41 1.2968284620267785
31 42 1.6685905964302288
31 43 0.7380616046269858
31 44 2.0474077816990826
31 45 0.8033744281663981
31 46 1.3521225181019905
31 48 1.5520635749552287
31 49 1.6023285020576281
31 50 0.035986563421498495
31 51 2.563831615924531
31 52 1.4703413997521844
31 53 1.5305820240540111
31 54 3.292318563853114
31 55 0.06312167540613033
31 56 0.24118441454410974
31 57 0.637049295356411
31 58 0.6913240770072164
31 59 0.19598784487772591
31 60 10.641458432502395
31 61 0.6551353962135048
31 62 0.7336848851975623
31 63 2.294957383988687
31 64 0.43106418789115186
31 65 0.5671457419178205
31 66 0.11210767482459182
31 67 1.208414090260416
31 68 2.0015703300791805
31 69 0.6555474140301466
31 70 0.7263246351387679
31 71 0.6620805101831415
31 72 0.5877021996180825
31 73 0.29474196936237473
31 74 0.908444576725958
31 75 0.4729174120738461
31 76 0.5301364583981555
31 77 0.8162578783370471
31 78 0.6568831000534916
31 79 0.20655128096106987
31 80 0.3715484782176837
31 81 0.9429625534761737
31 82 1.032494743837663
31 83 0.04123568289515804
31 84 1.2623441977832102
31 85 1.0493024961644513
31 86 0.6735334482796619
31 87 6.930768453115733
31 88 0.614138100111811
31 89 0.03519147761358206
31 90 2.672959006569149
31 91 0.4059251213467014
31 92 1.0639028334686715
31 93 0.8822921459917297
31 94 0.7936477380706313
31 95 0.40074764622494574
31 96 4.363661796256749
31 97 0.649626351515518
31 99 0.14622198726108662
31 100 1.6065366189522534
31 101 1.2313239563822385
31 102 0.8915055628673516
31 103 0.36143372568391974
31 104 0.05946349744274774
31 105 1.449433079135734
31 106 0.4145284429264887
31 107 0.815618003001558
31 108 1.3310644238014047
31 109 3.913079421720915
31 110 1.7026784534960897
31 111 1.4762669515973055
31 112 2.766998823040038
31 113 1.461078011288514
31 114 0.28777933653800464
31 115 1.911496986417816
31 116 2.8688840192246174
31 117 0.9949697246968218
31 118 0.025988287370579385
31 119 1.9078583238821696
31 120 1.603443518392411
31 121 0.5565043201338131
31 122 8.067217869286681
31 123 0.6567658831762014
31 124 0.5521569756375803
31 125 0.3396792533868533
31 126 0.0033932017928439626
31 127 0.12448116409674388
31 128 0.316133129908514
31 129 1.4751198495415778
31 130 3.2830710797903953
31 131 6.075338568535091
31 132 0.37101422557162667
31 133 1.0326122114885379
31 134 3.630574883855297
31 135 1.4081577096488733
31 136 2.7670807733397953
31 137 1.4992406659026578
31 138 1.8350438654748433
31 139 0.19247908137320435
31 140 0.2836596810995545
31 141 0.7927297620617515
31 142 6.3017612081990455
31 143 2.4139721628704573
31 144 1.9998758226313478
31 145 0.4899548390055796
31 146 0.570139970848518
31 147 1.364572776420194
31 148 0.9496080887925772
31 149 1.0809921103175824
31 150 1.6145998400936432
31 151 1.7128676909585598
31 152 2.104838299364164
31 153 0.9105982843978432
31 154 2.0858291080116556
31 155 0.9032093550866623
31 156 4.110120622043674
31 157 6.038788768460062
31 158 1.3027885819738156
31 159 0.06806958283390036
31 160 2.721720303218497
31 161 3.0010971304907588
32 0 2.5176946708287256
32 1 0.9304805730232945
32 2 2.763380479332217
32 3 2.5255816563738827
32 4 0.2161018360448742
32 5 0.035781015248614614
32 6 0.41649715629446554
32 7 2.1813292681528953
32 8 3.0567711918321434
32 9 0.09284248509955209
32 10 0.09457186035721946
32 11 0.6552065583791666
32 12 2.671190463619626
32 13 4.884307947031442
32 14 0.21309695953872781
32 15 1.2485236173243648
32 16 1.9117108310327864
32 17 0.15492451047995145
32 18 1.2424248805198856
32 19 0.19566983556287276
32 20 2.1052297726225406
32 21 1.4778856204079387
32 22 0.5482906597293219
32 23 1.211915950594376
32 24 0.17942095731502583
32 25 0.3659390130978078
32 26 0.9103620705406594
32 27 0.4337713460404483
32 28 0.5035993787322746
32 29 1.5134663530866037
32 30 1.709004615563976
32 31 2.176599832264158
32 33 0.9155831079427673
32 35 0.2510801744632752
32 36 0.4209032777577603
32 37 0.8073322662111361
32 38 0.345626918567539
32 39 7.750840368388401
32 40 1.990716445433391
32 41 0.02264418693066436
32 42 0.9429867038809093
32 43 3.353906620127422
32 44 0.7817835027005614
32 45 1.533300397367465
32 46 0.16274684540186554
32 49 0.09664054277900701
32 50 0.5727793788948413
32 51 0.46650896928780144
32 52 1.401187996889641
32 53 1.7029859274881807
32 54 0.711814546659645
32 55 0.586321515500824
32 56 0.45571759930873523
32 57 0.8238249121338808
32 58 0.5702372517248182
32 59 0.8020495675279037
32 60 0.21138084335754787
32 61 0.7041386952323374
32 62 4.55013588120854
32 63 4.854452754494806
32 64 1.0068950476341478
32 65 2.2282936843610757
32 66 3.639458770201706
32 67 0.504402171745619
32 68 1.348408986027697
32 69 3.1915640509689114
32 70 0.15532247795475035
32 71 2.495120268538412
32 72 0.36752551743248424
32 73 0.38292418291023794
32 74 0.29754273815983945
32 75 0.027106948894182355
32 76 0.04485448309486654
32 77 0.5044115943928847
32 78 0.0009912296893262455
32 79 0.05386777291159449
32 82 0.7036081023638759
32 83 1.629737591356915
32 84 0.24210944391580752
32 86 0.2579509771797028
32 87 1.9353814422894973
32 88 0.24443271440000067
32 89 0.3238261845062994
32 91 0.6288859895799459
32 92 1.4851093056396543
32 93 2.0647393150750393
32 94 0.017495022019089562
32 95 0.322997115301699
32 96 3.8462788543225988
32 97 0.8631624809889342
32 98 0.03055735107046725
32 99 0.6917368529637249
32 100 0.4344074795745546
32 101 1.259134003130222
32 102 0.7658661876174114
32 103 0.7002017132296777
32 104 2.32953540797142
32 105 0.008145130682082011
32 106 0.29992896719228457
32 107 0.03695626622776929
32 108 0.8629455177975833
32 109 0.9090161626498405
32 110 0.002103032523894335
32 111 1.8337214161153423
32 112 1.4279697386148749
32 113 0.31783612784278004
32 114 1.5276848783023187
32 115 0.6484072121939926
32 117 1.680871743922907
32 118 0.30946260062099096
32 119 4.295560197264219
32 120 2.594533977855897
32 121 0.1627881828836564
32 122 2.599617044597659
32 125 1.9621814262555315
32 126 1.0393345682978412
32 127 0.08257522863661389
32 128 0.04875441358811117
32 129 1.2416581571040206
32 130 0.17366887922903174
32 131 0.6855838838932171
32 133 1.1858278271930442
32 134 0.042755613701908765
32 135 0.08858514690582346
32 136 0.4765325922984278
32 137 1.6585428377558757
32 138 0.7132335607962641
32 139 0.5149948359048611
32 141 1.5216514603577302
32 142 1.8528694635542065
32 143 1.2197094446837666
32 145 0.6715848631027383
32 146 0.30319340113067866
32 147 0.366520221158808
32 148 0.17319363961533102
32 149 1.0192751943546028
32 150 1.0874906679957168
32 151 4.4729162733265655
32 152 4.442463710285251
32 153 0.15173222044924553
32 154 4.491861521586143
32 156 1.1523725737471857
32 157 4.555264626116517
32 158 0.9470942806941341
32 159 0.4368988186487945
32 161 0.26023275639813903
33 2 6.064338722572547
33 4 2.0294094378916965
33 6 0.04917701920766555
33 7 0.9880060139016674
33 11 4.303463596364056
33 12 0.3369052809770026
33 14 0.9050017769640029
33 19 0.008553605754542047
33 26 0.25931679371307464
33 31 1.8290205280080805
33 35 0.9259606106920865
33 36 0.8545326497892844
33 37 4.410026162402658
33 38 1.3950896025193575
33 40 4.00071940772361
33 45 0.08621113131514029
33 46 2.8520558508555958
33 49 1.2459512682598115
33 51 0.6032715461114998
33 54 3.00025158251673
33 55 0.06164500892260438
33 56 3.269783772918099
33 59 0.011496329142565643
33 64 0.26579001278866426
33 65 0.5946594072440942
33 66 0.03536931826756739
33 67 1.3445049712456796
33 68 1.312153582343601
33 69 1.520513843237334
33 70 0.034447443158483124
33 72 0.02459745720818544
33 73 0.20870860738562624
33 74 0.6352014298511361
33 77 0.741945717465119
33 79 0.635942447229524
33 81 0.6742294113126305
33 84 0.0020521706120912716
33 87 4.952045922146538
33 89 1.5692079982045266
33 94 1.806418387579988
33 100 0.20129341644144547
33 101 0.4720218587260633
33 106 0.02992257380780399
33 107 0.6710850650173517
33 108 0.1800374017247242
33 114 1.3339934607772537
33 115 0.6548599336886581
33 117 2.4266564987461656
33 118 2.919984071131492
33 129 3.4100696180440018
33 130 2.6348542031691635
33 131 0.2673643235012467
33 133 2.411452831463965
33 137 1.0158088015326519
33 138 0.08773896787110427
33 142 0.3211958083930268
33 146 0.8065488304179913
33 152 0.8369417792331344
33 154 2.848733661656132
34 1 0.6001687137715846
34 4 0.5095473543106176
34 6 0.8896087991372783
34 7 2.0471929447861346
34 11 0.83358492158499
34 12 0.18275108510035296
34 14 0.421845799540218
34 18 0.6551112294530576
34 19 0.7604668626450801
34 20 0.38077444822725826
34 21 2.941592982769679
34 26 0.9430382127834986
34 30 0.05415650143857894
34 31 2.9199617950372376
34 32 1.5544608549217793
34 36 0.2474462766603623
34 37 0.3985683549226909
34 38 2.2701744734796954
34 40 0.5575211352245145
34 45 2.729947568468276
34 50 0.07485071994767842
34 51 0.6659376501422044
34 54 3.472505209388171
34 55 0.45514574554562104
34 56 0.3741471269178503
34 58 0.8333474856792793
34 64 1.2279670528646565
34 65 0.39868853368324647
34 67 0.31246214594144645
34 68 0.5400713503575478
34 69 3.267845086092571
34 70 1.3414808596932857
34 71 0.4041396092082238
34 72 1.9070232185863605
34 73 0.9893511419147968
34 74 2.8105455291618897
34 75 1.4630115282978902
34 79 0.47751721478511105
34 84 1.5330566705716857
34 86 0.9409521382734359
34 89 1.4197378389934443
34 94 1.6660633162240852
34 97 0.42703677707259036
34 101 1.08907808920265
34 102 0.17833856599582704
34 103 0.48398954111049225
34 105 4.313187192294926
34 106 2.1428404051208387
34 108 2.194982809825161
34 109 1.9808260793623238
34 112 0.21014075749525574
34 113 0.20922524806734397
34 114 1.7554291633909525
34 115 0.5826169404956681
34 117 0.07463274233812858
34 118 1.1338597726794608
34 119 0.46718791070151416
34 129 0.32359040604172323
34 130 1.0223169612156568
34 131 0.1535542598421416
34 133 1.2925998385123771
34 134 2.6127461525319786
34 137 0.21227568132474992
34 138 1.6074747275822545
34 141 0.402689075709496
34 142 1.702935553430647
34 145 1.2791183048109789
34 147 0.6929865558773124
34 149 0.11283019617138622
34 152 0.4617363612766429
34 154 1.7488469873113595
35 0 0.06060807084874231
35 1 0.29484384473304937
35 2 0.7528329211684035
35 4 0.006810824576499286
35 6 4.338437127895158
35 7 0.24189181378130226
35 8 0.9737490070791717
35 9 0.3194723647816815
35 10 4.204933550523966
35 11 0.6742832648038741
35 12 0.38556384198266586
35 13 0.5891348174272879
35 14 0.8725272364024719
35 15 1.0571218316404594
35 18 0.38357647876075984
35 19 2.756463959241111
35 20 3.251477978627032
35 21 2.3823906733676457
35 22 0.7713669419481605
35 25 3.681051622045831
35 26 0.6062041998616977
35 30 0.48434701775602057
35 31 4.412976735842462
35 32 1.0457130477595458
35 33 0.36481979614791454
35 34 0.08995660851468666
35 36 0.3450585258679579
35 37 0.020581437652108434
35 38 0.5600675519530304
35 40 1.9149138390772944
35 43 3.134150486857061
35 44 0.024341894819296883
35 45 1.456656260620313
35 46 1.5785848382248704
35 49 3.2998099168658133
35 51 3.0048298019332003
35 52 0.5112028799706542
35 54 0.4601456176619935
35 55 1.5364006362899012
35 56 10.263166553097227
35 57 2.241237807114994
35 58 0.8124478197471546
35 59 0.2418413461163691
35 63 4.1447404728040995
35 64 4.484552953086114
35 65 0.49366771549831673
35 66 0.2347723462368627
35 67 1.7419792235957343
35 68 2.1068429884557847
35 69 3.357481800860875
35 70 0.18932066832235786
35 71 1.0599035518184818
35 72 0.20954341461699336
35 73 0.7410661399113324
35 74 3.0067664478337535
35 75 0.7499192068913981
35 77 0.5886066618784642
35 79 4.2390845945054
35 81 0.9529274234000651
35 82 2.300666901274669
35 83 0.45620814196533616
35 84 0.2447429853611536
35 86 1.1979304210943411
35 88 0.45991566903234143
35 89 0.8453361371383902
35 91 1.6862036940888614
35 92 1.5718577022087872
35 93 0.2751592512655867
35 94 2.1687440452557523
35 97 1.83809681984113
35 101 0.9672330992550399
35 102 0.24176906302610132
35 104 0.5555680678071895
35 105 0.23664393054772184
35 106 4.299032259654051
35 107 0.35371499356160535
35 109 0.25770718484048766
35 111 0.4655858238902115
35 112 2.153913977689677
35 113 0.4401628434036332
35 114 0.19711100622412206
35 115 0.2757079086880705
35 116 1.5375153377059616
35 117 0.866228704595337
35 118 1.113696488498171
35 119 0.7403323523482112
35 122 0.8665196414724925
35 123 0.11311330831763523
35 125 2.801747644970635
35 126 0.12873820722957283
35 127 2.839682723862033
35 129 0.7048387546301955
35 130 0.5039152758105612
35 131 3.624546700934076
35 133 0.5557598326916187
35 134 0.5280579592103429
35 135 0.4235043323543205
35 136 0.23151635750082736
35 137 1.3407561579833804
35 138 2.7754895296846485
35 139 0.07176266589191536
35 140 0.4231451312102997
35 141 3.0977056406365286
35 142 3.0306334776925032
35 143 0.9398555487740142
35 145 2.2032346894768415
35 146 0.14947251099854283
35 147 0.41802240747642083
35 149 0.5594933305421467
35 150 8.3896429967333
35 151 0.5146934266587704
35 152 1.3507741143332763
35 154 0.2594219317271742
35 157 0.08819569737580672
35 158 1.7229798122736673
36 1 0.512015256286851
36 3 0.08645287938147905
36 4 0.06351432231229773
36 5 0.37388511991576917
36 6 0.026486447232280986
36 7 1.8769164949933794
36 8 1.5544346125258441
36 9 0.572996286229024
36 10 2.282579898075956
36 11 1.8385021453797106
36 12 0.4330806132928061
36 13 0.0797452009117604
36 14 0.6654954104414894
36 18 0.38397997081197865
36 19 0.9321230861541863
36 20 0.41294985720890787
36 21 2.1360506120738543
36 24 0.4079427920040443
36 25 0.8617060518234616
36 26 0.39183699528749466
36 27 0.347919661607829
36 29 1.1859935942234792
36 31 0.5800707967562954
36 32 0.08737734512053068
36 33 0.433277493878889
36 35 1.0747051403355432
36 37 2.216139321783711
36 38 0.2549036351273002
36 39 0.8107587632843527
36 40 0.021213737405507797
36 42 0.6007381138429302
36 43 1.712305553758273
36 44 0.2959452739164793
36 45 0.3523880745059474
36 46 0.31419236832988573
36 49 0.22553759234401113
36 50 0.683767691018843
36 51 0.929106080222043
36 52 0.23075580389156197
36 53 0.11207821481710907
36 54 1.157944431435375
36 55 2.276824193977297
36 56 0.5368617082750444
36 57 1.1516581605131497
36 58 0.8980776660087958
36 59 0.17482816358453704
36 61 0.028561040198151012
36 63 0.1851728135238418
36 64 0.8486585001421125
36 65 0.006916874049599691
36 66 1.5872392742451267
36 67 0.00149932512999236
36 68 0.2643628374291968
36 69 0.8416600235252935
36 70 0.06074082875957914
36 71 0.07058697051188824
36 72 0.2177712068789646
36 73 0.8012673494160077
36 74 0.6218754858488234
36 75 0.34368130084551984
36 76 0.12072386603098187
36 78 2.5295743071975663
36 79 1.2915291085967
36 80 2.4358629664214875
36 81 0.08948124282461693
36 82 1.2925900732214233
36 83 0.344561413915642
36 84 0.25027459535242436
36 85 0.7094603665694152
36 87 1.4963892685739157
36 89 1.6004940558867486
36 91 0.33272377977781115
36 92 0.27212358189843305
36 93 1.0379351692590115
36 94 2.2075190772370683
36 95 0.17527703033038938
36 97 0.4576261077007358
36 99 1.3639051367225576
36 100 0.5950285611704493
36 101 0.2006637915607244
36 102 0.44452478765052295
36 103 0.7932180795586596
36 104 0.17278164313601635
36 105 0.7015913581828447
36 106 2.5044085614434373
36 107 0.028536814996350794
36 108 1.6633515412616406
36 109 1.302858708637763
36 111 0.40133546807476245
36 112 0.5143263901865165
36 113 0.2279304082265186
36 114 0.9140531431990205
36 115 3.050090122517187
36 117 0.17578287225275693
36 118 1.7663094369812196
36 119 2.2265711667644434
36 122 0.26005093587482986
36 125 0.9527637341570573
36 126 0.44378900544393385
36 127 0.5355246444876097
36 129 1.0072563531631276
36 130 2.357228272756874
36 131 0.051917761367769794
36 133 1.0646609886146405
36 134 0.06549331280469385
36 135 2.624334198516672
36 136 0.33505672017352867
36 137 0.03278646622121021
36 138 0.8630736842736049
36 139 0.010770429117267112
36 140 2.246008108554283
36 141 3.6799991143735338
36 142 2.0665473110121213
36 143 1.3924284409405783
36 145 0.34168469880887153
36 146 1.2766939474604795
36 147 0.6375490205978935
36 148 0.31514198609367466
36 149 0.30127957690220114
36 150 0.0200633064872832
36 151 1.0696708128260137
36 152 0.45056250299625983
36 154 1.6211820093891018
36 157 0.5551286860692377
36 158 0.7218432376434786
36 159 0.43362374491125316
36 160 0.5723432263027761
36 161 0.23562992305011246
37 1 0.1742147504998752
37 3 0.823434366881822
37 4 0.4969911112589173
37 5 0.7277447917441137
37 6 0.15689454233485248
37 7 1.1782110254926215
37 8 0.678195398605202
37 9 1.1368439191240725
37 10 0.7485503930957171
37 11 1.0000856140826093
37 12 0.08694034949218415
37 13 1.5486549614246599
37 14 3.7071373164671932
37 15 0.8626252060808388
37 16 0.3986775281765454
37 18 0.48879247735118764
37 19 1.1710766342969117
37 20 2.091963459315255
37 21 0.1623711687815363
37 22 0.1452234871384149
37 23 1.4019544739328211
37 24 0.4398997817208164
37 25 0.7145318341637231
37 26 0.041672718453746406
37 27 0.8686381431280706
37 29 0.9335152575901193
37 30 1.1358986897518217
37 32 3.695873965120243
37 33 0.7681433943653764
37 35 1.8396187657381244
37 36 0.22285838154824197
37 38 0.9712155388857312
37 40 2.783131935247556
37 41 0.324228774915831
37 42 2.3880172764751313
37 43 0.8839795353398221
37 44 0.4524943645510663
37 45 0.1505227498297777
37 46 1.4451665346656255
37 47 0.23192422422276868
37 49 0.15741367184263233
37 50 0.42111679771563276
37 51 3.08558138280732
37 52 2.4990901833275463
37 54 0.00950854706641985
37 55 0.10386776622044683
37 56 4.345908098437997
37 57 1.4446979058812084
37 58 0.5876464289432283
37 59 0.04794068945778751
37 63 1.2818371810113278
37 64 0.8718537043371754
37 65 0.18062380230401162
37 66 0.15308595943414555
37 67 1.034655198150301
37 68 0.29422615241525624
37 69 2.2312691042198045
37 70 0.9705279609578435
37 71 0.9159961269315102
37 72 0.7580868838208981
37 73 0.11654789461836751
37 74 0.07910031530903705
37 75 0.9969979012920442
37 76 1.9532412748906267
37 77 0.1621317993310706
37 79 1.3931205429367728
37 80 0.2782414763417666
37 82 0.3005021923610546
37 84 0.07774189101883733
37 85 0.6925331722440565
37 86 0.8138635747638386
37 87 0.18449909723452715
37 88 0.10796405750615505
37 89 0.048320989838844794
37 90 0.546029299341188
37 91 0.22278124414928427
37 92 0.48504048979931397
37 93 0.39279217848231546
37 94 2.084926510842272
37 96 0.6416571914370209
37 97 0.30758943368837244
37 98 1.140133519432512
37 99 2.053684023457055
37 101 1.3355963870873546
37 102 0.2694915616675163
37 103 0.8772068699060983
37 105 0.24631260904208976
37 106 0.7572583268767501
37 107 0.2699177264736229
37 108 3.082971130738109
37 109 1.3794206549864558
37 110 0.5858197347496578
37 111 2.548886070342064
37 112 0.4910823689354055
37 113 0.9056009363233911
37 114 0.3830833769318695
37 115 0.08615932784513063
37 116 0.5040740874027055
37 117 0.33846118192402136
37 118 0.8465913858670413
37 119 1.0668255313840527
37 120 0.6195971824220319
37 121 0.1751502833772637
37 122 0.5236257967693521
37 123 0.36804630307263514
37 125 2.314988934226805
37 126 0.7272692579523223
37 127 0.4576481452501237
37 128 0.46360579757077913
37 129 1.569061902536507
37 130 2.0945512077590176
37 131 0.007571383163639891
37 132 0.20047510453944928
37 133 3.523421092306928
37 134 2.2548609531445116
37 135 2.637726377917807
37 136 2.485192057265487
37 137 1.4255918593257413
37 138 0.43020652952455807
37 139 1.0561704718983562
37 140 0.7914278757592018
37 141 0.5034641763229438
37 142 0.9829826563212757
37 143 0.6628807920773886
37 146 0.1642552665937521
37 147 0.44635656332756474
37 148 0.024538394708757204
37 149 0.6118093807732958
37 150 0.025977923174969678
37 151 0.6273530220972146
37 152 0.10404904584797721
37 153 0.48566332012063973
37 154 1.3620133575912121
37 155 0.7241715647651011
37 157 2.8070297417530377
37 158 0.9570165743023133
37 160 0.2794510090829783
37 161 0.38340389963069654
38 0 1.2450091391190246
38 1 0.15557740959828556
38 2 0.7073743566278055
38 4 0.41837887124873774
38 5 1.0796985739597686
38 6 2.625224112720827
38 7 0.37031521172945336
38 9 0.266509435464094
38 11 0.42047611816314606
38 12 0.8153716815580955
38 13 3.0329315414637885
38 14 0.7572480039932362
38 15 0.17464271633777606
38 16 0.4169072546006491
38 17 0.10619130421141107
38 18 0.22544033372443342
38 19 0.9657369551957828
38 20 0.13475089482576363
38 21 0.2531241486138342
38 22 0.1452047839515537
38 25 0.01839977840166549
38 26 0.7652043033610916
38 27 0.01636496374201308
38 28 0.7401398965047825
38 29 0.2307908378068811
38 30 0.1904414727785985
38 31 0.3229414050030467
38 32 1.4745454656470673
38 33 1.3625520405161695
38 34 0.11049234971542193
38 35 3.0231067380497563
38 36 1.3373674251806065
38 37 1.725366774177723
38 39 2.8550353332023874
38 40 0.5269615847814697
38 42 0.04498152452316963
38 44 2.5469525566454125
38 45 0.5150099175623689
38 46 0.03359405470519295
38 48 0.02237792490591511
38 49 0.484704662009407
38 50 0.02848628216122573
38 51 0.4407697630992926
38 52 0.10816578217243719
38 53 0.9782504322272286
38 54 1.2234863607281807
38 55 1.867568587504443
38 56 0.14703931098855413
38 57 0.34901378611767064
38 58 0.8188365016914685
38 59 0.40456957898007045
38 61 1.5316009487708389
38 62 2.0559218302216427
38 63 0.12106494399988295
38 64 1.1471721379073425
38 65 0.7409550359402749
38 66 1.0238406660917494
38 67 0.22149445469498083
38 68 0.23054642347898177
38 69 0.45685502377619625
38 70 1.2490276718238114
38 71 1.3171548102801147
38 72 0.4068048196152265
38 73 0.3845462095122031
38 74 4.011390017365165
38 75 0.04795709753733073
38 76 0.45346305666053055
38 77 0.57451455824901
38 79 1.8645985537062157
38 80 0.007563097139554955
38 83 1.8645106397072415
38 84 0.9306769907090403
38 85 0.6863279759160273
38 89 1.2235655198384547
38 90 0.029383210487864832
38 91 0.6422621836557603
38 92 0.47718758701572284
38 93 2.9056788101231543
38 94 1.191926687892676
38 95 0.7253705825585253
38 96 1.5473936238028885
38 97 0.18748326790140288
38 98 0.32629209352014255
38 99 0.3165618581501184
38 100 0.9251758509088149
38 101 0.03331346910505812
38 102 0.21026149258482008
38 103 0.284933015383668
38 105 5.295618434903731
38 106 0.46624409702104946
38 107 1.1193346921718612
38 108 0.25251033295396963
38 109 0.38093063629768864
38 111 2.270454486153541
38 112 0.22977211718500684
38 113 0.30175505244126577
38 114 0.7149555216362232
38 115 1.17283585364848
38 116 0.08096311974336033
38 117 0.11947037055216922
38 118 0.06566336012949589
38 119 0.365003892115839
38 120 0.2414677631374672
38 121 0.041678505788083624
38 122 0.8704096558343476
38 125 0.0140504443159391
38 127 2.1645186405537884
38 130 2.9891341412624457
38 131 0.3375490946472428
38 133 0.6341693988216318
38 134 0.20930206839391272
38 135 0.04996301817396019
38 136 1.2357448396622501
38 137 2.673522011566931
38 138 0.12777100163872904
38 139 0.06738513971938512
38 141 0.6902415389549581
38 142 0.40248184423015887
38 143 2.696645307550105
38 145 3.6807737445272224
38 146 0.8270253755676344
38 147 0.396023221408698
38 149 0.27654098394601384
38 150 2.0617292053178202
38 151 2.4433883545366903
38 152 2.042787906726568
38 153 1.0301605065717032
38 154 0.9086359729485447
38 157 1.2298454739152227
38 158 0.6970051858494156
38 160 0.14377506755057437
38 161 0.23618407237370245
39 1 0.34821587985730734
39 4 4.539957242364526
39 6 4.149640471957182
39 7 5.860739163232828
39 11 1.7691744136546699
39 14 14.913183991924212
39 19 0.14228040450646187
39 21 9.071170319169084
39 25 0.5079207396113316
39 26 0.41647150090251644
39 30 2.8430239816258602
39 31 0.7571568040585167
39 32 0.9834969444801392
39 35 6.769474093526422
39 36 2.133091254142279
39 37 0.7074369242506446
39 38 3.4112843038031904
39 40 1.509066616444064
39 45 1.041027154897472
39 49 1.010958993775375
39 50 2.2559180828114695
39 51 1.0740124374117601
39 54 3.93673804256382
39 55 0.4570194585186723
39 56 8.708412658519965
39 59 0.14778623800561907
39 65 1.537984912077503
39 66 0.01453621059337392
39 67 0.42391445880604
39 68 4.031613999029521
39 70 1.6219500557568962
39 71 0.6743791041066538
39 72 2.765781552530194
39 73 1.9085322491546766
39 74 1.6242906816439049
39 75 0.32793862966232235
39 76 0.1928049106550609
39 77 1.2585506873832568
39 79 1.996429605827577
39 84 0.6791304549435488
39 87 4.205232847662945
39 89 0.254729897189047
39 91 2.087474058866256
39 93 0.8099485085642459
39 94 0.550982661669283
39 97 3.34608901017643
39 101 0.6610094725671259
39 102 0.05764598484670624
39 106 0.20771469864278533
39 107 0.4537159481085345
39 108 0.10640200431454253
39 109 0.8893242150973224
39 112 10.574287700975503
39 113 0.05172470398321267
39 115 9.718801480194124
39 117 0.27116350140612094
39 118 0.041822097211672134
39 120 2.175082914390791
39 121 0.11414560118967872
39 122 13.759305003353044
39 126 0.06044910242135475
39 130 0.6101717014430574
39 131 0.5864664245168613
39 133 1.194164628155126
39 134 0.3028736441417858
39 135 1.4249107896726958
39 137 20.44764728335533
39 138 2.2142189670694883
39 139 1.4350042419070106
39 141 0.03157744404913428
39 142 0.11185479612219196
39 146 0.7558007807771897
39 147 0.20225621038057914
39 149 2.1981782062899007
39 150 0.7667950378572459
39 152 3.0156099232958873
39 154 7.593953566168887
39 157 1.4321112034570953
39 158 1.6332892391188953
40 0 0.48487577237248664
40 1 1.4911217766552733
40 2 0.5849495331036295
40 3 1.9740256478774811
40 4 1.3704325064627185
40 5 1.296356951386154
40 6 0.0007546257412506537
40 7 0.17599184264036405
40 8 1.9778312919409582
40 9 0.0757733089437484
40 10 0.16598325260002722
40 11 0.19014739859229865
40 12 0.4560674660915945
40 13 0.03745639022164052
40 14 1.482437290122511
40 15 0.11998949372395927
40 16 3.3547408746640666
40 17 0.5970873193235573
40 18 0.279971580898681
40 19 0.9035696707754924
40 20 0.06900230661706964
40 21 0.08084917290603372
40 22 0.6235941582889754
40 23 0.556895637141244
40 25 0.050291793912491875
40 26 0.7992520151973874
40 27 0.7429168350667154
40 28 0.024875751971112952
40 29 0.7277624603931488
40 30 1.1626282268041916
40 31 0.5351297718580583
40 32 0.5619319316063488
40 33 0.894727625402817
40 34 0.521185340287104
40 35 2.5782289752584457
40 36 0.7386757829490551
40 37 3.105845773468353
40 38 1.2909361954183058
40 39 1.7436340146688518
40 41 0.15580376676552557
40 42 0.019293395060053828
40 43 0.9868026728231408
40 44 1.4223833403472421
40 45 0.1694294698454739
40 46 0.23044301097546543
40 49 0.2899114189008855
40 50 0.09644486499516158
40 51 0.2113435138189875
40 52 0.2377895966177023
40 53 0.04404265279474701
40 54 0.15914619787675777
40 55 1.1659583502953286
40 56 0.9740972200147692
40 57 0.013454229328278229
40 58 1.6727594432335207
40 59 0.24262791986791404
40 60 0.10784094573642977
40 61 0.0501972748066768
40 62 0.8077558917093848
40 63 1.0356097961344919
40 64 1.3159457561413799
40 65 0.4950523453380574
40 66 0.35688278063097584
40 67 0.393731217707457
40 68 3.14889932147087
40 69 0.015057388212370883
40 70 0.21422306514568937
40 71 1.8886967042486968
40 72 0.24786740007120567
40 73 0.5980780868010548
40 74 0.896066339485667
40 75 1.1947178774504381
40 76 2.247103537898499
40 77 0.8190911050928995
40 78 0.09535132316814124
40 79 0.818091570571288
40 80 0.37666178545709184
40 81 0.7474417596536642
40 82 0.4944007103698249
40 83 0.5851543856777824
40 84 1.563892540286528
40 86 0.031159243964312737
40 87 1.74213491631089
40 88 0.2826189906270265
40 89 0.5982338755607622
40 90 0.6112710171142255
40 91 0.08062858424767594
40 93 3.141481069766485
40 94 0.060143738853531435
40 95 0.42500548442785946
40 96 1.2949942602804552
40 97 0.361225547158507
40 98 0.2783073928772472
40 99 0.13683408926818758
40 100 0.1483472335354434
40 101 2.1735046048536986
40 102 1.3250828131776191
40 103 0.013607068235229815
40 104 0.216496046543076
40 105 0.0134999777032554
40 106 0.34964639870224756
40 107 1.1995926024576238
40 108 0.3424526737027798
40 109 0.04616483930384614
40 110 1.0250892937947036
40 111 0.11065729863710003
40 112 1.0558399292665515
40 113 0.8030593854345492
40 114 0.5450032454694355
40 115 0.3594161335045508
40 116 2.2730040373908693
40 117 0.15685600879470796
40 118 0.8727876753102384
40 119 0.368223490854643
40 120 2.571493252324514
40 121 0.3871940625440038
40 122 2.775786972928096
40 124 0.250938143729596
40 125 1.2356805845838617
40 126 3.0385871841648298
40 127 2.489130246337104
40 128 1.3507852387288215
40 129 2.2535716556615535
40 130 1.0804637460042015
40 131 1.535347536268763
40 133 2.9066480138266306
40 134 1.7526727133470934
40 135 0.923484044222546
40 136 3.0965728737416502
40 137 3.6812789921467615
40 138 0.12088703166377433
40 139 0.24824604841128145
40 140 0.42205373736126534
40 141 1.3276510502770347
40 142 0.28458636764937173
40 143 0.9620104499265465
40 145 1.185875673717499
40 146 0.3456205077683442
40 147 4.349454385237004
40 149 0.5259001960893849
40 150 3.4761671519842543
40 151 0.6053842456145636
40 152 1.2487006405473362
40 153 0.6294761127365062
40 154 2.0582684748606623
40 155 0.8800585460615026
40 157 0.1221976763309285
40 158 1.0184354723812703
40 159 1.1411494192204992
40 160 0.039392849960550674
40 161 0.03347291587873741
41 6 0.3230070955982354
41 7 0.17525422042365746
41 14 0.773906620700041
41 15 0.312999078215334
41 19 0.030502155453009366
41 22 0.05861501925135718
41 26 1.125939222963654
41 30 1.844358623750622
41 31 0.6149478398978967
41 32 0.5198604636349011
41 38 0.2969443249945968
41 40 1.0519377516737132
41 45 0.0700037311265475
41 49 0.0761225931882963
41 50 0.8247830588946863
41 51 0.15868915348688795
41 54 4.587040367604336
41 55 2.4773147335017214
41 56 0.21229392581971696
41 58 0.2800023541960213
41 64 2.0541805760191734
41 66 2.829238071818809
41 67 1.3232856874240027
41 68 1.4239784551026244
41 72 2.2402098180143155
41 74 0.9610829075282736
41 79 0.3809298314480654
41 84 0.6859178063976655
41 89 1.3456169988942108
41 97 0.11667250018492822
41 98 0.6329693721771966
41 101 1.0865469353467532
41 102 0.16699532706779388
41 107 0.2206596879092918
41 113 1.8869532080158464
41 114 0.6728296678011684
41 115 0.6753564145479142
41 131 0.7760428966226931
41 133 2.3147350476282966
41 137 1.253740216866305
41 138 1.734925895851353
41 141 3.723368377407719
41 142 0.1720588484137796
41 147 0.8993085154309163
41 150 1.2105256006346372
41 152 0.09216919143643368
41 154 1.2334221801702325
41 157 0.2538626898621225
42 0 0.2024829027291583
42 4 5.259857106920354
42 5 13.55879406440504
42 6 4.64301542119208
42 7 12.639410763952705
42 10 4.772997476957754
42 11 2.0960843428112224
42 12 0.5424457497205486
42 13 0.47796158819535417
42 14 4.274896973098306
42 18 0.2691054898823758
42 19 0.02703408860474927
42 21 12.446091475557468
42 22 4.343876802473028
42 25 1.612062443572082
42 26 0.8717159330181586
42 30 26.30330442877169
42 31 3.1167511945399395
42 32 0.44397936842689245
42 33 1.5528090940469472
42 35 6.379630129499372
42 36 1.8353859954476406
42 38 1.1361918537472289
42 39 14.16426593502349
42 40 0.09386951994156938
42 41 0.11744458736871739
42 44 0.12964451897888163
42 45 1.4915057526479873
42 46 0.2630177306164694
42 49 16.135173135806134
42 50 0.9693137310868225
42 51 1.287300944280284
42 52 0.07272377108866612
42 54 4.408995142966905
42 55 23.992885791272244
42 56 2.7881474699017206
42 57 7.172509946972103
42 63 5.276175416714321
42 64 12.575516817204734
42 65 0.8072207995315407
42 66 0.11353294054576377
42 67 0.48942212791004874
42 68 0.3635194738771155
42 69 0.19713660391812277
42 70 0.0843788644514633
42 71 1.8212277617310118
42 72 4.036643504804252
42 74 14.645441681091006
42 75 0.883765128900214
42 76 2.0504041516348486
42 77 0.8571482054806995
42 79 8.911404869033758
42 80 0.22248179435843268
42 82 1.504990121635395
42 84 0.07617920926813625
42 87 10.792155023061909
42 89 5.128120410428359
42 91 1.9695241799442107
42 93 27.492642953058784
42 94 3.6709003874381185
42 97 0.9759627375850927
42 98 0.44014872763503154
42 101 1.3824966561459677
42 102 1.0647073118026265
42 105 3.6046379012471514
42 106 1.1558114622377553
42 113 1.821267112414005
42 114 9.294931154908777
42 115 0.14729152713562776
42 118 4.143833222535591
42 121 0.04526292826671144
42 125 17.953198399364027
42 129 3.0011351127747394
42 130 1.452630714202807
42 131 0.08752586711748929
42 133 4.408426903181305
42 135 1.0051066373115551
42 137 1.0739402462445267
42 138 0.3551967899367264
42 139 1.8013517506120917
42 141 0.1812752019501203
42 142 7.0203242441508795
42 143 7.694145334772991
42 146 0.634511995707083
42 147 2.127905242546524
42 150 2.2090653181469952
42 152 24.355038472534723
42 153 7.852399114890377
42 154 34.875153537741255
42 157 5.663391243416744
42 158 6.700316199527448
42 160 5.30709694521487
43 1 1.511527955454879
43 4 0.8544113642104793
43 7 0.1266312025497206
43 11 0.25317225607306243
43 12 3.593643262516474
43 13 1.1680357831081738
43 14 0.29486517795151795
43 19 0.19116173695886207
43 21 0.7073388735942272
43 22 0.5045155039493587
43 26 1.32866589528951
43 31 0.3523958268989096
43 32 0.02157921074863077
43 36 0.40197069313975536
43 37 0.015396586901442404
43 38 1.7871652937512146
43 40 0.8300144589200618
43 44 1.0373979618452576
43 45 2.0118555873543005
43 46 0.7751773068974656
43 49 3.528095184403639
43 51 2.573917283110272
43 54 7.261428241540754
43 55 5.385858598187676
43 56 6.6811314245316185
43 57 0.12160689452700456
43 63 0.8614218757405351
43 64 3.943615925716847
43 65 5.967796289821516
43 67 0.7905987042274027
43 68 0.5950502615998856
43 69 1.4467211319095807
43 70 2.8687704719903735
43 71 0.46883726911123424
43 72 1.7215139752609296
43 73 0.606834689487727
43 74 0.7016200339326918
43 79 0.2806954801546276
43 83 0.7417321517251398
43 84 0.3513749290310164
43 87 4.353933384123062
43 89 0.34499111040440966
43 91 0.22986543478427784
43 93 1.420978603717077
43 94 3.5012481903970842
43 97 0.5619852303979557
43 101 2.7697756519674543
43 102 0.5127117670624265
43 106 4.414095151389296
43 107 1.2232847289694013
43 108 4.845209732121337
43 110 1.0866481117274782
43 112 0.09608057249727077
43 113 0.026638476884810743
43 114 3.037242201766195
43 115 2.625253754478602
43 117 1.5796369865004085
43 118 1.4448940085325608
43 121 0.6741018853002624
43 125 3.855117896006911
43 126 1.1710073503704879
43 129 2.551813025548256
43 130 0.26248834671054255
43 131 0.24390118827538232
43 133 0.8645908544584597
43 135 0.14269479634022753
43 137 2.6536487602048453
43 138 1.9251403025152083
43 141 0.30261077206312614
43 142 14.179860515309286
43 143 0.3761351689324651
43 145 3.3790971077331484
43 146 1.049288829547205
43 147 0.2515343492512989
43 149 0.36368822249095767
43 150 0.36572148162779644
43 151 2.9853428193348277
43 152 0.17024229025118798
43 154 0.5955033400298148
43 158 0.4182157984886157
43 159 0.108819792340986
44 0 0.5405974534642853
44 1 1.6222772941020862
44 2 0.2678007262320876
44 4 5.009422951241107
44 5 1.4689668511100038
44 6 3.3704780638289678
44 7 0.9992802517959404
44 9 0.9165133119149647
44 10 0.564794583583337
44 11 0.013500430973832706
44 12 0.8039694586466136
44 14 0.08471965889639044
44 15 0.18816789270213888
44 16 1.7958257051070667
44 18 0.6249744840133246
44 19 0.1256768990661967
44 20 0.8247382000083471
44 21 0.6415262067166265
44 22 4.263356760806708
44 23 2.444598497980316
44 25 0.1321537875058856
44 26 0.86896849919646
44 30 0.09971549123236813
44 31 0.002320099391520705
44 32 0.5529262461029512
44 34 0.6932071012689507
44 35 0.47202965937228786
44 36 1.395393069328587
44 37 0.9035071735496945
44 38 2.2741709696980066
44 39 2.34420302015687
44 40 0.9018972208012862
44 42 0.45051057563754493
44 45 0.8740159389092037
44 46 0.12970286981282347
44 49 2.097023663240376
44 50 0.21748931031814633
44 51 0.37438045154771166
44 52 0.41957081399448587
44 53 0.462578597741544
44 54 3.6008551027634392
44 55 0.9443316224363831
44 56 0.7267014611477977
44 57 0.0332596278216075
44 58 4.01263112742821
44 59 0.32773345389197633
44 63 1.4345487146573546
44 64 2.2542911340834206
44 65 0.02827256224018222
44 67 0.9796450105391588
44 68 0.2839884834917474
44 69 1.2616508022154589
44 70 0.211836244148527
44 71 0.25528711081384853
44 72 1.9431881966056865
44 73 0.0445313090996057
44 74 0.6080016685356986
44 75 0.4025516123951228
44 76 1.9588635782807913
44 77 0.6663217109177215
44 79 0.17222531981700123
44 80 0.20405532362971454
44 81 1.349544037643098
44 82 0.07032843052359042
44 83 0.051375327123313705
44 84 1.1467887137882966
44 86 1.5800854541065255
44 87 0.8278523935861717
44 88 2.208838997748704
44 89 2.066875878874986
44 90 2.466270126696007
44 91 1.5776093834124365
44 92 0.7196041670492035
44 93 8.586446258803594
44 94 0.7253609008747769
44 97 1.0211819413026497
44 98 0.3219614075983331
44 99 2.3963615048404816
44 100 0.5592926109756303
44 101 2.5495285892868584
44 102 0.2975668774810704
44 103 1.4956403226540465
44 105 3.1065125578250132
44 106 2.2510449519819757
44 107 0.6849988291765577
44 108 0.5625299942390148
44 111 0.8704574610596075
44 112 0.9967464941974873
44 113 0.4536014231449802
44 114 5.00601155869397
44 115 1.9276613939388672
44 116 1.1710157726056714
44 117 0.6910976945207125
44 118 1.8952939979082841
44 119 1.8552209097630092
44 120 0.1622710110473068
44 121 1.0038293239394847
44 122 0.2800010821835648
44 125 0.47007568826505763
44 126 2.417723826972647
44 129 3.5006430697301463
44 130 0.09976420187442558
44 131 0.018204212780625686
44 133 1.8447458411210216
44 135 1.9438159033867102
44 137 0.38880607724486654
44 138 0.5869035581761286
44 139 0.9980598888412511
44 141 0.4682858425482648
44 142 1.4968756014517246
44 143 2.2367886645505344
44 145 3.7741012954014512
44 147 0.2215352087397546
44 149 0.6680181707385849
44 150 3.378072351184396
44 151 0.5506595112641949
44 152 0.04550539776663356
44 154 6.974597985643026
44 157 0.16740660908167496
45 0 1.01854352169639
45 1 0.4382000482378259
45 2 0.5643363298074991
45 3 1.3995161518455719
45 4 0.21511137194041524
45 5 0.7722780461953725
45 6 1.2994924551875935
45 7 0.48199976820619517
45 8 1.793551419922524
45 9 1.0145237109483616
45 11 0.5301642045415065
45 12 1.3464335805455228
45 13 0.9509383816910244
45 14 5.062327071081944
45 15 0.21330492923112143
45 16 1.719287712859532
45 17 4.334745882147531
45 18 0.4723952561148632
45 19 0.32948908837832924
45 20 0.6769247371440057
45 21 3.385202057394675
45 22 0.11787932724652295
45 23 0.45004248008609093
45 25 0.4190192115900425
45 26 0.8159741917634402
45 27 0.7476737468765473
45 28 0.3432828508792026
45 29 0.028556761390123458
45 30 2.9120678261559014
45 31 0.8849066092426935
45 32 1.2280595618224643
45 34 0.4251067972111161
45 35 0.5571104805308748
45 36 0.9747538374401372
45 37 0.03297188042923834
45 38 0.30638484278184863
45 39 2.8245500489981046
45 40 0.26800103553044174
45 41 0.31358302226925366
45 42 0.35259854411279784
45 43 0.3441267935242687
45 44 1.3241679632971621
45 46 1.9770926467274215
45 48 1.4537144433147822
45 49 0.22674070647679578
45 50 1.2944066752026133
45 51 1.1575849694902165
45 52 1.2059976579115161
45 53 0.9046608074220922
45 54 4.849631611300004
45 55 0.08276667958086174
45 56 1.8374014625894333
45 57 1.0380313616609451
45 58 3.067421919262747
45 59 0.17205463711243646
45 61 0.4037491594222724
45 62 0.9806620031708988
45 63 1.5217339589758019
45 64 0.0730281971769917
45 65 0.5085390476269104
45 66 0.06955075143418281
45 67 0.17146229023070084
45 68 0.41680084607115525
45 69 9.784840874477824
45 70 1.5370594277649716
45 71 1.4739368388410272
45 72 0.5142606678506912
45 73 0.5811183364218753
45 74 0.14145527567565108
45 75 2.576468833736792
45 76 2.275855003838158
45 77 0.05389516015423418
45 78 0.20955947350932713
45 79 1.8486605008489572
45 80 0.34994795046114424
45 82 0.4673465833601953
45 83 0.10275291867134717
45 84 1.1198824168059154
45 85 0.11431128533475522
45 86 0.05224138860552493
45 87 2.0733281920839866
45 88 3.9923260089558994
45 89 0.516902445847151
45 90 0.29272599305481745
45 91 0.4779611651884657
45 92 2.6681151721857073
45 93 1.8698171525637874
45 94 0.014732028398129881
45 95 0.17311494706913486
45 96 1.0758924059882973
45 97 0.763848550446363
45 98 0.2845894675285038
45 99 1.4922463027848663
45 100 1.540746697942204
45 101 1.1311332214783507
45 102 0.8773931672231713
45 103 0.6587197197100886
45 105 3.415154772959128
45 106 2.5236351190092443
45 107 0.8360440685830799
45 108 0.9176290022395632
45 109 1.819822081939298
45 111 0.36333558787584236
45 112 7.507798207009735
45 113 0.225506037862813
45 114 3.614272661843893
45 115 2.1527370975290983
45 116 0.8058670730914814
45 117 0.4894925621271498
45 118 0.2019471640039922
45 119 1.3842810264250442
45 120 0.2581744515428768
45 121 1.3175739874704973
45 122 0.3552427386275223
45 123 0.1992812440501679
45 124 0.44524424711337135
45 125 4.244354085181585
45 126 0.15852694008043455
45 128 0.17820691662054927
45 129 0.6803569187614085
45 130 2.236641475254425
45 131 1.0126348084677745
45 133 0.25058227271757594
45 134 0.02690266419937194
45 135 0.021173078422668978
45 136 0.9651387178281702
45 137 0.6969092145866664
45 138 0.31115650860983274
45 139 0.38442367676433864
45 141 0.8360065159841641
45 142 0.22276303144938478
45 143 0.5954734741493685
45 145 2.971407277489573
45 146 0.15830230305473114
45 147 0.36262499825061056
45 148 1.484551401093733
45 149 2.7358816674951196
45 150 2.2935043982546213
45 151 0.022274127480538704
45 152 4.838356996784853
45 153 1.6838949563612529
45 154 2.664487666573602
45 155 0.9335767365795572
45 157 2.7184646779397394
45 158 3.5404062422831983
45 159 2.4354826046922575
45 160 0.50018801225152
45 161 0.24691220760523597
46 1 5.352030844562279
46 4 0.5525031711825533
46 6 7.885862449309982
46 7 3.126443316937112
46 8 1.438887439110176
46 10 26.643159052654774
46 11 2.050341598855572
46 13 2.5689666346396067
46 14 7.544195600629023
46 19 0.9120747036939377
46 20 10.507424658272924
46 21 24.044816045332144
46 22 5.639936933511097
46 23 19.506633015335517
46 25 4.341894649056234
46 26 2.431605347601039
46 27 1.0737752095405297
46 30 5.585758197900967
46 31 0.030583819557028158
46 32 1.987582790392015
46 35 1.9653925607779872
46 36 0.26887130782987334
46 37 0.49893662295539903
46 40 12.601287230048166
46 42 0.21886035769621898
46 44 0.3893892840020151
46 45 0.1009418178284883
46 49 2.1892596316129653
46 50 1.464783809055731
46 51 2.1669734115723847
46 54 4.199927352851776
46 55 6.41099357411263
46 56 1.2067001001597248
46 57 1.1880018994925414
46 58 11.334285845237734
46 63 18.01561709853673
46 64 2.7586037473604157
46 65 0.49988659700776206
46 66 6.423427307969064
46 67 0.5436975272424056
46 68 12.664206943056664
46 69 2.2355812802308654
46 70 0.1431256279654319
46 71 4.637741174404497
46 72 0.3448911310223842
46 73 2.905128153823553
46 74 8.535343191721427
46 75 2.4952703335466278
46 77 3.8273089549133203
46 79 1.8854782045388696
46 83 0.12909671786961086
46 84 0.7198334055891384
46 85 0.8517992116049514
46 86 0.6586809367072403
46 87 3.496332152397783
46 88 8.664522766487991
46 89 0.12413345194607969
46 91 2.9850378845958945
46 93 6.904755974481127
46 94 1.5320976442852097
46 97 0.8185325458358697
46 101 2.079328809012404
46 102 0.6279454192522554
46 103 2.777480029466961
46 104 0.09609379969602376
46 105 2.460690995789935
46 106 7.509250995142877
46 107 0.4737655062127837
46 108 0.7326159078933245
46 110 1.165512675518616
46 112 20.134555778342918
46 113 0.07833641768124323
46 114 1.2271552938513157
46 115 8.65538104994111
46 117 1.0216962536407774
46 118 0.5104166749831917
46 119 7.783362853375336
46 120 7.347314711584364
46 121 1.4979066739493407
46 122 9.977818367758555
46 125 0.9104061218659786
46 126 0.49484313317327144
46 127 1.7763790878798136
46 128 0.021858944892314144
46 129 0.5446481329613501
46 130 0.2795075080403631
46 131 1.7990108647586898
46 132 0.08305397151455961
46 133 20.254069169144795
46 135 0.36979066623802803
46 137 17.839276875972086
46 138 1.0531888764342807
46 139 0.7894622860912175
46 140 0.6350838900868917
46 142 11.262208176597372
46 143 3.8945299819710955
46 145 2.0180872854496745
46 146 2.4513652828414
46 147 1.324955657772747
46 149 0.8486980295269603
46 150 5.780863905651259
46 151 15.48373662150329
46 152 14.725636268392561
46 154 8.391613609954305
46 157 0.19811540022042062
46 158 7.079150943718228
46 159 1.1611873934619361
47 4 1.3393929107645788
47 7 3.2677475108753935
47 11 1.4383850286882303
47 14 0.35772380177829743
47 26 2.512007718910842
47 31 0.21954923240632143
47 40 1.080860441586512
47 41 0.34208358291018454
47 49 4.755497494001452
47 51 2.103766334090021
47 54 3.071282088587455
47 64 1.2629566646269512
47 68 0.16313765120869733
47 70 0.5501877500564877
47 72 0.23842550572789226
47 74 0.24186602637273436
47 75 0.7620645707661723
47 77 5.9187654603043995
47 94 0.15754794481043857
47 101 0.10376297414192746
47 114 1.2223443750155307
47 118 0.14419852111884185
47 131 0.31623314081651405
47 133 1.213685792001163
47 147 1.1838940527312316
47 149 0.20965936665544377
47 152 3.011272059795992
47 154 1.0198246069355064
48 4 3.0381364086698435
48 6 0.021764509514590753
48 7 2.200426010485579
48 11 2.3567168237383385
48 14 0.09077509586330301
48 26 1.1326408220764141
48 30 1.7782000954128934
48 32 0.041048340186413554
48 36 0.4469860777458708
48 40 0.5155644693866408
48 45 0.1342172292459722
48 49 0.018123659998080927
48 50 1.6159159753261365
48 51 3.2342666989947766
48 54 0.37197101591727577
48 55 0.03240723353686672
48 56 0.6215015845729528
48 64 1.6416474913375396
48 65 0.41522618791439125
48 68 1.5560485107127986
48 72 1.0863949639011625
48 74 4.933550214037933
48 79 0.13615656491943168
48 84 0.45540184917294974
48 89 0.1412667051778489
48 93 1.1324417567109903
48 94 0.3539275128393372
48 101 0.1195792926815764
48 102 0.29792542650454396
48 107 1.9320129328693487
48 113 0.1558913554636208
48 115 0.6028035406587974
48 118 3.0464308976315646
48 131 1.8610723499752555
48 133 2.2772341259478335
48 134 2.3133363509963183
48 137 4.69865321046098
48 138 0.36813459250833697
48 142 1.3460846382238079
48 145 1.8164364940721467
48 152 6.441761200221031
48 153 1.2633771035678811
48 154 1.9346200421577535
49 0 1.90144849946992
49 1 3.336553298711149
49 3 1.3988092627568707
49 4 4.425614693146461
49 5 9.635983990896028
49 6 4.327498889257029
49 7 2.73319885592221
49 8 66.18711179738436
49 9 0.5675186386872156
49 10 9.039964208335967
49 11 0.6130422392646486
49 12 5.398275057698702
49 13 11.679627270577784
49 14 2.1584198796686493
49 15 0.5627041581489962
49 16 2.458318917758178
49 17 2.156655774474835
49 18 0.6280563882780991
49 19 0.7512551745442564
49 20 126.14801958740227
49 21 82.02850268274754
49 22 0.23396593805528157
49 23 50.659826112121536
49 24 0.3708203710203034
49 25 2.393755606121494
49 26 0.4964535277500307
49 27 1.0426949299023986
49 28 0.14382734605322234
49 29 0.42165976802427724
49 30 3.4312180232900897
49 31 4.3796181848538716
49 32 1.5941146852954433
49 33 1.1721816751653737
49 34 0.4689910708801762
49 35 21.94855901237795
49 36 0.5363682364928685
49 37 0.1545807434218768
49 38 1.3277340571368688
49 39 157.83844292663994
49 40 5.345455711888031
49 41 0.9678936729835467
49 42 0.14273342018741986
49 43 8.983929636251135
49 44 0.6658172986793413
49 45 3.493440205287574
49 46 2.8738837019562338
49 50 4.129695693821705
49 51 1.8922533990248878
49 52 2.013655201528643
49 53 3.5912126482108926
49 54 2.3877747969543632
49 55 35.542269288216986
49 56 0.9528622580315039
49 57 0.414466104212188
49 58 5.329678683623414
49 59 0.08652801069437185
49 61 1.2844504889320898
49 62 2.597669594158123
49 63 1.6163319229862256
49 64 10.44990884473403
49 65 0.5868043488144311
49 66 1.1160204962677915
49 67 0.04510708745598348
49 68 17.728048151898225
49 69 0.9087537635973114
49 70 0.7659611216711122
49 71 1.641081462969632
49 72 1.3857342046367542
49 73 0.674085363333632
49 74 147.54670124684705
49 75 0.5239199060379338
49 76 1.7945746975473515
49 77 2.891622687204466
49 78 0.22936052225738568
49 79 2.3197291938151126
49 80 0.6836268319748272
49 82 2.229123887321139
49 83 3.423428355488263
49 84 0.21917038885905463
49 85 0.6972221793000248
49 86 0.8697812383956292
49 87 39.24176571372215
49 88 1.3000937936865187
49 89 1.7222187912902736
49 90 0.5201970465629037
49 91 0.48233822288208245
49 92 7.083316593099861
49 93 159.74888029632905
49 94 17.695571135092074
49 95 0.9639139945347922
49 96 5.951059033879135
49 97 0.3853297823338061
49 98 4.662328676938484
49 99 6.469049121019179
49 100 1.4950028951146
49 101 0.1521133591179021
49 102 0.3416150546258345
49 103 1.0820749645049956
49 104 7.453406612721183
49 105 18.223028024836232
49 106 8.475725047473302
49 107 0.9874836145474855
49 108 12.38359257796614
49 109 0.8937743545084185
49 110 0.28439450071270456
49 111 4.672641174330482
49 112 12.295185614797449
49 113 0.4960438480715548
49 114 1.7886433392981442
49 115 5.06063583100012
49 116 10.612061941321862
49 117 0.20416763103592392
49 118 0.5056066487517598
49 119 5.6577761770065935
49 120 0.2979834453700211
49 121 3.1134641590775702
49 122 89.57990247738711
49 125 60.17076352926563
49 126 0.9573989172530042
49 127 9.305920970663317
49 128 1.51069268445275
49 129 14.499900314237777
49 130 4.996898111703019
49 131 2.5499161161389536
49 132 1.3023527154376313
49 133 18.76564416926378
49 134 69.25840596912418
49 135 3.2953891796652495
49 136 3.8818289125857883
49 137 22.650407478291957
49 138 1.4569010201315165
49 139 0.43905934455470774
49 140 1.7842813714782744
49 141 3.114798572669284
49 142 378.5164120910344
49 143 24.917149865914872
49 145 1.3862770169640237
49 146 0.1450736559298706
49 147 3.161118914478834
49 148 0.19810316828716032
49 149 0.16859093360548055
49 150 8.513106504762566
49 151 6.688334685052687
49 152 66.16446052537283
49 153 6.671696454638838
49 154 75.24546476007245
49 155 1.5967197011166487
49 157 1.4263781964977988
49 158 12.339263277902896
49 159 2.6356344945952683
49 160 181.23515359194778
49 161 1.3210204137819943
50 0 0.3679434693894538
50 4 0.12543493425375526
50 5 0.6973282455324415
50 6 0.7891974482673901
50 7 1.3124548532611482
50 9 0.06907741311557455
50 11 0.8565270781260927
50 12 0.3113363965964367
50 14 0.6262196968057318
50 15 0.044509349078179605
50 19 0.2311559932043037
50 20 2.37707594198306
50 21 2.5345870414233005
50 22 0.1889550345600044
50 25 0.23919656270997974
50 26 0.414184265625671
50 27 0.46153483757721997
50 28 0.4080190627143453
50 30 0.07852601831507974
50 31 0.29430027275802
50 32 1.3590856569020542
50 35 1.6565934900376191
50 36 0.6087872047175795
50 37 0.05545495814446579
50 38 3.5674655712254855
50 39 0.11387138586485364
50 40 0.3059500804998757
50 42 0.09602348860337563
50 44 1.34282909519583
50 45 1.6439043808241645
50 46 0.15404628302536574
50 49 1.1905899093544827
50 51 2.6996128875228877
50 52 0.08191198233242242
50 53 0.5793802758783833
50 54 1.4149724863658106
50 55 0.6134203646297953
50 56 0.4824178142619942
50 57 0.07292389676344142
50 58 0.10358537965325264
50 59 0.04725538115169913
50 61 0.5798173857901023
50 62 1.7943595169445659
50 64 0.15021101489181699
50 65 3.3276364437759662
50 66 1.1645618652633007
50 67 0.27323598002510835
50 68 1.2517034727899525
50 69 1.9070990006419224
50 70 0.35225035856968867
50 71 3.171976951678262
50 72 2.443129067984722
50 73 2.7993933614328586
50 74 0.12008630152597956
50 75 0.31731346674096517
50 76 0.4111185341581945
50 77 1.5348638227499658
50 79 0.04037675341994554
50 80 0.2308937667365726
50 83 0.7811851797045858
50 84 2.0102504271828066
50 85 1.1798033819633615
50 86 0.5600963616980358
50 87 0.11915060631749165
50 88 0.23706596171038377
50 89 0.5434263722988956
50 90 0.1349920764071198
50 91 0.9771954645802118
50 92 0.9396028116048049
50 93 4.085786061189705
50 94 0.2843823877837646
50 97 1.7682279517135233
50 101 0.24832153943065016
50 102 0.121472576063525
50 105 3.505851974472519
50 106 0.18683601157818658
50 107 3.0518898110310215
50 108 0.21074214857373902
50 109 1.6236891758995147
50 111 0.0940870500618668
50 112 3.118778685253951
50 113 0.05497019066001723
50 114 0.17515853869701178
50 115 0.8922042820465916
50 116 1.5110899986835145
50 117 2.135427835048056
50 118 1.1578610335778858
50 119 0.18608009554434055
50 121 0.974768358977204
50 122 0.07438300786990279
50 126 0.5267692877449992
50 127 4.333418970996629
50 128 0.2377665509611936
50 129 2.2088957529582838
50 130 0.6990769022302203
50 131 2.0034462944982865
50 133 0.2222993419138421
50 134 0.07639680709572898
50 135 0.3003592695515597
50 136 0.20177590232741574
50 137 1.0934305734062757
50 138 0.04267318653053055
50 139 0.13097496572503178
50 141 0.3352933922609142
50 142 0.003160524815047541
50 143 0.8792119758566197
50 145 1.6502077359969602
50 146 0.23993003962893059
50 147 0.6300679463917437
50 148 0.6603452130207429
50 149 0.20811435647478047
50 150 1.1022268288357793
50 152 0.2722139598473806
50 153 0.07124261117259259
50 154 1.8760526098060701
50 157 0.5362938182353665
50 158 1.6419949918013712
50 159 1.3171538064698542
51 0 1.7785056427777013
51 1 2.247386519728966
51 2 3.5344399462387717
51 3 1.6081541382557372
51 4 6.6572963650550285
51 5 3.1807969081361556
51 6 0.901085279214361
51 7 2.22399252512567
51 8 2.91681817433784
51 9 0.3838280259278349
51 10 0.8674281180151113
51 11 1.9623820231999198
51 12 0.37833051844572024
51 13 0.1285269351940668
51 14 1.3612325908007723
51 15 3.401073858791886
51 16 0.689705066965032
51 17 0.025300330440240715
51 18 0.5132244985803953
51 19 0.18961044826091594
51 20 5.023011879629207
51 21 0.7739496936077424
51 22 1.7401093967008225
51 23 1.7351833617012737
51 24 0.05369796657456012
51 25 1.2447688922283573
51 26 0.8435185663326895
51 27 0.12679182872310826
51 28 0.5330122813005808
51 29 0.1766643328954812
51 30 8.775210993568189
51 31 1.1066504727995168
51 32 0.20312743745538847
51 33 2.9019420745721787
51 34 0.3300376377334667
51 35 0.7754675421875841
51 36 0.3850128210428776
51 37 4.968424029877178
51 38 0.3624671902633352
51 39 3.474068921566051
51 40 0.6557174531158727
51 41 1.2190387818242983
51 42 0.3696731043983307
51 43 0.2111643642292532
51 44 0.8564676512684581
51 45 2.1615570701477957
51 46 1.781705227226782
51 47 0.015754288728100203
51 48 0.16938744907259856
51 49 0.34426895278307146
51 50 0.5503808180917432
51 52 1.1298695869864492
51 53 0.08217589064474204
51 54 6.856765507972978
51 55 1.11774834299852
51 56 0.2691915554214122
51 57 1.505216760853265
51 58 0.12842141989366843
51 59 0.14800763873179187
51 60 5.540520320052575
51 61 2.1351713823555807
51 62 1.0043221108377083
51 63 3.4719427142068784
51 64 3.673314583419055
51 65 0.564576432933659
51 66 0.40127906997616203
51 67 2.2204335162887716
51 68 1.0122792458049872
51 69 1.559763185065334
51 70 1.0296185755249865
51 71 0.28077216810097627
51 72 2.0986232686981676
51 73 1.569165286214458
51 74 0.8109842644853618
51 75 0.10375015911973051
51 76 2.719207751151783
51 77 1.9258497104341692
51 78 0.560311372083495
51 79 0.553018293721267
51 80 0.3395473181677368
51 81 0.7518088481313271
51 82 0.11095527587950225
51 83 0.3171353654228597
51 84 0.6379730583322062
51 85 0.4152992277726473
51 86 0.0023311544623915866
51 87 1.6016250461274621
51 88 2.3936240830885582
51 89 5.271666851590338
51 90 0.9572980083871847
51 91 0.47317314594805016
51 92 3.2567487657487764
51 93 1.1335574739657832
51 94 0.6728013130200784
51 95 0.18307954195928225
51 96 0.3343859198632361
51 97 0.4057838867035102
51 98 0.8693590380753121
51 99 0.550295087821357
51 100 3.4295470531285948
51 101 1.8035720040314143
51 102 0.5362072784130593
51 103 0.11884649536081345
51 104 0.1286609668998652
51 105 0.7870380579808448
51 106 1.6321677217049906
51 107 0.8571163484960201
51 108 1.4890840474702711
51 109 0.10731499018295701
51 110 1.970810220830372
51 111 0.27886071076163355
51 112 0.78796991626785
51 113 0.05838240549933445
51 114 0.9601780031638866
51 115 1.1968796487528337
51 116 5.501151320677961
51 117 1.0148135225139876
51 118 0.6063046363670096
51 119 0.9180576463167187
51 120 4.60349151268818
51 121 0.728911161929114
51 122 1.1469895401232457
51 123 0.12007537720720877
51 124 0.23524805115883624
51 125 1.178747250546653
51 126 0.9312022717301326
51 127 1.0409705278187242
51 128 0.4267527698865199
51 129 0.6999474604902678
51 130 2.202246922166338
51 131 0.7411096772653848
51 132 1.3682885502446482
51 133 0.7113230501316155
51 134 0.42370806949207596
51 135 0.42589685442079234
51 136 0.32353075124476965
51 137 0.6357307986236924
51 138 1.0171166950727806
51 139 1.1404612921835957
51 140 1.5577965748671594
51 141 1.4197143284153597
51 142 0.7442044042278484
51 143 0.30298323630005547
51 144 0.549323819547058
51 145 0.30045811526709265
51 146 0.16372454072919126
51 147 3.993898503874196
51 148 1.6158896617104357
51 149 1.4969693240666984
51 150 0.7799356967539977
51 151 1.286598600608372
51 152 0.6025013644303127
51 153 0.1738356417742622
51 154 3.7767724936705864
51 155 0.28125391101368713
51 156 3.474586059502163
51 157 1.8637921648203117
51 158 3.2374224407235648
51 159 0.9538811224144335
51 160 1.6062083191003234
51 161 2.2994233472940175
52 0 4.64526402203443
52 1 8.362312469018793
52 4 2.698008377661967
52 6 0.19366765755530552
52 7 3.692422650138002
52 9 0.4752682487925177
52 10 4.916186676808727
52 11 3.194762088260587
52 12 0.5105651814713447
52 14 1.5028939124451695
52 15 2.4493279332624205
52 19 3.537755718355475
52 20 0.3025882580479783
52 21 35.453291389474764
52 22 1.7673176959735484
52 23 1.298218738844549
52 25 0.7880852719632981
52 26 4.736485756602771
52 27 0.2782413002765769
52 28 0.5783146672324629
52 29 2.2202875181956383
52 30 5.088929843832708
52 31 2.776134789620572
52 32 5.926944352185277
52 35 29.887234635148797
52 36 4.789357117780454
52 37 0.05228920611801244
52 38 0.8391016384169956
52 40 0.047701171282068563
52 42 0.6409973272866147
52 43 3.5490044534328757
52 44 2.1281661127694362
52 45 0.3362407773007287
52 46 2.0059557172193
52 49 5.363640429878816
52 50 1.7523103097072343
52 51 3.0012586127959406
52 53 0.6124226522476299
52 54 8.892242183784408
52 55 17.989402676404733
52 56 10.458415064172183
52 57 3.859741927007333
52 58 0.27240909064019064
52 59 1.4787591551882673
52 62 1.1278242889991286
52 63 7.156650529956055
52 64 8.549201403795074
52 65 1.1103136030389575
52 66 1.1056557133906373
52 67 0.45636212568221274
52 69 0.8401901269357508
52 70 0.34574413414549077
52 71 0.35354910499038844
52 72 1.4980419919015477
52 73 1.1939693539103766
52 74 1.7358069812715846
52 75 0.45994150463580363
52 76 4.023448129496371
52 77 2.403059466121161
52 79 3.9748092768519867
52 80 2.1838700595702685
52 83 0.7631684334351976
52 84 0.3916960340891347
52 86 0.24703430478607583
52 87 12.80842578826994
52 88 0.40113627866597956
52 89 9.002743036110186
52 90 1.6096123648228895
52 91 4.681726967603422
52 92 2.4118505099451535
52 94 2.702122484307059
52 97 2.374609896786074
52 98 0.7029039306653894
52 100 0.8959175322632463
52 101 0.22746937939696707
52 102 3.901652104386789
52 103 0.6673720444526848
52 104 0.5209329695690681
52 105 3.6959720849889943
52 106 3.772224948404612
52 107 0.2781198521488815
52 108 0.7449595030746319
52 109 5.682478551766314
52 110 0.636810567095485
52 112 9.473716860321431
52 113 3.419388590567622
52 114 0.4565438542747654
52 115 5.5938713320036815
52 116 2.241249248781503
52 117 1.3012777650730374
52 118 1.0374302997052733
52 119 4.801279593220293
52 120 3.931063187683743
52 121 0.9684678303769206
52 125 15.95157183096676
52 126 2.9297310224277338
52 127 0.24548684245781116
52 128 1.642857500029761
52 129 6.698877251038562
52 130 1.8692924431646438
52 131 1.1152824513465536
52 133 3.204012008891477
52 134 40.91074129915344
52 136 0.8581380844751306
52 137 3.7868930969592003
52 138 0.05590975705907306
52 139 1.4505755726064415
52 142 7.51519770094563
52 143 7.496176609982712
52 146 0.39228048762259843
52 147 0.6451517484243652
52 150 0.8731486134685603
52 152 16.189564175483895
52 154 13.691977400804907
52 157 0.2987207903729613
52 159 1.376644407559614
52 161 0.5951202117605164
53 1 0.08458633776945726
53 4 1.2076251300393206
53 6 1.855352324945124
53 7 4.480557340621966
53 9 0.014951131830546683
53 11 0.03534165437409504
53 12 0.06012498038962864
53 14 4.51882722356897
53 19 0.35149267352293645
53 21 0.9738890177725075
53 23 5.3640809602258654
53 26 2.6746582102145724
53 30 1.957017948642959
53 31 1.0716659152160928
53 32 1.204329822840217
53 35 0.15277352100957672
53 36 0.807924359803532
53 37 1.00851336811674
53 38 0.6711128395697981
53 40 1.4049263858618852
53 44 0.10159023705528444
53 45 1.172113983622199
53 49 0.1939184510723647
53 50 0.5709868121961678
53 51 0.045780046038730586
53 54 0.0436816051693408
53 55 0.6467639112495569
53 56 0.6921655868253862
53 57 0.8322731430798652
53 59 0.6434148843446299
53 62 0.035286793899248825
53 63 5.109074744051375
53 64 0.04111245674734356
53 66 2.1356248537348774
53 68 0.6547416091028544
53 69 3.6610846846445253
53 70 0.16621862720189476
53 71 1.5408717953989752
53 72 5.7049436786469885
53 74 0.7127817681403269
53 75 0.5160643881323019
53 77 1.2385087435407345
53 79 3.1071375796981013
53 80 0.8029186585741726
53 86 0.4972290173251526
53 89 0.56015876512862
53 91 1.900264838040853
53 94 3.2856029900309762
53 97 0.4092056613172868
53 100 0.34958047725033076
53 101 1.6424099216923114
53 102 0.12081519273040915
53 103 0.48481221935524116
53 104 0.8581215888595614
53 105 1.440384023880865
53 106 1.0026235565262382
53 109 1.4587498214055774
53 113 0.05502487237726135
53 114 3.3519985670144714
53 115 2.789933600145573
53 117 1.4721264820649445
53 118 0.7760664072403419
53 120 5.644191657513535
53 122 0.4832411814061503
53 126 0.8885479253604355
53 127 1.5686957493485312
53 129 0.4672404374929523
53 130 1.9680840648742348
53 131 0.4606934243166552
53 133 0.5372291352118476
53 135 0.9774444151013588
53 137 5.270693224748911
53 138 0.6530687453358379
53 139 0.16658823412475104
53 142 4.059116944749475
53 145 0.24329063087476188
53 146 1.2085186472881568
53 147 2.1173982654503334
53 150 0.3414766030446357
53 151 0.8782756381146037
53 152 1.504093485580231
53 154 3.8806097040272864
53 157 2.287494463983379
54 0 2.3339228591340224
54 1 1.103413867537337
54 2 2.5401157715187184
54 3 0.8521872729550061
54 4 0.8654809508135497
54 5 2.3099941858805604
54 6 0.2329385335158042
54 7 10.044329540406263
54 8 1.7569741938140018
54 9 0.8452039647931915
54 10 1.2623953673039368
54 11 0.34862059172601384
54 12 0.5120895931991919
54 13 0.47251120744099256
54 14 0.17799901551286856
54 15 4.348556138894
54 16 1.2942530257416545
54 17 0.07033609596436277
54 18 0.5593023861468578
54 19 0.3707031773580342
54 20 3.2011781434484226
54 21 2.958033574213628
54 22 0.11631331712045694
54 23 1.397670100171045
54 24 0.4410065055608472
54 25 1.1343301046371397
54 26 3.921338413765845
54 27 3.164141659209117
54 28 4.16342443723211
54 29 1.6351059275965953
54 30 10.174204787116558
54 31 7.7463814362383605
54 32 0.4808699895528355
54 33 0.5722765422348292
54 34 0.4126692500087349
54 35 0.789996750383733
54 36 1.757869129444684
54 37 1.112276560347793
54 38 0.9266960985872637
54 39 2.3617148769110274
54 40 0.977006432357758
54 41 0.9821349485414669
54 42 0.3840930753721123
54 43 0.7754443129800817
54 44 0.6034954534563058
54 45 0.2885546657417838
54 46 0.6018572607308889
54 47 4.6454249310250875
54 48 0.7966505926554024
54 49 0.29787850750030204
54 50 1.3071195012918964
54 51 1.2219031617912777
54 52 1.2765695661129786
54 53 2.945238512398328
54 55 2.46013399122731
54 56 3.2610844071289358
54 57 0.5821758941011003
54 58 1.019868315361236
54 59 0.4809961175919513
54 60 0.14110160264034446
54 61 0.05657850453983724
54 62 4.803105094553011
54 63 4.225884858098679
54 64 0.12400786521422877
54 65 0.08121795783058856
54 66 0.22104804797833766
54 67 0.7972280806036265
54 68 1.966999266087173
54 69 5.41173508351485
54 70 0.041998014376546294
54 71 0.10238378475414935
54 72 1.9529990158328967
54 73 6.206536741042862
54 74 15.174030197171556
54 75 0.2324467635473064
54 76 0.09786008300664824
54 77 5.371434487484793
54 78 0.5137938422813519
54 79 0.9985559868724709
54 80 2.292997654297609
54 81 1.1745893918320875
54 82 0.8180647027784455
54 83 1.0596053476428329
54 84 0.7617985847574635
54 85 0.7215750622241903
54 86 1.4802679061120458
54 87 2.84803622210761
54 88 0.5534122484524608
54 89 0.3826650183296788
54 90 0.6878879893777505
54 91 5.811847060573869
54 92 0.8790578657086286
54 93 8.8116911299756
54 94 1.0108168152291899
54 95 0.33776107950815837
54 96 0.5379101704632743
54 97 5.7319554115541145
54 98 0.8405277246204758
54 99 0.7237651865190603
54 100 0.3862144306949211
54 101 0.4187127394232625
54 102 1.4912360023156364
54 103 2.1866518127108634
54 104 0.27580657067761705
54 105 0.7476847340941462
54 106 0.8698876534679847
54 107 0.8137179629897277
54 108 1.6204520521893302
54 109 2.11303988431824
54 110 1.8401885679407164
54 111 0.9643573076988304
54 112 3.2267343924597807
54 113 0.32894342300548296
54 114 6.389909061642871
54 115 2.01100185444859
54 116 3.9125480005175053
54 117 0.019092609007733824
54 118 0.346409853520381
54 119 1.0199072027831573
54 120 6.757216880715784
54 121 3.057536966507301
54 122 0.5253006492671211
54 123 0.00022621981326962322
54 124 0.16007558552347664
54 125 0.269131784880142
54 126 0.18571389658869839
54 127 2.0652898196351606
54 128 2.105536258530676
54 129 5.12416615426227
54 130 0.2511276906463691
54 131 0.9289714067744493
54 132 1.2995839464265264
54 133 3.7535680295828704
54 134 3.1360396472881606
54 135 0.4888967117473573
54 136 0.852703041161069
54 137 3.4321245169519896
54 138 0.9095124483128773
54 139 2.5875644305311303
54 140 0.5449096949059946
54 141 1.8210536984694883
54 142 8.233928015243201
54 143 3.3989243506982705
54 144 0.6037223011594894
54 145 3.8808013018010654
54 146 0.7609262365230969
54 147 0.04397405345540983
54 148 0.8429414011176855
54 149 0.6290809982869433
54 150 4.628730237667259
54 151 2.3282935228996475
54 152 2.0481240534278893
54 153 3.2883987459967114
54 154 3.5684304872309918
54 155 0.72821088282346
54 156 0.3008878209101556
54 157 0.11974155574225004
54 158 2.5813268238935754
54 159 0.26412006227772017
54 160 4.3936228996616284
54 161 4.366331608428538
55 0 0.023504646696388375
55 1 0.2052436221151581
55 2 1.9505201272399788
55 3 0.06398805193713059
55 4 8.624822650426795
55 5 7.837446959094212
55 6 0.591923049233173
55 7 0.20924670528632713
55 8 2.182663741011672
55 9 0.6615927462420307
55 10 1.0747074634334968
55 11 0.30954788842774994
55 12 0.022949113808056715
55 13 2.802831807218519
55 14 2.524073588163219
55 15 0.5720288751384873
55 17 0.437942665247368
55 18 0.0020041421386115437
55 19 0.45700378749054055
55 20 1.7651309176498804
55 21 0.34874315650669924
55 22 2.3342270160996192
55 23 6.61401202922476
55 24 1.6801260321082563
55 25 0.2282289948975792
55 26 0.43967439711494505
55 27 0.9528441889017978
55 28 0.4877132138338617
55 29 0.6017682393439844
55 30 6.717355175153795
55 31 5.910195195415118
55 32 0.5840127011074234
55 33 0.7387637921015333
55 34 1.4734195553906062
55 35 2.2665490502468866
55 36 0.3564524385528924
55 37 2.718479958085688
55 38 1.808237298295856
55 40 2.622555143332793
55 41 1.3908802633896153
55 43 3.737894795547717
55 44 1.8777738824171137
55 45 0.5835081614808644
55 46 1.7278524064622165
55 47 1.6790921718498204
55 48 1.9780259882555866
55 49 1.3812006954915383
55 50 0.1875253379882112
55 51 1.7621944276213157
55 52 1.3702895607467247
55 53 1.23707769765063
55 54 1.0340211953828795
55 56 0.02783584631783559
55 58 2.972316908707096
55 59 0.24493372889891932
55 62 2.0039470758071922
55 63 3.4274520136126743
55 64 4.8147359521523505
55 65 0.04145466112692234
55 66 0.5312746290062874
55 67 0.5547290999353004
55 68 2.8171038871323404
55 69 0.10227104814411728
55 70 0.2818291394461862
55 71 1.6348397887464723
55 72 0.7984294044839908
55 73 0.9669207941010584
55 74 1.2114615597858946
55 75 0.08953114492288164
55 76 0.33120209158669756
55 77 1.2806241564788738
55 78 0.34126961982241444
55 79 0.886645189222282
55 80 1.4594309215233217
55 81 0.06753005346803204
55 82 3.201228113116852
55 83 1.9043493951219612
55 84 0.653394665073706
55 86 4.019658538689584
55 87 9.243983360120579
55 88 0.7682020347169597
55 89 1.2611802513660062
55 90 4.3485225834307935
55 91 5.747345806606595
55 92 3.0138407175370503
55 93 0.6879289854464373
55 94 0.3235095670472046
55 95 1.4655586053139151
55 97 1.7021307006535666
55 98 0.021941396478100228
55 99 0.02518206231281933
55 100 0.0009756927328638561
55 101 0.01611650845135782
55 102 0.21703086672947006
55 103 1.9727396130106556
55 104 0.6004333789356123
55 105 0.36874766665331055
55 106 12.6682914296636
55 107 0.7727964233905635
55 108 2.455089651142299
55 109 1.550973355970505
55 110 0.959716592128049
55 111 1.7544566765574598
55 112 9.951284965216194
55 113 3.123497019896781
55 114 6.696791176816625
55 115 4.362649891076708
55 116 2.638104147348588
55 117 1.924138678887078
55 118 3.8954137428370634
55 119 5.549642369532387
55 121 0.5287106337439286
55 122 3.5149039491403657
55 124 0.4658416020661636
55 125 2.423152713407678
55 126 2.362203607047643
55 127 0.6533572288734818
55 128 0.568845309114753
55 129 4.613383598491783
55 130 5.770504614621575
55 131 2.070143798723194
55 132 2.1791701823553704
55 133 0.9374626734403881
55 134 2.312758076633336
55 135 1.6257128323075691
55 136 1.7416783536984013
55 137 0.4460894801555026
55 138 0.3550842506747188
55 139 2.459929092372215
55 141 0.34087663321103073
55 142 0.25803185733133727
55 143 5.069090864193969
55 145 0.13088113201132084
55 146 0.4065280378854906
55 147 0.3648359888494949
55 148 2.0802160003139223
55 149 0.9403769078821997
55 150 2.946959789882712
55 151 2.5703125342630435
55 152 6.586117903319113
55 153 9.689887167124798
55 154 0.2559011065066092
55 155 1.4036438006010181
55 157 0.14659565760494955
55 158 4.8581376805604135
55 160 9.350640279922361
55 161 0.08677402407287196
56 0 1.1703182506949388
56 1 1.8427004856911908
56 2 1.9970608898093867
56 4 1.2205424594126077
56 5 0.019838438616001455
56 6 0.25791295015861376
56 7 0.35371705665590053
56 8 0.706893502189178
56 9 0.21556661303353905
56 10 1.3640671671564961
56 11 0.22418456310635854
56 12 0.0803013355785358
56 13 4.05835862590556
56 14 0.4119745447096137
56 15 0.9554521311928411
56 16 1.159040827206325
56 17 0.6331819894900346
56 18 1.442875557366006
56 19 1.1594390266685195
56 20 0.20085473801401146
56 21 0.1951170053083963
56 22 0.07012337956330453
56 23 0.48410429769963653
56 25 0.1811967779371698
56 26 0.506022533148855
56 28 0.2050420635871299
56 29 1.5684027525189173
56 30 0.540652796652601
56 31 0.11878251685053423
56 32 0.9489581755982092
56 33 0.825656968795652
56 34 0.6076742848092574
56 35 0.4369282239364247
56 36 0.43611033559680845
56 37 1.2036329387490246
56 38 0.19988940323338006
56 40 0.01158295692703702
56 41 0.30574988489399624
56 42 0.5251129936907389
56 43 1.029626947690003
56 44 0.23004333437053592
56 45 0.4352034989037924
56 46 1.4440623812036946
56 47 0.5639766275407171
56 48 4.6909145494075455
56 49 0.0726375951775972
56 50 0.6056085598764392
56 51 0.5823452180559531
56 52 0.03903721716902615
56 53 0.15768006574322202
56 54 0.19978398611158427
56 55 0.5592306342060946
56 57 0.06290808285677565
56 58 0.16200754052814387
56 59 1.1755470631122005
56 61 0.09016227006588586
56 62 0.5315744054244717
56 63 1.1021763712506996
56 64 0.35822604189206486
56 65 0.00014483870789277483
56 66 2.3804149558961187
56 67 0.05049475129398717
56 68 0.10254455511724404
56 69 2.417927921843095
56 70 0.8127302123074098
56 71 0.1548759810196353
56 72 0.09063143225292884
56 73 0.6028627099774163
56 74 0.15355777576212487
56 75 2.557346272802124
56 76 0.25859252319966264
56 77 0.9733735743044082
56 78 0.33371335043058387
56 79 1.9370807041730078
56 80 1.4436354514192842
56 82 1.1604803585311179
56 83 0.6376987220608759
56 84 3.108992232359188
56 86 0.5467872488044228
56 87 1.575841475408613
56 88 0.4321467031586362
56 89 1.4717047798470533
56 91 0.8696551841113925
56 92 1.6311419212105065
56 93 3.6465313972174966
56 94 0.23130400565129908
56 95 0.32637153467493785
56 96 0.7462503795907094
56 97 0.43229586214710364
56 98 0.35957610270827517
56 99 0.9366146436565969
56 101 1.5511971318794289
56 102 0.8105783055182422
56 103 0.295798647347539
56 104 0.7585528602500794
56 105 1.176106962664648
56 106 0.5980230619590603
56 107 0.11847080006641462
56 108 0.031965008960265495
56 109 0.8053955235768593
56 110 0.018701175667326656
56 111 4.3208473670358405
56 112 1.5787438345478562
56 113 0.9387373535759306
56 114 1.4578750517446595
56 115 3.289810672966024
56 116 2.8147220781813753
56 117 0.13840753217845894
56 118 0.012819827980192735
56 119 0.688617166294059
56 121 1.1176325719322404
56 122 0.7681505686083989
56 123 0.40547777617154
56 124 0.6731751922231107
56 125 0.5610068378684779
56 126 0.2755969132181314
56 128 0.10664283353288538
56 129 0.3951532274329691
56 130 0.5971404796886461
56 131 3.337747983230578
56 133 0.13479727846497966
56 134 1.1938883053723466
56 135 0.17449841045258438
56 136 0.45328617004677274
56 137 0.2447651851808529
56 138 0.7882320947858308
56 139 1.1601676477126261
56 140 0.1652843293793296
56 141 0.16285323443671348
56 142 1.118645199233653
56 143 0.5365240983752307
56 145 0.9811979020858062
56 146 0.27655927210104
56 147 0.003270108249154561
56 148 0.5363569179382928
56 149 0.5926870158593415
56 150 0.4115319867212316
56 151 3.0309158899678077
56 152 6.001144411868916
56 153 0.09846543175811265
56 154 0.8851958325125043
56 157 4.006573363883738
56 158 2.069437101967273
56 159 0.02587396807787389
56 160 1.6203541031999806
56 161 1.7422842849135216
57 1 0.3294792983721934
57 3 0.44061927105470156
57 4 0.04809135669094598
57 5 0.43077907555058736
57 6 0.7860065914614724
57 7 2.1120222598614213
57 10 1.8365736263958228
57 11 2.3436716192784828
57 14 1.5092006178657673
57 19 0.222904838632141
57 21 1.1625536283737024
57 22 1.677894989230041
57 23 4.024408946870575
57 25 3.77069227177781
57 26 4.4031567484374206
57 31 1.3098603614247732
57 32 1.044520927067934
57 35 0.07893586324668855
57 37 1.9942800212231477
57 38 1.5529755740721634
57 40 2.214579134438868
57 49 1.2249044993241471
57 51 0.343299863439289
57 52 0.285507003200108
57 54 0.06146878358573863
57 55 6.307917053382128
57 56 2.6059731399849073
57 58 0.39437336051511857
57 59 0.7334859891477007
57 64 0.7590533737350377
57 65 0.8546369881897741
57 66 3.8031462223081762
57 67 0.6605744107049198
57 68 1.7587299373074399
57 69 1.0281900620666684
57 70 0.6280314499566524
57 71 0.0717736497426597
57 72 0.6510269319240045
57 73 0.03491169418552764
57 74 4.262224269335578
57 76 0.2917757797230178
57 79 0.001582139307025962
57 83 0.2620084870524135
57 84 0.696158719742548
57 86 2.3730893735244596
57 89 0.6639135952711566
57 90 0.3071109680617299
57 91 4.674157110952927
57 92 1.1100050235698682
57 94 0.5222149894634903
57 95 0.46829654451314795
57 96 0.8906619237015231
57 97 1.4183812250576078
57 100 0.09978238166671098
57 101 0.1924648510488396
57 102 0.06955367858013585
57 105 0.5361456111233568
57 106 1.5136322924127432
57 107 2.3335238422653926
57 109 2.192932777699725
57 110 2.4176413995961803
57 112 0.6408715131828886
57 113 0.1387328732687885
57 114 1.0236910364147254
57 115 4.613015935419487
57 117 0.9955571427132134
57 118 0.5659857930434817
57 119 1.6886290714494572
57 127 2.479106677083294
57 129 0.5960782147137286
57 130 1.1064681462511345
57 131 1.0362941799781646
57 133 1.8281933721654362
57 137 2.4407495258292324
57 138 2.913242567041484
57 141 0.5223486674788369
57 142 0.2425822929555918
57 143 2.7237519730620052
57 145 2.1490478349362507
57 146 1.0075307293839955
57 147 0.6782580691259934
57 150 0.06063678939952312
57 152 1.808533844324906
57 153 1.7907685583968203
57 154 6.854893145056086
57 157 0.8539177116665726
57 161 0.15078660545680755
58 0 0.4722591326358905
58 1 0.13982419803137233
58 4 0.7275119263735011
58 5 9.718609318389797
58 6 0.382049266187198
58 7 4.877565421119223
58 10 2.0086032292381732
58 11 6.667106176411901
58 12 1.64118577639428
58 14 12.216786815166445
58 15 0.7199768859685944
58 18 0.6184376125912683
58 19 0.4754615687206882
58 20 10.047062600077432
58 21 1.0219704082073748
58 22 0.30294396876302726
58 25 0.23131710061217123
58 26 1.0598944706452402
58 30 2.3811018818538114
58 31 1.4056026436685045
58 32 1.4192112958402179
58 35 0.9393393667511724
58 36 0.4021668812797116
58 37 7.497230424374486
58 38 1.8830895660377178
58 40 1.5920063394778554
58 42 4.9610485303851375
58 43 0.457029491867243
58 45 0.12114880260235067
58 49 3.2619065730048877
58 50 0.42585795825348516
58 51 2.4002851918151493
58 52 2.01761751319717
58 54 0.15646153211317634
58 55 28.426804053813772
58 56 0.7708375011605556
58 57 3.373653961553924
58 59 3.4793421019060773
58 63 8.21504929706078
58 64 1.6218716117474286
58 65 1.432652360079985
58 67 0.49351772178806846
58 68 0.5816477654995769
58 69 2.3875728831344722
58 70 0.1924453629577653
58 71 0.8816108487478652
58 72 0.9176223149780502
58 73 3.383512106164501
58 74 6.725147312533191
58 75 0.05820305235712439
58 76 1.0397831783802878
58 79 5.311529687856992
58 84 0.978983537346088
58 86 1.8451527228409024
58 87 10.99894969948394
58 89 1.3847997212600036
58 90 0.317637329826672
58 93 22.923847325021068
58 94 7.370126733661557
58 95 2.788829229283518
58 97 0.3560322164289543
58 101 2.284752262633731
58 102 0.39922186701427187
58 106 2.5288139793062587
58 108 0.05645959131201584
58 112 1.924144982806685
58 113 3.3783330466296397
58 115 0.015286296014344494
58 116 3.2923127706772877
58 117 7.2508006351191465
58 118 4.190576330657881
58 119 5.877926040277501
58 121 0.6523107104038528
58 122 10.545631614578104
58 129 1.6489773970480912
58 130 6.3976450783821095
58 131 1.1014494742908414
58 133 3.246619695313721
58 134 1.2150792268651887
58 135 3.469521364121437
58 137 0.5199541465605332
58 138 1.7005192106677876
58 139 1.479902132872405
58 141 2.70866498474631
58 142 2.989731144391035
58 143 5.639147740428759
58 145 2.001627793711042
58 146 0.7280716032021286
58 147 2.615976110991307
58 149 4.120387827410311
58 150 2.1582016330840976
58 151 0.49330770455857653
58 152 1.0903903344478407
58 153 0.3004385741509548
58 154 1.823667393716954
58 155 0.10698267920444911
58 157 0.5969677449321997
58 158 2.116436278376245
58 159 0.13591929900693536
58 161 0.5333716342566366
59 1 1.3425478229570067
59 4 1.2068459653860777
59 5 2.377708283759671
59 6 0.3939365205070634
59 7 1.027639636407862
59 9 0.4511860793653911
59 12 0.5618082426748368
59 14 0.6824909617392705
59 15 2.145192662862521
59 18 0.5581860573981308
59 19 1.1572906609713343
59 21 0.9346960022863984
59 22 0.6825874154663403
59 25 0.3636892792437526
59 26 0.6810884337282238
59 27 0.158497158976306
59 28 1.9354868884311647
59 29 0.5470887912571331
59 31 3.2134127369525984
59 32 0.9012318531702751
59 33 0.19153751077013223
59 34 4.920164017991829e-05
59 35 0.8376583829060176
59 36 1.0476890160676806
59 37 0.48296971639464803
59 38 0.07566557987993006
59 40 1.0903682471361638
59 42 0.7705803257319456
59 43 0.008008611569836389
59 44 0.6928613023779024
59 45 0.15096257377522457
59 46 0.12874306288416548
59 48 0.0794889612372696
59 49 1.5584539046640007
59 50 0.3121478916722013
59 51 0.5280348470105843
59 52 0.0441210449453481
59 53 2.410506761554342
59 54 2.1603617222448306
59 55 0.2379013664804055
59 56 1.2744987147436888
59 57 0.3671635926473674
59 58 0.5748095847531983
59 62 0.6044324128472681
59 63 0.8415217261592643
59 64 0.2146262783666403
59 65 1.4332521117332062
59 66 0.15727865297601573
59 67 0.8626119809823124
59 68 0.623383222639934
59 69 0.5296924741356105
59 70 0.03183710607025195
59 71 0.6295209246329498
59 72 1.004939064203986
59 73 0.9365713865294426
59 74 0.4050711712317668
59 75 0.06490216177670037
59 76 0.6193789821915147
59 79 0.5484259517759715
59 80 0.0794210536099394
59 83 0.16963054729424112
59 84 1.283649322469535
59 86 1.4436325737130575
59 89 2.4128819822005934
59 91 2.5803797049468393
59 93 2.5719531243053817
59 94 0.640419205556038
59 99 4.759585281654683
59 100 0.6906858290977975
59 101 1.309057385637816
59 102 0.2368769516721582
59 103 0.27927462207971765
59 104 1.522847046494665
59 105 2.2305853972101413
59 106 1.205917431967963
59 108 0.7444318195402331
59 109 0.15783960785680265
59 110 0.3276260901578854
59 111 0.5966422590978275
59 112 0.08438835651715625
59 113 0.03509639904041346
59 114 1.77643930314129
59 115 0.4038759018102753
59 117 0.0724742820027432
59 118 1.78711375874125
59 119 0.582983619080118
59 122 0.4741058127616208
59 129 1.1331342711854544
59 130 0.3294660858439078
59 131 0.4333320185079866
59 133 0.25664687027753874
59 134 1.5862830383870905
59 135 0.34740573779533174
59 137 3.912916223753222
59 138 0.7997831082162351
59 139 0.17471647768755125
59 141 0.29880944256213043
59 142 2.974238463909844
59 143 0.8506479400808943
59 145 0.5908066680561505
59 146 1.261860173320959
59 147 0.23734022231440563
59 150 1.4750991324263565
59 152 0.04216583151639042
59 153 0.11620088071069685
59 154 0.8452168564010392
59 157 0.039157736106238884
59 161 0.7716583438513428
60 4 1.1375888630363336
60 7 10.021833390253137
60 14 3.097596997245644
60 26 0.9116077222990817
60 30 4.969560766377882
60 31 2.4520275745855766
60 40 0.301088533155434
60 46 1.1851902443585216
60 51 0.14012545744887644
60 54 0.4175756651791166
60 55 2.813370752972377
60 56 0.6341739383086209
60 57 0.31656021970080933
60 58 1.7998877288873911
60 64 0.3156915249077651
60 65 0.023793363221781993
60 68 1.307077379400606
60 70 0.33422870385361897
60 72 1.2341128483170791
60 74 0.09132579474341093
60 79 2.6601218051973996
60 89 0.8089576988608135
60 101 1.467239984840612
60 106 0.8226442175811308
60 114 2.189630422319348
60 117 0.14533342099483026
60 118 2.862879992706577
60 133 0.23901474273105824
60 138 1.8092678513194933
60 142 1.8685984932570041
60 150 4.592998372982314
60 152 0.644584689183814
60 154 2.9767309273758755
61 1 0.41440603473581067
61 4 2.35529899618437
61 6 0.9238704622906359
61 7 0.5461223361301331
61 11 1.1935265513791113
61 12 0.18327838049181072
61 14 1.8119182965489855
61 19 0.503879850305012
61 23 1.6909991147276504
61 25 0.8608432071561959
61 26 1.5879442184331358
61 30 1.4931268218602716
61 31 0.16690309288714736
61 32 0.9992440364997237
61 36 0.01254845386886131
61 40 0.04413175648275141
61 42 0.07029440518074961
61 45 0.02613065575055054
61 46 0.9445441688620271
61 49 1.2742739306920958
61 50 1.0419620912868592
61 51 2.484780979207718
61 54 0.9912037151438813
61 55 0.12770502441112583
61 56 4.5944521688331985
61 63 1.0686947627252734
61 64 0.5811000113528725
61 65 0.8375121878915166
61 67 0.07797193759553983
61 68 2.021827710181107
61 70 0.5507942619460666
61 71 0.6254994395866045
61 72 1.3982779581392177
61 74 1.0433038669678274
61 75 0.10240666823655095
61 79 0.21171455882057275
61 89 0.48938998317118526
61 93 0.4957995895652892
61 94 2.322266055469622
61 97 1.6241283288980117
61 101 0.1390456884108761
61 102 0.5128088343918993
61 105 1.217060280575871
61 106 1.998571902165494
61 111 3.861052336276309
61 112 5.466733754413598
61 113 0.313324756110081
61 115 1.3922536199765132
61 117 0.016210600171109212
61 118 0.19345786980907978
61 119 1.1360599381730527
61 126 1.149060498267873
61 129 1.9787794338528224
61 130 0.8532235600720764
61 131 0.8742631104729367
61 133 2.047589326984533
61 137 1.583875830084124
61 138 0.9088695490317519
61 141 0.12145370026727886
61 142 1.537263970886118
61 143 0.2494988752596968
61 146 0.7409144749242175
61 147 0.2598841707429298
61 150 0.8666079151542183
61 152 0.09480206748367424
61 154 0.13311939450307256
61 155 0.19550693656393373
61 160 1.660991031808637
62 1 0.7131023883834402
62 4 0.3010118150471688
62 6 0.6223533971115202
62 7 0.5038978310449781
62 14 0.3158679207081904
62 18 2.123221992164802
62 19 2.0243480653302126
62 23 3.2286660615066016
62 26 1.0944214733822333
62 28 0.8335011873257492
62 30 0.3190607685563475
62 31 0.9389230312167345
62 32 0.15286038710405442
62 37 0.07591492875752262
62 40 2.2500680602578305
62 42 0.7313940790759588
62 50 0.3380157280946353
62 51 0.4284575004884678
62 54 2.930296251354139
62 56 1.537821564824039
62 59 0.12388133879896297
62 64 2.746468882771557
62 70 0.13134779767613636
62 72 0.3470907746425439
62 74 0.5096498876614372
62 75 1.5005239988894565
62 77 1.3054709041096555
62 79 1.401861181160139
62 84 0.11179345576822226
62 89 1.6335857350896095
62 93 1.3725606257741532
62 94 0.15304023489742277
62 95 1.0400700374639198
62 96 1.9229500371464845
62 100 0.3270683903970489
62 101 1.2238884912468886
62 102 0.23913447026500764
62 105 0.2838910948129897
62 106 0.8249483630362305
62 108 0.12914808920126172
62 111 2.2601199066552504
62 113 0.09404011916891086
62 114 0.6994954942752776
62 115 1.0903237968658614
62 116 0.22178566569260755
62 118 1.5481635378701926
62 119 0.1831994163287864
62 129 2.1129555059505987
62 130 1.941635997174509
62 131 2.343048975891832
62 133 0.044211915567194816
62 135 0.5525457057793725
62 137 1.8140984544881105
62 138 0.03945039762047578
62 141 0.28281417888875454
62 142 0.043844425329255275
62 143 1.1125987054367072
62 146 0.19052722882152262
62 147 0.36066844504821916
62 151 2.9862667717071005
62 152 0.7649713430440682
62 153 0.09523361294922252
62 154 0.5984554214639624
63 1 0.46107652544912026
63 4 0.8807862166209305
63 5 7.252574444041331
63 6 0.2991063141189786
63 7 2.2578172564447243
63 10 3.8810144792234875
63 11 0.09134831651366603
63 12 0.42857854108880866
63 14 1.3908641977808243
63 15 0.27709599068972435
63 19 1.5008880196750742
63 21 1.2166585080179408
63 22 0.6607359725262877
63 25 0.17862187062651572
63 26 0.053779103403372414
63 30 1.0448376316350718
63 31 0.034962841725316676
63 32 0.76932521843081
63 35 2.0692050895005996
63 36 0.5772942741485564
63 37 0.11221728833756338
63 38 1.6259443188590745
63 39 0.24934899968826926
63 40 1.942185202188637
63 42 1.0256011444507418
63 43 0.18723723882927681
63 45 1.33654387567696
63 46 0.01133657830694347
63 49 0.6684523856476223
63 50 0.3562119668834957
63 51 0.4565723458521084
63 54 1.2547374164426843
63 55 2.832944947441516
63 56 0.6934394605022982
63 58 0.19989885853828657
63 59 0.12424036275586221
63 64 0.5925365248048466
63 65 0.7926948994544298
63 66 0.16866897643326154
63 67 0.16519972827423926
63 68 1.8539394210277147
63 69 2.8332913737640264
63 70 0.43963179206742625
63 71 0.06826481904571265
63 72 0.730197485914861
63 73 1.0084764124545773
63 74 2.1305551525954614
63 75 0.4758323836208222
63 76 0.39981841334598023
63 77 0.7128766193964781
63 79 0.879122374052963
63 83 0.10085105934957612
63 84 0.45125133064424405
63 87 0.08261955385328683
63 88 0.2344398667476904
63 89 0.5937513369764649
63 91 0.22223478445862205
63 93 1.210845971262331
63 94 1.6846487165064647
63 95 0.12335747155909137
63 96 0.28706408065977046
63 97 1.2771605762909573
63 100 0.9127198709479192
63 101 0.14209839667653015
63 102 0.3198094715187035
63 103 0.19083957848140864
63 105 2.195925260051358
63 106 0.3311876168686721
63 108 1.1619666438495944
63 109 0.6936912748037277
63 111 0.02872434611303227
63 112 1.6204475972571568
63 113 1.4162071065762312
63 114 1.4783513883406465
63 115 0.4945267320594541
63 117 0.3488717354288087
63 118 1.7936843293529323
63 119 0.6406733259539027
63 125 0.5011862573305971
63 129 4.95744541907047
63 130 1.316732560159277
63 131 2.7461552118521944
63 133 0.14522948309892633
63 134 0.5714258445405519
63 135 0.9838259758174098
63 136 0.007295035246473462
63 137 1.3712178489179028
63 138 1.9685424728280438
63 139 0.7450820481373592
63 141 1.4849034986708858
63 142 0.8832615676912722
63 143 0.1655114744048256
63 146 0.12148109918794109
63 147 0.09847871051414868
63 149 1.1166380808488972
63 150 0.03387616440962609
63 152 0.6136839077257107
63 154 0.12377881868689421
63 155 1.2889362403600086
63 157 0.7153296317405617
63 161 0.4986566626554818
64 0 0.28050637154332353
64 1 0.12213307080539114
64 2 0.9741137813926813
64 3 0.9270463227424433
64 4 0.035898979068909535
64 5 1.359708513204154
64 6 0.6033806955455627
64 7 0.6116862896146485
64 8 1.8039200668548834
64 9 0.06101678958566003
64 10 0.6570760770536312
64 11 1.567505093259537
64 12 0.2655041026397445
64 14 0.7527205501146484
64 15 0.014791372657651007
64 16 0.37841260244709135
64 17 3.0820454416837295
64 18 0.07807362529890109
64 19 0.8817018041109103
64 20 0.46958912220988913
64 21 2.387872235587213
64 22 1.3309322145219238
64 23 0.2906048603083122
64 24 0.9377715669501923
64 25 0.34085930043335083
64 26 2.535581829420553
64 27 0.31899322324079965
64 28 0.16554747763992828
64 30 5.394440228779716
64 31 1.4857768750996794
64 32 0.9092881082468723
64 34 0.3984744120092607
64 35 0.8198779642785244
64 36 0.9706415277716252
64 37 1.0293793546543288
64 38 0.0435125806813008
64 39 0.33416176772098993
64 40 0.2485064920462338
64 41 1.2605563304291174
64 42 0.42837937553239885
64 43 0.5291885427693301
64 44 1.0179161655226217
64 45 0.9457471391468635
64 46 0.22981472453402518
64 47 0.07460883629878343
64 48 1.7068333759007448
64 49 1.7391380917706676
64 50 0.24501829695342434
64 51 2.5412423404935254
64 52 0.1193906192107666
64 53 1.1527360596927176
64 54 4.319704838832923
64 55 0.7653253121167809
64 56 0.05458902898522487
64 57 2.788219282126871
64 58 2.0538577545387766
64 59 1.4669782439116676
64 61 0.4303452025390321
64 63 1.1716618260706633
64 65 0.15285493974129222
64 66 1.6962102447483633
64 67 0.8514144804321678
64 68 0.8346461171637778
64 69 0.4662217627723977
64 70 0.4010365475595061
64 71 0.38062366764773437
64 72 1.184494763909177
64 73 0.673503081880753
64 74 2.986700593305313
64 75 0.8858748759217768
64 76 0.09007619960392238
64 77 0.280287578125784
64 78 0.13226181465026376
64 79 4.112597826876978
64 80 1.607823623492788
64 81 0.15480269461826493
64 82 0.3741943411988727
64 83 0.542363298527959
64 84 0.586837031934769
64 85 0.8426796661132641
64 86 1.4590368848056796
64 87 0.306828964512923
64 88 0.8109129092799574
64 89 0.6570906110910277
64 90 4.289360852605166
64 91 1.1926821133735097
64 92 0.4712595491914809
64 93 0.5662239431256718
64 94 2.0143276329045383
64 95 0.04697773601923655
64 96 2.9789265228132003
64 97 0.06112515898615158
64 98 1.0716993872271205
64 99 2.6602327331201727
64 100 0.23930018882730428
64 101 0.6758730064613387
64 102 0.23148162870848132
64 103 0.8928740765794522
64 104 0.7093642866720355
64 105 0.011331409410401628
64 106 1.1778299364878104
64 107 0.4279836102744835
64 108 0.45845633413570863
64 109 0.12541420035165754
64 110 0.07544260708789978
64 111 1.3449454870834128
64 112 0.9180681423084465
64 113 0.2883725954352115
64 114 0.21257950465030784
64 115 1.5709874732437583
64 116 0.3834085416026098
64 117 0.5072842172721181
64 118 0.27215783269916893
64 119 2.172181360085429
64 120 1.845694637754105
64 121 1.5381586001241119
64 122 1.6713004596380676
64 125 1.135992917887342
64 126 1.4168559972078998
64 127 0.760769790866262
64 128 0.20071672541403746
64 129 0.22249332952228593
64 130 0.33391135009043454
64 131 0.6109153109706545
64 133 1.471626076586505
64 134 0.43615332991442435
64 135 1.1263108694186812
64 136 1.1187719483517058
64 137 4.386236349920108
64 138 0.9203728395047192
64 139 1.2389448444962574
64 140 1.1891371765534264
64 141 0.3729834758763513
64 142 0.6457038479448254
64 143 0.6602315483581351
64 145 1.08316998459019
64 146 1.0441544680579011
64 147 1.0975629283180217
64 148 0.4411853787720517
64 149 1.0235836618649086
64 150 2.7492497992097022
64 151 0.5568143288645361
64 152 1.2957395737026252
64 153 0.8604865218191138
64 154 0.4744102967941239
64 155 1.95778843187634
64 156 1.553091252282563
64 157 2.757959347007778
64 158 0.36248282701164397
64 159 0.9916628966811698
64 160 4.086939697644136
64 161 0.5732450339313357
65 0 1.8536922044608444
65 1 0.5743142256384246
65 2 7.153439728026126
65 3 4.310792984407192
65 4 4.999500747745088
65 5 0.960683994627687
65 6 2.0251306239182205
65 7 13.191837932821864
65 8 0.21891280991091389
65 9 1.788171413465555
65 10 5.125591925534516
65 11 2.603087560974547
65 12 2.008508802262252
65 13 0.139769109944214
65 14 13.525790680447031
65 15 0.2065053706478864
65 16 2.1313513835248727
65 17 0.6977437222031775
65 18 0.01693173441033697
65 19 0.05552425006732398
65 20 3.5843419740952545
65 21 4.179430858125634
65 22 0.7512956961988652
65 23 2.7788915688749594
65 24 0.04769800850504001
65 25 1.769545295854527
65 26 2.35939417671733
65 27 2.372551724676227
65 28 3.1931654834606715
65 29 0.010700101829923965
65 30 24.63770410333763
65 31 3.1869452231565165
65 32 0.09815537084641686
65 34 1.3265424455058132
65 35 2.429028163454638
65 36 0.7381695213447508
65 37 1.6032553067037492
65 38 3.026399327680075
65 39 10.088369341070129
65 40 1.4046422450659966
65 42 1.3534736452962757
65 43 2.023378054004216
65 44 4.33292935596236
65 45 2.114702022117778
65 46 0.3086212302996617
65 48 0.4295919056852245
65 49 2.9757423873766666
65 50 2.9576342416785524
65 51 2.1201595013345305
65 52 1.594174540610144
65 53 3.93462444588487
65 54 4.537526581558763
65 55 8.131459623824307
65 56 2.535038139397784
65 58 1.34030503651978
65 59 1.0714390432761112
65 60 1.0088764344790053
65 61 0.9710238850350469
65 63 4.195565681421631
65 64 9.690451426093382
65 66 2.1272533004176717
65 67 1.968296488115848
65 68 4.351141440465827
65 69 2.6699706057753
65 70 3.474740840613638
65 71 0.19056365564634326
65 72 5.552599318552209
65 73 1.203068214045543
65 74 5.547115044911036
65 75 0.3120738794430263
65 76 0.559950182652739
65 77 0.9498869950595139
65 78 1.1136426308578378
65 79 0.6120897188092804
65 80 0.10408160639294935
65 81 0.885824086143228
65 82 0.5388019435619202
65 83 0.09953231370391685
65 84 0.9024011015263688
65 86 3.0234103829344243
65 87 1.5473132501501992
65 88 4.610086800465676
65 89 2.2766646069416985
65 91 0.8806753938961679
65 92 6.067058430584697
65 93 9.450479202506049
65 94 7.833297252804626
65 95 0.12116313496250777
65 96 6.264740494886134
65 97 0.335459123087937
65 98 0.33678580680339326
65 99 2.668966236463843
65 100 1.3049075623186415
65 101 2.8578216689949043
65 102 2.4453799748083176
65 103 1.8970704849985056
65 104 0.5839508606177106
65 105 3.5277183656790068
65 106 7.211143734720479
65 108 2.5981373787066517
65 109 4.43797900916283
65 110 0.5326014674578092
65 111 2.137270224890254
65 112 4.998489012464117
65 113 0.36246471589075774
65 114 1.656636828856724
65 115 6.894564706185995
65 116 9.370240749099054
65 117 0.1724626031854075
65 118 2.6495733099228023
65 119 1.6020780313279976
65 120 12.183160573340539
65 121 0.2826204270171335
65 122 15.977496850307102
65 123 1.3346746453754943
65 125 29.344379235713383
65 126 0.1527034349042191
65 127 13.527465673160004
65 129 0.9507349991272404
65 130 25.53001530518171
65 131 0.7268070901634538
65 133 5.401370345855211
65 134 2.722831659949125
65 135 0.8736853092661964
65 136 0.5218973630091529
65 137 11.956467207362781
65 138 1.1458229287150021
65 139 0.26479035220864894
65 140 0.4801052346622755
65 141 0.994162186622803
65 142 6.8068806854000625
65 143 4.456433695080861
65 145 0.13334658878053013
65 146 1.3908641410863816
65 147 1.9952481296969202
65 148 0.2037058154267964
65 149 1.847083933476562
65 150 9.74711752082823
65 152 9.00563388545908
65 153 0.8382194195936195
65 154 21.247411886400023
65 155 1.5798543419986408
65 156 1.5888008543884906
65 157 9.725906816361405
65 158 7.63401986747516
65 159 3.5855748258575013
65 160 5.496941939989587
65 161 3.1095260610583266
66 0 0.22592522938323673
66 1 2.153022679849099
66 3 0.4882874183637476
66 4 6.557079460733211
66 5 2.161829894524124
66 6 5.999714403532798
66 7 0.07198878205680818
66 9 0.9258076289977699
66 11 2.0535967636454533
66 12 1.6541999349433956
66 13 2.570826140356525
66 14 1.825311023242929
66 15 0.13961483835966215
66 16 2.0910188756594352
66 18 0.4995537357875228
66 19 2.684343625433879
66 20 2.86903666088005
66 21 0.4425734352514611
66 22 0.4284561177441815
66 23 0.9444810774941519
66 25 0.10405689371031605
66 26 1.2707122965074933
66 27 0.6644059563789938
66 29 1.6575472838305114
66 30 8.845045955390294
66 31 1.8697197299238646
66 32 0.6805215629051072
66 34 0.5392105222686983
66 35 1.1022519785150384
66 36 1.863537978497763
66 37 1.246534758198572
66 38 0.632908734299126
66 39 0.9736701814310634
66 40 7.493152108421282
66 42 0.9762246123383657
66 43 0.24333907996720094
66 45 0.21074781163444453
66 46 1.6151100356584887
66 49 2.173998261280361
66 50 0.2966473190724421
66 51 0.033999846162906605
66 52 0.09243380687575939
66 53 1.3500423461722721
66 54 0.19682437246577422
66 55 1.1068367477256267
66 56 1.5094878854455587
66 57 1.6451381746521183
66 58 1.0862301443509088
66 59 0.42756884281368085
66 61 0.9537288745954532
66 62 0.4419355425198032
66 63 2.591776707897726
66 64 1.368167733009462
66 65 0.06710370137774477
66 67 0.27376231083328967
66 68 1.5312085610089778
66 69 0.07868587110975146
66 70 1.6157640694898872
66 71 1.2061033847089744
66 72 0.6227539203133152
66 74 0.7752937323741482
66 75 0.6672289759110767
66 77 0.41007077024799815
66 79 1.2315137043412527
66 80 0.11672702447420687
66 81 0.390146391439058
66 82 2.864899756931943
66 83 0.34886926537234714
66 84 2.641462381338229
66 85 0.40156322208148126
66 86 0.1600527902452975
66 87 0.18577829003931123
66 88 3.884785071689486
66 89 5.465297313512743
66 90 0.06781748511784996
66 91 1.1011906479758553
66 92 1.1227949216086028
66 93 0.009136930299589001
66 94 1.3646809720630002
66 95 3.4739162968531887
66 97 0.24954109925097026
66 98 0.40058982998866105
66 101 4.338476595684295
66 102 0.2992643347619323
66 103 0.39105617061886305
66 104 0.38690627629139024
66 105 2.6033053235262975
66 106 1.1302982076091288
66 107 0.5536072436872022
66 108 0.257834229455585
66 109 3.00214154490278
66 111 1.0071881949043753
66 112 1.3296021041485817
66 113 0.20111069307360507
66 114 0.2156062450419582
66 115 1.1756750316896343
66 116 1.6104240380353403
66 117 1.3421390590184217
66 118 0.5581776333198141
66 119 0.006642489051050036
66 120 1.9277988236291226
66 121 0.20772513932859957
66 122 0.2815605587201453
66 125 1.1856380037772443
66 126 1.248822325556215
66 128 0.021664085033840933
66 129 1.5438712835403336
66 130 0.17259249769891088
66 131 0.8154451900617724
66 133 6.453724111261113
66 134 9.551036678084602
66 135 2.889163871213655
66 137 9.798648021384022
66 138 0.17502477165579153
66 141 1.5372844824913825
66 142 0.0010886712911132765
66 143 0.2907387945083838
66 145 0.7745254741643691
66 146 0.9583355031673837
66 147 2.149209552331544
66 148 0.9609650168261908
66 150 0.3763126370303728
66 151 0.0488362242159696
66 152 1.2501200380862407
66 153 1.748932111654762
66 154 0.6106321786272173
66 157 0.45188846352957274
66 158 0.08406151968550701
66 161 0.6523085516297426
67 0 0.3630146426570557
67 1 1.4508092386289086
67 3 0.6294180822539898
67 4 1.4963231304008404
67 5 0.7275961474073112
67 6 3.93586914689617
67 7 2.3604579855504375
67 8 1.3199917665271208
67 9 0.7010926157162736
67 10 0.7625846267787563
67 11 1.5538488800557488
67 12 0.7649041179593888
67 13 5.207683502411234
67 14 0.39904082911700306
67 18 0.8864301746807789
67 19 0.5522966046321057
67 21 0.5810704210880457
67 22 0.5198477068220453
67 23 2.022380185349461
67 24 0.007505027499112709
67 25 3.3014710897986603
67 26 0.7164505402459742
67 27 0.34856057803485835
67 28 0.1007030411634547
67 30 16.191556181343977
67 31 0.35556092018883945
67 32 1.063562504274698
67 33 0.3602238868295725
67 34 0.4025765258963941
67 35 0.5515302819101426
67 36 1.0740008018784706
67 37 1.629451672146339
67 38 1.4418394785819255
67 39 2.431756969897195
67 40 2.048748342339348
67 41 0.21013821485199455
67 44 0.13205920791572673
67 45 0.49094123365532116
67 46 0.7066009300506663
67 48 0.4943118343194575
67 49 0.45219848340124874
67 50 0.654529501566083
67 51 0.6633055429112461
67 52 1.3400050763358504
67 53 0.24385594217723733
67 54 3.487696006883608
67 55 2.302543969261578
67 56 0.04500654851828785
67 57 0.462919440116526
67 58 0.6252728216288235
67 59 1.8093119926418118
67 60 3.645618681179926
67 62 1.2594165992188602
67 63 0.49849829150079517
67 64 0.8231047500753202
67 65 0.9099241564736726
67 66 1.4822176237129325
67 68 1.1416639822641965
67 69 0.7142916505300869
67 70 0.06030222506478886
67 71 0.11170291930682211
67 72 2.3050057731887934
67 73 0.27055450376982276
67 74 2.3912767697124147
67 75 0.566442190528895
67 76 0.4055073243855415
67 77 4.0870162366667415
67 79 1.0367404816434442
67 80 0.20200388294742772
67 81 0.027681589249547448
67 82 2.6034524605491858
67 83 1.2099145141161534
67 84 0.031329269038287075
67 85 1.2489258528536809
67 86 0.3414830031946655
67 87 0.31426725744282535
67 88 0.20292163212316333
67 89 1.2075202454962797
67 90 1.080563227200912
67 91 2.4758455217667334
67 92 1.0108328144206822
67 93 2.6980517909336585
67 94 1.6402062988844963
67 95 0.3986715263938514
67 96 1.5325242954361031
67 97 0.6891877384773766
67 98 0.050408717356142295
67 99 0.25571538859845666
67 100 0.4596703613137747
67 101 2.6704515747370867
67 102 0.03806605911070797
67 103 0.1548044169092879
67 104 0.007362870917292024
67 105 1.1654988588306998
67 106 0.018113365072953556
67 107 0.5241194721264789
67 108 0.4261773502300702
67 109 0.6315154086727316
67 110 0.296381370844078
67 111 2.6052277309492204
67 112 0.11313282342519985
67 113 0.8967434044313395
67 114 1.308857454242914
67 115 2.790687624990506
67 116 1.2306349704395343
67 117 0.5434629677071741
67 118 1.236645619904211
67 119 0.6251389099167068
67 120 0.949346175095899
67 121 0.42244873139135136
67 122 4.879917480721807
67 123 0.10146361536082463
67 125 4.244807312625188
67 126 1.391927694739472
67 127 1.4472664640523456
67 129 1.0233027607373268
67 130 0.8492432407439303
67 131 0.1686851447427024
67 133 6.2313940553175
67 134 2.1588236615804157
67 135 1.1034199083018117
67 136 0.11476064485147254
67 137 2.4353864538379644
67 138 0.4782048156380269
67 139 0.6938316316723997
67 141 0.03369679334422725
67 142 2.1611221682421426
67 143 0.67241482414919
67 144 0.08075287787578551
67 145 0.5612703354530126
67 146 0.7747434349978396
67 147 1.3454524832400425
67 148 0.3114073594322304
67 149 0.3451209907153071
67 150 3.150297052642735
67 151 0.07566917730940148
67 152 0.3189624672347021
67 153 0.5975985957808071
67 154 3.7606475958944694
67 155 0.04219956831869538
67 156 0.39960755285066446
67 157 3.3229902794745727
67 160 4.5170358292269395
67 161 0.4599978814085094
68 0 0.15734468342338043
68 1 0.9313989931541473
68 2 1.5684487468732946
68 3 0.34011619682443156
68 4 0.49105146206124867
68 5 4.719518844783412
68 6 2.0975795532678188
68 7 2.2810956865782526
68 8 0.1221418660760448
68 9 2.308867988693158
68 10 0.5469375619772621
68 11 0.8713250623487568
68 12 0.6912925506887403
68 13 0.6151486910522476
68 14 0.22983704758934945
68 15 1.354286158289638
68 16 1.2401111118672568
68 17 0.13530083601040807
68 18 0.8842758135987885
68 19 0.5569741222155883
68 20 0.7928661451861544
68 21 0.8645106664644573
68 22 1.097371427277347
68 23 2.057662081750812
68 24 1.3906567328036368
68 25 0.7117563998609585
68 26 1.4143226379372194
68 27 2.3616765079545794
68 28 1.0424231365129075
68 29 0.5964727548200868
68 30 1.0259770769262755
68 31 2.2374962002409307
68 32 0.2430922641754049
68 33 1.445863822396195
68 34 0.03780784513221751
68 35 1.6608643976416362
68 36 0.1768341890841095
68 37 3.689046355024643
68 38 0.9464128197602752
68 39 1.4657803511364227
68 40 0.7170601728173781
68 41 1.658184817236813
68 42 0.005406415893499672
68 43 0.6214287405328858
68 44 0.35489996565493787
68 45 1.542837657392987
68 46 0.1751540620799824
68 47 0.13994697842545195
68 48 0.14593344235923195
68 49 0.06432297449303184
68 50 1.9447685291763483
68 51 0.5981004762794114
68 52 1.817582503921481
68 53 0.1423210647918648
68 54 7.992711997248934
68 55 0.6740607573904495
68 56 1.006728501360537
68 57 2.042215658891072
68 58 0.20063177219573053
68 59 0.19348858574136368
68 61 0.013715418424341586
68 62 0.042738568764476924
68 63 1.0081375312480747
68 64 0.5941239098728768
68 65 1.8221692142514507
68 66 1.3131062662908393
68 67 0.8818780845632984
68 69 0.1285311248116351
68 70 1.37615690967253
68 71 1.9131525016754893
68 72 0.1777662240095232
68 73 1.1366487602097708
68 74 0.7272409579961998
68 75 0.15836351043785302
68 76 0.626405580999413
68 77 0.5157026420012616
68 78 0.9855474553794021
68 79 0.41395200803296867
68 80 0.004894222727723369
68 81 0.015742719811207746
68 82 0.59912590714786
68 83 0.4453717804481576
68 84 1.734423256446361
68 85 0.4094346156359547
68 86 1.890589290403976
68 87 2.5623809088962286
68 88 0.8636762540607059
68 89 1.709588341115504
68 90 3.456586791386839
68 91 0.4114812026775778
68 92 0.775148746122373
68 93 0.5697330909145174
68 94 0.10772814465192143
68 95 0.4875107423661886
68 96 1.2779419238730478
68 97 0.055738664700245855
68 98 0.2664693897164798
68 99 2.2245518531564166
68 100 0.22578848702173007
68 101 0.6128681263589713
68 102 0.8041280418449749
68 103 0.6652349537755285
68 104 0.037937593709683026
68 105 0.5447092613558534
68 106 7.9820844414323995
68 107 1.5362372532599191
68 108 1.0366935775825699
68 109 1.0568404970463827
68 110 0.8455062434553337
68 111 1.0734741140229977
68 112 4.45757201461809
68 113 1.225637858130236
68 114 0.494607498158527
68 115 0.13615506170052008
68 116 0.8763731910579111
68 117 0.36827867190587044
68 118 0.14815949942942858
68 119 0.34474463181503734
68 120 0.010677698347740436
68 121 0.0587962684822365
68 122 0.37409158823718325
68 125 2.226681018441683
68 126 0.19234218317532004
68 127 0.17653065959754838
68 128 0.5362083447837915
68 129 0.3686176294988048
68 130 0.3837160876326518
68 131 5.052786900295517
68 132 0.3753667893591865
68 133 0.8169027408816862
68 134 1.1323348001823768
68 135 0.0946514611696289
68 136 0.9089099863814339
68 137 3.8463153430565864
68 138 0.10391933005840857
68 139 1.0192030529486853
68 140 2.3879432447847866
68 141 0.10682621765513653
68 142 2.1702261832020775
68 143 13.769099638098877
68 145 1.309203350178693
68 146 0.0993810117379737
68 147 0.9724815836678844
68 148 1.0682727478367249
68 149 0.29675780482630304
68 150 0.06981845189322572
68 151 0.18673494703120486
68 152 2.9816861265899504
68 153 1.2418340865591113
68 154 1.6455191024271636
68 157 0.6048970001279063
68 158 5.831949424097613
68 159 0.07068100427925371
68 160 5.997234637700093
68 161 0.22725779417074748
69 1 0.01198273511273225
69 4 2.4017125572197466
69 6 0.08848657310593784
69 7 0.16258202842485453
69 8 0.631482067391858
69 9 0.14888123989966595
69 10 4.608185988889926
69 11 4.200096671304082
69 12 0.3991800377955637
69 13 1.1325633001187034
69 14 4.606090489753697
69 15 2.6322231971101098
69 18 0.46393467259170834
69 19 0.5124205966346765
69 20 2.0477311032560626
69 21 2.483162832547575
69 22 0.48166938904445017
69 23 0.0423801739794634
69 24 1.2817563794247282
69 25 1.0782018091366494
69 26 3.7632741234254143
69 27 0.13774245321639275
69 30 0.40073267668466994
69 31 1.063574544543013
69 32 0.7805832552654456
69 35 0.4315750877845686
69 36 1.6145348129567125
69 37 0.5395269592517296
69 40 0.8552013779536631
69 41 0.8897573145706187
69 42 1.6854068834098825
69 43 2.771865060423789
69 44 0.9598091487052673
69 45 1.4842278184052857
69 49 1.0527602853583093
69 50 0.1828841307584347
69 51 0.5060403250086852
69 54 6.303206899681718
69 55 2.988343631435133
69 56 4.097414348854142
69 57 3.858944126421093
69 58 0.33360802525327343
69 63 1.364434376205561
69 64 0.5053360215338842
69 65 1.7036274867844743
69 66 0.6252462118703589
69 67 0.45956925481038413
69 68 2.638172345095379
69 70 2.2866150821158358
69 71 1.0178443631928384
69 72 0.20733404243156117
69 73 0.1719090333629976
69 74 5.157722042924813
69 76 1.2649433789235478
69 77 1.6213757367368211
69 79 0.2679904940750731
69 82 0.10004875989138853
69 83 1.0282234912641084
69 84 0.30771999466628425
69 86 0.21670184883673266
69 88 4.845474970411652
69 89 1.6524410409821968
69 91 0.15318861358259722
69 92 1.3742283110920241
69 93 3.836931271325168
69 94 0.977584813716943
69 95 0.47176512360897227
69 96 1.332323405069534
69 97 0.40546476942943066
69 98 0.5623887252164821
69 99 2.0768775248403455
69 101 0.036809363338794594
69 102 1.102299450429611
69 103 0.5992010471386827
69 104 0.618943951520522
69 105 0.23083388447285358
69 106 7.568846273932101
69 107 1.2979286730482353
69 108 0.21036084715443526
69 109 1.1857842449493503
69 112 0.07431051029342273
69 113 0.6847020097970262
69 114 2.737811002744743
69 115 2.276907955111758
69 116 5.600087133418972
69 117 0.18354984257687093
69 118 2.1850171976447323
69 119 0.4986477040637605
69 120 0.8277512851200527
69 121 0.6920583399875793
69 122 9.084060316210174
69 125 1.2106784326263245
69 126 0.2375441741989369
69 129 5.489885566863799
69 130 0.5982524746493727
69 131 0.11797953695433211
69 133 0.012048910655937576
69 134 1.0624929167861932
69 135 0.22384348972718354
69 137 3.110466961386342
69 138 2.4682689449926425
69 141 1.114593064990547
69 142 3.41281352563109
69 143 7.909231142900764
69 145 0.2633426446701359
69 146 0.11681563044997491
69 147 3.2738296802378475
69 149 0.29802083964442994
69 150 0.8170911257836041
69 151 1.6264905539570094
69 152 4.185220461941169
69 153 0.8013361165724248
69 154 2.736804465200172
69 158 0.24400501953925174
69 160 4.550721802537564
70 0 0.4142870705489202
70 1 0.25514461519493736
70 2 0.9123120292942882
70 3 0.19525302641504785
70 4 0.6851211722825561
70 5 3.474160365111364
70 6 0.0052585130172432175
70 7 0.8013811000269931
70 8 1.599850705663777
70 9 0.40451435907355227
70 10 0.74945381678623
70 11 1.4524209745741345
70 12 0.0888449317961535
70 13 0.9351589157714072
70 14 1.691007423296552
70 15 1.8869506377206622
70 16 0.8456565190363087
70 17 1.335667612255113
70 18 2.397241148705481
70 19 3.2624958012834284
70 20 1.1462670385878713
70 21 3.4082319144816706
70 22 0.5178339112949548
70 23 2.752780944418837
70 24 0.04191715516593557
70 25 0.6559190083883417
70 26 2.659329580772326
70 27 0.4147024762216422
70 28 1.1812374030531576
70 29 0.20342084818205736
70 30 0.8918312179974514
70 31 0.5474349524129084
70 32 2.9371164655003836
70 33 0.03793409136250811
70 34 0.058066852175885565
70 35 0.4654214791618338
70 36 1.2386940899834546
70 37 5.106899903330396
70 38 2.8587257474741437
70 39 0.6483942492478832
70 40 4.267419037382308
70 41 1.379050939766621
70 42 0.4747924352940987
70 43 2.2085527259563076
70 44 0.7057774091317703
70 45 0.872587535468393
70 46 0.21597529614503574
70 47 2.2735649262113675
70 48 1.9964109887072015
70 49 0.21203079986524467
70 50 0.3608595759111477
70 51 0.8878656038965471
70 52 0.1382160704440584
70 53 1.6897447376494752
70 54 1.81831336184051
70 55 0.3618887759890036
70 56 2.6257000317195787
70 57 2.561341553288762
70 58 0.5176617926713707
70 59 0.18006269998598382
70 60 3.403287292893631
70 61 1.2087048284895427
70 62 1.665161726792853
70 63 2.415519995524364
70 64 3.08093126518281
70 65 0.8590852067863061
70 66 0.5587318120194975
70 67 0.22523176803511286
70 68 0.33354149777401787
70 69 0.6197882843500955
70 71 3.5240167906542976
70 72 0.23827522156440897
70 73 0.22039564754602148
70 74 0.6121944493270017
70 75 0.08177606059708466
70 76 1.0286455854861565
70 77 1.4379209423733517
70 78 0.057599935956156575
70 79 4.1169419988319085
70 80 0.188938442384297
70 81 0.07514537624351253
70 82 0.9832028388814387
70 83 1.2786249653304755
70 84 0.24176115279493682
70 85 4.338524553491393
70 86 0.7650085731466061
70 87 0.44001229405181347
70 88 4.52720819478596
70 89 0.0016485166910850172
70 90 1.515579019625098
70 91 1.5414675438474381
70 92 3.3825153256051195
70 93 1.7694904534807734
70 94 0.578300922191606
70 95 2.212018250016404
70 96 2.6722384014181673
70 97 3.2535248337931137
70 98 0.3304388697696389
70 99 0.7357717617605772
70 100 0.561217384643519
70 101 1.4283881926736317
70 102 0.9513414729344095
70 103 0.7315613981581068
70 104 1.300272891260921
70 105 2.3777580098336375
70 106 1.543100364128291
70 107 1.1529978246489612
70 108 0.1937394889333214
70 109 3.0046521161783635
70 111 1.3314339799883255
70 112 0.39568807597506983
70 113 0.7806173442234391
70 114 2.7949909173829863
70 115 0.7555003284595857
70 116 0.5595434526365277
70 117 0.7155925983304674
70 118 0.5722638395812804
70 119 0.37183653057818417
70 120 0.6069016291014352
70 121 3.445586295932941
70 122 0.588697192129738
70 123 1.8964049021401228
70 125 1.1760776574576852
70 126 1.5683643067391844
70 127 0.5172672772027851
70 128 0.9818638826185663
70 129 1.4684179364671617
70 130 1.1555680383030913
70 131 0.6617097683997203
70 132 0.7093688878003972
70 133 1.0039082228298153
70 134 0.906296954228718
70 135 0.8052251033545209
70 136 0.9033893341536888
70 137 1.649316584066236
70 138 1.6559795668370845
70 139 2.8974509330728457
70 140 0.16924076470038607
70 141 0.11726542189789005
70 142 3.9390996389187873
70 143 0.35577313658466914
70 145 0.7190631280602492
70 146 0.1347882560125406
70 147 1.0245028387547963
70 148 0.06336766636170064
70 149 0.055268603711207925
70 150 0.13345223893039507
70 151 1.4757955771423097
70 152 2.6316621586056503
70 153 12.035165781972257
70 154 1.286979048914103
70 155 0.3154386027426588
70 156 1.1112942247422433
70 157 1.9358660928631295
70 158 0.4977341602298335
70 159 0.7199648950505093
70 161 0.22811900481403302
71 0 0.6892220273103309
71 1 0.33352716969632884
71 4 1.5373678742642625
71 5 1.5438176206945238
71 6 1.9913742160859493
71 7 0.00810023895691368
71 8 1.6395529060682927
71 9 0.009400935189849509
71 11 0.1482426291838926
71 12 0.20132909276507296
71 13 0.16334786550855787
71 14 0.9939665794389705
71 15 1.8877735982859751
71 16 0.9049911356648431
71 18 0.4122896156183238
71 19 0.10305218883588944
71 20 0.8877974557342018
71 21 2.2540159795704753
71 22 2.9267762624422557
71 23 1.048141126285053
71 26 0.013129023749331595
71 27 0.2613484757480768
71 28 0.4554251288692325
71 30 0.9033410306262738
71 31 0.9434690867572418
71 32 0.9425343830344994
71 34 4.096631805749985
71 35 2.2258990255604254
71 36 0.8715623052856574
71 37 0.7578200321796156
71 38 0.5282994019720066
71 40 1.4856729326893077
71 42 3.455403158954308
71 43 0.5771239511570647
71 44 1.9502737530524727
71 45 1.276026805411189
71 46 1.8640818450196397
71 49 1.0323769290912208
71 50 0.08073517000826869
71 51 0.3246570473547431
71 52 0.5478581856381824
71 53 4.676579119379957
71 54 2.6043551121991957
71 55 1.340625330192012
71 56 1.2819606002045818
71 57 0.37512882490064586
71 59 0.13713484784763746
71 61 0.7018729062992642
71 62 1.1419737069338964
71 63 1.0904387258935195
71 64 1.6745811719518167
71 65 0.4251100154013433
71 67 0.15892530207673738
71 68 0.1001267096455406
71 69 1.2749153612209274
71 70 0.41087249576127133
71 72 1.0125413436556272
71 73 0.07590567371422939
71 74 3.3729530413408684
71 75 0.19624588947842425
71 76 0.4260246858985993
71 77 0.3493250863442861
71 79 0.16343488091209646
71 81 1.041149052226429
71 82 1.0111252084844493
71 83 1.825762867032589
71 84 0.41978414622965343
71 85 1.1930732774130868
71 86 0.13531163948117855
71 87 1.3282884464427995
71 89 0.3093552770666412
71 90 2.0821278368820164
71 91 3.0227040975950383
71 92 2.1497949833845826
71 93 0.6242332758301373
71 94 0.5305095697187322
71 96 1.4341180873864798
71 98 1.8540018652003718
71 99 0.4984080922131636
71 101 0.6287144864548382
71 102 0.10525461792086188
71 103 0.05180375058580508
71 104 1.3249544969391454
71 105 2.0776799731877182
71 106 3.570869132529857
71 107 0.2876795159664778
71 108 0.5659277976864244
71 109 0.24046087006154776
71 110 0.7069214304116285
71 111 3.113728877927248
71 112 1.242431887195729
71 113 0.7012509210425601
71 114 0.0131595974043456
71 115 0.46969752317115704
71 117 0.15508100228765867
71 118 0.023588689815826486
71 119 0.2329458923520664
71 121 0.42051872312340927
71 122 0.7486857322984887
71 125 0.302346025045998
71 126 0.7855525567396101
71 128 0.23748212981910655
71 129 0.6633814969797175
71 130 2.8254704430610214
71 131 0.01333807895809951
71 133 1.0257258879826958
71 134 2.1265819875478185
71 135 0.55751341379545
71 137 1.1606091529487943
71 138 0.02224668366276085
71 139 1.6812007814818362
71 140 1.0267369257573606
71 141 0.09470933951333764
71 142 0.0038639096601127717
71 143 0.881571088124689
71 144 0.24148898605387556
71 145 2.3891835112712245
71 146 0.08639595457031066
71 147 0.14822133909770388
71 149 1.491588119245445
71 150 1.206016361812877
71 151 0.7978756631241041
71 152 0.023238302420235175
71 153 1.815164520124575
71 154 0.7906448228557582
71 155 2.9697871732423584
71 157 3.088431129746908
71 158 7.482923944899493
71 160 0.4846637542148769
72 0 0.3132359366849091
72 1 1.0114077207848053
72 2 17.30991160906715
72 3 0.8980425569290574
72 4 1.4877767974243632
72 5 2.667501149496407
72 6 5.398906246074955
72 7 3.916960657434469
72 8 22.725620252513625
72 9 0.34394090744126077
72 10 4.401285532197128
72 11 0.76054897660057
72 12 0.5377351112282306
72 13 2.3192914479519198
72 14 0.31730408420040507
72 15 1.351051261148785
72 16 10.305465648337314
72 17 1.4059004236675219
72 18 2.592034967628989
72 19 5.117282122863555
72 20 44621142.84558928
72 21 1418726.4884635708
72 22 0.500651662917102
72 23 27.329926223367597
72 24 1.2121160506513473
72 25 0.13742821198106372
72 26 2.161877815921055
72 27 2.2336158399090054
72 28 6.668564475080085
72 30 3132351.884525767
72 31 27.426508500792817
72 32 0.11228342597942881
72 33 1.039337726250621
72 34 2.037832085203776
72 35 0.6979358501185968
72 36 0.2858642394058293
72 37 3.61187478148484
72 38 5.684282803575901
72 39 9.49455086795909
72 40 1.1240133133410062
72 41 0.7562983767185086
72 42 1.1154196295946441
72 43 0.09953278997079254
72 44 2.117074596764291
72 45 0.4933662231517585
72 46 0.7604491628988947
72 48 1.9862351340079978
72 49 12.945476270322422
72 50 1.9575414913192646
72 51 1.1692380533687619
72 52 5.006678769001385
72 53 0.1290091613776894
72 54 51.2855061006511
72 55 578.558638277109
72 56 2.71496841107509
72 57 3.5571303555558744
72 58 0.37288971990699604
72 59 1.235687049463516
72 60 0.6484276328012692
72 61 0.25603073675378046
72 63 42.57344282666473
72 64 5.273350956569636
72 65 0.41294290187211335
72 66 0.11627960698466787
72 67 0.1292908832713072
72 68 6.281677192852834
72 69 7.615205094577311
72 70 5.257115856699228
72 71 3.691365910268877
72 73 2.0584890166765226
72 74 4577959.184132674
72 75 1.9401339840635363
72 76 0.811013522864765
72 77 0.5910832296469837
72 78 4.224316859207008
72 79 5.54563090419582
72 80 0.07789993453268834
72 81 0.7357413994477935
72 82 0.26189563947806077
72 83 0.6799660353093876
72 84 0.2669866981465079
72 85 4.243507696883906
72 86 0.39450678527988003
72 87 16.6502490530475
72 88 0.4940783344376701
72 89 3.3624217888368326
72 90 0.27976158144870517
72 91 9.154757214754472
72 93 216.36885322851847
72 94 2.930324754915656
72 95 0.7791084056189191
72 96 37.61451755651058
72 97 1.1725736745147541
72 98 0.7241103144540847
72 99 10.63021291259864
72 100 0.8115596892389003
72 101 0.20769113622055693
72 102 0.30511562198819325
72 104 0.5122879108760937
72 105 12.9464317621908
72 106 11.98604452634624
72 107 2.4174039948638284
72 108 5.749522836148209
72 109 27.777155671959548
72 110 3.0490339955106154
72 111 0.7456156259119799
72 112 3.621874051100419
72 113 0.18284067621783867
72 114 9.511353690548482
72 115 9.342370017779281
72 116 19.76269625017208
72 117 0.7876602845048127
72 118 0.48380988221510884
72 119 3.628963992472463
72 120 0.6663010057324431
72 121 1.1067353197310394
72 122 1425988.6555457604
72 123 2.3733019309287786
72 124 1.1490098630138061
72 125 5814518.117732855
72 126 0.4932545939392004
72 127 21.245372845189394
72 128 1.769136564970387
72 129 4.159042407882963
72 130 11.955213457230375
72 131 5.441847043806035
72 132 1.9795859138232068
72 133 7.907139331881872
72 134 6906666.963221672
72 135 0.7222430346530173
72 136 7.824283633666984
72 137 167.5669997304467
72 138 2.7039076399170487
72 139 1.204176578008683
72 140 0.6734575583162135
72 141 0.9494847536190987
72 142 3521735.347840581
72 143 10677783.393151749
72 144 0.371111973575106
72 145 0.5589435009540955
72 146 3.8560267525237295
72 147 1.6085028127536372
72 148 0.7019564698097855
72 149 0.12978909084378148
72 150 12.83619040807834
72 151 0.3819608023450161
72 152 14871647.861112267
72 153 6.788636368019432
72 154 15715145.005537864
72 155 2.119410264396138
72 156 2.67889363785243
72 157 5.229340278056597
72 158 33.86589054740231
72 159 0.05823226636959115
72 160 2135305.2750820504
72 161 1.289161149719201
73 0 0.7546632894133133
73 1 0.14315589986342295
73 3 0.054423868231017
73 4 0.4174813742014385
73 6 1.008032163089128
73 7 1.025232812838033
73 8 1.346114085112669
73 11 2.1550775395976425
73 12 0.502173688089175
73 14 0.6781091907591416
73 18 2.2993709457670293
73 19 0.5405412974598522
73 21 2.4394971860410983
73 22 5.324341451390424
73 23 3.2591219677477468
73 24 0.7700124149898202
73 25 0.7128848461759979
73 26 0.07391869416034337
73 27 0.06917371652702618
73 30 0.4884017112169032
73 31 3.796207350533826
73 32 1.001197995992162
73 33 0.7841983859381985
73 34 0.2902389473570389
73 36 2.0272120747615476
73 37 0.552353818946442
73 38 0.12304072556361803
73 39 3.3929819039114966
73 40 0.14933145725853286
73 42 1.0324939254113914
73 45 0.32749420308286853
73 46 0.33967802481369547
73 49 0.18587366809613326
73 51 0.5428646494174617
73 52 0.3247282025028931
73 54 1.8352741919340674
73 55 2.1488624101912004
73 56 0.09206272629687962
73 57 3.7530025522620183
73 58 0.6376498875994306
73 59 0.15470415343295102
73 63 6.548747684278273
73 64 1.1846576982036754
73 65 0.07151758594716469
73 66 0.9397507061039694
73 67 0.25646606526701177
73 68 2.42194816355789
73 69 0.10663150787642554
73 70 0.39739975220519314
73 71 0.5059496536002589
73 72 2.910523802316613
73 74 8.326530475059712
73 75 0.8583575917724722
73 76 2.429242488061799
73 77 0.41999465122228136
73 78 0.21008987704843254
73 79 0.528981335221957
73 80 0.24153434694581888
73 83 0.44905767755726944
73 84 0.18111235617312244
73 87 5.688580676839757
73 88 0.8208202917794581
73 89 2.7637668678620138
73 90 0.1885916307189602
73 91 4.145318211369292
73 92 0.9803944673999941
73 93 13.076232302697022
73 94 0.6256947528111984
73 97 1.4871045407203904
73 98 2.3425261852864026
73 99 0.9242300065782164
73 101 1.4296744814201199
73 102 0.36698339251799783
73 105 3.6785738914219497
73 106 3.2413874295109673
73 107 0.4716063437960834
73 108 2.6772340456131696
73 109 2.710762627756455
73 111 0.6077496960635935
73 112 0.4141675405239924
73 113 1.3725641385632752
73 114 0.3638754987511072
73 115 2.7486624745447847
73 116 0.7425805932833996
73 117 1.782706681906964
73 118 0.43883005161108934
73 119 0.44138702063569574
73 125 13.949827010388654
73 126 0.21917347179957614
73 127 0.05452782237062802
73 129 0.2825207987435082
73 130 1.1396465965157605
73 131 0.20209009549233167
73 133 2.773559515142371
73 134 4.270505376430314
73 135 1.861642467336218
73 137 2.234353936562766
73 138 1.2984341894456668
73 139 0.36579315609477475
73 141 0.7930600132983834
73 142 9.797286726479147
73 143 0.9308598574072778
73 145 5.1292557891867165
73 146 0.14600390375895073
73 147 0.09785529408005225
73 148 1.354747681294732
73 149 0.9387491551218475
73 150 1.4162085535302662
73 151 7.577644412261274
73 152 0.8991555446902151
73 153 0.3242030730040968
73 154 0.26121601715293197
73 155 1.54702580900043
73 157 0.3392925453766889
73 158 0.6392515252721539
73 161 3.132197016421417
74 0 4.947407393714174
74 1 4.7278308056087495
74 2 5.963546823288065
74 3 1.6746774419957628
74 4 5.2893859397648315
74 5 10.446633087223253
74 6 4.148199188495562
74 7 5.5225786555377825
74 8 187.18802393692155
74 9 4.037413496459089
74 10 41.91794243733499
74 11 0.4636425135576264
74 12 0.3263994588193065
74 13 13.393659863181059
74 14 1.2972994692850652
74 15 1.1416936080258289
74 16 3.910644821646372
74 17 2.1004261384034186
74 18 3.466248322893719
74 19 0.2896943176606907
74 20 952035.7599872737
74 21 2556663.1789706266
74 22 1.102479938881225
74 23 30.170916674778596
74 24 5.1270673210279245
74 25 0.8918770403226045
74 26 1.6491529994442182
74 27 0.1917433341898434
74 28 1.0629898544334835
74 29 3.937700841028095
74 30 1116124595.0465465
74 31 3.6435697099159365
74 32 0.39830015954649767
74 33 0.9419657140116958
74 34 2.083969425195257
74 35 29.080155706742318
74 36 0.0759774906033396
74 37 18.079015848223683
74 38 0.4377483460949573
74 39 111.18939325350493
74 40 0.03484474439850266
74 41 1.5762926504523618
74 42 0.05951590313442784
74 43 2.269795166114415
74 44 11.995356676891312
74 45 1.9183359729557
74 46 3.1909145483073926
74 47 0.20649080581350607
74 48 2.204550594645861
74 49 17.21729667310832
74 50 0.09510755852628298
74 51 6.203976942817111
74 52 0.6557973485113646
74 53 3.3832587499816045
74 54 1.375441904472926
74 55 773.1303327066488
74 56 16.3298617250136
74 57 2.596042903351855
74 58 0.766548720964988
74 59 1.111040354042602
74 60 2.647239857962559
74 61 0.5074923479822474
74 62 1.5192204354402026
74 63 0.5543092312161766
74 64 7.49871553594624
74 65 1.9102608691116967
74 66 2.1027135447232146
74 67 0.3142037449926901
74 68 24.093752589720737
74 69 2.1773671901676446
74 70 1.1697835133765684
74 71 2.124464060066197
74 72 5.918337700334826
74 73 13.11776875898694
74 75 1.8333754216616505
74 76 0.37519010252737095
74 77 4.7249293197645486
74 78 0.07040008173908899
74 79 0.09320739877378446
74 80 0.6511083180831382
74 81 0.2709286727919476
74 82 0.2670540917523816
74 83 0.45801153691979396
74 84 0.4344097046388671
74 85 0.6783110604660706
74 86 0.8326739151102757
74 87 13.274404368291176
74 88 10.106957824603692
74 89 1.142575551275907
74 90 6.097153867189443
74 91 0.36748146434700774
74 92 0.37949879561463795
74 93 158.16804535207018
74 94 6.4745654214259245
74 95 0.17643026861229108
74 96 79.99523871350486
74 97 0.43549254544786387
74 98 0.35095424376368034
74 99 1.7351909186979275
74 100 0.6079012965382836
74 101 3.1155516476116443
74 102 1.2073055238837116
74 103 0.9695820291963658
74 104 0.49580419912074863
74 105 5.639835686442724
74 106 32.639787653187014
74 107 2.800732348274295
74 108 5.438297458160949
74 109 1.7366260231280672
74 110 5.75125706917911
74 111 5.148216950427877
74 112 16.44434764524926
74 113 1.6004841481288956
74 114 12.82778674019583
74 115 3.4025552417920366
74 116 25.701819068311796
74 117 3.480701445117472
74 118 1.2423030080989148
74 119 4.505581969940621
74 120 9.76607967291522
74 121 3.734169602754356
74 122 5193962.029527686
74 123 0.6327628031877202
74 124 1.9305446785929687
74 125 3878166.927884466
74 126 1.2155847721393653
74 127 7.234916120635661
74 128 0.1755250518776938
74 129 10.26704992103791
74 130 3.1054529473217682
74 131 1.9973585003734982
74 132 0.2729470983838543
74 133 0.2605629947934795
74 134 7653270.200264344
74 135 1.292971884125649
74 136 19.28199751761774
74 137 99.63469083208538
74 138 11.078834930480323
74 139 1.0432044496386101
74 140 0.358996073913878
74 141 2.781563246182887
74 142 4457101.980670065
74 143 39559.14766225396
74 144 0.3869705382458212
74 145 3.0342543130641113
74 146 0.5831442238406986
74 147 0.7186700239332723
74 148 0.7373259071092035
74 149 1.792370953161121
74 150 18.843958844365623
74 151 52.36686079282564
74 152 97812724.74159724
74 153 5.223886186872965
74 154 893465626.9329714
74 155 5.591941130977463
74 156 5.430917760333898
74 157 17.58150391383573
74 158 40.824007029435364
74 159 0.2481062195993209
74 160 1210424.6992090165
74 161 0.26946278806394586
75 0 2.2809367921615666
75 1 0.4382123560323955
75 4 2.3474058841980843
75 6 8.135373443756933
75 7 2.5363639555429374
75 8 11.281962386171598
75 11 8.069162410599834
75 12 0.48831857191955674
75 14 0.38344303092052906
75 15 0.08018030955074609
75 19 0.7650629503153876
75 20 7.785988727951286
75 21 46.37085868252744
75 22 2.2026770714262343
75 23 1.0500455150839176
75 25 3.2884546381818303
75 26 0.9794733217676157
75 27 1.692336375089368
75 28 3.763674963823327
75 30 18.35399295208969
75 31 3.8715988382192292
75 32 1.5199201475386592
75 33 0.5867953178295849
75 34 0.8257283025174205
75 35 0.2828360968803427
75 36 0.3938913255095493
75 37 0.4941321179696645
75 38 0.8053261246324623
75 39 16.047864088141864
75 40 2.5014136430844505
75 43 7.088092003071288
75 44 0.8377370018603375
75 45 0.7544683688238308
75 46 0.2050033583895802
75 49 27.814400518561424
75 50 0.5928872041206148
75 51 0.35436051815440905
75 52 4.414773034934386
75 54 3.761793388406873
75 55 10.139542105137654
75 56 1.7861623869690595
75 57 0.036926602539199736
75 58 1.5245131234277474
75 59 1.0520071472667472
75 63 1.8316851905558944
75 64 4.740542248455868
75 65 2.7515641370520445
75 66 0.5648688472489379
75 67 1.499018208414757
75 68 13.769300437248765
75 69 2.6276861875885467
75 70 1.83326107858486
75 71 1.1548501742489676
75 72 0.7707756425614222
75 73 0.8524006638093286
75 74 11.925614605838003
75 76 0.5009705374696363
75 77 0.3865117061293206
75 79 0.11315835191262413
75 80 0.4186260892425567
75 82 1.0578034009491721
75 83 0.5809880781840886
75 84 0.669456275996815
75 86 1.2676039092021751
75 87 15.46446402711012
75 89 6.500181438132136
75 91 4.287066815927233
75 92 5.810930581338747
75 93 27.97589007743073
75 94 5.117387755801872
75 97 1.8447992252374827
75 101 0.16483224051157777
75 102 1.0057508473839112
75 104 0.9987300100011309
75 105 2.122396407788996
75 107 2.0640031007784896
75 108 0.47923197867214296
75 110 1.1571483437651042
75 111 2.1484050475089367
75 112 2.318819570548515
75 113 0.1402065399056667
75 114 0.39735626171839655
75 115 11.7942072109879
75 117 1.003092982200984
75 118 0.95795799837541
75 119 3.6046679600887623
75 125 3.8432136556921237
75 126 0.18970774678796445
75 129 2.193260774116129
75 130 13.169273117442726
75 131 2.4589803247468978
75 133 1.510749948716233
75 134 1.5782767402535989
75 135 0.33769493165360853
75 137 13.726111345401643
75 138 4.0133038222858515
75 139 3.09752548595621
75 140 0.08930307500039679
75 141 0.7934433146113277
75 142 0.15640344119908905
75 143 16.39856300774289
75 145 4.9016005047308315
75 146 1.326307548764862
75 147 1.1305242718354382
75 149 6.18318167193848
75 151 2.3007771495950964
75 152 0.6268635553983607
75 153 4.711881588188403
75 154 3.6720441961124095
75 155 3.9833950366725532
75 156 0.23932381175415304
75 157 7.790471151104399
75 161 0.03318402469272128
76 0 0.8172439127128638
76 4 0.05947054270668521
76 6 0.40507488422922905
76 7 0.5956877897720754
76 9 0.7840984730288872
76 10 3.8537782698358716
76 11 1.3628764225238565
76 14 1.8645916646420848
76 18 0.16667360637225792
76 19 0.3350089559024266
76 22 1.56772948312766
76 23 1.7049367581000292
76 26 0.39533019467515523
76 27 2.0172904372573566
76 30 1.973834139877488
76 31 0.5760822416168606
76 32 1.2824701775773235
76 35 1.650550187274386
76 36 0.049446608530028066
76 37 0.512688355795085
76 38 0.23321326874434856
76 40 0.9967420926339777
76 42 0.8544253619746498
76 43 4.342656089089686
76 44 0.4661095373393245
76 45 0.5888992572339826
76 46 0.32750809806998094
76 49 0.11813063217370136
76 50 0.18868449010400734
76 51 0.056723838892051286
76 52 0.9608577459582546
76 53 0.4886479663693945
76 54 1.515040778947917
76 55 0.6261961856888018
76 56 0.41923684259939126
76 57 0.2186744768206578
76 59 0.23068302030073556
76 63 1.6522285421363527
76 64 3.215455011656909
76 65 0.6233258651464523
76 66 1.8969986247822663
76 67 0.0939332792533757
76 68 0.5878312136970834
76 69 0.6508077469971268
76 70 1.1449010210236297
76 72 0.22656579543313907
76 73 0.29133415309045635
76 74 0.027026407314065366
76 77 1.2437475942426468
76 78 0.9879598419420321
76 79 1.832186756656109
76 80 1.5602346797500386
76 84 1.6617654049731088
76 87 2.709781412131082
76 89 2.0289845981530186
76 91 0.2603826979115241
76 97 0.08989172067105197
76 99 0.9114346961662301
76 100 0.6886387236924629
76 101 1.6146019275605845
76 102 0.5110172642421804
76 103 0.07636427633771953
76 105 0.754392686574779
76 106 2.0140756775609887
76 107 0.12370628121667787
76 108 0.7337972477365641
76 110 0.4440556745117184
76 112 0.4607714902963974
76 113 0.07855476308007747
76 114 0.9265869566243625
76 115 3.8641687083728584
76 117 0.6138049505688017
76 118 0.12340983084863301
76 120 1.0471933706541166
76 122 0.04575250971215611
76 125 0.2732767531903304
76 126 0.5557848606593587
76 127 1.6924962926621343
76 128 0.7900394676976878
76 129 2.2395554698742446
76 130 1.364949801077401
76 131 0.28038843276265296
76 133 1.565623461365475
76 134 0.8464852715441269
76 135 1.5569850368543212
76 136 3.814967070677915
76 137 0.15290959013833824
76 138 0.6822716036911579
76 139 0.17591389911892608
76 141 1.6023977706279655
76 142 4.7700102681863
76 145 0.16631466602129766
76 147 1.1875364142172276
76 149 0.2675207049017609
76 150 0.6296064115921256
76 151 0.16075208500276136
76 152 2.3168226606533233
76 153 3.0164155066454224
76 154 0.3409919600279648
76 157 0.5385359762430375
76 160 0.26567541703789765
77 1 2.146554828816814
77 3 0.7778898983071502
77 4 1.2508257980153952
77 5 0.3502842303619669
77 6 0.38497256597140644
77 7 1.2380927270073805
77 8 0.9196311507159376
77 10 0.17057889483641353
77 11 0.023966213897956716
77 13 0.7236057319703676
77 14 0.3834211812954805
77 16 0.9599241742487791
77 18 0.20276452717204993
77 20 1.616046565273463
77 21 2.3653731827443205
77 22 0.37467848420043093
77 25 0.38298872683596863
77 26 0.31875856415748044
77 30 1.713036424144205
77 31 0.6071071821829613
77 32 0.7037250701036949
77 35 0.3973109335131017
77 36 1.0385321055223382
77 37 0.07680006302568017
77 38 0.05298449438843031
77 39 0.9452072909228794
77 40 1.8180036045279655
77 42 0.11620294886532488
77 43 1.5323605273339682
77 45 0.07640462842366853
77 46 0.09555685645183074
77 49 0.19328031810104682
77 50 1.0223419467516444
77 51 0.7732150830541455
77 52 0.3858884206808622
77 54 2.063482790332373
77 55 0.406568356623622
77 56 0.9045653022869024
77 58 0.6613321516271192
77 59 0.09005425522325608
77 61 0.35647369652948985
77 63 0.4675016237801154
77 64 0.3650670520537322
77 65 0.22926516244537168
77 66 0.08124868777612135
77 67 0.69567044236563
77 68 0.1627621603022016
77 69 2.221476050691843
77 70 0.8691323822646464
77 71 0.5452267075804266
77 72 0.9842663834638165
77 73 1.0241185745729375
77 74 0.039131618564273524
77 75 0.9784789095874783
77 76 0.2862002495687419
77 79 0.02583553545946279
77 80 0.7243796872887694
77 82 0.025564966709641663
77 84 0.3887398338105129
77 86 0.3754470607347106
77 87 0.2920201420179674
77 89 0.2589206011668807
77 91 0.5891700877679817
77 92 0.566441451172907
77 94 0.06507880188609289
77 96 2.0270665337857703
77 97 1.4923986505861087
77 101 0.49126945837214936
77 102 1.7085317304129217
77 105 0.29241989804554747
77 106 1.6240428119595656
77 107 0.4400438820271343
77 108 2.4401278445012244
77 109 0.23503657369084144
77 112 1.3184906414113444
77 113 0.31893222691082657
77 114 0.28392029347207576
77 115 0.7206322320846203
77 117 0.022613796994824638
77 118 0.38712615465824896
77 119 0.3095227024205237
77 120 2.6074642692838834
77 122 0.709455835595483
77 126 1.4519577385177524
77 129 0.4165133486250342
77 130 0.40201926026871054
77 131 0.1713964640317428
77 133 0.12769274462515212
77 134 0.952402455012476
77 135 0.9143761336478369
77 136 0.36134971913154995
77 137 0.0030901582388535506
77 138 0.15507568008322106
77 139 0.3572611805132229
77 141 1.510725597715038
77 142 0.3981865671452974
77 143 1.4787239808020936
77 144 0.2259598790187723
77 145 1.8875881995720767
77 146 0.26159524713573534
77 147 0.7807770611768844
77 149 1.5206072346942772
77 150 0.9748971971954687
77 151 0.6810945199036454
77 152 0.11812622148155251
77 153 0.7174015387007299
77 154 0.24729644086156194
77 156 2.071811807699623
77 157 0.9204974209675238
77 158 1.6487118534476823
77 159 0.8752484033909298
78 4 1.8026751585859753
78 7 1.09431430518517
78 14 4.695929538298878
78 21 4.230912538663349
78 25 0.33060476813362427
78 26 0.2899472329967911
78 31 0.1884998711208246
78 32 0.6714299054837067
78 36 2.0886829601661216
78 40 5.364192053146178
78 45 1.0539783988735274
78 49 0.4073353208672649
78 51 0.8705316564119214
78 52 1.8589434022991422
78 54 1.6230191662620852
78 55 1.8545232094927393
78 56 4.4534147852742825
78 64 1.0418568011305154
78 67 0.6044488149970746
78 68 1.2355760194910164
78 70 0.17084431248343668
78 71 0.3487986298979444
78 72 0.4565559533327019
78 74 2.746009557255295
78 79 0.6885076763126721
78 84 0.1937078243578509
78 89 0.16807050105436408
78 101 0.4929905908663903
78 102 0.8417312686100609
78 106 0.540319101830345
78 113 0.03641497975864332
78 115 0.5098270972270387
78 117 1.8312653454133805
78 133 1.0662000983715152
78 135 2.449871548309437
78 137 0.9358048480155917
78 138 2.5162979398819547
78 142 2.4235579887518637
78 147 0.5001358227989272
78 152 0.022969578453926807
78 154 7.6701969845737
79 0 1.2243532734002402
79 1 0.5662424674647434
79 2 2.6422620796188365
79 3 0.09433601344530006
79 4 4.001181213881461
79 5 11.390648295699696
79 6 4.339629306192712
79 7 15.532134876264099
79 8 27.470139526226593
79 9 0.9616416605432196
79 10 7.5052542017033534
79 11 1.0069367324985343
79 12 5.523077279420115
79 13 2.357205985946422
79 14 15.065800857930295
79 15 2.624968468651661
79 16 4.561551443859525
79 17 5.6361719684416505
79 18 1.3436159147902298
79 19 0.6021559323168441
79 20 409.36618061721913
79 21 36.107439612275186
79 22 1.5693355878095698
79 23 7.5325744983885565
79 24 2.39404277176702
79 25 4.89122353810769
79 26 5.944770095337002
79 27 6.77569767800265
79 29 3.120833162271059
79 30 1631.478266751118
79 31 2.461667255337847
79 32 0.24521674370174573
79 33 0.9383400616872516
79 34 0.10540874418552787
79 35 4.268741111582769
79 36 0.719622634590804
79 37 1.6196129439803988
79 38 1.2380848085825715
79 39 15.845134159227058
79 40 3.6574194128661888
79 42 0.5865366351727885
79 43 3.5141429105338746
79 44 6.033885265166977
79 45 0.312148398290468
79 46 0.34452784457578817
79 47 0.44920026925880896
79 48 9.36674596986745
79 49 34.71126360106902
79 50 0.9127345479542777
79 51 3.6776814743554316
79 52 0.5831063582064936
79 53 2.4879020140825787
79 54 24.58343474061148
79 55 275.55373925088304
79 56 1.8989375171021672
79 57 0.22403783709731337
79 58 1.3805452295425094
79 59 1.1918160144365073
79 61 1.3721742730993094
79 62 5.637799288731201
79 63 5.368025207842013
79 64 21.593631326578496
79 65 0.7864066123405871
79 66 0.7453778855988784
79 67 0.02505678517319734
79 68 2.445773431561321
79 69 7.506647057252323
79 70 0.13137819998235462
79 71 2.9601923636386887
79 72 0.23420379455971244
79 73 0.015153936709015483
79 74 1439.4702058795085
79 75 1.3220514957336649
79 76 0.32726393204714804
79 77 6.652010239800808
79 80 1.7047003855741152
79 82 1.2701856091778962
79 83 1.6099167447027203
79 84 4.2636702023628095
79 85 0.002325146748489114
79 86 0.024462971380115012
79 87 16.585289399806186
79 88 0.255057162520948
79 89 7.191317966237032
79 90 1.777055106671442
79 91 1.548064752915256
79 92 6.455963054068976
79 93 369.2760652597747
79 94 1.1412518082490033
79 95 0.39970731741980875
79 96 3.774687349489346
79 97 4.031797285989734
79 98 0.5345529328817915
79 99 2.097965178703475
79 100 0.9483442795415811
79 101 6.226551405325384
79 102 0.11242186385884329
79 103 0.5702541641982142
79 104 4.592201596447663
79 105 0.743127621362844
79 106 2.600076916258429
79 107 2.609833662283949
79 108 1.3932718043303154
79 109 12.071345660713751
79 110 0.6439483991126149
79 111 7.02229374059293
79 112 29.32370459083872
79 113 0.5558661731896968
79 114 14.898107233624923
79 115 1.8664924904059066
79 116 1.6774112127900922
79 117 0.4887126562040619
79 118 1.1188669268787745
79 119 4.023697814046893
79 120 19.575516296599258
79 121 9.609662808020158
79 122 670.0305262428205
79 123 1.0296616106809608
79 124 4.094519154795167
79 125 825.7134042434568
79 126 1.1450275477221927
79 128 1.3231437259462233
79 129 13.789311403421173
79 130 15.364716968025087
79 131 7.168235370980045
79 132 1.9784486554785743
79 133 2.7231196723613214
79 134 154.21260121375838
79 135 1.3106402061963425
79 136 4.541265262987204
79 137 34.33697423292097
79 138 2.3057807767047884
79 139 2.677309032595676
79 140 3.60942496617721
79 141 3.4589125995941536
79 142 892.601390271432
79 143 253.79017986432808
79 145 5.3566893266495255
79 146 0.31594962459963455
79 147 2.406999550343326
79 148 7.865012889318644
79 149 0.9701842772746998
79 150 4.040806493063599
79 151 45.296963099162774
79 152 197.9290905903064
79 153 3.268504101662126
79 154 3.0655089332497623
79 155 4.659388572360174
79 157 13.191785415369967
79 158 31.799384876760755
79 159 1.414305065769057
79 160 1420.3487990774215
79 161 0.2955781675347459
80 1 1.8531288389911824
80 4 1.0020046912801952
80 6 8.572596227750287
80 7 2.6864908413004476
80 11 3.5119502830048805
80 14 14.702431874419263
80 19 1.1622775482234158
80 21 12.055802401201356
80 22 0.7024995014297802
80 23 0.20655331260821005
80 25 0.37894252968046344
80 26 1.5039511613394743
80 30 2.2294497506000415
80 31 0.38007850662430875
80 32 6.564397961520789
80 35 19.91958349190241
80 38 1.633730529863189
80 40 2.683254977689231
80 44 0.7238038480782074
80 45 0.020808087875569734
80 46 0.3730508503187049
80 49 3.5186354959414885
80 50 1.3490877230246126
80 51 1.0097796055915291
80 53 0.6028234205505664
80 54 0.6805384862998209
80 55 0.18405078484919474
80 58 0.281877349390259
80 59 1.6463716851163595
80 63 20.08560683987687
80 64 9.467839974443924
80 65 2.7140414968633926
80 66 0.2967785115622527
80 67 0.7269440034497179
80 68 2.2798892416151655
80 70 1.3187882532303712
80 71 0.46739675196648717
80 72 9.268397439717557
80 73 3.3694931123889997
80 74 15.293805372601556
80 76 2.4831730998672366
80 77 3.059273709322171
80 79 1.5335327196960604
80 83 0.3647895562534245
80 86 0.5800860258369334
80 87 10.824177190687323
80 91 0.6688946883831577
80 94 0.3378671891795816
80 97 0.03376280769203699
80 98 1.2915176457566298
80 101 1.4893530070695569
80 103 0.10544186134946378
80 104 1.1230030808504843
80 105 1.402237399765059
80 106 4.662055837349008
80 108 20.075355337456458
80 109 0.19605342751253077
80 114 0.5471942713809799
80 115 6.058485792526598
80 117 1.2063311296345374
80 118 0.24858560724960638
80 120 5.526200196051746
80 125 9.556390128364738
80 129 0.3981999241564694
80 130 4.429825099172657
80 131 0.5714630655206878
80 133 10.588060796136157
80 134 6.429708599235858
80 135 3.997829988507883
80 137 7.726307788034478
80 138 0.3141187679018934
80 141 1.0701800536750778
80 142 0.28922658776683213
80 149 1.7823747740041573
80 152 4.873404632305693
80 153 6.810808310154191
80 161 0.5767139881696416
81 1 0.9464405026856592
81 4 0.40459074031891973
81 6 2.111314782960976
81 7 0.28408836655643316
81 11 0.6808816979156487
81 14 0.17043428028833377
81 19 1.265240078733985
81 20 0.4752867975565649
81 21 0.9101181668595796
81 25 3.283995535277088
81 26 0.7566341731239185
81 30 0.8858109550189477
81 31 0.09825703858497954
81 37 0.8974872597468919
81 38 0.3788515747207448
81 40 0.1653898631324198
81 45 1.4157008817359356
81 49 0.13362426078341133
81 51 1.0297742391519513
81 52 0.18116711127759375
81 54 1.2289325433573717
81 55 3.2415981347108698
81 58 0.32947213317349167
81 64 0.16834615775989545
81 67 2.385608507844151
81 68 0.0821304787086891
81 69 1.2552707739534812
81 70 0.2621321022512343
81 72 0.14522064347990468
81 73 0.0011734363284464646
81 74 0.05020674338916126
81 79 0.05885751476370331
81 83 0.9108617067584719
81 89 1.497504384078594
81 101 0.10485652901169755
81 102 0.44281641019494244
81 106 0.16398797082554764
81 107 1.4284537576437253
81 115 0.621639939363276
81 117 0.8593325572099862
81 118 1.2214178035104422
81 129 0.7060069126864842
81 131 0.36356051586924754
81 133 5.025658717081709
81 135 0.45368023119111833
81 137 0.06218011860010917
81 138 1.4926190236919472
81 142 0.4927255947580532
81 145 0.25248817974977716
81 147 1.4082412871485748
81 152 1.4299500585995615
81 154 1.4099188086034296
81 157 0.5893540375632901
82 1 0.15023121181262117
82 6 0.9916407303485093
82 12 1.3284102863186782
82 14 0.8046491870032119
82 26 1.093217956633412
82 31 1.550687755346198
82 36 2.0727571271370278
82 37 1.2562262012145384
82 38 1.1472429333684135
82 40 0.22833964613574143
82 44 0.3235779935712149
82 49 0.9173497115324845
82 50 1.3356743731903848
82 51 0.3257678733756526
82 54 0.5402124474037922
82 55 2.0402607260040906
82 56 0.058019440822853034
82 64 0.7613334271706859
82 65 0.019240238034687475
82 67 0.4957096733710165
82 68 1.8465318516633418
82 70 0.43852362550884477
82 71 1.0401413203577563
82 72 1.7187160073413688
82 73 1.1438101403567915
82 74 1.4966522124413417
82 75 0.3430537246693574
82 79 1.3856481574048314
82 84 0.24086091174518376
82 89 2.058684841697655
82 94 0.17798535203937718
82 99 1.4471478239823332
82 101 0.726731709184197
82 103 0.1354917347546465
82 106 1.0760834940658246
82 109 1.0916121511836996
82 111 1.4004710872119517
82 113 0.05597757127108357
82 114 0.996058980064184
82 115 0.3674323847253402
82 117 0.40618316543426697
82 118 0.1292767886766687
82 126 0.602471056116508
82 130 1.2118877809044812
82 131 0.2317803028691249
82 133 0.0301156625759258
82 135 0.8630041244008435
82 137 1.6802795700011457
82 138 0.28759014984046505
82 141 0.15086295899037674
82 142 1.4482461631034445
82 143 2.020153330785063
82 146 0.9939689744393204
82 147 0.542892948221175
82 149 0.2238916520659759
82 150 2.068502466366882
82 152 2.4252299529093753
82 153 1.3746817444777761
82 154 2.746141001153555
83 1 0.9652952772236474
83 2 2.8859357489748887
83 4 1.3532970092821648
83 6 0.1900442851063987
83 7 1.1036881537513221
83 8 0.5776212706279709
83 11 2.9026857005674023
83 13 0.959837359610714
83 14 0.7979465785016431
83 15 1.7007756701545698
83 16 1.1984346174114993
83 19 0.0487174221247718
83 21 1.2189116920861613
83 22 0.9551844077143811
83 25 0.5937810693070463
83 26 0.49356423002984884
83 27 0.2496549075469786
83 28 0.6424506817004656
83 29 0.6528298608386125
83 30 2.761120775764779
83 31 0.07348073864978039
83 32 1.3493382125247637
83 35 8.53716005061922
83 36 0.2774723530117032
83 37 1.6330744609371304
83 38 3.3565872568803874
83 40 3.2332216843328827
83 42 0.20671370002288175
83 44 0.4727503994931292
83 45 0.2448969201851381
83 49 3.141043997662494
83 50 1.3069948623682246
83 51 0.5654627323197268
83 52 3.2150405736484062
83 54 8.68026996111346
83 55 8.049215155185653
83 56 1.03903351742278
83 57 2.7131250886378573
83 58 0.8045074518755828
83 59 1.4555766069607838
83 63 0.5387496942703042
83 64 0.9792288019120586
83 65 0.11442421476851931
83 66 1.8131866610668654
83 67 0.48613970788783667
83 68 1.8776836268109927
83 69 0.9729109311846235
83 70 0.219985244631024
83 71 0.01936632549674473
83 72 2.6844474789787456
83 74 5.950372409635647
83 75 1.0537925863296909
83 76 0.44381089759006803
83 79 0.48859806760357194
83 80 0.0377068917379905
83 81 0.12745739833856198
83 84 2.056472235970978
83 85 0.23482366815867917
83 86 0.09786420493664896
83 87 8.260075718103549
83 88 0.047662804969551505
83 89 4.345599104210238
83 90 1.114739400853681
83 91 0.06885054972892983
83 93 4.09894830481003
83 94 0.9734112772051691
83 95 4.055396702508575
83 97 0.45659362111252577
83 100 0.299264682374605
83 101 0.11710685357488836
83 102 1.941655462293311
83 103 0.25123589354774195
83 104 1.3647811497362106
83 105 1.6979537873365056
83 106 6.286092821581072
83 107 0.1397054530468871
83 108 4.732704602508036
83 111 0.5487650898935992
83 112 5.068536397355004
83 113 1.264214783797492
83 114 5.045079580051071
83 115 1.6298712946084475
83 117 0.3379660479339924
83 118 1.199613948114137
83 119 0.040524992785643206
83 120 6.962484723338144
83 122 2.289364756503025
83 125 0.67153399619142
83 127 1.3326384972827077
83 129 1.6783359341503628
83 130 6.190827647381009
83 131 3.088560799828255
83 133 2.8604373693125282
83 134 1.719353620812887
83 135 0.11537702606118386
83 136 1.2981050134983176
83 137 2.904546181010905
83 138 0.9643606167237168
83 141 0.7442232392375684
83 142 9.619150922012949
83 143 6.8930901806248865
83 145 5.344283682741507
83 147 1.7211773625468731
83 149 0.5079215589302898
83 150 1.6264585404422285
83 151 1.7462156565687614
83 152 0.7908850446627238
83 153 5.785630925436582
83 154 5.89619922765459
83 157 2.0414585838747255
83 160 4.384383533895365
83 161 0.1289682493274449
84 0 0.00043712556155445654
84 1 3.2984000758982903
84 3 0.33746737665365073
84 4 0.23689308547724736
84 5 0.1426891058499348
84 6 0.3403274956019808
84 7 0.19934227615264943
84 8 6.190003589608708
84 11 0.48733010705211943
84 12 0.16368168947614925
84 14 1.0307720217453924
84 15 0.9185407571233036
84 16 0.348124055855273
84 17 0.36062697391851134
84 18 0.3563043884677803
84 19 0.7412425744893688
84 20 1.745196107511539
84 21 0.5874135132279388
84 22 0.6849756974394784
84 23 3.675521984508808
84 24 1.0470589442319247
84 25 0.5760147537720617
84 26 0.011432742972084565
84 27 0.3072278757579196
84 28 0.28870867730693867
84 29 0.6969529930388385
84 30 0.1588872464246233
84 31 0.8993673838244527
84 32 1.636705450265737
84 33 0.9064536427976189
84 34 0.9322062396441467
84 35 0.502268194784034
84 36 0.1701616243181306
84 37 1.8970670307046276
84 38 1.0012763938456475
84 40 0.33253748043074655
84 42 0.029223689187733562
84 43 0.6397389279180081
84 44 1.857955627761448
84 45 0.19196913295423768
84 46 0.5928711839342712
84 47 0.8072052254654174
84 48 0.6072151374581444
84 49 0.38114381830074556
84 50 2.0092570085950814
84 51 0.1076514162339476
84 52 0.013099036035872298
84 54 0.43368226711854585
84 55 0.9234332588805967
84 56 0.31258707394493673
84 57 0.7293837533446375
84 58 4.485713680907849
84 59 0.6304778433411762
84 60 2.6443002404136347
84 61 0.7471214031138123
84 62 0.20266326297861847
84 63 0.100687142885999
84 64 0.7454362727587691
84 65 0.4050651148133176
84 66 0.025257843672602275
84 67 0.030549236439199746
84 68 0.7296668334258024
84 69 1.2859650844545498
84 70 0.14669213724644767
84 71 0.7353241976750856
84 72 0.9493533398852265
84 73 0.03856271607057693
84 74 2.7148354154959513
84 75 0.47141112496131266
84 76 2.3829145358256505
84 77 2.1642156833873445
84 79 0.13838572488852935
84 80 0.8599801593079828
84 81 0.42709504050983177
84 83 0.5715213971487837
84 85 0.07852020028113663
84 86 0.8389053269653665
84 87 0.8347275953742248
84 89 1.4655569208352088
84 90 0.009613650445265038
84 91 0.38413521729861805
84 92 0.005337344458206909
84 93 0.7266666398474404
84 94 1.1648621271211201
84 95 0.8661503511851452
84 97 0.1535444280976716
84 98 0.19223726136469485
84 101 0.22668948152867796
84 102 0.4327725791508369
84 103 0.062237699298298366
84 104 2.236201377278011
84 105 1.23398737202662
84 106 0.16763306681266296
84 107 0.5186498080639846
84 108 0.0940848177729894
84 109 0.12344189153384312
84 110 0.2568543373915748
84 112 0.7185171143286313
84 113 0.9176618701002124
84 114 1.1525432580572206
84 115 0.9986803425894741
84 117 0.12612883519016627
84 118 1.9694689399659993
84 119 0.005974007720723842
84 120 1.6069635784017877
84 121 1.7404358126931778
84 122 1.3893261455951718
84 123 0.9807249501628037
84 124 0.39784076816348224
84 125 1.6734581322774882
84 126 0.7415208225130967
84 128 0.4712416769698943
84 129 1.4005913859791645
84 130 1.1193139296482726
84 131 2.0049200430181418
84 133 2.397061749982997
84 134 0.12214989203732725
84 135 1.100278428431525
84 136 0.02694057398025824
84 137 0.0181497260880225
84 138 0.592439232691538
84 139 0.24542724009989914
84 140 1.318729804952899
84 141 0.4760378722681634
84 142 0.8123128291411154
84 143 1.0593979792612025
84 145 1.053464632200767
84 146 0.5433111383554201
84 147 0.9717993618144226
84 148 0.44969748505892926
84 149 1.709308968725404
84 150 1.0332989063864493
84 151 1.6985014849245685
84 152 1.9858869963369208
84 153 2.1754768697819253
84 154 0.03993706414479226
84 155 0.18944208938522591
84 157 0.42797624612632956
84 158 0.5403339381343095
84 160 0.10763036271411773
84 161 1.0159152827945048
85 4 3.1490897018921142
85 6 5.02939485228001
85 7 0.824846131511627
85 10 0.35696186876687874
85 11 0.8404399981508235
85 12 1.2660536690027964
85 14 1.1060689986577252
85 19 0.2099705782668149
85 21 0.0958061107956993
85 26 1.884783491883913
85 31 0.7934869049467919
85 34 0.33717265030480753
85 37 1.950715936119108
85 40 0.21521931413532613
85 44 0.13811770117848277
85 45 0.5171094188434442
85 49 2.2356425391213164
85 51 0.8856691260487449
85 54 1.6283556194012652
85 56 0.06511152527129552
85 59 0.9888141073048927
85 63 4.465963068741156
85 64 1.7997523053820907
85 67 0.9113723399887601
85 69 3.0943967666298655
85 70 2.125736388182837
85 71 0.577884816175383
85 72 2.9380338327899898
85 74 1.7041986541153742
85 75 1.2093858313316679
85 76 2.8405652788195512
85 79 0.3944051487891121
85 84 0.484378315555269
85 89 2.061633769747845
85 93 0.3543253915231979
85 96 0.7538019876641954
85 97 0.7092962496571561
85 101 0.6499295571553774
85 102 0.6294555786761595
85 104 1.3328383723972779
85 106 0.27593562271363353
85 109 2.289342075073764
85 115 1.1326981212721892
85 117 1.0756860435176498
85 118 0.7796874319778808
85 120 0.6271675105301043
85 129 0.41618917485187296
85 130 0.412173835345711
85 131 0.655677134682874
85 133 0.09607195186994345
85 137 3.540011739478967
85 138 0.44990062737339326
85 141 0.8159288554061865
85 142 0.7929234017644632
85 146 1.679421122205941
85 147 0.17621910644317546
85 150 3.989353004985977
85 152 0.844965439356182
85 153 0.17714302364093548
85 154 2.2309733464905404
86 1 0.38536230953629935
86 4 0.33157036998775274
86 6 0.3800784189500304
86 7 3.3285220080613835
86 11 1.326921237388812
86 14 3.718846599600944
86 19 0.39083057939912147
86 21 0.1727519641168943
86 22 0.2880637080960421
86 23 0.11227876232416652
86 26 0.05117009119204203
86 30 0.37122059491464593
86 31 0.9203050102415768
86 32 3.4072523533751364
86 34 3.436332181859685
86 35 1.4413804868257212
86 36 1.9410145715637768
86 37 1.8628240865339443
86 38 0.5880516445131937
86 39 1.3364720238525873
86 40 0.8866776475224082
86 45 1.6468623381467462
86 49 0.15275062478063087
86 51 0.6121964920717112
86 54 1.1017979214217213
86 55 0.01476200273595267
86 56 1.9208250266044713
86 58 0.3898484161832902
86 59 0.4663816588649833
86 62 3.710447888537007
86 63 1.6233565213891898
86 64 1.12241947700231
86 65 1.8579407321353714
86 66 1.860570113824792
86 67 0.7604479190131379
86 68 0.9150310012061017
86 69 0.02385854297127085
86 70 1.9068288588128255
86 71 2.8971249637157106
86 72 2.0175685789945277
86 73 0.7463447596687651
86 74 1.068218973510697
86 75 0.5172543995257334
86 77 0.32523886505811395
86 79 0.28828088257133067
86 80 0.428296766372737
86 81 3.0054221767791898
86 83 0.6651784261649544
86 84 0.5997609831048281
86 85 0.045379490363781486
86 88 2.6642657561749767
86 89 0.7111447750164746
86 90 1.097020547191738
86 91 0.05543412249176005
86 92 8.150776061280796
86 93 5.585559302293909
86 94 0.3719782158469424
86 97 0.20913300004262178
86 98 0.5209209350062706
86 101 0.3494725248675678
86 102 0.08759319956151422
86 105 1.8481966414531306
86 106 0.941671352629099
86 107 0.001265829472743679
86 108 3.5631711892976297
86 113 0.4030326115212306
86 114 2.385037936638812
86 115 0.006526084892172987
86 117 0.2661569672564851
86 118 1.1947939991007914
86 121 0.5607062294800419
86 122 0.6120080841534289
86 125 4.457386327734533
86 126 0.9070137414934188
86 129 1.306767585624651
86 130 1.2505922780013286
86 131 1.503866709234762
86 133 0.21621152219655287
86 134 0.2668684131764116
86 135 0.835973973135925
86 137 0.080207458488685
86 138 0.4454944199416254
86 141 1.955108957667255
86 142 2.3915845188664817
86 143 0.6664244347712982
86 147 0.5256588962758976
86 149 0.5855353335387667
86 150 2.898815707877991
86 152 3.93664273123806
86 154 0.9309697555386294
86 158 0.9106186455495184
86 159 0.21187054396532135
86 161 0.20063321026661368
87 0 1.7929154684456607
87 1 0.8097131746008225
87 4 4.1569215176796
87 5 10.843059549625133
87 6 6.613619810577024
87 7 11.095195236280267
87 8 0.7740714155957579
87 9 0.05627070989426792
87 10 10.39936440352955
87 12 0.1697160669738853
87 14 2.84690270346901
87 15 1.4751642481443992
87 16 2.566829708983811
87 18 2.450012958302294
87 19 0.5611969597348889
87 21 2.7797858734712952
87 22 1.9208721201410799
87 25 4.057818588318721
87 26 0.06388815086899347
87 30 4.6933796695770225
87 31 0.16606690693519724
87 32 5.840608132651139
87 33 0.269398656495303
87 35 19.19287546351014
87 36 1.145491615039241
87 37 6.29142954736295
87 38 1.1589265260294945
87 40 0.6507672267098886
87 42 0.27867134398242616
87 43 0.01753221211815278
87 45 0.7008857332471228
87 46 1.8475630202290332
87 49 11.004283910232134
87 50 0.7030315519314398
87 51 1.5041564518928545
87 52 0.46350812067103414
87 54 7.838964355414459
87 55 0.3144090114971835
87 56 1.274404263041719
87 57 7.188300067502241
87 58 3.5521064238683264
87 59 1.788265154439475
87 62 1.1109935849367005
87 63 5.244501885785375
87 64 1.7492418567395531
87 65 0.7702818037434797
87 66 2.4685768149234173
87 67 1.864555164869184
87 68 6.337982327249341
87 69 6.887329081678416
87 70 1.7661115721156124
87 71 3.286248716416142
87 72 1.3214278975536469
87 73 0.8414160138163682
87 74 9.506662899739723
87 75 0.9748554598412281
87 76 0.4989528769557788
87 77 0.42085524540470504
87 79 0.611780142011733
87 80 2.0727062006758197
87 83 1.2249729244278773
87 84 0.46249114739781866
87 85 0.7565107761844068
87 86 1.2747996713336616
87 88 1.1422870797818512
87 89 3.5094419796798695
87 91 1.4563967206644683
87 92 1.8861317271187321
87 93 12.479870025848962
87 94 1.7470583272858717
87 97 1.229715871118618
87 101 0.7129794355668865
87 102 0.4631370758435674
87 103 1.0841589850490274
87 105 2.5385193342947114
87 106 6.023552542130407
87 107 0.255228598453102
87 108 0.9957319614738882
87 109 3.3703276479947464
87 110 1.6983164082465256
87 112 7.813622417150586
87 113 0.12313053470897939
87 115 0.44374256641567095
87 116 8.268312891068325
87 117 0.06794916436473984
87 118 0.7121410958629637
87 119 2.1594558846301215
87 122 7.278606270964583
87 125 0.3778755564666808
87 126 1.4572510852455527
87 127 4.68163632151314
87 129 0.9601151096415473
87 130 5.514811156454353
87 131 1.5994255529738266
87 133 1.1516209816662053
87 134 0.5264129427526629
87 135 0.12941848472360684
87 136 0.11144787669682163
87 137 4.156033547318984
87 138 0.5359951244524047
87 139 3.0821336563212833
87 141 1.2504795737840053
87 142 0.629011051959932
87 143 16.533311462105793
87 145 2.1145042246843944
87 146 0.03904425670849183
87 147 2.6302900898659978
87 148 1.926943056336029
87 149 2.042499152930998
87 150 1.1602822311971717
87 151 2.5271904610104183
87 152 7.153868319181218
87 153 8.461975097423739
87 154 1.2171864684171834
87 157 3.5805651684030506
87 158 10.764885564781022
87 159 0.2140362581004644
87 161 1.1225841829164482
88 1 0.8580748001258838
88 4 0.19184108633436037
88 6 0.06394926991205731
88 7 0.007950421340672009
88 9 0.10120730333749643
88 11 1.3240866199046764
88 14 0.7163662108397318
88 18 0.2244197033838679
88 19 0.09105875622341296
88 21 1.1546061925302469
88 22 0.752272217700826
88 25 1.7253409842955854
88 26 0.18999529255954775
88 30 0.3415105997214453
88 31 0.38678744787400116
88 32 0.5404832407050938
88 35 0.003017393479051081
88 38 0.3933439936032894
88 39 1.746436047365766
88 40 2.3864229653052766
88 44 0.6364477319236271
88 45 0.626170381919731
88 50 0.7704591900966766
88 51 1.3609846210368342
88 52 0.13488165187568493
88 54 3.1564574472944655
88 55 1.0954398436787247
88 56 1.248348741049877
88 58 0.9520148592159756
88 60 0.6476661928268675
88 64 1.1720731469623582
88 65 0.7146434124494148
88 68 1.6384668482603324
88 69 0.8969660473508552
88 70 2.108179806579241
88 71 0.23430639006731024
88 72 0.30869022003527036
88 73 0.2611556038288195
88 74 0.17499410397064455
88 77 0.26938052878488733
88 79 0.20308687977072587
88 83 0.1176174682336756
88 84 0.025737288089022904
88 86 1.1884569815622903
88 87 0.09265785522238759
88 91 0.35834473401824385
88 93 0.2648855514338671
88 94 0.36698368654260055
88 96 1.4183907663206787
88 97 2.351333344068396
88 101 0.5170500078143293
88 105 0.5903770334725917
88 106 0.0029299044496672636
88 107 1.1057376083429569
88 108 0.6237885088994165
88 109 2.223408668682737
88 111 0.4874703779737016
88 112 1.6217175994039554
88 113 0.372293145335684
88 114 0.4717605143367378
88 115 0.44032185889626246
88 116 0.758647289950874
88 117 0.47866128048660006
88 118 0.6183631705710202
88 119 0.19058728298819502
88 120 0.14961130381655507
88 121 0.3455844260329671
88 125 0.878900527461486
88 127 0.21510678674644246
88 129 0.0808331356044299
88 130 0.8055441419655744
88 131 0.16607776570680582
88 133 0.5301868291826093
88 134 0.23758280589709607
88 135 0.0031851675479121757
88 138 0.09895026869548777
88 141 0.5783837705803113
88 142 1.4999113083653115
88 145 0.055650664849654974
88 146 0.4757231488488277
88 147 0.7336230511733045
88 149 0.349681608917712
88 150 1.5228757093078915
88 151 0.48114180883386987
88 152 0.46179104152374345
88 154 0.6815285308512806
88 157 0.2947350242442981
89 0 0.38043974042240714
89 1 0.5675871912807009
89 2 1.1326115561942092
89 3 1.9630665856102936
89 4 0.3410810231864303
89 5 0.9182301473158189
89 6 4.331961165111918
89 7 0.7070147982130852
89 8 0.03146157787516686
89 9 0.33398575706404937
89 10 0.48706253440818925
89 11 0.030609204745880587
89 12 0.03491527048222419
89 13 1.0129065375256296
89 14 0.06274222144144255
89 15 1.2305891685453407
89 16 0.6961436072084162
89 18 0.9592630425285991
89 19 0.4131867680858879
89 20 0.6614143001864755
89 21 0.8348803298280036
89 22 1.3468562331374723
89 23 1.7856297757714006
89 24 0.8738888766083512
89 25 0.2487031775765727
89 26 0.281813353941693
89 27 0.15032671484929405
89 28 0.2285619823269049
89 29 0.7770931730891726
89 30 0.451416355407606
89 31 1.9517157045409335
89 32 0.16730511570925824
89 33 0.1496275479123629
89 34 2.499582221307507
89 35 0.5055520540997641
89 36 0.0477860738975833
89 37 0.09770880458732857
89 38 0.5741405118666982
89 39 1.5175020055032857
89 40 1.803260961973923
89 41 0.21277468263282734
89 42 0.07975767274342625
89 43 1.2024115625658283
89 44 0.6682777514041529
89 45 1.2112438010784543
89 46 0.21513210852772413
89 47 0.8012706269191968
89 48 0.20901994631466347
89 49 1.8297140658431368
89 50 0.08132808952532487
89 51 0.049615461218720375
89 52 0.8769123144056984
89 53 1.0563781171201403
89 54 3.000538577232072
89 55 0.7024137395119847
89 56 0.011389023268501932
89 57 0.49121691864846356
89 58 0.06951438767758852
89 59 0.32517576988386493
89 61 0.1308557117665509
89 62 0.2391277240596517
89 63 1.1144603431095845
89 64 0.1038267242395237
89 65 0.004638076573118712
89 66 0.08814189891743467
89 67 0.5072235061795182
89 68 0.4195012084676815
89 69 0.18996680784986794
89 70 0.20897234631053543
89 71 0.6060419487944398
89 72 1.5336194756474288
89 73 1.52078669864628
89 74 4.123907766199091
89 75 0.025647992881877735
89 76 0.5213006596464159
89 77 0.36371781564840805
89 78 0.3253041322383672
89 79 1.1723231623514827
89 80 1.128699503222487
89 81 1.6589008863047185
89 82 0.1245241787385587
89 83 0.012134960006776118
89 84 0.05373525896382471
89 85 1.0343348354761353
89 86 0.7851665430144035
89 87 2.202425300794019
89 88 1.5227121201472278
89 90 0.07094912547671829
89 91 0.3246067226336197
89 92 0.32380365520627935
89 93 0.27970990871763857
89 94 0.29005633786693275
89 95 0.7577907961785557
89 96 1.8801081863882683
89 97 0.38016542670689724
89 98 0.3615253496889617
89 99 1.8891699936021236
89 100 1.055769971989639
89 101 0.3310708601635386
89 102 0.8158285130356998
89 103 0.12115894999601443
89 104 0.6826846523045335
89 105 1.1794046315507567
89 106 0.1245243131774382
89 107 0.20589917786708797
89 108 0.19413795442866286
89 111 3.2641323757655725
89 112 0.2918273678694703
89 113 0.0896088469860644
89 114 1.6378075740162943
89 115 1.981542527525329
89 117 0.28458873214777647
89 118 0.9107679393314693
89 119 2.7244080832471527
89 120 1.3601221014313538
89 121 1.416608142867151
89 122 0.268476015054122
89 123 1.6696650572284963
89 125 0.7478852674058601
89 126 0.030743809940746353
89 127 0.6409911988188997
89 128 0.5710193858353222
89 129 0.34933089585571553
89 130 0.544660425687938
89 131 1.6631049903657387
89 132 0.30457099805001914
89 133 0.5344626847346179
89 134 0.851447042666278
89 135 0.6916998843621918
89 136 0.36585791417435454
89 137 0.9134749673746422
89 138 0.2607080031784469
89 139 0.5143221419199282
89 141 0.18216150519273347
89 142 1.0852453988309363
89 143 0.4995643044792113
89 145 0.7224338647017544
89 146 0.44083277769989376
89 147 0.12796892464192317
89 148 0.264228917035602
89 149 3.568703497697209
89 150 0.7589894177938646
89 151 0.02347772431729009
89 152 1.010629745662418
89 153 0.331128041839261
89 154 3.489973560573704
89 155 0.11861847670692574
89 157 0.9631608582820428
89 158 2.8288579456964555
89 159 0.41556850817467156
89 160 0.7039693052983694
89 161 0.793774056422954
90 0 1.6622265014139224
90 1 0.9953149790017576
90 6 1.3429551441404366
90 7 5.387638115252867
90 11 0.11169091241400568
90 14 4.467869086025607
90 18 0.35702824325404586
90 26 0.11581045543120012
90 30 1.5244793540699126
90 31 0.6567352992484916
90 32 0.9441351212181586
90 35 0.948802343091063
90 38 4.631590962298508
90 39 2.0695368326863446
90 40 0.004258955270429073
90 44 1.5569221210178705
90 45 0.18564031084452204
90 46 2.2797597219058665
90 49 3.432334150797868
90 50 0.9021130218028941
90 51 0.18787803066090528
90 52 0.4740028565447436
90 54 0.8670371409671365
90 55 1.248205142481852
90 56 0.159556042884756
90 58 0.721209303088091
90 64 0.10478831800533325
90 65 0.30551816759355516
90 68 0.15666131547813864
90 70 1.1275589117654221
90 71 1.3033687353942227
90 72 0.3112279808963604
90 73 0.42026290338625655
90 74 1.8348942701526032
90 79 2.760134356208034
90 84 2.435332934810374
90 89 0.21992110163311648
90 91 0.12068172938777734
90 94 3.022987944200307
90 101 3.066176475457879
90 102 0.2559638482846808
90 103 0.6597900739991265
90 105 1.357085803306387
90 106 4.740893780004855
90 108 0.0938554930686345
90 113 0.5561433250050651
90 114 1.197980977625076
90 117 0.8305750943626357
90 121 0.07509995517416075
90 122 0.8014352219625319
90 126 2.3971948430161665
90 127 0.4084824095726625
90 130 0.3127549636679874
90 131 4.188253509706182
90 133 1.3747452253919272
90 137 1.1993020791442002
90 138 0.8596555744758763
90 142 3.116036820511355
90 143 0.14516419558353297
90 145 0.12031462080235608
90 146 0.18219659677733097
90 147 0.8174662539493429
90 149 0.9569253616907742
90 150 1.3653850511906727
90 152 4.125330258162894
90 154 1.1211224016975883
90 158 1.5318501538215028
91 4 0.9964848983133793
91 6 0.11143911138392155
91 7 0.5133820109281723
91 9 0.26856208738336196
91 10 0.08750220755723094
91 11 0.7743872427393953
91 12 1.421837557263461
91 14 0.2921191857185446
91 15 2.6100711264065315
91 19 1.4773391977804702
91 20 0.8053684875897522
91 25 0.5104702612994027
91 26 0.029793088440345467
91 27 0.5835727328199073
91 30 1.7797279042386895
91 31 0.565188150205243
91 32 0.2753094793175705
91 34 0.10169788523798709
91 35 1.0944976096792423
91 36 0.569195820630484
91 37 0.20529734205399958
91 38 0.2890550873890081
91 39 0.6847944189408236
91 40 0.5334544012270834
91 41 0.3739108359499889
91 42 0.6713077814477105
91 43 0.1816456083687973
91 44 0.4198294410508723
91 45 0.6703043756835677
91 49 1.323475328915582
91 51 0.013580238689395856
91 52 2.0721484117695783
91 53 8.564508023898053
91 54 3.476780968466623
91 55 0.5120449048667262
91 56 0.6535049002126988
91 58 1.7276315770853174
91 61 1.5127355393969
91 63 0.6893373460619254
91 64 2.459984457103325
91 65 1.7447093814631198
91 66 0.34810659150502943
91 67 0.36099551463606994
91 68 0.21039507375550623
91 69 3.3068880632683406
91 70 0.6991845122659285
91 71 1.0039389571621262
91 72 1.0835173329248928
91 74 1.1793646346231204
91 75 0.2875922114020083
91 77 0.9864016688326391
91 79 2.0861660011782956
91 80 0.8914116842810086
91 83 1.6132402908439925
91 84 0.59298937482282
91 86 0.4752228516760248
91 87 3.147851751947421
91 89 0.15273674445858637
91 93 0.015576850186640177
91 94 1.4835844242367446
91 95 0.22125454742410663
91 97 1.5100193994739366
91 98 0.06827076797808314
91 101 0.3122661087905102
91 102 0.3398988845970829
91 103 0.5808344668946611
91 105 3.098411660285222
91 106 0.20696231181541214
91 109 0.5477189008629986
91 111 0.5809621593711995
91 112 0.44101041053031026
91 113 0.6737033518448332
91 114 0.14736507729674128
91 115 1.564513859178649
91 116 0.39524929456935953
91 117 0.3463687221562474
91 118 0.5637887061813708
91 119 1.1063193614836073
91 120 0.4866189492111719
91 121 0.517035619527801
91 125 0.16394671414114673
91 126 1.6767297628512594
91 130 0.08057873684261542
91 131 0.9124468830982633
91 133 0.3457708497743302
91 134 0.3452244971155274
91 135 1.5975696955932637
91 136 0.8797182840619006
91 137 0.2390201170928521
91 138 1.7127780411344031
91 139 1.0053281582300608
91 140 0.7449100128760208
91 142 0.48245266234800877
91 143 0.7391785253929442
91 145 1.8406135650267441
91 146 0.15607565831649323
91 147 0.056089118542780286
91 149 0.20483022018261038
91 150 1.602132955201608
91 151 1.1049617808123244
91 152 2.912735758000296
91 153 1.7520645881344021
91 154 3.5595598385998297
91 157 0.28669369556557195
91 158 2.1262796345796366
92 3 2.982282365109564
92 4 0.3381490795581619
92 6 0.4971639082366891
92 7 0.7277077906226751
92 9 0.18682546319556398
92 11 0.9821086451549456
92 14 2.052573136947608
92 19 0.49459816816735847
92 21 2.249203051042423
92 26 0.15637590912491672
92 30 1.3063801861992914
92 31 1.8956815011408545
92 32 1.2095751464850861
92 34 2.5907870502221213
92 35 0.9131531467033484
92 38 1.4306324500183798
92 40 0.7621257300970589
92 45 0.1074541165661705
92 49 0.8894199998949991
92 51 1.5825545175067344
92 54 0.9163446416653847
92 56 0.9833725423141418
92 59 0.3088541025232809
92 64 3.394644824560976
92 65 0.18169299650759796
92 67 0.10600586659081919
92 68 0.06219383569852723
92 69 5.733697022835989
92 70 0.08184824830494498
92 72 0.215448455571459
92 73 0.7719864528798859
92 74 1.121206252640748
92 75 0.4594767422734079
92 76 2.205060659311606
92 79 2.5151797617672114
92 84 0.3236572364990616
92 87 1.8951742865071093
92 89 1.307722389959882
92 93 4.308907974424887
92 94 0.6511723293061831
92 97 0.004796496038744224
92 101 1.2267437154175391
92 102 0.4024484423194519
92 105 2.3930973892526106
92 106 0.5163801952049211
92 113 2.000174687856112
92 114 4.783043035705841
92 115 1.192430777750405
92 117 0.15394301781877534
92 118 1.0523755173736276
92 126 0.3594755642730173
92 129 0.7192757639364392
92 130 3.169227357274511
92 131 1.030165486038837
92 133 1.3028807523295078
92 134 1.027639505468561
92 135 0.17603620088243488
92 137 0.7109872588078122
92 138 1.7575394455667135
92 142 1.721752779654101
92 146 0.522802905854137
92 147 0.26729604558909026
92 150 2.2327875043751857
92 152 3.5466236386128625
92 154 0.0034572236756859488
92 158 1.998243476069083
93 0 1.8759721224696877
93 1 0.48149357988623376
93 2 0.29873582751377975
93 3 0.758550777167937
93 4 0.11979509930010188
93 6 1.386035632949782
93 7 2.379252284476711
93 8 0.41241829508732153
93 9 0.03385593814610254
93 10 0.8623994290724344
93 11 0.46112238968285746
93 12 3.1305053795804323
93 14 0.8894663746755066
93 15 2.0891027485751104
93 16 1.8949510908865168
93 17 0.13154565847596397
93 18 0.12025754347294015
93 19 0.1707318948593681
93 21 2.6922087651772344
93 22 0.04541508707472583
93 23 3.743281191469443
93 25 0.9869797390383853
93 26 0.10637197712345191
93 28 0.7080543117661602
93 30 0.0244735949791754
93 31 0.2852080614393526
93 32 0.8276643953427568
93 35 1.9273496813346596
93 36 1.2478410694968578
93 37 0.14849584330377838
93 38 1.2690959639347406
93 39 3.1776583633510933
93 40 1.7382646355808715
93 41 0.0347201926642991
93 42 0.6910700807640531
93 43 0.6167872846925302
93 44 0.05320006155697203
93 45 0.5381243528940298
93 49 0.9593184570543143
93 50 0.677660320639952
93 51 0.07149485521307493
93 52 0.5940203966852629
93 54 1.0719320017641618
93 55 1.8563112136776514
93 56 1.9433197194699632
93 57 1.8411911073727882
93 58 0.01956394768917
93 59 0.6256065494963395
93 63 2.783770683574314
93 64 0.47915352002470135
93 65 0.2307330209230383
93 66 0.6349273989887418
93 67 0.2862171147055449
93 68 0.8300994700107948
93 69 1.2027672328559182
93 70 0.5862291458871264
93 71 0.4905651859920477
93 72 0.687017356932112
93 73 2.0020291914238326
93 74 0.15878370800326025
93 76 0.22027982828629294
93 77 0.34203040648059796
93 79 0.16694191266170466
93 80 3.72164802246938
93 83 0.8991258895058504
93 84 0.9576447372472621
93 86 1.1589988643531244
93 87 0.5748907436075487
93 88 0.22747958342138586
93 89 8.594430269270037
93 92 0.785707516071115
93 94 0.3286847771449765
93 95 0.13444156887089317
93 96 0.37849024204193676
93 98 0.12492615635016185
93 100 0.35858179354975006
93 101 0.9312315873080148
93 102 0.0395161624019672
93 104 0.0970908436224257
93 105 2.387100467665643
93 106 3.248911825479837
93 107 1.1295537873282422
93 108 0.7918564941126414
93 109 1.0585284285009178
93 110 0.7864902651636698
93 111 0.3944358258218741
93 112 0.21750046836912937
93 113 1.7119843861572253
93 114 3.8332125923008746
93 115 0.9319801684536733
93 116 2.6007313810187047
93 117 0.31988731301993156
93 118 0.10499777890075052
93 121 0.10007823435611868
93 122 1.8688563024687557
93 125 3.759960033696083
93 126 1.856489233970651
93 128 0.42047987832044004
93 129 5.1127702733567695
93 130 1.602348637106875
93 131 1.0272886763304983
93 133 0.023179162652809594
93 134 3.980161065084821
93 135 0.03137224234434725
93 136 0.3911804608486706
93 137 0.9322415265879437
93 138 2.1464331591107544
93 139 3.853620987020247
93 141 0.22648082109287718
93 142 0.7690502020367871
93 143 3.075478875547465
93 145 0.5792950377484146
93 146 0.23650770720478254
93 147 0.3823842159685702
93 149 1.408299737902738
93 150 0.16072364601484015
93 151 0.8522837310923762
93 152 1.5710270526745669
93 154 1.401200947408515
93 155 0.0067371346851457115
93 157 1.4482311226873532
93 158 0.11948029045657438
93 159 0.5489502195965429
93 161 0.4616268577990063
94 0 1.477398908138435
94 1 0.8085204404745874
94 2 2.307455443880272
94 3 0.2534948283042772
94 4 0.02735976431676379
94 6 0.4030453848045662
94 7 1.3683617942890198
94 8 0.3348913543135829
94 9 0.05675187622622143
94 10 2.0009597319859047
94 11 0.11555933453345908
94 12 0.9867064169512414
94 13 0.7922241116142451
94 14 2.3860293352233706
94 15 0.8471293885883369
94 17 0.2141195496243296
94 18 0.3855341494224565
94 19 0.10710076506590334
94 20 1.116213064619179
94 21 1.0509043738012607
94 22 0.6226037069222902
94 23 0.4750413257343691
94 25 0.45146824324571705
94 26 1.6783951449390109
94 27 0.3990793016097987
94 30 1.2031355030415214
94 31 0.24523359830480457
94 32 1.0096176343346577
94 33 0.10163687041483775
94 34 0.11645573035660188
94 35 0.04662379467643529
94 36 0.018123353578461895
94 37 1.114954403256444
94 38 1.3666691191745586
94 39 0.8270780838587322
94 40 0.3610532232919132
94 41 0.2594372995230267
94 42 0.245723510539293
94 43 0.8509220732648206
94 44 0.43547895701070233
94 45 0.005034651807114909
94 46 0.16696478990486804
94 47 1.2153310935724415
94 49 0.285613433033791
94 51 0.04420643513224092
94 52 0.800971236941588
94 53 1.3289090016212508
94 54 0.5066263745153192
94 55 0.4457665746160423
94 56 2.319266754053366
94 57 1.251345478133161
94 59 0.8402349639682641
94 61 0.049137956377349815
94 62 0.04569029009381831
94 63 0.11148377723166392
94 64 0.8209604720359738
94 65 0.15693925957504717
94 66 0.19807013071566837
94 67 0.7999602238755351
94 68 0.24405487981167553
94 69 3.2720603729540034
94 70 0.026645414386854013
94 71 0.9585264035913746
94 72 0.36694415560288146
94 73 0.7389018851022644
94 74 0.6678362300379856
94 75 0.3773250203039881
94 76 1.2746216130619885
94 77 1.156373985009069
94 78 0.5007922419924062
94 79 0.10067784548702542
94 80 1.7980990180089884
94 81 1.049101265067476
94 82 0.30746118992555505
94 83 1.0584304486254417
94 84 0.7053225079618738
94 86 0.23612073795828206
94 87 0.44867159027240766
94 88 2.215974902071103
94 89 1.0064110978317993
94 90 0.3516555878075273
94 91 0.9355518788029071
94 92 0.21335352588569648
94 93 0.6636044488821409
94 96 0.19048633057992287
94 97 0.0740144943371392
94 98 0.32908711994295264
94 99 4.392908668359276
94 100 0.09746289508049953
94 101 0.2825158749013115
94 102 0.6188744399465038
94 103 1.5762077756918167
94 104 0.7738308440434295
94 105 0.9228891549984499
94 106 0.12695703947751288
94 107 0.741317567934161
94 108 1.4662425153204086
94 109 0.4046955525776141
94 110 1.124875165535544
94 111 0.30236984690243585
94 112 0.21552352070387107
94 113 0.055145312788728515
94 114 0.6753430870069287
94 115 1.7754549216058373
94 116 0.17168238991745138
94 117 0.6311998754500323
94 118 0.24051442668941783
94 119 1.0377976190179679
94 120 0.650482444645095
94 121 0.22210025830243688
94 122 0.7554703856487831
94 124 0.1940647402439087
94 125 0.3231971180135368
94 126 1.0979144409466834
94 127 1.2242548820080754
94 129 4.946497721501552
94 130 1.0161286551127147
94 131 0.2974487129298077
94 133 0.5770348602091798
94 135 1.3147933554874505
94 136 0.48886449547295086
94 137 4.355510815718084
94 138 2.2484678502946682
94 139 3.412875114429281
94 141 0.1448149692192888
94 142 1.7622353378073536
94 143 1.565125041564476
94 144 0.013517780414082055
94 145 0.5895553146918103
94 146 0.18412684446846633
94 147 1.2267256988737254
94 148 0.03647939967411056
94 149 0.32587226310248263
94 150 0.16566711688503857
94 151 0.6412785978831976
94 152 0.2812970492252807
94 153 2.8395806651364506
94 154 0.12258283620924516
94 155 3.609674949101623
94 157 1.382803238094305
94 158 0.6491451761590529
94 159 0.13721310056012406
94 160 0.300240072485755
94 161 0.5726619817544741
95 0 1.09555746793892
95 4 3.4128930476344936
95 6 5.658850797987531
95 7 6.094474926344976
95 9 1.6682932717497267
95 11 1.5319743622169963
95 12 0.9001319016024051
95 14 7.76233395281087
95 15 0.02006587109532728
95 19 1.7305732982642388
95 21 29.732590441140623
95 25 4.637541511310043
95 26 0.9330824035119656
95 30 14.959202048941595
95 31 1.901317161967218
95 32 1.2559386737182763
95 36 0.15964986772302248
95 37 1.4138579794246349
95 38 1.0135847945443988
95 40 17.463951032844264
95 42 0.780053484847375
95 44 2.135320097832078
95 45 0.9867954517565992
95 50 1.2472477918756142
95 51 1.8754762882206848
95 54 13.014342272205369
95 55 4.377437318517548
95 56 1.1137099268975867
95 58 7.102763863607268
95 61 3.500428220257469
95 64 0.08982109006080863
95 65 0.9357012427967187
95 67 1.45690106946123
95 68 3.26859151160834
95 70 4.558814883246313
95 71 0.4108089440754218
95 72 6.93133584807808
95 74 3.8716231789514386
95 79 1.087658172823965
95 87 1.2173856324817036
95 89 4.280793555159448
95 93 0.02515507619236507
95 94 1.5548249587538356
95 97 0.2850215518808578
95 101 1.137987378882267
95 104 2.20438487319204
95 105 1.2311585582154898
95 112 12.778348776171631
95 113 1.8625720570555062
95 114 3.6473840304991416
95 115 0.04406469841586192
95 117 0.19990902384449882
95 118 0.2610917294470166
95 125 6.459706090752375
95 126 5.074908042851143
95 129 2.082111090036757
95 130 3.6804406374098937
95 131 0.7959163185297029
95 137 5.802732255246283
95 138 0.16798090851237624
95 141 3.4325570521017004
95 142 6.612764622861117
95 145 0.4985720545966952
95 146 0.4839464053178721
95 147 0.3037416678722564
95 150 7.361378848954331
95 152 2.1376273363293077
95 154 8.856440084234714
96 4 0.12807759291645524
96 6 1.6552701790818856
96 7 0.46655064234970284
96 12 0.07570028513839856
96 14 0.09846791627108123
96 19 0.7524327701833429
96 25 0.22858857754781195
96 26 0.5986096481195614
96 28 1.3077776236168648
96 30 0.3002889357133565
96 31 0.39884800621571
96 32 0.05209897988375082
96 35 6.674093196983302
96 37 4.8869176640997445
96 38 0.5223143362221264
96 39 0.3261989345098392
96 40 0.6781008544536079
96 49 0.5687145973390414
96 50 0.0011180842702872816
96 51 0.025980760501957998
96 52 0.11841207149860218
96 53 1.355317732680392
96 54 1.087498590017227
96 55 1.6045376155191233
96 64 1.9099320001773086
96 65 0.13017371156057864
96 66 0.6490951305076027
96 67 0.5681056799172834
96 68 0.6595735338428258
96 69 0.16308666459431959
96 70 0.3642459132901092
96 71 0.7441817961626455
96 72 0.9380178455818236
96 74 0.6694472407167551
96 75 0.2423333946277632
96 76 0.43100917259716254
96 79 2.257029312249988
96 84 0.11033864440594304
96 85 1.2852455842701425
96 86 0.4513116806516912
96 88 3.3092732075040074
96 89 1.6755602571035508
96 93 0.49541720584769877
96 94 0.5052296246656125
96 97 0.3932754071152986
96 99 1.2463470029939412
96 101 0.8896284545188325
96 102 0.34945351403955516
96 105 2.8416912167136172
96 106 0.22629394855940818
96 108 2.0617533058663158
96 110 0.5266694808545823
96 112 0.3203810739722182
96 113 0.5328973961543068
96 114 0.4100918657331144
96 115 1.0453962096836633
96 117 0.12774610282776777
96 118 0.903782498180867
96 119 2.4184962412057334
96 121 0.7273828239073663
96 122 1.6671433129638633
96 125 2.1416496591119683
96 126 0.4811279627188103
96 128 0.7515034051147547
96 129 1.9529847990361107
96 130 0.2650346033240638
96 131 0.6541315365143014
96 133 0.26277850174019635
96 134 0.9049485420177301
96 135 3.0365764556314345
96 137 2.1816300137845412
96 138 0.09489648908629134
96 142 0.2606828413201553
96 145 5.405227065883661
96 146 1.1300694281673715
96 147 0.7981475590289955
96 152 3.418029115111828
96 153 0.1424855417713549
96 154 7.024834071884979
96 157 0.9576298252518689
96 158 3.21993582614381
97 0 0.5137312492829215
97 1 0.7615140200028061
97 2 1.8653589337271088
97 3 0.8100401364488844
97 4 0.022604400999148077
97 5 1.548480198526573
97 6 0.4773104642354871
97 7 1.863401779771391
97 8 0.5021860725591091
97 9 0.10828086300153941
97 10 0.8497139308407624
97 11 1.2243044884036023
97 12 0.22129544910042834
97 13 0.21248050726837572
97 14 0.6536844064904712
97 16 1.1568693474068568
97 18 0.043024347462244504
97 19 0.01919504320586434
97 20 4.048447549916771
97 23 0.9455187017605672
97 24 1.1658067253726803
97 25 1.402287850599473
97 26 0.3757583608070311
97 27 0.43752386972208157
97 28 1.6630342340972062
97 30 1.7839509604223147
97 31 1.4170350426984715
97 32 1.964116899182594
97 33 0.8272070086405686
97 35 1.6571044321159325
97 36 0.4117317656139968
97 37 2.3299402022584323
97 38 0.033101926949503015
97 40 0.5814403579054866
97 43 0.18186236335956385
97 44 5.3695719175802905
97 45 0.04273589136821938
97 46 1.1710112482773198
97 49 0.07698745380946377
97 50 1.2205708215708024
97 51 2.0149915279896007
97 53 1.3156979620216296
97 54 1.1969080241630725
97 55 0.47525056721319253
97 56 1.5587204254694418
97 57 0.025510901758899307
97 58 0.37051659961951655
97 59 1.3189709380343453
97 62 1.5090417405470626
97 63 0.3951679101381536
97 64 1.635033042562236
97 65 3.9920547584501858
97 66 0.2789542452434744
97 67 0.6847482726652855
97 68 0.9566921519780389
97 69 0.12151697308296698
97 70 0.5940159747935295
97 71 1.7513993591327814
97 72 0.04638669852552011
97 73 0.4189285468781619
97 74 0.4955521058626204
97 75 0.06189797758177994
97 76 0.23876807566055405
97 77 3.0440856631194757
97 79 0.5857519576930753
97 80 1.5505679193444626
97 81 0.5539037038609821
97 83 0.15425749740636888
97 84 0.47444156176245517
97 85 0.5527059347805747
97 86 0.055893205959812654
97 87 0.1292663065371721
97 88 0.7715340324213328
97 89 1.1332969038278182
97 90 1.1801671045056399
97 91 1.8161442048526535
97 92 0.2851033304265551
97 93 0.2204439838709806
97 94 0.16425974090101275
97 95 3.007888720242725
97 96 0.8429216747964215
97 98 0.6050415367807436
97 99 1.1670753744821019
97 101 0.21116673626061563
97 102 1.134949014187159
97 103 0.15284315997129336
97 104 3.438623520408691
97 105 0.0009995591289537356
97 106 0.29603725570860917
97 107 0.7764049805746231
97 108 1.5966380537426377
97 109 0.6946573230723007
97 111 2.580403050516199
97 112 0.1149726800321091
97 113 0.5547219913124334
97 114 0.015742996276385948
97 115 0.2586709449468348
97 116 0.13116893059236662
97 117 0.544817755577005
97 118 0.18267083565321568
97 119 0.8874080368181316
97 120 0.7904257188786319
97 121 0.43518387047528634
97 124 1.9156877194609028
97 125 0.15433905050257285
97 126 1.521684782484955
97 127 0.7431706670222837
97 129 1.2312494408406078
97 130 0.5150064451280433
97 131 0.057307619950103854
97 133 0.8486073678482494
97 134 1.080334369888052
97 135 0.6341986513369463
97 137 1.9964400034928345
97 138 0.7591869390034071
97 139 0.4734005869757805
97 140 0.31386879811802776
97 141 2.0564229896545108
97 142 1.3069513424784107
97 143 0.22302929162079935
97 145 2.3330324872447137
97 146 0.2906916179333596
97 147 2.0080424076664385
97 148 0.2736741620321653
97 149 0.5347455361729841
97 150 1.7438352751173574
97 151 0.9253490984950092
97 152 0.3931600995436192
97 153 0.5748112822574067
97 154 2.0280322922805833
97 157 1.0279463471996473
97 158 1.9545470908373794
97 159 0.8240573304311986
97 160 0.0045576701661041285
97 161 0.0707180547234203
98 4 1.2758939767809383
98 6 2.1902590650945926
98 7 1.6013984480441206
98 11 0.2760797195644468
98 12 0.3020017376553437
98 14 0.38463578636295254
98 19 0.1654495137506883
98 20 0.1608714499084235
98 21 3.3241623085784906
98 22 4.786142576601389
98 23 0.5329445164988784
98 25 1.4746653858635288
98 26 0.9573489916290896
98 31 2.2206794997902133
98 32 1.8355277405275265
98 35 0.9372816746928553
98 36 0.19495610094303162
98 37 0.5850179949411909
98 38 1.8791605747479465
98 39 1.198555269307788
98 40 1.4246370160570552
98 42 0.8523688953086163
98 45 0.3474100060710177
98 46 0.9328693174919549
98 49 1.7878065839080315
98 50 1.6824583036397296
98 51 0.9482895345885889
98 52 0.0009630535701678453
98 54 3.3087001989769163
98 55 4.504182096553642
98 56 3.628492199365006
98 58 4.584042474094407
98 59 0.20922098509492376
98 64 0.27527541401464295
98 65 0.23311365661107078
98 66 1.7329903742468105
98 68 2.1215347882634266
98 70 1.2619969853474737
98 71 3.061290372055098
98 72 0.6961033448834473
98 73 4.508281904644811
98 74 5.201465831557079
98 76 0.017523798286452365
98 77 1.18823273240642
98 79 1.1967839340786233
98 83 2.1341448258043756
98 84 0.24665617907068915
98 89 0.5489909923541714
98 94 1.1235330932908671
98 97 1.702892888577085
98 101 1.5462605434295442
98 102 1.5743093241796304
98 105 0.35269168921709454
98 106 0.6160515648293102
98 107 1.4703818398074266
98 109 0.11436780363696775
98 113 2.902459907094305
98 114 0.9146151136347461
98 115 0.3485928912190005
98 117 0.6388818712805455
98 118 1.3742449399398196
98 122 0.20357738094584896
98 126 0.8338809488490141
98 129 0.7132099759454786
98 130 5.470764145224771
98 131 0.1633972425401733
98 133 1.029124917467031
98 135 0.002908049233070169
98 137 2.5284854125840095
98 138 0.904890410101944
98 141 1.8873804557391858
98 142 0.09764441087673283
98 146 1.0010387932736247
98 147 1.2990611708523883
98 152 1.581483255618557
98 154 0.46007064315082175
98 157 0.607787710732857
99 7 0.4839362814024608
99 11 0.021611200970067173
99 14 0.7071028427508499
99 19 0.3404951601715818
99 25 1.002650866316746
99 26 0.4919284636596965
99 30 1.1907226619899092
99 31 1.3283962617002494
99 32 0.2811811968947188
99 36 0.38645438635316326
99 40 0.4164211810812096
99 43 1.1500317989889581
99 45 0.6821265950224564
99 46 0.20721194973370388
99 51 2.0742153329844757
99 54 0.32354189290639146
99 55 1.843221471604576
99 56 0.27948162087507855
99 64 2.108292391995707
99 66 0.3886825690478712
99 67 0.006745040069265808
99 68 0.44794399444785055
99 70 0.9300122126781927
99 72 0.6704064113034875
99 73 0.12585297538661003
99 74 0.9742031629532537
99 79 1.647481128054181
99 83 0.11117630449220962
99 84 0.25334103073235625
99 87 1.625653574950075
99 89 0.40744906538943676
99 97 0.19522155116408801
99 101 0.007800850134193985
99 102 1.1656393700475756
99 106 2.9309571059278667
99 113 0.25009764413152025
99 115 0.9860948107336808
99 117 0.14064061743715095
99 118 0.41703818663790854
99 125 0.6462827122479392
99 129 0.2917228860720562
99 130 0.3225681078958931
99 131 0.06804425465224924
99 133 1.2979983854768142
99 137 1.9372649677215026
99 138 0.6671547466558095
99 142 0.6365529520237304
99 145 0.9419503995641667
99 146 0.0841815250222175
99 147 0.03881599027766859
99 150 0.004354725442332206
99 151 0.002971801184299338
99 152 0.12339240104981666
99 154 1.5143214144082262
99 158 0.3397656880339064
99 161 0.33031636182876056
100 4 0.7663653407782904
100 6 2.2482606896689057
100 7 1.9758252545498947
100 14 4.249286816399077
100 19 0.38817386742644966
100 21 0.6778391665751733
100 26 0.25329978686126225
100 30 12.055676720456018
100 31 0.13103046219554945
100 32 0.3514265569844992
100 35 6.6959762021134885
100 37 0.7001986578992875
100 40 1.580997742439909
100 43 1.170451407606847
100 45 0.6255423769135405
100 46 1.8008415571101648
100 50 1.9939484207718787
100 51 0.15461944865864807
100 54 0.8779084404158476
100 55 2.589902616908117
100 56 5.689212080201416
100 59 1.0277320783237012
100 64 2.4905505992145756
100 65 3.4167977844799275
100 66 0.12064052692098133
100 67 0.17630920153592863
100 68 3.0593461320931388
100 70 1.0908053660024541
100 72 0.7142051688306343
100 74 1.8720875977004083
100 75 0.36719424019225894
100 76 0.6705185937326343
100 79 1.218823305986829
100 83 1.89238943578014
100 84 1.1978282828415956
100 91 1.379089231214689
100 93 0.290218225236751
100 94 1.857963775072578
100 99 2.603139857317012
100 101 0.0341092994146943
100 103 2.918259562492524
100 106 1.2527317679582493
100 107 1.803887204301607
100 108 2.208350538207027
100 114 0.29255959286683153
100 115 1.537119629959553
100 117 0.2636992558844279
100 118 0.26893656371990904
100 125 0.8572356045302917
100 130 2.4054478244863855
100 133 1.213883434180559
100 137 3.8726462605123406
100 141 0.14202257159101656
100 142 0.17871290179834703
100 145 1.5119125986494937
100 147 0.7464317233478789
100 150 1.6569610204090839
100 151 1.4529316319926515
100 152 0.86160852273356
100 153 2.022047739965302
100 154 3.1501121276516293
100 157 1.606253253686046
100 161 0.15714698928915813
101 0 0.4231513586938205
101 1 0.7647397732918371
101 2 4.1941551990192645
101 3 0.33434899613805147
101 4 2.3260663302671896
101 5 0.38726443502066793
101 6 0.46335566931680156
101 7 0.23887410093834352
101 8 0.9779489669381428
101 9 0.13385584474750092
101 10 0.26772181931120514
101 11 0.9517484805192923
101 12 1.4188258648804821
101 13 2.565274674988465
101 14 0.22892361910357148
101 15 0.15802781028368984
101 16 0.597369968968985
101 17 0.26125243379543467
101 18 0.7213291412141124
101 19 0.6027582880496364
101 20 2.959157050693158
101 21 4.135507582976449
101 22 4.73527096763953
101 23 0.43254051445145103
101 24 0.9366528684842401
101 25 0.5126666182421065
101 26 0.9724188020777663
101 27 0.3702102207785307
101 28 0.3974035062208233
101 29 1.3234645296597223
101 30 1.7722731703510373
101 31 0.0980079390033742
101 32 0.6349207727613575
101 33 0.5437488433237841
101 34 0.07311851544451001
101 35 1.704780361671367
101 36 0.04527145326307829
101 37 0.0234910196821739
101 38 0.2717129719728703
101 39 1.4300452737241547
101 40 1.4137781698348277
101 41 0.739778640366858
101 42 0.13916544955014745
101 43 0.03946583868024296
101 44 0.6598410880217825
101 45 0.07460160274647053
101 46 2.3468909438365353
101 47 0.78242629377941
101 49 0.1386962432801743
101 50 1.0320741798833188
101 51 0.03127446726276822
101 52 0.31151571861471916
101 53 1.0796620502005776
101 54 2.111086934562165
101 55 1.2539928138484844
101 56 2.230288776412955
101 57 2.172392332532525
101 58 1.7732806867306181
101 59 0.09399294519204249
101 60 0.34102986912055205
101 61 0.894435530230462
101 62 1.716162389935541
101 63 3.9488954265840785
101 64 0.7932010613720566
101 65 1.1077947349387494
101 66 0.4607193403706529
101 67 1.1760140088502322
101 68 3.99190637597808
101 69 1.8190984735751354
101 70 0.4419389694758761
101 71 1.9459386275735175
101 72 0.0990297526964588
101 73 0.6234426491383095
101 74 3.3591422056814144
101 75 0.9429519921745355
101 76 2.6652786279622425
101 77 0.20527195362698858
101 78 0.2210117360324808
101 79 0.11889426055569709
101 80 0.33822917983010575
101 81 0.6506065577644382
101 82 1.903067968448366
101 83 0.7070191633231043
101 84 1.591792034568637
101 86 0.9159981469495444
101 87 0.48827063380846575
101 88 0.2788510993914371
101 89 0.9473113138974134
101 90 0.3369148717705006
101 91 2.8805405692217643
101 92 0.6234828001769995
101 93 3.77042939938945
101 94 2.807047631930989
101 95 0.19513810548487368
101 96 1.6449851905450654
101 97 1.0502805774971897
101 98 0.5507290314941673
101 99 3.027518100532072
101 100 0.5985855148900181
101 102 0.5743568354351135
101 103 1.1966976141854713
101 104 0.7161291364188388
101 105 0.4237530487775936
101 106 0.5135528226932333
101 107 0.3194243155348794
101 108 0.18521845219533836
101 109 1.2987175985333819
101 110 0.06249240839564159
101 111 1.6336863323319502
101 112 0.39465783050891445
101 113 0.28677622404270364
101 114 0.3159893479605946
101 115 0.42767624552436595
101 116 2.340985792504158
101 117 0.4439068519859096
101 118 0.15469110691436636
101 119 1.011865133188191
101 120 0.2592341161146394
101 121 0.06052187494462116
101 122 0.8456306300156502
101 123 0.14533064895042885
101 125 0.003193561848063508
101 126 1.543035952134029
101 127 0.30341472366555433
101 128 0.2785606089719627
101 129 1.9667992942348533
101 130 0.041877858056867216
101 131 1.2923044650649582
101 132 0.08287439713922228
101 133 2.477448128723603
101 134 1.5930626729947819
101 135 0.4743490778057508
101 136 0.5701617122304742
101 137 2.597564874451634
101 138 0.3236474552058483
101 139 1.0042784675757366
101 140 0.5086175502289417
101 141 0.28864203297488916
101 142 0.00945489843534414
101 143 3.4053574650597374
101 145 1.4852690667549595
101 146 1.8754474133455366
101 147 0.11319945619692189
101 148 0.08221605974972857
101 149 1.3457072797455478
101 150 0.9413318351567226
101 151 0.16393412844082875
101 152 1.7074541684570355
101 153 0.742752409576148
101 154 0.22555496775083111
101 155 0.05656500495886871
101 156 0.811991616456185
101 157 0.47612536894091256
101 158 0.2512810882823746
101 159 0.6728661676592527
101 160 0.10237337287410475
101 161 2.7326738517548956
102 0 0.22560041673735498
102 3 0.14847049426009934
102 4 1.964812377530582
102 6 3.8257131091768994
102 7 0.14033499788618606
102 8 3.4944580061002193
102 9 1.1165421624232226
102 10 1.5636674455829191
102 11 0.7718521508340771
102 13 0.6314489700473847
102 14 2.077465663533464
102 15 0.951514825992292
102 16 0.104790592475153
102 17 1.023026013757582
102 18 0.16774536121978412
102 19 0.45845511073807294
102 21 9.134266454617132
102 22 0.7970214168557176
102 23 6.063087564411865
102 25 0.1276805075373668
102 26 0.37727451323839334
102 27 0.059644131410329176
102 28 1.115723377226557
102 29 1.0443401965190422
102 30 1.9180047834579463
102 31 2.712300476733277
102 32 0.8777745936301655
102 35 0.6867944556827451
102 36 0.13196333846012379
102 38 0.29549875645514334
102 39 1.522043578485056
102 40 1.1097590962943265
102 42 0.9847164675163325
102 43 0.6609642881669989
102 44 1.1007896258065648
102 45 0.4412514706133286
102 46 0.062482856320579
102 48 3.598051295810018
102 49 0.8656000959289443
102 50 2.0620912306561743
102 51 0.41023543757798264
102 52 0.2530217962002467
102 53 1.1488125670838172
102 54 3.1349475762616543
102 55 1.7835207035955951
102 56 1.4434509207432924
102 57 0.255476862113
102 58 0.8743474897114843
102 59 0.08080838163361334
102 63 0.027099133328371154
102 64 1.5618512245007237
102 65 0.3504949613963754
102 66 3.1661647340695382
102 67 1.1329244811866281
102 68 1.2926233346778988
102 69 0.35794924698117986
102 70 0.05131875304456812
102 71 0.24707898754633756
102 72 0.1941974147821721
102 73 0.8893846987655185
102 74 1.077260678435949
102 75 0.3311683458179146
102 76 2.6629254520362
102 77 0.6870212645433625
102 78 1.8521919591801748
102 79 1.2761791684790096
102 80 0.04340037316623062
102 81 1.535642682576327
102 83 1.2977924795289149
102 84 0.9230931572067802
102 86 1.3805283635302787
102 87 3.47463747491235
102 89 0.788998840928432
102 90 0.5244428524424867
102 91 0.22396469678806208
102 92 1.9532828276021343
102 93 0.38360091088123066
102 94 0.08180163597187205
102 95 0.07599672539979181
102 96 0.5118628337447654
102 97 2.2526340023641094
102 98 0.2619393099362866
102 99 5.605182993179039
102 100 0.44284711437456853
102 101 3.064252343326299
102 103 1.2556506992504053
102 104 0.893842742962184
102 105 0.19072589141810123
102 106 0.5375805396566947
102 107 2.1618990840161745
102 108 0.37051411151709907
102 109 0.2542456719624312
102 111 1.1088367622892379
102 112 1.4272365829922118
102 113 0.1648464568012324
102 115 0.17276132805633734
102 117 0.025926672356419288
102 118 0.5341785187167435
102 119 1.5271741573130257
102 121 0.5605299422674594
102 122 0.5575593433241126
102 123 1.3860926987724036
102 125 2.0246787194188114
102 126 0.48395083739429723
102 127 0.2427302932279851
102 128 0.11840505328395103
102 129 2.6098338340544385
102 130 3.497071593895259
102 131 1.144827639818401
102 133 4.293029685882392
102 134 3.3741082984684745
102 135 0.6227076334738978
102 136 1.7707704685652443
102 137 1.1883852507377572
102 138 0.30714591951463155
102 139 0.5133433307938727
102 140 0.6685494597295062
102 141 0.7953054405082243
102 142 1.1710528092141665
102 143 1.2915163937833538
102 145 0.0660171854475969
102 146 2.1520348466990136
102 147 0.7630519675978453
102 148 1.907656302796535
102 149 0.01691061483114152
102 150 1.8007603980420877
102 151 2.2013893936912083
102 152 2.329024396284351
102 153 1.8522747107163717
102 154 4.357869631277479
102 155 1.5250386588656313
102 157 0.2601519811183454
102 158 3.4437988296879647
102 159 0.15008570836601393
102 160 2.068118567667821
102 161 0.1502749661528604
103 1 1.0687813361619765
103 4 0.6783645977927494
103 6 0.14201913418325499
103 7 4.239341252440153
103 8 1.4710496116553968
103 9 3.473597114799611
103 10 1.0891794787928895
103 11 1.4701114972977636
103 14 0.30662610532271445
103 17 0.902462802977472
103 19 0.26932277853593417
103 20 2.818347054584005
103 21 3.1529329150673666
103 22 0.38734388587680285
103 23 1.420620284181248
103 26 0.04998800927178306
103 28 0.6107907247955353
103 30 1.7496407696706442
103 31 0.019949497059919413
103 32 2.5866732370104653
103 35 4.518048626111753
103 36 0.40091731389826774
103 37 0.9566300255170761
103 38 0.1135533246809439
103 40 3.123826618723604
103 42 3.871113447117763
103 44 2.5080378985858105
103 45 1.4373010344624741
103 49 0.2349533365778895
103 50 0.3848803477348021
103 51 0.5196899699330951
103 52 0.3187594621943394
103 53 0.6023959592729945
103 54 14.689004582891881
103 55 2.1564141737035443
103 56 1.267026699904669
103 60 0.864037611774169
103 63 2.6263442973918
103 64 2.618675074607487
103 65 0.3645982841678701
103 67 0.16130675025101912
103 68 1.7711846623176497
103 70 0.18812980863059212
103 72 3.856047756493042
103 73 1.7917986152277119
103 74 0.11067893188831181
103 76 0.6807615263471958
103 77 3.538624186078881
103 79 0.6028165287570693
103 81 1.2084630448974703
103 83 0.7386156763223878
103 84 2.9558222748835967
103 88 0.9917303250806264
103 89 0.002073530965539104
103 91 1.1376698103538663
103 93 6.617681604583938
103 94 4.228063853208788
103 96 1.330091501775227
103 97 1.1448852957674849
103 100 0.018255780038731254
103 101 0.1432384645750652
103 102 1.3477157458049283
103 104 0.14249881588883787
103 106 3.265733956197165
103 108 0.005320491451644159
103 109 4.349317042049706
103 110 0.6008149644718278
103 111 0.31539933339332066
103 112 7.560404019827399
103 113 0.21262659075270895
103 114 0.34935005675171027
103 115 0.8988522813680552
103 117 0.17840438484953905
103 118 0.6258104809323343
103 121 2.0590385556541126
103 130 10.00381333390865
103 131 3.8539704452234544
103 133 2.5557593338358324
103 134 0.9499596851871894
103 137 0.5480230768050391
103 138 0.3643639307088317
103 141 0.017905579618459625
103 142 6.369339809438336
103 143 3.307291483739551
103 146 0.9902526185624536
103 147 1.4885597949226095
103 149 0.7128171279583428
103 150 0.08187807793767643
103 152 0.3279888454051837
103 153 0.46495157555261923
103 154 0.36189892231013365
103 157 3.3179818203123213
104 0 0.9988859297279086
104 1 1.2550048444134738
104 4 5.336412949586191
104 5 3.0956237140029037
104 6 4.010850860176267
104 7 3.915315562649622
104 9 0.6119670912194064
104 11 0.8523316886661827
104 14 0.022080922105547185
104 15 0.5905238330408443
104 19 2.1734218875371143
104 21 0.08236111990027903
104 25 1.1613661976649112
104 26 1.5750577664412573
104 29 1.8074070862041416
104 30 6.004160857144083
104 31 1.1410561716908945
104 32 0.30076169073091696
104 34 4.7670258848540925
104 35 1.707396191560602
104 37 0.80052266502909
104 40 1.7689860244211413
104 42 0.01300699583259976
104 49 0.053788632594416984
104 51 0.5341871266484147
104 52 0.8920012587781065
104 54 2.144863210577056
104 55 5.112227326432459
104 56 0.6615370764635258
104 57 9.156156208996023
104 58 0.9162835532894248
104 59 0.8709000330818536
104 61 1.0922133112231498
104 63 1.0690414509933919
104 64 0.4849140242430063
104 65 1.3390942343197059
104 66 1.6885360121636057
104 67 0.5563025808137091
104 68 2.768255503229927
104 69 0.43709693725384674
104 71 1.2481034431310016
104 72 4.486531563909984
104 73 1.195980841860417
104 74 6.628989956814643
104 75 1.0562826782982897
104 79 0.5230599526104125
104 82 0.2347990406099092
104 83 0.5565669147796589
104 84 4.808226616831758
104 86 0.7389417903222288
104 87 1.217254623161097
104 89 0.666577819235505
104 91 0.44363906472933107
104 93 18.45388836957373
104 95 0.6434982205521695
104 98 0.6005372669836695
104 100 0.8520464137798193
104 101 1.481167093862347
104 102 0.7467106608064201
104 103 0.9263402288008331
104 105 1.4318962558502393
104 106 9.761409979220904
104 108 9.620494383818295
104 113 1.0743432229798469
104 114 3.099706687655828
104 115 1.319047958229332
104 116 2.0325872279549313
104 118 0.41610456906309673
104 119 2.5098799651594224
104 122 2.1503412469478707
104 125 10.415870193147482
104 126 0.2669632253037962
104 128 2.1208080949158594
104 129 2.727288182538121
104 130 3.328328020819686
104 131 0.021299599172322322
104 133 9.78399910191825
104 134 9.36473451964145
104 135 3.5010381811256317
104 137 2.988173060166403
104 138 0.04938850072309824
104 139 3.254726572615743
104 141 0.5214608824046859
104 142 2.633025907761706
104 143 1.0028895816612773
104 146 0.5459612223515637
104 147 0.1625891590429857
104 149 0.6284367246304878
104 150 1.557631324100212
104 152 3.1579605901349703
104 154 0.7590825869358959
104 155 1.716542861008795
104 157 0.25461639469185604
104 158 5.872004365302288
104 161 0.43896289838166247
105 0 0.1824111703196278
105 1 1.4858410749265527
105 2 3.368050903081012
105 4 0.21129725740090882
105 5 2.7121534234364386
105 6 0.7536129014107162
105 7 1.6417172656752528
105 9 0.609504216964313
105 10 0.16301978510894988
105 11 1.2496429388613766
105 12 0.33787794838531565
105 14 1.7869142292418803
105 15 1.3166193301941318
105 19 1.4254390792364884
105 20 9.48104155661313
105 21 0.01740557124105937
105 22 0.13955302442033385
105 23 1.298230235758991
105 24 0.03205739779689485
105 25 0.7719734107716492
105 26 1.297440024640277
105 28 0.5652728789927187
105 30 0.6484521155973745
105 31 0.65596541129101
105 32 3.2403182872632765
105 34 0.2941044796833913
105 35 3.2276631129754367
105 36 3.0455096906547374
105 37 0.625601559863723
105 38 0.31763138928950285
105 39 2.1403340452990016
105 40 1.0940717145241168
105 42 0.557111882883225
105 44 0.6028976740456533
105 45 1.2058838985809521
105 46 0.5861509382627867
105 48 1.724864472646835
105 49 0.8280456144542692
105 50 2.377755053066103
105 51 0.9197291766545256
105 52 2.998680340362031
105 53 3.417883212801477
105 54 0.43856278108430696
105 55 0.667285989783227
105 56 0.09822208030217575
105 57 0.10996351286557283
105 58 0.6169305869389455
105 59 0.6906942272378969
105 62 1.9353668996832027
105 63 1.227170152229633
105 64 2.548502107817154
105 65 2.066474403814896
105 66 1.184478648351696
105 67 0.10217939609907786
105 68 3.377487626392323
105 69 1.6069448585267745
105 70 3.7141887995692415
105 71 0.9229475243013456
105 72 1.3320234734647798
105 73 0.41309203948445655
105 74 0.21446940641091441
105 75 1.7877924822299354
105 76 0.13898568396187355
105 77 0.842367222672432
105 79 1.1102424368917294
105 80 0.13778620691706203
105 81 1.4667077210351378
105 82 0.7811933886284902
105 84 1.1760818321724513
105 86 1.0323721381049515
105 87 0.5217691300443087
105 88 0.41649191061437585
105 89 6.586340556643671
105 90 1.6411080593510305
105 91 0.1347255886251474
105 92 0.7427764536991581
105 93 0.8344694036201458
105 94 0.12716392020746137
105 97 1.0359173686857943
105 98 0.22816416285503652
105 100 0.2624573103880121
105 101 2.5476271918846733
105 102 0.20073197491467823
105 104 1.1356468573008067
105 106 2.065033809496046
105 107 0.046470943148042176
105 108 0.6766142963405165
105 109 6.13708146218382
105 110 0.12766714542759425
105 112 4.655087534026182
105 113 0.680534913390275
105 114 0.4462298805287873
105 115 8.989058419154144
105 116 4.186636332640668
105 117 0.23612151862987565
105 118 0.2476479511290815
105 119 2.597506006073343
105 120 5.45122538986449
105 122 0.9390983662851123
105 125 17.440448843645314
105 126 1.1054214813824856
105 127 1.6453726914069973
105 130 2.9403736846872732
105 131 0.03761616767597858
105 133 0.017194292969254992
105 134 3.260311562876943
105 135 0.43141389501201266
105 137 0.4402079000454511
105 138 1.7168023200582707
105 141 0.4250285281069198
105 142 7.6212485345537075
105 143 10.426571360420592
105 145 1.8140691274855272
105 146 2.313269553601839
105 147 0.46871129246701604
105 149 0.4316466157705802
105 150 0.20325396680518282
105 151 0.7979472722172694
105 152 1.6505904411425196
105 153 2.966566545180294
105 154 0.5490580595436133
105 155 0.027492621911722005
105 157 0.4326905791765386
105 160 12.078542634610361
105 161 0.6508544047344613
106 1 1.40813630089108
106 2 3.2224664993282777
106 3 0.09621622177487885
106 4 3.5022303955330325
106 5 7.447646230797833
106 6 2.2817515346216832
106 7 2.7199539331047373
106 8 0.033984851472674875
106 11 3.9757198604056976
106 12 0.12064190176458793
106 14 1.0072441207211182
106 15 4.114493275619792
106 16 1.7410434583138525
106 17 0.15535130874603229
106 18 0.003482742650402257
106 19 1.0116080853042106
106 21 0.17367483251823043
106 22 3.9338808727749552
106 23 1.776502068817558
106 24 1.3739967883412423
106 25 0.039411497466934405
106 26 4.6559387149066165
106 27 1.5183649741536465
106 28 1.9274987939798953
106 29 1.5049623174355002
106 30 1.1331906916145162
106 31 2.843146562114268
106 32 1.7831544564090684
106 34 0.6899911082760094
106 35 1.3606520272338813
106 36 2.2588332546437315
106 37 0.34087937907204896
106 38 0.1390187772668037
106 39 0.25107568190725266
106 40 1.1084422382603831
106 41 0.6643798145349136
106 42 0.049034766139582076
106 44 0.49278958265882405
106 45 0.5034038579002599
106 46 0.3762943688728444
106 47 0.14748107073981045
106 48 3.2724283602025745
106 49 0.7146311177239675
106 50 0.27525278424989313
106 51 1.0529647596577245
106 52 2.7043505794058724
106 53 4.729086145349969
106 54 0.7896023530320175
106 55 4.0352183269763655
106 56 1.7486004750454212
106 57 0.6154211737410356
106 58 3.422112975680766
106 59 0.7424077958383197
106 61 0.5882430296285066
106 62 0.10613118905514224
106 63 5.745334994671463
106 64 1.2797490981087312
106 65 0.32664125926314
106 66 0.32258434159539184
106 67 0.7019554240223279
106 68 0.2996721509647763
106 69 1.7506678596977605
106 70 0.15358401553586043
106 71 0.49448898527606133
106 72 0.02931898658658057
106 73 0.02119667802101911
106 74 0.6236151393672412
106 75 1.2677316282978146
106 76 0.6359499425078455
106 77 0.33309830837717735
106 78 1.1274962352779876
106 79 0.9537240656951002
106 80 0.4234345988044325
106 82 0.6222444698008301
106 83 0.012204943491416482
106 84 1.5196292887088958
106 85 0.16236355443857717
106 86 2.7159257593334645
106 87 5.826399135716308
106 88 0.12085037509567104
106 89 5.140605693476611
106 90 1.45042998845394
106 91 0.7815619070612544
106 93 0.3685201845171003
106 94 2.0029254801845626
106 95 0.871836704021538
106 96 2.3721590140118987
106 97 0.2264129330524046
106 99 1.4462891735954355
106 100 0.08138957713632951
106 101 0.9908794182353808
106 102 0.8316303848819251
106 103 0.1720296252437135
106 104 1.167324949064077
106 105 0.9598416158260241
106 107 0.6412604068399193
106 108 2.4622039999613916
106 109 1.5522964408574274
106 110 0.517782187139597
106 111 3.1734070376979355
106 112 3.7526191640872826
106 113 1.8509922968497114
106 114 1.6220538379109557
106 115 3.469045198094056
106 117 0.8197301124828966
106 118 1.7502631987299733
106 119 2.016979847474778
106 120 2.8330950180317087
106 121 1.0842983444830485
106 122 1.122798849225198
106 124 0.7272242545422546
106 126 1.2917629321631008
106 127 0.7775067945392443
106 128 1.8176361267153434
106 129 0.002059739594464125
106 130 1.2629976435649577
106 131 1.2128565013853818
106 132 2.6515790089012308
106 133 0.47822022890957305
106 134 0.8925208212407034
106 135 4.368295801752296
106 137 2.9729257495399284
106 138 2.97307993108215
106 139 2.236658024924479
106 140 0.32815535337186874
106 141 3.3551095045118142
106 142 4.780436792157279
106 143 13.230132217844845
106 145 1.3713393997611778
106 146 0.5537795340529507
106 147 2.1071661835618563
106 148 0.5361427231961721
106 149 0.3892162831491358
106 150 8.519255111129675
106 151 3.20540455016221
106 152 0.716915001396421
106 153 2.161902938957451
106 154 7.830527039650885
106 157 0.32495371676879253
106 158 1.4437526478409741
106 159 0.2981433295440198
106 160 0.2986865218532219
106 161 0.790492020314855
107 1 2.205275811065421
107 4 0.16737627114198186
107 6 0.7571885923649904
107 7 1.8566732820375922
107 11 0.585667348836068
107 12 0.982131434772125
107 13 6.64422305320018
107 14 5.239257828212349
107 17 2.057410724258691
107 18 0.4920152149909372
107 19 3.2516370020955128
107 20 3.585882686389255
107 21 17.567891497568873
107 22 7.285378222323955
107 26 1.2566188530988944
107 27 3.4480631656252316
107 29 1.1399395738304896
107 30 14.113996007611938
107 31 5.122397624616011
107 32 1.6450122543293018
107 34 0.6833688963754089
107 35 9.225205200476921
107 36 0.9101996947095031
107 37 11.111208549239617
107 38 1.9660873228180888
107 40 8.282641673723978
107 41 0.5860356979473064
107 44 0.45516882681066223
107 45 1.5427884748227896
107 46 4.202776633114596
107 49 2.102465531960633
107 50 0.693609693205375
107 51 0.7753425289099652
107 52 0.8579987130110239
107 53 8.589130686888225
107 54 4.833383626127245
107 55 1.5954257195538393
107 56 8.443621027416091
107 58 4.988613399248816
107 59 1.9156419365482549
107 62 3.874436220007924
107 63 13.194385056261218
107 64 23.964337313831265
107 65 0.7255137951090216
107 66 1.022231973740738
107 67 0.2464244483042499
107 68 9.131877326215553
107 69 3.1371496768041305
107 70 0.5626827376975773
107 71 1.6072965459274005
107 72 1.4131085224259234
107 73 7.9398427351652705
107 74 6.007985200282153
107 75 1.2928940622748037
107 79 1.0023138497932427
107 83 0.7216283304664661
107 84 0.07606062858635122
107 86 0.23145013621089952
107 87 0.18834962030654528
107 88 1.9445498604554583
107 89 2.31305962534282
107 91 0.4016613804389076
107 93 1.4672502403885215
107 94 0.8167130052119699
107 95 0.35504416115194337
107 96 0.33978563635119635
107 97 0.4911317485014409
107 98 0.33481742427938677
107 99 1.0620407554170928
107 100 0.3683537381963732
107 101 0.7544499512779561
107 105 1.0431605216672712
107 106 2.6085364374698865
107 108 1.732318881809705
107 109 6.161197323491067
107 111 2.2257495241540934
107 112 19.758022774616318
107 113 0.23888868955421977
107 114 0.128294974596152
107 115 2.3732055251289568
107 116 1.8190124630542632
107 117 3.09285961887768
107 118 2.6396595393945166
107 120 0.9937674617411505
107 122 0.3315052615997219
107 125 28.765327668502145
107 126 2.392885591428947
107 127 10.75737310207122
107 129 3.877111975184777
107 130 5.7658673818177055
107 131 0.14257720933980048
107 133 2.1055808028853975
107 135 0.03529734692389052
107 137 19.995819890499956
107 138 2.158878516198506
107 141 0.7387992898047485
107 142 11.0375426342822
107 143 23.03423032514279
107 145 1.0074942937854812
107 146 1.7592718151835691
107 147 3.172211288514626
107 149 0.8781493448184933
107 150 3.9416666265433737
107 151 12.722397434706224
107 152 24.062197738631895
107 154 1.3124467209971147
107 155 3.898682282328331
107 157 8.178591353812998
107 158 5.302961947910438
108 1 0.4372787184500123
108 4 2.6804494869967006
108 5 15.151018429159842
108 7 0.5024459165023448
108 9 0.2929076913821267
108 10 1.4270424006187203
108 11 3.810043999247899
108 12 1.5569821680604023
108 13 2.629396735619911
108 14 0.9205998418643142
108 15 2.010176701607365
108 18 1.2518850800163628
108 19 0.20435214706265387
108 21 6.173911449806234
108 22 0.260679564665558
108 25 0.9915191500092205
108 26 7.17870036378225
108 27 0.007296621251399233
108 29 0.3975568552040633
108 30 1.582355930485623
108 31 1.3432662102985522
108 32 1.6705796495736238
108 35 3.448097788281525
108 36 0.9281468857435426
108 37 0.9993803945189763
108 38 0.445616296136852
108 40 2.350590193013956
108 42 0.2987789732207383
108 43 0.026408400033238924
108 44 0.015423302706910634
108 45 0.07805453891026234
108 49 1.2746211307063906
108 50 0.011777007789470257
108 51 0.0714092348977682
108 52 0.41565367450017854
108 54 1.8190775703382354
108 56 6.986276393879547
108 57 0.15315553796691408
108 59 0.3986291640737406
108 61 0.7625976584677223
108 63 0.7023962090702665
108 64 0.003585536694037399
108 65 0.33577060083430005
108 66 0.9319339094073698
108 67 0.5623523855133332
108 68 0.07681569424267157
108 69 1.0395278846367884
108 70 0.6373684016761402
108 71 1.720655913319165
108 72 3.7043206350437607
108 73 4.703122684310618
108 74 1.0965575909687473
108 76 1.4532131647166098
108 77 1.4743814948740985
108 79 0.30156067950965043
108 83 1.0558677325113741
108 84 1.1385743450285846
108 86 0.10289607191628322
108 87 3.6727256121724827
108 88 2.830507748925204
108 89 0.6877333381758792
108 91 0.2320232121414505
108 93 16.864991720366778
108 94 0.12752374508826747
108 95 0.1920095435302516
108 97 0.12176824212587857
108 98 1.698732233312548
108 99 7.41516365579155
108 101 0.8416235675150784
108 102 0.5913974968105965
108 103 0.45461960678631586
108 105 7.029656171295517
108 106 1.9287402527677036
108 110 0.4479809497420003
108 112 0.4248591304800444
108 113 1.5914067271198058
108 114 1.4117096324086718
108 115 0.14527810731385868
108 116 0.5017591840061565
108 117 8.02517183945552
108 118 0.08021732396961508
108 125 4.622169225648321
108 129 1.0223433953431138
108 130 2.695217068523807
108 131 1.7598721824502292
108 133 4.207804850083814
108 134 9.284043439056246
108 136 2.6646661198888677
108 137 2.519993262066577
108 138 2.7291030256614657
108 139 0.6430523297284773
108 141 4.688020635440027
108 142 12.86162710291198
108 143 4.884229077843844
108 145 0.7151063387250398
108 146 0.4791602079268217
108 147 0.9360909682234675
108 150 2.6988541809417455
108 152 1.338072412369137
108 154 9.767882351525703
108 155 2.5554215423697175
108 157 3.22616736048674
109 2 0.20363858071548316
109 5 0.743273596535986
109 6 3.3280912606245936
109 7 1.0053096259054013
109 9 2.949749369965689
109 11 0.6685941788979628
109 14 0.31887826740011826
109 18 0.736011637844578
109 19 1.6012429366758023
109 20 3.539940063301149
109 21 1.586147625061177
109 23 1.9135963727260688
109 25 0.9598427449899786
109 26 0.4145997143235861
109 30 4.880700834500168
109 31 0.06498689151921483
109 32 0.11947314963929011
109 34 2.6204713382824574
109 35 0.6500004535904428
109 36 3.160541390165673
109 37 0.8761542865442516
109 38 0.13024964607937065
109 39 0.5722787233400378
109 40 2.213442490355595
109 42 0.11406765688083502
109 43 7.320777943078323
109 44 2.5432678481819977
109 45 0.30327717839316715
109 46 0.5404480643960579
109 49 1.6619864211890412
109 50 0.343283617294622
109 51 1.028901366087744
109 52 0.810765644711936
109 53 1.0851713706314727
109 54 3.3764861227557232
109 55 2.4613521551574915
109 56 0.48966109248039424
109 57 1.2329285562196548
109 58 0.6976131348719786
109 59 1.3353808345595104
109 61 0.13678794774369712
109 63 0.6457536038937085
109 64 0.7541581491825072
109 65 2.2558115069735982
109 66 0.6920876401391649
109 67 0.05643556129130154
109 68 2.6274226734382236
109 69 1.724195631721383
109 70 0.24861235965582165
109 71 0.6911927500368187
109 72 4.02914852574559
109 73 0.5800443363044233
109 74 0.18463646570931092
109 77 0.14528154880408706
109 79 3.2995508290654283
109 82 1.2066163478795544
109 83 2.1408848626841337
109 84 1.7390141235188499
109 87 0.11763477983262369
109 89 0.46941813517854236
109 91 1.1670718590283946
109 93 1.684771500613418
109 94 0.0649910290742736
109 97 1.5734602229945571
109 101 1.6444333369321615
109 102 3.0561622758370075
109 103 1.1603878630328672
109 105 0.6634810319589576
109 106 0.08388144858351843
109 107 2.1865227778495604
109 108 2.991456501530367
109 112 0.23897218952006594
109 113 0.532139807149837
109 114 0.33569614627045224
109 115 0.6654457256416596
109 117 0.8191274796798991
109 118 0.22322262135420548
109 119 0.8681825146547165
109 122 3.2647346647212405
109 124 0.897902704082648
109 125 1.0628642971569153
109 126 0.12671372239608708
109 128 0.015402683793791266
109 129 0.5789423538899321
109 130 0.10739788577992197
109 131 0.3303918475711232
109 133 0.13322930927158685
109 134 1.8548323224876757
109 137 4.751152867979375
109 138 4.423813681850285
109 139 2.5604570910188644
109 141 1.0880421186071592
109 142 9.461092961462752
109 143 0.0355045011883137
109 147 0.11549004114049444
109 149 0.0015712114541444196
109 150 1.4799762253361632
109 152 3.790867440916644
109 154 0.1776110710181376
109 155 3.6839984828475374
109 157 2.2298359475482683
109 158 8.226750521594411
109 161 3.1077542723409275
110 4 0.09384096776275484
110 6 0.17279196839086514
110 7 0.08681131834856655
110 9 0.12964488192296794
110 11 0.046547803343519094
110 12 0.3660126840758533
110 14 2.397097068195277
110 19 0.05232574182898819
110 25 0.4490433566098177
110 26 0.09603103463878106
110 30 0.9919167115779451
110 31 0.8990508777442825
110 32 0.596058751549542
110 37 0.19548411527746046
110 44 0.1990609401414669
110 45 2.371248889209652
110 49 0.03030681766162939
110 50 1.7674438167359778
110 51 0.6952029306834351
110 54 1.5723172043660618
110 55 1.3702624166867532
110 56 0.7844334457450544
110 58 3.646700675707779
110 64 0.2978698902904107
110 65 0.13148451522357474
110 66 1.9871475807286714
110 67 0.8922998225598354
110 68 1.8685469834123676
110 70 0.2939570101276276
110 71 1.411163751379586
110 72 0.8831689558597281
110 73 0.29422806273470664
110 74 0.22098421335379598
110 79 0.015030498741823991
110 84 0.5960566287804769
110 89 0.5400267563489973
110 91 1.4787867832893702
110 93 2.0413862748340557
110 94 0.059405517861953486
110 101 0.6412730482538797
110 105 0.6341974044575384
110 108 0.6693545715431465
110 112 0.06175965098940693
110 113 0.4955549475221751
110 115 0.9795552149058919
110 118 0.024937341022085523
110 129 0.1450857135496517
110 130 0.2841792352611865
110 131 0.29861246926153934
110 133 0.32911606204239774
110 138 0.5597886983676124
110 141 0.1779517908415138
110 145 0.5135827601678424
110 147 0.38526094614145046
110 149 1.140710153085961
110 150 2.3685826138992803
110 152 3.2441716689333924
110 153 0.204600289286638
110 154 0.1785333490980522
111 0 0.03171149893241551
111 1 0.4203722812893865
111 4 2.2517577266362294
111 6 0.6726683247798176
111 7 0.9154246863229007
111 12 1.1010696773112056
111 14 0.09936120387383868
111 15 0.910984520501124
111 18 0.16461873306459202
111 19 0.44231867882379194
111 20 1.2683017157727832
111 21 1.8459746892658209
111 22 0.8103665804630001
111 25 0.5049296249322964
111 26 0.4232086891128374
111 27 0.11560223736209617
111 28 2.0764356014802074
111 30 0.7142525945074825
111 31 0.09888647826239927
111 32 1.1087524752273923
111 37 0.04510210661407827
111 38 0.36765957012685235
111 40 1.1333216204483911
111 42 1.8178226089012837
111 45 0.45217355394031117
111 49 0.13590917099528055
111 51 0.7920478190719843
111 52 0.7564413323532498
111 53 0.7604159305003948
111 54 0.879539063466475
111 55 0.6182815926410943
111 56 1.1790493526262946
111 58 0.3032094868991948
111 64 2.7815851244792777
111 65 0.21275330998876313
111 66 1.3152595669024079
111 68 2.355260051802766
111 69 1.221016256539109
111 70 0.13033611252509153
111 71 1.2354153040328393
111 72 0.31521993142665866
111 73 0.10740604285544679
111 74 2.0879287177662373
111 76 0.26403658066615493
111 77 0.3784323081373775
111 79 1.5052642990380458
111 81 1.5068913171001057
111 84 0.6254005381416717
111 86 0.10548814558223278
111 87 0.4736379514212319
111 88 1.1139576635974002
111 89 0.14612399318551672
111 94 0.63396608206632
111 97 0.04254262808571982
111 99 0.455359517665779
111 100 0.13189933213282365
111 101 0.11467279648420438
111 102 0.10541667598422493
111 104 2.989077438789814
111 105 0.7177235217795505
111 106 0.08224533088190965
111 107 0.6524812556739061
111 108 0.05785024440030852
111 109 3.549866528968062
111 112 0.44461226502408463
111 113 0.11606670922816831
111 114 0.03212275200377907
111 115 0.25790556195710357
111 117 1.162552410325814
111 118 0.8176780138859385
111 121 0.5260205851471649
111 122 0.49083823560385353
111 125 2.692181169912078
111 126 1.068762638522408
111 129 0.8909765936265504
111 130 0.037094572211032635
111 131 0.023031564904214215
111 133 0.15351622458392336
111 135 0.253838047522364
111 137 1.6462908135240402
111 138 0.26903327167095065
111 139 0.011429728839298539
111 141 2.6518622583138627
111 143 1.1045508803212951
111 145 0.4401097840452698
111 146 0.0061563386906789185
111 147 0.030936414022467298
111 150 1.807595411043905
111 152 2.732633261024683
111 153 0.6541545683431479
111 154 4.911950845246175
111 158 2.1405163473721918
112 0 0.6684010765395263
112 1 1.9599057369229398
112 4 2.4005170735638215
112 5 0.0826395260595783
112 6 5.122873949815069
112 7 1.154154377933963
112 11 1.635226555685225
112 12 0.3853989410081258
112 14 2.732672046231335
112 15 0.6587338606701626
112 16 0.8503475522673121
112 19 0.007826464535186716
112 20 1.2900707591330505
112 21 5.433923537992791
112 22 0.2668733658718709
112 25 0.5127863974534232
112 26 0.6870162791286236
112 28 2.443239617074019
112 30 3.572769102352532
112 31 1.091933079987019
112 32 0.34852289582791735
112 33 0.7948466936591507
112 34 1.377652131666239
112 35 1.3180142642529145
112 36 0.18415968324293566
112 37 5.146739774556118
112 38 1.3693697068538584
112 39 2.547797080315796
112 40 0.44172958966666626
112 43 1.3477566396866636
112 44 2.5967306691679406
112 45 0.20286016896825226
112 49 1.9182564331978207
112 50 0.7056717763746589
112 51 0.006976095149659405
112 52 0.11766003419943466
112 53 0.7793930565858959
112 54 5.187537395566258
112 55 1.899700693895011
112 56 0.29369998618014714
112 57 0.2656077399085173
112 58 0.937349111961161
112 59 0.019835613535801707
112 61 0.366431996309298
112 62 1.5159354241663623
112 63 1.8469737883246906
112 64 0.7575570527587294
112 65 5.355168480678907
112 66 0.12441255946933999
112 67 0.820668206430201
112 68 0.7800501732655921
112 69 1.2988609831999702
112 70 1.000941678741837
112 71 0.6428127798481437
112 72 2.2909305320541615
112 73 2.0766704481425022
112 74 1.9835390076235542
112 75 2.133711590594701
112 76 1.0121062788174167
112 77 0.01064736043363396
112 78 0.6067508082997266
112 79 0.07118787794177853
112 82 3.008151515485632
112 83 0.33043757420328584
112 84 0.6933507043391407
112 86 0.150005075276628
112 87 1.5221746319087532
112 89 0.2483703697134214
112 91 0.096774616953042
112 92 4.400765023261183
112 93 0.05268862111101317
112 94 0.5305787683762581
112 97 0.1841849135080173
112 99 3.2339842594862946
112 101 1.0753330439096462
112 102 1.6032245527274454
112 103 0.0887547047224258
112 105 2.64419155020696
112 106 0.5360710012577923
112 107 0.5527530493483241
112 108 1.6691958470158657
112 109 2.138401999492356
112 111 1.067925591247538
112 113 0.8358652306733808
112 114 0.6899985310275403
112 115 0.2351846014941898
112 117 0.6799518870358906
112 118 0.48114649159912753
112 119 4.391265498284556
112 120 3.7061601259374415
112 125 0.40651694027277774
112 126 1.4825428931957494
112 127 0.759472487653153
112 129 1.619023011953574
112 130 0.2965961425805818
112 131 0.10285223566042445
112 133 1.4552110701878078
112 134 2.881000320657315
112 135 1.4535660517307185
112 137 1.4676484628016082
112 138 0.6836767553646782
112 139 1.1774766659987501
112 141 0.21884624263713515
112 142 6.488780201201466
112 143 1.2684704356936893
112 145 0.9518781788274869
112 146 0.15641142291733273
112 147 0.41619552997137943
112 149 1.4787893677297927
112 150 5.227208502259754
112 152 0.5122488718905696
112 153 1.0695790951328112
112 154 0.700056072146001
112 155 4.189317212297464
112 158 0.12525598531089127
112 159 0.29952238265098674
112 161 2.157915246145656
113 1 3.3310500401746412
113 2 2.053501692148884
113 4 7.06115589514497
113 6 5.852504455891871
113 7 8.078481539561205
113 8 6.597689696460578
113 9 1.241605938618595
113 10 22.105069471259213
113 11 3.484958180660503
113 12 0.2474120147074255
113 14 7.686833769364819
113 15 3.4706227000379006
113 16 4.576354008606207
113 18 3.155605727773978
113 19 3.008245268754489
113 20 278892.2280994217
113 21 4878.104812879949
113 22 0.04198521470852549
113 23 21.842946986897946
113 25 1.2751042549679705
113 26 0.9934057559615582
113 27 2.0666570060690623
113 28 2.1455956053354512
113 30 1617200.54997317
113 31 0.21061787742791854
113 32 0.48599181021355403
113 33 1.6243684238635565
113 34 0.24874491363610848
113 35 11.042998238336288
113 37 12.228129580672755
113 38 0.5206951577825789
113 40 0.692414922251341
113 41 0.06119816588799464
113 42 2.5960440018864266
113 43 3.9828905847598612
113 44 2.6466752401186384
113 45 0.01784526853618339
113 46 0.27857245803624486
113 48 36.18424196035714
113 49 41.55805606538904
113 50 2.882807332702252
113 51 1.9292610770115053
113 52 0.5757001146663923
113 53 3.932957975823829
113 54 15.726428061336359
113 55 6.765924325308346
113 56 7.719749108808022
113 57 0.2863450076428641
113 58 2.6217767206661597
113 59 0.5108956597353985
113 60 9.447976377255209
113 61 0.16160814023512873
113 62 5.287014469634881
113 63 8.429908333656638
113 64 13.740270699613776
113 65 1.9560397481709038
113 66 1.225691411160891
113 67 0.4348375274176709
113 68 5.117903863927857
113 69 4.13006299443857
113 70 0.8650930394796745
113 71 0.12671113319000102
113 72 0.7784784630074494
113 73 2.396526379527716
113 74 144392.82531994703
113 75 0.0037057842255343175
113 76 2.2661468809568155
113 77 4.238851334543325
113 79 1.172090483271984
113 80 2.759376960968565
113 82 0.9540112410939584
113 83 0.43793077937459457
113 84 3.925708333120087
113 85 3.406442753446309
113 86 1.6547152646258536
113 87 8.905176825855225
113 89 2.4861431637029994
113 90 0.07235243278930985
113 91 0.42413502496046274
113 92 5.424590424640984
113 93 50.467519920848645
113 94 0.8380108880515409
113 97 0.5591124551120401
113 98 0.8287512596874919
113 100 1.3291641560788192
113 101 2.254537095162126
113 102 0.4943754438441298
113 103 0.06444189689942705
113 104 0.0447885826334565
113 105 2.999163912242873
113 106 26.40391094998495
113 107 0.89882945783492
113 108 3.2255137553845326
113 109 11.18355823435663
113 110 0.18999743635081717
113 112 3.527706245555841
113 114 6.349282819885352
113 115 0.825642612689526
113 116 0.11498697152959525
113 117 0.4496619910438935
113 118 0.4748709776082697
113 119 6.488566647383167
113 120 9.663712021049955
113 121 8.48453429473596
113 122 342029.20127680484
113 125 1610190.2264221283
113 126 1.4944120340555314
113 129 2.471304473172334
113 130 0.021583919476752336
113 131 1.73975989042233
113 133 9.36274629682099
113 134 1512895.0201810182
113 135 0.48352511762665723
113 136 9.030316605032207
113 137 50.78655786962498
113 138 1.7139884284939593
113 139 3.513381402462745
113 141 0.6572744069887394
113 142 1028737.7010233294
113 143 750180.2884317015
113 145 10.975027414174617
113 146 0.6418227280446213
113 147 0.273940586185835
113 149 0.034240841210776266
113 150 4.446519700016019
113 152 1268618.4045957292
113 154 249229.94341453447
113 157 3.733511269861367
113 158 5.852876344018379
113 159 0.287095685241415
113 161 2.6826370290696744
114 0 1.366381823447281
114 1 3.812865532873984
114 3 3.159799244849066
114 4 0.5094643672076923
114 5 0.6092271755608247
114 6 1.7510537218236055
114 7 2.189679500629721
114 8 0.6371829261564361
114 9 1.2239128248053712
114 11 2.900639751202185
114 12 0.042659901631278675
114 14 0.47956474971286417
114 15 1.125812569633301
114 16 0.36112389526827343
114 17 0.06101653615656606
114 18 0.5089882875255397
114 19 1.4051961452038406
114 20 1.8750247280685457
114 21 0.8945888944178187
114 23 1.4232632523068953
114 25 0.008216993343993574
114 26 3.5341578912983813
114 27 0.9316128894748567
114 28 0.12660991678640443
114 30 2.621354988909461
114 31 0.817767171221086
114 32 0.153432062386466
114 33 1.4203181485849967
114 34 0.78859519419318
114 35 6.0615548785382
114 36 0.5558545464775597
114 37 1.8424961976307497
114 38 1.2297410693411528
114 39 7.940510771896314
114 40 1.245692840812083
114 42 0.1338390938879702
114 43 1.1277185684820148
114 44 10.784485650174025
114 45 0.322409003669678
114 46 0.33513152931174267
114 47 0.5711814389944498
114 49 5.996692909194551
114 50 2.622799905765413
114 51 2.085362433175054
114 52 1.0343867846679349
114 53 0.05173449545464968
114 54 2.645210653377713
114 55 2.3127042779657674
114 56 0.7829812934891055
114 57 0.9993990001043208
114 58 5.081371092546094
114 59 0.7715259619084179
114 60 1.7313637043659589
114 61 0.4665352540382612
114 62 0.20748254164293337
114 63 0.36176753358892755
114 64 0.9620313280612351
114 65 1.231804971784008
114 66 1.0245349962599397
114 67 1.4897996098223814
114 68 1.4336441196719505
114 69 2.1066099416181663
114 70 0.6934718800995182
114 71 0.592356101469472
114 72 0.8271451858462574
114 73 1.9341360389079003
114 74 3.399899520435069
114 75 1.3036424828288835
114 76 1.1315707762490863
114 77 0.3090487788322135
114 79 0.015644010892353247
114 80 0.8252311433911753
114 81 0.09234645877977696
114 82 0.015507356988812459
114 83 0.4349103811191406
114 84 0.38889441937370367
114 85 0.8943560177563179
114 86 0.3277203545086202
114 87 0.3629494957986039
114 88 0.6367465731678424
114 89 0.723219804414153
114 91 1.8422826941904749
114 93 7.3274482815263084
114 94 0.8398474111167853
114 95 0.7562740836947082
114 97 1.0338135113436262
114 98 0.2217955536072844
114 99 1.3755429394338912
114 100 2.6986722673067005
114 101 0.7783210392517902
114 102 1.5731035010184173
114 103 0.05815854956657043
114 104 0.9703226872445405
114 105 0.8881999832986391
114 106 0.34652401131219834
114 107 1.0365193714000789
114 108 3.1325462839815588
114 109 5.104735323414843
114 111 1.9027242165421407
114 112 0.3542813761055986
114 113 0.14779392974979727
114 115 1.523914710208233
114 116 2.32994307750484
114 117 0.9143871324599518
114 118 0.9158522277433999
114 119 0.16172363585165533
114 120 0.4697670901897472
114 122 1.3882506831126944
114 123 2.6926914092552034
114 125 4.884115343888308
114 126 0.2477111758438302
114 128 0.89579210798233
114 129 3.4414773991385825
114 130 3.5877221137338733
114 131 3.1829953709079657
114 132 1.1564408530205783
114 133 4.939958060380853
114 134 0.4737290992384339
114 135 0.0242651507573055
114 137 0.7620480843778669
114 138 1.1549242208796706
114 139 1.462882998824574
114 140 3.7772764642666705
114 141 1.7603248482504463
114 142 2.53604049232282
114 143 3.3425443844521245
114 144 1.4570242589425082
114 145 0.2767087197612862
114 146 2.6504138448498895
114 147 5.2572178275192964
114 148 1.4824155117442277
114 149 2.931831092779287
114 150 4.6599318928318825
114 151 2.3734027163896703
114 152 2.7400442270941645
114 153 1.938356940662439
114 154 1.479343965064732
114 155 0.37462467043002623
114 157 10.93565444323941
114 158 1.1793578225206898
114 159 3.7892099707349614
114 161 3.190490869234826
115 0 0.09489140719425583
115 1 0.12156906177682208
115 2 0.277207503864539
115 3 2.1313541657219774
115 4 0.21429250392846447
115 5 0.09783441576968668
115 6 0.2566819501862378
115 7 0.06912734226722686
115 8 2.9595939345448294
115 9 0.9159807397268105
115 10 2.006427271693847
115 11 0.32477319647863157
115 12 0.12410240538008682
115 13 0.9217219103681807
115 14 7.091566282023662
115 15 1.9799634013385456
115 16 1.006971194592576
115 17 1.5632210134744684
115 18 0.8925433422303792
115 19 0.3830147894397052
115 20 4.445765043649302
115 21 4.496449704020429
115 22 1.686777608326976
115 23 1.7732372866124788
115 24 0.2041825710282447
115 25 1.6049553822412608
115 26 4.002226349510803
115 27 0.9186780802222795
115 28 0.2654839835965338
115 29 0.16417264432233733
115 30 0.5190274314708064
115 31 0.16674079950023782
115 32 0.173010999343959
115 33 1.2688124186739793
115 34 2.1199227188429126
115 35 1.0424059308024802
115 36 3.9004158367206467
115 37 1.1095348186381948
115 38 0.6385836125175561
115 39 0.9927895927524278
115 40 0.4654095544674732
115 41 0.145928452900111
115 42 0.3470725901866021
115 43 1.8895409643171028
115 44 0.4481784441978728
115 45 0.0012266912278351269
115 46 0.5141823173188663
115 47 0.8427215344991612
115 48 2.859834083422347
115 49 2.7401041597949205
115 50 1.2220670621399488
115 51 0.20166082327585244
115 52 0.11672936288024494
115 53 0.035316509950366816
115 54 0.2600541957298407
115 55 0.1793109885078681
115 56 0.17294338670529302
115 57 0.08281132018966104
115 58 2.2896236226745303
115 59 0.28773714967145436
115 60 2.27243360851931
115 61 0.5586754022594346
115 62 2.9279786439407345
115 63 0.5448576327414603
115 64 1.3084744123165957
115 65 1.215518915245763
115 66 0.04323743787651014
115 67 1.4948485251302004
115 68 3.957919732460211
115 69 2.544486747235472
115 70 1.150471538640614
115 71 0.44297158670493875
115 72 1.1829509704573464
115 73 1.2678806094749853
115 74 0.19582863053905747
115 75 0.634521437862155
115 76 1.3239955408882242
115 77 2.823472122711576
115 78 0.10828770079508485
115 79 0.05811911386893677
115 80 1.2959186749480391
115 81 1.8160283485520883
115 82 0.5301752844078259
115 83 1.047501913960483
115 84 0.40127538932263185
115 85 0.3233887629152387
115 86 0.30429944594164104
115 87 1.2906958188486848
115 88 0.49695934209607784
115 89 1.1261454749715454
115 90 0.465827422725125
115 91 0.4037765914090392
115 92 2.12642725472434
115 93 0.5114892592054585
115 94 1.1164304995890897
115 95 0.23548147935959082
115 96 1.0777912502359803
115 97 0.3107016727887052
115 98 0.043083033230137145
115 99 0.3772199003961585
115 100 3.7215231156900135
115 101 1.2504353084997766
115 102 0.7459798419929059
115 103 0.4366311636027617
115 104 1.8968694155700934
115 105 1.0606946586425217
115 106 0.19271229532585712
115 107 0.26645766115941666
115 108 0.050566684744551865
115 109 4.057361596378968
115 111 0.42854186546213635
115 112 1.192522990604073
115 113 0.7216798986709763
115 114 0.0693024298589638
115 116 0.08443628578854015
115 117 0.8342514583183248
115 118 0.572677894500663
115 119 1.3290963409347631
115 120 6.879746357036911
115 121 0.5574406869825929
115 122 5.272185098729537
115 124 0.04260345214263398
115 125 2.444779258036243
115 126 0.07279859462460027
115 127 0.06745116197519996
115 128 0.8620055107746558
115 129 0.791527902139092
115 130 0.8223046033746505
115 131 0.6741074184197734
115 133 1.930960472946623
115 134 3.4269968918326605
115 135 3.0393879785592577
115 136 0.6281434300251316
115 137 1.8253153305066785
115 138 1.3400659854302759
115 139 0.0175608334667653
115 141 1.7874804296791802
115 142 0.624074250064035
115 143 5.547974596850498
115 144 0.07981194381058361
115 145 1.1100669055980636
115 146 1.0773730805750854
115 147 0.6247477028648591
115 148 0.35061418140047595
115 149 1.7046923541941297
115 150 0.37888322446097716
115 151 1.5419763857766449
115 152 0.45202058219757996
115 153 2.330907005297295
115 154 0.12390802116318347
115 155 0.2989655453421207
115 156 0.5245502126828654
115 157 0.5305249340786564
115 158 0.24823503565572072
115 159 0.054063022760365745
115 160 0.7825892647761131
115 161 0.7579330198615414
116 4 0.4638166868847605
116 5 1.6252231510347173
116 6 0.9300546756013198
116 7 2.1478663442506183
116 9 0.5066293729802297
116 11 0.3322358469105843
116 14 4.653182152251247
116 18 1.6790417895764982
116 19 1.385890460577429
116 21 3.408209441399018
116 25 0.5361267316874956
116 26 1.8711619961412504
116 27 1.739630934623013
116 30 4.6480278921272875
116 31 1.914126402288208
116 32 0.46911374669253536
116 35 3.519327348186249
116 37 0.8502111800171585
116 38 1.565346894825199
116 40 1.1179590155471295
116 44 2.5569320576806707
116 46 2.15411897789982
116 49 1.7149501172065493
116 50 0.03735403327005712
116 51 0.2594624878391281
116 52 6.325799936420882
116 54 0.38774650630760304
116 55 1.138631495535389
116 56 3.138079228147274
116 58 0.6122609615124546
116 63 0.45092181667939907
116 64 0.12696977882902735
116 65 0.3474002788038135
116 67 0.43598634668828196
116 68 0.14733408202787923
116 70 0.1691344615646864
116 72 1.7026975271172635
116 74 0.6130382830297496
116 77 1.0577910285943108
116 79 2.429282531061873
116 86 0.1296399398275101
116 89 1.134317726729417
116 93 3.340341940809948
116 94 5.952358668253442
116 97 0.8850036784953242
116 101 0.8100064194472694
116 102 1.2976871045629343
116 106 1.7856120605298471
116 107 0.31251817225206213
116 108 0.5364443612491525
116 112 0.4553246714533649
116 113 0.9005770979908603
116 114 0.5882496174270702
116 117 3.1817374026122436
116 118 0.5209863282596731
116 119 3.2820829555691957
116 120 0.7465057966089047
116 122 0.3950291815943571
116 125 0.33626361807209165
116 126 1.7500841708902772
116 128 0.5096816134091766
116 129 2.3911157581750206
116 130 0.22528900830750306
116 131 0.025460758737887026
116 133 1.9159280016581905
116 134 4.160647336839706
116 135 2.030158484634428
116 138 0.10419183732663671
116 140 0.8717654548760061
116 141 0.5665443850361698
116 142 1.4179633794324555
116 143 0.6316663896579394
116 146 0.43043918243395585
116 147 0.45117047613285916
116 149 1.0970143734913063
116 151 1.5768593702552767
116 152 1.044902086532279
116 154 1.329709428982535
116 157 0.09975592811864543
117 0 0.2365496635585673
117 1 1.0637775049970886
117 4 0.27603016973573774
117 6 0.9157903828822931
117 7 1.1914770104612349
117 9 0.19519125829433365
117 10 0.1490294157779242
117 11 3.352863771232232
117 12 0.36148522513033354
117 13 2.2702023303138947
117 14 1.2584270214394508
117 15 0.5368435923752766
117 16 1.1220017231368546
117 17 0.5540646392535636
117 18 1.2271668808451703
117 19 0.0846834856062205
117 20 0.9335833242611645
117 21 0.18161968783572205
117 22 1.7360218231845312
117 23 1.306395227228445
117 25 0.2553092696266592
117 26 0.8860379948130288
117 27 0.13079072275291337
117 28 0.9632473161742926
117 29 1.273086718875569
117 30 0.2556853312400503
117 31 1.2124055013125707
117 32 2.0557333091502974
117 33 1.1831833250536006
117 34 1.400418141107037
117 35 0.389598536570725
117 36 0.24144904843796053
117 37 0.6774778037576039
117 38 0.7943280084139157
117 39 1.4612835035777847
117 40 0.5262918968217398
117 42 0.33249110816777033
117 43 1.6893809192233702
117 44 0.7564538799285428
117 45 0.22573946326090538
117 46 0.24366219314586227
117 47 0.5157263055618391
117 49 2.6485305111102972
117 50 2.352088126306045
117 51 0.30952890464319033
117 52 0.3896848428177623
117 53 1.2029770006414213
117 54 0.9457794401730782
117 55 2.7710101340423083
117 56 0.1094060182484921
117 57 2.017745041073893
117 58 1.367538121104369
117 59 0.8324557616039878
117 60 0.40556602649593226
117 61 0.7508858519312355
117 62 1.8166215731773854
117 63 2.408501324178026
117 64 0.020379155046651425
117 65 0.41421334451615105
117 66 0.9886472578245935
117 67 0.5576871046412778
117 68 0.9962700567043971
117 69 4.117602493287849
117 70 0.7424364553936317
117 72 1.1897766954986713
117 73 1.6577271818670554
117 74 0.6408929941445097
117 75 0.397697849393017
117 76 0.01883302780852031
117 77 0.5237894049009566
117 79 0.026579205075212577
117 80 0.37176252482907624
117 82 0.5979002045656697
117 83 0.42967158319747034
117 84 0.23624391608213044
117 85 0.5333864730454506
117 86 1.279064470271183
117 87 1.6924988688946057
117 88 1.4049232942872014
117 89 1.4184846378914389
117 90 3.8869133811230694
117 91 2.043464244478547
117 92 2.614904035600836
117 93 2.356334098552912
117 94 0.274252362466353
117 95 0.21757655210765064
117 96 0.3992003631281143
117 97 1.0809294238504275
117 98 0.9087573589623253
117 99 0.4553793071748277
117 100 0.5191446049842882
117 101 0.7970393631249529
117 102 0.4673461173334225
117 103 0.09847141647938461
117 104 0.17913937697986781
117 105 1.4631388733613004
117 106 0.025773423805288714
117 107 1.7698794124383959
117 108 2.509825085039413
117 109 1.573127959900153
117 110 0.29714017369579676
117 111 0.5957847891809229
117 112 0.8580227383736798
117 113 1.1163168177402834
117 114 0.276002816873251
117 115 0.48508260477711335
117 118 1.7325497196316566
117 119 0.2087530016751603
117 120 2.499564455824427
117 121 0.6460718503589881
117 122 0.20190133413775044
117 123 0.678823562469356
117 124 0.02700893947120595
117 125 1.8484577981668697
117 126 0.23292624269025686
117 127 1.4820579314408528
117 128 1.5275516165407708
117 129 0.9276813893680903
117 130 2.1791737238500537
117 131 2.581791225959657
117 132 0.721952219190167
117 133 3.3537979403705864
117 134 0.5227962426162244
117 135 0.8047502387872085
117 136 0.7274258716398909
117 137 0.5888705334201187
117 138 1.3921089812591052
117 139 0.6378074462994695
117 140 1.6431020830141747
117 141 0.6948262274949516
117 142 0.25395479901130136
117 143 2.262430068511899
117 145 0.5541784627250024
117 146 0.07858722679676458
117 147 0.7714026591315554
117 148 0.954271037006691
117 149 0.3572105754477089
117 150 1.359523857691628
117 151 2.1914562029964637
117 152 4.043746047740768
117 153 6.75950702202523
117 154 1.4391180741538754
117 155 1.885470133232871
117 157 1.7333279851233117
117 158 0.7665275120641429
117 159 0.265485538649595
117 160 6.264335458641499
117 161 0.9163561375178603
118 1 0.47767823486047106
118 2 6.075283752444416
118 3 1.0172933560310489
118 4 0.7434430465733594
118 5 0.06776041708057823
118 6 4.7056569129375765
118 7 1.2039216242309991
118 8 4.71801531631969
118 9 1.0829467724943824
118 10 0.6221806910235328
118 11 4.970922924417054
118 12 1.611965721500074
118 13 2.5905201694572244
118 14 1.4360562131631505
118 15 0.2787324899650828
118 16 0.36525638404215327
118 18 0.8401418573401661
118 19 4.006765014553362
118 20 1.9221617866352518
118 21 1.6079999953383906
118 22 1.032110211498463
118 23 0.5867530747376043
118 24 2.8872942055143196
118 25 0.2381476400879621
118 26 0.9743443734799658
118 27 2.023646648675535
118 28 1.8645620712938646
118 30 0.0032269464092234573
118 31 0.1520425057100407
118 32 0.6133652924472686
118 35 0.8094300927203827
118 36 0.201428364076333
118 37 1.1198034654394131
118 38 0.47185860822678993
118 39 0.8021864923639658
118 40 2.6324623488902157
118 41 0.7261902600294327
118 42 3.21073397588405
118 43 2.496621372030725
118 44 1.2713478934979359
118 45 0.8769489336574109
118 46 3.758911233141641
118 49 5.480936693701396
118 50 0.29665288851822236
118 51 0.2828382228535765
118 52 2.2753665965771783
118 53 0.6959065982822055
118 54 4.9830903988495026
118 55 9.028569980211754
118 56 3.5192949768762016
118 57 0.16482889525145283
118 58 2.0625608614200583
118 59 0.22079000856679398
118 61 0.40509059496903127
118 62 0.8585712702418977
118 63 0.8037821282713943
118 64 1.2836526186476527
118 65 0.5172925766957346
118 66 0.3346340391448913
118 67 0.6392661101225128
118 68 1.3158561335746022
118 69 0.6725276650387466
118 70 3.7524076077605764
118 71 2.9723665861345574
118 72 0.3233522386758438
118 73 1.1420571751297484
118 74 3.357155999054035
118 75 0.42439212394135256
118 76 1.6450973362931292
118 77 0.24220918827016147
118 78 0.2209450266660137
118 79 1.7629763508682856
118 80 0.22650367372348482
118 81 0.027356576024242178
118 82 0.12919548442754622
118 83 0.07656023850490852
118 84 1.1757013271250685
118 85 1.999753289607398
118 86 0.12085563862593547
118 87 3.370815904711132
118 89 0.22579911152016358
118 90 8.486707208568664
118 91 0.36183195507982857
118 92 0.38840882943209715
118 93 3.910744119869879
118 94 3.181096943348497
118 95 0.8855552692588021
118 96 2.0869952114487003
118 97 2.31337507841817
118 98 2.1178072177110505
118 99 1.771809834793111
118 100 0.5542838085362387
118 101 2.411717223375183
118 102 0.40614432560495073
118 103 0.0871339043612461
118 104 2.1362242774925733
118 105 3.824578945915323
118 106 1.427790021474687
118 107 0.16358758228178702
118 108 1.1927752824213822
118 109 1.911538819571121
118 110 0.4244402286477039
118 111 0.33327790950116754
118 112 1.3285476961003289
118 113 1.599372789316063
118 114 1.0365608772205965
118 115 1.6718703178665992
118 116 1.076554631582249
118 117 0.47156601840070334
118 119 0.7748441534262089
118 120 0.6580990065637293
118 121 0.09256904963161453
118 122 1.8829898100675795
118 123 0.28804246079873036
118 125 1.4819486740513914
118 126 1.0057475773932834
118 127 1.6957343705898607
118 128 0.8059180287366213
118 129 3.681826666335903
118 130 0.09293441517537736
118 131 0.4446190911690763
118 133 0.677714657816798
118 134 5.912497664869834
118 135 3.2321538086741
118 136 4.937059685138303
118 137 0.21544258066866406
118 138 0.7794953801494807
118 139 0.4637296396130298
118 140 0.5062129434956143
118 141 1.039121168289608
118 142 2.8691244297901775
118 143 2.7334811789307807
118 145 3.7086073671631046
118 146 0.21861707649414247
118 147 0.0155491913428096
118 148 0.6019675379910682
118 149 0.038395700567113424
118 150 0.25365413232974693
118 151 1.5939924687921136
118 152 1.3617337740526425
118 153 2.7410974815975715
118 154 2.960908661013091
118 155 0.31387660000095613
118 157 2.4522530794981447
118 158 1.1500612998247315
118 159 0.6153680179662139
118 160 3.8377299928522612
118 161 0.82558712198925
119 1 0.03355231031033562
119 2 1.4773674231124725
119 4 0.39603516270382655
119 6 1.5599287734985212
119 7 0.12430232216112898
119 8 0.18229698226917726
119 11 0.21197356188269462
119 12 0.109478506179936
119 14 0.8839336685715607
119 19 0.5476338977654074
119 21 1.135166430279239
119 22 1.214632534991913
119 23 1.6914428972814919
119 25 0.3494258956045854
119 26 0.11337294760881168
119 30 7.117939721985176
119 31 0.1144162917847398
119 32 0.277297579987288
119 35 0.5534393878464196
119 36 1.8818467279822648
119 37 0.7458243736799213
119 38 0.6926728908119427
119 40 0.8067378196483402
119 42 1.902219482416204
119 43 0.6028342152260754
119 44 0.9050327283944973
119 45 0.04106855316762628
119 49 1.114046436426966
119 50 2.1589810357362507
119 51 0.2805039786182228
119 52 0.3067921416030549
119 53 0.9786570911336635
119 54 0.5057641185823782
119 55 0.7008521653700998
119 58 0.8427937169204239
119 59 0.3094841847772553
119 64 1.221640424151285
119 65 2.2102661175329033
119 66 0.7758943671209213
119 67 0.06009184207981804
119 68 0.32130657071305535
119 69 0.4850423203582841
119 70 2.171631052807998
119 71 1.5391267662908317
119 72 0.8288918062563166
119 73 0.2150302358369242
119 74 2.2341235779381727
119 75 0.3445411711636063
119 76 1.8510982961407696
119 77 0.053410844124594264
119 79 0.7796087266867988
119 82 0.35190012539562765
119 83 0.11834319378463681
119 84 1.0064750047398896
119 87 0.1467873423236147
119 89 0.4749511123784394
119 92 0.37165854184400193
119 93 1.2395116867347362
119 94 0.11769311491406523
119 97 0.285943724091711
119 100 0.047133873409479235
119 101 1.4226105821487647
119 102 0.862994278963809
119 104 0.9403309927398348
119 106 0.7343454775681824
119 107 0.10727899775671343
119 108 0.2601798708024933
119 109 1.0979933658016974
119 112 1.1251504704323574
119 113 1.4446219691940272
119 114 0.4653068355170249
119 115 0.3230694199349351
119 117 1.3532861855259102
119 118 0.38570160794010655
119 120 1.099337776762336
119 121 0.91753664029147
119 122 0.2790565018488525
119 126 1.0944482198732357
119 127 0.25912025862017474
119 128 0.7216918080507209
119 129 0.36548718700474836
119 130 1.213914058637164
119 133 0.7501934086297276
119 134 1.054694692144983
119 135 0.025305451072880528
119 137 0.7512677644814129
119 138 0.8789578752253829
119 139 0.9569596283335008
119 140 0.9056108067337384
119 141 0.017951557246630397
119 142 0.013354381817023253
119 145 1.1462445085966821
119 146 0.18901160904344186
119 147 0.6583483505638035
119 149 0.5180055381639016
119 150 1.6691065753322694
119 151 0.08883904957161042
119 152 4.327105972589443
119 153 0.8406942017029532
119 154 0.6707609975216097
119 157 1.3736517753120012
119 158 1.0474996812417083
119 161 0.06593419013843392
120 4 2.5223362022500075
120 6 2.57944451298382
120 7 10.719646814594707
120 8 1.8463658971966004
120 14 1.3917501964899772
120 21 0.13092309440848449
120 22 3.2816132500178297
120 23 7.270187952541898
120 24 0.19259363646486105
120 25 1.8800187142800877
120 26 4.263777016060089
120 27 2.2513118002870502
120 30 1.2711049655486382
120 31 0.9888253239250865
120 32 0.8004754297645539
120 35 0.31082481838136056
120 36 1.0833182272537452
120 37 6.999008754018105
120 38 0.4077076503950658
120 40 1.236210707161829
120 42 0.08236559568293561
120 45 0.9588844183560226
120 49 11.47010762164667
120 50 0.37362702989536783
120 51 2.9688552124039362
120 53 4.3396539898177595
120 54 1.5956193166109958
120 55 12.993691950304566
120 56 10.57854032469658
120 57 2.194482451828596
120 59 0.7962788827470068
120 64 1.2914266948312165
120 66 0.365349455813173
120 67 0.51410520043063
120 68 4.250366661140136
120 70 0.5682642075405411
120 71 0.10679671891252117
120 72 2.3217387140810155
120 74 8.115210117831415
120 79 1.5372368880666314
120 82 0.7344183882021867
120 84 0.06155424553763175
120 89 2.1215574410287323
120 91 0.9961650684100484
120 92 0.9795088950461281
120 93 12.262925910310212
120 94 0.08675061604438138
120 96 9.05036741548605
120 97 1.6395999135166768
120 101 2.024738109253365
120 104 5.379333096342945
120 105 1.5643540522560553
120 106 0.5327267973221962
120 107 1.7174991119634808
120 108 5.807082725436735
120 112 0.2150520714006646
120 113 5.664770018473625
120 114 2.1807211329197416
120 115 2.02950308527585
120 118 1.3881225161354585
120 126 0.9388082170187979
120 129 0.2598728881211993
120 130 1.1488069361472137
120 131 0.50765662754158
120 133 10.815457005655153
120 134 9.185309280209177
120 137 8.459386946297998
120 138 0.0010220029869520949
120 142 1.5814154255441368
120 146 0.7257877975049438
120 147 0.2413444302743814
120 150 7.140217196921462
120 152 2.705067030083066
120 154 1.768932087315869
121 1 2.083031374238278
121 4 0.46537281805696395
121 6 0.7394568201237365
121 7 0.7211868687000509
121 8 3.4186535083218046
121 10 0.2459942027080845
121 12 0.3907004976015647
121 14 0.8451471063731862
121 19 0.5341408635338937
121 21 3.3775762427623053
121 22 0.4377394675780282
121 26 0.22019203241535906
121 29 1.7252230791354166
121 30 4.821983561070798
121 31 0.9891884872407676
121 32 3.3545311636988773
121 34 0.012209552309688612
121 35 0.32753933962104625
121 36 0.1397664033854464
121 37 0.02720634191202738
121 38 1.6463493567734744
121 40 1.260100851427109
121 44 2.291428954917617
121 45 0.311250186747857
121 49 4.28169374469143
121 51 0.791621221239086
121 52 0.3702571700207808
121 54 0.8370711221461911
121 55 2.8039466219607747
121 56 2.6754453614999822
121 58 2.51354963706676
121 63 0.3192897167657758
121 64 4.1581898399721755
121 65 3.3430202795308532
121 66 1.336416821086392
121 67 0.3371387473236519
121 68 2.2921012304509536
121 69 0.021372660785306714
121 70 0.2547610999815039
121 72 0.31832836864317904
121 73 3.0318165720847468
121 74 0.08402533273756725
121 77 0.6143647833973631
121 79 0.39309736235250997
121 83 1.1250077485968026
121 84 2.3535147712188387
121 86 0.06092457284606333
121 87 0.20438589935766135
121 89 1.9628667417214396
121 93 3.175377525209781
121 94 0.023898443720658566
121 97 0.7860121671979522
121 98 0.4732019624323918
121 101 0.751588387161427
121 102 0.8110091198694793
121 104 0.030656513744742493
121 105 1.5502236305274653
121 106 0.4438199513223469
121 108 0.5966787104451364
121 109 1.2673822347184596
121 113 0.06444727202769918
121 114 0.9557419121884899
121 115 1.9441546709799011
121 117 1.2768859002847848
121 118 0.30683394047060475
121 122 0.8910078134694274
121 125 4.374777310116224
121 126 0.25341920570843796
121 129 0.5981648413447419
121 131 0.7034619053374854
121 133 0.44518072177846707
121 134 0.4902913219930102
121 137 1.2739018428566473
121 138 0.24175255496074108
121 141 0.8097890513203234
121 142 0.3133368845457139
121 146 0.10714972980438413
121 147 0.5745139108257918
121 149 0.9251423761514864
121 150 0.7398436709540146
121 152 1.1452079773155401
121 153 0.4193410943473753
121 154 0.2943972253802074
121 157 0.32789432227599713
121 158 0.09323198807180706
122 1 0.699439828477459
122 4 0.2816131491370801
122 6 1.6488873474004888
122 7 0.9437375469150305
122 9 1.269484347526044
122 11 0.633299781840986
122 12 2.498801293359786
122 14 1.8481245978495193
122 18 0.9535858740529523
122 19 0.5017860213464541
122 21 2.9703317622670427
122 22 1.4493451422516794
122 25 0.8425203924111244
122 26 0.44475160006589254
122 28 0.8629325655831591
122 30 5.427767526486439
122 31 0.28637580609594904
122 32 0.13289050764367685
122 35 0.7474314397843015
122 37 0.2137262841682977
122 38 3.558220265023749
122 39 1.8167095684111505
122 40 4.924949590348136
122 42 1.0295045888422205
122 43 2.000958434704552
122 44 0.04047509027464287
122 45 0.5038483744108078
122 49 0.24778010121612043
122 51 0.7373944980742025
122 52 2.552524189669493
122 54 0.5433344657555513
122 55 2.719118058386836
122 56 7.680624621914384
122 58 0.07921532389139321
122 62 2.224862416397336
122 63 0.8865893487772033
122 64 2.900024822906779
122 65 0.2832057778819669
122 66 2.194367424941254
122 67 1.0844150837006976
122 68 4.4506045417729565
122 69 0.14272216042741037
122 70 1.1478622990357312
122 71 0.20680543786149702
122 72 0.6570650998507298
122 73 0.5362327898456725
122 74 0.8270048250714724
122 79 0.10499753218692454
122 80 0.09624521948730484
122 84 0.13619746528497945
122 89 0.599565572654329
122 90 3.846812429218014
122 91 1.0180547501908177
122 92 1.3202625444770932
122 93 1.9007075554385282
122 94 0.1809535419197071
122 97 0.5913012314742627
122 101 0.6140849240342676
122 102 2.953895181093359
122 103 0.02520011519380493
122 104 0.8048413119120549
122 105 0.6960847768634566
122 106 0.212825438774756
122 112 0.24169268403786298
122 113 1.717459585820154
122 114 2.3952440054005257
122 115 0.1335357017713389
122 117 1.2977266872715116
122 118 0.3518348107142535
122 119 1.1069563804933154
122 120 0.34734945728028055
122 121 1.1748003020448392
122 126 0.02407352149202349
122 129 1.2978097280813665
122 130 0.5335724048200415
122 131 0.7355739784582338
122 133 13.238530890606821
122 137 0.23555894880943123
122 138 1.0455757513315702
122 139 0.507285382244526
122 141 1.5553984659014801
122 142 0.6745940631008932
122 146 0.0011931960634148089
122 147 1.1805781341152681
122 149 1.867212033233388
122 150 3.7512225343975945
122 152 0.7585171922539117
122 153 2.0352453081539568
122 154 4.555646744565142
122 157 0.23977350549829088
122 158 0.3743878735938863
122 161 0.34388356083860033
123 4 0.8984232701057748
123 7 0.12749736322753719
123 14 0.09976863877872666
123 26 0.5700031408461604
123 40 6.8691481100544465
123 45 0.37277443669750737
123 51 1.0733108938888285
123 54 1.8131408570657364
123 64 0.2069455078150906
123 65 0.6811526945911434
123 70 0.8374798323135326
123 72 0.33002003697940746
123 74 0.1784703002099969
123 79 0.302700761707362
123 89 0.07274010413297308
123 94 0.6017659727107565
123 97 0.18171138583659743
123 101 0.8693983231433345
123 105 1.424137757093277
123 106 0.20558928408468097
123 129 0.35653358006916563
123 133 1.0760824512019196
123 138 2.1720688991993127
123 147 1.2942272318222883
123 152 5.637720995266607
123 154 0.48906030419341323
124 7 0.4793614796182649
124 14 0.9770447205084538
124 26 0.3423994523148746
124 31 0.4132757937416595
124 32 1.0926981226513572
124 40 0.6965529151075416
124 51 2.1750133991376095
124 54 0.5746925947782535
124 55 2.345615586343323
124 64 0.7262057234572954
124 65 3.2450629397193143
124 67 0.6796347319526508
124 68 2.304913631605007
124 70 0.10409441181074584
124 72 0.36626439009591566
124 74 2.240662434070551
124 76 0.284016124656159
124 79 0.06609650893563335
124 89 9.979079340650614
124 101 0.09560072883327264
124 129 0.33868635635050237
124 130 4.255316979484101
124 131 1.183230482021615
124 133 2.132383842099763
124 138 0.5625795099679267
124 152 8.07402707880197
124 154 5.656176320165597
125 1 0.8233957409879877
125 4 1.5152754121504917
125 5 1.656508857023328
125 6 0.020393495404262392
125 7 2.246610791766539
125 8 0.17407645634283225
125 11 0.00534007273402108
125 14 1.2082809576569475
125 18 1.4099709346121705
125 19 0.8393948308014636
125 23 1.6362695034294097
125 26 0.25470078025908005
125 30 0.21960212765908796
125 31 0.0863587141005363
125 32 0.31465308613343446
125 34 0.1267004490629931
125 35 0.44426923079403974
125 36 0.09208540190099354
125 37 1.0409149605327754
125 38 0.26919091256932565
125 40 1.4003832586846925
125 42 0.09174937355059484
125 44 0.19644844171218945
125 45 0.5637237942403573
125 46 0.37400509550045896
125 49 1.016333290361565
125 50 0.2831238642177328
125 51 0.37893106163749246
125 52 1.1000399547243023
125 54 1.6068292915388358
125 55 0.5736697330221684
125 56 0.36246568401649853
125 58 1.0804187344987464
125 59 0.27121874321265754
125 62 0.2084319895187943
125 63 0.314098581629601
125 64 1.7672049928152265
125 65 0.00804887217959544
125 66 1.0527507181753926
125 67 0.1832894483403643
125 68 0.4367420622915075
125 70 0.23477628123173067
125 71 0.015421897849219502
125 72 0.132704106532555
125 73 0.0863724743580522
125 74 0.6258884665892355
125 75 0.4857289182133914
125 76 0.7359800164249989
125 83 0.06381735716584912
125 84 0.8006601832189456
125 87 3.6881251646581066
125 89 0.07450912053078412
125 91 1.2511285943527592
125 93 0.40088070585940183
125 94 1.7753106588854222
125 95 0.2417427916082026
125 97 1.510416785783749
125 100 0.14068027636281547
125 101 0.2694818818467969
125 102 0.7697180651207893
125 104 1.2407161548348131
125 105 0.7731527558821135
125 106 3.9976209810966417
125 107 0.7427005594258291
125 111 0.12556621737656043
125 112 3.61894531087157
125 114 1.06286362006915
125 115 1.6782451211646339
125 117 0.7043387001403613
125 118 0.1660532258517416
125 119 0.12811951328044233
125 121 1.0368010809470112
125 122 0.32115941803363784
125 124 0.5716522558021891
125 126 0.37150840761082765
125 127 0.07811009798977642
125 128 0.04484589457050756
125 129 0.08053114198782735
125 130 0.15761678692600262
125 131 0.07247968258715967
125 133 0.48157849471955955
125 137 1.0190980203476412
125 138 1.4266891984253456
125 141 0.1278500557621866
125 142 0.6541616095958531
125 143 2.5761138118023448
125 145 0.349265725835572
125 147 0.0035887654434041
125 149 0.8845544243344892
125 150 2.221234888293224
125 151 0.13842378659867124
125 152 0.3177230513244771
125 153 1.0243453962064921
125 154 0.42669576145076266
125 157 1.4102704055708781
125 158 0.024713827513716063
125 161 0.123244607901395
126 0 2.4080784738123233
126 1 0.5282148283171653
126 2 5.356360809879936
126 4 4.95836288381726
126 5 1.5110857908605673
126 6 0.6276031365092901
126 7 0.006612771245193141
126 9 0.6559305793803347
126 11 1.185336992340517
126 12 1.4773928925763384
126 14 2.968243991205009
126 15 0.26018723494918655
126 19 2.1558050556490413
126 20 0.40738190517264444
126 21 1.656422241528203
126 22 0.7107971675406665
126 23 0.3862126386744205
126 25 1.2958744667947504
126 26 0.8356195197418587
126 28 1.0017043759320186
126 30 2.091658347933786
126 31 0.09927830152893063
126 33 2.0981419251893945
126 34 0.16182938602553057
126 35 1.5080725206313306
126 36 0.33446534523576477
126 37 0.21339210595447722
126 38 3.2750349708110544
126 40 0.41826572262546785
126 41 1.1477263874516264
126 43 0.5883670777144333
126 44 1.5244631099749246
126 45 0.5532769508072054
126 46 1.830718466315505
126 49 2.28177504962167
126 50 0.23545243222573958
126 51 0.49670004779098104
126 52 1.798955319305436
126 53 0.5601509298891921
126 54 1.467630471764282
126 55 1.2939691220395027
126 56 3.9359843470489664
126 57 1.0115511617544493
126 58 2.3754827781643284
126 59 0.21198565100896147
126 61 0.5296837892445897
126 62 0.15328980024367164
126 63 2.5198397245289943
126 64 0.05028045522435203
126 65 0.13262764682027997
126 66 2.016786338257923
126 67 1.858955289310138
126 68 1.2030684320312997
126 69 0.27389622121190593
126 70 0.20062829557368939
126 71 0.8024506585236835
126 72 1.5212459655797237
126 74 2.6923919198413753
126 75 0.5647051717771365
126 76 0.20027813670623654
126 77 1.7602380281725378
126 79 1.8896913658351433
126 80 0.16410575917063286
126 83 0.3521890569769874
126 84 0.19054391820710662
126 86 0.16103363943346582
126 87 2.6165733822176693
126 88 1.571523661681992
126 89 1.081853620164921
126 91 2.1696685831119766
126 92 0.13677062147437846
126 94 1.9279563060471707
126 96 4.787584587592886
126 97 0.25965415016663806
126 99 0.4338521475880911
126 101 0.2894673386340477
126 102 1.3928709958710142
126 103 0.7359597368234548
126 104 0.21988861633421053
126 105 0.3521123415007529
126 106 0.05396065302097913
126 107 1.8520609767313498
126 108 3.353349694022426
126 109 0.015789335822831246
126 111 1.6223807110549893
126 112 0.7777484674547545
126 113 0.32661308571538533
126 114 1.4942265377837096
126 115 1.3297175816590954
126 117 0.2951482696831727
126 118 2.5025741350883575
126 119 6.565223792121372
126 121 1.2069024149357699
126 125 2.581103729730026
126 129 1.5424479547015761
126 130 4.342245195424879
126 131 0.7478225615294566
126 133 2.8793051911684238
126 134 2.985460218764124
126 135 2.2458041751780113
126 137 7.037734104353753
126 138 0.8060842066415689
126 139 0.19767125153353943
126 141 1.0706021310850253
126 142 0.6116164626263448
126 143 0.6993973723387341
126 146 3.0200601971323904
126 147 0.3009045221983115
126 149 4.8803337413919685
126 151 1.7471659505251727
126 152 2.355338518273527
126 153 4.854424582560741
126 154 3.768264437720566
126 157 0.8720147874263638
126 158 4.040360828988009
126 159 0.6275563620376967
127 1 2.2793322243614123
127 4 0.4593752287893804
127 5 0.1278840268635188
127 6 0.559163993034356
127 7 0.9917079767110741
127 8 4.055042500903522
127 11 0.39944277719210053
127 14 0.20040939040995345
127 18 0.43795579360202236
127 19 0.7020109042375289
127 21 2.3832080732107537
127 22 0.39113054428861255
127 25 0.2752330214526793
127 26 0.4219289562571029
127 30 0.5078711520955674
127 31 0.31363699301306425
127 32 0.18914060311384573
127 36 0.44536794476889147
127 37 0.2649619147619022
127 38 0.27775924499830673
127 40 0.30452952742722095
127 45 0.13877257733471765
127 49 0.1967737540124316
127 50 1.4235620812029686
127 51 0.4553128125166058
127 52 1.1716585676248865
127 53 0.18860261829359107
127 54 0.64957922137139
127 55 0.03227513097375517
127 57 0.8038141703140828
127 64 0.45579793218421466
127 65 0.15690203130945404
127 66 0.3947597402349214
127 67 0.23164852857676244
127 68 0.4185603568531078
127 69 2.3120177094569114
127 70 1.5721861990723114
127 72 3.164070653442396
127 73 0.32084031095681037
127 74 0.5588452385813233
127 76 0.015049394957698508
127 77 0.1646071822288108
127 79 0.2728036948537014
127 80 0.1682540056815632
127 84 0.9684539528122184
127 89 4.412440904302017
127 91 0.08944182652340427
127 94 0.5007594354727805
127 97 0.478704155022682
127 98 0.13230964845820012
127 101 1.0165033401056467
127 102 1.0878931884534049
127 106 0.1518742946489152
127 108 1.799911236141741
127 109 0.17841754527646353
127 111 0.15290306481861823
127 112 2.1445481143180074
127 114 0.09292522540400848
127 115 1.2902475549080834
127 117 0.20343487531040572
127 118 0.6668940494112902
127 119 0.7328077972658839
127 125 0.051980445881422546
127 126 1.1151625792312119
127 129 0.11915729325987431
127 130 0.41571763421587915
127 131 0.03027532454836454
127 133 4.720396460490913
127 134 0.15979852921573773
127 135 0.20293428712515346
127 137 2.80206488222399
127 138 0.6948719895986007
127 140 0.07962685703451149
127 142 2.2876518011516795
127 147 0.4547933994348508
127 149 1.0105916104480435
127 150 1.23406114381963
127 152 1.3773274156967736
127 154 0.6838464382767275
127 158 2.6332439273718866
128 1 1.9695208931042294
128 4 0.4825024188944261
128 6 0.16197885384296032
128 7 3.6522828262276605
128 11 1.500577036329123
128 12 0.16604610482916948
128 14 0.05786421102446888
128 19 1.1414898940860676
128 21 1.133446027078496
128 22 2.831276530682678
128 25 0.9958660706673196
128 26 0.13389757833926588
128 30 4.089807216729042
128 31 0.9207439215431062
128 35 1.7548218352424938
128 37 0.8770713157951833
128 40 0.8717022524983343
128 44 8.58816589037241
128 45 0.96473612273148
128 54 1.6419442560886925
128 57 3.911017537292316
128 63 4.0900692629535245
128 64 1.1804886475392338
128 67 0.683167361289641
128 68 1.4558815989963383
128 69 3.0767915093303255
128 70 1.4969952586292563
128 72 0.36621688892145915
128 73 4.707494581255319
128 74 1.1050910992830258
128 79 0.9461032277401089
128 83 0.6878160193319023
128 84 1.8083408818878406
128 87 0.6278802053302558
128 89 1.2952998620612075
128 91 4.303738535868355
128 93 2.6706470078819997
128 94 3.615384268911237
128 101 1.2747083878768897
128 105 0.20079611775538952
128 108 2.8155321258813566
128 112 2.0701338566812546
128 114 3.942928744578046
128 115 0.85942409420417
128 126 5.306740852481381
128 129 2.3222982543625914
128 130 0.9488254791365457
128 131 1.189203577521012
128 133 0.5077766485997555
128 135 2.886928745598721
128 137 3.595268501208319
128 138 2.022477283810865
128 141 0.31196133178296526
128 142 1.7850029804904344
128 146 0.4610613066830456
128 147 0.3425427272858563
128 150 2.2260152768308736
128 152 4.21928551846726
128 154 0.7275069664560868
128 157 2.8643027724047037
129 0 0.45941453760443446
129 1 1.0638474751532199
129 2 0.9476335418575413
129 3 0.3842140261910062
129 4 2.132677014620665
129 5 2.276101974037224
129 6 1.924965400324107
129 7 0.0077848986725297074
129 8 0.084417249454201
129 9 0.19345135975097724
129 10 0.9744127491254606
129 11 0.884282503003759
129 12 0.18004475554537333
129 13 0.6913096470269279
129 14 2.2043793262855744
129 18 0.26522533707748674
129 19 0.3160354526588038
129 20 1.1041000180034404
129 21 3.57784127064718
129 22 0.9752107516469681
129 23 1.7628010250911557
129 25 0.43956353221869443
129 26 0.7284155078005459
129 27 0.109535222072941
129 28 0.16204910217079208
129 29 0.6947448031001949
129 30 0.17187300202416425
129 31 1.4325596372400315
129 32 0.791265238997175
129 34 0.8340545668785216
129 36 0.43964482898217366
129 37 1.0104364919084778
129 38 0.0925348672818091
129 39 7.226902245329397
129 40 2.179224099218367
129 41 1.0027607411380062
129 42 0.8089778277381531
129 44 0.04881241414504598
129 45 1.2933277344140657
129 46 0.2025398346402292
129 49 1.313091908396039
129 50 1.4738559904764108
129 51 0.5034437174440115
129 53 0.2280745812840597
129 54 1.2330783506462253
129 55 1.0432281236786305
129 56 7.328075454662741
129 57 1.672626957383745
129 58 3.1110522169761854
129 59 0.5368729487928197
129 61 0.5018865766575777
129 62 0.035877832475730564
129 63 0.15794008199229984
129 64 0.1757138013875544
129 65 0.11308266051931538
129 66 0.5433248625297533
129 67 0.5391953300873629
129 68 1.9494189754893843
129 69 1.7073338972368008
129 70 0.43299354185279304
129 71 2.019974046063686
129 72 0.3557345265406898
129 73 1.1017502686459486
129 74 0.31086738481795373
129 75 0.40033930902438886
129 76 0.8166591593386568
129 77 0.37099877682051524
129 78 0.9394680472055267
129 79 0.02861390787455407
129 80 0.2864085285634639
129 81 0.14157752447090874
129 82 1.1074376847796674
129 84 2.0340862031530356
129 85 0.8646610916481506
129 86 1.7878151229149506
129 87 4.093493989797126
129 88 0.9166130954439742
129 89 1.3049907742589553
129 91 0.9230820068676262
129 92 1.4452388141116175
129 93 0.3371852317907996
129 94 3.250831538893444
129 95 1.1937169794875713
129 97 0.24319902006671837
129 98 0.5216206865552031
129 99 0.42896714445328094
129 100 3.4515281528214956
129 101 0.14429941890030812
129 102 0.053759251476773615
129 104 0.16701792896825227
129 105 0.9952716722605878
129 106 2.63453895530761
129 108 0.6692558713179584
129 109 1.5446916361748078
129 110 1.0505282629794446
129 111 0.454700496410877
129 112 1.2231106790531403
129 113 1.1307204435843485
129 114 1.4036952474968571
129 115 2.0957132566859156
129 116 0.17164340808608552
129 117 0.9237061901609822
129 118 3.56531066220452
129 119 1.8492120713217153
129 121 1.1748737138321794
129 122 0.3571371239204996
129 125 0.11814676482846462
129 126 0.2191561031166418
129 128 0.1431468751441462
129 130 1.82485481465807
129 131 1.058712728868444
129 132 0.1704870710815815
129 133 3.113806257214782
129 134 2.673796664274077
129 135 0.4133601045502067
129 136 0.06809443143299274
129 137 3.593323216265471
129 138 0.6774951922753235
129 141 0.5373029146743626
129 142 0.24736728177959166
129 143 3.7699408980584086
129 146 1.0636085096777377
129 147 1.5395952699258146
129 149 1.5133002262263453
129 151 0.1360093154267743
129 152 0.811083709798747
129 153 0.2797970212061463
129 154 0.2046456799592182
129 155 1.0725051354395967
129 156 0.14397718155114564
129 157 2.8432187286924138
129 158 0.6409946470055072
129 160 2.22622081116724
129 161 0.24011348812746605
130 0 0.6380873610156633
130 1 0.9354132700706029
130 2 0.5852888509927973
130 3 0.09060419080206286
130 4 0.8377625780054895
130 5 4.088019287210966
130 6 0.048834608849683526
130 7 0.06935342574828009
130 8 0.3681500132411195
130 10 0.8908234425274405
130 11 1.3638516725054834
130 12 0.6752757732914939
130 13 0.13371635087918574
130 14 0.5222704036387174
130 15 0.0731582850730682
130 16 1.0987895238654997
130 18 0.2974841289661322
130 19 0.05495278906900082
130 20 3.321282604582998
130 21 0.975452116582607
130 22 0.15778758616542085
130 23 1.1722163198686988
130 24 0.03872988045810356
130 25 2.1684392216240926
130 26 0.7221960456608788
130 28 0.050005928359255415
130 30 1.955509773988838
130 31 0.8080213872774877
130 32 0.22548589460523702
130 33 0.07907160262371954
130 34 1.0590555082639852
130 35 0.200561687933934
130 36 0.06456906775190858
130 37 0.06424029280829374
130 38 1.1319284611278375
130 39 0.5794317666256699
130 40 0.31888751093749756
130 41 0.230607780953158
130 42 0.22969859043828908
130 43 1.6518309396706732
130 44 0.30248786019977425
130 45 0.5386668760493628
130 46 0.3251053423121125
130 48 0.41177014856244687
130 49 0.056726316193972566
130 50 1.3426075404228033
130 51 0.9055432631651276
130 52 0.2689289633767333
130 53 0.4375522964304451
130 54 0.3857148135793663
130 55 0.7477389285059034
130 56 0.023447844974095012
130 57 0.3073014559001098
130 58 1.8062088511935195
130 59 1.1773512666313037
130 61 0.6404349274926884
130 63 1.5373390435750167
130 64 0.3433351966002347
130 65 0.5688946317952936
130 66 0.2098381908690512
130 67 1.404986082529303
130 68 1.6824163776827952
130 69 3.639457400114084
130 70 2.2187493322973086
130 71 2.522452968247964
130 72 0.8247313595831854
130 73 1.5321586477803866
130 74 3.2686533855517887
130 75 1.396021797911079
130 76 0.016655497865791097
130 77 0.33654545908153255
130 79 0.8376874022636307
130 80 0.20712122028119326
130 81 0.28956807622891556
130 82 0.7468540938730079
130 83 0.19335506070196698
130 84 0.66176920974748
130 85 0.6346212386188225
130 86 0.18597458497951647
130 88 0.015053661647275628
130 89 1.1913342686835393
130 90 2.7892316479358037
130 91 0.04806831052093252
130 92 0.03984013075156642
130 93 1.2314559045895022
130 94 0.4968894202732337
130 96 0.2192341238038902
130 97 0.16390321466095187
130 98 0.5219372029762588
130 99 0.8063031478811263
130 100 0.4990783299460164
130 101 0.05824751389343346
130 102 1.4625206864192173
130 103 1.0342616114176786
130 104 1.1749071383005643
130 105 0.6457155610607017
130 106 1.9304711237763226
130 107 0.482112375290755
130 108 0.5293681251082196
130 109 3.265428482309844
130 110 0.10954090902884497
130 111 0.11185974966299712
130 112 0.4639535800942298
130 113 0.1719063621261343
130 114 2.3906145078983765
130 115 0.15754054210103213
130 116 0.1234004131306408
130 117 0.2338505831791959
130 118 1.4044001570262687
130 119 0.26789680910441566
130 120 0.30439288076169047
130 121 0.16312661023733696
130 122 0.17571897096084066
130 125 2.2862934409935027
130 126 0.20961247839823186
130 127 0.044593287453968906
130 128 0.8093028545858326
130 129 0.8787072579220139
130 131 1.241318367592898
130 132 0.2738259605996078
130 133 0.7490516925892645
130 134 0.9284483944658906
130 135 0.25976503724929834
130 136 0.5897340785063907
130 137 0.40140733540457973
130 138 0.0802881464418721
130 139 0.0656782715583129
130 141 0.17697202759110764
130 142 1.0843114057122283
130 143 0.8734525073795331
130 145 0.22922565833818667
130 146 0.6592426855176092
130 147 0.6338282097420809
130 149 1.223610864873101
130 150 0.3074959817840545
130 151 0.6068674957546243
130 152 0.001639279463755655
130 153 0.3711599786479435
130 154 0.4595156286389518
130 157 0.8108109951294634
130 158 0.016083106357686654
130 159 0.4656731036334924
130 160 0.8627489486280224
130 161 0.588104811365936
131 0 2.5363361800969053
131 1 0.5069815920969742
131 2 0.6074282560943748
131 3 3.2935209919547073
131 4 0.4511604718474787
131 5 0.25893422116464665
131 6 0.7054383433498541
131 7 0.17873593901316615
131 8 0.0734971828309457
131 9 1.2664999061834987
131 10 0.5903967733911115
131 11 1.443458155880676
131 12 0.42423290448712997
131 13 0.11388350724093611
131 14 1.9915017805382542
131 15 0.07820711900303472
131 16 0.41871566030226487
131 18 0.7672511075137675
131 19 1.5419944888811872
131 20 2.548865415762069
131 21 1.5804429902015158
131 22 1.0994927253826972
131 23 4.801842275153127
131 24 0.11571899883539112
131 25 1.5848795515845797
131 26 0.0398032741490049
131 27 0.3929052666190198
131 28 0.9892086328874342
131 30 0.37050366835191756
131 31 0.16578248303643398
131 32 1.3231605374115571
131 33 0.027937939494167244
131 34 0.3004555161598245
131 35 2.3925262983727724
131 36 1.6918747491133321
131 37 0.3951180360552452
131 38 0.15640939756873642
131 39 0.417542866828975
131 40 0.7953025789126963
131 41 1.4239629921968997
131 42 0.5402859997338071
131 43 1.1036113129823113
131 44 0.060968857131600454
131 45 0.4382547470878224
131 46 1.0904072460125938
131 48 3.244235618796365
131 49 3.0141640903624505
131 50 1.6671855141395782
131 51 0.3746043364176415
131 52 0.5281228037576232
131 53 1.036959535799089
131 54 4.77537009435354
131 55 0.18317825127583687
131 56 3.249700715028482
131 57 2.1535917583314332
131 58 1.9764505319148842
131 59 0.35680895147719427
131 60 1.8928606177579739
131 61 0.019177516658486774
131 62 0.572636819462694
131 63 4.3224653652105065
131 64 4.126147756167733
131 65 1.4639247836894491
131 66 0.36474998918525753
131 67 1.0243711542715663
131 68 0.027195019942805983
131 69 0.7330988507325286
131 70 1.8204810547781873
131 71 0.0774206671130989
131 72 7.649601413017907
131 73 1.2999978096541702
131 74 0.7571020067285515
131 75 1.6803710514842716
131 76 0.7337982584327786
131 77 0.15894828273795678
131 78 1.6277033610367306
131 79 1.2447592574713755
131 80 0.3560581044430919
131 82 0.07437497538464556
131 83 0.7591999760296798
131 84 2.488447447116753
131 85 0.7436133761284609
131 86 0.5626279026140601
131 87 2.4944903022580807
131 88 1.1985996556939147
131 89 0.3182519030012823
131 90 3.5936419960428636
131 91 0.6777276788497896
131 92 2.1049024902637483
131 93 1.4085517547706443
131 94 0.22150186419355647
131 95 1.1553628333969266
131 96 3.8813146718698173
131 97 3.2508418381308126
131 98 0.3054065136621085
131 99 1.5475273300448698
131 100 1.6958584092420907
131 101 0.6277142347777092
131 102 1.0726924273671747
131 103 0.09122870194616291
131 104 0.7648166035748859
131 105 3.7174605282425848
131 106 1.5078945513643622
131 107 0.1069588183113828
131 108 2.8685324328797206
131 109 1.2257716059811397
131 110 0.03884733245942627
131 111 3.8054496414194485
131 112 0.6077992442177285
131 113 0.28126441836695737
131 114 0.2437254292601146
131 115 0.029342261718612237
131 116 0.9498801300021169
131 117 1.7333749831020153
131 118 1.8148250750888635
131 119 0.24007092018425963
131 120 0.36217412501010876
131 121 1.2323976683924214
131 122 1.22617539222562
131 123 3.6363117770931503
131 124 0.27078693001633725
131 125 3.0998586241484114
131 126 0.34226390219005126
131 127 6.517001474845138
131 128 0.3621060077443068
131 129 0.45847377978734805
131 130 0.6830469864811031
131 132 0.4243337492771552
131 133 4.957254005876138
131 134 1.7213610836009505
131 135 1.2652565524836281
131 136 1.5954260711553387
131 137 0.33411534138683663
131 138 2.5465747399761622
131 139 0.26655040060859847
131 140 0.1664816861243794
131 141 0.03467558775678654
131 142 2.390926270502243
131 143 0.5793268233113058
131 145 4.496567714669795
131 146 0.2626507358307567
131 147 0.09596692446575408
131 148 0.12884973100713767
131 149 1.447792874722839
131 150 0.815794543867735
131 151 0.42508681237756646
131 152 10.712172662137009
131 153 1.0472278911294637
131 154 3.713142446142353
131 155 0.43399210760094953
131 156 0.6163201836382475
131 157 5.254942834865698
131 158 0.06766157200472198
131 159 0.2932104330445829
131 160 0.6940889533107838
131 161 0.41201078026725324
132 7 3.3209899518877464
132 12 0.49917271004105407
132 14 0.4574951202103499
132 26 0.17057271171994656
132 32 0.7450409430846185
132 40 0.0067942623317741695
132 42 1.7792118427541794
132 50 0.41924926830974973
132 51 0.41344352515650323
132 54 0.7611271392927312
132 57 0.3680107257605631
132 68 0.9806960981517671
132 72 0.5153885486761747
132 73 2.2853848686967453
132 74 0.44988756300852323
132 79 0.17556025244523749
132 84 0.2210950283969097
132 94 1.136723624524823
132 101 0.1980097012769665
132 115 1.6866316258891338
132 126 0.5429177097384619
132 129 0.24970711005105622
132 130 0.15556330994277892
132 131 0.03639790967752328
132 133 0.8020645548291342
132 137 1.7760297697289757
132 138 1.1775472852013356
132 141 0.0309591138628241
132 146 0.01765981199072422
132 150 0.017478393466124918
132 152 1.689026433982393
132 154 0.2229431817416617
132 161 1.325759457945648
133 0 0.6533715761365002
133 1 1.6739685887367475
133 2 16.471913096192036
133 3 1.5665512371792563
133 4 0.7001015094201694
133 5 10.208616032491221
133 6 8.138915011346564
133 7 2.596763331062466
133 8 0.5684463268757185
133 9 1.5593599400501394
133 10 24.582311836980168
133 11 6.6936798936857125
133 12 4.669423925082656
133 13 0.855892638779992
133 14 8.39427314201404
133 15 0.4915584613567919
133 16 0.20923495840026268
133 17 0.6699838835461112
133 18 0.8534862007431733
133 19 0.723918440542321
133 20 14.791755873041943
133 21 20.36606777635762
133 22 1.0394200705188963
133 23 25.396764011482773
133 24 0.16382170171622099
133 25 2.5710114530247177
133 26 0.5893917523546911
133 27 1.988370529719427
133 28 0.14295502848448385
133 29 0.10150303789196795
133 30 20.7085796142266
133 31 2.050461786066671
133 32 2.7010617957197613
133 33 0.6057059286176708
133 34 1.1469834122160683
133 35 5.475497285468832
133 36 4.602705820764475
133 37 1.6366127821412635
133 38 0.9459702238388865
133 39 0.5115981312809275
133 40 7.551243660715276
133 41 0.4794119958447548
133 42 0.571372218322705
133 43 4.005571881780299
133 44 1.4016534078370688
133 45 0.3668956927900963
133 46 0.8539709097596927
133 47 0.9332200180116984
133 48 1.3412701102804043
133 49 6.6929875593204855
133 50 0.1302853017189784
133 51 0.08098812729323548
133 52 2.6056530031810476
133 53 1.3580228303885218
133 54 5.82968500745958
133 55 18.41590961453959
133 56 2.3395418171657973
133 57 5.809494957006666
133 58 1.6502345787054544
133 59 1.4013779443362717
133 60 0.23203539550274374
133 61 1.424996054001036
133 62 2.620212123472286
133 63 10.427371882014478
133 64 0.28604662256520436
133 65 0.0658878197785791
133 66 2.5120334287221264
133 67 0.1316411990755564
133 68 1.3257871884154149
133 69 2.11636163244428
133 70 5.133644880847242
133 71 1.5473293779676816
133 72 1.4410859647937941
133 73 0.008203755255791471
133 74 5.073105084300318
133 75 0.00044291224806232334
133 76 1.3318730717106912
133 77 1.3555960759442933
133 78 1.6997458040159292
133 79 2.558052511719823
133 80 0.06487211099924012
133 81 0.314810505339964
133 82 2.044192382142207
133 83 2.7904970447905666
133 84 3.933200997659766
133 85 0.5928243809852916
133 86 1.5225836007149114
133 87 11.586843675617358
133 88 13.695246813303841
133 89 3.221784619336336
133 90 0.3167561629122054
133 91 7.212257606170944
133 92 0.2842541607518984
133 93 7.948178801966541
133 94 6.133767901499095
133 95 2.1223615817642516
133 96 5.510614941400087
133 97 0.5807365535644736
133 98 0.30670325818958627
133 99 8.357424193222425
133 100 2.200375225180664
133 101 0.9985253890669307
133 102 0.5237788924217022
133 103 1.7124259451064856
133 104 0.504651122538477
133 105 1.703008731418576
133 106 7.120669810902868
133 107 0.2423995907565002
133 108 5.375928232967663
133 109 15.585002714705976
133 110 2.6367043936002146
133 111 4.017079530458677
133 112 19.458503373644955
133 113 1.364391832770401
133 114 10.683925722534335
133 115 0.3625711080049063
133 116 5.0873201730375115
133 117 2.508060075402843
133 118 1.513093604862623
133 119 0.9057065317760377
133 120 10.382980411728674
133 121 0.1287887991138909
133 122 12.969332190731508
133 123 0.33432857137461675
133 124 7.977064659368257
133 125 12.113731891260072
133 126 1.1091751304524198
133 127 2.923946602059826
133 128 0.3252977362808076
133 129 0.4756577727016879
133 130 1.6134386705119375
133 131 1.0964518212311596
133 132 0.603360929604257
133 134 1.865184773988501
133 135 0.644488808934146
133 136 3.644897755146571
133 137 4.833077072682512
133 138 1.2056620071573183
133 139 0.23631350576027133
133 140 1.0672841271580016
133 141 5.092787586102395
133 142 41.83699995432739
133 143 10.042028879370713
133 144 0.14096324870363244
133 145 4.049182123529887
133 146 1.7270187887057267
133 147 0.015010165771085812
133 148 0.28584847804952407
133 149 1.3713151561393147
133 150 19.912786630911476
133 151 41.75478462590984
133 152 12.26090645054216
133 153 1.6231548455859726
133 154 16.062503613488087
133 155 1.219309643595291
133 156 0.5763554872556864
133 157 0.14526070409513941
133 158 11.3023607691673
133 159 0.11301392946327782
133 160 26.19505896447919
133 161 0.00606662281241886
134 1 2.69024384229283
134 4 0.09436848546911783
134 5 2.8023471330233582
134 6 6.625198450932879
134 7 4.798471296816833
134 9 0.19749005404213507
134 10 6.751880726825395
134 11 0.618032868317498
134 12 0.3534703166286744
134 14 1.0068948416782244
134 15 0.7799594074326189
134 18 0.9896796427699587
134 19 0.3522457491369055
134 23 9.071952790523191
134 26 5.310493148597572
134 28 1.2948609451156392
134 30 3.3875455139717885
134 31 1.0675005936633999
134 32 2.474996854961167
134 34 0.31381018799561144
134 35 0.6502246881046937
134 36 0.2197457989134958
134 37 1.3801843420616795
134 38 1.9330737148968415
134 39 4.910771556026031
134 40 0.6596759359802481
134 42 0.45694146532458174
134 43 0.17302157143502392
134 44 2.0390183238052186
134 45 0.560756540260483
134 46 0.1685894851222591
134 47 0.015228224164197595
134 49 1.5732105723438046
134 50 1.716686125870023
134 51 0.7415719096512878
134 52 0.07458432484405268
134 53 0.3303158431826989
134 54 5.799156987703416
134 55 0.4482214193593607
134 56 2.8322491286972666
134 63 0.09779725188361468
134 64 11.457781457722703
134 65 0.6270326554516713
134 66 1.738872307304684
134 67 1.0877411021772567
134 68 0.19524915975485663
134 69 1.0773462728064966
134 70 0.01859956220569142
134 71 4.780135763622126
134 72 1.9191760317439335
134 73 2.1214969493933618
134 74 6.049665220671824
134 75 0.9036093101185158
134 76 0.9259119967992526
134 77 0.3732762754529602
134 79 0.29638043492881727
134 80 1.2737332823439822
134 83 8.184161788817679e-05
134 84 1.670311483192431
134 86 0.17888687828534452
134 87 0.6528754341623556
134 88 4.221538591407786
134 89 3.4914079850098454
134 90 1.0694114895730191
134 92 2.9610858436679117
134 93 4.780385528972015
134 94 4.646281465442331
134 96 2.2817567077268697
134 97 0.571272725046956
134 98 0.04456880519821302
134 101 3.5298904289013353
134 102 0.2116080615605797
134 103 0.40638839245960495
134 105 1.9213385733142463
134 107 0.05528039050415156
134 109 11.441057771790499
134 113 1.4181746197538145
134 114 0.7294530299651184
134 115 0.7832842756141273
134 117 0.15155492708339136
134 118 0.3529294014655987
134 122 2.0182296717176746
134 125 9.784803082422451
134 129 0.40493107731675676
134 130 3.4932270339232083
134 131 2.4378040414941693
134 133 0.48417681298864174
134 135 3.3718689956866816
134 136 0.3773127686681754
134 137 0.9943440035179373
134 138 4.93137935610419
134 140 1.507209176773363
134 141 0.7126445003730173
134 142 24.098159598454924
134 143 15.13897938446708
134 145 4.129070431722946
134 146 0.44560776554671133
134 147 0.17720693707591814
134 149 1.9294850155591026
134 150 3.012051014456236
134 151 0.38445918305088755
134 152 13.503160219099067
134 154 5.090776589582661
134 155 1.1666890035688415
134 157 0.6080985806941187
134 158 0.3995224800999805
134 160 6.518316354285493
135 1 0.8435561685273775
135 2 0.5263830258962312
135 3 0.30422286857997527
135 4 0.8502676546800229
135 5 0.8753578189552531
135 6 0.9077645605642443
135 7 0.11715391727244383
135 8 1.1860738592618332
135 9 0.1873232778232367
135 11 0.2468534812305973
135 12 0.7211845797052986
135 14 0.21817726788159694
135 15 0.7519101708963569
135 18 0.0908354209060852
135 19 0.14184370645204075
135 20 1.0781237472657
135 21 2.4863796816116683
135 22 0.5766080220037472
135 23 0.6750365759248049
135 24 1.55544886638969
135 25 1.1295125541128317
135 26 0.42560881944557527
135 30 9.470301884082904
135 31 0.3126134957549905
135 32 1.8889286533584422
135 35 0.3652850918412674
135 36 1.904694439770781
135 37 1.6527304592398602
135 39 2.3351562758041693
135 40 1.8667453538374024
135 41 1.3662502876281384
135 42 1.0502550800327006
135 43 0.025375011531327745
135 44 1.0908379270153334
135 45 0.7983547798896738
135 46 0.4159522969148823
135 49 0.9122156997124417
135 50 0.1701748903299304
135 51 0.17690483435750995
135 52 0.17711029618807203
135 54 10.179655836778624
135 55 0.4462863792536757
135 56 1.0955068893735738
135 57 1.3248747916476034
135 59 0.22806836921701093
135 61 0.43071977902183234
135 63 1.3007773454808278
135 64 9.91427584339465
135 65 3.479049496867481
135 66 0.48589976220734266
135 67 0.3777285301629097
135 68 0.9829369066529772
135 69 1.3983931079676408
135 70 0.27860670898544687
135 71 1.8688450410084667
135 72 0.2979592492198129
135 73 2.954869229753536
135 74 0.23339319620587695
135 75 1.185925344229984
135 76 0.06124478088489603
135 77 3.700755942146242
135 79 1.000198531891469
135 80 0.5069237970602732
135 82 1.5059758269095944
135 83 0.4137918735982504
135 84 0.5084118184391018
135 86 1.0955841203802748
135 87 0.06944254778955518
135 88 0.5782254875207118
135 89 1.5830289261912731
135 90 0.7907982747383252
135 91 1.8581430499669285
135 93 1.4999538703065824
135 94 1.1796618990237755
135 97 0.40835577792881284
135 98 0.9432091981497903
135 101 1.8235231940527277
135 103 0.08154661284175865
135 105 0.9468271375957866
135 106 2.3001901007041736
135 107 0.34950206049674293
135 108 0.042233086918420495
135 109 0.14109232844550657
135 110 0.9219871027502203
135 111 4.081610433102727
135 112 0.3995022496193559
135 113 0.4728144093321428
135 114 0.11450374745869871
135 115 1.3393983639508962
135 117 0.1249454563023227
135 118 1.0791682746828002
135 119 4.72337828560108
135 120 0.7157070827017848
135 122 2.9425839945469745
135 126 0.6219250651142841
135 127 6.844813304975189
135 129 0.4771934961704931
135 130 2.1976875466879173
135 131 3.3440922809904343
135 133 1.1558716108907685
135 134 6.038110243756752
135 137 1.3160227223723575
135 138 1.244178222015391
135 139 0.14656496014384585
135 141 0.5463774949541926
135 142 1.9440253944842252
135 143 9.166236468771107
135 146 0.15569291345027622
135 147 1.6960101994786412
135 149 2.0706455938920176
135 150 1.3726763059338076
135 151 0.0688313421147492
135 152 1.4873631975588257
135 153 0.792056118063655
135 154 0.9939458033809229
135 157 1.0122874737420486
135 158 2.81678681282172
135 161 0.2959982068169612
136 1 1.2566664134774939
136 4 5.150931114040536
136 6 5.076242262381231
136 7 0.6594203284882562
136 14 5.529042726054841
136 16 0.8024184026324135
136 19 1.4879884426580277
136 22 1.8882753785734643
136 26 7.356672640273068
136 27 2.4392213918843764
136 31 1.4172208547783782
136 32 2.322903394819417
136 37 2.8696679594039565
136 38 2.965333383855306
136 40 2.7964392315529296
136 41 3.474474703142903
136 45 4.8954301378119895
136 46 0.7514183986062469
136 49 6.434914084418032
136 51 3.071562597007794
136 53 2.2792639776952686
136 54 2.140170576676387
136 55 26.215016431490405
136 56 15.676077372958504
136 59 1.1528489716456292
136 65 0.41929474864328
136 66 0.7245384394365911
136 67 0.9458525367780679
136 68 0.27245876404267316
136 70 2.2332843381225054
136 71 0.6331990369618555
136 72 1.0856897787853084
136 73 12.021275976782182
136 74 10.95908620915992
136 77 1.046218459025523
136 79 5.361434501992138
136 84 2.225104368692274
136 87 0.3219288133270193
136 89 2.3533143004476718
136 91 4.816684541796019
136 93 7.047166956419878
136 94 10.402466262751567
136 101 0.6652665438099948
136 102 5.729615399725408
136 103 0.13961502256634328
136 111 5.269580325011175
136 112 7.330115475733776
136 113 1.2614378858773203
136 114 0.6909513782009504
136 115 0.46955387990211794
136 117 0.08039545515905391
136 118 0.1834062701086047
136 120 12.73999255712024
136 122 3.0576450043843137
136 125 13.877115858788438
136 130 10.374690852161164
136 131 2.674416352473427
136 133 10.529001275209902
136 134 15.111889417431252
136 135 0.9190413286239738
136 137 0.07141173445909808
136 138 0.08229395330415644
136 142 9.732129751867838
136 146 0.0010414177232075826
136 149 0.83752353584738
136 150 4.280922782811504
136 152 5.799960254406276
136 154 19.99689242132631
136 157 0.78974702904984
137 0 2.4273128298567985
137 1 1.8258250295541636
137 2 0.5215257259123681
137 3 1.082360952471533
137 4 0.04699724916099523
137 5 0.6464408186069518
137 6 0.48047216259529235
137 7 1.7774896463535377
137 9 0.14074498987196263
137 10 1.2438810698818268
137 11 2.157392240686064
137 12 0.37546310112353926
137 13 0.41265781226488185
137 14 0.6010386865497543
137 15 0.7139637210987568
137 16 1.463224899368533
137 18 0.47033713957779527
137 19 1.4201412345980475
137 20 0.5889347818815194
137 21 3.109226638125702
137 22 1.137198349649684
137 23 1.8405500973871922
137 24 1.0989487260271995
137 25 0.07369118186646814
137 26 0.08753816503493793
137 27 0.679715000074731
137 28 2.220843211698402
137 29 0.7761917272356228
137 30 2.624187835765598
137 31 0.22034513588081375
137 32 1.4523199025302511
137 33 0.08575231580150533
137 34 0.31777148772625025
137 35 11.11611292805186
137 36 1.5635767871224333
137 37 1.8090578741462249
137 38 0.13831334439465315
137 39 0.1233485079197163
137 40 0.08890312617631287
137 41 1.35548016739773
137 42 0.7066686634733323
137 43 0.6175329659234362
137 44 0.025713874978864633
137 45 0.12364963828852192
137 46 0.2028992796116847
137 48 0.07518595367201905
137 49 4.0404886185170525
137 50 0.30412462322959716
137 51 0.7364549078893652
137 52 0.06807595204851102
137 53 2.242506619783871
137 54 1.6812551787172423
137 55 1.6175348157183775
137 56 1.0572140954781815
137 57 0.5564504735644755
137 58 8.583549575587787
137 59 0.5358126692902806
137 60 0.9212299211404098
137 61 0.11183192573876428
137 63 0.5714071200884462
137 64 0.396376085008203
137 65 0.9428472560121228
137 66 0.06279695300238324
137 67 0.14950780549984963
137 68 1.2128461235169026
137 69 2.4552008201616142
137 70 0.7956462911444289
137 71 2.3964621616197723
137 72 3.7956095743420017
137 74 2.012475327965115
137 75 0.1651687142018321
137 76 0.6681390073082158
137 77 1.1219051363510693
137 78 0.1425511164657875
137 79 0.21529979428851964
137 81 1.587160170344658
137 82 1.3872093737333024
137 83 0.8483399510421659
137 84 1.4990881587801637
137 85 2.45520811776913
137 86 0.1937575217164317
137 87 9.449802655951409
137 88 0.4006429101662069
137 89 1.4869939612338585
137 90 1.8329107535062859
137 91 0.6784989001337061
137 92 2.3902317692473396
137 93 0.0313123886967303
137 94 0.17606167665008485
137 95 0.6740796725136772
137 96 0.07746022841907094
137 97 0.08875653641591591
137 98 0.5814240514948913
137 99 0.5843955924059454
137 100 0.9878107412157696
137 101 1.863839657075081
137 102 1.2680611548241907
137 103 0.41699078192437405
137 104 0.264036672751483
137 105 0.5045790541957906
137 106 2.339888769645011
137 107 0.963018866353696
137 108 0.3680638602410271
137 109 1.4558557617145347
137 111 11.869754667627067
137 112 4.130892372914034
137 113 1.4117376767358452
137 114 1.1465644281470755
137 115 4.088098147934227
137 116 0.8675324807537153
137 117 1.6259148144482072
137 118 0.7118628258365993
137 119 0.6828045560881244
137 120 0.355581310643013
137 121 0.9617904482510001
137 122 0.12620629989241203
137 124 0.35815286920341705
137 125 4.592407621956886
137 126 0.16371755189594905
137 128 0.15771790673454283
137 129 0.08372917912692907
137 130 0.12327891510714892
137 131 1.7466765401627466
137 132 0.9701887583579933
137 133 0.7754950459078223
137 134 1.5311003349603058
137 135 0.7729781402662611
137 136 3.84465243759936
137 138 0.7102348114212769
137 139 0.8200902172815333
137 140 0.8224651775245719
137 141 0.24942930772298808
137 142 0.5878424775312756
137 143 0.3199130590649391
137 145 1.230679191768671
137 146 1.1533220496742442
137 147 0.35247882547157633
137 148 1.508543023719066
137 149 2.1482579073355583
137 150 0.299365106183976
137 151 1.1579449539027444
137 152 0.7707651815245288
137 153 0.3102935836252895
137 154 0.26192792845560314
137 155 2.1604083270274916
137 156 2.1773391023599125
137 157 0.9846532106465109
137 158 0.02524128750738013
137 159 0.41742910086502605
137 160 1.327734049972582
137 161 1.7005307112966948
138 0 0.23590214598490178
138 1 0.10430374806036091
138 2 2.005738633992882
138 3 1.4004476310171317
138 4 0.6549452530116011
138 5 1.1161492063303498
138 6 0.7880115572654574
138 7 1.3088236213561093
138 8 0.30321265676337267
138 9 0.06542848356891429
138 10 0.47191790218737717
138 11 0.06608631415154097
138 12 0.9247442357330108
138 13 0.6604618151880808
138 14 0.004898379359030312
138 15 0.029685747846299414
138 16 0.1574475642611422
138 17 0.5253366121143094
138 18 0.16269829286353935
138 19 0.2649442225534326
138 20 0.843528176589951
138 21 0.8206338297832015
138 22 0.12092591142414723
138 23 2.5072561755382483
138 24 0.25042740395218793
138 25 0.052183311481998416
138 26 0.7078045868328108
138 27 0.35612389333626904
138 28 0.6240011144972868
138 29 0.666530317191317
138 30 0.26839524535940357
138 31 1.3915426553476984
138 32 1.8608987077988342
138 33 1.992597500771271
138 34 0.5004020095160955
138 35 3.7670664257914797
138 36 0.044399578434435344
138 37 1.0125607621845525
138 38 0.08444968494506097
138 39 0.8567224325945071
138 40 0.3201349509403173
138 41 0.37549095201683946
138 42 1.1170138508588536
138 43 1.3808837557227107
138 44 1.4192048749567827
138 45 0.37915544031221154
138 46 0.8177136742195964
138 48 1.2704821689762145
138 49 0.682798700509466
138 50 0.19058142748272347
138 51 0.11000524612480277
138 52 0.9748738395087327
138 53 0.3431862521557434
138 54 0.15486532242898823
138 55 2.590372125401485
138 56 1.077313532117664
138 57 1.0374006418809891
138 58 0.699367861710374
138 59 0.6118232423750193
138 60 0.7701185686862643
138 61 0.31456992665490285
138 62 3.435534436473952
138 63 2.0217494885129694
138 64 4.960129044807916
138 65 0.4677881666753773
138 66 0.7121712514688888
138 67 0.03143000506437623
138 68 2.6406896178073396
138 69 1.0130511914634606
138 70 0.18595221027841352
138 71 0.7261830276349799
138 72 0.11704562997105872
138 73 1.117844671800203
138 74 1.6915175081206613
138 75 0.13689888358686453
138 76 1.7410490872630464
138 77 0.3020983932887254
138 78 0.36293772139130054
138 79 0.3763686850560618
138 80 0.0017094879972043662
138 82 0.01687092093717737
138 83 1.6095920337578549
138 84 1.1462545407540667
138 85 0.5555589255063029
138 86 3.248894638425092
138 87 0.46754839597083875
138 88 0.37287625376647376
138 89 0.758969665038017
138 90 1.699641769525122
138 91 0.19356439405081097
138 92 3.114976201511364
138 93 2.730307513580365
138 94 0.4011446696334287
138 95 0.40108789009266427
138 96 0.7432956572223829
138 97 0.09264321146741891
138 98 0.09666556151806059
138 99 1.1391192868247948
138 100 0.48548108046930044
138 101 1.2695591912036952
138 102 0.3568338557104843
138 104 1.5117348394657781
138 105 0.22744906084663807
138 106 0.7069133189984543
138 107 1.4375127941530543
138 108 0.3925166201073687
138 109 0.35222989138017896
138 110 0.016500377766854167
138 111 0.3701087833635025
138 112 3.1699357508892487
138 113 0.19676994702748266
138 114 1.0190408200525731
138 115 0.4731537571897466
138 116 1.4627432923481485
138 117 0.038214475918795836
138 118 0.06100369815012793
138 119 0.7992670925711236
138 120 2.930702190100888
138 121 1.138019441695553
138 122 0.44702275864630714
138 123 0.09857487340479025
138 124 0.8111336235051197
138 125 0.2407311399527336
138 126 0.09428865579151145
138 127 0.3937371175479274
138 128 1.0696750659834897
138 129 0.5030148171313524
138 130 0.008332940326578747
138 131 1.0702940250090474
138 132 0.3841729882435645
138 133 0.6840370883440933
138 134 0.8790369234693565
138 135 0.8122219956526749
138 136 0.014245954051926584
138 137 0.5124693703222534
138 139 0.5168235261669186
138 140 1.055284261062629
138 141 0.41890784150774624
138 142 0.8569514495964777
138 143 0.29501904613783875
138 144 0.21125738156860369
138 145 0.4218771069070323
138 146 1.193539334352346
138 147 0.9176852012126419
138 148 0.5218672170764984
138 149 3.3922970384037816
138 150 0.3794383402049358
138 151 0.17703887293836987
138 152 3.8057843863522494
138 153 1.1874616747055247
138 154 1.291640754498534
138 155 0.4345559201997998
138 156 0.27616581418645003
138 157 1.5478362082105537
138 158 0.5509054805108863
138 159 0.08489348698646595
138 160 0.027775889888309216
138 161 0.2921857065596265
139 1 1.101337851587292
139 4 0.407692373651948
139 6 0.09679994377618094
139 7 2.7967783720184003
139 8 3.422391124941389
139 11 0.397270205668328
139 12 0.30612909688481776
139 14 1.67022285721388
139 15 3.1864049352662627
139 18 0.808219393674143
139 19 2.2137888912186248
139 20 0.19970038636211632
139 21 3.7509478591924648
139 25 1.6539210590913263
139 26 0.0428601035631001
139 30 2.2743350641597986
139 31 1.7393335650797397
139 32 0.43861906580391413
139 36 1.9020100972990646
139 37 1.0782030231319606
139 38 1.0949371902544536
139 40 0.13579185800554355
139 45 0.06048223983540875
139 49 0.4906123430220314
139 50 0.8731603490187332
139 51 0.08482553409148134
139 52 0.21150119420156271
139 53 0.12729546063192032
139 54 1.5359760725734517
139 55 0.22750113426200697
139 56 0.08903815501589961
139 58 3.155618610028696
139 61 2.3624583855540155
139 65 0.1192167056156036
139 66 0.7232521525558137
139 67 0.5473649267873979
139 68 3.213726373947124
139 70 0.7201786130642164
139 72 0.4850395132280727
139 73 1.9103744033100407
139 74 0.0915916280949945
139 75 0.14547687555362304
139 76 2.6836037056533018
139 77 0.2042808159186844
139 79 0.42289418070320656
139 80 4.292031252553772
139 83 0.39804406818258703
139 84 1.7325270484581574
139 89 1.6839627951267289
139 91 0.4203913931146302
139 93 0.5008564123514675
139 96 1.6052943759920528
139 97 1.049342543836141
139 100 0.4888272907140465
139 101 0.4989332367696758
139 102 0.0662310618307649
139 105 1.1076475481745418
139 106 2.4558374614454976
139 107 0.3396742397691042
139 108 0.7697646202954463
139 109 2.0710014551319293
139 112 1.4411768829807028
139 113 1.7066623447004516
139 114 0.2204047342394095
139 115 1.41443648360912
139 119 0.9552681996429853
139 121 0.1318659433360287
139 122 4.2195471516787055
139 125 2.5306440102435306
139 129 1.6444710725969622
139 130 2.457409090084786
139 131 0.6416762427827807
139 133 1.5175524822186979
139 135 0.220244275637598
139 137 1.2794528692836302
139 138 1.0007220085025463
139 141 0.6654989117597049
139 142 4.741988664409219
139 143 0.9543045687546411
139 145 0.10890480539263386
139 146 2.144809232404485
139 147 0.16218723540661822
139 150 1.5013369099639655
139 151 3.7734035667227595
139 152 3.9218853745658118
139 154 1.192763830998706
139 157 4.863993042715586
139 158 1.8026511104940388
140 4 1.055060917819122
140 7 1.423005863303668
140 14 3.0834823212465308
140 19 0.7764044826876069
140 21 0.8965019048850755
140 25 1.0300828645429516
140 26 0.043142549206590046
140 31 3.423041558235798
140 32 0.7808856832189758
140 36 0.9617905510225402
140 40 4.217977802624918
140 44 2.225999617957418
140 45 0.30969003093066433
140 49 6.326244561129538
140 51 0.0018565601796661363
140 54 0.2220357641360797
140 55 5.222630967743737
140 56 0.5285273253058674
140 63 4.08725457182335
140 64 6.645772219764898
140 68 2.517031961721819
140 70 0.3418359097560458
140 71 0.627013303079875
140 72 4.241878092826784
140 74 5.4231846773129675
140 83 0.0004894326022337712
140 84 0.29712842881426216
140 89 2.5086593577911147
140 91 0.026682747134191585
140 93 2.5752878650675926
140 101 0.5350348541875956
140 102 0.4981414477228499
140 105 0.28117683106719044
140 106 0.30584752828794853
140 107 1.0538445081066903
140 114 1.5087974807721096
140 115 3.501735025180945
140 117 0.7822337003621975
140 118 0.6743439227520633
140 129 0.82261568270538
140 130 0.23136693013521287
140 131 0.7267236190553731
140 133 1.4746041978021807
140 137 9.922339673820078
140 138 0.08519659708730623
140 141 0.14065897229012334
140 142 1.1388984930715305
140 147 0.21667082091727705
140 148 1.2099978444945017
140 150 1.513233953972016
140 152 5.563135613805595
140 153 3.0415191359483793
140 154 0.8093214917417627
141 1 0.6436092584478281
141 2 2.2552010356200296
141 3 0.04883377372384961
141 4 0.019508724077010528
141 6 1.3439022636767866
141 7 0.17618218022118168
141 8 0.05432258224863626
141 9 0.19233902680687592
141 10 0.234380594559613
141 11 0.7654842831371574
141 12 0.1777757473404981
141 13 1.6166572518127789
141 14 0.4211421897549857
141 15 0.5147132031741792
141 19 0.4315191568899257
141 20 2.8076709027125317
141 21 0.34304673612000675
141 22 0.2032649232557681
141 23 0.2970563727607349
141 24 1.8000371010695044
141 25 0.12703409250276818
141 26 0.3305935632269899
141 27 0.07121410760774685
141 28 0.5707040323073288
141 29 0.2835953332817345
141 30 0.17521733611415707
141 31 1.0964872452876382
141 32 1.6667295097986656
141 33 0.94111081444356
141 34 0.11380389343493158
141 35 0.774243435004462
141 36 0.21657005824624492
141 37 1.067721718540735
141 38 0.024454110476412008
141 39 0.24397052320722615
141 40 1.1425460431301344
141 41 0.7558948473586997
141 42 0.02363656302562572
141 43 0.08641383374894947
141 44 0.6827338365484436
141 45 0.7442269245901251
141 46 0.501977378805253
141 49 0.9996034533661091
141 50 0.6625987074309909
141 51 0.513320952461094
141 52 0.43186365431795887
141 53 1.316123277462637
141 54 1.780103331212019
141 55 0.8528216971099838
141 56 0.17498374317415066
141 57 1.2485847689144676
141 58 0.3604149062938374
141 59 0.25189501238345113
141 61 0.23093942171625703
141 62 3.288791333410643
141 63 0.781593255280114
141 64 3.5363577530814783
141 65 0.10128836109876731
141 66 0.6599307460301322
141 67 1.9669551648359946
141 68 0.8872277309907386
141 69 0.8771028803052892
141 70 0.06404348818666952
141 71 0.22502805135288348
141 72 0.19605886857147897
141 73 0.5049855596489762
141 74 0.4646621097233113
141 75 0.22140973939678993
141 76 0.8276789841077395
141 77 0.09957991079258162
141 78 0.37477977822801295
141 79 0.38552168569038414
141 80 0.17095634411061897
141 81 0.24064583308172094
141 83 0.9252406293914254
141 84 1.2371984329603767
141 85 0.09762094796103248
141 86 0.0788828482860251
141 87 0.40952535590840566
141 88 0.6246211967763718
141 89 1.1533171419381787
141 90 3.0762470659897554
141 91 1.8481917748742962
141 92 0.318393343899696
141 93 1.309912151932531
141 94 1.2479099581749442
141 95 0.08436881927137757
141 97 0.09697046216109664
141 98 0.09537883883216725
141 99 1.602176515235325
141 100 0.581359768783481
141 101 0.19020149686304064
141 102 0.17120629627376496
141 103 1.3298772962700132
141 104 0.36224067164262874
141 105 2.4618266968893363
141 106 0.20902718974243178
141 107 1.4344390852887132
141 108 0.7143257963699815
141 109 0.26000913360820294
141 110 0.36559003383676303
141 111 1.9299435242796512
141 112 0.3033254942402728
141 113 0.12595773875933014
141 114 0.3414894470458328
141 115 0.2422363457778545
141 116 1.4674100615714762
141 117 0.36112327858496784
141 118 0.03937168831076816
141 119 0.6990031262159347
141 120 0.45834252349219384
141 121 0.7166157370914007
141 122 0.1373158825111524
141 124 0.35622362240859795
141 125 0.20327121397916356
141 126 0.37126909291140436
141 127 0.6903666932586108
141 129 0.037431760379243666
141 130 0.2655154241527184
141 131 0.7465924960124026
141 133 1.7130697662811751
141 134 2.233758808716023
141 135 0.3140545981786796
141 136 0.020629238001603527
141 137 3.6199056315913274
141 138 0.0027382789714069794
141 140 0.1327079931771524
141 142 3.21860885003376
141 143 0.11066804151944766
141 145 0.7414288704220259
141 146 0.19670983263232844
141 147 1.028664814422618
141 148 0.45928878632892484
141 149 1.3562561254687897
141 150 1.6138541414382204
141 151 0.08445315784612666
141 152 0.11652823356367757
141 153 0.30762687012756157
141 154 1.1588734656761348
141 155 0.9826628506778841
141 157 0.6449258616322378
141 158 0.14700087554978006
141 160 0.14960638369836698
141 161 0.7243752918348126
142 0 0.73118114455542
142 1 0.07761688878473978
142 2 0.14850605621440965
142 3 0.1318120109950261
142 4 0.742734740016877
142 5 1.4996566987340303
142 6 0.700027662115456
142 7 0.41158346867565077
142 8 4.212480350699373
142 9 1.1978409489944895
142 10 1.691484807441736
142 11 1.2856737675160697
142 12 0.9863127778843399
142 13 0.13054375094686876
142 14 0.7600482176997738
142 15 2.579717705566771
142 16 0.25049966069822477
142 17 0.5856408204943174
142 18 1.4611622097886534
142 19 0.388181652591937
142 20 0.6119817108188141
142 21 0.7409398322327515
142 22 0.8481791689124223
142 23 0.05910336884463838
142 24 0.42489656556228983
142 25 2.5182633998336064
142 26 0.1268172764628356
142 27 0.4037904917614226
142 28 0.9623788877467423
142 29 0.6651793706898792
142 30 0.7901731630082234
142 31 0.06388713294105863
142 32 0.11780520582139886
142 33 0.21178342016495635
142 34 1.9491102097837127
142 35 2.020836935633535
142 36 1.353725630382365
142 37 2.5175154532741204
142 38 0.976370883295346
142 39 0.11306860409496661
142 40 2.8665079318778024
142 41 0.6009723384409853
142 42 0.32698170524044984
142 43 0.7451008611681198
142 44 3.823788874260363
142 45 0.01677864796293686
142 46 0.1313952443880004
142 47 1.1133912345412211
142 48 0.9111980823715574
142 49 0.7065486040690448
142 50 0.0494100972947938
142 51 0.15226006101269676
142 52 1.0570171471164138
142 53 0.25200955837362304
142 54 0.06737575281546351
142 55 1.537525919858331
142 56 0.08315905156739475
142 57 0.6404789389490799
142 58 1.6341171117532112
142 59 0.6490087539323757
142 60 0.41203764116062624
142 61 0.1511378397130439
142 62 1.2795277937109504
142 63 0.49522035412802434
142 64 1.3855657726250494
142 65 1.8735131542324517
142 66 0.07193400892340605
142 67 0.017454626696674254
142 68 0.945705616052008
142 69 0.43003515554661237
142 70 1.7056251329775414
142 71 1.8959646407939013
142 72 0.3269154503071789
142 73 1.5739695355099568
142 74 0.29370380308699184
142 75 0.31887412123491615
142 76 1.2490651576532992
142 77 1.254782652868765
142 79 0.12174970088980354
142 80 0.7631125245592412
142 81 0.042457041535699395
142 82 0.8612242575020498
142 83 0.14089465294645956
142 84 0.12041774208784396
142 85 0.2929939351326819
142 86 0.11546156398684179
142 87 0.3804111832553908
142 88 0.2453930122047019
142 89 2.716387773591007
142 90 1.7687438867719205
142 91 0.2267199216245863
142 92 0.8960890325023111
142 93 0.8091902178378529
142 94 1.3635586106191295
142 95 1.126905235765404
142 96 2.5104672368861545
142 97 0.9890231345499098
142 98 0.8351164561291033
142 99 1.417716351274451
142 100 0.1020048663263134
142 101 0.13040806026549356
142 102 1.7763198989503168
142 103 0.7350611393536679
142 104 1.9627807376607047
142 105 0.5527792001395105
142 106 1.1814695701009739
142 107 0.05694464121801872
142 108 0.8632786276271572
142 109 0.41435167492161074
142 111 3.194542591131613
142 112 0.22561961395475508
142 113 1.0333996044190699
142 114 0.4172237122444813
142 115 0.9066584194859691
142 116 0.4160769381136175
142 117 0.591082323334232
142 118 0.20922482219114605
142 119 0.7260875081382826
142 120 0.3245438697267234
142 121 0.4576128185662875
142 122 0.21779119260074195
142 123 0.19885668229442147
142 124 1.7986169105128607
142 125 2.567329157616202
142 126 0.3639617550042752
142 127 0.5107033779268942
142 128 0.42377421415916083
142 129 0.8286958551084399
142 130 1.0428586822606782
142 131 0.30591923245238095
142 133 5.682147425897814
142 134 0.6146700543732511
142 135 0.18283993154040742
142 136 0.040374866210851235
142 137 1.0392415581963341
142 138 0.832587585504098
142 139 0.3535360635209708
142 140 0.48162613131255916
142 141 0.008631671181273268
142 143 0.2481691945143889
142 144 0.735143437089889
142 145 0.5165849590288903
142 146 0.22157504536403316
142 147 3.052438848650948
142 148 0.7692066615268609
142 149 0.14642632330648447
142 150 0.8177779647144958
142 151 5.160700619928386
142 152 1.3858843160390897
142 153 0.34929252293265356
142 154 0.24738530450004723
142 155 0.40325873699584774
142 156 0.9486427302087401
142 157 1.7179459200990097
142 158 0.24039013182203095
142 159 0.03238851661298787
142 160 0.23261127991493985
142 161 0.08428906800569794
143 0 1.4435450671621721
143 1 0.4950193226845666
143 4 0.7787994990046049
143 6 6.567324271785187
143 7 0.12073444118187424
143 8 11.584997201132067
143 10 4.441977697790636
143 11 3.636252282938863
143 12 0.5907960680699662
143 13 6.646577237837797
143 14 3.6920055290281675
143 18 0.45371635015148065
143 19 0.9575829112743555
143 21 3.3709436424718726
143 22 2.7135956857024484
143 23 10.058817043206501
143 25 0.676710491311314
143 26 0.18380810316063073
143 29 0.3804528912460757
143 30 4.937419223792044
143 31 0.2667387920276352
143 32 1.6720440484622587
143 33 1.3774419983686024
143 35 4.444518783711776
143 36 1.4623620552096104
143 37 0.07157844296587032
143 38 0.7126409181812553
143 39 2.2456714516207166
143 40 4.402917062089169
143 43 1.6170413333731297
143 45 3.273402216275416
143 46 1.2969035889230653
143 49 2.110344753837602
143 50 0.8201035603125406
143 51 0.21444060582819455
143 54 0.40277774017039925
143 55 4.260592514880176
143 56 3.3586344089314566
143 57 5.1180196351277
143 58 6.621595702691673
143 59 1.497674806930097
143 62 1.059319462604677
143 63 3.3648012913421392
143 64 4.3995572593953485
143 65 0.35000990303013435
143 66 1.1826503069404766
143 67 1.3830996769044632
143 68 1.6862224424650731
143 69 1.7531285450979592
143 70 0.9453655175125799
143 71 0.5240467980365361
143 72 0.6292509719168748
143 73 0.560145298739369
143 74 26.032943199751216
143 75 1.6087990006947
143 76 2.9490926623587144
143 79 0.5466517546976464
143 80 0.01764981104456729
143 84 0.1124997017618252
143 85 0.26385328572660305
143 87 3.0677552627251057
143 88 0.6718489117989441
143 89 6.48470596994459
143 90 25.8688419582049
143 91 1.2221092742961903
143 93 0.10931636116722533
143 94 1.150047202462308
143 97 2.108722127382769
143 99 1.8992726403634577
143 100 0.9035314530995485
143 101 5.325023206594977
143 102 1.2083104897842225
143 103 0.9611671781953149
143 105 3.795499907312545
143 106 6.623936853123236
143 107 2.625747108563379
143 108 3.873396129465764
143 110 0.4699361570411155
143 111 3.0416950314822753
143 112 4.119043104483711
143 113 2.169189384251807
143 114 2.7959020058273816
143 115 0.5499545973370943
143 117 0.5022186208314372
143 118 0.199916500153765
143 119 0.996522923708965
143 120 0.4799364667515596
143 121 2.3150084911752127
143 122 6.4378601799976085
143 123 1.5776415033814695
143 125 10.215946624254062
143 126 0.20215533969552055
143 129 5.747416400946068
143 130 2.3254118658299068
143 131 0.8110271379084664
143 133 2.1500476676514317
143 134 6.220408995037283
143 135 0.9723120867785064
143 137 0.7793393907976172
143 138 4.349059150304557
143 139 0.011969659808989255
143 141 0.808002609735328
143 142 2.701145607901701
143 145 1.517490527683828
143 146 0.22702252529145162
143 147 0.7683209242194796
143 148 0.3520940915733403
143 150 0.06175732715733597
143 151 2.117393793296193
143 152 1.138348115498144
143 153 6.672678668877658
143 154 3.765548536907752
143 155 1.0161402384832392
143 157 5.769033437977539
143 158 0.9967495792074524
144 4 0.1488701677574655
144 7 0.10779088344951737
144 11 0.012042565367797492
144 14 0.5542245582999418
144 19 1.264554787068853
144 21 0.6170309366796718
144 26 0.05341966134760985
144 31 0.12617741678522673
144 51 0.6528382605115647
144 54 1.351533723931402
144 64 0.07606949111119406
144 68 0.6343805341374875
144 72 0.08130292518954611
144 74 3.0707986372542337
144 89 0.5880113610044699
144 101 0.399488362309511
144 104 0.06515321783659
144 107 1.5368181839225075
144 114 0.21342006191020652
144 118 1.0558139109378408
144 133 0.31167795894276357
144 146 0.20632580677902426
144 147 0.1644621189334232
144 150 2.048964650920517
144 152 0.9975750683612326
144 157 0.5340240287424978
145 0 3.2138608180365797
145 1 0.026982431865163244
145 4 0.4981725393218311
145 6 0.18624714507707812
145 7 2.6085647640933747
145 9 0.08141922620561562
145 11 0.7168643083908486
145 13 0.3323154790435289
145 14 2.5863374673542237
145 18 0.1777658910725697
145 19 2.6516943408238687
145 21 0.8137397624758815
145 22 0.1330806051474133
145 23 0.6474678276282285
145 25 1.3545500843683
145 26 0.3956135769252149
145 29 2.6174672233597485
145 30 0.40738385394114784
145 31 0.03335529423663899
145 32 0.3827194663100194
145 33 0.42601041727451633
145 34 0.08723799064186546
145 35 0.7176600976652878
145 36 0.15893811488055698
145 38 1.4915173314465033
145 40 0.22893707117828785
145 43 1.746783737469219
145 44 1.1208580328403561
145 45 0.6816442018983212
145 46 0.6056315967900503
145 49 2.2854274159354
145 50 0.202487852337549
145 51 0.467742889755295
145 54 1.3935970159781152
145 55 1.6531162772497179
145 56 1.9984171183940609
145 59 0.23935348500609807
145 61 1.2160535455075103
145 63 0.856350701885737
145 64 1.2094070399241015
145 65 0.09195001694618064
145 66 3.6320907021266278
145 67 0.08671872853921468
145 68 1.0916593805345394
145 70 0.9196842180711972
145 71 0.42530434154793767
145 72 0.699461982518578
145 74 0.15967511090171574
145 75 2.7730872687730996
145 76 0.22487519297574135
145 77 0.2859770977871999
145 78 0.0747071194696425
145 79 1.7010063458455822
145 80 0.3209512457218246
145 83 0.4713086818019802
145 84 0.0375375244644575
145 86 1.2010041757052259
145 89 0.4050470557588046
145 91 0.004474840146533079
145 94 0.5078484189611484
145 97 0.6541579143308601
145 98 1.0041066704876742
145 99 2.634182276297224
145 100 0.008919848465254293
145 101 0.5744550611720846
145 102 0.528812416444209
145 104 0.01259339991717122
145 105 2.043313615036401
145 106 0.8650273084865223
145 111 0.048315552722282495
145 112 3.4621741785279867
145 113 0.02495957266691983
145 114 0.3580632789095827
145 115 0.1752413390741881
145 116 1.95588977662338
145 117 0.9012873844854675
145 118 1.056428849387272
145 119 0.02209778871104793
145 120 2.159840634115998
145 121 1.50777717896267
145 123 0.7201275631123103
145 125 0.24848812088174405
145 126 0.4712597590129189
145 129 0.5332253331661352
145 130 0.8087585276461876
145 131 0.7535549953097411
145 133 1.335042029960487
145 134 1.9145297588097856
145 135 0.5893035064418225
145 137 2.4333825856702735
145 138 3.2032598394733673
145 140 0.6448097211314976
145 141 0.38949835809139055
145 142 0.40085638651181904
145 143 0.8614095217451047
145 146 0.1384287031472505
145 147 0.17283632998748394
145 149 2.756164998753975
145 150 2.6592356295068647
145 151 0.4977399373841491
145 152 0.41319795590127434
145 153 0.48254576869741295
145 154 0.5068730066945875
145 155 0.39791448096445803
145 157 0.5761390013786156
145 158 1.0182532895706797
145 159 1.0407662522912176
146 0 0.05191034293307085
146 1 1.8869723485531165
146 3 0.7728766329366491
146 4 0.5814118582627408
146 5 2.2002778791592967
146 6 0.17086568578747222
146 7 2.809557068985522
146 9 0.360033445673718
146 10 1.9745588988868457
146 11 1.1984851631519096
146 12 0.6246692276381447
146 13 0.8223810134180837
146 14 0.3947661354215165
146 15 3.2594401395697163
146 19 0.33579460121896104
146 20 7.332301141427314
146 21 1.0421345297760518
146 22 0.7992562925937373
146 23 1.4180549181205868
146 25 0.5931720775604388
146 26 0.9670077880520717
146 30 2.6478646445297205
146 31 0.876656357249845
146 32 0.8092143957139777
146 33 0.3151317325588005
146 35 1.9214643542873113
146 36 1.119517405370108
146 38 0.32682034649931696
146 40 0.3088668052019633
146 43 0.21900402478984873
146 44 3.213347065310621
146 45 0.35714453567234683
146 46 0.234105084601164
146 49 1.3091970440221334
146 50 0.8645231213204447
146 51 0.09032388046225572
146 52 2.799446518692079
146 53 0.2216795328623439
146 54 2.8159145041033455
146 55 1.1559942883324557
146 56 0.11170821122126802
146 58 1.6920436725106451
146 59 0.0706409546848351
146 62 1.1603170233752202
146 63 1.2993126630726854
146 64 2.147582182916197
146 65 2.0498885190961595
146 66 0.5975113507513009
146 67 0.5525829698974545
146 68 3.4605197957462965
146 69 2.0175410556759665
146 70 1.5441796073831875
146 71 0.29786392455655913
146 72 0.017251011014598566
146 73 2.0648785381138564
146 74 1.2300806296209212
146 75 0.5015311976782416
146 76 0.5075109437064356
146 78 1.0845415642522531
146 79 0.353139125961448
146 80 1.5449379486644057
146 83 0.8268530413895046
146 84 0.3543360664076676
146 85 3.0920296737179798
146 86 1.1239545530393265
146 87 0.3181871745158439
146 88 0.6730107306032329
146 89 0.848178855559078
146 91 0.3725359034203458
146 93 2.679382199221811
146 94 1.0484836530591273
146 95 1.0802767174683865
146 96 1.1501117287715754
146 97 0.5233039973795074
146 98 0.232917380648939
146 99 0.2997343361000616
146 100 1.6168680216366011
146 101 0.18152553356597514
146 102 2.124516590971978
146 103 1.1383753158667127
146 104 1.9380159074346928
146 105 1.9822100365843593
146 106 2.6643889333710087
146 107 0.15964335332927584
146 108 1.4748197413782893
146 109 0.004388333739922131
146 110 0.9064313782516535
146 111 0.6140758343437213
146 112 0.5449576361990716
146 113 0.09215127850607704
146 114 1.5599239151044944
146 115 0.5736454109779845
146 116 2.235813510010101
146 117 0.1947384605149603
146 118 1.1578544014776666
146 119 1.7190576022682529
146 121 0.7249906919379709
146 122 1.8861264348889923
146 124 0.050905371765597424
146 125 0.5311469087303277
146 126 0.06873917401315309
146 127 2.069576615659824
146 128 0.05162471988440176
146 129 0.20166145066975902
146 130 6.620277977544641
146 131 1.2454395978608142
146 133 0.5072989098835025
146 134 2.273028093692682
146 135 0.5398174011174819
146 136 1.7547054391353878
146 137 2.0109175314079617
146 138 0.02921008054422696
146 140 0.9542806828934857
146 141 2.064717894236792
146 142 0.2522701840055961
146 143 9.414701970921076
146 145 0.031086875195146874
146 147 1.6488541844437339
146 148 0.0882186222362446
146 149 0.420686754568876
146 150 1.0966003089123744
146 151 0.4057089545710477
146 152 0.3379900690615982
146 153 4.1649509022510705
146 154 0.7920844492405795
146 155 0.19606543753518094
146 156 3.234308790065555
146 157 0.27752676631083556
146 158 1.6318562129783225
146 159 0.3147814309852348
146 160 3.0814040283786683
146 161 0.29774248693923416
147 0 0.23466668668511037
147 1 1.093033348081017
147 4 1.4355408278177946
147 5 3.0025810857220234
147 6 3.720639226235196
147 7 1.2879302957826158
147 8 1.1093987740140419
147 9 0.772975513176992
147 10 1.0051330551193347
147 11 0.7910491978843318
147 12 0.025183970931062047
147 13 0.2647331495807572
147 14 0.17934156789890024
147 16 0.05690775406592854
147 18 0.27361916372413003
147 19 0.2960048963291683
147 20 2.579798876580401
147 21 6.239782329175649
147 22 1.1893498052589493
147 23 3.2724098581884817
147 25 0.8550559964929004
147 26 0.16557726830598452
147 27 4.264690464317369
147 28 1.2735272513611695
147 29 5.33742137996222
147 30 6.4488091369389515
147 31 0.5729410381449962
147 32 0.5048428928770134
147 33 0.19193739371525537
147 34 0.280959888010716
147 35 5.4499887544218515
147 36 0.7890827576304774
147 37 2.7091513415840476
147 38 0.6850462277545528
147 39 1.296552772274735
147 40 0.9542306351531121
147 42 0.302390310022922
147 43 0.4424148925744717
147 44 0.43679473234637795
147 45 1.0970748341986494
147 46 2.6382219816981145
147 47 2.0177494456673397
147 49 3.422136362876362
147 50 1.9706489623633934
147 51 3.9769343539768878
147 52 0.02183282145759166
147 53 1.3845158722122366
147 54 0.1155087135759536
147 55 2.3309556472629436
147 56 2.069125683103438
147 57 1.4233156270738079
147 58 2.826604995687453
147 59 1.8642414776391807
147 60 0.9849660660164767
147 61 1.0228518049767361
147 63 0.0484079048965311
147 64 0.2406645631368394
147 65 2.9113432373086083
147 66 2.327288313218438
147 67 0.8154441068122427
147 68 0.4771181753014323
147 69 1.8428469700982333
147 70 0.5018783401729062
147 71 0.09472146735586809
147 72 0.44475645565103705
147 73 0.0043408354772196895
147 74 1.2216174468490355
147 75 0.4247935097479208
147 76 0.3135099882660335
147 77 3.5221792974666193
147 79 0.2873697147635762
147 80 0.14474340905336217
147 81 0.4726387612385383
147 83 0.8876034196230703
147 84 0.6540928583177995
147 85 0.13142124794930996
147 86 0.016010837977365744
147 87 2.5100560273357866
147 88 1.0195019028252088
147 89 2.160577948607436
147 90 0.3873704307081136
147 91 0.4168016381512933
147 92 0.05832591751038219
147 93 3.4532965291001254
147 94 3.1314958609530223
147 95 1.4105908658714992
147 96 0.8291600903861497
147 97 2.1567405147223746
147 99 3.7270996083953594
147 100 0.9346298876388052
147 101 0.22758761428272878
147 102 0.040485790133991034
147 103 0.031176064837348222
147 104 0.8221787569467981
147 105 0.09198018598352235
147 106 1.1450296193797531
147 107 0.685602315069364
147 108 1.111843165432852
147 109 3.9225437470333495
147 110 2.058939331764444
147 111 1.4835804593218436
147 112 2.321046318129603
147 113 0.7608139744954193
147 114 0.45280243693859606
147 115 2.338864288162271
147 116 1.7994894884358095
147 118 1.3988068060670729
147 119 0.5755535667113917
147 120 1.7562536209128634
147 121 1.0861160483292414
147 122 1.2677016329833657
147 124 0.773139441222453
147 125 7.693165620111013
147 126 1.1370358115183747
147 127 0.9314467159053337
147 128 0.13183204413481994
147 129 2.456850415341174
147 130 1.0589601995922469
147 131 1.1227378321871135
147 132 0.3019102269068923
147 133 1.4549852886386783
147 134 1.4074446255621593
147 135 4.0200361177816655
147 137 6.288953574181583
147 138 0.05005367581005124
147 139 0.01926256983434125
147 141 1.1495504216757957
147 142 1.0115964253170406
147 143 1.1791695500407102
147 146 0.19200039574719927
147 148 0.4946560585863105
147 149 0.45812901196229516
147 150 0.03498114813867447
147 151 1.6125058697753207
147 152 1.255136394478641
147 153 1.6450039280100242
147 154 1.209300500701726
147 155 0.6178375910715593
147 156 0.1320771135569453
147 157 1.6362227912294376
147 158 0.36257692848040785
147 159 0.298684930506508
147 160 7.472602317891093
147 161 0.522699686747019
148 1 2.9958525535108644
148 4 0.052012007636272416
148 6 1.4537851207078876
148 7 0.2378662092958493
148 9 0.4312670844575057
148 11 0.25486873144618727
148 12 5.06133203280048
148 14 0.13824441229419332
148 19 0.10893288289459593
148 20 4.370994328678416
148 26 1.2375716485843318
148 30 0.5305354083209185
148 31 1.7219982548349908
148 32 2.1319453125184507
148 36 1.5238887605673699
148 37 0.015083069564272711
148 38 1.0517652212243827
148 40 0.15115510526965448
148 45 0.8811816111780824
148 49 3.7912289105877823
148 51 1.443953931142734
148 54 1.5091743382321332
148 55 2.277027917139232
148 56 0.4172136075278276
148 64 0.6007083834456107
148 65 2.3430391477763512
148 67 0.8203883727319016
148 68 2.7070971830448176
148 69 0.6384504641151693
148 70 0.6751381844797257
148 71 6.462334540389751
148 72 2.4018104478703015
148 74 1.6341213669813204
148 75 0.1852462057489649
148 79 0.04822253816914383
148 84 0.6463737034356299
148 88 0.7930423119493286
148 89 2.3618342673140753
148 90 1.7571437905269884
148 94 2.407642654583396
148 101 0.14656523197392726
148 102 2.757286629225585
148 105 3.7960885394192805
148 106 0.09796137457667599
148 112 0.25286587004343086
148 113 1.96482648248123
148 114 0.555293804027084
148 116 0.5461091721580896
148 118 0.6999337124141198
148 122 1.8773166448181327
148 126 0.23315875086852983
148 130 1.2672091808049546
148 131 0.03260397254191661
148 133 5.183035875228353
148 137 0.9626083411207537
148 138 0.20063297967486177
148 142 0.07151674700296325
148 146 1.5522413193310283
148 147 1.573940554907445
148 149 0.12284926509916712
148 150 0.5811262903144221
148 152 2.6110822083314162
148 154 3.402747457556754
149 0 0.34700096692034244
149 1 0.22736638158016825
149 2 4.573238591017737
149 4 0.7797606764034906
149 6 0.5682283236200208
149 7 0.6422918338567907
149 8 3.451894100709261
149 10 1.7216000102016462
149 11 3.2038593027555105
149 14 0.04713037896117651
149 15 1.016137029724875
149 16 0.6467086926661719
149 19 0.2955099902129113
149 20 3.012031119625433
149 21 1.8821428008579422
149 22 0.6924905897679534
149 23 2.2614410684899213
149 25 0.5333871174459048
149 26 1.0842800872988339
149 27 0.42194909539152825
149 29 0.16392440405456427
149 30 4.082700119559296
149 31 0.703474344164061
149 32 0.44034770824706604
149 33 4.265480189093316
149 35 0.004726027453955572
149 36 0.15204941626429638
149 37 1.0006610179188191
149 38 0.020577432303136304
149 39 3.960718100353928
149 40 0.7340164909743734
149 42 0.04788327781991288
149 43 2.2563672803648838
149 44 1.135922578900184
149 45 0.027250088709083537
149 46 0.9330827030964721
149 49 0.7331578601194574
149 50 0.13595479466931884
149 51 1.5611015124226522
149 52 1.1890907679678036
149 53 0.5909689115021679
149 54 6.862114289718071
149 55 0.17344021765909987
149 56 5.441917068948713
149 57 1.2804824854798535
149 58 1.2269946688950009
149 59 0.10045410116515285
149 63 1.4725695264510543
149 64 3.167443353982756
149 65 0.04112129971993178
149 66 0.06037497015415108
149 67 0.2101930652715261
149 68 0.511575116582972
149 69 0.12378921508369596
149 70 0.7485514626640308
149 71 1.5905934141228244
149 72 1.7780641071707368
149 73 1.801771877858093
149 74 2.8347302756239174
149 75 0.12948539338267173
149 77 0.9985500503849706
149 79 1.6068950784973233
149 80 0.645672189450146
149 81 0.6592586477848791
149 82 0.9517439807912235
149 83 1.1827985798933467
149 84 0.3220271255576236
149 86 0.03293471532072839
149 87 4.1794229321117715
149 88 3.4668870969463645
149 89 2.6655661892608076
149 91 1.5836220731990038
149 93 3.245716826987952
149 94 1.359449128427698
149 97 2.347696429715799
149 98 0.060409716431075774
149 99 2.071648253593747
149 101 0.6148043419606567
149 104 1.939602711745914
149 105 0.3912048442363941
149 106 7.164348107102868
149 107 0.6032341984738231
149 108 3.5901529263559278
149 110 2.131257646538869
149 111 0.5354824563202243
149 112 0.899458904309467
149 113 0.45894039001971737
149 114 0.7757070068767182
149 115 0.7741580353639298
149 116 0.5827341039516004
149 117 0.9760431401756315
149 118 0.08358365311085725
149 119 0.9899169867203181
149 120 1.5440994988284649
149 121 2.8264019905338285
149 122 1.042772812132242
149 125 2.333024275200467
149 126 1.6608535382604086
149 127 1.0390296536995194
149 128 0.2635438701767581
149 129 1.4229686782027577
149 130 0.6984581670031227
149 131 0.08750553820812988
149 133 3.593166852284113
149 134 3.735321848331491
149 135 0.6795619943433897
149 138 0.47662324224704417
149 141 0.04499716954350971
149 142 0.07218738201472999
149 143 6.253343568985872
149 145 2.4905512132180148
149 146 0.13342879342420935
149 147 0.9213808328479541
149 148 0.02457686310263242
149 150 1.746096781196538
149 151 0.5429093392189062
149 152 0.7593565967476642
149 153 3.150179866913333
149 154 5.218114001801741
149 157 0.9439286329172065
149 158 0.9232003897528138
149 159 0.08812346622320365
149 161 0.02030572986947713
150 0 1.4440812500967808
150 1 0.604426096042143
150 2 0.076356894370995
150 4 0.05205328889418874
150 5 0.32745321009681533
150 6 1.0952156786953267
150 7 0.1414356666844632
150 8 0.03827431646680876
150 9 0.12269802226969305
150 10 0.46833762474848195
150 11 3.201411871920619
150 12 0.3072121068562258
150 13 0.4052831732311794
150 14 0.3351560780937402
150 15 0.23132764295379893
150 16 0.27850715529805137
150 18 0.6969512288459888
150 19 0.70734487709395
150 20 2.911241188610245
150 21 0.517309148321733
150 22 0.1383988083337158
150 23 0.06678584780794919
150 25 1.314755139604796
150 26 0.17861018468184264
150 27 0.32203192414076537
150 28 0.279794726249259
150 30 1.0973163213246262
150 31 1.273209725501146
150 32 0.12582427489210155
150 33 1.2670084824854506
150 35 1.152857951987673
150 37 0.38815851681715
150 38 0.21264027531966573
150 39 0.3693335128231791
150 40 0.15497231952988158
150 42 0.41812516796948523
150 43 0.43258116284382625
150 44 0.5423434139700262
150 45 0.5137184388168979
150 48 0.0584902029880766
150 49 0.29660766616296075
150 50 1.7684048147902476
150 51 0.4111673470995029
150 52 0.41659183206226424
150 53 0.4998596717582613
150 54 0.5453937999894356
150 55 1.091819445132889
150 56 0.05228808493007038
150 57 0.24076548363222858
150 58 0.08831520032916396
150 59 0.4387141809174615
150 60 1.5388495702657863
150 62 0.5509318791365078
150 64 0.09296184466588286
150 65 0.3930425553887345
150 66 0.14868004568119905
150 67 1.5238865908475994
150 68 0.30948334844990616
150 69 0.724769164926588
150 70 0.4753974584049257
150 71 0.7063992977411988
150 72 0.3157298231418688
150 73 1.2390645323923937
150 74 0.9913446702056672
150 75 0.02434009143597603
150 76 1.7632653077083398
150 77 0.10578395023766336
150 78 1.2089080539746633
150 79 0.16216282422157188
150 80 0.16287061869972422
150 83 0.3762798417951808
150 84 0.06565507588507888
150 85 0.6257862758501864
150 86 0.1173109667527671
150 87 0.03622894262983617
150 88 1.5849122531530482
150 89 2.765855272456659
150 90 0.47615284410825387
150 91 0.1103954116213401
150 93 1.758310516933452
150 94 0.325597942636522
150 96 0.630648825582471
150 97 0.884459946745732
150 98 0.010624695824322404
150 99 0.2483699083942061
150 100 0.3066538206556117
150 101 0.09256867936560959
150 102 0.4604112226145107
150 105 0.8723600783186778
150 106 0.4340866963064956
150 107 0.8035839365254643
150 108 0.08820218490263985
150 109 4.01069319280771
150 111 0.048523797728897894
150 112 0.8269675720239076
150 113 0.7054280030911589
150 114 0.40630890495364774
150 115 0.010707734389571018
150 116 0.8107789310628842
150 117 0.06167170448725785
150 118 0.4950047258272356
150 119 1.8541843681428485
150 120 0.1931495133404218
150 121 0.008645457403266681
150 122 0.916829672380224
150 123 0.33316105286650616
150 125 1.3691434932633755
150 126 0.3808497172757121
150 127 2.6289471816034253
150 128 0.17472634945207557
150 129 0.17207368576189655
150 130 0.5577701488359733
150 131 0.10387686731651063
150 132 2.7489662038707863
150 133 1.5884396171394561
150 134 0.027349563863794647
150 135 0.0016539492516000683
150 136 0.003537113942521614
150 137 2.001146898069448
150 138 0.07078456909416606
150 139 1.2261340841739508
150 141 1.6448434027719279
150 142 1.0118982178763485
150 143 1.0506753076571682
150 145 0.7054144532328095
150 146 0.052953914526977314
150 147 0.8303478904499734
150 148 0.06627951246304138
150 149 0.0927814731695304
150 151 0.40883864368239925
150 152 0.32059413564008427
150 153 0.24843779466819718
150 154 2.28021197118568
150 155 1.285565009302918
150 157 1.3784580519391796
150 158 0.8753243579243203
150 161 0.21612991266536946
151 0 1.5150182328340174
151 1 0.08148065104875565
151 3 0.32148117865610065
151 4 0.6170607805114288
151 6 0.7877969514756716
151 7 1.7281329492434347
151 9 0.2033127042776501
151 10 0.5587092647601104
151 11 5.042123539436518
151 13 0.625999119122838
151 14 0.4516183217604136
151 18 0.06652572199325979
151 19 0.10045056957355102
151 20 0.2420225880664178
151 21 4.240172426492381
151 22 0.3419105603523527
151 23 2.766120591085303
151 26 0.14350814105002324
151 27 0.5773250323882889
151 30 0.06320957631433922
151 31 0.2749949664244545
151 32 1.262859459973742
151 35 0.683363248979192
151 36 0.5980043278596618
151 37 0.960973826708889
151 39 1.1161740732959458
151 40 0.6457570911412269
151 42 0.011820889994512796
151 43 0.27082669038414003
151 44 0.4982950098172316
151 45 0.24312547043156482
151 46 0.7232384394781881
151 47 0.22670027486079547
151 49 0.08904408326748765
151 50 0.5848940709582856
151 51 0.8230412116698952
151 52 0.18124437895439702
151 53 0.18004227676290926
151 54 2.6043975454968247
151 55 0.9432250316676092
151 56 1.6685636309289902
151 57 0.9914409764621434
151 58 2.956529753647852
151 59 0.19530900440509683
151 63 4.446055124920087
151 64 0.0342022673676666
151 65 0.05036697708303606
151 66 0.29242527016041137
151 67 0.039755649031374574
151 68 0.5977320759558117
151 69 1.6195125639258146
151 70 0.4951486540953673
151 71 1.1004913068436124
151 72 0.21982296655266934
151 74 2.2009136783405543
151 75 0.004769724533135315
151 76 0.5799899623366842
151 77 0.2912131509840547
151 79 0.004647546443441005
151 83 0.3683609835651407
151 84 1.021258190282816
151 86 0.23739103721233207
151 87 0.16093489535804573
151 89 0.15352617436573296
151 91 0.17361978997289979
151 93 0.05459135111498896
151 94 0.31058982454872536
151 97 0.367470113148225
151 101 0.7882764335801751
151 102 0.08834702958881124
151 103 0.07323890665174518
151 104 0.08034880197990595
151 105 2.9940515315774388
151 106 0.5003901304360897
151 108 0.10378550457778371
151 109 1.7711690134880897
151 110 0.41950735025782304
151 112 1.5740998088673066
151 113 0.5818370812634668
151 114 0.27729154808110223
151 115 1.1257009735312702
151 117 0.7661680770439082
151 118 3.9790207353279827
151 119 1.5029164720558232
151 125 1.8299011239331335
151 126 0.10620018173559787
151 129 0.20162429733955567
151 130 2.1193803503116975
151 131 0.2614312596300161
151 133 0.8297761764312983
151 134 1.1148279328977093
151 135 0.03956675178595849
151 137 0.11138470621761339
151 138 0.31282735217707425
151 139 0.17129250844137314
151 141 0.4099625044547262
151 142 2.4550271342547068
151 143 0.18918461750262228
151 145 0.3376877360049669
151 146 0.6214836427632189
151 147 0.20549478855336017
151 150 1.878722806884067
151 152 0.05078647112129446
151 154 0.8009770929761476
151 161 0.13476370261631618
152 0 5.515418214914386
152 1 5.399985467942746
152 2 1.745085189674797
152 3 2.923358635245097
152 4 4.555858111961815
152 5 1.9754331306216115
152 6 37.56881061184272
152 7 5.134553700034648
152 8 15.772133922095245
152 9 0.3606151585968583
152 10 3.73891038078836
152 11 0.5893859794749877
152 12 1.1222722848714781
152 13 1.4821807427094804
152 14 21.733808640079275
152 15 0.6479824906970295
152 16 12.943513535305023
152 17 1.8764374362167398
152 18 0.1194918903331375
152 19 1.1182995463553842
152 20 3180666.09607811
152 21 237060.8517505689
152 22 0.8665977949811752
152 23 17.43383395121262
152 24 4.067461939850002
152 25 0.49682554363238945
152 26 1.2963917356880728
152 27 0.10857568723288996
152 28 3.539770571538244
152 29 0.4647285456820827
152 30 3648009.6429086905
152 31 0.036168192104241874
152 32 1.1088737931095636
152 33 0.8689147242471047
152 34 0.49253000448184836
152 35 32.529778713890124
152 36 1.8979864850137367
152 37 10.665672842180253
152 38 0.9266952649989396
152 39 16.895880129040194
152 40 0.5740410237429819
152 41 1.8086967348801053
152 42 1.6381768624477488
152 43 4.999736215566535
152 44 1.2378764411876442
152 45 2.2134182950656878
152 46 0.11005427219476954
152 47 0.5506114264511437
152 48 9.838862500205163
152 49 1.5589974493652061
152 50 1.8489681276893224
152 51 0.1766513465379672
152 52 2.8379979060584977
152 53 1.868359976874284
152 54 23.11338009693842
152 55 83.13479346743519
152 56 6.321911706199506
152 57 3.4202935608568517
152 58 5.937698055698657
152 59 1.0607611476474228
152 60 4.608863029716429
152 61 1.8487414462191838
152 62 2.163966997715697
152 63 50.93337652569227
152 64 30.17925224611603
152 65 1.8964064707107287
152 66 9.467104667545934
152 67 1.0432708858031081
152 68 5.632572734051768
152 69 3.894630418357815
152 70 1.4450065302079933
152 71 0.635557965185893
152 72 1.481656798010003
152 73 1.1523739194858145
152 74 19541700.677813936
152 75 0.22394754825857227
152 76 1.9921443109894363
152 77 0.2394179740549319
152 78 1.4779987950887012
152 79 2.5159980862334983
152 80 4.4978884936261565
152 81 4.181103695552627
152 82 3.3406364945449973
152 83 1.7176044253713536
152 84 0.5279342320363091
152 85 5.01257632394554
152 86 0.5887377283679568
152 87 15.854331182937795
152 88 1.1390002814906088
152 89 4.2023293925654395
152 90 6.781601286045578
152 91 1.0787003911361714
152 92 5.169956965970338
152 93 325.0093483310132
152 94 1.5928768660527557
152 95 0.29346707800077987
152 96 2.1398250974146147
152 97 0.21269267645361817
152 98 1.7542145913197444
152 99 3.8652676303247953
152 100 0.49963350741381796
152 101 1.8374246543313815
152 102 1.1883740090065769
152 103 1.8139664046091248
152 104 13.839180221121152
152 105 7.714772575907182
152 106 1.8758433476236334
152 107 1.0428297068995676
152 108 3.019492848462138
152 109 8.524229091581688
152 110 2.917427090134043
152 111 0.02386223241740821
152 112 49.60714614306367
152 113 0.3079997516660413
152 114 7.026889697055043
152 115 4.556623031639919
152 116 1.3900539301979535
152 117 0.1566938752960096
152 118 2.1410189965732505
152 119 0.9114187931559035
152 120 1.480038051132579
152 121 0.44274224019722885
152 122 1065476.4238172132
152 123 1.0901415673820105
152 124 1.7865783899910317
152 125 25256.90929770749
152 126 4.0060457309571555
152 127 2.47441735765329
152 128 1.4385297292195667
152 129 1.4806416983965711
152 130 1.3206903011527762
152 131 1.2601160464570518
152 132 0.3568793089768741
152 133 58.41277719584069
152 134 2990935.2394285197
152 135 1.7185052765448525
152 136 6.025463410274028
152 137 54.11310685764911
152 138 2.8436063793262663
152 139 7.252131517027502
152 140 0.12478159954304788
152 141 7.217549458123581
152 142 1926737.0995919756
152 143 2821851.141907957
152 144 0.2061880644909532
152 145 1.1565458788399499
152 146 1.3829212965298043
152 147 1.7860712094926194
152 148 0.34123063746522336
152 149 0.14872749921493633
152 150 16.439100031921743
152 151 29.371535332243802
152 153 13.615329499595266
152 154 2131183.82673885
152 155 2.5266922199311463
152 156 3.539193998070633
152 157 12.900395441857363
152 158 9.245215795517032
152 159 5.905626472498655
152 160 13624343.043587115
152 161 0.012876504923609186
153 0 0.09168567501751286
153 1 3.664824647916753
153 4 0.5821649316265031
153 6 6.809849755814835
153 7 0.8648074667295246
153 8 10.098121472909787
153 9 0.546111880407719
153 11 2.5803938070710637
153 14 6.338014417451523
153 15 2.6400265621533805
153 18 1.9378523899741895
153 19 0.3497385823222877
153 22 10.286513792639806
153 26 0.39703824111481895
153 28 1.349767814409217
153 30 7.617397093977355
153 31 4.370546443726849
153 32 4.271705750413402
153 34 0.6577549963981798
153 36 0.1045097941916228
153 37 6.473749679922142
153 39 20.008569125368886
153 40 1.349169051148671
153 44 1.3627266836177074
153 45 1.347308393512675
153 49 10.091934055221692
153 50 0.22542222534533257
153 51 5.878428545121399
153 52 2.9988336437651757
153 54 0.9589411846967874
153 55 52.61749228078342
153 56 2.815557811972236
153 58 5.065918066409086
153 59 2.390137499802488
153 61 0.32570988826559655
153 63 16.145146027097418
153 65 2.0191763719700058
153 66 0.41344763639672333
153 67 0.21276397095730237
153 68 3.501309022665868
153 69 19.427036768220546
153 70 0.3696926370515868
153 71 2.18811291138453
153 72 0.5858618097089483
153 73 1.6021495337470326
153 74 33.84702578836956
153 77 7.83507842316957
153 79 1.972652169773209
153 83 0.9702163760307786
153 84 1.2135027961744802
153 85 1.5725965982060373
153 87 4.9086378642556285
153 89 5.680166910897177
153 91 2.022199310339055
153 93 7.3074334990519105
153 94 2.3120027522450046
153 97 0.005685011904603268
153 98 2.952011423849905
153 101 0.4249850526112409
153 102 1.372388366230282
153 103 1.2884308069266537
153 104 0.3713355311275243
153 105 0.7561039093985856
153 106 9.461168793013401
153 107 4.5974159041173905
153 108 0.865106187507328
153 112 6.779598581999084
153 113 2.291618521596214
153 114 6.832080994852571
153 115 1.1020772713690368
153 117 0.6341142402068091
153 118 2.0699796934470163
153 119 0.9902015156378288
153 121 0.8884484707065833
153 125 28.31064236111403
153 126 0.17407388601052792
153 128 0.6353200763764455
153 129 0.596743803485033
153 130 16.77748928942862
153 131 0.5439031180425725
153 133 6.587492552707887
153 134 35.39154993480155
153 135 4.8887195651328526
153 137 0.5957655976837858
153 138 2.256279190254783
153 139 2.051427381307634
153 140 0.20016213076450934
153 141 5.891786523277134
153 142 0.9045526062576059
153 143 7.367637390526458
153 144 0.7064718762770779
153 145 2.2514892523218566
153 146 1.037397812158484
153 147 1.9325792150736107
153 150 0.03592497558240684
153 151 9.470718210250409
153 152 2.7819848495649007
153 154 1.855005003335417
153 157 0.5456578969360517
153 158 20.262389749565074
153 159 0.5743438168856477
153 161 0.17081300304256117
154 0 1.1440544115405809
154 1 1.858801759251727
154 2 8.439689046889589
154 3 0.6884669062517745
154 4 3.618767828458971
154 5 22.17718172841893
154 6 17.62223989655346
154 7 1.5556444437312789
154 8 25.13142208393079
154 9 0.6698440691131375
154 11 6.935729931709689
154 12 0.6986634916312182
154 13 1.2090919718364632
154 14 13.597788610106532
154 15 4.407578408703409
154 16 5.656837693342062
154 17 0.9883590912667207
154 18 0.6920301342740193
154 19 0.12488621057979529
154 20 2667414.778947182
154 21 2417263.7396759866
154 22 3.501005121189153
154 23 13.36737987960455
154 24 3.922538259077563
154 25 0.25082504098870434
154 26 3.7001579022460134
154 27 3.723053939679618
154 28 0.6393755665187385
154 29 0.10142172599129584
154 30 77382782.32008678
154 31 2.7324423322966545
154 32 0.6603700580430086
154 33 2.1857202760709757
154 34 3.5193906550094356
154 35 43.21661312697999
154 36 0.7920595815896785
154 37 3.4924298193110497
154 38 0.19200339086025672
154 39 25.73184934623627
154 40 3.10044412449406
154 41 0.612086299497907
154 42 1.2154076933893518
154 43 3.179124602415312
154 44 4.699289919070374
154 45 0.5571604011203894
154 46 1.3072235232310458
154 47 1.9190365036159092
154 48 0.35998246046980004
154 49 17.380143969414988
154 50 1.243664332560236
154 51 0.12449444706976558
154 52 3.9360035157977116
154 53 4.721154946131059
154 54 42.4474695579742
154 55 619.8849307860552
154 56 12.262597219593715
154 57 2.630780043597085
154 58 1.9336726903817925
154 59 2.668717135914972
154 61 4.158123704530366
154 62 3.4354528199991825
154 63 87.29747490829654
154 64 44.26604354234787
154 65 0.22306582478551015
154 66 1.626973316625325
154 67 0.033575449210811216
154 68 13.972076512568197
154 69 0.9944609065406249
154 70 1.6891932572822148
154 71 0.45165515461363126
154 72 31.067545792231435
154 73 2.661085368020269
154 74 71700950.70402269
154 75 1.4764183703468878
154 76 1.6286610978851608
154 77 1.3608319306005874
154 79 4.653078261246447
154 80 3.1754086831604678
154 81 1.6117626003170875
154 82 0.7551045657769413
154 83 0.3218506514105596
154 84 4.081869861223322
154 85 3.4951971929884547
154 86 3.3594465240191167
154 87 64.94143041563913
154 88 0.32328335110711265
154 89 1.9660131495291902
154 90 2.038070189300525
154 91 0.4291275673685661
154 92 1.4725597043761893
154 93 487.8534311082816
154 94 1.7032866129788369
154 95 0.14476839603965522
154 96 11.257280080818806
154 97 2.1072231875374348
154 98 0.1390461249117777
154 99 3.8495063287460347
154 100 0.21646852065417213
154 101 2.8709160884223652
154 102 4.459123130312957
154 103 3.2487045202340825
154 104 2.0673537397990756
154 105 1.4218043667242592
154 106 10.6854775976224
154 107 0.7337500624279997
154 108 2.7601896425196184
154 109 2.7723875051224005
154 110 1.2248219511090965
154 111 4.424256985694511
154 112 13.072407632717683
154 113 0.3724572070327941
154 114 10.930593856264732
154 115 8.122670921342626
154 116 2.9558527897885822
154 117 0.045912652242945974
154 118 0.39335412162747463
154 119 0.05687089359880147
154 120 2.5473181422786135
154 121 0.7412018908548291
154 122 4229302.151660937
154 123 1.4601239678644782
154 124 1.559186310913261
154 125 552609.555606374
154 126 0.1501111781424064
154 127 32.11477584519741
154 128 0.7358779193609291
154 129 9.113123470932795
154 130 7.7318058228904665
154 131 0.42079256606603416
154 132 2.945883520351547
154 133 16.96709806952498
154 134 9129785.91139609
154 135 0.6005580234881128
154 136 2.1214054956855133
154 137 15.586444839238412
154 138 1.531798094438828
154 139 6.172640594495977
154 140 0.5827697350446394
154 141 7.776220352770465
154 142 60042.320684152364
154 143 4816525.869558553
154 144 2.6760329197984642
154 145 0.46609920338812716
154 146 0.4183935633827051
154 147 2.982965072527613
154 148 0.15744414994289
154 149 0.14554502691373358
154 150 5.027966555116668
154 151 33.20533976531997
154 152 15727959.213930832
154 153 17.457249097900924
154 155 0.6513567773277268
154 156 2.411335778835818
154 157 9.157732517627245
154 158 5.138535456780792
154 159 1.8339446242116313
154 160 3216937.7206161623
154 161 1.1978962316725081
155 6 2.6147858885575377
155 7 0.9077080348937117
155 9 0.33327549002087214
155 14 0.11309091941266637
155 21 0.1556874758111227
155 22 0.7158570212460436
155 23 2.9182612449452825
155 26 0.5996128044104831
155 31 0.43613537880136455
155 38 4.1828476757462685
155 40 1.0118818023171605
155 49 0.1477383808754831
155 50 0.7192310489254596
155 51 0.11194838926166144
155 53 2.815027770691762
155 54 2.647678535591587
155 63 0.5527561465002201
155 64 0.577068143829755
155 65 0.9971507679037777
155 67 0.3533281507447839
155 68 0.05822009135896454
155 71 0.3702763718308011
155 72 1.5347230533428047
155 74 5.126567791665682
155 79 0.5890984038046448
155 83 0.5092878916374896
155 84 0.8439808578864116
155 87 0.7585083429142008
155 89 1.2062873826158538
155 93 0.8730840323405336
155 94 0.3610175709267542
155 97 1.4182589163512633
155 101 1.0215790695982996
155 102 0.6042078970420178
155 106 0.37600699903576135
155 114 0.28476932166640045
155 115 1.3283908971034093
155 117 0.22284228705409095
155 129 0.09997960027346406
155 130 1.006167660120131
155 131 0.14793437188575315
155 133 0.6365902281764341
155 135 0.4105671329303641
155 137 1.4528471127860403
155 138 1.2438186381445677
155 139 0.3929696998405459
155 141 0.6997651489525037
155 142 0.05440669466852472
155 145 1.531046177466997
155 146 0.11220756029531233
155 147 2.014044166855468
155 149 0.5347175311071967
155 151 0.2231660498414455
155 152 1.7189119567372162
155 154 1.2221021436226869
155 158 0.2890669941591798
156 7 1.0938337228819706
156 14 0.42274044816585254
156 19 0.7188199953149362
156 26 0.4891482245007177
156 31 1.474025867855318
156 32 2.540444490286311
156 38 5.13386193358651
156 51 0.13236370915482817
156 52 6.942841828009529
156 54 6.440876550651095
156 56 3.7696893099424345
156 64 4.667686809612761
156 67 3.6748783548209816
156 70 0.17595348383746262
156 72 1.7452751980352397
156 74 3.1926403309309874
156 79 0.3259335753181902
156 89 0.11916346718576058
156 98 0.737178294057063
156 101 0.5222441845837751
156 102 0.03272440870320978
156 105 7.872707300526658
156 118 0.04460708400745561
156 130 2.216748901132336
156 131 2.1837387678052234
156 133 0.32148340252838215
156 137 2.1532033267247424
156 138 0.01502325923002559
156 142 2.4272922791731597
156 145 0.3933442330828201
156 146 0.8895863767900631
156 152 6.893789591864101
156 154 5.784390750787076
157 0 0.1648277968199856
157 1 1.0929514028760179
157 4 0.02307563786390643
157 6 0.37867022329666405
157 7 2.812779278238389
157 8 3.4134611863521442
157 9 0.10418046789577516
157 14 0.7390271603840549
157 16 0.02423079685279386
157 17 0.38856890826190393
157 18 3.8912726856277082
157 19 0.8354584880968756
157 20 1.1637885688229508
157 21 0.6447165819013825
157 23 7.008977156780578
157 24 2.354389599352026
157 25 1.289111209222497
157 26 5.948356236298605
157 27 0.030086090663850477
157 28 0.5434325128425709
157 30 1.2562584090814268
157 31 0.46951949205299504
157 32 0.778167770252243
157 33 0.45531451497071296
157 34 0.11774552028476046
157 35 1.6329911251428655
157 36 0.2682463054336396
157 37 2.8300584451906805
157 38 0.8957238328776428
157 40 1.187116047633909
157 42 2.6078050093877074
157 43 0.6279364061834212
157 44 2.885723204719603
157 45 1.955075047863461
157 46 1.3263149636734917
157 49 4.167869761845255
157 51 4.61611193683802
157 52 0.7159284268686308
157 53 0.7962277341773335
157 54 0.5583795375805894
157 55 2.5781070453278043
157 56 3.2623411165069798
157 57 4.6487026753825536
157 58 3.2040101008590702
157 59 0.09063258207952904
157 63 0.9625913415857176
157 64 0.76197081233024
157 65 2.213673610258178
157 66 0.1337809183511186
157 67 0.46821984646297626
157 68 3.519170355386504
157 69 4.466944429787397
157 70 3.502587852096833
157 71 1.3247897861524525
157 72 1.066611262038934
157 73 0.5845605232524076
157 74 8.885982429300169
157 75 0.27358330844183226
157 76 0.009366172502988468
157 77 4.066117279682785
157 78 0.5764119631446377
157 79 0.6227191073416813
157 81 0.7710674697529281
157 83 0.4558519361800766
157 84 1.1522890416451597
157 86 0.013898412564932025
157 87 5.732036408260752
157 89 2.1199158972819228
157 91 0.8535130999969016
157 93 1.4850860154861785
157 94 0.10438597846305833
157 97 0.04655557464455071
157 98 0.07778412534602687
157 100 1.8846172196303492
157 101 5.176258248055767
157 102 0.40588221523693624
157 104 0.9815820759942693
157 105 2.0900107805903647
157 106 0.5301739108726895
157 108 1.2159562681922291
157 109 3.3856712565473717
157 112 4.022601479012345
157 113 0.8465534703304479
157 114 2.390483511499368
157 115 3.9896498455530107
157 116 2.9532280176707286
157 118 0.2205711195135652
157 121 0.1856598508505417
157 125 0.26290140249471367
157 126 1.7612662982353977
157 129 1.5900680108236935
157 130 0.13356426138423377
157 131 0.8755792671934884
157 133 1.3098535013838315
157 135 2.395060115764197
157 137 0.8288029208708131
157 138 0.131029168695045
157 139 1.6221851732713557
157 140 0.18326917072109913
157 141 0.22285226211446937
157 142 0.15848792460679154
157 143 4.374414099663546
157 144 2.7733154994004625
157 145 0.12779722255153292
157 146 0.45993747753386316
157 147 1.6315876754470153
157 150 0.2229526496881472
157 151 1.2510947908723038
157 152 2.1213981207285335
157 158 0.758388592394319
157 159 0.02689808355816164
157 160 1.6344579947421538
157 161 0.9379036547392062
158 1 0.7679562429889498
158 3 0.26420841264168626
158 4 1.6065876252940903
158 6 5.666903384908005
158 7 1.7846934326065402
158 8 0.812305729041046
158 9 0.4670022260312588
158 11 0.32886457982218237
158 12 1.6543637349572016
158 14 1.30287042002166
158 16 0.9355974066698287
158 18 0.2881081936600714
158 19 0.5493768037541594
158 21 2.468993684925677
158 22 1.038328585360693
158 25 1.2939724070255647
158 26 0.6910408860448998
158 30 0.6724417746357615
158 31 0.9283705205480804
158 32 0.1760465447631596
158 35 0.09031589222012999
158 36 1.574939673329404
158 37 2.3371665083212094
158 38 1.0332488926678418
158 39 1.3307631118190355
158 40 3.5406844092993977
158 42 1.517928686702825
158 46 3.7288913633462077
158 49 1.2318908701057076
158 50 0.4747379823173677
158 51 0.322950098128891
158 52 1.5470883638175335
158 53 2.6572570274980998
158 54 1.460413598172844
158 55 0.7959547301918413
158 56 0.0348992973991836
158 59 0.03415496084517246
158 63 2.779159817825267
158 64 2.492041303868336
158 65 1.816632657253856
158 66 2.063595018176384
158 67 1.8563020327721278
158 68 4.376112289205001
158 69 0.2936084316324689
158 70 2.0793862349241667
158 72 4.817075252346867
158 73 0.7483273263692888
158 74 1.197251462274697
158 75 0.011230639236812726
158 76 3.767781991749636
158 79 0.4549283917942878
158 83 0.29079109678950676
158 84 0.6925940085471638
158 85 0.436524371988565
158 87 0.6208632428502242
158 89 0.758611428642995
158 93 0.9002625928236184
158 94 0.9329571577592707
158 95 0.25544111985981005
158 96 1.6580467355806616
158 97 2.070163924940382
158 100 0.08014609248031294
158 101 0.8806467069907831
158 102 1.0683888334600298
158 105 0.5964069029544214
158 106 0.15808040395401288
158 107 0.36196197642583705
158 109 3.2794374724287443
158 111 2.6107277136605536
158 113 0.27150107302620985
158 114 2.511802408051757
158 115 1.1240261196898238
158 117 1.2152644583061805
158 118 0.31256256787607506
158 119 0.2692050725732684
158 120 0.8076769788165864
158 126 1.1828577076789137
158 127 3.590571264171908
158 128 0.03715566972378127
158 129 1.7744972390266878
158 131 0.7638786930196588
158 133 3.3936727363148593
158 134 0.22358259409234874
158 135 1.0261818761168606
158 137 0.08776330057055996
158 138 1.5729177959906813
158 141 0.5462906097648533
158 142 0.15146035267861943
158 143 1.9210280340182875
158 145 0.0022670372166202525
158 146 2.675823746467908
158 147 0.1687916267792087
158 149 2.830706116039785
158 150 1.8094844753136452
158 151 4.066469850357159
158 152 3.1520544852595034
158 153 0.9790386641757248
158 154 1.90086263528354
158 155 0.5323032439968658
158 157 1.9841354900986585
158 159 0.4272773327456863
158 161 0.7235919946578361
159 4 0.13381941192329297
159 7 0.9242433677870647
159 11 0.05494309402144513
159 14 0.36782646736529967
159 19 0.04457896975941289
159 21 1.58166422827451
159 26 0.7221352408078663
159 27 1.51780107181427
159 31 0.9407782578842799
159 32 0.8439778032843195
159 35 0.23193937611481583
159 37 1.1414785417464395
159 38 1.6521848473100125
159 40 3.047919205625198
159 42 0.5726966267645187
159 49 1.1056841318796853
159 50 0.07082937928958835
159 51 0.7536516262420367
159 54 0.11988229642336903
159 55 1.7398236204513815
159 56 2.3013754917473
159 57 0.17978180955002734
159 59 0.31932681077168296
159 64 0.22450113274849015
159 66 0.027422052009147983
159 68 1.6538934112917607
159 70 0.7656011832491247
159 71 0.5743554118338972
159 72 0.6691892488881053
159 73 0.0135551439504083
159 74 0.616960814313188
159 79 0.9316681276573798
159 89 0.6279091819325402
159 91 2.368739153444741
159 94 1.044001026728621
159 96 2.221814957393955
159 101 0.06846178914438604
159 103 0.12234843071387241
159 104 3.6512849404807115
159 105 0.4775520720600021
159 106 2.407432825867506
159 110 0.5532333474029312
159 112 0.051060827467226504
159 113 0.13994136416423175
159 114 0.5958779920409404
159 115 0.21982074105065802
159 117 1.0094662847742137
159 118 1.6120920178955638
159 121 0.18264828223268606
159 129 0.5462332121800771
159 130 0.18390460617740956
159 131 0.11925803044463314
159 133 0.24826228233844275
159 135 0.5980149244225894
159 137 1.712154019889547
159 138 0.5613291239753314
159 142 2.0211538465022825
159 143 1.3129935845891934
159 147 0.8505916913428255
159 152 0.2201678416350573
159 154 0.9642080626682535
160 6 1.464193570721391
160 7 1.3103424724610426
160 10 1.3961647036527869
160 11 0.824362000758659
160 14 0.23242549929438658
160 15 0.026314159165409207
160 19 0.6128502290146897
160 21 2.2050497924400396
160 22 1.2377072570428052
160 25 0.8843827689284585
160 26 2.661253997466448
160 28 0.9559380455444416
160 30 1.4969124802161904
160 31 1.0235929517729556
160 32 0.39369321738337754
160 36 0.19257452451561274
160 37 1.1326665632495108
160 38 0.5625743548067664
160 40 0.9440407288875968
160 42 0.718797276370589
160 45 1.0453325782046623
160 46 0.3085216019046323
160 49 1.4545984949906359
160 51 1.4671102894963581
160 54 1.2467422084961288
160 55 0.3300968155109767
160 56 0.1454077779529775
160 64 1.3480415925309421
160 65 1.2828849509417228
160 67 0.45211198188776364
160 68 3.5566399848065893
160 70 0.7604799018698118
160 71 0.3626971278842571
160 72 0.8483872602118652
160 74 0.1306713065910206
160 77 1.3721146893462492
160 79 0.20319549456030744
160 80 0.5246663724132536
160 84 0.32102687334565294
160 87 0.36238882026796665
160 89 1.0502944275642336
160 94 0.44938307755533485
160 96 0.38012853661127977
160 101 0.10023945529036904
160 102 0.6850821807521936
160 103 0.2833425197844054
160 104 0.3744433277848023
160 105 0.8653632299745343
160 106 0.4213125219040047
160 113 0.9308396449210424
160 114 0.41385119185417574
160 115 3.0033645584888347
160 116 0.35428962045701623
160 117 0.8573924364337644
160 118 0.4236344856346815
160 128 0.6589533200276223
160 130 4.030346603741259
160 131 0.08830839357014161
160 133 1.0831550491907709
160 135 1.8515762836831875
160 137 1.4650504749766613
160 138 0.7653283717879655
160 139 0.377584289563553
160 142 0.07165814937677105
160 143 0.747366275903811
160 147 0.7473787562930978
160 149 0.4963324288646397
160 150 1.7910673838431057
160 152 0.45482784133960963
160 154 2.0176163992479026
160 159 0.34924230798735184
161 1 1.0062811736145516
161 4 1.0252269552116737
161 5 0.06591504213369508
161 6 0.44504321923147666
161 7 0.6164271115957327
161 8 0.029317311551747955
161 9 0.5882434614307224
161 12 1.2365545313409163
161 14 0.519850786134095
161 15 1.5958241436007419
161 18 0.29252562832074797
161 19 0.9633637122679095
161 21 0.3082077763726976
161 23 0.7903265822036889
161 25 0.38957029471519766
161 26 0.2753729464829716
161 27 0.0663629242527505
161 30 6.520553143097774
161 31 0.18346576938537593
161 32 0.45170151473478626
161 36 1.423626929286975
161 38 0.06570615505188274
161 40 0.6059008177458719
161 44 1.4828772328804944
161 45 1.060488035022068
161 46 2.333377204702599
161 49 0.7643340985662239
161 50 0.047544244699034
161 51 0.1060723702623383
161 54 0.07168008495211878
161 56 0.48228533228535486
161 57 1.4664664934645109
161 59 0.04509676674617514
161 63 3.979990708198425
161 64 3.1742358979535887
161 65 0.388104789673604
161 66 0.33085518622249166
161 67 0.07002251007731139
161 68 0.003682406281991753
161 70 1.1173013673878913
161 71 1.7131542453563606
161 72 0.9495447364656402
161 73 0.3513835899648493
161 74 0.24874052257615922
161 76 0.7646835625111597
161 77 0.2621434040753519
161 79 1.0351875161320787
161 80 0.33114539155597816
161 84 0.08341532176643265
161 86 0.10178683110656063
161 89 0.2667064451634267
161 90 2.2092437050156373
161 91 0.10759192699787312
161 93 0.12188904729873598
161 94 0.4439438997046974
161 95 0.21810286509119986
161 96 0.2724965354396806
161 97 0.4904633970746537
161 101 1.1011230397112206
161 102 1.649322907991867
161 105 0.39959822411841106
161 106 1.1820738309973247
161 109 0.04635768349764294
161 111 0.7778044529437224
161 112 1.1242917473206646
161 113 0.3261330633468597
161 114 3.424855431170553
161 115 0.04839380470314247
161 117 0.14941399045198547
161 118 1.3460012178711223
161 119 0.23583105400152532
161 121 0.20465811656815416
161 126 0.502965487634031
161 127 0.5933903261984232
161 129 0.388823697254613
161 130 0.22052412095549387
161 131 3.268430444792821
161 133 1.8249010765105234
161 137 0.018906834656911377
161 138 0.18638008319385455
161 139 0.2607712564334658
161 141 0.7538082735866318
161 142 0.45223142162772584
161 145 0.35822389328254844
161 146 0.059700920691198145
161 147 0.05316780333787451
161 148 0.8430177471281469
161 149 0.15407581645110918
161 150 1.6731867966071075
161 152 1.956638754747591
161 154 0.005143952807327457
161 157 2.071937725321391
161 158 0.3582790105222066
